annee;hosts;region;sport;secteur;ligue;division;categorie;sexe;nb_equipes;rseq_matchs;rseq_reg;rseq_post;rseq_pre;rseq_champ;base_matchs;base_sans_equipe;menu;couples;id
2025 - 2026;s1;Abitibi-Témiscamingue;Athlétisme;Secondaire;Athlétisme B F D3;D3;Benjamin;Féminin;6;0;0;0;0;0;0;;oui;s1:0x0;307e2951-a607-494e-a959-5d5ce633a7ce
2025 - 2026;s1;Abitibi-Témiscamingue;Athlétisme;Secondaire;Athlétisme B M D3;D3;Benjamin;Masculin;5;0;0;0;0;0;0;;oui;s1:0x0;db144f85-f079-41f1-9652-151ef0772910
2025 - 2026;s1;Abitibi-Témiscamingue;Athlétisme;Secondaire;Athlétisme C F D3;D3;Cadet;Féminin;8;0;0;0;0;0;0;;oui;s1:0x0;3c55b813-97d4-4288-8a7c-0077137cd1ab
2025 - 2026;s1;Abitibi-Témiscamingue;Athlétisme;Secondaire;Athlétisme C M D3;D3;Cadet;Masculin;7;0;0;0;0;0;0;;oui;s1:0x0;24a4e2fc-c579-4045-924e-2d405b649e59
2025 - 2026;s1;Abitibi-Témiscamingue;Athlétisme;Secondaire;Athlétisme J F D3;D3;Juvénile;Féminin;6;0;0;0;0;0;0;;oui;s1:0x0;90a05136-053e-4089-bfea-aec98965e8ba
2025 - 2026;s1;Abitibi-Témiscamingue;Athlétisme;Secondaire;Athlétisme J M D3;D3;Juvénile;Masculin;8;0;0;0;0;0;0;;oui;s1:0x0;c7792992-3461-4380-bb67-2a00f331e56f
2025 - 2026;s1;Abitibi-Témiscamingue;Badminton;Secondaire;Badminton B F D3;D3;Benjamin;Féminin;9;0;0;0;0;0;0;;oui;s1:0x18;bdd9f9fc-7040-457b-97f4-84ebef0757ce
2025 - 2026;s1;Abitibi-Témiscamingue;Badminton;Secondaire;Badminton B M D3;D3;Benjamin;Masculin;11;0;0;0;0;0;0;;oui;s1:0x18;e7aa4848-6508-40fe-9c9d-4d6a5a885a5d
2025 - 2026;s1;Abitibi-Témiscamingue;Badminton;Secondaire;Badminton C F D3;D3;Cadet;Féminin;10;0;0;0;0;0;0;;oui;s1:0x18;6b1f380e-bf4d-4600-85dd-430b6eb2a819
2025 - 2026;s1;Abitibi-Témiscamingue;Badminton;Secondaire;Badminton C M D3;D3;Cadet;Masculin;9;0;0;0;0;0;0;;oui;s1:0x18;4ecff0b9-dfe8-4fae-9659-66733cb30739
2025 - 2026;s1;Abitibi-Témiscamingue;Badminton;Secondaire;Badminton J F D3;D3;Juvénile;Féminin;9;0;0;0;0;0;0;;oui;s1:0x18;95e19cfa-3d2e-4c81-8dde-8ec8521e87eb
2025 - 2026;s1;Abitibi-Témiscamingue;Badminton;Secondaire;Badminton J M D3;D3;Juvénile;Masculin;9;0;0;0;0;0;0;;oui;s1:0x18;75ba25ba-0caf-466f-af1d-8fa158e725f1
2025 - 2026;s1;Abitibi-Témiscamingue;Badminton;Primaire;Badminton M F D3;D3;Moustique;Féminin;5;;;;;;0;;oui;s1:0x18;8cb5ecd3-30d3-40b6-aba9-964d54027423
2025 - 2026;s1;Abitibi-Témiscamingue;Badminton;Primaire;Badminton M M D3;D3;Moustique;Masculin;6;;;;;;0;;oui;s1:0x18;3a4bb895-2426-4531-856b-67faaf200738
2025 - 2026;diffusion+s1;Abitibi-Témiscamingue;Basketball;Secondaire;Basketball B F D3;D3;Benjamin;Féminin;3;;;;;;20;;oui;d:0x1 s1:0x1;0a366c69-a596-4e6e-9d83-a7c95abc1d78
2025 - 2026;s1;Abitibi-Témiscamingue;Basketball;Secondaire;Basketball B F D3 CRS;D3;Benjamin;Féminin;4;4;0;4;0;0;0;;oui;s1:0x1;152bf00d-b8ac-46c2-89a2-4178bb114b61
2025 - 2026;diffusion+s1;Abitibi-Témiscamingue;Basketball;Secondaire;Basketball B F D4 Section 1;D4;Benjamin;Féminin;3;;;;;;14;;oui;d:0x1 s1:0x1;cb80437c-ed8a-4833-9d58-b1e8a5a93bf8
2025 - 2026;diffusion+s1;Abitibi-Témiscamingue;Basketball;Secondaire;Basketball B M D3;D3;Benjamin;Masculin;4;;;;;;9;;oui;d:0x1 s1:0x1;903e18e5-c150-41b1-a7a6-2604098870e1
2025 - 2026;s1;Abitibi-Témiscamingue;Basketball;Secondaire;Basketball B M D3 CRS;D3;Benjamin;Masculin;4;4;0;4;0;0;0;;oui;s1:0x1;f3bdd7e7-b9a7-4883-a47f-c3f43105564d
2025 - 2026;diffusion+s1;Abitibi-Témiscamingue;Basketball;Secondaire;Basketball B M D4 Section 1;D4;Benjamin;Masculin;5;;;;;;21;;oui;d:0x1 s1:0x1;a7fde4cd-3959-442b-b7c3-e147aafe8201
2025 - 2026;diffusion+s1;Abitibi-Témiscamingue;Basketball;Secondaire;Basketball B M D4 Section 2;D4;Benjamin;Masculin;5;;;;;;20;;oui;d:0x1 s1:0x1;7444863c-3000-4cdc-9247-97f0922f27cb
2025 - 2026;diffusion+s1;Abitibi-Témiscamingue;Basketball;Secondaire;Basketball B M D4 Section 3;D4;Benjamin;Masculin;4;;;;;;16;;oui;d:0x1 s1:0x1;c349244b-b7cc-4653-bf91-aadf0dab8d37
2025 - 2026;diffusion+s1;Abitibi-Témiscamingue;Basketball;Secondaire;Basketball C F D3;D3;Cadet;Féminin;3;;;;;;14;;oui;d:0x1 s1:0x1;2e6d26de-becc-48d1-96f2-3ac270e6ecf6
2025 - 2026;s1;Abitibi-Témiscamingue;Basketball;Secondaire;Basketball C F D3 CRS;D3;Cadet;Féminin;3;3;0;3;0;0;0;;oui;s1:0x1;8d19a583-6d88-414c-925b-f68ce9a94a25
2025 - 2026;diffusion+s1;Abitibi-Témiscamingue;Basketball;Secondaire;Basketball C M D3;D3;Cadet;Masculin;4;;;;;;20;;oui;d:0x1 s1:0x1;e8d2bbd3-f1d9-40ba-a0b0-c92af797c90e
2025 - 2026;s1;Abitibi-Témiscamingue;Basketball;Secondaire;Basketball C M D3 CRS;D3;Cadet;Masculin;4;4;0;4;0;0;0;;oui;s1:0x1;1c9d12b0-4d6d-4758-ac10-df19d7389398
2025 - 2026;diffusion+s1;Abitibi-Témiscamingue;Basketball;Secondaire;Basketball C M D4 Section 1;D4;Cadet;Masculin;4;;;;;;16;;oui;d:0x1 s1:0x1;af26763a-3de1-4360-8291-49e40ec1346d
2025 - 2026;diffusion+s1;Abitibi-Témiscamingue;Basketball;Secondaire;Basketball C M D4 Section 2;D4;Cadet;Masculin;3;;;;;;11;;oui;d:0x1 s1:0x1;effe434c-007e-4456-bd56-5b05e19e6296
2025 - 2026;diffusion+s1;Abitibi-Témiscamingue;Basketball;Secondaire;Basketball J F D3;D3;Juvénile;Féminin;4;;;;;;20;;oui;d:0x1 s1:0x1;6d160ef2-b700-4cc1-adb8-7934268c5cb1
2025 - 2026;s1;Abitibi-Témiscamingue;Basketball;Secondaire;Basketball J F D3 CRS;D3;Juvénile;Féminin;4;4;0;4;0;0;0;;oui;s1:0x1;d6a60c2f-2510-4399-bad6-690fd06487c1
2025 - 2026;diffusion+s1;Abitibi-Témiscamingue;Basketball;Secondaire;Basketball J F D4;D4;Juvénile;Féminin;3;;;;;;12;;oui;d:0x1 s1:0x1;e4ed75fa-d2dd-42e4-8c58-633e87a001b7
2025 - 2026;diffusion+s1;Abitibi-Témiscamingue;Basketball;Secondaire;Basketball J M D3;D3;Juvénile;Masculin;5;;;;;;28;;oui;d:0x1 s1:0x1;42f7bf3a-f7ee-4d1a-aad6-38ded5bda2c6
2025 - 2026;s1;Abitibi-Témiscamingue;Basketball;Secondaire;Basketball J M D3 CRS;D3;Juvénile;Masculin;4;4;0;4;0;0;0;;oui;s1:0x1;1ddcbf7f-ad73-4dc1-9b12-ad5bb73f468d
2025 - 2026;diffusion+s1;Abitibi-Témiscamingue;Basketball;Secondaire;Basketball J M D4 Section 1;D4;Juvénile;Masculin;6;;;;;;26;;oui;d:0x1 s1:0x1;3c4538c0-5aeb-425d-82b7-7d90734f3564
2025 - 2026;diffusion+s1;Abitibi-Témiscamingue;Basketball;Secondaire;Basketball J M D4 Section 2;D4;Juvénile;Masculin;5;;;;;;22;;oui;d:0x1 s1:0x1;1d605b23-1512-477d-ab15-f073beb8c4d0
2025 - 2026;diffusion+s1;Abitibi-Témiscamingue;Basketball;Primaire;Basketball M F D4 section 1;D4;Moustique;Féminin;4;;;;;;16;;oui;d:0x1 s1:0x1;ce2f6a0d-461d-4e4a-b7c2-e9c90c58d9f9
2025 - 2026;diffusion+s1;Abitibi-Témiscamingue;Basketball;Primaire;Basketball M F D4 Section 2;D4;Moustique;Féminin;3;;;;;;12;;oui;d:0x1 s1:0x1;b4ccb979-7262-426d-b78d-c433ee5aa5cd
2025 - 2026;diffusion+s1;Abitibi-Témiscamingue;Basketball;Primaire;Basketball M M D4 Section 1;D4;Moustique;Masculin;4;;;;;;20;;oui;d:0x1 s1:0x1;46a1f283-ffe8-4082-80b9-bea3f01c0ac9
2025 - 2026;diffusion+s1;Abitibi-Témiscamingue;Basketball;Primaire;Basketball M M D4 Section 2;D4;Moustique;Masculin;4;;;;;;17;;oui;d:0x1 s1:0x1;219a45da-68a1-4b4d-814e-ffa8cccd3e1f
2025 - 2026;diffusion+s1;Abitibi-Témiscamingue;Basketball;Primaire;Basketball M M D4 Section 3;D4;Moustique;Masculin;4;;;;;;16;;oui;d:0x1 s1:0x1;fcfbd3bb-9b18-44fb-8886-7403da20fdc3
2025 - 2026;s1;Abitibi-Témiscamingue;Cheerleading;Secondaire;Cheerleading B F D3 Niveau 2;D3;Benjamin;Féminin;1;0;0;0;0;0;0;;oui;s1:0x2;e26a6a94-e365-4e5e-8876-96557219c8a8
2025 - 2026;s1;Abitibi-Témiscamingue;Cheerleading;Primaire;Cheerleading M U D4 Niveau 1;D4;Moustique;Mixte;2;;;;;;0;;oui;s1:0x2;c8ae739c-d950-4b61-9a9e-455880fcc171
2025 - 2026;s1;Abitibi-Témiscamingue;Cheerleading;Secondaire;Cheerleading O U D3 Niveau 1;D3;Ouvert;Mixte;2;0;0;0;0;0;0;;oui;s1:0x2;191ecfe6-f465-4716-845a-fc9a0aa81015
2025 - 2026;s1;Abitibi-Témiscamingue;Cheerleading;Secondaire;Cheerleading O U D3 Niveau 2;D3;Ouvert;Mixte;4;0;0;0;0;0;0;;oui;s1:0x2;27353e79-290e-4cb1-86fb-f33babbb3e6d
2025 - 2026;s1;Abitibi-Témiscamingue;Cross-country;Secondaire;Cross-country B F D3;D3;Benjamin;Féminin;7;0;0;0;0;0;0;;oui;s1:0x3;34e7e655-24b5-4bfa-ace5-4c265eb0bbab
2025 - 2026;s1;Abitibi-Témiscamingue;Cross-country;Secondaire;Cross-country B M D3;D3;Benjamin;Masculin;10;0;0;0;0;0;0;;oui;s1:0x3;5e7dfb59-9165-447a-b405-07b6ef6d5377
2025 - 2026;s1;Abitibi-Témiscamingue;Cross-country;Secondaire;Cross-country C F D3;D3;Cadet;Féminin;7;0;0;0;0;0;0;;oui;s1:0x3;13ef3057-c402-42a3-92b6-5b2a331ccd78
2025 - 2026;s1;Abitibi-Témiscamingue;Cross-country;Secondaire;Cross-country C M D3;D3;Cadet;Masculin;7;0;0;0;0;0;0;;oui;s1:0x3;0e112258-99dd-4143-bd50-ebf7fd3a3063
2025 - 2026;s1;Abitibi-Témiscamingue;Cross-country;Secondaire;Cross-country J F D3;D3;Juvénile;Féminin;7;0;0;0;0;0;0;;oui;s1:0x3;a55cd1db-cc67-42ae-b5b0-3cb0bbeec9cf
2025 - 2026;s1;Abitibi-Témiscamingue;Cross-country;Secondaire;Cross-country J M D3;D3;Juvénile;Masculin;7;0;0;0;0;0;0;;oui;s1:0x3;bc593b69-dc96-4feb-95e5-d8f504203638
2025 - 2026;s1;Abitibi-Témiscamingue;Cross-country;Primaire;Cross-country M F D3;D3;Moustique;Féminin;8;;;;;;0;;oui;s1:0x3;4dc44a4b-d6b6-4e71-94ef-606b6b64db4b
2025 - 2026;s1;Abitibi-Témiscamingue;Cross-country;Primaire;Cross-country M M D3;D3;Moustique;Masculin;7;;;;;;0;;oui;s1:0x3;ef9e04ea-77e2-4390-9fd6-cbf9e136b3d0
2025 - 2026;s1;Abitibi-Témiscamingue;Futsal;Secondaire;Futsal B M D3;D3;Benjamin;Masculin;2;1;0;1;0;0;0;;oui;s1:0x30;adac2212-1936-4feb-a9ca-824ffdbc5503
2025 - 2026;s1;Abitibi-Témiscamingue;Futsal;Secondaire;Futsal C F D3;D3;Cadet;Féminin;1;0;0;0;0;0;0;;oui;s1:0x30;b4ed5ba4-cd42-4d7e-aee8-cd926e97d571
2025 - 2026;s1;Abitibi-Témiscamingue;Futsal;Secondaire;Futsal C M D3;D3;Cadet;Masculin;1;0;0;0;0;0;0;;oui;s1:0x30;e86a6907-8635-448b-b8d9-5ba236d2dd1f
2025 - 2026;s1;Abitibi-Témiscamingue;Futsal;Secondaire;Futsal J F D3;D3;Juvénile;Féminin;1;0;0;0;0;0;0;;oui;s1:0x30;0e5d4df0-b068-4512-8c3a-a723cb8480c8
2025 - 2026;s1;Abitibi-Témiscamingue;Futsal;Secondaire;Futsal J M D3;D3;Juvénile;Masculin;2;0;0;0;0;1;0;;oui;s1:0x30;d84f56b7-ef79-419b-8e17-2f998507150b
2025 - 2026;s1;Abitibi-Témiscamingue;Ultimate;Secondaire;Ultimate B U D3;D3;Benjamin;Mixte;4;0;0;0;0;0;0;;oui;s1:0x25;c9302c83-973b-4e3e-a4ef-d90d064f9183
2025 - 2026;s1;Abitibi-Témiscamingue;Ultimate;Secondaire;Ultimate J U D3;D3;Juvénile;Mixte;5;0;0;0;0;0;0;;oui;s1:0x25;09d68dfb-85da-4833-a3c2-7364fafed59d
2025 - 2026;s1;Abitibi-Témiscamingue;Ultimate;Secondaire;Ultimate O U D3 cadet-juvénile 5 x 5;D3;Ouvert;Mixte;4;0;0;0;0;0;0;;oui;s1:0x25;bf82e815-8b34-488d-8839-fc32d67a9c75
2025 - 2026;diffusion+s1;Abitibi-Témiscamingue;Volleyball;Secondaire;Volleyball B F D3;D3;Benjamin;Féminin;27;0;0;0;0;0;0;;oui;d:0x16 s1:0x16;4b06310e-4e6b-430c-bf3b-9fa532619b58
2025 - 2026;diffusion+s1;Abitibi-Témiscamingue;Volleyball;Secondaire;Volleyball B F D3 CRS;D3;Benjamin;Féminin;4;0;0;0;0;2;0;;oui;d:0x16 s1:0x16;990c081c-a786-4e00-b0c0-4bac84e6e5ab
2025 - 2026;s1;Abitibi-Témiscamingue;Volleyball;Secondaire;Volleyball B F D4 barrage;D4;Benjamin;Féminin;2;0;0;0;0;0;0;;oui;s1:0x16;b8df8891-b53b-40b9-95b2-b9cd3e344ac9
2025 - 2026;s1;Abitibi-Témiscamingue;Volleyball;Secondaire;Volleyball B F D4 CRS;D4;Benjamin;Féminin;4;0;0;0;0;2;0;;oui;s1:0x16;6271d00c-f7e9-493a-98e5-63cd4f712101
2025 - 2026;diffusion+s1;Abitibi-Témiscamingue;Volleyball;Secondaire;Volleyball B M D3 CRS;D3;Benjamin;Masculin;3;0;0;0;0;1;0;;oui;d:0x16 s1:0x16;c8174ec4-e2c2-47fb-ad54-fe76451e7e49
2025 - 2026;diffusion+s1;Abitibi-Témiscamingue;Volleyball;Secondaire;Volleyball C F D3;D3;Cadet;Féminin;27;0;0;0;0;0;0;;oui;d:0x16 s1:0x16;77d294d9-d4ae-4d61-92b4-c229d11984f3
2025 - 2026;diffusion+s1;Abitibi-Témiscamingue;Volleyball;Secondaire;Volleyball C F D3 Barrage;D3;Cadet;Féminin;4;;;;;;2;;oui;d:0x16 s1:0x16;b07a5f3d-b231-4143-9a5a-55d7c4e08a38
2025 - 2026;diffusion+s1;Abitibi-Témiscamingue;Volleyball;Secondaire;Volleyball C F D3 CRS;D3;Cadet;Féminin;4;0;0;0;0;2;0;;oui;d:0x16 s1:0x16;0d473802-ebec-46c1-8113-7caed4826082
2025 - 2026;s1;Abitibi-Témiscamingue;Volleyball;Secondaire;Volleyball C F D4 CRS;D4;Cadet;Féminin;4;0;0;0;0;2;0;;oui;s1:0x16;2e28522e-7c24-43cd-9241-c3e3d0edb36f
2025 - 2026;s1;Abitibi-Témiscamingue;Volleyball;Secondaire;Volleyball C M D3;D3;Cadet;Masculin;1;0;0;0;0;0;0;;oui;s1:0x16;aecb8a72-3b24-4c3d-ba8a-460215fb8dac
2025 - 2026;diffusion+s1;Abitibi-Témiscamingue;Volleyball;Secondaire;Volleyball C M D3 CRS;D3;Cadet;Masculin;4;0;0;0;0;2;0;;oui;d:0x16 s1:0x16;0223f1e4-7b9a-43f0-8225-66ad5b7d5c62
2025 - 2026;diffusion+s1;Abitibi-Témiscamingue;Volleyball;Secondaire;Volleyball J F D3;D3;Juvénile;Féminin;12;0;0;0;0;0;0;;oui;d:0x16 s1:0x16;4feeb955-e51b-4b9a-8aef-28a12869f1b5
2025 - 2026;diffusion+s1;Abitibi-Témiscamingue;Volleyball;Secondaire;Volleyball J F D3 CRS;D3;Juvénile;Féminin;4;0;0;0;0;2;0;;oui;d:0x16 s1:0x16;14e03dbf-d8c6-40d1-8c18-3e68767b4bd7
2025 - 2026;diffusion+s1;Abitibi-Témiscamingue;Volleyball;Secondaire;Volleyball J M D3;D3;Juvénile;Masculin;9;0;0;0;0;0;0;;oui;d:0x16 s1:0x16;4b8744d1-4c0b-4b6a-83ba-796736f3b130
2025 - 2026;diffusion+s1;Abitibi-Témiscamingue;Volleyball;Secondaire;Volleyball J M D3 CRS;D3;Juvénile;Masculin;3;0;0;0;0;1;0;;oui;d:0x16 s1:0x16;24bb59a0-19a9-4099-8aab-4165e55b97ff
2025 - 2026;s1;Cantons-de-l'Est;Athlétisme;Secondaire;Athlétisme B F D3 en salle;D3;Benjamin;Féminin;4;0;0;0;0;0;0;;oui;s1:1x0;e29940a8-c1fa-4247-841f-3d729dc76839
2025 - 2026;s1;Cantons-de-l'Est;Athlétisme;Secondaire;Athlétisme B F D3 Extérieur;D3;Benjamin;Féminin;10;0;0;0;0;0;0;;oui;s1:1x0;7335be67-39b3-4b35-9a04-d8a8fcada44e
2025 - 2026;s1;Cantons-de-l'Est;Athlétisme;Secondaire;Athlétisme B M D3 en salle;D3;Benjamin;Masculin;4;0;0;0;0;0;0;;oui;s1:1x0;2a770be3-c82a-4c35-80c9-8dd66a05cf1b
2025 - 2026;s1;Cantons-de-l'Est;Athlétisme;Secondaire;Athlétisme B M D3 Extérieur;D3;Benjamin;Masculin;9;0;0;0;0;0;0;;oui;s1:1x0;11ff1f5f-c8b7-4449-8088-12aeaf832848
2025 - 2026;s1;Cantons-de-l'Est;Athlétisme;Secondaire;Athlétisme C F D3 en salle;D3;Cadet;Féminin;11;0;0;0;0;0;0;;oui;s1:1x0;d2d218df-13e7-40ac-80f8-ad72980616f4
2025 - 2026;s1;Cantons-de-l'Est;Athlétisme;Secondaire;Athlétisme C F D3 Extérieur;D3;Cadet;Féminin;13;0;0;0;0;0;0;;oui;s1:1x0;789ddcea-21a8-442b-92e0-bcde1cd4600d
2025 - 2026;s1;Cantons-de-l'Est;Athlétisme;Secondaire;Athlétisme C M D3 en salle;D3;Cadet;Masculin;6;0;0;0;0;0;0;;oui;s1:1x0;13563b46-65fd-430b-ac46-fbc791f21a45
2025 - 2026;s1;Cantons-de-l'Est;Athlétisme;Secondaire;Athlétisme C M D3 Extérieur;D3;Cadet;Masculin;13;0;0;0;0;0;0;;oui;s1:1x0;2b450cc8-d607-4dc3-9e40-95be47885cb3
2025 - 2026;s1;Cantons-de-l'Est;Athlétisme;Secondaire;Athlétisme J F D3 en salle;D3;Juvénile;Féminin;10;0;0;0;0;0;0;;oui;s1:1x0;b249bd10-4c7c-4af6-a1ec-b168b7afa8cc
2025 - 2026;s1;Cantons-de-l'Est;Athlétisme;Secondaire;Athlétisme J F D3 Extérieur;D3;Juvénile;Féminin;12;0;0;0;0;0;0;;oui;s1:1x0;a551c380-e119-43d6-ae8d-beb675a80f69
2025 - 2026;s1;Cantons-de-l'Est;Athlétisme;Secondaire;Athlétisme J M D3 en salle;D3;Juvénile;Masculin;11;0;0;0;0;0;0;;oui;s1:1x0;559e0a29-cd01-4cab-ac37-d604aaefe976
2025 - 2026;s1;Cantons-de-l'Est;Athlétisme;Secondaire;Athlétisme J M D3 Extérieur;D3;Juvénile;Masculin;16;0;0;0;0;0;0;;oui;s1:1x0;07ac7f56-d78f-4c47-8de6-7dd3367a6a2f
2025 - 2026;s1;Cantons-de-l'Est;Badminton;Secondaire;Badminton B U D3;D3;Benjamin;Mixte;20;0;0;0;0;0;0;;oui;s1:1x18;aaa91d7a-c208-424a-a736-c6140422cdb2
2025 - 2026;s1;Cantons-de-l'Est;Badminton;Secondaire;Badminton C U D3;D3;Cadet;Mixte;20;0;0;0;0;0;0;;oui;s1:1x18;aa68d53d-70b2-4b02-9126-998029a6466d
2025 - 2026;s1;Cantons-de-l'Est;Badminton;Secondaire;Badminton J U D3;D3;Juvénile;Mixte;16;0;0;0;0;0;0;;oui;s1:1x18;b43c2c7b-01bc-4a26-afab-18f9f98880ec
2025 - 2026;diffusion+s1;Cantons-de-l'Est;Basketball;Secondaire;Basketball A M D3;D3;Atome;Masculin;7;;;;;;46;;oui;d:1x1 s1:1x1;89527cca-c78e-46b1-986b-b21df425554c
2025 - 2026;diffusion+s1;Cantons-de-l'Est;Basketball;Secondaire;Basketball A M D4 Section A;D4;Atome;Masculin;5;;;;;;56;;oui;d:1x1 s1:1x1;9dbc4fae-5191-47e3-a1a7-0444859f456a
2025 - 2026;diffusion+s1;Cantons-de-l'Est;Basketball;Secondaire;Basketball A M D4 Section B;D4;Atome;Masculin;4;56;52;4;0;0;0;;oui;d:1x1 s1:1x1;c43e8c5d-4993-467c-9b75-6ecfa5eaa7fa
2025 - 2026;diffusion+s1;Cantons-de-l'Est;Basketball;Secondaire;Basketball B F D3;D3;Benjamin;Féminin;6;;;;;;49;;oui;d:1x1 s1:1x1;0811d201-62cc-48f4-88d4-c992133e5a79
2025 - 2026;diffusion+s1;Cantons-de-l'Est;Basketball;Secondaire;Basketball B F D4;D4;Benjamin;Féminin;12;;;;;;72;;oui;d:1x1 s1:1x1;d89520e2-c1ab-4ba9-9f86-65f487cfa71c
2025 - 2026;diffusion+s1;Cantons-de-l'Est;Basketball;Secondaire;Basketball B F D4 Niveau 1;D4;Benjamin;Féminin;5;;;;;;34;;oui;d:1x1 s1:1x1;910ed3dd-98b5-48f1-8111-cb5936f8c51e
2025 - 2026;diffusion+s1;Cantons-de-l'Est;Basketball;Secondaire;Basketball B M D3;D3;Benjamin;Masculin;6;;;;;;49;;oui;d:1x1 s1:1x1;f096c6c5-5cef-48d8-9f5b-35a274ce2355
2025 - 2026;diffusion+s1;Cantons-de-l'Est;Basketball;Secondaire;Basketball B M D4 Niveau 1 Section A;D4;Benjamin;Masculin;5;;;;;;83;;oui;d:1x1 s1:1x1;d3dbe04a-de51-474a-8423-9f7d57d8d2d4
2025 - 2026;diffusion+s1;Cantons-de-l'Est;Basketball;Secondaire;Basketball B M D4 Niveau 1 Section B;D4;Benjamin;Masculin;5;83;75;8;0;0;0;;oui;d:1x1 s1:1x1;c65df22a-2dc0-49da-bf14-47776c0c3748
2025 - 2026;diffusion+s1;Cantons-de-l'Est;Basketball;Secondaire;Basketball B M D4 Niveau 1 Section C;D4;Benjamin;Masculin;5;83;75;8;0;0;0;;oui;d:1x1 s1:1x1;7bad4028-d860-4027-9981-7c39054b8aee
2025 - 2026;diffusion+s1;Cantons-de-l'Est;Basketball;Secondaire;Basketball B M D4 Section A;D4;Benjamin;Masculin;9;;;;;;96;;oui;d:1x1 s1:1x1;5af07be1-9b0f-4746-a662-1dab1d6a5d53
2025 - 2026;diffusion+s1;Cantons-de-l'Est;Basketball;Secondaire;Basketball B M D4 Section B;D4;Benjamin;Masculin;8;96;88;8;0;0;0;;oui;d:1x1 s1:1x1;67771f56-9709-40e2-85f7-2af5b4f0efb3
2025 - 2026;diffusion+s1;Cantons-de-l'Est;Basketball;Secondaire;Basketball C F D3;D3;Cadet;Féminin;8;;;;;;60;;oui;d:1x1 s1:1x1;1f5d82b6-5d25-4114-9b11-c5703eda251c
2025 - 2026;diffusion+s1;Cantons-de-l'Est;Basketball;Secondaire;Basketball C M D3;D3;Cadet;Masculin;7;;;;;;46;;oui;d:1x1 s1:1x1;ba1875b2-7b45-4ef7-bc6f-9a7e45ab0642
2025 - 2026;diffusion+s1;Cantons-de-l'Est;Basketball;Secondaire;Basketball C M D4 Niveau 1 Section A;D4;Cadet;Masculin;5;;;;;;56;;oui;d:1x1 s1:1x1;b42bef58-00c6-49d1-879e-9c7367906160
2025 - 2026;diffusion+s1;Cantons-de-l'Est;Basketball;Secondaire;Basketball C M D4 Niveau 1 Section B;D4;Cadet;Masculin;4;56;52;4;0;0;0;;oui;d:1x1 s1:1x1;eb45a721-d4c9-47fc-9ce6-8227083bbe73
2025 - 2026;diffusion+s1;Cantons-de-l'Est;Basketball;Secondaire;Basketball C M D4 Section A;D4;Cadet;Masculin;5;;;;;;83;;oui;d:1x1 s1:1x1;432e962e-c4a5-4b76-8104-49e0d5e67380
2025 - 2026;diffusion+s1;Cantons-de-l'Est;Basketball;Secondaire;Basketball C M D4 Section B;D4;Cadet;Masculin;5;83;75;8;0;0;0;;oui;d:1x1 s1:1x1;f43ca1b7-dd85-4ab1-9869-1c90d9405303
2025 - 2026;diffusion+s1;Cantons-de-l'Est;Basketball;Secondaire;Basketball C M D4 Section C;D4;Cadet;Masculin;5;83;75;8;0;0;0;;oui;d:1x1 s1:1x1;cba14e1c-154a-4e4e-bed2-a8c79b0cd970
2025 - 2026;diffusion+s1;Cantons-de-l'Est;Basketball;Secondaire;Basketball J F D3;D3;Juvénile;Féminin;5;;;;;;34;;oui;d:1x1 s1:1x1;b8fa6fcf-66c4-4ff0-80e3-e74685f10439
2025 - 2026;diffusion+s1;Cantons-de-l'Est;Basketball;Secondaire;Basketball J F D4 Niveau 1;D4;Juvénile;Féminin;11;;;;;;61;;oui;d:1x1 s1:1x1;e64e7612-a35e-4a90-b7b7-603190621c04
2025 - 2026;diffusion+s1;Cantons-de-l'Est;Basketball;Secondaire;Basketball J F D4 Section A;D4;Juvénile;Féminin;5;;;;;;56;;oui;d:1x1 s1:1x1;db56ea69-320e-4d57-9ad6-2884918037f3
2025 - 2026;diffusion+s1;Cantons-de-l'Est;Basketball;Secondaire;Basketball J F D4 Section B;D4;Juvénile;Féminin;4;56;52;4;0;0;0;;oui;d:1x1 s1:1x1;144cbd2f-e7df-48f1-a8cc-114f4ba6925b
2025 - 2026;diffusion+s1;Cantons-de-l'Est;Basketball;Secondaire;Basketball J M D3;D3;Juvénile;Masculin;8;;;;;;60;;oui;d:1x1 s1:1x1;e8393bbb-86f7-4199-8e97-7870c3bfbd20
2025 - 2026;diffusion+s1;Cantons-de-l'Est;Basketball;Secondaire;Basketball J M D4 Niveau 1 Section A;D4;Juvénile;Masculin;5;;;;;;83;;oui;d:1x1 s1:1x1;34a4ea3d-4880-45ab-9ba8-b0344427cc84
2025 - 2026;diffusion+s1;Cantons-de-l'Est;Basketball;Secondaire;Basketball J M D4 Niveau 1 Section B;D4;Juvénile;Masculin;5;83;75;8;0;0;0;;oui;d:1x1 s1:1x1;e2acd7f8-1f04-41e8-a082-0dd39ccb36c3
2025 - 2026;diffusion+s1;Cantons-de-l'Est;Basketball;Secondaire;Basketball J M D4 Niveau 1 Section C;D4;Juvénile;Masculin;5;83;75;8;0;0;0;;oui;d:1x1 s1:1x1;42498a71-05a8-4899-b262-23ddc05b5b42
2025 - 2026;diffusion+s1;Cantons-de-l'Est;Basketball;Secondaire;Basketball J M D4 Section A;D4;Juvénile;Masculin;9;;;;;;98;;oui;d:1x1 s1:1x1;47555270-56b0-419e-ac70-d842bb4bf0bd
2025 - 2026;diffusion+s1;Cantons-de-l'Est;Basketball;Secondaire;Basketball J M D4 Section B;D4;Juvénile;Masculin;9;98;90;8;0;0;0;;oui;d:1x1 s1:1x1;841d9a96-e2bc-4073-8299-9cb264a302cf
2025 - 2026;s1;Cantons-de-l'Est;Cheerleading;Secondaire;Cheerleading B F D3 Niveau 1;D3;Benjamin;Féminin;0;0;0;0;0;0;0;;oui;s1:1x2;58138de1-391a-46ee-bde9-73d738c44769
2025 - 2026;s1;Cantons-de-l'Est;Cheerleading;Secondaire;Cheerleading B F D3 Niveau 2;D3;Benjamin;Féminin;0;0;0;0;0;0;0;;oui;s1:1x2;dc476c6b-4892-484d-9439-442cf8834630
2025 - 2026;s1;Cantons-de-l'Est;Cheerleading;Secondaire;Cheerleading B U D3 Niveau 1;D3;Benjamin;Mixte;0;0;0;0;0;0;0;;oui;s1:1x2;6902ea18-e6b3-4e92-a47a-30835dbbb5bc
2025 - 2026;s1;Cantons-de-l'Est;Cheerleading;Secondaire;Cheerleading B U D3 Niveau 2;D3;Benjamin;Mixte;0;0;0;0;0;0;0;;oui;s1:1x2;0e34a056-6ac0-4049-925f-f7e8f2c814b4
2025 - 2026;s1;Cantons-de-l'Est;Cheerleading;Secondaire;Cheerleading C F D3 Niveau 2;D3;Cadet;Féminin;0;0;0;0;0;0;0;;oui;s1:1x2;338ec48c-6ab1-4f28-9021-8d39b42ea2a4
2025 - 2026;s1;Cantons-de-l'Est;Cheerleading;Secondaire;Cheerleading C F D3 Niveau 3;D3;Cadet;Féminin;0;0;0;0;0;0;0;;oui;s1:1x2;d186e68d-a0b0-4fbe-9a32-bf859faa82ad
2025 - 2026;s1;Cantons-de-l'Est;Cheerleading;Secondaire;Cheerleading C U D3 Niveau 2;D3;Cadet;Mixte;0;0;0;0;0;0;0;;oui;s1:1x2;4acd4428-c6e1-4514-ab8d-6eba6c730da6
2025 - 2026;s1;Cantons-de-l'Est;Cheerleading;Secondaire;Cheerleading C U D3 Niveau 3;D3;Cadet;Mixte;0;0;0;0;0;0;0;;oui;s1:1x2;3f6287eb-aea5-470e-95be-70cc9f94099d
2025 - 2026;s1;Cantons-de-l'Est;Cheerleading;Secondaire;Cheerleading J F D3 Niveau 3;D3;Juvénile;Féminin;0;0;0;0;0;0;0;;oui;s1:1x2;3096a964-012a-4161-b44d-bf340fa03d30
2025 - 2026;s1;Cantons-de-l'Est;Cheerleading;Secondaire;Cheerleading J F D3 Niveau 4;D3;Juvénile;Féminin;0;0;0;0;0;0;0;;oui;s1:1x2;cbb6cd6c-15b2-4ae9-9ccc-99ae134a07e4
2025 - 2026;s1;Cantons-de-l'Est;Cheerleading;Secondaire;Cheerleading J U D3 Niveau 3;D3;Juvénile;Mixte;0;0;0;0;0;0;0;;oui;s1:1x2;ad7cfd45-a700-4829-9ac8-1d5f7dab1f9b
2025 - 2026;s1;Cantons-de-l'Est;Cheerleading;Secondaire;Cheerleading J U D3 Niveau 4;D3;Juvénile;Mixte;0;0;0;0;0;0;0;;oui;s1:1x2;a5c1c63a-a327-450d-a876-fdc0606a3a39
2025 - 2026;s1;Cantons-de-l'Est;Cheerleading;Secondaire;Cheerleading O F D3 Niveau 1;D3;Ouvert;Féminin;2;0;0;0;0;0;0;;oui;s1:1x2;764f8075-0529-4cab-b2d6-2e7fd1252c0c
2025 - 2026;s1;Cantons-de-l'Est;Cheerleading;Secondaire;Cheerleading O F D3 Niveau 2;D3;Ouvert;Féminin;3;0;0;0;0;0;0;;oui;s1:1x2;1e916f07-67bc-400b-ab88-3211154a48d5
2025 - 2026;s1;Cantons-de-l'Est;Cheerleading;Secondaire;Cheerleading O F D3 Niveau 2.0;D3;Ouvert;Féminin;3;0;0;0;0;0;0;;oui;s1:1x2;cff8e246-a95c-403f-9f07-3d665dbb57d4
2025 - 2026;s1;Cantons-de-l'Est;Cheerleading;Secondaire;Cheerleading O F D3 Niveau 3;D3;Ouvert;Féminin;0;0;0;0;0;0;0;;oui;s1:1x2;41b3b206-cbad-40bd-9b52-502a7786bde6
2025 - 2026;s1;Cantons-de-l'Est;Cheerleading;Secondaire;Cheerleading O F D3 Niveau 3.0;D3;Ouvert;Féminin;2;0;0;0;0;0;0;;oui;s1:1x2;70da91b1-7ef2-46ee-8a82-8a399937fadf
2025 - 2026;s1;Cantons-de-l'Est;Cheerleading;Secondaire;Cheerleading O U D3 Niveau 1;D3;Ouvert;Mixte;1;0;0;0;0;0;0;;oui;s1:1x2;9c4a1c6c-f10a-4382-831d-a896303be86d
2025 - 2026;s1;Cantons-de-l'Est;Cheerleading;Secondaire;Cheerleading O U D3 Niveau 2;D3;Ouvert;Mixte;0;0;0;0;0;0;0;;oui;s1:1x2;e3bce72a-8176-4223-8813-78706d8a4617
2025 - 2026;s1;Cantons-de-l'Est;Cheerleading;Secondaire;Cheerleading O U D3 Niveau 2.0;D3;Ouvert;Mixte;2;0;0;0;0;0;0;;oui;s1:1x2;ff8b8948-d060-4a95-a21a-9b099f346f06
2025 - 2026;s1;Cantons-de-l'Est;Cheerleading;Secondaire;Cheerleading O U D3 Niveau 3;D3;Ouvert;Mixte;0;0;0;0;0;0;0;;oui;s1:1x2;fe683017-fa84-4ee7-a89c-a7794620f7e8
2025 - 2026;s1;Cantons-de-l'Est;Cheerleading;Secondaire;Cheerleading O U D3 Niveau 3.0;D3;Ouvert;Mixte;0;0;0;0;0;0;0;;oui;s1:1x2;6946676b-40a4-4fd1-8896-c6737ece4c2d
2025 - 2026;s1;Cantons-de-l'Est;Cross-country;Secondaire;Cross-country B F D3 CRS 3 KM;D3;Benjamin;Féminin;15;0;0;0;0;0;0;;oui;s1:1x3;32497e04-3e40-4203-97b0-a85d9f57f899
2025 - 2026;s1;Cantons-de-l'Est;Cross-country;Secondaire;Cross-country B M D3 CRS 3 KM;D3;Benjamin;Masculin;15;0;0;0;0;0;0;;oui;s1:1x3;80d1f0f1-8978-4ae9-94c8-a2728c683b2a
2025 - 2026;s1;Cantons-de-l'Est;Cross-country;Secondaire;Cross-country C F D3 CRS 4 KM;D3;Cadet;Féminin;19;0;0;0;0;0;0;;oui;s1:1x3;f245e039-d55e-4006-8677-bf3c6c93f4d6
2025 - 2026;s1;Cantons-de-l'Est;Cross-country;Secondaire;Cross-country C M D3 CRS 4 KM;D3;Cadet;Masculin;15;0;0;0;0;0;0;;oui;s1:1x3;17ae58dc-21b3-4e90-8f78-a0169481a8c1
2025 - 2026;s1;Cantons-de-l'Est;Cross-country;Secondaire;Cross-country J F D3 CRS 5 KM;D3;Juvénile;Féminin;11;0;0;0;0;0;0;;oui;s1:1x3;abe7b1b9-184f-4e7b-9ba0-f76882d31d34
2025 - 2026;s1;Cantons-de-l'Est;Cross-country;Secondaire;Cross-country J M D3 CRS 5 KM;D3;Juvénile;Masculin;15;0;0;0;0;0;0;;oui;s1:1x3;85f1478e-f477-4356-8f36-cfbe3a6725a4
2025 - 2026;diffusion+s1;Cantons-de-l'Est;Dek Hockey;Secondaire;Dek Hockey M14 M D3;D3;M14;Masculin;7;;;;;;28;;oui;d:1x53 s1:1x53;9d35c005-f7ca-467b-81fc-3c1b6e5266fb
2025 - 2026;diffusion+s1;Cantons-de-l'Est;Dek Hockey;Secondaire;Dek Hockey M15 M D3;D3;M15;Masculin;6;;;;;;24;;oui;d:1x53 s1:1x53;bf9c5362-8465-4040-bd30-eee8f290d46d
2025 - 2026;diffusion+s1;Cantons-de-l'Est;Dek Hockey;Secondaire;Dek Hockey M18 M D3;D3;M18;Masculin;7;;;;;;28;;oui;d:1x53 s1:1x53;9ff7c0fa-57da-4061-97fb-ec369dc3e156
2025 - 2026;diffusion+s1;Cantons-de-l'Est;Flag football;Secondaire;Flag football B F D3;D3;Benjamin;Féminin;5;25;20;5;0;0;25;;oui;d:1x4 s1:1x4;66b5da82-95ec-4b14-913d-b19764b9e9d8
2025 - 2026;diffusion+s1;Cantons-de-l'Est;Flag football;Secondaire;Flag football B F D4 Niveau 1;D4;Benjamin;Féminin;5;25;20;5;0;0;25;;oui;d:1x4 s1:1x4;b795130c-a156-41f4-97e3-dcf8aa06febf
2025 - 2026;diffusion+s1;Cantons-de-l'Est;Flag football;Secondaire;Flag football B F D4 Section A;D4;Benjamin;Féminin;8;72;64;8;0;0;72;;oui;d:1x4 s1:1x4;488e8e83-2af4-487d-84de-277153a69718
2025 - 2026;diffusion+s1;Cantons-de-l'Est;Flag football;Secondaire;Flag football B F D4 Section B;D4;Benjamin;Féminin;8;72;64;8;0;0;0;;oui;d:1x4 s1:1x4;89e8ab44-20e0-4ed0-97e2-900b5d06be5b
2025 - 2026;diffusion+s1;Cantons-de-l'Est;Flag football;Secondaire;Flag football C F D3;D3;Cadet;Féminin;6;30;24;6;0;0;30;;oui;d:1x4 s1:1x4;187e24b4-72d1-4fb5-a320-828e0387871f
2025 - 2026;diffusion+s1;Cantons-de-l'Est;Flag football;Secondaire;Flag football C F D4;D4;Cadet;Féminin;17;76;68;8;0;0;76;;oui;d:1x4 s1:1x4;370948c4-4620-4854-84c7-11e8a3fe54b7
2025 - 2026;diffusion+s1;Cantons-de-l'Est;Flag football;Secondaire;Flag football C F D4 Niveau 1 Section A;D4;Cadet;Féminin;7;64;56;8;0;0;64;;oui;d:1x4 s1:1x4;f5f6f746-bcc5-4c8f-b02a-9f8ca90f7d63
2025 - 2026;diffusion+s1;Cantons-de-l'Est;Flag football;Secondaire;Flag football C F D4 Niveau 1 Section B;D4;Cadet;Féminin;7;64;56;8;0;0;0;;oui;d:1x4 s1:1x4;3765a2a1-f836-4b19-870e-7036d75dfe96
2025 - 2026;diffusion+s1;Cantons-de-l'Est;Flag football;Secondaire;Flag football J F D3;D3;Juvénile;Féminin;7;41;35;6;0;0;41;;oui;d:1x4 s1:1x4;dfb2da46-9e5a-4054-b66f-2f9dcf297e76
2025 - 2026;diffusion+s1;Cantons-de-l'Est;Flag football;Secondaire;Flag football J F D4;D4;Juvénile;Féminin;12;52;48;4;0;0;52;;oui;d:1x4 s1:1x4;308c43fc-b14c-484d-ad6c-d95e948a2732
2025 - 2026;diffusion+s1;Cantons-de-l'Est;Flag football;Secondaire;Flag football J F D4 Niveau 1;D4;Juvénile;Féminin;7;32;28;4;0;0;32;;oui;d:1x4 s1:1x4;761d941d-f284-4b8e-a4cf-e89fb0232606
2025 - 2026;diffusion+s1;Cantons-de-l'Est;Football;Secondaire;Football B M D3 Sans Plaquage 9 joueurs;D3;Benjamin;Masculin;9;22;18;4;0;0;22;;oui;d:1x5 s1:1x5;f20f35f0-ef1d-40ca-a25a-20f16fcf8c80
2025 - 2026;diffusion+s1;Cantons-de-l'Est;Football;Secondaire;Football J M D3 Mineur à 9 joueurs  Section B;D3;Juvénile;Masculin;3;26;21;5;0;0;26;;oui;d:1x5 s1:1x5;e019030e-3902-4016-a223-814d1f466b55
2025 - 2026;diffusion+s1;Cantons-de-l'Est;Football;Secondaire;Football J M D3 Mineur à 9 joueurs Section A;D3;Juvénile;Masculin;3;26;21;5;0;0;0;;oui;d:1x5 s1:1x5;b66fb8e4-2b05-4648-a6b1-2038b8e7b39b
2025 - 2026;s1;Cantons-de-l'Est;Footgolf;Secondaire;Footgolf J F D3 Section C;D3;Juvénile;Féminin;0;0;0;0;0;0;0;;oui;s1:1x34;02a86e9e-9ada-4b8f-9cf1-74be510b275c
2025 - 2026;diffusion+s1;Cantons-de-l'Est;Futsal;Secondaire;Futsal B F D3 Section A;D3;Benjamin;Féminin;4;;;;;;44;;oui;d:1x30 s1:1x30;abb95718-ef85-46aa-8c14-e14520201c60
2025 - 2026;diffusion+s1;Cantons-de-l'Est;Futsal;Secondaire;Futsal B F D3 Section B;D3;Benjamin;Féminin;4;44;40;4;0;0;0;;oui;d:1x30 s1:1x30;a3943e32-f14a-447a-a934-ed626792aa60
2025 - 2026;diffusion+s1;Cantons-de-l'Est;Futsal;Secondaire;Futsal B M D3;D3;Benjamin;Masculin;5;;;;;;34;;oui;d:1x30 s1:1x30;9fc12ed6-a472-4500-a8f3-f4be6b84023f
2025 - 2026;diffusion+s1;Cantons-de-l'Est;Futsal;Secondaire;Futsal B M D4 Niveau 1;D4;Benjamin;Masculin;5;;;;;;34;;oui;d:1x30 s1:1x30;f99b5ced-490a-4a7f-bde1-e6147ca60254
2025 - 2026;diffusion+s1;Cantons-de-l'Est;Futsal;Secondaire;Futsal B M D4 Section A;D4;Benjamin;Masculin;8;;;;;;91;;oui;d:1x30 s1:1x30;2e734154-5a45-424f-a10b-07386a3e501f
2025 - 2026;diffusion+s1;Cantons-de-l'Est;Futsal;Secondaire;Futsal B M D4 Section B;D4;Benjamin;Masculin;9;91;85;6;0;0;0;;oui;d:1x30 s1:1x30;31efd4ec-790e-4d90-a97b-06e8ade6c157
2025 - 2026;diffusion+s1;Cantons-de-l'Est;Futsal;Secondaire;Futsal C M D3 Section A;D3;Cadet;Masculin;9;;;;;;96;;oui;d:1x30 s1:1x30;1176794e-fbf8-425a-8af4-d414eee99018
2025 - 2026;diffusion+s1;Cantons-de-l'Est;Futsal;Secondaire;Futsal C M D3 Section B;D3;Cadet;Masculin;9;96;90;6;0;0;0;;oui;d:1x30 s1:1x30;4d7ab7c6-5fc3-4c5a-93ab-3a098b562ed6
2025 - 2026;diffusion+s1;Cantons-de-l'Est;Futsal;Secondaire;Futsal J F D3 Section A;D3;Juvénile;Féminin;5;;;;;;96;;oui;d:1x30 s1:1x30;11565011-f846-458d-b463-c1c7dad87187
2025 - 2026;diffusion+s1;Cantons-de-l'Est;Futsal;Secondaire;Futsal J F D3 Section B;D3;Juvénile;Féminin;5;96;90;6;0;0;0;;oui;d:1x30 s1:1x30;893090a1-8033-450d-9d56-2d9eff4239f1
2025 - 2026;diffusion+s1;Cantons-de-l'Est;Futsal;Secondaire;Futsal J F D3 Section C;D3;Juvénile;Féminin;5;96;90;6;0;0;0;;oui;d:1x30 s1:1x30;7289d62a-e3a2-4e53-ac82-1ebd4680b478
2025 - 2026;diffusion+s1;Cantons-de-l'Est;Futsal;Secondaire;Futsal J M D3;D3;Juvénile;Masculin;5;;;;;;34;;oui;d:1x30 s1:1x30;580bedaa-5fc2-440a-8d14-c4f2ca5f930e
2025 - 2026;diffusion+s1;Cantons-de-l'Est;Futsal;Secondaire;Futsal J M D4;D4;Juvénile;Masculin;10;;;;;;49;;oui;d:1x30 s1:1x30;6bfd5ad5-e204-4af9-9a38-1f5fbb75326c
2025 - 2026;s1;Cantons-de-l'Est;Golf;Secondaire;Golf B F D3;D3;Benjamin;Féminin;1;0;0;0;0;0;0;;oui;s1:1x6;35d30de0-19d9-458c-958c-097ec986c8ea
2025 - 2026;s1;Cantons-de-l'Est;Golf;Secondaire;Golf B M D3;D3;Benjamin;Masculin;5;0;0;0;0;0;0;;oui;s1:1x6;8f923e92-1fb0-4733-a003-864a3055b0a6
2025 - 2026;s1;Cantons-de-l'Est;Golf;Secondaire;Golf C F D3;D3;Cadet;Féminin;2;0;0;0;0;0;0;;oui;s1:1x6;a022f081-a7b7-4581-a46c-b0fa93d7d9b6
2025 - 2026;s1;Cantons-de-l'Est;Golf;Secondaire;Golf C M D3;D3;Cadet;Masculin;10;0;0;0;0;0;0;;oui;s1:1x6;3d470a2b-e138-46e0-ba5f-2ec098e2ce4b
2025 - 2026;s1;Cantons-de-l'Est;Golf;Secondaire;Golf J F D3;D3;Juvénile;Féminin;1;0;0;0;0;0;0;;oui;s1:1x6;a9b0eb91-09cb-4f05-9425-cdd3d0b590ce
2025 - 2026;s1;Cantons-de-l'Est;Golf;Secondaire;Golf J M D3;D3;Juvénile;Masculin;6;0;0;0;0;0;0;;oui;s1:1x6;04904495-c8ab-41aa-8180-1ab63eaf0b9f
2025 - 2026;s1;Cantons-de-l'Est;Natation;Secondaire;Natation B F D3;D3;Benjamin;Féminin;13;0;0;0;0;0;0;;oui;s1:1x10;774d897a-5294-42ac-9483-439f4ee54670
2025 - 2026;s1;Cantons-de-l'Est;Natation;Secondaire;Natation B M D3;D3;Benjamin;Masculin;10;0;0;0;0;0;0;;oui;s1:1x10;50a22727-a6a9-45e3-adaa-03a04b48ae0c
2025 - 2026;s1;Cantons-de-l'Est;Natation;Secondaire;Natation C F D3;D3;Cadet;Féminin;12;0;0;0;0;0;0;;oui;s1:1x10;6d7067cd-016f-49c6-b684-8280a36dc437
2025 - 2026;s1;Cantons-de-l'Est;Natation;Secondaire;Natation C M D3;D3;Cadet;Masculin;8;0;0;0;0;0;0;;oui;s1:1x10;f3f5a304-8c30-4640-b9cc-a2b5581cd490
2025 - 2026;s1;Cantons-de-l'Est;Natation;Secondaire;Natation J F D3;D3;Juvénile;Féminin;10;0;0;0;0;0;0;;oui;s1:1x10;e7aee6aa-2265-42ad-9a3d-70cef1809d69
2025 - 2026;s1;Cantons-de-l'Est;Natation;Secondaire;Natation J M D3;D3;Juvénile;Masculin;6;0;0;0;0;0;0;;oui;s1:1x10;6958aa65-ff7c-4116-a4ee-52402c015746
2025 - 2026;s1;Cantons-de-l'Est;Rugby;Secondaire;Rugby B F D3 Flag-Rugby;D3;Benjamin;Féminin;1;0;0;0;0;0;0;;oui;s1:1x11;a1698768-36ed-4ee1-ac5b-4ef913ee4928
2025 - 2026;s1;Cantons-de-l'Est;Rugby;Secondaire;Rugby B F D4 Flag-Rugby;D4;Benjamin;Féminin;1;0;0;0;0;0;0;;oui;s1:1x11;984df957-a21a-4109-ab56-5470cd16b726
2025 - 2026;diffusion+s1;Cantons-de-l'Est;Rugby;Secondaire;Rugby B M D3 Flag-Rugby;D3;Benjamin;Masculin;5;;;;;;25;;oui;d:1x11 s1:1x11;ed4e8592-304b-47b8-a0c4-023444e86293
2025 - 2026;diffusion+s1;Cantons-de-l'Est;Rugby;Secondaire;Rugby J F D3 7 joueuses;D3;Juvénile;Féminin;5;;;;;;25;;oui;d:1x11 s1:1x11;00c4fcd1-1bb2-49ca-a89a-7b3edd2eba06
2025 - 2026;diffusion+s1;Cantons-de-l'Est;Rugby;Secondaire;Rugby J F D4 7 joueuses;D4;Juvénile;Féminin;7;;;;;;48;;oui;d:1x11 s1:1x11;92bab46b-526e-413f-9346-81d01e74cdfe
2025 - 2026;diffusion+s1;Cantons-de-l'Est;Rugby;Secondaire;Rugby J M D3 7 joueurs;D3;Juvénile;Masculin;7;;;;;;48;;oui;d:1x11 s1:1x11;04a31103-dd8b-4c5e-83a0-fb4f87b6478b
2025 - 2026;s1;Cantons-de-l'Est;Ultimate;Secondaire;Ultimate C U D3 Printemps 2026 Mineur;D3;Cadet;Mixte;0;0;0;0;0;0;0;;oui;s1:1x25;90414922-abca-4ce1-b84c-e055cedd0e4d
2025 - 2026;s1;Cantons-de-l'Est;Ultimate;Secondaire;Ultimate C U D4 Printemps 2026 Mineur;D4;Cadet;Mixte;0;0;0;0;0;0;0;;oui;s1:1x25;80dcb438-08f4-4a39-877b-1e93eab9d4f1
2025 - 2026;diffusion+s1;Cantons-de-l'Est;Ultimate;Secondaire;Ultimate J U D3 Automne 2025;D3;Juvénile;Mixte;5;;;;;;35;;oui;d:1x25 s1:1x25;1d110481-c82f-4feb-8778-6182ec3354b2
2025 - 2026;diffusion+s1;Cantons-de-l'Est;Ultimate;Secondaire;Ultimate J U D3 Printemps 2026;D3;Juvénile;Mixte;4;;;;;;22;;oui;d:1x25 s1:1x25;c3aea12f-3aad-470e-9994-a756e625993a
2025 - 2026;diffusion+s1;Cantons-de-l'Est;Ultimate;Secondaire;Ultimate J U D4 Automne 2025;D4;Juvénile;Mixte;6;;;;;;36;;oui;d:1x25 s1:1x25;55c8892d-b177-45ed-b6ee-c9c10dd351b6
2025 - 2026;diffusion+s1;Cantons-de-l'Est;Ultimate;Secondaire;Ultimate J U D4 Printemps 2026;D4;Juvénile;Mixte;7;;;;;;27;;oui;d:1x25 s1:1x25;438ea203-967e-4e23-b690-f66f7068233e
2025 - 2026;s1;Cantons-de-l'Est;Volleyball de plage;Secondaire;Volleyball de plage B F D3 2 vs 2;D3;Benjamin;Féminin;32;0;0;0;0;0;0;;oui;s1:1x17;3f64d48b-0439-4d03-9750-72ed27a44a9c
2025 - 2026;s1;Cantons-de-l'Est;Volleyball de plage;Secondaire;Volleyball de plage B F D4 4 vs 4;D4;Benjamin;Féminin;33;0;0;0;0;0;0;;oui;s1:1x17;4855b761-f5ed-4d88-86ec-2536534e931a
2025 - 2026;s1;Cantons-de-l'Est;Volleyball de plage;Secondaire;Volleyball de plage B F D4 Niveau 1 4 vs 4;D4;Benjamin;Féminin;25;0;0;0;0;0;0;;oui;s1:1x17;9a9c913d-16a7-45d3-8fc1-afc011d541af
2025 - 2026;s1;Cantons-de-l'Est;Volleyball de plage;Secondaire;Volleyball de plage B M D3 2 vs 2;D3;Benjamin;Masculin;0;0;0;0;0;0;0;;oui;s1:1x17;2179b3f8-bd9d-4efb-8210-ce2ec4cea096
2025 - 2026;s1;Cantons-de-l'Est;Volleyball de plage;Secondaire;Volleyball de plage B M D4 4 vs 4;D4;Benjamin;Masculin;6;0;0;0;0;0;0;;oui;s1:1x17;414aae95-b014-4f56-a153-e7604472ff0b
2025 - 2026;s1;Cantons-de-l'Est;Volleyball de plage;Secondaire;Volleyball de plage B M D4 Niveau 1 4 vs 4;D4;Benjamin;Masculin;8;0;0;0;0;0;0;;oui;s1:1x17;4c011d74-3921-42dd-bb54-c73f747d51fe
2025 - 2026;s1;Cantons-de-l'Est;Volleyball de plage;Secondaire;Volleyball de plage C F D3 2 vs 2;D3;Cadet;Féminin;34;0;0;0;0;0;0;;oui;s1:1x17;05bbb8f0-6873-489c-bcf1-ed5ee24982ba
2025 - 2026;s1;Cantons-de-l'Est;Volleyball de plage;Secondaire;Volleyball de plage C F D4 2 vs 2;D4;Cadet;Féminin;79;0;0;0;0;0;0;;oui;s1:1x17;1ee9b7f7-3c11-45b7-939b-97e073887d7d
2025 - 2026;s1;Cantons-de-l'Est;Volleyball de plage;Secondaire;Volleyball de plage C F D4 4 vs 4;D4;Cadet;Féminin;0;0;0;0;0;0;0;;oui;s1:1x17;8eb968a6-1f81-486b-9994-6809c81f117b
2025 - 2026;s1;Cantons-de-l'Est;Volleyball de plage;Secondaire;Volleyball de plage C F D4 Niveau 1 2 vs 2;D4;Cadet;Féminin;27;0;0;0;0;0;0;;oui;s1:1x17;73309dc7-152b-44b1-a6bb-53de47c3d759
2025 - 2026;s1;Cantons-de-l'Est;Volleyball de plage;Secondaire;Volleyball de plage C F D4 Niveau 1 4 vs 4;D4;Cadet;Féminin;7;0;0;0;0;0;0;;oui;s1:1x17;d88366ff-a8c0-42e3-a7be-845651c8512c
2025 - 2026;s1;Cantons-de-l'Est;Volleyball de plage;Secondaire;Volleyball de plage C M D3 2 vs 2;D3;Cadet;Masculin;11;0;0;0;0;0;0;;oui;s1:1x17;61d21896-603d-4724-acb8-aee9e5ea9bc7
2025 - 2026;s1;Cantons-de-l'Est;Volleyball de plage;Secondaire;Volleyball de plage C M D4 2 vs 2;D4;Cadet;Masculin;23;0;0;0;0;0;0;;oui;s1:1x17;acf38b2d-2bda-44fa-889a-1ac35899b587
2025 - 2026;s1;Cantons-de-l'Est;Volleyball de plage;Secondaire;Volleyball de plage C M D4 4 vs 4;D4;Cadet;Masculin;0;0;0;0;0;0;0;;oui;s1:1x17;df100e3a-88b5-4971-a90d-8b703b4ddccc
2025 - 2026;s1;Cantons-de-l'Est;Volleyball de plage;Secondaire;Volleyball de plage C M D4 Niveau 1 2 vs 2;D4;Cadet;Masculin;9;0;0;0;0;0;0;;oui;s1:1x17;e2ec5860-4f8c-4545-83c0-ba3a89bbe0c6
2025 - 2026;s1;Cantons-de-l'Est;Volleyball de plage;Secondaire;Volleyball de plage C M D4 Niveau 1 4 vs 4;D4;Cadet;Masculin;0;0;0;0;0;0;0;;oui;s1:1x17;2ce0382f-6859-4340-a2dd-b47af576a0a2
2025 - 2026;s1;Cantons-de-l'Est;Volleyball de plage;Secondaire;Volleyball de plage J F D3 2 vs 2;D3;Juvénile;Féminin;11;0;0;0;0;0;0;;oui;s1:1x17;5e95f55a-5e64-495b-9101-6d1866b9a634
2025 - 2026;s1;Cantons-de-l'Est;Volleyball de plage;Secondaire;Volleyball de plage J F D4 2 vs 2;D4;Juvénile;Féminin;38;0;0;0;0;0;0;;oui;s1:1x17;4b05178c-da02-4cea-8f34-d7c2df71232b
2025 - 2026;s1;Cantons-de-l'Est;Volleyball de plage;Secondaire;Volleyball de plage J F D4 4 vs 4;D4;Juvénile;Féminin;0;0;0;0;0;0;0;;oui;s1:1x17;32460a97-4a5f-46e0-9411-2f803933398f
2025 - 2026;s1;Cantons-de-l'Est;Volleyball de plage;Secondaire;Volleyball de plage J F D4 Niveau 1 2 vs 2;D4;Juvénile;Féminin;23;0;0;0;0;0;0;;oui;s1:1x17;d418d21c-b068-4ee6-b1e1-7cb00229292b
2025 - 2026;s1;Cantons-de-l'Est;Volleyball de plage;Secondaire;Volleyball de plage J F D4 Niveau 1 4 vs 4;D4;Juvénile;Féminin;0;0;0;0;0;0;0;;oui;s1:1x17;c6eda5ff-3ec6-4ce3-bba1-0bdc2be3b70e
2025 - 2026;s1;Cantons-de-l'Est;Volleyball de plage;Secondaire;Volleyball de plage J M D3 2 vs 2;D3;Juvénile;Masculin;6;0;0;0;0;0;0;;oui;s1:1x17;47f57c9b-cb1b-46c8-9522-6dc5090dc0a5
2025 - 2026;s1;Cantons-de-l'Est;Volleyball de plage;Secondaire;Volleyball de plage J M D4 2 vs 2;D4;Juvénile;Masculin;29;0;0;0;0;0;0;;oui;s1:1x17;8a475202-f2df-4346-83c7-fc4e9f934351
2025 - 2026;s1;Cantons-de-l'Est;Volleyball de plage;Secondaire;Volleyball de plage J M D4 4 vs 4;D4;Juvénile;Masculin;0;0;0;0;0;0;0;;oui;s1:1x17;d765c4e2-60f7-48c0-8120-17e39694b621
2025 - 2026;s1;Cantons-de-l'Est;Volleyball de plage;Secondaire;Volleyball de plage J M D4 Niveau 1 2 vs 2;D4;Juvénile;Masculin;8;0;0;0;0;0;0;;oui;s1:1x17;93ee0607-fe6f-4976-9598-132b757d1ff0
2025 - 2026;s1;Cantons-de-l'Est;Volleyball de plage;Secondaire;Volleyball de plage J M D4 Niveau 1 4 vs 4;D4;Juvénile;Masculin;0;0;0;0;0;0;0;;oui;s1:1x17;134572b5-12f1-4602-bc4a-d972fc674b79
2025 - 2026;s1;Cantons-de-l'Est;Volleyball;Secondaire;Volleyball A F D3;D3;Atome;Féminin;12;0;0;0;0;0;0;;oui;s1:1x16;58cb90e2-2a10-4f18-987f-d03d7562d4ce
2025 - 2026;s1;Cantons-de-l'Est;Volleyball;Secondaire;Volleyball B F D3;D3;Benjamin;Féminin;11;0;0;0;0;0;0;;oui;s1:1x16;6daf39d1-667d-4e99-8d8d-9e08f8ebf97d
2025 - 2026;s1;Cantons-de-l'Est;Volleyball;Secondaire;Volleyball B F D4;D4;Benjamin;Féminin;32;0;0;0;0;0;0;;oui;s1:1x16;a5cb5b29-f122-4011-9bd4-c86877eac391
2025 - 2026;s1;Cantons-de-l'Est;Volleyball;Secondaire;Volleyball B F D4 Niveau 1;D4;Benjamin;Féminin;24;0;0;0;0;0;0;;oui;s1:1x16;acbeb4fe-cff9-4aab-97c1-14274c7c547e
2025 - 2026;s1;Cantons-de-l'Est;Volleyball;Secondaire;Volleyball B M D3;D3;Benjamin;Masculin;6;0;0;0;0;0;0;;oui;s1:1x16;5158d4d7-6941-46f4-ad86-34aef3d797b0
2025 - 2026;s1;Cantons-de-l'Est;Volleyball;Secondaire;Volleyball B M D4;D4;Benjamin;Masculin;0;0;0;0;0;0;0;;oui;s1:1x16;808a2831-2251-43b4-8d17-e8c8b3c6a12d
2025 - 2026;s1;Cantons-de-l'Est;Volleyball;Secondaire;Volleyball C F D3;D3;Cadet;Féminin;17;0;0;0;0;0;0;;oui;s1:1x16;0277a9de-4bd1-4bfe-9039-82212cf349e4
2025 - 2026;s1;Cantons-de-l'Est;Volleyball;Secondaire;Volleyball C F D4;D4;Cadet;Féminin;37;0;0;0;0;0;0;;oui;s1:1x16;d2f43f21-b97a-4622-8134-4dca825dc6bf
2025 - 2026;s1;Cantons-de-l'Est;Volleyball;Secondaire;Volleyball C F D4 Niveau 1;D4;Cadet;Féminin;18;0;0;0;0;0;0;;oui;s1:1x16;07d0a34a-17f8-462d-a63f-2a626edcb3ae
2025 - 2026;s1;Cantons-de-l'Est;Volleyball;Secondaire;Volleyball C M D3;D3;Cadet;Masculin;12;0;0;0;0;0;0;;oui;s1:1x16;9e7060af-87d1-4876-8593-d977ae4583e3
2025 - 2026;s1;Cantons-de-l'Est;Volleyball;Secondaire;Volleyball J F D3;D3;Juvénile;Féminin;11;0;0;0;0;0;0;;oui;s1:1x16;adf444bd-3ead-47b3-b473-c0ca90e04771
2025 - 2026;s1;Cantons-de-l'Est;Volleyball;Secondaire;Volleyball J F D4;D4;Juvénile;Féminin;20;0;0;0;0;0;0;;oui;s1:1x16;20c5cd48-2a18-4841-ad95-8db0b403fcb2
2025 - 2026;s1;Cantons-de-l'Est;Volleyball;Secondaire;Volleyball J F D4 Niveau 1;D4;Juvénile;Féminin;6;0;0;0;0;0;0;;oui;s1:1x16;da9d7a28-9ef8-47cf-88ff-84b0b516d36f
2025 - 2026;s1;Cantons-de-l'Est;Volleyball;Secondaire;Volleyball J M D3;D3;Juvénile;Masculin;18;0;0;0;0;0;0;;oui;s1:1x16;dbe54070-d6a4-4aa5-b1ef-49a762212997
2025 - 2026;s1;Côte-Nord;Athlétisme;Secondaire;Athlétisme B F D3 Extérieur;D3;Benjamin;Féminin;23;0;0;0;0;0;0;;oui;s1:2x0;0b74bc83-fcff-4b6c-8226-35335a2f72f1
2025 - 2026;s1;Côte-Nord;Athlétisme;Secondaire;Athlétisme B F D3 Niveau 1 Intérieur;D3;Benjamin;Féminin;2;0;0;0;0;0;0;;oui;s1:2x0;f658c257-9c61-4fe6-867f-e94bb6d0699c
2025 - 2026;s1;Côte-Nord;Athlétisme;Secondaire;Athlétisme B M D3 Extérieur;D3;Benjamin;Masculin;23;0;0;0;0;0;0;;oui;s1:2x0;5546382a-982e-4a93-a94c-57404588c57f
2025 - 2026;s1;Côte-Nord;Athlétisme;Secondaire;Athlétisme B M D3 Niveau 1 Intérieur;D3;Benjamin;Masculin;1;0;0;0;0;0;0;;oui;s1:2x0;0a1076ab-2b65-4a11-a09f-d0f7c838043e
2025 - 2026;s1;Côte-Nord;Athlétisme;Secondaire;Athlétisme C F D3 Extérieur;D3;Cadet;Féminin;10;0;0;0;0;0;0;;oui;s1:2x0;38f7beac-9756-40bf-b0d2-edd106149396
2025 - 2026;s1;Côte-Nord;Athlétisme;Secondaire;Athlétisme C F D3 Niveau 1 Intérieur;D3;Cadet;Féminin;3;0;0;0;0;0;0;;oui;s1:2x0;197ef4ea-3940-4927-948f-722ffdaa84bd
2025 - 2026;s1;Côte-Nord;Athlétisme;Secondaire;Athlétisme C M D3 Extérieur;D3;Cadet;Masculin;13;0;0;0;0;0;0;;oui;s1:2x0;ef9a542a-0054-4523-9a52-785cf23b7470
2025 - 2026;s1;Côte-Nord;Athlétisme;Secondaire;Athlétisme C M D3 Niveau 1 Intérieur;D3;Cadet;Masculin;4;0;0;0;0;0;0;;oui;s1:2x0;d30b8675-8c51-43e4-9b2d-f3ec87688f70
2025 - 2026;s1;Côte-Nord;Athlétisme;Secondaire;Athlétisme J F D3 Extérieur;D3;Juvénile;Féminin;12;0;0;0;0;0;0;;oui;s1:2x0;9acf755e-dc80-467d-a8eb-f95c86917c03
2025 - 2026;s1;Côte-Nord;Athlétisme;Secondaire;Athlétisme J F D3 Niveau 1 Intérieur;D3;Juvénile;Féminin;1;0;0;0;0;0;0;;oui;s1:2x0;91adc90a-9ea6-4b9a-895f-32a87c909432
2025 - 2026;s1;Côte-Nord;Athlétisme;Secondaire;Athlétisme J M D3 Extérieur;D3;Juvénile;Masculin;11;0;0;0;0;0;0;;oui;s1:2x0;a8eaf4af-e797-429c-af82-10ba3cb1c9c3
2025 - 2026;s1;Côte-Nord;Athlétisme;Secondaire;Athlétisme J M D3 Niveau 1 Intérieur;D3;Juvénile;Masculin;3;0;0;0;0;0;0;;oui;s1:2x0;7f07d0ab-b3c0-4206-aea1-91e81cb2cecc
2025 - 2026;s1;Côte-Nord;Athlétisme;Primaire;Athlétisme M F D3 Extérieur;D3;Moustique;Féminin;16;;;;;;0;;oui;s1:2x0;324f82f8-8725-42a4-83c6-f61c178c6fa5
2025 - 2026;s1;Côte-Nord;Athlétisme;Primaire;Athlétisme M M D3 Extérieur;D3;Moustique;Masculin;16;;;;;;0;;oui;s1:2x0;d2358089-a7c6-4e03-8e26-ad1e2532a9ff
2025 - 2026;s1;Côte-Nord;Athlétisme;Secondaire;Athlétisme O U D3 OSQ;D3;Ouvert;Mixte;1;0;0;0;0;0;0;;oui;s1:2x0;66f9ae54-ab9a-48ab-966f-a8db719728ec
2025 - 2026;s1;Côte-Nord;Badminton;Secondaire;Badminton B U D3;D3;Benjamin;Mixte;13;0;0;0;0;0;0;;oui;s1:2x18;83510e0b-f7d8-40f8-b4f6-ff3ae07c99b6
2025 - 2026;s1;Côte-Nord;Badminton;Secondaire;Badminton C U D3;D3;Cadet;Mixte;11;0;0;0;0;0;0;;oui;s1:2x18;439b3c67-f9f9-4d31-87f4-d5ea3d0d0d5b
2025 - 2026;s1;Côte-Nord;Badminton;Primaire;Badminton Co U D3;D3;Colibri;Mixte;7;;;;;;0;;oui;s1:2x18;06e3a431-ef59-4076-a5a6-20c415fbf667
2025 - 2026;s1;Côte-Nord;Badminton;Secondaire;Badminton J U D3;D3;Juvénile;Mixte;12;0;0;0;0;0;0;;oui;s1:2x18;c62981b4-2a16-484d-a883-84b3ad2efacf
2025 - 2026;s1;Côte-Nord;Badminton;Primaire;Badminton M U D3;D3;Moustique;Mixte;10;;;;;;0;;oui;s1:2x18;46b2b8dd-4adb-4c0f-b72a-d4f8c379c4cb
2025 - 2026;s1;Côte-Nord;Basketball;Secondaire;Basketball B F D3;D3;Benjamin;Féminin;2;2;0;2;0;0;0;;oui;s1:2x1;9ee58db9-150a-425f-8f1d-f1e5ca96c5b4
2025 - 2026;diffusion+s1;Côte-Nord;Basketball;Secondaire;Basketball B M D3;D3;Benjamin;Masculin;6;;;;;;23;;oui;d:2x1 s1:2x1;e5d8b034-4ae3-4599-8931-2e7c41acfc4b
2025 - 2026;s1;Côte-Nord;Basketball;Secondaire;Basketball B M D4;D4;Benjamin;Masculin;0;0;0;0;0;0;0;;oui;s1:2x1;2e38b892-6ed2-44f4-b0a3-3e0d379aff58
2025 - 2026;diffusion+s1;Côte-Nord;Basketball;Secondaire;Basketball C F D3;D3;Cadet;Féminin;3;;;;;;19;;oui;d:2x1 s1:2x1;41590040-edb9-4b57-93ec-40fbb0f51e70
2025 - 2026;diffusion+s1;Côte-Nord;Basketball;Secondaire;Basketball C M D3;D3;Cadet;Masculin;4;;;;;;20;;oui;d:2x1 s1:2x1;f31fd107-3c7e-43b0-9ea7-7dc9d16c45b5
2025 - 2026;diffusion+s1;Côte-Nord;Basketball;Secondaire;Basketball J F D3;D3;Juvénile;Féminin;4;;;;;;30;;oui;d:2x1 s1:2x1;80a6e31d-68cc-4754-9113-e0d7a3b21624
2025 - 2026;diffusion+s1;Côte-Nord;Basketball;Secondaire;Basketball J M D3;D3;Juvénile;Masculin;6;;;;;;27;;oui;d:2x1 s1:2x1;1d6fe49d-9949-42a0-8218-726562ffe5d0
2025 - 2026;diffusion+s1;Côte-Nord;Basketball;Secondaire;Basketball J M D4;D4;Juvénile;Masculin;0;;;;;;13;;oui;d:2x1 s1:2x1;cb5b17a6-69e1-4043-9fc2-91827de4034a
2025 - 2026;s1;Côte-Nord;Cross-country;Secondaire;Cross-country B F D3;D3;Benjamin;Féminin;11;0;0;0;0;0;0;;oui;s1:2x3;b3e6307e-f797-4120-b569-a839d6a71d37
2025 - 2026;s1;Côte-Nord;Cross-country;Secondaire;Cross-country B M D3;D3;Benjamin;Masculin;14;0;0;0;0;0;0;;oui;s1:2x3;a9c2acbe-74bc-4eee-99e2-363b4eb6ede2
2025 - 2026;s1;Côte-Nord;Cross-country;Secondaire;Cross-country C F D3;D3;Cadet;Féminin;9;0;0;0;0;0;0;;oui;s1:2x3;a4bb07ce-dc09-4bf0-9f2c-4c88a3172788
2025 - 2026;s1;Côte-Nord;Cross-country;Secondaire;Cross-country C M D3;D3;Cadet;Masculin;10;0;0;0;0;0;0;;oui;s1:2x3;b7e320bd-348f-4c37-9fe3-7f9f16323cf7
2025 - 2026;s1;Côte-Nord;Cross-country;Primaire;Cross-country Co F D3 Maringouin;D3;Colibri;Féminin;20;;;;;;0;;oui;s1:2x3;66f08322-8707-4201-aadb-b2392861cc06
2025 - 2026;s1;Côte-Nord;Cross-country;Primaire;Cross-country Co M D3 Maringouin;D3;Colibri;Masculin;15;;;;;;0;;oui;s1:2x3;9b85583d-e47e-4503-9848-e117387cba9b
2025 - 2026;s1;Côte-Nord;Cross-country;Secondaire;Cross-country J F D3;D3;Juvénile;Féminin;8;0;0;0;0;0;0;;oui;s1:2x3;0d1d2484-5796-48b4-973c-0b82c683c74f
2025 - 2026;s1;Côte-Nord;Cross-country;Secondaire;Cross-country J M D3;D3;Juvénile;Masculin;7;0;0;0;0;0;0;;oui;s1:2x3;40faecc1-8c2b-4f89-a78c-16eeb2186acd
2025 - 2026;s1;Côte-Nord;Cross-country;Primaire;Cross-country M F D3;D3;Moustique;Féminin;18;;;;;;0;;oui;s1:2x3;f792a213-8021-47d0-86d1-8fa73cf82623
2025 - 2026;s1;Côte-Nord;Cross-country;Primaire;Cross-country M M D3;D3;Moustique;Masculin;14;;;;;;0;;oui;s1:2x3;6f76a2ed-e6e8-4e66-a9a2-ecf91db99115
2025 - 2026;s1;Côte-Nord;Cross-country;Primaire;Cross-country Mi F D3 Brûlot;D3;Minime;Féminin;3;;;;;;0;;oui;s1:2x3;5ca50b20-0a0a-4f0e-b83b-2961b8027053
2025 - 2026;s1;Côte-Nord;Cross-country;Primaire;Cross-country Mi M D3 Brûlot;D3;Minime;Masculin;6;;;;;;0;;oui;s1:2x3;83be8997-5382-40bc-8ad9-d0199cbdd447
2025 - 2026;s1;Côte-Nord;Cross-country;Primaire;Cross-country N F D3 Préscolaire;D3;Novice;Féminin;1;;;;;;0;;oui;s1:2x3;aaf9f161-699b-4725-b6f4-778f84dda144
2025 - 2026;s1;Côte-Nord;Cross-country;Primaire;Cross-country N M D3 Préscolaire;D3;Novice;Masculin;1;;;;;;0;;oui;s1:2x3;9cde5750-5368-4486-a4ff-9ff3074e8ae3
2025 - 2026;s1;Côte-Nord;Flag football;Secondaire;Flag football B M D3;D3;Benjamin;Masculin;0;0;0;0;0;0;0;;oui;s1:2x4;8525f9d7-2b4f-4217-9a46-00a304ea5ae2
2025 - 2026;diffusion+s1;Côte-Nord;Futsal;Secondaire;Futsal B M D3;D3;Benjamin;Masculin;3;;;;;;11;;oui;d:2x30 s1:2x30;0442dda4-2379-416d-b8bc-e75f453dce8e
2025 - 2026;diffusion+s1;Côte-Nord;Futsal;Secondaire;Futsal J M D3;D3;Juvénile;Masculin;2;;;;;;7;;oui;d:2x30 s1:2x30;7f16574e-b804-4206-b943-1fa24d9389d9
2025 - 2026;diffusion+s1;Côte-Nord;Hockey sans contact;Secondaire;Hockey sans contact M14 U D4;D4;M14;Mixte;3;;;;;;15;;oui;d:2x8 s1:2x8;9ffb3838-9113-4a91-8264-9aff8a82099c
2025 - 2026;diffusion+s1;Côte-Nord;Hockey sans contact;Secondaire;Hockey sans contact M18 U D4;D4;M18;Mixte;2;;;;;;10;;oui;d:2x8 s1:2x8;8247e658-3cb3-495a-96b5-ad7587004406
2025 - 2026;s1;Côte-Nord;Natation;Secondaire;Natation B F D3;D3;Benjamin;Féminin;5;0;0;0;0;0;0;;oui;s1:2x10;4f1b86f4-9158-42b5-af0d-818b1f2d71be
2025 - 2026;s1;Côte-Nord;Natation;Secondaire;Natation B M D3;D3;Benjamin;Masculin;6;0;0;0;0;0;0;;oui;s1:2x10;14ae73bc-2352-4ce9-9403-ae5230c3a11c
2025 - 2026;s1;Côte-Nord;Natation;Secondaire;Natation C F D3;D3;Cadet;Féminin;4;0;0;0;0;0;0;;oui;s1:2x10;ffa26c02-b80c-4e80-ae3f-85da70f1658a
2025 - 2026;s1;Côte-Nord;Natation;Secondaire;Natation C M D3;D3;Cadet;Masculin;4;0;0;0;0;0;0;;oui;s1:2x10;e2eb3dba-6b57-436e-98f8-59192c17683e
2025 - 2026;s1;Côte-Nord;Natation;Secondaire;Natation J F D3;D3;Juvénile;Féminin;6;0;0;0;0;0;0;;oui;s1:2x10;78ff22cd-91f0-4e5b-86c0-87f8d2cf74f7
2025 - 2026;s1;Côte-Nord;Natation;Secondaire;Natation J M D3;D3;Juvénile;Masculin;3;0;0;0;0;0;0;;oui;s1:2x10;a16ef847-d6d2-4f3f-8837-f4d8b3fc34ae
2025 - 2026;s1;Côte-Nord;Pétanque;Primaire;Pétanque Co U D3;D3;Colibri;Mixte;13;;;;;;0;;oui;s1:2x58;c4243af0-5585-4c8d-997f-ebe5c7df0714
2025 - 2026;s1;Côte-Nord;Pétanque;Primaire;Pétanque M U D3;D3;Moustique;Mixte;7;;;;;;0;;oui;s1:2x58;9c49189b-8cb6-407d-83ce-e51bdf8da4cc
2025 - 2026;s1;Côte-Nord;Tennis de table;Secondaire;Tennis de table B U D4;D4;Benjamin;Mixte;0;0;0;0;0;0;0;;oui;s1:2x47;f65a5651-84d5-4482-b6e0-2f451d323c87
2025 - 2026;s1;Côte-Nord;Tennis de table;Secondaire;Tennis de table C U D4;D4;Cadet;Mixte;0;0;0;0;0;0;0;;oui;s1:2x47;23240b6f-bd77-46a2-82aa-723eb6e96cce
2025 - 2026;s1;Côte-Nord;Tennis de table;Secondaire;Tennis de table J U D4;D4;Juvénile;Mixte;0;0;0;0;0;0;0;;oui;s1:2x47;1504cd3c-a156-496f-9fb1-6bb701ba6853
2025 - 2026;s1;Côte-Nord;Touch football;Primaire;Touch football A M D3;D3;Atome;Masculin;0;;;;;;0;;oui;s1:2x15;ca1d2779-41c3-4a81-abe9-8f89d1e1ac9c
2025 - 2026;diffusion+s1;Côte-Nord;Volleyball;Secondaire;Volleyball B F D3;D3;Benjamin;Féminin;12;;;;;;10;;oui;d:2x16 s1:2x16;51229cad-031c-4098-bfbc-b5e5751f6ab1
2025 - 2026;diffusion+s1;Côte-Nord;Volleyball;Secondaire;Volleyball B F D4;D4;Benjamin;Féminin;9;;;;;;9;;oui;d:2x16 s1:2x16;775bc7f1-352c-4f4e-8339-8f5e65e0598d
2025 - 2026;diffusion+s1;Côte-Nord;Volleyball;Secondaire;Volleyball B M D3;D3;Benjamin;Masculin;5;;;;;;4;;oui;d:2x16 s1:2x16;92a9ba3e-d7d1-4b4a-87d3-474a06caba42
2025 - 2026;diffusion+s1;Côte-Nord;Volleyball;Secondaire;Volleyball C F D3;D3;Cadet;Féminin;8;;;;;;8;;oui;d:2x16 s1:2x16;85073c76-19e1-46e6-bc1c-4ae28f0733fe
2025 - 2026;diffusion+s1;Côte-Nord;Volleyball;Secondaire;Volleyball C F D4;D4;Cadet;Féminin;10;;;;;;4;;oui;d:2x16 s1:2x16;399bad24-8328-4aff-9237-eab22a7ab3bb
2025 - 2026;diffusion+s1;Côte-Nord;Volleyball;Secondaire;Volleyball C M D3;D3;Cadet;Masculin;6;;;;;;6;;oui;d:2x16 s1:2x16;05ee9985-2885-4da9-8968-f5e6376aba3a
2025 - 2026;diffusion+s1;Côte-Nord;Volleyball;Secondaire;Volleyball J F D3;D3;Juvénile;Féminin;8;;;;;;8;;oui;d:2x16 s1:2x16;5669c1ec-7537-4c26-834e-12365b31f383
2025 - 2026;diffusion+s1;Côte-Nord;Volleyball;Secondaire;Volleyball J F D4;D4;Juvénile;Féminin;4;0;0;0;0;0;0;;oui;d:2x16 s1:2x16;6fd85b1d-c71b-46ba-a8ca-7a2d031c64b2
2025 - 2026;diffusion+s1;Côte-Nord;Volleyball;Secondaire;Volleyball J M D3;D3;Juvénile;Masculin;7;;;;;;6;;oui;d:2x16 s1:2x16;49afdcdd-ac9a-4f4e-9da1-da9f724d819d
2025 - 2026;s1;Est-du-Québec;Badminton;Secondaire;Badminton B U D3;D3;Benjamin;Mixte;18;0;0;0;0;0;0;;oui;s1:3x18;c44b725b-38ac-4ce6-a957-c32c224fd163
2025 - 2026;s1;Est-du-Québec;Badminton;Secondaire;Badminton C U D3;D3;Cadet;Mixte;18;0;0;0;0;0;0;;oui;s1:3x18;56f60eb7-0b30-40aa-96a4-cdbe2434b510
2025 - 2026;s1;Est-du-Québec;Badminton;Secondaire;Badminton J U D3;D3;Juvénile;Mixte;17;0;0;0;0;0;0;;oui;s1:3x18;dd738ccd-a153-471c-8769-639555644e8e
2025 - 2026;diffusion+s1;Est-du-Québec;Basketball;Secondaire;Basketball B F D3;D3;Benjamin;Féminin;7;;;;;;42;;oui;d:3x1 s1:3x1;967259d0-9140-43ec-a07f-5d6d05a410e0
2025 - 2026;diffusion+s1;Est-du-Québec;Basketball;Secondaire;Basketball B M D3;D3;Benjamin;Masculin;5;;;;;;26;;oui;d:3x1 s1:3x1;cdfd5de3-4174-4d1f-8328-8aa34a78dc97
2025 - 2026;diffusion+s1;Est-du-Québec;Basketball;Secondaire;Basketball B M D4 Niveau 1;D4;Benjamin;Masculin;5;;;;;;28;;oui;d:3x1 s1:3x1;79bcf294-25a7-468a-9a4f-faf973bf0728
2025 - 2026;diffusion+s1;Est-du-Québec;Basketball;Secondaire;Basketball B M D4 Niveau 2;D4;Benjamin;Masculin;5;;;;;;30;;oui;d:3x1 s1:3x1;f05e9efc-d4c2-4fe2-b2bf-3796bdbc89c6
2025 - 2026;s1;Est-du-Québec;Basketball;Secondaire;Basketball C F;;Cadet;Féminin;0;0;0;0;0;0;0;;oui;s1:3x1;2aef4d68-4a8a-4069-a937-66a868b6e1cf
2025 - 2026;diffusion+s1;Est-du-Québec;Basketball;Secondaire;Basketball C M D3;D3;Cadet;Masculin;8;;;;;;34;;oui;d:3x1 s1:3x1;051d4453-93c7-4960-b7ab-e6250f82585f
2025 - 2026;diffusion+s1;Est-du-Québec;Basketball;Secondaire;Basketball J F D3;D3;Juvénile;Féminin;4;;;;;;24;;oui;d:3x1 s1:3x1;e94dc438-228e-4f69-a3fe-aa7618ae1af5
2025 - 2026;diffusion+s1;Est-du-Québec;Basketball;Secondaire;Basketball J F D4;D4;Juvénile;Féminin;4;;;;;;24;;oui;d:3x1 s1:3x1;019dcc74-33f0-4b4a-8f5c-6ec08568991d
2025 - 2026;diffusion+s1;Est-du-Québec;Basketball;Secondaire;Basketball J M D3;D3;Juvénile;Masculin;6;;;;;;30;;oui;d:3x1 s1:3x1;b94f191b-7854-480e-88fb-885fe8e3aa1a
2025 - 2026;diffusion+s1;Est-du-Québec;Basketball;Secondaire;Basketball J M D4;D4;Juvénile;Masculin;6;;;;;;30;;oui;d:3x1 s1:3x1;fdbc6b9e-519c-4a92-9216-654d22ee8419
2025 - 2026;s1;Est-du-Québec;Cheerleading;Secondaire;Cheerleading O F D3 Niveau 1;D3;Ouvert;Féminin;1;0;0;0;0;0;0;;oui;s1:3x2;5e69d03d-bc36-438d-9bf2-a700c1ec21e3
2025 - 2026;diffusion+s1;Est-du-Québec;Football;Secondaire;Football A M D3;D3;Atome;Masculin;4;9;9;0;0;0;9;;oui;d:3x5 s1:3x5;c8243d7b-a512-428c-9559-4a8f486e8486
2025 - 2026;diffusion+s1;Est-du-Québec;Football;Secondaire;Football C M D3;D3;Cadet;Masculin;4;14;12;2;0;1;14;;oui;d:3x5 s1:3x5;c4baa9fe-6d40-44df-a174-1021e7e8429d
2025 - 2026;diffusion+s1;Est-du-Québec;Football;Secondaire;Football J M D3;D3;Juvénile;Masculin;5;17;15;2;0;1;17;;oui;d:3x5 s1:3x5;ccf0b58b-78c8-45f2-b75d-1c66b7fed22e
2025 - 2026;diffusion+s1;Est-du-Québec;Futsal;Secondaire;Futsal B F D3;D3;Benjamin;Féminin;9;;;;;;56;;oui;d:3x30 s1:3x30;00f3224c-2eb1-4ef7-bfd2-e75461d3e208
2025 - 2026;diffusion+s1;Est-du-Québec;Futsal;Secondaire;Futsal B M D3;D3;Benjamin;Masculin;9;;;;;;56;;oui;d:3x30 s1:3x30;247ed696-55aa-4378-8b79-34f905523446
2025 - 2026;diffusion+s1;Est-du-Québec;Futsal;Secondaire;Futsal B M D4 Niveau 1;D4;Benjamin;Masculin;6;;;;;;42;;oui;d:3x30 s1:3x30;e5eed93c-679b-4089-8fbe-29eeb8c1880a
2025 - 2026;diffusion+s1;Est-du-Québec;Futsal;Secondaire;Futsal B M D4 Niveau 2;D4;Benjamin;Masculin;5;;;;;;35;;oui;d:3x30 s1:3x30;503a8327-dac4-4bba-a0ef-84b4b396ca40
2025 - 2026;s1;Est-du-Québec;Futsal;Secondaire;Futsal C F D3;D3;Cadet;Féminin;3;0;0;0;0;3;0;;oui;s1:3x30;0040c711-4952-4ad9-a781-8fb6122c86c9
2025 - 2026;diffusion+s1;Est-du-Québec;Futsal;Secondaire;Futsal C M D3;D3;Cadet;Masculin;13;;;;;;77;;oui;d:3x30 s1:3x30;c8afcbec-e739-4163-8c38-b1e62a7b275b
2025 - 2026;diffusion+s1;Est-du-Québec;Futsal;Secondaire;Futsal J F D3;D3;Juvénile;Féminin;7;;;;;;29;;oui;d:3x30 s1:3x30;8ba57048-a359-4849-a1a5-8b97a9cd41a1
2025 - 2026;diffusion+s1;Est-du-Québec;Futsal;Secondaire;Futsal J M D3;D3;Juvénile;Masculin;10;;;;;;56;;oui;d:3x30 s1:3x30;2215c828-f327-494c-8a94-d82f62a87048
2025 - 2026;diffusion+s1;Est-du-Québec;Improvisation;Secondaire;Improvisation B U D3;D3;Benjamin;Mixte;6;;;;;;18;;oui;d:3x27 s1:3x27;afdea5a5-2b42-4e7a-86ef-9916eef5d3de
2025 - 2026;diffusion+s1;Est-du-Québec;Improvisation;Secondaire;Improvisation J U D3;D3;Juvénile;Mixte;8;;;;;;23;;oui;d:3x27 s1:3x27;e3afcb7d-054a-44b8-b78a-a4433195f317
2025 - 2026;diffusion+s1;Est-du-Québec;Volleyball;Secondaire;Volleyball B F Est;;Benjamin;Féminin;42;;;;;;248;;oui;d:3x16 s1:3x16;330427e7-9293-4467-92d5-71bc84505a21
2025 - 2026;diffusion+s1;Est-du-Québec;Volleyball;Secondaire;Volleyball B F Ouest;;Benjamin;Féminin;3;;;;;;4;;oui;d:3x16 s1:3x16;a7d24a40-66f9-473c-9956-d9dc2a462819
2025 - 2026;diffusion+s1;Est-du-Québec;Volleyball;Secondaire;Volleyball C F Est;;Cadet;Féminin;37;;;;;;227;;oui;d:3x16 s1:3x16;8365476f-317b-4c3d-9d72-d1b5d6f81c27
2025 - 2026;diffusion+s1;Est-du-Québec;Volleyball;Secondaire;Volleyball C F Ouest;;Cadet;Féminin;7;;;;;;19;;oui;d:3x16 s1:3x16;c62308a8-37e6-4de2-a274-3377142a7b78
2025 - 2026;diffusion+s1;Est-du-Québec;Volleyball;Secondaire;Volleyball J F Est;;Juvénile;Féminin;8;;;;;;60;;oui;d:3x16 s1:3x16;d32a6998-2e0d-4b7f-a374-0925881d58f4
2025 - 2026;diffusion+s1;Est-du-Québec;Volleyball;Secondaire;Volleyball J F Ouest;;Juvénile;Féminin;11;;;;;;44;;oui;d:3x16 s1:3x16;fa894690-5133-4668-8cbc-dfdac82ceb37
2025 - 2026;diffusion+s1;Est-du-Québec;Volleyball;Secondaire;Volleyball O M Régional;;Ouvert;Masculin;25;;;;;;120;;oui;d:3x16 s1:3x16;5da381cc-db2a-4d82-be32-0f10f8bd7bcc
2025 - 2026;s1;GMAA;Athlétisme;Secondaire;Athlétisme B Filles D3 Indoor;D3;Benjamin;Filles;15;0;0;0;0;0;0;;oui;s1:4x0;b393567a-0bfb-4274-996d-df222e7685f3
2025 - 2026;s1;GMAA;Athlétisme;Secondaire;Athlétisme B Filles OUTDOOR;;Benjamin;Filles;24;0;0;0;0;0;0;;oui;s1:4x0;32cf5af0-d1b6-451e-bc08-1c407569258e
2025 - 2026;s1;GMAA;Athlétisme;Secondaire;Athlétisme B Garçons D3 Indoor;D3;Benjamin;Garçons;15;0;0;0;0;0;0;;oui;s1:4x0;91cbcc72-2aac-4f95-a8bf-af64925997d5
2025 - 2026;s1;GMAA;Athlétisme;Secondaire;Athlétisme B Garçons OUTDOOR;;Benjamin;Garçons;20;0;0;0;0;0;0;;oui;s1:4x0;8ed25ec3-2193-4fa2-91fc-491e55c069d7
2025 - 2026;s1;GMAA;Athlétisme;Secondaire;Athlétisme C Filles D3 Indoor;D3;Cadet;Filles;17;0;0;0;0;0;0;;oui;s1:4x0;9893ed2d-d112-4ac3-bbe0-01fa67bfa71d
2025 - 2026;s1;GMAA;Athlétisme;Secondaire;Athlétisme C Filles OUTDOOR;;Cadet;Filles;29;0;0;0;0;0;0;;oui;s1:4x0;fc415126-0251-40a9-b737-462fd60efc12
2025 - 2026;s1;GMAA;Athlétisme;Secondaire;Athlétisme C Garçons D3 Indoor;D3;Cadet;Garçons;15;0;0;0;0;0;0;;oui;s1:4x0;77daf8c9-58b2-4960-a661-69d3946d5158
2025 - 2026;s1;GMAA;Athlétisme;Secondaire;Athlétisme C Garçons OUTDOOR;;Cadet;Garçons;25;0;0;0;0;0;0;;oui;s1:4x0;2e654f40-c26e-4eea-a0db-ebbdff4818e0
2025 - 2026;s1;GMAA;Athlétisme;Secondaire;Athlétisme J Filles D3 Indoor;D3;Juvénile;Filles;15;0;0;0;0;0;0;;oui;s1:4x0;d941867d-e90a-4819-a392-d9a2f06f13d7
2025 - 2026;s1;GMAA;Athlétisme;Secondaire;Athlétisme J Filles OUTDOOR;;Juvénile;Filles;27;0;0;0;0;0;0;;oui;s1:4x0;911d9813-7f23-4d29-87af-80c4dd4976b7
2025 - 2026;s1;GMAA;Athlétisme;Secondaire;Athlétisme J Garçons D3 Indoor;D3;Juvénile;Garçons;14;0;0;0;0;0;0;;oui;s1:4x0;842e4f47-df84-452c-b51b-4b0a7b90eea9
2025 - 2026;s1;GMAA;Athlétisme;Secondaire;Athlétisme J Garçons OUTDOOR;;Juvénile;Garçons;25;0;0;0;0;0;0;;oui;s1:4x0;f8e868ae-dcff-4328-8a64-9d99255d11a5
2025 - 2026;s1;GMAA;Athlétisme;Primaire;Athlétisme P5 Filles Riverside Park;;Primaire 5;Filles;8;;;;;;0;;oui;s1:4x0;e88d1ae2-4793-4f0d-a005-53bb14fbbf3f
2025 - 2026;s1;GMAA;Athlétisme;Primaire;Athlétisme P5 Garçons Riverside Park;;Primaire 5;Garçons;9;;;;;;0;;oui;s1:4x0;c21092aa-ce96-48f7-bda1-1fa9975ada66
2025 - 2026;s1;GMAA;Athlétisme;Primaire;Athlétisme P6 Filles Riverside Park;;Primaire 6;Filles;7;;;;;;0;;oui;s1:4x0;0a6f497e-24b3-4533-a9c2-9e5a4d551740
2025 - 2026;s1;GMAA;Athlétisme;Primaire;Athlétisme P6 Garçons Riverside Park;;Primaire 6;Garçons;8;;;;;;0;;oui;s1:4x0;9d0991c6-84ae-48a8-ae03-6ad49fc93a54
2025 - 2026;diffusion+s1;GMAA;Badminton;Secondaire;Badminton B Filles D3 A;D3;Benjamin;Filles;5;;;;;;10;;oui;d:4x18 s1:4x18;92f969b0-8538-4047-aba4-d34c6f13bc1e
2025 - 2026;diffusion+s1;GMAA;Badminton;Secondaire;Badminton B Filles D3 B;D3;Benjamin;Filles;5;;;;;;10;;oui;d:4x18 s1:4x18;65b7a8bc-bf13-4354-ad23-0b8e52e5fbcc
2025 - 2026;diffusion+s1;GMAA;Badminton;Secondaire;Badminton B Filles D3 C;D3;Benjamin;Filles;5;;;;;;10;;oui;d:4x18 s1:4x18;73f7cbe4-545f-43f0-87d4-f67761beaa3c
2025 - 2026;diffusion+s1;GMAA;Badminton;Secondaire;Badminton B Filles D3 D;D3;Benjamin;Filles;4;;;;;;12;;oui;d:4x18 s1:4x18;d795f1d5-bad2-4f35-b291-989f42bfd712
2025 - 2026;diffusion+s1;GMAA;Badminton;Secondaire;Badminton B Garçons D3 A;D3;Benjamin;Garçons;5;;;;;;10;;oui;d:4x18 s1:4x18;6642d119-af07-4a49-bdf2-e21757760a62
2025 - 2026;diffusion+s1;GMAA;Badminton;Secondaire;Badminton B Garçons D3 B;D3;Benjamin;Garçons;3;;;;;;6;;oui;d:4x18 s1:4x18;19643b74-78f1-4094-a5bc-b24482b67c04
2025 - 2026;diffusion+s1;GMAA;Badminton;Secondaire;Badminton B Garçons D3 C;D3;Benjamin;Garçons;5;;;;;;10;;oui;d:4x18 s1:4x18;b49fc5a0-e651-403c-bf64-f3220f05494d
2025 - 2026;diffusion+s1;GMAA;Badminton;Secondaire;Badminton C Filles D3 A;D3;Cadet;Filles;4;;;;;;12;;oui;d:4x18 s1:4x18;d71dfa1d-539c-43f0-9130-e2a4f7e0fce1
2025 - 2026;diffusion+s1;GMAA;Badminton;Secondaire;Badminton C Filles D3 B;D3;Cadet;Filles;5;;;;;;10;;oui;d:4x18 s1:4x18;0a46cd30-ac8e-48a2-b1cd-9ade956544b2
2025 - 2026;diffusion+s1;GMAA;Badminton;Secondaire;Badminton C Filles D3 C;D3;Cadet;Filles;4;;;;;;12;;oui;d:4x18 s1:4x18;8ea3e18d-bb1f-43b2-acbb-e4ca1fcdfca2
2025 - 2026;diffusion+s1;GMAA;Badminton;Secondaire;Badminton C Filles D3 D;D3;Cadet;Filles;4;;;;;;12;;oui;d:4x18 s1:4x18;3fc9d4de-bcef-41c9-ba66-50b158def736
2025 - 2026;diffusion+s1;GMAA;Badminton;Secondaire;Badminton C Garçons D3 A;D3;Cadet;Garçons;4;;;;;;12;;oui;d:4x18 s1:4x18;bd3b63c8-6aa7-41ed-985c-c4209bc8016d
2025 - 2026;diffusion+s1;GMAA;Badminton;Secondaire;Badminton C Garçons D3 B;D3;Cadet;Garçons;5;;;;;;10;;oui;d:4x18 s1:4x18;0f4cf3b4-f019-4c34-8555-aef583c0db32
2025 - 2026;diffusion+s1;GMAA;Badminton;Secondaire;Badminton C Garçons D3 C;D3;Cadet;Garçons;6;;;;;;15;;oui;d:4x18 s1:4x18;c1cb7c15-c451-4ac7-a382-fdcdde698056
2025 - 2026;diffusion+s1;GMAA;Badminton;Secondaire;Badminton J Filles D3 A;D3;Juvénile;Filles;5;;;;;;10;;oui;d:4x18 s1:4x18;aa1491aa-2445-4134-a09a-71a9a18d3a21
2025 - 2026;diffusion+s1;GMAA;Badminton;Secondaire;Badminton J Filles D3 B;D3;Juvénile;Filles;4;;;;;;12;;oui;d:4x18 s1:4x18;fcd59e75-3bcf-4ca7-8f7f-bce030c6d78e
2025 - 2026;diffusion+s1;GMAA;Badminton;Secondaire;Badminton J Filles D3 C;D3;Juvénile;Filles;5;;;;;;10;;oui;d:4x18 s1:4x18;68520df1-92d3-4cc4-ac7e-4673e93bff9f
2025 - 2026;diffusion+s1;GMAA;Badminton;Secondaire;Badminton J Filles D3 D;D3;Juvénile;Filles;4;;;;;;12;;oui;d:4x18 s1:4x18;175fbe08-60cd-4c80-8aa9-53bccf7908f2
2025 - 2026;diffusion+s1;GMAA;Badminton;Secondaire;Badminton J Garçons D3 A;D3;Juvénile;Garçons;5;;;;;;10;;oui;d:4x18 s1:4x18;e1dc1935-d3aa-4e44-9e77-b53b13daf3c3
2025 - 2026;diffusion+s1;GMAA;Badminton;Secondaire;Badminton J Garçons D3 B;D3;Juvénile;Garçons;5;;;;;;10;;oui;d:4x18 s1:4x18;de4f75d3-92f6-4b53-abe7-6147d56f398f
2025 - 2026;diffusion+s1;GMAA;Badminton;Secondaire;Badminton J Garçons D3 C;D3;Juvénile;Garçons;5;;;;;;10;;oui;d:4x18 s1:4x18;8b4688e3-8d0e-4b33-9d56-d6f1d0159ad2
2025 - 2026;diffusion+s1;GMAA;Balle molle;Secondaire;Balle molle O Filles D3;D3;Ouvert;Filles;6;;;;;;18;;oui;d:4x40 s1:4x40;6c9f5e8b-2820-4169-9bfc-744d54e62ba2
2025 - 2026;s1;GMAA;Balle molle;Secondaire;Balle molle O Garçons D3;D3;Ouvert;Garçons;0;0;0;0;0;0;0;;oui;s1:4x40;4326d06f-6790-462f-a419-65adf44e7d69
2025 - 2026;diffusion+s1;GMAA;Baseball;Secondaire;Baseball B Garçons D3;D3;Benjamin;Garçons;6;;;;;;17;;oui;d:4x23 s1:4x23;e7eb8477-b17a-48a9-b933-da61262b3e74
2025 - 2026;diffusion+s1;GMAA;Baseball;Secondaire;Baseball B Garçons D4;D4;Benjamin;Garçons;3;;;;;;7;;oui;d:4x23 s1:4x23;5fc5a20d-9504-4c47-9b63-cc3937cbe552
2025 - 2026;diffusion+s1;GMAA;Baseball;Secondaire;Baseball J Garçons D3 A;D3;Juvénile;Garçons;6;;;;;;20;;oui;d:4x23 s1:4x23;205dd4df-c358-4b91-afb1-5c7b8d554310
2025 - 2026;diffusion+s1;GMAA;Baseball;Secondaire;Baseball J Garçons D3 B;D3;Juvénile;Garçons;5;;;;;;10;;oui;d:4x23 s1:4x23;aba9230d-e011-4f8e-9cce-b15e16ecda0f
2025 - 2026;diffusion+s1;GMAA;Baseball;Secondaire;Baseball J Garçons D4;D4;Juvénile;Garçons;4;;;;;;9;;oui;d:4x23 s1:4x23;34ae5ebf-b25a-4c47-a3ad-6dd500990213
2025 - 2026;diffusion+s1;GMAA;Basketball;Secondaire;Basketball B Filles D3;D3;Benjamin;Filles;5;;;;;;22;;oui;d:4x1 s1:4x1;b4b5dfd4-4ba5-4289-add6-41f203846e94
2025 - 2026;diffusion+s1;GMAA;Basketball;Secondaire;Basketball B Filles D4 Niveau 1;D4;Benjamin;Filles;11;;;;;;60;;oui;d:4x1 s1:4x1;e2826f23-4f98-44c1-b8f3-1376fc7e34f4
2025 - 2026;diffusion+s1;GMAA;Basketball;Secondaire;Basketball B Filles D4 Niveau 2;D4;Benjamin;Filles;10;;;;;;50;;oui;d:4x1 s1:4x1;96d60412-9275-4e4b-9f0b-853e1f73ab95
2025 - 2026;diffusion+s1;GMAA;Basketball;Secondaire;Basketball B Garçons D3 A;D3;Benjamin;Garçons;7;;;;;;49;;oui;d:4x1 s1:4x1;e619465b-57cf-41b4-8a72-5fbf13ff6ba9
2025 - 2026;s1;GMAA;Basketball;Secondaire;Basketball B Garçons D3 A;D3;Benjamin;Garçons;0;0;0;0;0;0;0;;oui;s1:4x1;1c8f2800-a7c9-4092-a6db-0a2a87181e93
2025 - 2026;diffusion+s1;GMAA;Basketball;Secondaire;Basketball B Garçons D3 B;D3;Benjamin;Garçons;7;;;;;;42;;oui;d:4x1 s1:4x1;9a62583e-61bb-44b8-b120-11cdec948972
2025 - 2026;diffusion+s1;GMAA;Basketball;Secondaire;Basketball B Garçons D4 Niveau 1;D4;Benjamin;Garçons;13;;;;;;85;;oui;d:4x1 s1:4x1;6e75d22a-2d09-496e-a568-714a0ac2fa4c
2025 - 2026;diffusion+s1;GMAA;Basketball;Secondaire;Basketball B Garçons D4 Niveau 2;D4;Benjamin;Garçons;10;;;;;;50;;oui;d:4x1 s1:4x1;e3b4e9c6-53b7-48a4-9942-07671d705515
2025 - 2026;diffusion+s1;GMAA;Basketball;Secondaire;Basketball C Filles D3 A;D3;Cadet;Filles;5;;;;;;70;;oui;d:4x1 s1:4x1;b0039500-fd0c-48b8-b8bd-c1992a5773ec
2025 - 2026;diffusion+s1;GMAA;Basketball;Secondaire;Basketball C Filles D3 B;D3;Cadet;Filles;5;70;65;5;0;0;0;;oui;d:4x1 s1:4x1;eef29ef3-1256-4daa-baa3-612284d0dc07
2025 - 2026;diffusion+s1;GMAA;Basketball;Secondaire;Basketball C Filles D4 Niveau 1;D4;Cadet;Filles;4;;;;;;20;;oui;d:4x1 s1:4x1;ae8a8374-9b3b-46a6-900c-76158f6b9d28
2025 - 2026;diffusion+s1;GMAA;Basketball;Secondaire;Basketball C Garçons D3 A;D3;Cadet;Garçons;6;;;;;;36;;oui;d:4x1 s1:4x1;d4632b57-9a16-4ee3-a825-eaf35be60e38
2025 - 2026;diffusion+s1;GMAA;Basketball;Secondaire;Basketball C Garçons D3 B;D3;Cadet;Garçons;6;;;;;;30;;oui;d:4x1 s1:4x1;d61f0352-0d83-4917-8a85-926effd67dc6
2025 - 2026;diffusion+s1;GMAA;Basketball;Secondaire;Basketball C Garçons D4 Niveau 1 A;D4;Cadet;Garçons;4;;;;;;43;;oui;d:4x1 s1:4x1;cf2c8610-afe0-4c08-be72-976ae971fe4b
2025 - 2026;diffusion+s1;GMAA;Basketball;Secondaire;Basketball C Garçons D4 Niveau 1 B;D4;Cadet;Garçons;4;43;40;3;0;0;0;;oui;d:4x1 s1:4x1;f4693f85-8f0f-4b13-856f-57635258c6f1
2025 - 2026;diffusion+s1;GMAA;Basketball;Secondaire;Basketball C Garçons D4 Niveau 2;D4;Cadet;Garçons;5;;;;;;32;;oui;d:4x1 s1:4x1;deea4b59-fad7-4217-b047-77a84637728d
2025 - 2026;diffusion+s1;GMAA;Basketball;Secondaire;Basketball J Filles D3;D3;Juvénile;Filles;4;;;;;;21;;oui;d:4x1 s1:4x1;68d7f7b9-2d9a-405f-ab1b-0272dfdd02a8
2025 - 2026;diffusion+s1;GMAA;Basketball;Secondaire;Basketball J Filles D4 Niveau 1 A;D4;Juvénile;Filles;4;;;;;;55;;oui;d:4x1 s1:4x1;6f7bd805-6832-4209-999f-890d7f3308c5
2025 - 2026;diffusion+s1;GMAA;Basketball;Secondaire;Basketball J Filles D4 Niveau 1 B;D4;Juvénile;Filles;5;55;52;3;0;0;0;;oui;d:4x1 s1:4x1;8439dcde-0a81-4533-a91f-1a58ecaf5243
2025 - 2026;diffusion+s1;GMAA;Basketball;Secondaire;Basketball J Filles D4 Niveau 2 A;D4;Juvénile;Filles;5;;;;;;55;;oui;d:4x1 s1:4x1;f8dd4d85-4b7d-4aa3-9db2-b0342331a4cc
2025 - 2026;diffusion+s1;GMAA;Basketball;Secondaire;Basketball J Filles D4 Niveau 2 B;D4;Juvénile;Filles;4;55;52;3;0;0;0;;oui;d:4x1 s1:4x1;eabefa33-34b3-4130-bdca-c1f2abbfad58
2025 - 2026;diffusion+s1;GMAA;Basketball;Secondaire;Basketball J Garçons D3 A;D3;Juvénile;Garçons;4;;;;;;47;;oui;d:4x1 s1:4x1;753100a4-ce85-4084-8885-6638c63fd099
2025 - 2026;diffusion+s1;GMAA;Basketball;Secondaire;Basketball J Garçons D3 B;D3;Juvénile;Garçons;4;47;40;7;0;0;0;;oui;d:4x1 s1:4x1;974537d2-fd06-4f0d-b0d2-49f369394e80
2025 - 2026;diffusion+s1;GMAA;Basketball;Secondaire;Basketball J Garçons D3 C;D3;Juvénile;Garçons;4;;;;;;40;;oui;d:4x1 s1:4x1;a64c29f0-9bb1-47a3-8bef-952896b7c86d
2025 - 2026;diffusion+s1;GMAA;Basketball;Secondaire;Basketball J Garçons D3 D;D3;Juvénile;Garçons;4;47;40;7;0;0;0;;oui;d:4x1 s1:4x1;6d23d75d-fb92-4aac-b3b1-835106355d11
2025 - 2026;diffusion+s1;GMAA;Basketball;Secondaire;Basketball J Garçons D4 Niveau 1 A;D4;Juvénile;Garçons;4;;;;;;59;;oui;d:4x1 s1:4x1;3d2102ce-c768-4137-8191-344f15a5ada6
2025 - 2026;diffusion+s1;GMAA;Basketball;Secondaire;Basketball J Garçons D4 Niveau 1 B;D4;Juvénile;Garçons;5;59;52;7;0;0;0;;oui;d:4x1 s1:4x1;443b2827-2aac-4180-93fe-fcbca6b1d7f4
2025 - 2026;diffusion+s1;GMAA;Basketball;Secondaire;Basketball J Garçons D4 Niveau 1 C;D4;Juvénile;Garçons;4;;;;;;40;;oui;d:4x1 s1:4x1;1c2ea188-c24b-4023-9813-5723ef73bff2
2025 - 2026;diffusion+s1;GMAA;Basketball;Secondaire;Basketball J Garçons D4 Niveau 1 D;D4;Juvénile;Garçons;4;47;40;7;0;0;0;;oui;d:4x1 s1:4x1;76e26d0e-de65-4ec3-836f-f3177b2ec62b
2025 - 2026;diffusion+s1;GMAA;Basketball;Secondaire;Basketball J Garçons D4 Niveau 2;D4;Juvénile;Garçons;7;;;;;;46;;oui;d:4x1 s1:4x1;7c6ecb74-a5d7-42dd-aba2-6f55358e80f2
2025 - 2026;s1;GMAA;Basketball;Primaire;Basketball P5 Filles LBPHS;;Primaire 5;Filles;7;;;;;;0;;oui;s1:4x1;d107cd7d-b67a-49a1-98c4-db34ebbf8880
2025 - 2026;s1;GMAA;Basketball;Primaire;Basketball P5 Garçons LBPHS;;Primaire 5;Garçons;7;;;;;;0;;oui;s1:4x1;b0dbb824-193b-4f74-90a1-2b29eea3a640
2025 - 2026;s1;GMAA;Basketball;Primaire;Basketball P5 Mixte JAMBOREE McGill;;Primaire 5;Mixte;5;;;;;;0;;oui;s1:4x1;e44c79ff-e581-40b6-9d49-0c7820b252d9
2025 - 2026;s1;GMAA;Basketball;Primaire;Basketball P6 Filles LBPHS;;Primaire 6;Filles;7;;;;;;0;;oui;s1:4x1;c9d73441-7a62-48d6-bbeb-84f621cf43bb
2025 - 2026;s1;GMAA;Basketball;Primaire;Basketball P6 Garçons LBPHS;;Primaire 6;Garçons;13;;;;;;0;;oui;s1:4x1;3ce81bd0-2bed-47c0-8fe4-c56a70b82c45
2025 - 2026;s1;GMAA;Basketball;Primaire;Basketball P6 Mixte JAMBOREE McGill;;Primaire 6;Mixte;8;;;;;;0;;oui;s1:4x1;75803f32-99d3-4715-93df-fba6bfc20ea1
2025 - 2026;s1;GMAA;Courses HALO;Secondaire;Courses HALO B Filles D3;D3;Benjamin;Filles;18;0;0;0;0;0;0;;oui;s1:4x52;14c7607c-1cc2-4e94-9ab9-d670995c3c7e
2025 - 2026;s1;GMAA;Courses HALO;Secondaire;Courses HALO B Garçons D3;D3;Benjamin;Garçons;14;0;0;0;0;0;0;;oui;s1:4x52;06bd261c-54c7-48d4-b9be-63389ff92e7e
2025 - 2026;s1;GMAA;Courses HALO;Secondaire;Courses HALO C Filles D3;D3;Cadet;Filles;15;0;0;0;0;0;0;;oui;s1:4x52;7e0af4ce-ab28-4686-be1a-2e61e2132e54
2025 - 2026;s1;GMAA;Courses HALO;Secondaire;Courses HALO C Garçons D3;D3;Cadet;Garçons;12;0;0;0;0;0;0;;oui;s1:4x52;a086804a-b3bb-490d-91a8-18d21d2df12f
2025 - 2026;s1;GMAA;Courses HALO;Secondaire;Courses HALO J Filles D3;D3;Juvénile;Filles;12;0;0;0;0;0;0;;oui;s1:4x52;d7e0960e-d255-434f-be73-dffa8f4ca36e
2025 - 2026;s1;GMAA;Courses HALO;Secondaire;Courses HALO J Garçons D3;D3;Juvénile;Garçons;14;0;0;0;0;0;0;;oui;s1:4x52;17e23a33-30d9-4cfc-9113-22aa0cea80e6
2025 - 2026;s1;GMAA;Courses HALO;Secondaire;Courses HALO O Mixte 2km;;Ouvert;Mixte;4;0;0;0;0;0;0;;oui;s1:4x52;a23f72b4-6a74-4952-afb7-7f0055f56c01
2025 - 2026;s1;GMAA;Courses HALO;Secondaire;Courses HALO O Mixte INCLUSIVE RACE;;Ouvert;Mixte;2;0;0;0;0;0;0;;oui;s1:4x52;92dc1600-7738-4a88-9c04-78dc474ede0f
2025 - 2026;s1;GMAA;Courses HALO;Primaire;Courses HALO P Filles 1 km Grade 3&4-MAY 13;;Primaire;Filles;25;;;;;;0;;oui;s1:4x52;00b1a623-2c90-4449-84d1-e8c5b87c7ba2
2025 - 2026;s1;GMAA;Courses HALO;Primaire;Courses HALO P Filles 1km Grade 3&4- MAY 14;;Primaire;Filles;17;;;;;;0;;oui;s1:4x52;2ebb9a01-7dba-463f-b526-1ba26db8063b
2025 - 2026;s1;GMAA;Courses HALO;Primaire;Courses HALO P Filles 2km Grade 5&6-MAY 13;;Primaire;Filles;24;;;;;;0;;oui;s1:4x52;114f168e-aa11-4131-b561-f05eb412d14e
2025 - 2026;s1;GMAA;Courses HALO;Primaire;Courses HALO P Filles 2km Grade 5&6-MAY 14;;Primaire;Filles;20;;;;;;0;;oui;s1:4x52;d225915f-7b27-432e-a9c1-5b9840ffa266
2025 - 2026;s1;GMAA;Courses HALO;Primaire;Courses HALO P Garçons 1 km Grade 3&4- MAY 13;;Primaire;Garçons;23;;;;;;0;;oui;s1:4x52;a638b6a5-5a05-4586-adb2-475c85b7a974
2025 - 2026;s1;GMAA;Courses HALO;Primaire;Courses HALO P Garçons 1km Grade 3&4- MAY 14;;Primaire;Garçons;17;;;;;;0;;oui;s1:4x52;76df751f-c605-4849-86fa-6b51292af93e
2025 - 2026;s1;GMAA;Courses HALO;Primaire;Courses HALO P Garçons 2 km Grade 5&6-MAY 13;;Primaire;Garçons;24;;;;;;0;;oui;s1:4x52;8d9c44af-a346-475c-a379-4ba3b7a83616
2025 - 2026;s1;GMAA;Courses HALO;Primaire;Courses HALO P Garçons 2km Grade 5&6- MAY 14;;Primaire;Garçons;20;;;;;;0;;oui;s1:4x52;dcee6553-32e0-425f-aad6-dd8702edd542
2025 - 2026;s1;GMAA;Courses HALO;Primaire;Courses HALO P Mixte 1km Inclusive Race- MAY 14;;Primaire;Mixte;3;;;;;;0;;oui;s1:4x52;85b1e8f3-5df4-4128-8333-1ba38c68ace2
2025 - 2026;s1;GMAA;Courses HALO;Primaire;Courses HALO P Mixte 1km Inclusive Race-MAY 13;;Primaire;Mixte;7;;;;;;0;;oui;s1:4x52;0a4cee02-a510-476c-81ff-3d38258eaa30
2025 - 2026;s1;GMAA;Cross-country;Secondaire;Cross-country B Filles D3;D3;Benjamin;Filles;23;0;0;0;0;0;0;;oui;s1:4x3;c7d29630-ff15-4693-9bda-ab45f34188ca
2025 - 2026;s1;GMAA;Cross-country;Secondaire;Cross-country B Garçons D3;D3;Benjamin;Garçons;21;0;0;0;0;0;0;;oui;s1:4x3;b007f04c-64c0-452b-a0e9-911ad016e866
2025 - 2026;s1;GMAA;Cross-country;Secondaire;Cross-country C Filles D3;D3;Cadet;Filles;24;0;0;0;0;0;0;;oui;s1:4x3;58d47408-f373-4649-adc0-39f9b8ef7e87
2025 - 2026;s1;GMAA;Cross-country;Secondaire;Cross-country C Garçons D3;D3;Cadet;Garçons;23;0;0;0;0;0;0;;oui;s1:4x3;176c3e46-49d9-47be-a269-0c311c59a8c8
2025 - 2026;s1;GMAA;Cross-country;Secondaire;Cross-country J Filles D3;D3;Juvénile;Filles;19;0;0;0;0;0;0;;oui;s1:4x3;372cc6c5-a328-4d7c-a85d-7198372ee73b
2025 - 2026;s1;GMAA;Cross-country;Secondaire;Cross-country J Garçons D3;D3;Juvénile;Garçons;19;0;0;0;0;0;0;;oui;s1:4x3;9c0aeee6-ccad-4dae-ba00-7bc22dafc0d5
2025 - 2026;s1;GMAA;Cross-country;Secondaire;Cross-country O Mixte D3 Inclusive 1km-High School;D3;Ouvert;Mixte;2;0;0;0;0;0;0;;oui;s1:4x3;693f8e06-b46a-402b-ab3b-5de323417329
2025 - 2026;s1;GMAA;Cross-country;Primaire;Cross-country O Mixte Inclusive 1km-Elementary;;Ouvert;Mixte;1;;;;;;0;;oui;s1:4x3;59f71c04-1f5c-4f03-84bc-eb1c9602d918
2025 - 2026;s1;GMAA;Cross-country;Primaire;Cross-country P Filles Grades 4 & 5;;Primaire;Filles;9;;;;;;0;;oui;s1:4x3;d1884beb-5f77-4054-909f-ada59b003740
2025 - 2026;s1;GMAA;Cross-country;Primaire;Cross-country P Garçons Grades 4 & 5;;Primaire;Garçons;10;;;;;;0;;oui;s1:4x3;511a353a-7dff-41a8-8047-0f640cc1badf
2025 - 2026;s1;GMAA;Cross-country;Primaire;Cross-country P6 Filles Competitive Team;;Primaire 6;Filles;9;;;;;;0;;oui;s1:4x3;7cb101a8-637a-4b96-ac5d-85296a9c1f22
2025 - 2026;s1;GMAA;Cross-country;Primaire;Cross-country P6 Garçons Competitive Team;;Primaire 6;Garçons;10;;;;;;0;;oui;s1:4x3;3ff3b878-60c1-48dd-9a9c-a209aa0a6a5e
2025 - 2026;s1;GMAA;Crosse au champ;Secondaire;Crosse au champ B Garçons D3 SIXES;D3;Benjamin;Garçons;4;0;0;0;0;0;0;;oui;s1:4x28;2c5cf4e8-a1f0-408a-a1f0-489b47714262
2025 - 2026;s1;GMAA;Crosse au champ;Secondaire;Crosse au champ C Garçons D3 SIXES;D3;Cadet;Garçons;0;0;0;0;0;0;0;;oui;s1:4x28;ff514c7a-0823-4b82-b680-6828250e21a7
2025 - 2026;s1;GMAA;Crosse au champ;Secondaire;Crosse au champ J Garçons D3 SIXES;D3;Juvénile;Garçons;5;0;0;0;0;0;0;;oui;s1:4x28;86bf88d7-569c-4b88-8997-67f7e9c1e742
2025 - 2026;diffusion+s1;GMAA;Crosse au champ;Secondaire;Crosse au champ O Garçons D3;D3;Ouvert;Garçons;7;;;;;;24;;oui;d:4x28 s1:4x28;d1c8aeb8-f72f-4b0d-915f-694f238f18cb
2025 - 2026;diffusion+s1;GMAA;Curling;Secondaire;Curling O Mixte D3;D3;Ouvert;Mixte;4;;;;;;13;;oui;d:4x39 s1:4x39;884708e4-1004-400c-8699-346953979a51
2025 - 2026;diffusion+s1;GMAA;Échecs;Secondaire;Échecs O Mixte D3 Virtual;D3;Ouvert;Mixte;5;;;;;;22;;oui;d:4x26 s1:4x26;3626869c-235a-424c-9284-ae0a7624b137
2025 - 2026;s1;GMAA;Escrime;Secondaire;Escrime B Filles D3;D3;Benjamin;Filles;1;0;0;0;0;0;0;;oui;s1:4x45;6b31c97a-6bc2-40c7-bfd3-7846156ad617
2025 - 2026;s1;GMAA;Escrime;Secondaire;Escrime B Garçons D3;D3;Benjamin;Garçons;3;0;0;0;0;0;0;;oui;s1:4x45;62b555d7-b3db-402d-9b44-8fb0533138a7
2025 - 2026;s1;GMAA;Escrime;Secondaire;Escrime C Filles D3;D3;Cadet;Filles;3;0;0;0;0;0;0;;oui;s1:4x45;51607994-f783-4248-8b0f-e8fad4370f4d
2025 - 2026;s1;GMAA;Escrime;Secondaire;Escrime C Garçons D3;D3;Cadet;Garçons;4;0;0;0;0;0;0;;oui;s1:4x45;5c9225e7-ce70-43ca-bc24-53201bbc038c
2025 - 2026;s1;GMAA;Escrime;Secondaire;Escrime J Filles D3;D3;Juvénile;Filles;3;0;0;0;0;0;0;;oui;s1:4x45;13f8ea59-ca42-40bc-992c-d8d89da4e861
2025 - 2026;s1;GMAA;Escrime;Secondaire;Escrime J Garçons D3;D3;Juvénile;Garçons;2;0;0;0;0;0;0;;oui;s1:4x45;a8fc79c2-a609-4fe4-a951-ef7c884b31e9
2025 - 2026;diffusion+s1;GMAA;Flag football;Secondaire;Flag football B Filles D3 Spring;D3;Benjamin;Filles;7;23;21;2;0;0;23;;oui;d:4x4 s1:4x4;8e2d413c-475e-43b9-9f36-8d9da5467c60
2025 - 2026;diffusion+s1;GMAA;Flag football;Secondaire;Flag football B Filles D4 Niveau 1 A;D4;Benjamin;Filles;7;26;21;5;0;0;26;;oui;d:4x4 s1:4x4;65edc4c9-8020-441c-aded-86a0b0e9294d
2025 - 2026;diffusion+s1;GMAA;Flag football;Secondaire;Flag football B Filles D4 Niveau 1 B;D4;Benjamin;Filles;4;17;12;5;0;0;12;;oui;d:4x4 s1:4x4;e69c9cbb-2fa8-40c3-ad77-7a7c30e37036
2025 - 2026;diffusion+s1;GMAA;Flag football;Secondaire;Flag football B Filles D4 Niveau 2 A;D4;Benjamin;Filles;4;19;12;7;0;0;19;;oui;d:4x4 s1:4x4;baf3b430-ba59-459a-9c29-1fc17586c1a9
2025 - 2026;diffusion+s1;GMAA;Flag football;Secondaire;Flag football B Filles D4 Niveau 2 B;D4;Benjamin;Filles;4;19;12;7;0;0;12;;oui;d:4x4 s1:4x4;00ffdbdc-86a6-47bb-abcf-023910e2d0cb
2025 - 2026;diffusion+s1;GMAA;Flag football;Secondaire;Flag football B Filles D4 Niveau 2 C;D4;Benjamin;Filles;4;19;12;7;0;0;12;;oui;d:4x4 s1:4x4;e06baefb-7db2-4b93-ba15-ee6b1a31b80d
2025 - 2026;diffusion+s1;GMAA;Flag football;Secondaire;Flag football B Filles D4 Niveau 2 D;D4;Benjamin;Filles;2;10;3;7;0;0;3;;oui;d:4x4 s1:4x4;5de1d375-7752-4256-b860-c255e4fe335b
2025 - 2026;diffusion+s1;GMAA;Flag football;Secondaire;Flag football B Garçons D3;D3;Benjamin;Garçons;4;13;12;1;0;0;13;;oui;d:4x4 s1:4x4;16e59b0e-3321-4900-8ba6-3192b19c26f1
2025 - 2026;diffusion+s1;GMAA;Flag football;Secondaire;Flag football B Garçons D4 Fall A;D4;Benjamin;Garçons;7;28;21;7;0;0;28;;oui;d:4x4 s1:4x4;786b8ab0-3457-4975-b230-91d6e3a54412
2025 - 2026;diffusion+s1;GMAA;Flag football;Secondaire;Flag football B Garçons D4 Fall B;D4;Benjamin;Garçons;5;17;10;7;0;0;10;;oui;d:4x4 s1:4x4;2bd4e105-f509-4051-80e4-f17bfe360338
2025 - 2026;diffusion+s1;GMAA;Flag football;Secondaire;Flag football C Filles D3 Spring;D3;Cadet;Filles;4;14;12;2;0;0;14;;oui;d:4x4 s1:4x4;996fd5d2-1a9f-48b3-9852-94c1f6cbf28b
2025 - 2026;diffusion+s1;GMAA;Flag football;Secondaire;Flag football C Filles D4 Niveau 1 A;D4;Cadet;Filles;8;31;28;3;0;0;31;;oui;d:4x4 s1:4x4;cfda2899-4620-4251-8b6c-cffacd3f7a5f
2025 - 2026;diffusion+s1;GMAA;Flag football;Secondaire;Flag football C Filles D4 Niveau 2 A;D4;Cadet;Filles;5;17;10;7;0;0;17;;oui;d:4x4 s1:4x4;ac7a983a-0a9b-474e-b3f7-76f836ea8d8a
2025 - 2026;diffusion+s1;GMAA;Flag football;Secondaire;Flag football C Filles D4 Niveau 2 B;D4;Cadet;Filles;5;17;10;7;0;0;10;;oui;d:4x4 s1:4x4;65177ed9-29a6-47e9-a884-043e9776b32f
2025 - 2026;diffusion+s1;GMAA;Flag football;Secondaire;Flag football C Garçons D3;D3;Cadet;Garçons;5;14;10;4;0;0;14;;oui;d:4x4 s1:4x4;341b0e3a-ddd6-4396-993f-4ade9137a208
2025 - 2026;diffusion+s1;GMAA;Flag football;Secondaire;Flag football C Garçons D4;D4;Cadet;Garçons;6;14;10;4;0;0;14;;oui;d:4x4 s1:4x4;18b13bdd-95b0-4e49-a6b4-927b0d69d937
2025 - 2026;diffusion+s1;GMAA;Flag football;Secondaire;Flag football J Filles D3 Spring;D3;Juvénile;Filles;5;22;20;2;0;0;22;;oui;d:4x4 s1:4x4;c7603fcd-d27a-4a16-a2eb-86310d1fe823
2025 - 2026;diffusion+s1;GMAA;Flag football;Secondaire;Flag football J Filles D4 Niveau 1 A;D4;Juvénile;Filles;5;27;20;7;0;0;27;;oui;d:4x4 s1:4x4;f4e03b33-e682-4e0f-9048-d5d7c1d65702
2025 - 2026;diffusion+s1;GMAA;Flag football;Secondaire;Flag football J Filles D4 Niveau 1 B;D4;Juvénile;Filles;5;27;20;7;0;0;0;;oui;d:4x4 s1:4x4;afb048bd-eaaf-4cde-a6be-ae5eba29555d
2025 - 2026;diffusion+s1;GMAA;Flag football;Secondaire;Flag football J Filles D4 Niveau 2 A;D4;Juvénile;Filles;4;19;12;7;0;0;19;;oui;d:4x4 s1:4x4;76643fe7-cce6-4163-90d0-107cdf54f039
2025 - 2026;diffusion+s1;GMAA;Flag football;Secondaire;Flag football J Filles D4 Niveau 2 B;D4;Juvénile;Filles;5;24;17;7;0;0;17;;oui;d:4x4 s1:4x4;57f453c4-e979-4686-ac3a-f2e11c8de55e
2025 - 2026;diffusion+s1;GMAA;Flag football;Secondaire;Flag football J Filles D4 Niveau 2 C;D4;Juvénile;Filles;4;19;12;7;0;0;12;;oui;d:4x4 s1:4x4;2e8a4db7-e6fd-49cf-9ae8-543691aa13de
2025 - 2026;diffusion+s1;GMAA;Flag football;Secondaire;Flag football J Filles D4 Niveau 2 D;D4;Juvénile;Filles;4;19;12;7;0;0;12;;oui;d:4x4 s1:4x4;86d91b92-9651-4a00-81ea-34ed471efa38
2025 - 2026;diffusion+s1;GMAA;Flag football;Secondaire;Flag football J Garçons D3 Fall A;D3;Juvénile;Garçons;4;19;12;7;0;0;19;;oui;d:4x4 s1:4x4;f81000b3-a261-4031-8943-57ab1cce3e58
2025 - 2026;diffusion+s1;GMAA;Flag football;Secondaire;Flag football J Garçons D3 Fall B;D3;Juvénile;Garçons;4;19;12;7;0;0;12;;oui;d:4x4 s1:4x4;c2de64b3-20c7-476b-856e-81c0c367e2f7
2025 - 2026;diffusion+s1;GMAA;Flag football;Secondaire;Flag football J Garçons D3 Fall C;D3;Juvénile;Garçons;4;19;12;7;0;0;12;;oui;d:4x4 s1:4x4;214fcd98-b681-4e47-86c5-105316c8d324
2025 - 2026;diffusion+s1;GMAA;Flag football;Secondaire;Flag football J Garçons D3 Fall D;D3;Juvénile;Garçons;4;19;12;7;0;0;12;;oui;d:4x4 s1:4x4;928b6a35-9a89-47ee-b75e-fe01ea8ce2b8
2025 - 2026;s1;GMAA;Flag football;Primaire;Flag football P5 Filles Royal Vale;;Primaire 5;Filles;3;;;;;;0;;oui;s1:4x4;fc4158b0-b0bf-47ee-8c21-f8b04608e34d
2025 - 2026;s1;GMAA;Flag football;Primaire;Flag football P5 Filles Terra Cotta;;Primaire 5;Filles;0;;;;;;0;;oui;s1:4x4;e731a2d5-ef12-4280-8b06-55462d756c68
2025 - 2026;s1;GMAA;Flag football;Primaire;Flag football P5 Garçons Royal Vale;;Primaire 5;Garçons;4;;;;;;0;;oui;s1:4x4;fac8da87-6000-40aa-90eb-b3f3329abb47
2025 - 2026;s1;GMAA;Flag football;Primaire;Flag football P5 Garçons Terra Cotta;;Primaire 5;Garçons;0;;;;;;0;;oui;s1:4x4;65bb0525-0ab9-480f-9a6f-d339b14fcf43
2025 - 2026;s1;GMAA;Flag football;Primaire;Flag football P5 Mixte Royal Vale;;Primaire 5;Mixte;0;;;;;;0;;oui;s1:4x4;c4ba5863-df90-4f84-9941-afb3fdfbb454
2025 - 2026;s1;GMAA;Flag football;Primaire;Flag football P5 Mixte Terra Cotta;;Primaire 5;Mixte;0;;;;;;0;;oui;s1:4x4;6c7218b6-3261-4655-9eed-f0c0fe65286a
2025 - 2026;s1;GMAA;Flag football;Primaire;Flag football P6 Filles Royal Vale;;Primaire 6;Filles;11;;;;;;0;;oui;s1:4x4;c37df8aa-92ff-4e48-9598-498acef8c11a
2025 - 2026;s1;GMAA;Flag football;Primaire;Flag football P6 Filles Terra Cotta;;Primaire 6;Filles;0;;;;;;0;;oui;s1:4x4;9672206a-3c9d-45aa-835d-3594389edad9
2025 - 2026;s1;GMAA;Flag football;Primaire;Flag football P6 Garçons Royal Vale;;Primaire 6;Garçons;13;;;;;;0;;oui;s1:4x4;8affac9a-a528-4cde-9d52-949a774bc88e
2025 - 2026;s1;GMAA;Flag football;Primaire;Flag football P6 Garçons Terra Cotta;;Primaire 6;Garçons;2;;;;;;0;;oui;s1:4x4;1d035c68-1b77-4124-b28e-392254c8c2f7
2025 - 2026;s1;GMAA;Flag football;Primaire;Flag football P6 Mixte Royal Vale;;Primaire 6;Mixte;0;;;;;;0;;oui;s1:4x4;11041223-c125-4a80-9278-1c2a210676de
2025 - 2026;s1;GMAA;Flag football;Primaire;Flag football P6 Mixte Terra Cotta;;Primaire 6;Mixte;3;;;;;;0;;oui;s1:4x4;c8954322-95a8-4476-abcf-2b1a17d0a508
2025 - 2026;diffusion+s1;GMAA;Futsal;Secondaire;Futsal B Filles D3;D3;Benjamin;Filles;5;;;;;;22;;oui;d:4x30 s1:4x30;99012d2f-54c7-4114-97ba-82b7dd20c63c
2025 - 2026;diffusion+s1;GMAA;Futsal;Secondaire;Futsal B Filles D4 Niveau 1;D4;Benjamin;Filles;4;;;;;;13;;oui;d:4x30 s1:4x30;29019c9f-5dd3-4539-85d1-e5b52c678b14
2025 - 2026;diffusion+s1;GMAA;Futsal;Secondaire;Futsal B Filles D4 Niveau 2;D4;Benjamin;Filles;4;;;;;;12;;oui;d:4x30 s1:4x30;565c2196-294d-413e-b0a4-f680c8f609a5
2025 - 2026;diffusion+s1;GMAA;Futsal;Secondaire;Futsal B Garçons D3;D3;Benjamin;Garçons;5;;;;;;22;;oui;d:4x30 s1:4x30;3c23e5e3-7101-498b-bcaa-dc20c5ef8976
2025 - 2026;diffusion+s1;GMAA;Futsal;Secondaire;Futsal B Garçons D4 Niveau 1 A;D4;Benjamin;Garçons;5;;;;;;25;;oui;d:4x30 s1:4x30;e02afda2-ad89-4786-a85a-709d2c801ab1
2025 - 2026;diffusion+s1;GMAA;Futsal;Secondaire;Futsal B Garçons D4 Niveau 1 B;D4;Benjamin;Garçons;5;;;;;;20;;oui;d:4x30 s1:4x30;d8499f2f-53b9-4844-b289-2ce3972ecad1
2025 - 2026;diffusion+s1;GMAA;Futsal;Secondaire;Futsal B Garçons D4 Niveau 2 A;D4;Benjamin;Garçons;5;;;;;;23;;oui;d:4x30 s1:4x30;7d70aa0d-f46c-40c1-9b7a-4054a8724125
2025 - 2026;diffusion+s1;GMAA;Futsal;Secondaire;Futsal B Garçons D4 Niveau 2 B;D4;Benjamin;Garçons;4;;;;;;12;;oui;d:4x30 s1:4x30;aa1f634d-8c89-41c8-9abb-5e60deb71568
2025 - 2026;diffusion+s1;GMAA;Futsal;Secondaire;Futsal C Filles D3;D3;Cadet;Filles;4;;;;;;13;;oui;d:4x30 s1:4x30;983add8b-2c95-4f75-88ca-c3786a852a21
2025 - 2026;diffusion+s1;GMAA;Futsal;Secondaire;Futsal C Filles D4 Niveau 1 A;D4;Cadet;Filles;3;;;;;;23;;oui;d:4x30 s1:4x30;2a6fd4a3-2693-4e02-810a-f13f2ce0e64e
2025 - 2026;s1;GMAA;Futsal;Secondaire;Futsal C Filles D4 Niveau 1 B;D4;Cadet;Filles;3;23;21;2;0;0;0;;oui;s1:4x30;8a23a137-f2d2-4d81-a907-15186e43696f
2025 - 2026;diffusion+s1;GMAA;Futsal;Secondaire;Futsal C Garçons D3 A;D3;Cadet;Garçons;4;;;;;;15;;oui;d:4x30 s1:4x30;73b27f6f-91cb-4c5c-aee1-02d67bd936c8
2025 - 2026;diffusion+s1;GMAA;Futsal;Secondaire;Futsal C Garçons D3 B;D3;Cadet;Garçons;4;;;;;;12;;oui;d:4x30 s1:4x30;95b1574f-7247-4f38-a355-cc33cd36dce7
2025 - 2026;diffusion+s1;GMAA;Futsal;Secondaire;Futsal C Garçons D4 Niveau 1;D4;Cadet;Garçons;7;;;;;;23;;oui;d:4x30 s1:4x30;18ef0be1-25b2-42bb-9378-c3298a810534
2025 - 2026;diffusion+s1;GMAA;Futsal;Secondaire;Futsal C Garçons D4 Niveau 2;D4;Cadet;Garçons;3;;;;;;7;;oui;d:4x30 s1:4x30;e178cf11-17b8-4e03-b8bf-50f89070a4db
2025 - 2026;diffusion+s1;GMAA;Futsal;Secondaire;Futsal J Filles D3;D3;Juvénile;Filles;4;;;;;;13;;oui;d:4x30 s1:4x30;e22e731c-4ef3-488d-8faa-10c6e22c441d
2025 - 2026;diffusion+s1;GMAA;Futsal;Secondaire;Futsal J Filles D4 Niveau 1 A;D4;Juvénile;Filles;2;;;;;;16;;oui;d:4x30 s1:4x30;6f38d70b-b793-4145-8283-3f83a030c4a7
2025 - 2026;s1;GMAA;Futsal;Secondaire;Futsal J Filles D4 Niveau 1 B;D4;Juvénile;Filles;3;16;14;2;0;0;0;;oui;s1:4x30;a85e6b54-2845-4bea-871e-1e661df0eca3
2025 - 2026;diffusion+s1;GMAA;Futsal;Secondaire;Futsal J Filles D4 Niveau 2;D4;Juvénile;Filles;5;;;;;;22;;oui;d:4x30 s1:4x30;e02c0a73-9ee4-42d7-b25d-76b6b6c9cf99
2025 - 2026;diffusion+s1;GMAA;Futsal;Secondaire;Futsal J Garçons D3;D3;Juvénile;Garçons;5;;;;;;22;;oui;d:4x30 s1:4x30;c0b256df-d606-44a3-ac80-a9b56637abc4
2025 - 2026;diffusion+s1;GMAA;Futsal;Secondaire;Futsal J Garçons D4 Niveau 1 A;D4;Juvénile;Garçons;5;;;;;;23;;oui;d:4x30 s1:4x30;4a2418e9-67bd-44b4-b843-d5ffc5628c06
2025 - 2026;diffusion+s1;GMAA;Futsal;Secondaire;Futsal J Garçons D4 Niveau 1 B;D4;Juvénile;Garçons;4;;;;;;12;;oui;d:4x30 s1:4x30;360d0b92-e648-48a1-8f33-863d885d96e9
2025 - 2026;diffusion+s1;GMAA;Futsal;Secondaire;Futsal J Garçons D4 Niveau 2;D4;Juvénile;Garçons;6;;;;;;18;;oui;d:4x30 s1:4x30;fa5fbeb2-2d66-4a72-bb09-d7e85c806d02
2025 - 2026;s1;GMAA;Futsal;Primaire;Futsal P5 Filles LBPHS;;Primaire 5;Filles;2;;;;;;0;;oui;s1:4x30;d99c56b1-fec5-4455-adf6-6dcb5f8ea8eb
2025 - 2026;s1;GMAA;Futsal;Primaire;Futsal P5 Filles PCHS;;Primaire 5;Filles;4;;;;;;0;;oui;s1:4x30;78233762-0f11-4532-8ad5-48c46d0e415a
2025 - 2026;s1;GMAA;Futsal;Primaire;Futsal P5 Garçons LBPHS;;Primaire 5;Garçons;8;;;;;;0;;oui;s1:4x30;46e0c131-5de2-4918-ab7b-ddf0ba35ace9
2025 - 2026;s1;GMAA;Futsal;Primaire;Futsal P5 Garçons PCHS;;Primaire 5;Garçons;6;;;;;;0;;oui;s1:4x30;ababd51f-0fd1-404c-aa3b-e97b610af050
2025 - 2026;s1;GMAA;Futsal;Primaire;Futsal P6 Filles LBPHS;;Primaire 6;Filles;7;;;;;;0;;oui;s1:4x30;6063075f-f87f-4b70-8485-5f0164a8643e
2025 - 2026;s1;GMAA;Futsal;Primaire;Futsal P6 Filles PCHS;;Primaire 6;Filles;8;;;;;;0;;oui;s1:4x30;a2327318-53cc-4c4f-8959-b1e2b30d4c83
2025 - 2026;s1;GMAA;Futsal;Primaire;Futsal P6 Garçons LBPHS;;Primaire 6;Garçons;12;;;;;;0;;oui;s1:4x30;6895f2e8-4da9-4a79-b700-e592db4651e1
2025 - 2026;s1;GMAA;Futsal;Primaire;Futsal P6 Garçons PCHS;;Primaire 6;Garçons;13;;;;;;0;;oui;s1:4x30;2ab3fbde-e82c-498f-a426-a815e1b2b1e3
2025 - 2026;s1;GMAA;Golf;Secondaire;Golf O Filles D3;D3;Ouvert;Filles;6;0;0;0;0;0;0;;oui;s1:4x6;3366ef43-14be-491a-8813-736917dee5d1
2025 - 2026;s1;GMAA;Golf;Secondaire;Golf O Garçons D3;D3;Ouvert;Garçons;13;0;0;0;0;0;0;;oui;s1:4x6;3edd81ab-a22c-4a5d-a1c4-9248a76cea3d
2025 - 2026;s1;GMAA;Golf;Secondaire;Golf O Mixte D4 Best ball Best ball;D4;Ouvert;Mixte;24;0;0;0;0;0;0;;oui;s1:4x6;695486d8-0df8-430d-8039-5a3fede53c84
2025 - 2026;diffusion+s1;GMAA;Hockey;Secondaire;Hockey M14 Garçons D4;D4;M14;Garçons;5;;;;;;33;;oui;d:4x9 s1:4x9;b3f8070e-295d-45fe-bcf9-8e0b0261154e
2025 - 2026;diffusion+s1;GMAA;Hockey;Secondaire;Hockey M15 Filles D4;D4;M15;Filles;3;;;;;;11;;oui;d:4x9 s1:4x9;2266065b-9cd4-4bfe-837c-718d1ff7ef7c
2025 - 2026;diffusion+s1;GMAA;Hockey;Secondaire;Hockey M18 Filles D4;D4;M18;Filles;4;;;;;;21;;oui;d:4x9 s1:4x9;d08ce081-6f91-498c-97d8-c96c63b68698
2025 - 2026;diffusion+s1;GMAA;Hockey;Secondaire;Hockey M18 Garçons D4;D4;M18;Garçons;4;;;;;;21;;oui;d:4x9 s1:4x9;dad14e79-e5fb-417b-865f-5b92eb764e1b
2025 - 2026;diffusion+s1;GMAA;Lutte;Secondaire;Lutte O Filles D3 Off Island;D3;Ouvert;Filles;5;;;;;;20;;oui;d:4x41 s1:4x41;8f6475b1-ef3a-4c1c-91a2-344fa44873ce
2025 - 2026;diffusion+s1;GMAA;Lutte;Secondaire;Lutte O Filles D3 On Island Central;D3;Ouvert;Filles;3;;;;;;5;;oui;d:4x41 s1:4x41;35f9efc8-df5c-44b1-a0de-e49a9e51930a
2025 - 2026;diffusion+s1;GMAA;Lutte;Secondaire;Lutte O Filles D3 On Island West;D3;Ouvert;Filles;3;;;;;;6;;oui;d:4x41 s1:4x41;21a172de-871a-4619-82ed-0ab65a2fa6fd
2025 - 2026;diffusion+s1;GMAA;Lutte;Secondaire;Lutte O Garçons D3 Off Island;D3;Ouvert;Garçons;6;;;;;;30;;oui;d:4x41 s1:4x41;8fc955b8-bbce-458a-bcbc-170e8e5f08dc
2025 - 2026;diffusion+s1;GMAA;Lutte;Secondaire;Lutte O Garçons D3 On Island Central;D3;Ouvert;Garçons;5;;;;;;22;;oui;d:4x41 s1:4x41;1ceb3884-67ab-4ce1-9cb6-b18c7fdc9c90
2025 - 2026;diffusion+s1;GMAA;Lutte;Secondaire;Lutte O Garçons D3 On Island West;D3;Ouvert;Garçons;5;;;;;;19;;oui;d:4x41 s1:4x41;22352e71-0271-47a2-8310-ada15eb6c8f7
2025 - 2026;s1;GMAA;Natation;Secondaire;Natation B Filles D3;D3;Benjamin;Filles;19;0;0;0;0;0;0;;oui;s1:4x10;80e5f8f8-8cef-471a-a5ae-7c38a2b0ac72
2025 - 2026;s1;GMAA;Natation;Secondaire;Natation B Garçons D3;D3;Benjamin;Garçons;16;0;0;0;0;0;0;;oui;s1:4x10;e4ea982e-7085-40de-825b-ec3c991af041
2025 - 2026;s1;GMAA;Natation;Secondaire;Natation C Filles D3;D3;Cadet;Filles;18;0;0;0;0;0;0;;oui;s1:4x10;098819e7-31f2-4a1d-a1ee-f00b4003cff2
2025 - 2026;s1;GMAA;Natation;Secondaire;Natation C Garçons D3;D3;Cadet;Garçons;14;0;0;0;0;0;0;;oui;s1:4x10;f23f9001-7a1e-42e0-bb3d-125c222105b0
2025 - 2026;s1;GMAA;Natation;Secondaire;Natation J Filles D3;D3;Juvénile;Filles;16;0;0;0;0;0;0;;oui;s1:4x10;742ef4dc-bbdb-4728-aaab-584dc41ea394
2025 - 2026;s1;GMAA;Natation;Secondaire;Natation J Garçons D3;D3;Juvénile;Garçons;14;0;0;0;0;0;0;;oui;s1:4x10;abca9185-ffb5-4d79-b8ae-7063467b4634
2025 - 2026;s1;GMAA;Pickleball;Secondaire;Pickleball B Filles D3;D3;Benjamin;Filles;6;0;0;0;0;0;0;;oui;s1:4x55;c666a708-57a7-44b6-a6e9-85f35b513841
2025 - 2026;s1;GMAA;Pickleball;Secondaire;Pickleball B Garçons D3;D3;Benjamin;Garçons;5;0;0;0;0;0;0;;oui;s1:4x55;9de70391-f3ae-478d-a174-9d55b04fdbc4
2025 - 2026;s1;GMAA;Pickleball;Secondaire;Pickleball C Filles D3;D3;Cadet;Filles;5;0;0;0;0;0;0;;oui;s1:4x55;faf10fa8-1f6b-4a5b-87cb-35898fb07a9c
2025 - 2026;s1;GMAA;Pickleball;Secondaire;Pickleball C Garçons D3;D3;Cadet;Garçons;5;0;0;0;0;0;0;;oui;s1:4x55;e9c3ab01-5b62-4d9e-bfd9-f09551fcd701
2025 - 2026;s1;GMAA;Pickleball;Secondaire;Pickleball J Filles D3;D3;Juvénile;Filles;5;0;0;0;0;0;0;;oui;s1:4x55;4170e602-8cb3-47ff-ac41-281e6e8bce0d
2025 - 2026;s1;GMAA;Pickleball;Secondaire;Pickleball J Garçons D3;D3;Juvénile;Garçons;9;0;0;0;0;0;0;;oui;s1:4x55;b955ba74-dd97-4a11-824c-877b86fa2d91
2025 - 2026;s1;GMAA;Rugby 7s;Secondaire;Rugby 7s B Filles D3 TOURNAMENT;D3;Benjamin;Filles;3;0;0;0;0;0;0;;oui;s1:4x42;ae28bd7a-6e25-4ac4-a67a-f2ee49976915
2025 - 2026;s1;GMAA;Rugby 7s;Secondaire;Rugby 7s B Garçons D3 TOURNAMENT;D3;Benjamin;Garçons;8;0;0;0;0;0;0;;oui;s1:4x42;c10306d5-e923-4cb3-9d18-fa9f81042c2e
2025 - 2026;s1;GMAA;Rugby 7s;Secondaire;Rugby 7s C Filles D3 TOURNAMENT;D3;Cadet;Filles;10;0;0;0;0;0;0;;oui;s1:4x42;65ed1342-b20f-495e-8ddc-1d50c450128f
2025 - 2026;s1;GMAA;Rugby 7s;Secondaire;Rugby 7s C Garçons D3 TOURNAMENT;D3;Cadet;Garçons;10;0;0;0;0;0;0;;oui;s1:4x42;ca38c050-f4cd-4fb9-b376-fb0c81a94e88
2025 - 2026;s1;GMAA;Rugby 7s;Secondaire;Rugby 7s J Filles D3 TOURNAMENT;D3;Juvénile;Filles;12;0;0;0;0;0;0;;oui;s1:4x42;baafbeca-98d0-44dd-bb3f-034f177ddaa9
2025 - 2026;s1;GMAA;Rugby 7s;Secondaire;Rugby 7s J Garçons D3 TOURNAMENT;D3;Juvénile;Garçons;16;0;0;0;0;0;0;;oui;s1:4x42;47367ac8-ac9b-49e9-98f5-2ab8fb465483
2025 - 2026;diffusion+s1;GMAA;Rugby;Secondaire;Rugby B Garçons A 10s;;Benjamin;Garçons;2;;;;;;11;;oui;d:4x11 s1:4x11;e9c310cd-4f58-4379-92a9-61d387dcca11
2025 - 2026;s1;GMAA;Rugby;Secondaire;Rugby B Garçons B 10s;;Benjamin;Garçons;2;11;8;3;0;0;0;;oui;s1:4x11;22bd1d78-3a05-4a09-8d80-5c905558620f
2025 - 2026;diffusion+s1;GMAA;Rugby;Secondaire;Rugby C Garçons A 15s;;Cadet;Garçons;2;;;;;;11;;oui;d:4x11 s1:4x11;670a37cc-7dad-4b5a-8ba6-66af70729c4a
2025 - 2026;diffusion+s1;GMAA;Rugby;Secondaire;Rugby C Garçons B 15s;;Cadet;Garçons;2;11;8;3;0;0;0;;oui;d:4x11 s1:4x11;63635859-c4d7-4233-a0bf-2871bedd5012
2025 - 2026;diffusion+s1;GMAA;Rugby;Secondaire;Rugby J Filles A 10s;;Juvénile;Filles;3;;;;;;15;;oui;d:4x11 s1:4x11;6ecb0d9e-ed71-4107-9e21-0f226a950f50
2025 - 2026;diffusion+s1;GMAA;Rugby;Secondaire;Rugby J Filles A 15s;;Juvénile;Filles;2;;;;;;11;;oui;d:4x11 s1:4x11;f3568722-a803-484b-9e99-b6ab36990358
2025 - 2026;s1;GMAA;Rugby;Secondaire;Rugby J Filles B 10s;;Juvénile;Filles;3;15;12;3;0;0;0;;oui;s1:4x11;d8b18c7b-9700-4f5c-a548-4c0c060a29ef
2025 - 2026;diffusion+s1;GMAA;Rugby;Secondaire;Rugby J Filles B 15s;;Juvénile;Filles;2;11;8;3;0;0;0;;oui;d:4x11 s1:4x11;e0295494-d12f-4f9c-b93b-7eaf4986905f
2025 - 2026;diffusion+s1;GMAA;Rugby;Secondaire;Rugby J Garçons 10s;;Juvénile;Garçons;2;;;;;;3;;oui;d:4x11 s1:4x11;be2246a7-0a3e-42f9-bbdc-5edbe7bd70c2
2025 - 2026;diffusion+s1;GMAA;Rugby;Secondaire;Rugby J Garçons A 15s;;Juvénile;Garçons;3;;;;;;15;;oui;d:4x11 s1:4x11;1076d98e-cc21-4d10-a502-9310f6202bd6
2025 - 2026;diffusion+s1;GMAA;Rugby;Secondaire;Rugby J Garçons B 15s;;Juvénile;Garçons;4;15;12;3;0;0;0;;oui;d:4x11 s1:4x11;75b53fa8-66d3-49fc-821a-754ab3118666
2025 - 2026;diffusion+s1;GMAA;Soccer;Secondaire;Soccer B Filles D3 A;D3;Benjamin;Filles;5;;;;;;35;;oui;d:4x13 s1:4x13;1aa087b1-8217-493d-8cee-630e8b4c83cf
2025 - 2026;diffusion+s1;GMAA;Soccer;Secondaire;Soccer B Filles D3 B;D3;Benjamin;Filles;4;35;32;3;0;0;0;;oui;d:4x13 s1:4x13;04d68830-94f7-4366-8030-b1061510f6f9
2025 - 2026;diffusion+s1;GMAA;Soccer;Secondaire;Soccer B Filles D4 Niveau 1 A;D4;Benjamin;Filles;4;;;;;;27;;oui;d:4x13 s1:4x13;ede5adac-318f-4d6b-8eab-7d22ddcbc5ca
2025 - 2026;diffusion+s1;GMAA;Soccer;Secondaire;Soccer B Filles D4 Niveau 1 B;D4;Benjamin;Filles;4;27;24;3;0;0;0;;oui;d:4x13 s1:4x13;b3bb2c0c-6a5e-4642-939a-ad8d902242d1
2025 - 2026;diffusion+s1;GMAA;Soccer;Secondaire;Soccer B Filles D4 Niveau 2;D4;Benjamin;Filles;5;;;;;;13;;oui;d:4x13 s1:4x13;41b6398e-8c63-484d-9b8e-fb8ca9be9711
2025 - 2026;diffusion+s1;GMAA;Soccer;Secondaire;Soccer B Garçons D3 A;D3;Benjamin;Garçons;7;;;;;;49;;oui;d:4x13 s1:4x13;076b574e-96a2-469a-9ee8-f58952ff2776
2025 - 2026;diffusion+s1;GMAA;Soccer;Secondaire;Soccer B Garçons D3 B;D3;Benjamin;Garçons;7;49;42;7;0;0;0;;oui;d:4x13 s1:4x13;c20bfd60-7ea5-46db-8b2a-873ae42a61da
2025 - 2026;diffusion+s1;GMAA;Soccer;Secondaire;Soccer B Garçons D4 Niveau 1 A;D4;Benjamin;Garçons;7;;;;;;43;;oui;d:4x13 s1:4x13;03b926a5-9c8d-4ccd-a1e5-51f03fee27fd
2025 - 2026;diffusion+s1;GMAA;Soccer;Secondaire;Soccer B Garçons D4 Niveau 1 B;D4;Benjamin;Garçons;6;43;36;7;0;0;0;;oui;d:4x13 s1:4x13;ebc77170-4f6d-4238-aea3-b040446919e9
2025 - 2026;diffusion+s1;GMAA;Soccer;Secondaire;Soccer B Garçons D4 Niveau 2 A;D4;Benjamin;Garçons;4;;;;;;41;;oui;d:4x13 s1:4x13;d007bc0f-985b-4ece-8535-affff9a45362
2025 - 2026;diffusion+s1;GMAA;Soccer;Secondaire;Soccer B Garçons D4 Niveau 2 B;D4;Benjamin;Garçons;4;41;36;5;0;0;0;;oui;d:4x13 s1:4x13;5b30a56e-d556-4817-b81f-52cd0e82a9a3
2025 - 2026;diffusion+s1;GMAA;Soccer;Secondaire;Soccer B Garçons D4 Niveau 2 C;D4;Benjamin;Garçons;4;41;36;5;0;0;0;;oui;d:4x13 s1:4x13;0dedeb65-8c94-4fdd-98ae-60537d6ba90f
2025 - 2026;diffusion+s1;GMAA;Soccer;Secondaire;Soccer C Filles D3 A;D3;Cadet;Filles;6;;;;;;18;;oui;d:4x13 s1:4x13;f0a7ce10-df71-4edc-a400-20f140f1dd3b
2025 - 2026;diffusion+s1;GMAA;Soccer;Secondaire;Soccer C Filles D4 Niveau 1;D4;Cadet;Filles;6;;;;;;18;;oui;d:4x13 s1:4x13;545430c6-f07a-443f-9873-53fddb9129f7
2025 - 2026;diffusion+s1;GMAA;Soccer;Secondaire;Soccer C Filles D4 Niveau 2;D4;Cadet;Filles;3;;;;;;8;;oui;d:4x13 s1:4x13;5b0fc8f6-2752-40e6-8c47-0c738336bb2e
2025 - 2026;diffusion+s1;GMAA;Soccer;Secondaire;Soccer C Garçons D3 A;D3;Cadet;Garçons;5;;;;;;43;;oui;d:4x13 s1:4x13;16eb5507-fe00-4e94-9309-8e557c740b20
2025 - 2026;diffusion+s1;GMAA;Soccer;Secondaire;Soccer C Garçons D3 B;D3;Cadet;Garçons;5;43;38;5;0;0;0;;oui;d:4x13 s1:4x13;5f6b8a6f-66ae-4e94-8283-1860addbb168
2025 - 2026;diffusion+s1;GMAA;Soccer;Secondaire;Soccer C Garçons D4 Niveau 1 A;D4;Cadet;Garçons;4;;;;;;40;;oui;d:4x13 s1:4x13;5279912a-6b44-4aea-8721-1205cc60d293
2025 - 2026;diffusion+s1;GMAA;Soccer;Secondaire;Soccer C Garçons D4 Niveau 1 B;D4;Cadet;Garçons;4;40;35;5;0;0;0;;oui;d:4x13 s1:4x13;b22c3504-da7f-4ad2-94f5-4de159f16bfa
2025 - 2026;diffusion+s1;GMAA;Soccer;Secondaire;Soccer C Garçons D4 Niveau 1 C;D4;Cadet;Garçons;4;40;35;5;0;0;0;;oui;d:4x13 s1:4x13;e6860a20-1bde-4216-bdcf-1794454537e9
2025 - 2026;diffusion+s1;GMAA;Soccer;Secondaire;Soccer C Garçons D4 Niveau 2;D4;Cadet;Garçons;6;;;;;;17;;oui;d:4x13 s1:4x13;5215fd01-6d8f-4c67-b985-a4a079bc92ca
2025 - 2026;diffusion+s1;GMAA;Soccer;Secondaire;Soccer J Filles D3 A;D3;Juvénile;Filles;4;;;;;;15;;oui;d:4x13 s1:4x13;48c41081-b33b-4796-9a2d-3747879ba27d
2025 - 2026;diffusion+s1;GMAA;Soccer;Secondaire;Soccer J Filles D3 B;D3;Juvénile;Filles;4;;;;;;12;;oui;d:4x13 s1:4x13;3f7f2cda-af54-400b-9d08-e31677c0a922
2025 - 2026;diffusion+s1;GMAA;Soccer;Secondaire;Soccer J Filles D4 Niveau 1 A;D4;Juvénile;Filles;4;;;;;;15;;oui;d:4x13 s1:4x13;a82a3c01-5db4-4266-8f99-7850dc5b4c48
2025 - 2026;diffusion+s1;GMAA;Soccer;Secondaire;Soccer J Filles D4 Niveau 1 B;D4;Juvénile;Filles;4;;;;;;12;;oui;d:4x13 s1:4x13;d9f75cf1-9a09-48c8-affc-964d81efb05c
2025 - 2026;diffusion+s1;GMAA;Soccer;Secondaire;Soccer J Filles D4 Niveau 2;D4;Juvénile;Filles;7;;;;;;18;;oui;d:4x13 s1:4x13;b5f75757-fe88-4416-9e6e-3ec446186b9a
2025 - 2026;diffusion+s1;GMAA;Soccer;Secondaire;Soccer J Garçons D3 A;D3;Juvénile;Garçons;4;;;;;;17;;oui;d:4x13 s1:4x13;d0dfb3c6-f6aa-4415-a5ed-1aa0a4bd2928
2025 - 2026;diffusion+s1;GMAA;Soccer;Secondaire;Soccer J Garçons D3 B;D3;Juvénile;Garçons;3;;;;;;6;;oui;d:4x13 s1:4x13;17e6ff71-502f-4ff6-af6c-bb36578aeb4f
2025 - 2026;diffusion+s1;GMAA;Soccer;Secondaire;Soccer J Garçons D3 C;D3;Juvénile;Garçons;4;;;;;;12;;oui;d:4x13 s1:4x13;60593ca6-038e-4ca9-91c0-9fcc7a49a607
2025 - 2026;diffusion+s1;GMAA;Soccer;Secondaire;Soccer J Garçons D4 Niveau 1 A;D4;Juvénile;Garçons;4;;;;;;15;;oui;d:4x13 s1:4x13;54e0ecf6-ac73-49c7-b7b3-c27d11de8e11
2025 - 2026;diffusion+s1;GMAA;Soccer;Secondaire;Soccer J Garçons D4 Niveau 1 B;D4;Juvénile;Garçons;5;;;;;;20;;oui;d:4x13 s1:4x13;dbfe8511-c4d3-4b44-a040-4029f5cc545f
2025 - 2026;diffusion+s1;GMAA;Soccer;Secondaire;Soccer J Garçons D4 Niveau 2 A;D4;Juvénile;Garçons;5;;;;;;25;;oui;d:4x13 s1:4x13;a464215e-e6af-43ae-a80a-491864dac17a
2025 - 2026;diffusion+s1;GMAA;Soccer;Secondaire;Soccer J Garçons D4 Niveau 2 B;D4;Juvénile;Garçons;5;;;;;;20;;oui;d:4x13 s1:4x13;1edeb1d5-9451-4317-8ddd-85c969b21391
2025 - 2026;s1;GMAA;Soccer;Primaire;Soccer P5 Mixte LMAC;;Primaire 5;Mixte;9;;;;;;0;;oui;s1:4x13;d2ee67e7-37a2-42db-9e6f-8d4c1c53b212
2025 - 2026;s1;GMAA;Soccer;Primaire;Soccer P5 Mixte Royal Vale;;Primaire 5;Mixte;15;;;;;;0;;oui;s1:4x13;9b320999-c53e-4d22-a426-aa9bac499d56
2025 - 2026;s1;GMAA;Soccer;Primaire;Soccer P6 Filles LMAC;;Primaire 6;Filles;3;;;;;;0;;oui;s1:4x13;6b7fed8e-b878-417f-b260-25310874d416
2025 - 2026;s1;GMAA;Soccer;Primaire;Soccer P6 Filles Royal Vale;;Primaire 6;Filles;9;;;;;;0;;oui;s1:4x13;09b1b2cf-169e-404f-9c0e-539c16819c11
2025 - 2026;s1;GMAA;Soccer;Primaire;Soccer P6 Garçons LMAC;;Primaire 6;Garçons;3;;;;;;0;;oui;s1:4x13;4cdd7998-a372-4397-a47f-f5876f212a02
2025 - 2026;s1;GMAA;Soccer;Primaire;Soccer P6 Garçons Royal Vale;;Primaire 6;Garçons;9;;;;;;0;;oui;s1:4x13;a90ab8ce-548a-4785-962b-ca7b4e1ed885
2025 - 2026;s1;GMAA;Tennis;Secondaire;Tennis B Filles D3;D3;Benjamin;Filles;8;0;0;0;0;0;0;;oui;s1:4x29;2221b9f1-b415-42b8-91f3-abfaced0b18f
2025 - 2026;s1;GMAA;Tennis;Secondaire;Tennis B Garçons D3;D3;Benjamin;Garçons;10;0;0;0;0;0;0;;oui;s1:4x29;3c67c8aa-fb23-4fb5-bf75-219e1f9f34c0
2025 - 2026;s1;GMAA;Tennis;Secondaire;Tennis C Filles D3;D3;Cadet;Filles;2;0;0;0;0;0;0;;oui;s1:4x29;63f441aa-e8ad-4bd1-a06c-9e45301a2f76
2025 - 2026;s1;GMAA;Tennis;Secondaire;Tennis C Garçons D3;D3;Cadet;Garçons;8;0;0;0;0;0;0;;oui;s1:4x29;bd888c6e-f1c5-4d5e-aa66-ed1fa1ff441d
2025 - 2026;s1;GMAA;Tennis;Secondaire;Tennis J Filles D3;D3;Juvénile;Filles;6;0;0;0;0;0;0;;oui;s1:4x29;dd16ab08-3577-4bfe-b0b3-41bcf4f82801
2025 - 2026;s1;GMAA;Tennis;Secondaire;Tennis J Garçons D3;D3;Juvénile;Garçons;8;0;0;0;0;0;0;;oui;s1:4x29;05b40543-648e-4e36-a97a-b94b9a233500
2025 - 2026;diffusion+s1;GMAA;Ultimate;Secondaire;Ultimate B Mixte D3;D3;Benjamin;Mixte;4;;;;;;7;;oui;d:4x25 s1:4x25;6ea9e047-8d78-48cf-8aae-a9410ed7a9d6
2025 - 2026;diffusion+s1;GMAA;Ultimate;Secondaire;Ultimate J Garçons D3;D3;Juvénile;Garçons;4;;;;;;7;;oui;d:4x25 s1:4x25;ead719a7-0f54-4727-9597-2c8dc602d96f
2025 - 2026;s1;GMAA;Ultimate;Primaire;Ultimate P6 Filles Marcel Laurin;;Primaire 6;Filles;0;;;;;;0;;oui;s1:4x25;e18b8a4d-d317-4004-8523-19a3f8bd3192
2025 - 2026;s1;GMAA;Ultimate;Primaire;Ultimate P6 Garçons Marcel Laurin ;;Primaire 6;Garçons;0;;;;;;0;;oui;s1:4x25;e1c5487e-f64e-44de-963b-1a46f2f5fa70
2025 - 2026;diffusion+s1;GMAA;Volleyball;Secondaire;Volleyball B Filles D3 A;D3;Benjamin;Filles;4;;;;;;27;;oui;d:4x16 s1:4x16;d70cf7f3-f5c5-4f6b-8c8c-b5ba74523e2d
2025 - 2026;diffusion+s1;GMAA;Volleyball;Secondaire;Volleyball B Filles D3 B;D3;Benjamin;Filles;4;;;;;;24;;oui;d:4x16 s1:4x16;747e0a5c-4e43-4a0b-acb9-323f444a756b
2025 - 2026;diffusion+s1;GMAA;Volleyball;Secondaire;Volleyball B Filles D4 Niveau 1 A;D4;Benjamin;Filles;4;;;;;;29;;oui;d:4x16 s1:4x16;62f677e9-53b1-4a99-98c0-b9d196bb1e1f
2025 - 2026;diffusion+s1;GMAA;Volleyball;Secondaire;Volleyball B Filles D4 Niveau 1 B;D4;Benjamin;Filles;5;;;;;;30;;oui;d:4x16 s1:4x16;b20a9c74-a079-46b0-bac8-c7b20f4a1dd2
2025 - 2026;diffusion+s1;GMAA;Volleyball;Secondaire;Volleyball B Filles D4 Niveau 2 A;D4;Benjamin;Filles;4;;;;;;35;;oui;d:4x16 s1:4x16;1a70dc2d-3a5d-49de-9fcf-dd2a1c153fe3
2025 - 2026;diffusion+s1;GMAA;Volleyball;Secondaire;Volleyball B Filles D4 Niveau 2 B;D4;Benjamin;Filles;4;;;;;;24;;oui;d:4x16 s1:4x16;a99bc6a1-6307-468a-8ad6-b0ffdec9b4b0
2025 - 2026;diffusion+s1;GMAA;Volleyball;Secondaire;Volleyball B Filles D4 Niveau 2 C;D4;Benjamin;Filles;4;;;;;;24;;oui;d:4x16 s1:4x16;18fbfc79-5790-4b36-aecb-20a0b841e128
2025 - 2026;diffusion+s1;GMAA;Volleyball;Secondaire;Volleyball B Filles D4 Niveau 2 D;D4;Benjamin;Filles;4;;;;;;24;;oui;d:4x16 s1:4x16;1534f538-32b5-44ee-855c-be0b4490a857
2025 - 2026;diffusion+s1;GMAA;Volleyball;Secondaire;Volleyball B Filles D4 Niveau 2 E;D4;Benjamin;Filles;4;;;;;;24;;oui;d:4x16 s1:4x16;c74af7db-8730-4ad4-9ce3-93db287c81e8
2025 - 2026;diffusion+s1;GMAA;Volleyball;Secondaire;Volleyball B Filles D4 Niveau 2 F;D4;Benjamin;Filles;4;;;;;;24;;oui;d:4x16 s1:4x16;8ae4c39c-c770-46d2-894f-46a6d568d2b4
2025 - 2026;diffusion+s1;GMAA;Volleyball;Secondaire;Volleyball B Garçons D3 A;D3;Benjamin;Garçons;5;;;;;;35;;oui;d:4x16 s1:4x16;4777c985-8488-4828-9c2c-f0bc01ab9993
2025 - 2026;diffusion+s1;GMAA;Volleyball;Secondaire;Volleyball B Garçons D3 B;D3;Benjamin;Garçons;5;;;;;;30;;oui;d:4x16 s1:4x16;66ee2433-a1b0-425b-8d4a-bccd434b4f20
2025 - 2026;diffusion+s1;GMAA;Volleyball;Secondaire;Volleyball C Filles D3 A;D3;Cadet;Filles;5;;;;;;35;;oui;d:4x16 s1:4x16;a434d45b-b043-4e95-bf22-23a6bc41bfdc
2025 - 2026;diffusion+s1;GMAA;Volleyball;Secondaire;Volleyball C Filles D3 B;D3;Cadet;Filles;6;;;;;;30;;oui;d:4x16 s1:4x16;23fac2c6-83a2-4985-b990-81301c5246e4
2025 - 2026;diffusion+s1;GMAA;Volleyball;Secondaire;Volleyball C Filles D4 Niveau 1 A;D4;Cadet;Filles;4;;;;;;27;;oui;d:4x16 s1:4x16;8a2b255c-5fd8-414c-a2bb-b7a9cc9c5feb
2025 - 2026;diffusion+s1;GMAA;Volleyball;Secondaire;Volleyball C Filles D4 Niveau 1 B;D4;Cadet;Filles;4;;;;;;24;;oui;d:4x16 s1:4x16;51e9cc35-4908-4090-a20d-32db9e5c15d6
2025 - 2026;diffusion+s1;GMAA;Volleyball;Secondaire;Volleyball C Filles D4 Niveau 2 A;D4;Cadet;Filles;4;;;;;;31;;oui;d:4x16 s1:4x16;5e5ac283-1019-49d6-bd9f-2c8e2c9d181e
2025 - 2026;diffusion+s1;GMAA;Volleyball;Secondaire;Volleyball C Filles D4 Niveau 2 B;D4;Cadet;Filles;5;;;;;;30;;oui;d:4x16 s1:4x16;42d3cac4-1665-4ef1-8a3e-7031766dcfdd
2025 - 2026;diffusion+s1;GMAA;Volleyball;Secondaire;Volleyball C Filles D4 Niveau 2 C;D4;Cadet;Filles;5;;;;;;30;;oui;d:4x16 s1:4x16;a4c7db7c-8235-4220-8d4a-87e716913e1e
2025 - 2026;diffusion+s1;GMAA;Volleyball;Secondaire;Volleyball C Filles D4 Niveau 2 D;D4;Cadet;Filles;4;;;;;;24;;oui;d:4x16 s1:4x16;7fffdb48-aa82-420e-ad03-d8836af68f41
2025 - 2026;diffusion+s1;GMAA;Volleyball;Secondaire;Volleyball C Garçons D3;D3;Cadet;Garçons;7;;;;;;45;;oui;d:4x16 s1:4x16;83ce4c9a-5b89-4b75-8262-d3e024738d5a
2025 - 2026;diffusion+s1;GMAA;Volleyball;Secondaire;Volleyball J Filles D3 A;D3;Juvénile;Filles;5;;;;;;35;;oui;d:4x16 s1:4x16;8229e27c-26d3-4b98-8a30-30a533669a85
2025 - 2026;diffusion+s1;GMAA;Volleyball;Secondaire;Volleyball J Filles D3 B;D3;Juvénile;Filles;5;;;;;;30;;oui;d:4x16 s1:4x16;c6d7ad80-98f7-4ea3-aff9-6d0b00bb058c
2025 - 2026;diffusion+s1;GMAA;Volleyball;Secondaire;Volleyball J Filles D4 Niveau 1;D4;Juvénile;Filles;7;;;;;;45;;oui;d:4x16 s1:4x16;1815c3f6-1f58-4a35-965d-b7f497124c44
2025 - 2026;diffusion+s1;GMAA;Volleyball;Secondaire;Volleyball J Filles D4 Niveau 2 A;D4;Juvénile;Filles;5;;;;;;37;;oui;d:4x16 s1:4x16;f90fe2d9-2745-4d48-856b-e7525eb27912
2025 - 2026;diffusion+s1;GMAA;Volleyball;Secondaire;Volleyball J Filles D4 Niveau 2 B;D4;Juvénile;Filles;5;;;;;;30;;oui;d:4x16 s1:4x16;38d7520b-8160-44d1-aea5-d8a5cf85a473
2025 - 2026;diffusion+s1;GMAA;Volleyball;Secondaire;Volleyball J Filles D4 Niveau 2 C;D4;Juvénile;Filles;4;;;;;;24;;oui;d:4x16 s1:4x16;1a66a091-b6a0-4d98-8d7a-7b715981cb1d
2025 - 2026;diffusion+s1;GMAA;Volleyball;Secondaire;Volleyball J Filles D4 Niveau 2 D;D4;Juvénile;Filles;5;;;;;;30;;oui;d:4x16 s1:4x16;7262d92d-7d05-4d4d-a95c-771083abd279
2025 - 2026;diffusion+s1;GMAA;Volleyball;Secondaire;Volleyball J Garçons D3;D3;Juvénile;Garçons;6;;;;;;32;;oui;d:4x16 s1:4x16;5f651653-cda2-41c7-bab2-c10bebdb1a99
2025 - 2026;diffusion+s1;GMAA;Volleyball;Secondaire;Volleyball J Garçons D4 A;D4;Juvénile;Garçons;4;;;;;;29;;oui;d:4x16 s1:4x16;5bfc9ce3-bd15-4c73-b5db-b619cc43b88f
2025 - 2026;diffusion+s1;GMAA;Volleyball;Secondaire;Volleyball J Garçons D4 B;D4;Juvénile;Garçons;5;;;;;;30;;oui;d:4x16 s1:4x16;42ec92d2-c10a-4377-8a6b-b4f1339bdf0e
2025 - 2026;s1;GMAA;Volleyball;Primaire;Volleyball P5 Filles LBPHS;;Primaire 5;Filles;6;;;;;;0;;oui;s1:4x16;bce3c908-2af0-4905-9541-76f358c91354
2025 - 2026;s1;GMAA;Volleyball;Primaire;Volleyball P5 Filles LMAC;;Primaire 5;Filles;10;;;;;;0;;oui;s1:4x16;0915d448-88b7-4d00-8814-b29925267c07
2025 - 2026;s1;GMAA;Volleyball;Primaire;Volleyball P5 Garçons LBPHS;;Primaire 5;Garçons;4;;;;;;0;;oui;s1:4x16;8de796f1-10f4-4ef9-b826-1d256c84a65b
2025 - 2026;s1;GMAA;Volleyball;Primaire;Volleyball P5 Garçons LMAC;;Primaire 5;Garçons;11;;;;;;0;;oui;s1:4x16;dee5ec0f-4c6e-40d8-b974-39f7072a021a
2025 - 2026;s1;GMAA;Volleyball;Primaire;Volleyball P6 Filles LBPHS;;Primaire 6;Filles;13;;;;;;0;;oui;s1:4x16;63a4ed67-94ef-4243-8cf8-ac76b4a94c91
2025 - 2026;s1;GMAA;Volleyball;Primaire;Volleyball P6 Filles LMAC;;Primaire 6;Filles;10;;;;;;0;;oui;s1:4x16;b2b4cca4-ce1a-4ee7-9dd5-5ca86dc6220b
2025 - 2026;s1;GMAA;Volleyball;Primaire;Volleyball P6 Garçons LBPHS;;Primaire 6;Garçons;9;;;;;;0;;oui;s1:4x16;edd341be-c581-4a99-953d-273bfcceabd7
2025 - 2026;s1;GMAA;Volleyball;Primaire;Volleyball P6 Garçons LMAC;;Primaire 6;Garçons;9;;;;;;0;;oui;s1:4x16;d2b34809-faeb-49d0-bf03-f4571ebefbea
2025 - 2026;diffusion+s1;GMAA;Water Polo;Secondaire;Water Polo C Filles D3;D3;Cadet;Filles;3;;;;;;8;;oui;d:4x54 s1:4x54;45979f35-b7bd-4c8c-9b4e-130f8de96b83
2025 - 2026;diffusion+s1;GMAA;Water Polo;Secondaire;Water Polo C Garçons D3 A;D3;Cadet;Garçons;4;;;;;;11;;oui;d:4x54 s1:4x54;93f2c0c5-9ddc-431f-addd-5df3b2df9042
2025 - 2026;diffusion+s1;GMAA;Water Polo;Secondaire;Water Polo C Garçons D3 B;D3;Cadet;Garçons;4;;;;;;6;;oui;d:4x54 s1:4x54;e9abfd2b-f537-43c9-a22a-84cd6e51c562
2025 - 2026;diffusion+s1;GMAA;Water Polo;Secondaire;Water Polo J Filles D3;D3;Juvénile;Filles;4;;;;;;11;;oui;d:4x54 s1:4x54;619a480d-3605-46ac-90c7-28b5a8944d57
2025 - 2026;diffusion+s1;GMAA;Water Polo;Secondaire;Water Polo J Garçons D3;D3;Juvénile;Garçons;5;;;;;;13;;oui;d:4x54 s1:4x54;79029c4b-f235-4c27-a549-bcb104814403
2025 - 2026;s1;Lac-Saint-Louis;Athlétisme;Secondaire;Athlétisme B F En Salle;;Benjamin;Féminin;12;0;0;0;0;0;0;;oui;s1:5x0;f80962d6-ac1f-4683-a7f7-1de91423f47a
2025 - 2026;s1;Lac-Saint-Louis;Athlétisme;Secondaire;Athlétisme B F Extérieur;;Benjamin;Féminin;10;0;0;0;0;0;0;;oui;s1:5x0;a80b6dff-62a4-46a5-9ded-5348392b3ba1
2025 - 2026;s1;Lac-Saint-Louis;Athlétisme;Secondaire;Athlétisme B M En Salle;;Benjamin;Masculin;10;0;0;0;0;0;0;;oui;s1:5x0;d87b180f-4fbf-4661-94ca-5806bf2e5f70
2025 - 2026;s1;Lac-Saint-Louis;Athlétisme;Secondaire;Athlétisme B M Extérieur;;Benjamin;Masculin;11;0;0;0;0;0;0;;oui;s1:5x0;07cc729d-c171-4417-a8e7-5443e40c54da
2025 - 2026;s1;Lac-Saint-Louis;Athlétisme;Secondaire;Athlétisme C F En Salle;;Cadet;Féminin;13;0;0;0;0;0;0;;oui;s1:5x0;3b1ef004-2108-413c-a606-f3dd0f567469
2025 - 2026;s1;Lac-Saint-Louis;Athlétisme;Secondaire;Athlétisme C F Extérieur;;Cadet;Féminin;12;0;0;0;0;0;0;;oui;s1:5x0;f6563a22-4999-441c-ab95-8dbb0304eb42
2025 - 2026;s1;Lac-Saint-Louis;Athlétisme;Secondaire;Athlétisme C M En Salle;;Cadet;Masculin;12;0;0;0;0;0;0;;oui;s1:5x0;cc1e1080-46a9-4b71-860b-012382b213b8
2025 - 2026;s1;Lac-Saint-Louis;Athlétisme;Secondaire;Athlétisme C M Extérieur;;Cadet;Masculin;10;0;0;0;0;0;0;;oui;s1:5x0;4aa71ddc-ade3-4790-9eae-e592a9223c36
2025 - 2026;s1;Lac-Saint-Louis;Athlétisme;Primaire;Athlétisme Co F Extérieur;;Colibri;Féminin;8;;;;;;0;;oui;s1:5x0;3312483e-8872-411f-88f6-1ed78be3cc03
2025 - 2026;s1;Lac-Saint-Louis;Athlétisme;Primaire;Athlétisme Co M Extérieur;;Colibri;Masculin;8;;;;;;0;;oui;s1:5x0;e5bae765-ae5e-4152-bd2b-9bccceb5f42c
2025 - 2026;s1;Lac-Saint-Louis;Athlétisme;Secondaire;Athlétisme J F En Salle;;Juvénile;Féminin;13;0;0;0;0;0;0;;oui;s1:5x0;a5f49a91-c4fd-4e01-8179-9e00ce7d9ce5
2025 - 2026;s1;Lac-Saint-Louis;Athlétisme;Secondaire;Athlétisme J F Extérieur;;Juvénile;Féminin;14;0;0;0;0;0;0;;oui;s1:5x0;2dfc7c55-c276-47cc-8fee-a2d4bfbd78ad
2025 - 2026;s1;Lac-Saint-Louis;Athlétisme;Secondaire;Athlétisme J M En Salle;;Juvénile;Masculin;12;0;0;0;0;0;0;;oui;s1:5x0;34483f87-ceb5-43f7-8a5a-7f2aa5c94c76
2025 - 2026;s1;Lac-Saint-Louis;Athlétisme;Secondaire;Athlétisme J M Extérieur;;Juvénile;Masculin;13;0;0;0;0;0;0;;oui;s1:5x0;f8320466-3333-4262-b774-80f13fbbbe68
2025 - 2026;s1;Lac-Saint-Louis;Athlétisme;Primaire;Athlétisme M F Extérieur;;Moustique;Féminin;7;;;;;;0;;oui;s1:5x0;fe7b3f9f-52a5-4260-a050-b9fa73926c53
2025 - 2026;s1;Lac-Saint-Louis;Athlétisme;Primaire;Athlétisme M M Extérieur;;Moustique;Masculin;7;;;;;;0;;oui;s1:5x0;57553fde-007f-41d0-bcad-733818f6e04f
2025 - 2026;s1;Lac-Saint-Louis;Badminton;Secondaire;Badminton B U D3;D3;Benjamin;Mixte;11;0;0;0;0;0;0;;oui;s1:5x18;dc0af056-3227-4a47-a1dd-cd64f5b948b6
2025 - 2026;s1;Lac-Saint-Louis;Badminton;Secondaire;Badminton B U D4 EST;D4;Benjamin;Mixte;11;0;0;0;0;0;0;;oui;s1:5x18;b3b736a6-7152-4821-a1b5-bee96daccc1c
2025 - 2026;s1;Lac-Saint-Louis;Badminton;Secondaire;Badminton B U D4 OUEST;D4;Benjamin;Mixte;10;0;0;0;0;0;0;;oui;s1:5x18;8c7b839f-9e41-4cb3-ab80-04a5c783b398
2025 - 2026;s1;Lac-Saint-Louis;Badminton;Secondaire;Badminton C U D3;D3;Cadet;Mixte;10;0;0;0;0;0;0;;oui;s1:5x18;655c385b-6eb8-44c0-b1d1-3f94c670b589
2025 - 2026;s1;Lac-Saint-Louis;Badminton;Secondaire;Badminton C U D4 EST;D4;Cadet;Mixte;11;0;0;0;0;0;0;;oui;s1:5x18;aa21f8c7-f515-4ed4-9311-544df997ba90
2025 - 2026;s1;Lac-Saint-Louis;Badminton;Secondaire;Badminton C U D4 OUEST;D4;Cadet;Mixte;9;0;0;0;0;0;0;;oui;s1:5x18;d1e08b8a-b8ac-4ffe-9c72-164acd38f26d
2025 - 2026;s1;Lac-Saint-Louis;Badminton;Secondaire;Badminton J U D3;D3;Juvénile;Mixte;11;0;0;0;0;0;0;;oui;s1:5x18;b5dc397d-7d0d-4e94-be95-65f467636ad0
2025 - 2026;s1;Lac-Saint-Louis;Badminton;Secondaire;Badminton J U D4 EST;D4;Juvénile;Mixte;11;0;0;0;0;0;0;;oui;s1:5x18;86180514-7ede-468c-84a3-eea058c6aa24
2025 - 2026;s1;Lac-Saint-Louis;Badminton;Secondaire;Badminton J U D4 OUEST;D4;Juvénile;Mixte;8;0;0;0;0;0;0;;oui;s1:5x18;1646f2d0-3486-42a3-a656-120294a7c341
2025 - 2026;s1;Lac-Saint-Louis;Badminton;Primaire;Badminton M U CRS;;Moustique;Mixte;3;;;;;;0;;oui;s1:5x18;5da1f611-3815-4fdf-8170-80ef177dab75
2025 - 2026;diffusion+s1;Lac-Saint-Louis;Basketball;Secondaire;Basketball A M D3;D3;Atome;Masculin;10;;;;;;50;;oui;d:5x1 s1:5x1;243fa133-f743-426e-956f-8d55a5aa6d51
2025 - 2026;diffusion+s1;Lac-Saint-Louis;Basketball;Secondaire;Basketball B F D3;D3;Benjamin;Féminin;4;;;;;;21;;oui;d:5x1 s1:5x1;8579dec7-79c6-4bc2-9671-b25ff216bba8
2025 - 2026;diffusion+s1;Lac-Saint-Louis;Basketball;Secondaire;Basketball B F D4;D4;Benjamin;Féminin;10;;;;;;48;;oui;d:5x1 s1:5x1;94285669-8efc-4f8e-ac2f-32d09d90d990
2025 - 2026;diffusion+s1;Lac-Saint-Louis;Basketball;Secondaire;Basketball B M D3;D3;Benjamin;Masculin;8;;;;;;45;;oui;d:5x1 s1:5x1;fc6d49d7-041a-407d-a2d1-ff97c2aa7451
2025 - 2026;diffusion+s1;Lac-Saint-Louis;Basketball;Secondaire;Basketball B M D4 Niveau 1;D4;Benjamin;Masculin;8;;;;;;43;;oui;d:5x1 s1:5x1;24711921-cf7d-458f-adf7-90b78b508cbc
2025 - 2026;diffusion+s1;Lac-Saint-Louis;Basketball;Secondaire;Basketball B M D4 Niveau 2;D4;Benjamin;Masculin;10;;;;;;48;;oui;d:5x1 s1:5x1;6ad32234-7531-480b-8788-8138d200a422
2025 - 2026;diffusion+s1;Lac-Saint-Louis;Basketball;Secondaire;Basketball C F D4;D4;Cadet;Féminin;6;;;;;;33;;oui;d:5x1 s1:5x1;48bcf4ac-e78b-4889-b1d6-75a3064b91e9
2025 - 2026;diffusion+s1;Lac-Saint-Louis;Basketball;Secondaire;Basketball C M D3;D3;Cadet;Masculin;9;;;;;;50;;oui;d:5x1 s1:5x1;855e7f24-0c2c-49ab-8247-423fe551a0a8
2025 - 2026;diffusion+s1;Lac-Saint-Louis;Basketball;Secondaire;Basketball C M D4 Niveau 1;D4;Cadet;Masculin;7;;;;;;33;;oui;d:5x1 s1:5x1;2f812e25-4476-4fd6-b38c-094ee2189e87
2025 - 2026;diffusion+s1;Lac-Saint-Louis;Basketball;Secondaire;Basketball C M D4 Niveau 2;D4;Cadet;Masculin;7;;;;;;45;;oui;d:5x1 s1:5x1;f3691c1d-872c-4b2f-b920-d560948cf3b5
2025 - 2026;s1;Lac-Saint-Louis;Basketball;Primaire;Basketball Co F Festival Colibri;;Colibri;Féminin;4;;;;;;0;;oui;s1:5x1;5b4b08a0-c428-4156-bbcd-f8366fa21c1a
2025 - 2026;diffusion+s1;Lac-Saint-Louis;Basketball;Secondaire;Basketball J F D3;D3;Juvénile;Féminin;5;;;;;;23;;oui;d:5x1 s1:5x1;3203e8cb-6b9e-4538-9b0e-ba9c457563fa
2025 - 2026;diffusion+s1;Lac-Saint-Louis;Basketball;Secondaire;Basketball J F D4 Niveau 1;D4;Juvénile;Féminin;3;;;;;;68;;oui;d:5x1 s1:5x1;87dcf74b-f6fa-4015-b1a9-045b90542cc1
2025 - 2026;diffusion+s1;Lac-Saint-Louis;Basketball;Secondaire;Basketball J F D4 Niveau 2;D4;Juvénile;Féminin;9;;;;;;3;;oui;d:5x1 s1:5x1;ed6eb687-e2f9-4bb3-b677-5afda189eb03
2025 - 2026;diffusion+s1;Lac-Saint-Louis;Basketball;Secondaire;Basketball J M D3;D3;Juvénile;Masculin;10;;;;;;50;;oui;d:5x1 s1:5x1;f2c1e77c-7031-4994-88b9-65dcf9623b76
2025 - 2026;diffusion+s1;Lac-Saint-Louis;Basketball;Secondaire;Basketball J M D4 Niveau 1;D4;Juvénile;Masculin;4;;;;;;69;;oui;d:5x1 s1:5x1;5788e139-5f3c-4101-aeb8-749a6fda7067
2025 - 2026;diffusion+s1;Lac-Saint-Louis;Basketball;Secondaire;Basketball J M D4 Niveau 2;D4;Juvénile;Masculin;8;;;;;;3;;oui;d:5x1 s1:5x1;54bfe852-273e-45c6-bb7d-ab6e692a62ff
2025 - 2026;diffusion+s1;Lac-Saint-Louis;Basketball;Secondaire;Basketball J M D4 Niveau 3;D4;Juvénile;Masculin;6;;;;;;33;;oui;d:5x1 s1:5x1;ba7c1da7-14be-42db-aeee-0cd21c5833a4
2025 - 2026;s1;Lac-Saint-Louis;Basketball;Primaire;Basketball M F CHAMPIONNAT RÉGIONAL;;Moustique;Féminin;6;;;;;;0;;oui;s1:5x1;b992821d-f5cd-4c65-951e-85c86f0848ad
2025 - 2026;s1;Lac-Saint-Louis;Basketball;Primaire;Basketball M F FESTIVAL DES COUGARS;;Moustique;Féminin;8;;;;;;0;;oui;s1:5x1;1198519b-35a6-4719-b903-864bbb5d3591
2025 - 2026;s1;Lac-Saint-Louis;Basketball;Primaire;Basketball M M CHAMPIONNAT RÉGIONAL;;Moustique;Masculin;10;;;;;;0;;oui;s1:5x1;e69f9fc8-93ad-4228-b260-a0a28a033178
2025 - 2026;s1;Lac-Saint-Louis;Basketball;Primaire;Basketball M M Festival Colibri;;Moustique;Masculin;4;;;;;;0;;oui;s1:5x1;abf67354-1bf0-4004-bd2c-c9dd60550afc
2025 - 2026;s1;Lac-Saint-Louis;Basketball;Primaire;Basketball M M FESTIVAL DES COUGARS;;Moustique;Masculin;10;;;;;;0;;oui;s1:5x1;52c8648a-65d9-44c1-ad58-b3ef252e0fde
2025 - 2026;s1;Lac-Saint-Louis;Course à pied;Secondaire;Course à pied O U 10 km;;Ouvert;Mixte;3;0;0;0;0;0;0;;oui;s1:5x31;961fa35c-6b2b-447e-82b8-e4f9bcf716cc
2025 - 2026;s1;Lac-Saint-Louis;Course à pied;Secondaire;Course à pied O U 15 km;;Ouvert;Mixte;2;0;0;0;0;0;0;;oui;s1:5x31;ad62ba4c-205f-4be7-af25-e1257f895dea
2025 - 2026;s1;Lac-Saint-Louis;Course à pied;Primaire et secondaire;Course à pied O U 2 km;;Ouvert;Mixte;1;0;0;0;0;0;0;;oui;s1:5x31;ecabe6b4-7b40-43f4-83ec-74693e989542
2025 - 2026;s1;Lac-Saint-Louis;Course à pied;Secondaire;Course à pied O U 21 km;;Ouvert;Mixte;1;0;0;0;0;0;0;;oui;s1:5x31;50a01157-c441-40fe-82fe-1a11502a581d
2025 - 2026;s1;Lac-Saint-Louis;Course à pied;Secondaire;Course à pied O U 5 km;;Ouvert;Mixte;6;0;0;0;0;0;0;;oui;s1:5x31;d92eb73a-6db8-4768-9125-5dad7b590cf7
2025 - 2026;s1;Lac-Saint-Louis;Cross-country;Secondaire;Cross-country B F;;Benjamin;Féminin;23;0;0;0;0;0;0;;oui;s1:5x3;ff8b89ba-215a-4ee3-a707-8d7943a0a034
2025 - 2026;s1;Lac-Saint-Louis;Cross-country;Primaire;Cross-country B F CRS-Prim.;;Benjamin;Féminin;20;;;;;;0;;oui;s1:5x3;c14e9a22-daae-4b43-a99f-12752f0a282b
2025 - 2026;s1;Lac-Saint-Louis;Cross-country;Secondaire;Cross-country B M;;Benjamin;Masculin;22;0;0;0;0;0;0;;oui;s1:5x3;4712f502-4adf-4a04-b570-9c6365a8e52c
2025 - 2026;s1;Lac-Saint-Louis;Cross-country;Primaire;Cross-country B M CRS-Prim.;;Benjamin;Masculin;20;;;;;;0;;oui;s1:5x3;3597cb10-d1ea-404c-830c-c4c37d143639
2025 - 2026;s1;Lac-Saint-Louis;Cross-country;Secondaire;Cross-country C F;;Cadet;Féminin;23;0;0;0;0;0;0;;oui;s1:5x3;c8fc444a-d72b-48b3-aecd-63a8cb9a4fa8
2025 - 2026;s1;Lac-Saint-Louis;Cross-country;Secondaire;Cross-country C M;;Cadet;Masculin;22;0;0;0;0;0;0;;oui;s1:5x3;262a507a-1023-4633-a5bc-d2cfc629c5da
2025 - 2026;s1;Lac-Saint-Louis;Cross-country;Primaire;Cross-country Co F CRS;;Colibri;Féminin;33;;;;;;0;;oui;s1:5x3;f5b81170-2c68-48ee-bcde-a0d1302f1315
2025 - 2026;s1;Lac-Saint-Louis;Cross-country;Primaire;Cross-country Co M CRS;;Colibri;Masculin;33;;;;;;0;;oui;s1:5x3;11a865e5-7f02-4e28-a238-bbc387b2a71f
2025 - 2026;s1;Lac-Saint-Louis;Cross-country;Secondaire;Cross-country J F;;Juvénile;Féminin;19;0;0;0;0;0;0;;oui;s1:5x3;dcb00762-92d2-430f-ae4c-03fb7172b248
2025 - 2026;s1;Lac-Saint-Louis;Cross-country;Secondaire;Cross-country J M;;Juvénile;Masculin;19;0;0;0;0;0;0;;oui;s1:5x3;fffb5871-3905-46bc-9ca4-9a921083c6b2
2025 - 2026;s1;Lac-Saint-Louis;Cross-country;Primaire;Cross-country M F 5ième année CRS;;Moustique;Féminin;38;;;;;;0;;oui;s1:5x3;32cc7aa8-f186-4e9b-896c-687670d26768
2025 - 2026;s1;Lac-Saint-Louis;Cross-country;Primaire;Cross-country M F 6ième année CRS;;Moustique;Féminin;36;;;;;;0;;oui;s1:5x3;9abe37eb-0ff0-4e27-a6c6-31642b8306bd
2025 - 2026;s1;Lac-Saint-Louis;Cross-country;Primaire;Cross-country M M 5ième année CRS;;Moustique;Masculin;37;;;;;;0;;oui;s1:5x3;67c9ff4d-2d14-4130-8f55-7cfd6c2b385f
2025 - 2026;s1;Lac-Saint-Louis;Cross-country;Primaire;Cross-country M M 6ième année CRS;;Moustique;Masculin;37;;;;;;0;;oui;s1:5x3;fee8a365-9196-42e1-a3b7-b25eb4326cf4
2025 - 2026;s1;Lac-Saint-Louis;Cross-country;Primaire et secondaire;Cross-country O F 1km FEST;;Ouvert;Féminin;21;0;0;0;0;0;0;;oui;s1:5x3;fb413e0b-b657-4d00-aefe-596a48a2d571
2025 - 2026;s1;Lac-Saint-Louis;Cross-country;Primaire et secondaire;Cross-country O F 2km FEST;;Ouvert;Féminin;24;0;0;0;0;0;0;;oui;s1:5x3;aacc5a4a-2dbc-4c55-9887-9b2adf758239
2025 - 2026;s1;Lac-Saint-Louis;Cross-country;Primaire et secondaire;Cross-country O F 3km FEST;;Ouvert;Féminin;20;0;0;0;0;0;0;;oui;s1:5x3;1cc399ca-407c-4220-b0f4-e0f7ca8026be
2025 - 2026;s1;Lac-Saint-Louis;Cross-country;Primaire et secondaire;Cross-country O M 1km FEST;;Ouvert;Masculin;23;0;0;0;0;0;0;;oui;s1:5x3;ca60968e-1637-4000-9975-5900834581b7
2025 - 2026;s1;Lac-Saint-Louis;Cross-country;Primaire et secondaire;Cross-country O M 2km FEST;;Ouvert;Masculin;24;0;0;0;0;0;0;;oui;s1:5x3;5b1080ec-dcc1-42e2-a0ec-84a7c9b56e1a
2025 - 2026;s1;Lac-Saint-Louis;Cross-country;Primaire et secondaire;Cross-country O M 3km FEST;;Ouvert;Masculin;21;0;0;0;0;0;0;;oui;s1:5x3;8d2fe8ce-e4f9-4721-af59-3d6de5eeca55
2025 - 2026;diffusion+s1;Lac-Saint-Louis;Flag football;Secondaire;Flag football A F Automne;;Atome;Féminin;3;9;9;0;0;0;9;;oui;d:5x4 s1:5x4;58dcb3ea-9356-4649-a6d8-cb9ba692d35f
2025 - 2026;diffusion+s1;Lac-Saint-Louis;Flag football;Secondaire;Flag football A F D3 Printemps;D3;Atome;Féminin;6;18;15;3;0;0;18;;oui;d:5x4 s1:5x4;585ca1c3-8077-40a3-818f-75f7e6073499
2025 - 2026;diffusion+s1;Lac-Saint-Louis;Flag football;Secondaire;Flag football B F D3 Printemps;D3;Benjamin;Féminin;4;15;12;3;0;0;15;;oui;d:5x4 s1:5x4;19454dc7-9fe4-4ff0-9f43-083c037469f7
2025 - 2026;diffusion+s1;Lac-Saint-Louis;Flag football;Secondaire;Flag football B F D4 Niveau 1 Printemps;D4;Benjamin;Féminin;7;24;21;3;0;0;24;;oui;d:5x4 s1:5x4;01cc57ad-2d63-4855-9730-15fa432ae97b
2025 - 2026;diffusion+s1;Lac-Saint-Louis;Flag football;Secondaire;Flag football B F D4 Niveau 2 Printemps;D4;Benjamin;Féminin;7;24;21;3;0;0;24;;oui;d:5x4 s1:5x4;b71645f0-9b88-48ed-a21f-e439cab11c95
2025 - 2026;diffusion+s1;Lac-Saint-Louis;Flag football;Secondaire;Flag football B F EST Automne;;Benjamin;Féminin;6;15;15;0;1;0;15;;oui;d:5x4 s1:5x4;21415fd9-3783-4e8e-ba4b-2085783613fa
2025 - 2026;diffusion+s1;Lac-Saint-Louis;Flag football;Secondaire;Flag football B F OUEST Automne;;Benjamin;Féminin;7;21;21;0;1;0;21;;oui;d:5x4 s1:5x4;6dd0f409-aa99-49a7-adc8-bbcc7343c99c
2025 - 2026;diffusion+s1;Lac-Saint-Louis;Flag football;Secondaire;Flag football B M D3 Printemps;D3;Benjamin;Masculin;6;18;15;3;0;0;18;;oui;d:5x4 s1:5x4;e6f29591-575b-48b4-a77b-4431f06cb873
2025 - 2026;diffusion+s1;Lac-Saint-Louis;Flag football;Secondaire;Flag football C F D3 Printemps;D3;Cadet;Féminin;4;15;12;3;0;0;15;;oui;d:5x4 s1:5x4;d469db3c-51e0-4e1a-b86e-efe6ef225a76
2025 - 2026;diffusion+s1;Lac-Saint-Louis;Flag football;Secondaire;Flag football C F D4 Niveau 1 Section A Printemps;D4;Cadet;Féminin;5;18;15;3;0;0;18;;oui;d:5x4 s1:5x4;cdafae67-ec9d-41f1-80d0-1e6eb0ccf9a7
2025 - 2026;diffusion+s1;Lac-Saint-Louis;Flag football;Secondaire;Flag football C F D4 Niveau 1 Section B Printemps;D4;Cadet;Féminin;6;18;15;3;0;0;15;;oui;d:5x4 s1:5x4;38ec8f50-d596-44df-a142-10bb918e59e3
2025 - 2026;diffusion+s1;Lac-Saint-Louis;Flag football;Secondaire;Flag football C F D4 Niveau 2 Printemps;D4;Cadet;Féminin;7;24;21;3;0;0;24;;oui;d:5x4 s1:5x4;7783d26b-aed6-42fb-9207-2ef4fa2575b1
2025 - 2026;diffusion+s1;Lac-Saint-Louis;Flag football;Secondaire;Flag football C F EST Automne;;Cadet;Féminin;7;21;21;0;0;0;21;;oui;d:5x4 s1:5x4;d4e5f08b-5ea1-4671-bc3d-7fee0b6b9c5d
2025 - 2026;diffusion+s1;Lac-Saint-Louis;Flag football;Secondaire;Flag football C F Ligue des championnes;;Cadet;Féminin;11;67;55;12;0;0;67;;oui;d:5x4 s1:5x4;142ec378-4a10-4d10-9012-c3ef43aa962f
2025 - 2026;diffusion+s1;Lac-Saint-Louis;Flag football;Secondaire;Flag football C F OUEST Automne;;Cadet;Féminin;7;21;21;0;1;0;21;;oui;d:5x4 s1:5x4;3a62f3ba-bb7f-4bfc-97a4-a17a6d7ab5d3
2025 - 2026;diffusion+s1;Lac-Saint-Louis;Flag football;Secondaire;Flag football C M D3 Printemps;D3;Cadet;Masculin;5;16;13;3;0;0;16;;oui;d:5x4 s1:5x4;5a9a1be8-250c-40b1-ae36-a46642b53f83
2025 - 2026;diffusion+s1;Lac-Saint-Louis;Flag football;Secondaire;Flag football J F D3 Printemps;D3;Juvénile;Féminin;5;18;15;3;0;0;18;;oui;d:5x4 s1:5x4;47e19d65-d356-4e52-a86f-b89471d40231
2025 - 2026;diffusion+s1;Lac-Saint-Louis;Flag football;Secondaire;Flag football J F D4 Niveau 1 Printemps;D4;Juvénile;Féminin;7;24;21;3;0;0;24;;oui;d:5x4 s1:5x4;6595512d-e5b3-46c6-8045-f7f08d75b29a
2025 - 2026;diffusion+s1;Lac-Saint-Louis;Flag football;Secondaire;Flag football J F D4 Niveau 2 Printemps;D4;Juvénile;Féminin;7;24;21;3;0;0;24;;oui;d:5x4 s1:5x4;02e6fc1a-f7e8-4961-be92-1278ad371de9
2025 - 2026;diffusion+s1;Lac-Saint-Louis;Flag football;Secondaire;Flag football J F EST Automne;;Juvénile;Féminin;7;21;21;0;0;0;21;;oui;d:5x4 s1:5x4;29763b33-508b-4739-abb7-d1c56fba5e77
2025 - 2026;diffusion+s1;Lac-Saint-Louis;Flag football;Secondaire;Flag football J F Ligue des championnes;;Juvénile;Féminin;12;78;66;12;0;0;78;;oui;d:5x4 s1:5x4;dea29173-4996-48dd-a5c0-269d44b88f76
2025 - 2026;diffusion+s1;Lac-Saint-Louis;Flag football;Secondaire;Flag football J F OUEST Automne;;Juvénile;Féminin;6;15;15;0;1;0;15;;oui;d:5x4 s1:5x4;c8acfb98-f781-407a-9db8-107470eabdfa
2025 - 2026;diffusion+s1;Lac-Saint-Louis;Flag football;Secondaire;Flag football J M D3 Printemps;D3;Juvénile;Masculin;6;18;15;3;0;0;18;;oui;d:5x4 s1:5x4;c3bfb187-30a2-4875-8266-44435ae4bfec
2025 - 2026;diffusion+s1;Lac-Saint-Louis;Flag football;Secondaire;Flag football J M D4 Printemps;D4;Juvénile;Masculin;7;24;21;3;0;0;24;;oui;d:5x4 s1:5x4;45f146a4-5ec7-41b5-80cb-bcb169adf6c3
2025 - 2026;s1;Lac-Saint-Louis;Flag football;Primaire;Flag football M F CHAMPIONNAT  RÉGIONAL;;Moustique;Féminin;8;;;;;;0;;oui;s1:5x4;41cbd97d-9921-4f44-b583-d3c8d21329a2
2025 - 2026;s1;Lac-Saint-Louis;Flag football;Primaire;Flag football M F TOURNOI DES AIGLES D'OR;;Moustique;Féminin;7;;;;;;0;;oui;s1:5x4;74f26aa8-3193-4f33-a69e-732b5ce5b25f
2025 - 2026;s1;Lac-Saint-Louis;Flag football;Primaire;Flag football M M CHAMPIONNAT  RÉGIONAL;;Moustique;Masculin;12;;;;;;0;;oui;s1:5x4;8040dd55-f6e9-42f9-87b1-9fc69eab7c11
2025 - 2026;s1;Lac-Saint-Louis;Flag football;Primaire;Flag football M M TOURNOI DES AIGLES D'OR;;Moustique;Masculin;7;;;;;;0;;oui;s1:5x4;a7f7389f-7595-426c-81c6-31c351aebd68
2025 - 2026;s1;Lac-Saint-Louis;Flag football;Primaire;Flag football M U CHAMPIONNAT RÉGIONAL;;Moustique;Mixte;10;;;;;;0;;oui;s1:5x4;b2989426-0bca-447e-bf86-b92f709eb915
2025 - 2026;s1;Lac-Saint-Louis;Flag football;Primaire;Flag football M U TOURNOI DES AIGLES D'OR;;Moustique;Mixte;9;;;;;;0;;oui;s1:5x4;010c72cb-6ddc-4f26-b518-af89afbe2aef
2025 - 2026;diffusion+s1;Lac-Saint-Louis;Football;Secondaire;Football A M football à 12 PRINTEMPS;;Atome;Masculin;3;5;5;0;0;0;5;;oui;d:5x5 s1:5x5;7fb6b826-635f-4da7-ad33-f3a7f8ae0234
2025 - 2026;diffusion+s1;Lac-Saint-Louis;Football;Secondaire;Football A M football à 9 PRINTEMPS;;Atome;Masculin;4;12;12;0;0;0;12;;oui;d:5x5 s1:5x5;9d848fbd-3a42-4dc7-b706-658ce242e3e0
2025 - 2026;diffusion+s1;Lac-Saint-Louis;Football;Secondaire;Football B M football à 12;;Benjamin;Masculin;4;18;18;0;0;0;18;;oui;d:5x5 s1:5x5;9cddb636-8461-48e5-a947-5fcd22336786
2025 - 2026;diffusion+s1;Lac-Saint-Louis;Football;Secondaire;Football B M football à 9;;Benjamin;Masculin;7;40;29;11;0;0;40;;oui;d:5x5 s1:5x5;6edd26bb-5793-49b0-bc72-a95193c37baa
2025 - 2026;diffusion+s1;Lac-Saint-Louis;Football;Secondaire;Football C M D3 football à 12;D3;Cadet;Masculin;7;23;21;2;0;3;23;;oui;d:5x5 s1:5x5;1712e984-7a74-473c-90fb-df0d858a5a87
2025 - 2026;diffusion+s1;Lac-Saint-Louis;Football;Secondaire;Football C M D4 football à 12;D4;Cadet;Masculin;7;23;21;2;0;1;23;;oui;d:5x5 s1:5x5;1fddce93-104a-44d9-a874-cc553f3a049f
2025 - 2026;diffusion+s1;Lac-Saint-Louis;Football;Secondaire;Football J M D3 football à 12;D3;Juvénile;Masculin;8;26;24;2;0;3;26;;oui;d:5x5 s1:5x5;4a77f16f-0bfe-4213-bb0c-c95e8ad0faa8
2025 - 2026;diffusion+s1;Lac-Saint-Louis;Futsal;Secondaire;Futsal A M D3;D3;Atome;Masculin;7;;;;;;38;;oui;d:5x30 s1:5x30;dfb98069-ffc7-4b9e-b4e0-e1ca6737d2b3
2025 - 2026;diffusion+s1;Lac-Saint-Louis;Futsal;Secondaire;Futsal A M D4;D4;Atome;Masculin;9;;;;;;57;;oui;d:5x30 s1:5x30;dc120419-ad31-464e-8d55-bd9422dff63b
2025 - 2026;diffusion+s1;Lac-Saint-Louis;Futsal;Secondaire;Futsal B F D3;D3;Benjamin;Féminin;3;;;;;;11;;oui;d:5x30 s1:5x30;21343cf3-47ba-407a-bed2-7f9b50d95d88
2025 - 2026;diffusion+s1;Lac-Saint-Louis;Futsal;Secondaire;Futsal B F D4;D4;Benjamin;Féminin;11;;;;;;58;;oui;d:5x30 s1:5x30;eb0199ef-9772-4302-9340-4a746c34033f
2025 - 2026;diffusion+s1;Lac-Saint-Louis;Futsal;Secondaire;Futsal B M D3;D3;Benjamin;Masculin;12;;;;;;73;;oui;d:5x30 s1:5x30;1756d459-f99c-4286-adef-c77d7d8c0692
2025 - 2026;diffusion+s1;Lac-Saint-Louis;Futsal;Secondaire;Futsal B M D4 Niveau 1;D4;Benjamin;Masculin;6;;;;;;33;;oui;d:5x30 s1:5x30;2e3c87e5-3f73-4fc0-85fe-68c06b673a01
2025 - 2026;diffusion+s1;Lac-Saint-Louis;Futsal;Secondaire;Futsal B M D4 Niveau 2;D4;Benjamin;Masculin;8;;;;;;51;;oui;d:5x30 s1:5x30;d5e3d321-36d8-4f14-a7f0-19bb9602321f
2025 - 2026;s1;Lac-Saint-Louis;Futsal;Secondaire;Futsal C F D3;D3;Cadet;Féminin;1;0;0;0;0;0;0;;oui;s1:5x30;cb242e64-e74c-4bf8-931c-5fb7830b8660
2025 - 2026;diffusion+s1;Lac-Saint-Louis;Futsal;Secondaire;Futsal C F D4;D4;Cadet;Féminin;11;;;;;;69;;oui;d:5x30 s1:5x30;cce82204-f579-4f49-a50c-d21932cf6043
2025 - 2026;diffusion+s1;Lac-Saint-Louis;Futsal;Secondaire;Futsal C M D3;D3;Cadet;Masculin;12;;;;;;73;;oui;d:5x30 s1:5x30;3499dc69-527c-42fa-a54d-8926cfb96109
2025 - 2026;diffusion+s1;Lac-Saint-Louis;Futsal;Secondaire;Futsal C M D4 Niveau 1;D4;Cadet;Masculin;7;;;;;;45;;oui;d:5x30 s1:5x30;3491d9d4-7181-436a-8a0d-14a5d1ef6324
2025 - 2026;diffusion+s1;Lac-Saint-Louis;Futsal;Secondaire;Futsal C M D4 Niveau 2;D4;Cadet;Masculin;10;;;;;;63;;oui;d:5x30 s1:5x30;90e5e86e-5990-4d5b-8aa0-e098180fc3d4
2025 - 2026;diffusion+s1;Lac-Saint-Louis;Futsal;Secondaire;Futsal J F D3;D3;Juvénile;Féminin;4;;;;;;21;;oui;d:5x30 s1:5x30;278c2c75-4425-4cb4-81d6-fac7086695f2
2025 - 2026;diffusion+s1;Lac-Saint-Louis;Futsal;Secondaire;Futsal J F D4;D4;Juvénile;Féminin;12;;;;;;69;;oui;d:5x30 s1:5x30;d3f35ba2-8d54-48d2-be88-488488a2caec
2025 - 2026;diffusion+s1;Lac-Saint-Louis;Futsal;Secondaire;Futsal J M D3;D3;Juvénile;Masculin;11;;;;;;60;;oui;d:5x30 s1:5x30;90d74f54-c99e-4d90-8c4d-2ca1d4c87232
2025 - 2026;diffusion+s1;Lac-Saint-Louis;Futsal;Secondaire;Futsal J M D4 Niveau 1;D4;Juvénile;Masculin;8;;;;;;51;;oui;d:5x30 s1:5x30;64fc43c2-3125-41de-96b8-a7b66c47d4ba
2025 - 2026;diffusion+s1;Lac-Saint-Louis;Futsal;Secondaire;Futsal J M D4 Niveau 2;D4;Juvénile;Masculin;4;;;;;;21;;oui;d:5x30 s1:5x30;ec5e3f70-a698-415b-95e9-e7406fa19622
2025 - 2026;s1;Lac-Saint-Louis;Hockey cosom;Primaire;Hockey cosom Co U FESTIVAL COLIBRI;;Colibri;Mixte;6;;;;;;0;;oui;s1:5x7;a01d828e-e642-42d0-990c-3b64309373cd
2025 - 2026;s1;Lac-Saint-Louis;Hockey cosom;Primaire;Hockey cosom M M CHAMPIONNAT RÉGIONAL;;Moustique;Masculin;8;;;;;;0;;oui;s1:5x7;7b364d00-aed9-4f27-ab1d-389fc43daf97
2025 - 2026;s1;Lac-Saint-Louis;Hockey cosom;Primaire;Hockey cosom M M TOURNOI  BLEU & OR ;;Moustique;Masculin;5;;;;;;0;;oui;s1:5x7;5ed43654-b9c9-40a4-aeb5-8d79cdd13fca
2025 - 2026;s1;Lac-Saint-Louis;Hockey cosom;Primaire;Hockey cosom P F CHAMPIONNAT RÉGIONAL;;Primaire;Féminin;6;;;;;;0;;oui;s1:5x7;5a4b40cb-78a0-4702-a6db-683455b1b840
2025 - 2026;s1;Lac-Saint-Louis;Hockey cosom;Primaire;Hockey cosom P F TOURNOI  BLEU & OR ;;Primaire;Féminin;4;;;;;;0;;oui;s1:5x7;0186affe-0381-4e71-a816-a5d64880d1b3
2025 - 2026;diffusion+s1;Lac-Saint-Louis;Hockey sans contact;Primaire;Hockey sans contact M M;;Moustique;Masculin;5;;;;;;31;;oui;d:5x8 s1:5x8;aac88df4-2aae-46fa-b213-2d9ef1770810
2025 - 2026;s1;Lac-Saint-Louis;Hockey sans contact;Primaire;Hockey sans contact M M TOURNOI DES DRAGONS;;Moustique;Masculin;8;;;;;;0;;oui;s1:5x8;7668b672-f451-4c4a-9339-8833d251dab0
2025 - 2026;diffusion+s1;Lac-Saint-Louis;Improvisation;Secondaire;Improvisation C U D3;D3;Cadet;Mixte;4;;;;;;22;;oui;d:5x27 s1:5x27;33b6e017-f203-424d-9288-7d45338c57a6
2025 - 2026;diffusion+s1;Lac-Saint-Louis;Improvisation;Secondaire;Improvisation J U D3;D3;Juvénile;Mixte;10;;;;;;62;;oui;d:5x27 s1:5x27;e6349538-18ee-46d4-aecd-9453f8b3589d
2025 - 2026;s1;Lac-Saint-Louis;Natation;Secondaire;Natation B F;;Benjamin;Féminin;12;0;0;0;0;0;0;;oui;s1:5x10;dafb9040-72c1-41b0-9015-286a2aa8cea9
2025 - 2026;s1;Lac-Saint-Louis;Natation;Secondaire;Natation B M;;Benjamin;Masculin;9;0;0;0;0;0;0;;oui;s1:5x10;05bd7578-5004-4ade-99d4-d29968cef2c5
2025 - 2026;s1;Lac-Saint-Louis;Natation;Secondaire;Natation C F;;Cadet;Féminin;10;0;0;0;0;0;0;;oui;s1:5x10;09bbcb04-cd9b-4445-9315-ae941f4b4365
2025 - 2026;s1;Lac-Saint-Louis;Natation;Secondaire;Natation C M;;Cadet;Masculin;8;0;0;0;0;0;0;;oui;s1:5x10;a3bad09b-3c9e-4d05-9cdb-33e6662f4c17
2025 - 2026;s1;Lac-Saint-Louis;Natation;Secondaire;Natation J F;;Juvénile;Féminin;8;0;0;0;0;0;0;;oui;s1:5x10;4b876fad-5c7a-4350-b7dc-281aacd1a73f
2025 - 2026;s1;Lac-Saint-Louis;Natation;Secondaire;Natation J M;;Juvénile;Masculin;9;0;0;0;0;0;0;;oui;s1:5x10;4249a296-71ce-4518-a5d7-e878902bde94
2025 - 2026;s1;Lac-Saint-Louis;Rugby;Primaire;Rugby M U Festival ;;Moustique;Mixte;0;;;;;;0;;oui;s1:5x11;be0af0b3-0866-4864-8768-604edc0298c8
2025 - 2026;s1;Lac-Saint-Louis;Soccer en gymnase;Primaire;Soccer en gymnase Co F TOURNOI DES DRAGONS;;Colibri;Féminin;9;;;;;;0;;oui;s1:5x14;77010e16-ed32-45a9-836e-715df4c2666a
2025 - 2026;s1;Lac-Saint-Louis;Soccer en gymnase;Primaire;Soccer en gymnase Co M FESTIVAL DES DRAGONS;;Colibri;Masculin;9;;;;;;0;;oui;s1:5x14;fe6fa34c-45c0-41b5-a38e-0883dfa7d6fe
2025 - 2026;s1;Lac-Saint-Louis;Soccer en gymnase;Primaire;Soccer en gymnase M F CHAMPIONNAT RÉGIONAL;;Moustique;Féminin;10;;;;;;0;;oui;s1:5x14;f7105641-2c22-421c-bef7-3498b8401f37
2025 - 2026;s1;Lac-Saint-Louis;Soccer en gymnase;Primaire;Soccer en gymnase M F COUPE BADABING;;Moustique;Féminin;10;;;;;;0;;oui;s1:5x14;279e7eab-2247-4a00-8b02-ec02100a9c96
2025 - 2026;s1;Lac-Saint-Louis;Soccer en gymnase;Primaire;Soccer en gymnase M F TOURNOI DU BLEU & OR ;;Moustique;Féminin;12;;;;;;0;;oui;s1:5x14;9700fa1f-52ae-4ca9-8a1d-87a30b185982
2025 - 2026;s1;Lac-Saint-Louis;Soccer en gymnase;Primaire;Soccer en gymnase M F TOURNOI PGLO;;Moustique;Féminin;11;;;;;;0;;oui;s1:5x14;14eb2261-b67f-43ac-83e1-ef3b142a5a0a
2025 - 2026;s1;Lac-Saint-Louis;Soccer en gymnase;Primaire;Soccer en gymnase M M CHAMPIONNAT RÉGIONAL;;Moustique;Masculin;16;;;;;;0;;oui;s1:5x14;50870945-5bc1-4930-b507-c2dc30b8efa6
2025 - 2026;s1;Lac-Saint-Louis;Soccer en gymnase;Primaire;Soccer en gymnase M M COUPE BADABING;;Moustique;Masculin;16;;;;;;0;;oui;s1:5x14;334b2895-22a1-4cc9-b0f3-9c5f72712f3a
2025 - 2026;s1;Lac-Saint-Louis;Soccer en gymnase;Primaire;Soccer en gymnase M M TOURNOI DES PHÉNIX;;Moustique;Masculin;20;;;;;;0;;oui;s1:5x14;99031df3-1c59-44e6-8cac-3cf800af3191
2025 - 2026;s1;Lac-Saint-Louis;Soccer en gymnase;Primaire;Soccer en gymnase M M TOURNOI DU BLEU & OR ;;Moustique;Masculin;20;;;;;;0;;oui;s1:5x14;894e2c65-5e84-4e2c-a7e8-cc1f24f9d66e
2025 - 2026;diffusion+s1;Lac-Saint-Louis;Ultimate;Secondaire;Ultimate B U D3;D3;Benjamin;Mixte;6;;;;;;22;;oui;d:5x25 s1:5x25;89ef42ad-637c-415f-a9d4-cb4f92a10112
2025 - 2026;diffusion+s1;Lac-Saint-Louis;Ultimate;Secondaire;Ultimate C U D3;D3;Cadet;Mixte;6;;;;;;22;;oui;d:5x25 s1:5x25;d62e43bb-1add-46e5-8dec-459062d274dd
2025 - 2026;diffusion+s1;Lac-Saint-Louis;Ultimate;Secondaire;Ultimate J U D3;D3;Juvénile;Mixte;6;;;;;;22;;oui;d:5x25 s1:5x25;43324de0-1122-4c11-a4b2-5778f5631761
2025 - 2026;diffusion+s1;Lac-Saint-Louis;Volleyball;Secondaire;Volleyball A F D3;D3;Atome;Féminin;8;;;;;;67;;oui;d:5x16 s1:5x16;494d5829-325c-449d-accc-45efa6ca78c6
2025 - 2026;diffusion+s1;Lac-Saint-Louis;Volleyball;Secondaire;Volleyball A F D4 Niveau 1;D4;Atome;Féminin;11;;;;;;68;;oui;d:5x16 s1:5x16;84b69668-0203-4f3f-9b49-292e9a968a5a
2025 - 2026;diffusion+s1;Lac-Saint-Louis;Volleyball;Secondaire;Volleyball A F D4 Niveau 2;D4;Atome;Féminin;8;;;;;;65;;oui;d:5x16 s1:5x16;4781b395-7572-4004-a701-6dad155e511f
2025 - 2026;diffusion+s1;Lac-Saint-Louis;Volleyball;Secondaire;Volleyball B F D3;D3;Benjamin;Féminin;8;;;;;;67;;oui;d:5x16 s1:5x16;81d958e8-a318-4507-9e14-1f5c4f08914c
2025 - 2026;diffusion+s1;Lac-Saint-Louis;Volleyball;Secondaire;Volleyball B F D4 Niveau 1 Section A;D4;Benjamin;Féminin;6;;;;;;44;;oui;d:5x16 s1:5x16;9497df1a-0287-4153-820e-bf32da59b053
2025 - 2026;diffusion+s1;Lac-Saint-Louis;Volleyball;Secondaire;Volleyball B F D4 Niveau 1 Section B;D4;Benjamin;Féminin;7;;;;;;50;;oui;d:5x16 s1:5x16;b1561314-024a-41eb-950c-c38800f7aeb4
2025 - 2026;diffusion+s1;Lac-Saint-Louis;Volleyball;Secondaire;Volleyball B F D4 Niveau 2 Section A;D4;Benjamin;Féminin;7;;;;;;58;;oui;d:5x16 s1:5x16;4e854bcb-0e34-4ef2-b7d4-8bef3126d45c
2025 - 2026;diffusion+s1;Lac-Saint-Louis;Volleyball;Secondaire;Volleyball B F D4 Niveau 2 Section B;D4;Benjamin;Féminin;7;;;;;;50;;oui;d:5x16 s1:5x16;12fc41c6-9b63-4fe2-8276-265af5a2e17b
2025 - 2026;diffusion+s1;Lac-Saint-Louis;Volleyball;Secondaire;Volleyball B M D3;D3;Benjamin;Masculin;4;;;;;;26;;oui;d:5x16 s1:5x16;3da88b0d-1e1d-4934-b559-36172ad50d95
2025 - 2026;diffusion+s1;Lac-Saint-Louis;Volleyball;Secondaire;Volleyball C F D3;D3;Cadet;Féminin;9;;;;;;54;;oui;d:5x16 s1:5x16;7427a75c-81c2-425a-83e7-1974aa11a7fe
2025 - 2026;diffusion+s1;Lac-Saint-Louis;Volleyball;Secondaire;Volleyball C F D4 Niveau 1 Section A;D4;Cadet;Féminin;7;;;;;;58;;oui;d:5x16 s1:5x16;c3f37263-9734-4608-89c7-7d34e2733f13
2025 - 2026;diffusion+s1;Lac-Saint-Louis;Volleyball;Secondaire;Volleyball C F D4 Niveau 1 Section B;D4;Cadet;Féminin;7;;;;;;50;;oui;d:5x16 s1:5x16;3e872918-ea43-4ed3-8dbf-d65e9795bc86
2025 - 2026;diffusion+s1;Lac-Saint-Louis;Volleyball;Secondaire;Volleyball C F D4 Niveau 2;D4;Cadet;Féminin;12;;;;;;78;;oui;d:5x16 s1:5x16;4e05acc8-029d-490c-80e6-dbd0fecde835
2025 - 2026;diffusion+s1;Lac-Saint-Louis;Volleyball;Secondaire;Volleyball C F D4 Niveau 3;D4;Cadet;Féminin;7;;;;;;54;;oui;d:5x16 s1:5x16;d873c55a-8351-4a22-86e8-473bfed4676b
2025 - 2026;s1;Lac-Saint-Louis;Volleyball;Primaire;Volleyball Co U FESTIVAL DES KLASSIKS;;Colibri;Mixte;9;;;;;;0;;oui;s1:5x16;f78353c2-549c-4449-b379-0d10f5e37300
2025 - 2026;diffusion+s1;Lac-Saint-Louis;Volleyball;Secondaire;Volleyball J F D3;D3;Juvénile;Féminin;9;;;;;;54;;oui;d:5x16 s1:5x16;c8343762-3914-4884-8dc4-1fab3dc8068d
2025 - 2026;diffusion+s1;Lac-Saint-Louis;Volleyball;Secondaire;Volleyball J F D4 Niveau 1;D4;Juvénile;Féminin;7;;;;;;54;;oui;d:5x16 s1:5x16;0b586c91-4870-4a75-be44-57c8879554d7
2025 - 2026;diffusion+s1;Lac-Saint-Louis;Volleyball;Secondaire;Volleyball J F D4 Niveau 2;D4;Juvénile;Féminin;8;;;;;;67;;oui;d:5x16 s1:5x16;bd970fe5-28ad-40f7-99a2-f61ec4be9e95
2025 - 2026;diffusion+s1;Lac-Saint-Louis;Volleyball;Secondaire;Volleyball J M D3;D3;Juvénile;Masculin;4;;;;;;26;;oui;d:5x16 s1:5x16;2667062a-8d38-4a43-8720-30ff859b191a
2025 - 2026;diffusion+s1;Lac-Saint-Louis;Volleyball;Secondaire;Volleyball J M D4;D4;Juvénile;Masculin;9;;;;;;54;;oui;d:5x16 s1:5x16;a1c10bef-6dac-49ec-aeae-d90986de72b0
2025 - 2026;diffusion+s1;Lac-Saint-Louis;Volleyball;Secondaire;Volleyball J U D3 MIXTE;D3;Juvénile;Mixte;6;;;;;;40;;oui;d:5x16 s1:5x16;34776ca2-6487-450e-bfb7-2bf31aafe050
2025 - 2026;s1;Lac-Saint-Louis;Volleyball;Primaire;Volleyball M F CHAMPIONNAT RÉGIONAL;;Moustique;Féminin;24;;;;;;0;;oui;s1:5x16;f11548ae-1984-47d5-9557-0de12bdfdf69
2025 - 2026;s1;Lac-Saint-Louis;Volleyball;Primaire;Volleyball M F FESTIVAL DES KLASSIKS;;Moustique;Féminin;9;;;;;;0;;oui;s1:5x16;88080b04-cf45-4b1f-8d40-25eab9960d3c
2025 - 2026;s1;Lac-Saint-Louis;Volleyball;Primaire;Volleyball M M CHAMPIONNAT RÉGIONAL;;Moustique;Masculin;15;;;;;;0;;oui;s1:5x16;4f8a6cc9-f5d3-484f-9181-ae2045fc8895
2025 - 2026;s1;Lac-Saint-Louis;Volleyball;Primaire;Volleyball M M FESTIVAL DES KLASSIKS;;Moustique;Masculin;5;;;;;;0;;oui;s1:5x16;047602a1-6731-483b-b6a8-c96aa925a914
2025 - 2026;s1;Laurentides-Lanaudière;Athlétisme;Secondaire;Athlétisme B F D3;D3;Benjamin;Féminin;29;0;0;0;0;0;0;;oui;s1:6x0;cdca1747-9de6-49f2-a836-39a64b701f70
2025 - 2026;s1;Laurentides-Lanaudière;Athlétisme;Secondaire;Athlétisme B F D3 en salle;D3;Benjamin;Féminin;11;0;0;0;0;0;0;;oui;s1:6x0;b3d8e9bb-bbf2-4441-9744-be8199182d14
2025 - 2026;s1;Laurentides-Lanaudière;Athlétisme;Secondaire;Athlétisme B M D3;D3;Benjamin;Masculin;29;0;0;0;0;0;0;;oui;s1:6x0;4e65ac03-9294-43ea-98a8-c8104e6de749
2025 - 2026;s1;Laurentides-Lanaudière;Athlétisme;Secondaire;Athlétisme B M D3 en salle;D3;Benjamin;Masculin;14;0;0;0;0;0;0;;oui;s1:6x0;54211d04-e0ff-41d5-a1fc-51549aefa423
2025 - 2026;s1;Laurentides-Lanaudière;Athlétisme;Secondaire;Athlétisme C F D3;D3;Cadet;Féminin;31;0;0;0;0;0;0;;oui;s1:6x0;06cb7554-76ba-4e00-9582-7e34df0ac915
2025 - 2026;s1;Laurentides-Lanaudière;Athlétisme;Secondaire;Athlétisme C F D3 en salle;D3;Cadet;Féminin;16;0;0;0;0;0;0;;oui;s1:6x0;53316165-1f72-44c1-855a-307ebb17d17f
2025 - 2026;s1;Laurentides-Lanaudière;Athlétisme;Secondaire;Athlétisme C M D3;D3;Cadet;Masculin;31;0;0;0;0;0;0;;oui;s1:6x0;68fbd8dc-84cc-4b12-94c3-ec3c520bcf0e
2025 - 2026;s1;Laurentides-Lanaudière;Athlétisme;Secondaire;Athlétisme C M D3 en salle;D3;Cadet;Masculin;16;0;0;0;0;0;0;;oui;s1:6x0;c509a257-cbb5-4423-b0d5-9f67533a5575
2025 - 2026;s1;Laurentides-Lanaudière;Athlétisme;Secondaire;Athlétisme J F D3;D3;Juvénile;Féminin;37;0;0;0;0;0;0;;oui;s1:6x0;38a4460f-3cae-4bba-8f2b-16990590c3be
2025 - 2026;s1;Laurentides-Lanaudière;Athlétisme;Secondaire;Athlétisme J F D3 en salle;D3;Juvénile;Féminin;20;0;0;0;0;0;0;;oui;s1:6x0;cef8dfb6-8292-429a-a392-b2e842c088e7
2025 - 2026;s1;Laurentides-Lanaudière;Athlétisme;Secondaire;Athlétisme J M D3;D3;Juvénile;Masculin;33;0;0;0;0;0;0;;oui;s1:6x0;30449064-389b-4501-9380-1bfa22efa7f4
2025 - 2026;s1;Laurentides-Lanaudière;Athlétisme;Secondaire;Athlétisme J M D3 en salle;D3;Juvénile;Masculin;18;0;0;0;0;0;0;;oui;s1:6x0;971f4cf5-22a6-445a-8848-ef0de63c526a
2025 - 2026;s1;Laurentides-Lanaudière;Athlétisme;Primaire;Athlétisme P5 F;;Primaire 5;Féminin;3;;;;;;0;;oui;s1:6x0;349eb9ae-22b0-4a46-a3a0-c2dcd95e3b21
2025 - 2026;s1;Laurentides-Lanaudière;Athlétisme;Primaire;Athlétisme P5 M;;Primaire 5;Masculin;4;;;;;;0;;oui;s1:6x0;c0696713-3938-484b-b130-ed7c84658ce3
2025 - 2026;s1;Laurentides-Lanaudière;Athlétisme;Primaire;Athlétisme P6 F;;Primaire 6;Féminin;3;;;;;;0;;oui;s1:6x0;ea7e386a-2e0c-4b0b-a6ce-2cb4b67d59b5
2025 - 2026;s1;Laurentides-Lanaudière;Athlétisme;Primaire;Athlétisme P6 M;;Primaire 6;Masculin;3;;;;;;0;;oui;s1:6x0;58dbdc46-c794-4968-9687-694da97d64b2
2025 - 2026;s1;Laurentides-Lanaudière;Badminton;Secondaire;Badminton B U D3;D3;Benjamin;Mixte;21;0;0;0;0;0;0;;oui;s1:6x18;f4cf47eb-0af2-4251-a369-109f35464538
2025 - 2026;s1;Laurentides-Lanaudière;Badminton;Secondaire;Badminton C U D3;D3;Cadet;Mixte;20;0;0;0;0;0;0;;oui;s1:6x18;99c320e1-a302-493d-907d-920eca60c3b2
2025 - 2026;s1;Laurentides-Lanaudière;Badminton;Secondaire;Badminton J U D3;D3;Juvénile;Mixte;19;0;0;0;0;0;0;;oui;s1:6x18;d686e73f-2ef6-4b43-abc7-7ddba2ed9391
2025 - 2026;s1;Laurentides-Lanaudière;Badminton;Primaire;Badminton M U Festival | 13 mars Avancé;;Moustique;Mixte;6;;;;;;0;;oui;s1:6x18;807d6904-dcf5-4685-9a9e-ecc227b45d92
2025 - 2026;s1;Laurentides-Lanaudière;Badminton;Primaire;Badminton M U Festival | 13 mars Débutant;;Moustique;Mixte;28;;;;;;0;;oui;s1:6x18;18a7c420-ef3e-4873-b586-1d2b1051ce9d
2025 - 2026;s1;Laurentides-Lanaudière;Badminton;Primaire;Badminton M U Festival | 13 mars Intermédiaire;;Moustique;Mixte;11;;;;;;0;;oui;s1:6x18;89da6fc9-3bba-4cd6-9977-3bf5600f7b1f
2025 - 2026;diffusion+s1;Laurentides-Lanaudière;Basketball;Secondaire;Basketball B F D3;D3;Benjamin;Féminin;4;;;;;;20;;oui;d:6x1 s1:6x1;fc3c1cd8-e8d7-47d9-aa1b-015ac6f1ba31
2025 - 2026;diffusion+s1;Laurentides-Lanaudière;Basketball;Secondaire;Basketball B F D4 Niveau 1 Blanche;D4;Benjamin;Féminin;5;;;;;;28;;oui;d:6x1 s1:6x1;87082924-02b2-45e7-a0d2-8224c72ce80f
2025 - 2026;diffusion+s1;Laurentides-Lanaudière;Basketball;Secondaire;Basketball B F D4 Niveau 1 Bleue;D4;Benjamin;Féminin;5;;;;;;20;;oui;d:6x1 s1:6x1;71a4a6cb-2376-42f6-a3f7-cc94622d807e
2025 - 2026;diffusion+s1;Laurentides-Lanaudière;Basketball;Secondaire;Basketball B F D4 Niveau 1 Noire;D4;Benjamin;Féminin;5;;;;;;20;;oui;d:6x1 s1:6x1;2e3a4e22-fc60-4347-be97-2c6d1dd433e5
2025 - 2026;diffusion+s1;Laurentides-Lanaudière;Basketball;Secondaire;Basketball B F D4 Niveau 2;D4;Benjamin;Féminin;8;;;;;;32;;oui;d:6x1 s1:6x1;ce6c741b-7905-468f-828e-4c73483dd3a5
2025 - 2026;diffusion+s1;Laurentides-Lanaudière;Basketball;Secondaire;Basketball B M D3;D3;Benjamin;Masculin;7;;;;;;32;;oui;d:6x1 s1:6x1;9d78af5a-26d4-4498-b9ef-08ec77f557cb
2025 - 2026;diffusion+s1;Laurentides-Lanaudière;Basketball;Secondaire;Basketball B M D4 Niveau 1 Blanche;D4;Benjamin;Masculin;6;;;;;;36;;oui;d:6x1 s1:6x1;fccb4e80-0f1d-4d91-9df6-b7b2af248f6d
2025 - 2026;diffusion+s1;Laurentides-Lanaudière;Basketball;Secondaire;Basketball B M D4 Niveau 1 Bleue;D4;Benjamin;Masculin;7;;;;;;28;;oui;d:6x1 s1:6x1;38331f9b-a972-4b83-8383-4880dbd9c5b4
2025 - 2026;diffusion+s1;Laurentides-Lanaudière;Basketball;Secondaire;Basketball B M D4 Niveau 1 Jaune;D4;Benjamin;Masculin;6;;;;;;24;;oui;d:6x1 s1:6x1;2ee6130a-e52b-43f5-8749-72da71791494
2025 - 2026;diffusion+s1;Laurentides-Lanaudière;Basketball;Secondaire;Basketball B M D4 Niveau 1 Noire;D4;Benjamin;Masculin;6;;;;;;24;;oui;d:6x1 s1:6x1;272697be-46e6-4e0e-9114-4ee0c579c8b0
2025 - 2026;diffusion+s1;Laurentides-Lanaudière;Basketball;Secondaire;Basketball B M D4 Niveau 1 Rouge;D4;Benjamin;Masculin;6;;;;;;24;;oui;d:6x1 s1:6x1;49a7db4b-0d9f-4d03-bf88-e3f82ba2d541
2025 - 2026;diffusion+s1;Laurentides-Lanaudière;Basketball;Secondaire;Basketball B M D4 Niveau 1 Verte;D4;Benjamin;Masculin;6;;;;;;24;;oui;d:6x1 s1:6x1;920e29a0-1e06-4633-b277-e6ce79f0f51b
2025 - 2026;diffusion+s1;Laurentides-Lanaudière;Basketball;Secondaire;Basketball B M D4 Niveau 2 Blanche;D4;Benjamin;Masculin;6;;;;;;24;;oui;d:6x1 s1:6x1;9351e50b-7937-4fb5-a22a-02765355a342
2025 - 2026;diffusion+s1;Laurentides-Lanaudière;Basketball;Secondaire;Basketball B M D4 Niveau 2 Bleue;D4;Benjamin;Masculin;6;;;;;;24;;oui;d:6x1 s1:6x1;d1d2377b-62b9-42dc-a51f-5cb4e2aef5fb
2025 - 2026;diffusion+s1;Laurentides-Lanaudière;Basketball;Secondaire;Basketball B M D4 Niveau 2 Noire;D4;Benjamin;Masculin;6;;;;;;24;;oui;d:6x1 s1:6x1;66c5c1cd-8e7f-4102-a264-cfdd696c3c46
2025 - 2026;diffusion+s1;Laurentides-Lanaudière;Basketball;Secondaire;Basketball B M D4 Niveau 2 Rouge;D4;Benjamin;Masculin;5;;;;;;20;;oui;d:6x1 s1:6x1;082e67e7-9d00-4fa7-89b2-cc8e181159dc
2025 - 2026;diffusion+s1;Laurentides-Lanaudière;Basketball;Secondaire;Basketball C F D3;D3;Cadet;Féminin;7;;;;;;32;;oui;d:6x1 s1:6x1;20b4b014-87d7-4e3d-b265-5ccfa9fcd450
2025 - 2026;diffusion+s1;Laurentides-Lanaudière;Basketball;Secondaire;Basketball C F D4 Niveau 2;D4;Cadet;Féminin;4;;;;;;16;;oui;d:6x1 s1:6x1;399be463-0d98-42ba-8365-9156f9bdb9c4
2025 - 2026;diffusion+s1;Laurentides-Lanaudière;Basketball;Secondaire;Basketball C M D3 Bleue;D3;Cadet;Masculin;7;;;;;;34;;oui;d:6x1 s1:6x1;54913507-58a8-4943-9d3c-a29393b1cefa
2025 - 2026;diffusion+s1;Laurentides-Lanaudière;Basketball;Secondaire;Basketball C M D3 Noire;D3;Cadet;Masculin;7;;;;;;28;;oui;d:6x1 s1:6x1;1bf4aefc-a953-4e81-8c17-f111c21ce30d
2025 - 2026;diffusion+s1;Laurentides-Lanaudière;Basketball;Secondaire;Basketball C M D4 Niveau 1 Blanche;D4;Cadet;Masculin;7;;;;;;36;;oui;d:6x1 s1:6x1;fd47ac43-d24e-4a19-8be7-736ff9159c69
2025 - 2026;diffusion+s1;Laurentides-Lanaudière;Basketball;Secondaire;Basketball C M D4 Niveau 1 Bleue;D4;Cadet;Masculin;7;;;;;;28;;oui;d:6x1 s1:6x1;75406ecc-be8f-4281-a43a-925bf37b5258
2025 - 2026;diffusion+s1;Laurentides-Lanaudière;Basketball;Secondaire;Basketball C M D4 Niveau 1 Noire;D4;Cadet;Masculin;6;;;;;;24;;oui;d:6x1 s1:6x1;14df24a4-b2e1-46e4-bf64-25cca2844895
2025 - 2026;diffusion+s1;Laurentides-Lanaudière;Basketball;Secondaire;Basketball C M D4 Niveau 1 Rouge;D4;Cadet;Masculin;7;;;;;;28;;oui;d:6x1 s1:6x1;bf028a50-1adf-4470-92a4-d7d47f9a53ac
2025 - 2026;diffusion+s1;Laurentides-Lanaudière;Basketball;Secondaire;Basketball C M D4 Niveau 2;D4;Cadet;Masculin;4;;;;;;16;;oui;d:6x1 s1:6x1;2ac8ca5d-5e11-4fcf-89d1-7000c066aba5
2025 - 2026;diffusion+s1;Laurentides-Lanaudière;Basketball;Secondaire;Basketball J F D3;D3;Juvénile;Féminin;8;;;;;;36;;oui;d:6x1 s1:6x1;edfabb3a-69fa-49bd-b424-a4d2ff182fa4
2025 - 2026;diffusion+s1;Laurentides-Lanaudière;Basketball;Secondaire;Basketball J F D4 Niveau 1 Bleue;D4;Juvénile;Féminin;8;;;;;;38;;oui;d:6x1 s1:6x1;9b2db267-5d12-4356-8692-39e0da1b5314
2025 - 2026;diffusion+s1;Laurentides-Lanaudière;Basketball;Secondaire;Basketball J F D4 Niveau 1 Noire;D4;Juvénile;Féminin;7;;;;;;28;;oui;d:6x1 s1:6x1;c42802ac-412b-4a1d-96c9-9f66ff3fd0c7
2025 - 2026;diffusion+s1;Laurentides-Lanaudière;Basketball;Secondaire;Basketball J F D4 Niveau 2;D4;Juvénile;Féminin;8;;;;;;32;;oui;d:6x1 s1:6x1;9ed0290b-6ba9-4b4a-a936-da27798bfe92
2025 - 2026;diffusion+s1;Laurentides-Lanaudière;Basketball;Secondaire;Basketball J M D3 Bleue;D3;Juvénile;Masculin;9;;;;;;44;;oui;d:6x1 s1:6x1;5f3f862c-10a5-4ee3-8b5e-32ad6155c71e
2025 - 2026;diffusion+s1;Laurentides-Lanaudière;Basketball;Secondaire;Basketball J M D3 Noire;D3;Juvénile;Masculin;10;;;;;;45;;oui;d:6x1 s1:6x1;17fd434a-9dac-4fc4-80b3-188f5ad46900
2025 - 2026;diffusion+s1;Laurentides-Lanaudière;Basketball;Secondaire;Basketball J M D4 Niveau 1 Blanche;D4;Juvénile;Masculin;9;;;;;;44;;oui;d:6x1 s1:6x1;0d6e428a-eef4-4aea-826e-7c74bfdfa8c8
2025 - 2026;diffusion+s1;Laurentides-Lanaudière;Basketball;Secondaire;Basketball J M D4 Niveau 1 Bleue;D4;Juvénile;Masculin;9;;;;;;36;;oui;d:6x1 s1:6x1;0fbad8e3-f6ac-4865-bc12-9bd7e2f7cdae
2025 - 2026;diffusion+s1;Laurentides-Lanaudière;Basketball;Secondaire;Basketball J M D4 Niveau 1 Noire;D4;Juvénile;Masculin;8;;;;;;32;;oui;d:6x1 s1:6x1;aa8032d3-fe12-4109-8ee4-ace0c7b77a9a
2025 - 2026;diffusion+s1;Laurentides-Lanaudière;Basketball;Secondaire;Basketball J M D4 Niveau 1 Rouge;D4;Juvénile;Masculin;9;;;;;;36;;oui;d:6x1 s1:6x1;c125e1a6-17fa-40fb-9a8f-0f70f0d0d3b2
2025 - 2026;diffusion+s1;Laurentides-Lanaudière;Basketball;Secondaire;Basketball J M D4 Niveau 2 Bleue;D4;Juvénile;Masculin;8;;;;;;32;;oui;d:6x1 s1:6x1;3e64f9c1-61f8-47f1-957b-7dad8631b24f
2025 - 2026;diffusion+s1;Laurentides-Lanaudière;Basketball;Secondaire;Basketball J M D4 Niveau 2 Noire;D4;Juvénile;Masculin;8;;;;;;32;;oui;d:6x1 s1:6x1;ae728cb3-37b8-4989-9734-a34f88654a5d
2025 - 2026;diffusion+s1;Laurentides-Lanaudière;Basketball;Primaire;Basketball M F CRS | 14 mars;;Moustique;Féminin;4;;;;;;4;;oui;d:6x1 s1:6x1;f2c0daac-3897-45ed-8416-72cf02e51814
2025 - 2026;s1;Laurentides-Lanaudière;Basketball;Primaire;Basketball M F Festival Lanaudière | 12 déc Avancé;;Moustique;Féminin;0;;;;;;0;;oui;s1:6x1;57162d93-7692-4d04-8d1d-39b3513f1e1c
2025 - 2026;s1;Laurentides-Lanaudière;Basketball;Primaire;Basketball M F Festival Lanaudière | 12 déc Intermédiaire;;Moustique;Féminin;5;;;;;;0;;oui;s1:6x1;8a43d684-b70c-4d01-aeb5-c55b799d0421
2025 - 2026;s1;Laurentides-Lanaudière;Basketball;Primaire;Basketball M F Festival Laurentides | 3 déc Avancé;;Moustique;Féminin;0;;;;;;0;;oui;s1:6x1;9476f6b2-b109-448e-b240-036367f5561d
2025 - 2026;s1;Laurentides-Lanaudière;Basketball;Primaire;Basketball M F Festival Laurentides | 3 déc intermédiaire;;Moustique;Féminin;9;;;;;;0;;oui;s1:6x1;9dae2b50-d1f7-4380-9874-4b953b30cf5c
2025 - 2026;diffusion+s1;Laurentides-Lanaudière;Basketball;Primaire;Basketball M F Tournoi | 17 janv Avancé;;Moustique;Féminin;3;;;;;;4;;oui;d:6x1 s1:6x1;8c9f101b-82c7-42d0-be08-1921f8e52d13
2025 - 2026;diffusion+s1;Laurentides-Lanaudière;Basketball;Primaire;Basketball M F Tournoi | 17 janv Intermédiaire;;Moustique;Féminin;3;;;;;;4;;oui;d:6x1 s1:6x1;a1fe9f31-9a73-4d0f-a120-b5f51393b600
2025 - 2026;diffusion+s1;Laurentides-Lanaudière;Basketball;Primaire;Basketball M M CRS | 14 mars;;Moustique;Masculin;6;;;;;;8;;oui;d:6x1 s1:6x1;ed6d21a8-c1d3-4e1d-92a7-d81275433eac
2025 - 2026;s1;Laurentides-Lanaudière;Basketball;Primaire;Basketball M M Festival Lanaudière | 12 déc Avancé;;Moustique;Masculin;0;;;;;;0;;oui;s1:6x1;ae75c7fc-92f5-4a02-a54c-cf4664ba3dac
2025 - 2026;s1;Laurentides-Lanaudière;Basketball;Primaire;Basketball M M Festival Lanaudière | 12 déc Intermédiaire;;Moustique;Masculin;7;;;;;;0;;oui;s1:6x1;79a37d6d-37fe-41d4-8ee9-c44bc0223f19
2025 - 2026;s1;Laurentides-Lanaudière;Basketball;Primaire;Basketball M M Festival Laurentides | 3 déc Avancé;;Moustique;Masculin;3;;;;;;0;;oui;s1:6x1;26f4fd97-745d-4f76-807c-93027846bfd2
2025 - 2026;s1;Laurentides-Lanaudière;Basketball;Primaire;Basketball M M Festival Laurentides | 3 déc Intermédiaire;;Moustique;Masculin;6;;;;;;0;;oui;s1:6x1;e1f6b7e1-d798-417b-bc5f-30a2b8988bfb
2025 - 2026;diffusion+s1;Laurentides-Lanaudière;Basketball;Primaire;Basketball M M Tournoi | 17 janv Avancé;;Moustique;Masculin;4;;;;;;4;;oui;d:6x1 s1:6x1;5741d13a-cd95-46bd-9a05-5fb708ceb851
2025 - 2026;diffusion+s1;Laurentides-Lanaudière;Basketball;Primaire;Basketball M M Tournoi | 17 janv Intermédiaire;;Moustique;Masculin;6;;;;;;8;;oui;d:6x1 s1:6x1;5e9adc26-f3f1-47b7-b949-4b408c0e806f
2025 - 2026;s1;Laurentides-Lanaudière;Basketball;Primaire;Basketball M U Festival Lanaudière | 12 déc Débutant;;Moustique;Mixte;0;;;;;;0;;oui;s1:6x1;4d75e1d8-2152-488b-9017-8acd06f18110
2025 - 2026;s1;Laurentides-Lanaudière;Basketball;Primaire;Basketball M U Festival Laurentides | 3 déc Débutant - Mixte;;Moustique;Mixte;6;;;;;;0;;oui;s1:6x1;fe1b3954-8331-439c-bdb9-f502739443cc
2025 - 2026;diffusion+s1;Laurentides-Lanaudière;Basketball;Primaire;Basketball M U Tournoi | 17 janv Débutant;;Moustique;Mixte;4;;;;;;4;;oui;d:6x1 s1:6x1;1e4b54d9-caff-4320-ad96-f90f1fede4db
2025 - 2026;s1;Laurentides-Lanaudière;Cheerleading;Secondaire;Cheerleading B U Niveau 1;;Benjamin;Mixte;0;0;0;0;0;0;0;;oui;s1:6x2;259fc4ed-616a-41de-bf13-5812867b44e5
2025 - 2026;s1;Laurentides-Lanaudière;Cheerleading;Secondaire;Cheerleading B U Niveau 2;;Benjamin;Mixte;0;0;0;0;0;0;0;;oui;s1:6x2;6b0b582f-17ce-4d44-8574-e45bd089cacf
2025 - 2026;s1;Laurentides-Lanaudière;Cheerleading;Secondaire;Cheerleading C U Niveau 2;;Cadet;Mixte;0;0;0;0;0;0;0;;oui;s1:6x2;9b554155-a53d-49ac-b8c4-08b1a88004d8
2025 - 2026;s1;Laurentides-Lanaudière;Cheerleading;Secondaire;Cheerleading C U Niveau 3;;Cadet;Mixte;0;0;0;0;0;0;0;;oui;s1:6x2;2549ba55-c10f-4489-8f8c-381f0d2d36d9
2025 - 2026;s1;Laurentides-Lanaudière;Cheerleading;Secondaire;Cheerleading J U Niveau 3;;Juvénile;Mixte;0;0;0;0;0;0;0;;oui;s1:6x2;426a3cc4-fbcf-44ba-9112-b12c427bbeda
2025 - 2026;s1;Laurentides-Lanaudière;Cheerleading;Secondaire;Cheerleading J U Niveau 4;;Juvénile;Mixte;0;0;0;0;0;0;0;;oui;s1:6x2;75849c5f-702a-4a4c-ba0a-35c758ee90b2
2025 - 2026;s1;Laurentides-Lanaudière;Cheerleading;Primaire;Cheerleading M U Niveau 1 Niveau 1-P;;Moustique;Mixte;2;;;;;;0;;oui;s1:6x2;3b0ea3d9-c0f7-4ba5-8818-a8afa1ded675
2025 - 2026;s1;Laurentides-Lanaudière;Cheerleading;Primaire;Cheerleading N U Niveau 1 Niveau 1-P;;Novice;Mixte;0;;;;;;0;;oui;s1:6x2;6e42d719-a9f4-45bb-b54a-f191d26b7baf
2025 - 2026;s1;Laurentides-Lanaudière;Cheerleading;Secondaire;Cheerleading O U Niveau 1 Niveau 1;;Ouvert;Mixte;3;0;0;0;0;0;0;;oui;s1:6x2;206dd038-f2c7-4db0-9678-a7898b19274b
2025 - 2026;s1;Laurentides-Lanaudière;Cheerleading;Primaire;Cheerleading O U Niveau 1 Niveau 1-P;;Ouvert;Mixte;6;;;;;;0;;oui;s1:6x2;44a7e553-d39f-4dcb-9107-e5e952bb9c87
2025 - 2026;s1;Laurentides-Lanaudière;Cheerleading;Secondaire;Cheerleading O U Niveau 2 Niveau 2;;Ouvert;Mixte;5;0;0;0;0;0;0;;oui;s1:6x2;8936feff-81ee-4ef2-ae79-1601b1644916
2025 - 2026;s1;Laurentides-Lanaudière;Cheerleading;Secondaire;Cheerleading O U Niveau 2ST;;Ouvert;Mixte;5;0;0;0;0;0;0;;oui;s1:6x2;3fa69735-7578-47fa-aecf-b5316f8ed2ac
2025 - 2026;s1;Laurentides-Lanaudière;Cheerleading;Secondaire;Cheerleading O U Niveau 3;;Ouvert;Mixte;0;0;0;0;0;0;0;;oui;s1:6x2;8e6bbd2d-b69c-4a1b-8517-74b06a8957e1
2025 - 2026;s1;Laurentides-Lanaudière;Cheerleading;Secondaire;Cheerleading O U Niveau 3ST;;Ouvert;Mixte;0;0;0;0;0;0;0;;oui;s1:6x2;9074bb42-a26f-4421-ad5e-ee94ae9bc5d5
2025 - 2026;s1;Laurentides-Lanaudière;Cross-country;Secondaire;Cross-country B F D3 Élite;D3;Benjamin;Féminin;32;0;0;0;0;0;0;;oui;s1:6x3;ec54d151-42f4-4155-aae7-3ed349b45910
2025 - 2026;s1;Laurentides-Lanaudière;Cross-country;Secondaire;Cross-country B M D3 Élite;D3;Benjamin;Masculin;33;0;0;0;0;0;0;;oui;s1:6x3;c5fced98-3cda-4a94-b97d-1779f5cd37d5
2025 - 2026;s1;Laurentides-Lanaudière;Cross-country;Secondaire;Cross-country C F D3 Élite;D3;Cadet;Féminin;30;0;0;0;0;0;0;;oui;s1:6x3;9a3d3a9c-1b6c-4026-8f1d-195f85e7aaa2
2025 - 2026;s1;Laurentides-Lanaudière;Cross-country;Secondaire;Cross-country C M D3 Élite;D3;Cadet;Masculin;33;0;0;0;0;0;0;;oui;s1:6x3;4c992b87-f6f9-4ad2-bed8-3db870ff862a
2025 - 2026;s1;Laurentides-Lanaudière;Cross-country;Primaire;Cross-country Co F D3 Élite;D3;Colibri;Féminin;17;;;;;;0;;oui;s1:6x3;206aa54d-1b82-461f-a3d8-9c68932cc7b0
2025 - 2026;s1;Laurentides-Lanaudière;Cross-country;Primaire;Cross-country Co M D3 Élite;D3;Colibri;Masculin;21;;;;;;0;;oui;s1:6x3;c27c8935-4aa4-4f85-8469-79727d9619e7
2025 - 2026;s1;Laurentides-Lanaudière;Cross-country;Secondaire;Cross-country J F D3 Élite;D3;Juvénile;Féminin;29;0;0;0;0;0;0;;oui;s1:6x3;ee1d0a34-ca93-4982-91ef-7b74e0f7b145
2025 - 2026;s1;Laurentides-Lanaudière;Cross-country;Secondaire;Cross-country J M D3 Élite;D3;Juvénile;Masculin;32;0;0;0;0;0;0;;oui;s1:6x3;0689a4bb-f970-497e-a738-3e72ea43bd3a
2025 - 2026;s1;Laurentides-Lanaudière;Cross-country;Primaire;"Cross-country O F Participation 1,5 Km -Primaire";;Ouvert;Féminin;14;;;;;;0;;oui;s1:6x3;f6f50b1d-e50e-4539-814e-d9968d13f2e1
2025 - 2026;s1;Laurentides-Lanaudière;Cross-country;Primaire;Cross-country O F Participation 2 Km -Primaire;;Ouvert;Féminin;17;;;;;;0;;oui;s1:6x3;50d1235a-1abd-4ebb-9294-b5b923399d6b
2025 - 2026;s1;Laurentides-Lanaudière;Cross-country;Secondaire;Cross-country O F Participation 2 Km -Secondaire;;Ouvert;Féminin;20;0;0;0;0;0;0;;oui;s1:6x3;5d6f1cca-e732-4e50-95d4-711d926a55de
2025 - 2026;s1;Laurentides-Lanaudière;Cross-country;Secondaire;Cross-country O F Participation 3 Km -Secondaire;;Ouvert;Féminin;24;0;0;0;0;0;0;;oui;s1:6x3;313fcdad-c262-4df2-a19c-36ac362f69a8
2025 - 2026;s1;Laurentides-Lanaudière;Cross-country;Secondaire;Cross-country O F Participation 4 Km -Secondaire;;Ouvert;Féminin;22;0;0;0;0;0;0;;oui;s1:6x3;143d4777-5574-4e56-9805-1865023ba166
2025 - 2026;s1;Laurentides-Lanaudière;Cross-country;Primaire;"Cross-country O M Participation 1,5 Km -Primaire";;Ouvert;Masculin;14;;;;;;0;;oui;s1:6x3;2ee23d5a-acae-47bb-9f28-5d21c62d6720
2025 - 2026;s1;Laurentides-Lanaudière;Cross-country;Primaire;Cross-country O M Participation 2 Km -Primaire;;Ouvert;Masculin;16;;;;;;0;;oui;s1:6x3;4ef50747-ba1e-45bc-94c4-7ea5a96e16e5
2025 - 2026;s1;Laurentides-Lanaudière;Cross-country;Secondaire;Cross-country O M Participation 2 Km -Secondaire;;Ouvert;Masculin;20;0;0;0;0;0;0;;oui;s1:6x3;6b50ca5f-52b4-4e7d-8e9e-886ef11b61cb
2025 - 2026;s1;Laurentides-Lanaudière;Cross-country;Secondaire;Cross-country O M Participation 3 Km -Secondaire;;Ouvert;Masculin;25;0;0;0;0;0;0;;oui;s1:6x3;efb60d56-ed87-4cd8-875c-cda038b2650d
2025 - 2026;s1;Laurentides-Lanaudière;Cross-country;Secondaire;Cross-country O M Participation 4 Km -Secondaire;;Ouvert;Masculin;22;0;0;0;0;0;0;;oui;s1:6x3;d8a823e4-f18b-48cf-bd70-5a91fad81e30
2025 - 2026;s1;Laurentides-Lanaudière;Cross-country;Primaire;Cross-country P5 F D3 Élite;D3;Primaire 5;Féminin;23;;;;;;0;;oui;s1:6x3;bd3fdc36-298a-4d31-9dfe-50b4d28f9ab4
2025 - 2026;s1;Laurentides-Lanaudière;Cross-country;Primaire;Cross-country P5 M D3 Élite;D3;Primaire 5;Masculin;27;;;;;;0;;oui;s1:6x3;5f4c642b-a7d5-47ce-b5e9-156f4586e250
2025 - 2026;s1;Laurentides-Lanaudière;Cross-country;Primaire;Cross-country P6 F D3 Élite;D3;Primaire 6;Féminin;26;;;;;;0;;oui;s1:6x3;8530bf6a-0ee9-4733-a306-c61059310ef5
2025 - 2026;s1;Laurentides-Lanaudière;Cross-country;Primaire;Cross-country P6 M D3 Élite;D3;Primaire 6;Masculin;27;;;;;;0;;oui;s1:6x3;45919524-31da-4d24-b097-933386f8358d
2025 - 2026;s1;Laurentides-Lanaudière;Dek Hockey;Primaire;Dek Hockey M U Festival | 5 juin;;Moustique;Mixte;7;;;;;;0;;oui;s1:6x53;63b8c458-bc93-4383-b635-b33f2b1d004f
2025 - 2026;s1;Laurentides-Lanaudière;Dek Hockey;Secondaire;Dek Hockey O U Secondaire 5 juin;;Ouvert;Mixte;2;0;0;0;0;0;0;;oui;s1:6x53;5ef1b6b2-2a92-49af-9055-a2d4bdc17d9a
2025 - 2026;diffusion+s1;Laurentides-Lanaudière;Flag football;Secondaire;Flag football B F D3 Automne;D3;Benjamin;Féminin;6;22;18;4;0;0;22;;oui;d:6x4 s1:6x4;561622f9-71a5-4f62-b1af-ba95a2666ed7
2025 - 2026;diffusion+s1;Laurentides-Lanaudière;Flag football;Secondaire;Flag football B F D3 Printemps;D3;Benjamin;Féminin;5;19;15;4;0;0;19;;oui;d:6x4 s1:6x4;cb4db22a-64ad-4a88-86f3-70e576c1a2a2
2025 - 2026;diffusion+s1;Laurentides-Lanaudière;Flag football;Secondaire;Flag football B F D4 Niveau 1 Automne Bleue;D4;Benjamin;Féminin;7;27;21;6;0;0;27;;oui;d:6x4 s1:6x4;5bd9c5e1-03f7-4596-9085-6897c3fd9e37
2025 - 2026;diffusion+s1;Laurentides-Lanaudière;Flag football;Secondaire;Flag football B F D4 Niveau 1 Automne Noire;D4;Benjamin;Féminin;7;27;21;6;0;0;21;;oui;d:6x4 s1:6x4;96b72921-b088-44aa-94e3-3043818c6ed9
2025 - 2026;diffusion+s1;Laurentides-Lanaudière;Flag football;Secondaire;Flag football B F D4 Niveau 1 Printemps Bleue;D4;Benjamin;Féminin;7;27;21;6;0;0;27;;oui;d:6x4 s1:6x4;5fa9cbd3-f20f-49f0-bb34-3c58e96f5b1c
2025 - 2026;diffusion+s1;Laurentides-Lanaudière;Flag football;Secondaire;Flag football B F D4 Niveau 1 Printemps Noire;D4;Benjamin;Féminin;7;27;21;6;0;0;21;;oui;d:6x4 s1:6x4;62b4c22a-eec6-4fed-bcdd-161b54c49296
2025 - 2026;diffusion+s1;Laurentides-Lanaudière;Flag football;Secondaire;Flag football B F D4 Niveau 1 Printemps Rouge;D4;Benjamin;Féminin;7;27;21;6;0;0;21;;oui;d:6x4 s1:6x4;c7e150b3-b5b0-4b11-a38f-b3126d180bdd
2025 - 2026;diffusion+s1;Laurentides-Lanaudière;Flag football;Secondaire;Flag football B F D4 Niveau 2 Printemps Bleue;D4;Benjamin;Féminin;7;21;21;0;0;0;21;;oui;d:6x4 s1:6x4;7c576435-9c29-4a52-97a9-e88fcc3ab9cc
2025 - 2026;diffusion+s1;Laurentides-Lanaudière;Flag football;Secondaire;Flag football B F D4 Niveau 2 Printemps Noire;D4;Benjamin;Féminin;7;21;21;0;0;0;21;;oui;d:6x4 s1:6x4;c1e96fd6-8cbc-47dc-bb50-2f26587ba45f
2025 - 2026;diffusion+s1;Laurentides-Lanaudière;Flag football;Secondaire;Flag football B M D3 Automne Bleue;D3;Benjamin;Masculin;4;18;12;6;0;0;18;;oui;d:6x4 s1:6x4;334d4ae4-b2ec-4375-b254-0fc9c37a1eec
2025 - 2026;diffusion+s1;Laurentides-Lanaudière;Flag football;Secondaire;Flag football B M D3 Automne Noire;D3;Benjamin;Masculin;5;21;15;6;0;0;15;;oui;d:6x4 s1:6x4;bb0ddee7-e031-4561-9497-8e9ee7a1740f
2025 - 2026;diffusion+s1;Laurentides-Lanaudière;Flag football;Secondaire;Flag football B M D3 Printemps;D3;Benjamin;Masculin;7;25;21;4;0;0;25;;oui;d:6x4 s1:6x4;f510098c-bf80-4d53-b855-b611da6100fc
2025 - 2026;diffusion+s1;Laurentides-Lanaudière;Flag football;Secondaire;Flag football B M D4 Printemps Bleue;D4;Benjamin;Masculin;6;24;18;6;0;0;24;;oui;d:6x4 s1:6x4;52aa92dd-2e36-48cf-b52e-9456ec6810d9
2025 - 2026;diffusion+s1;Laurentides-Lanaudière;Flag football;Secondaire;Flag football B M D4 Printemps Noire;D4;Benjamin;Masculin;7;27;21;6;0;0;21;;oui;d:6x4 s1:6x4;6f1ea2cd-eb12-4778-a5d4-9ecb34ab0f5b
2025 - 2026;diffusion+s1;Laurentides-Lanaudière;Flag football;Secondaire;Flag football C F D3 Automne;D3;Cadet;Féminin;6;22;18;4;0;0;22;;oui;d:6x4 s1:6x4;7a99d316-0537-4fe1-9c39-1de8d8127e02
2025 - 2026;diffusion+s1;Laurentides-Lanaudière;Flag football;Secondaire;Flag football C F D3 Printemps;D3;Cadet;Féminin;5;19;15;4;0;0;19;;oui;d:6x4 s1:6x4;47e57007-4d1a-46e1-9668-a8f4c4401ced
2025 - 2026;diffusion+s1;Laurentides-Lanaudière;Flag football;Secondaire;Flag football C F D4 Niveau 1 Automne Bleue;D4;Cadet;Féminin;5;21;15;6;0;0;21;;oui;d:6x4 s1:6x4;eb613d78-3a51-48d3-a0b5-fc901499049c
2025 - 2026;diffusion+s1;Laurentides-Lanaudière;Flag football;Secondaire;Flag football C F D4 Niveau 1 Automne Noire;D4;Cadet;Féminin;6;24;18;6;0;0;18;;oui;d:6x4 s1:6x4;74f1e350-2dbc-4881-aa3f-a4bd617225eb
2025 - 2026;diffusion+s1;Laurentides-Lanaudière;Flag football;Secondaire;Flag football C F D4 Niveau 1 Automne Rouge;D4;Cadet;Féminin;6;24;18;6;0;0;18;;oui;d:6x4 s1:6x4;11b47bbc-0d29-495c-9200-78d61746023b
2025 - 2026;diffusion+s1;Laurentides-Lanaudière;Flag football;Secondaire;Flag football C F D4 Niveau 1 Printemps Blanche;D4;Cadet;Féminin;6;26;18;8;0;0;26;;oui;d:6x4 s1:6x4;26c2344c-6bb7-409b-8f3f-23dcd15f5963
2025 - 2026;diffusion+s1;Laurentides-Lanaudière;Flag football;Secondaire;Flag football C F D4 Niveau 1 Printemps Bleue;D4;Cadet;Féminin;5;23;15;8;0;0;15;;oui;d:6x4 s1:6x4;276e107a-72d8-43d1-9aa3-97719ac5a91b
2025 - 2026;diffusion+s1;Laurentides-Lanaudière;Flag football;Secondaire;Flag football C F D4 Niveau 1 Printemps Noire;D4;Cadet;Féminin;6;26;18;8;0;0;18;;oui;d:6x4 s1:6x4;af65faae-06e0-43d1-8219-b2008d720b9b
2025 - 2026;diffusion+s1;Laurentides-Lanaudière;Flag football;Secondaire;Flag football C F D4 Niveau 1 Printemps Rouge;D4;Cadet;Féminin;6;26;18;8;0;0;18;;oui;d:6x4 s1:6x4;7c2d5ed7-4c0d-4613-9574-f95c7e958244
2025 - 2026;diffusion+s1;Laurentides-Lanaudière;Flag football;Secondaire;Flag football C F D4 Niveau 2 Automne;D4;Cadet;Féminin;6;18;18;0;0;0;18;;oui;d:6x4 s1:6x4;b08468d7-ecf0-4f24-927f-c8b9fee4eba3
2025 - 2026;diffusion+s1;Laurentides-Lanaudière;Flag football;Secondaire;Flag football C F D4 Niveau 2 Printemps Blanche;D4;Cadet;Féminin;4;12;12;0;0;0;12;;oui;d:6x4 s1:6x4;37848d63-00b2-4ac0-a9ff-1486b01b831b
2025 - 2026;diffusion+s1;Laurentides-Lanaudière;Flag football;Secondaire;Flag football C F D4 Niveau 2 Printemps Bleue;D4;Cadet;Féminin;4;12;12;0;0;0;12;;oui;d:6x4 s1:6x4;9de1350b-ddee-4665-9b36-49e1a2fc69d3
2025 - 2026;diffusion+s1;Laurentides-Lanaudière;Flag football;Secondaire;Flag football C M D3 Automne;D3;Cadet;Masculin;7;24;21;3;0;0;24;;oui;d:6x4 s1:6x4;a973c297-6f11-403d-ae48-5d2454b13313
2025 - 2026;diffusion+s1;Laurentides-Lanaudière;Flag football;Secondaire;Flag football C M D3 Printemps;D3;Cadet;Masculin;8;31;28;3;0;0;31;;oui;d:6x4 s1:6x4;00c49996-8c18-4d42-b35f-1b9504ebbb0e
2025 - 2026;diffusion+s1;Laurentides-Lanaudière;Flag football;Secondaire;Flag football C M D4 Printemps Bleue;D4;Cadet;Masculin;4;15;12;3;0;0;15;;oui;d:6x4 s1:6x4;a2d1d84a-c645-40ec-83b3-bf890462c328
2025 - 2026;diffusion+s1;Laurentides-Lanaudière;Flag football;Secondaire;Flag football C M D4 Printemps Noire;D4;Cadet;Masculin;4;15;12;3;0;0;12;;oui;d:6x4 s1:6x4;c298264d-2cf0-4638-92fb-576b9ddbb6c3
2025 - 2026;diffusion+s1;Laurentides-Lanaudière;Flag football;Secondaire;Flag football J F D3 Automne;D3;Juvénile;Féminin;6;22;18;4;0;0;22;;oui;d:6x4 s1:6x4;a34cfa9b-03c4-4059-baf1-b0fd469786b2
2025 - 2026;diffusion+s1;Laurentides-Lanaudière;Flag football;Secondaire;Flag football J F D3 Printemps;D3;Juvénile;Féminin;7;25;21;4;0;0;25;;oui;d:6x4 s1:6x4;f70b5008-5dd2-4514-a70c-3d9db191362c
2025 - 2026;diffusion+s1;Laurentides-Lanaudière;Flag football;Secondaire;Flag football J F D4 Niveau 1 Automne Bleue;D4;Juvénile;Féminin;7;27;21;6;0;0;27;;oui;d:6x4 s1:6x4;0bfedff2-c3d2-45d4-86e4-edc412a4d812
2025 - 2026;diffusion+s1;Laurentides-Lanaudière;Flag football;Secondaire;Flag football J F D4 Niveau 1 Automne Noire;D4;Juvénile;Féminin;7;27;21;6;0;0;21;;oui;d:6x4 s1:6x4;ebdc220f-466d-4c23-a19a-09ffe078413b
2025 - 2026;diffusion+s1;Laurentides-Lanaudière;Flag football;Secondaire;Flag football J F D4 Niveau 1 Automne Rouge;D4;Juvénile;Féminin;7;27;21;6;0;0;21;;oui;d:6x4 s1:6x4;01077282-25b9-403a-896a-0e239ad97901
2025 - 2026;diffusion+s1;Laurentides-Lanaudière;Flag football;Secondaire;Flag football J F D4 Niveau 1 Printemps Blanche;D4;Juvénile;Féminin;7;29;21;8;0;0;29;;oui;d:6x4 s1:6x4;7de830e4-b788-4d0b-b003-90a6b5573920
2025 - 2026;diffusion+s1;Laurentides-Lanaudière;Flag football;Secondaire;Flag football J F D4 Niveau 1 Printemps Bleue;D4;Juvénile;Féminin;6;26;18;8;0;0;18;;oui;d:6x4 s1:6x4;f1c7c4f9-3efd-4713-9057-b14cc154448d
2025 - 2026;diffusion+s1;Laurentides-Lanaudière;Flag football;Secondaire;Flag football J F D4 Niveau 1 Printemps Noire;D4;Juvénile;Féminin;6;26;18;8;0;0;18;;oui;d:6x4 s1:6x4;7689cd3a-a49b-41fd-8efb-8bad6333e65a
2025 - 2026;diffusion+s1;Laurentides-Lanaudière;Flag football;Secondaire;Flag football J F D4 Niveau 1 Printemps Rouge;D4;Juvénile;Féminin;7;29;21;8;0;0;21;;oui;d:6x4 s1:6x4;971ce66a-27d7-4ff7-b7bc-f486af64e08a
2025 - 2026;diffusion+s1;Laurentides-Lanaudière;Flag football;Secondaire;Flag football J F D4 Niveau 2 Automne;D4;Juvénile;Féminin;4;12;12;0;0;0;12;;oui;d:6x4 s1:6x4;73cd0013-4633-4c4a-8eae-ff49df17e904
2025 - 2026;diffusion+s1;Laurentides-Lanaudière;Flag football;Secondaire;Flag football J F D4 Niveau 2 Printemps;D4;Juvénile;Féminin;6;18;18;0;0;0;18;;oui;d:6x4 s1:6x4;c5f48865-3091-4dbf-b991-62c1922b9045
2025 - 2026;diffusion+s1;Laurentides-Lanaudière;Flag football;Secondaire;Flag football J M D3 Automne Bleue;D3;Juvénile;Masculin;5;20;15;5;0;0;20;;oui;d:6x4 s1:6x4;83176f69-87be-4035-94c8-d90863878bc3
2025 - 2026;diffusion+s1;Laurentides-Lanaudière;Flag football;Secondaire;Flag football J M D3 Automne Noire;D3;Juvénile;Masculin;5;20;15;5;0;0;15;;oui;d:6x4 s1:6x4;10474ac1-5978-4c51-9c05-d410f931255b
2025 - 2026;diffusion+s1;Laurentides-Lanaudière;Flag football;Secondaire;Flag football J M D3 Printemps Bleue;D3;Juvénile;Masculin;6;23;18;5;0;0;23;;oui;d:6x4 s1:6x4;3fc3d429-3498-4de9-be22-dde59eab05af
2025 - 2026;diffusion+s1;Laurentides-Lanaudière;Flag football;Secondaire;Flag football J M D3 Printemps Noire;D3;Juvénile;Masculin;7;26;21;5;0;0;21;;oui;d:6x4 s1:6x4;ea697c99-d220-48e9-88cd-cde6a91fd92c
2025 - 2026;diffusion+s1;Laurentides-Lanaudière;Flag football;Secondaire;Flag football J M D4 Printemps Bleue;D4;Juvénile;Masculin;5;20;15;5;0;0;20;;oui;d:6x4 s1:6x4;f6c21539-926c-45fb-b2d8-73913f7cbbdd
2025 - 2026;diffusion+s1;Laurentides-Lanaudière;Flag football;Secondaire;Flag football J M D4 Printemps Noire;D4;Juvénile;Masculin;4;17;12;5;0;0;12;;oui;d:6x4 s1:6x4;6476fb77-916b-4da5-9032-8ba4d1d8e379
2025 - 2026;s1;Laurentides-Lanaudière;Flag football;Primaire;Flag football M U Festival | 15 juin;;Moustique;Mixte;12;;;;;;0;;oui;s1:6x4;c1eff62d-d8ef-491e-9f49-b0ef8b2891cb
2025 - 2026;diffusion+s1;Laurentides-Lanaudière;Football;Secondaire;Football B U D4;D4;Benjamin;Mixte;7;35;28;7;0;0;35;;oui;d:6x5 s1:6x5;4c861a36-02f5-4227-b0ff-f8180f0db17c
2025 - 2026;diffusion+s1;Laurentides-Lanaudière;Football;Secondaire;Football C U D4;D4;Cadet;Mixte;10;48;45;3;0;0;48;;oui;d:6x5 s1:6x5;f6b1040f-4f49-4dfa-be96-eb3bf4f757c1
2025 - 2026;s1;Laurentides-Lanaudière;Football;Secondaire;Football C U D4 à 9 joueurs;D4;Cadet;Mixte;2;0;0;0;0;0;0;;oui;s1:6x5;a372e694-7f13-4722-b519-1ab8c792b322
2025 - 2026;diffusion+s1;Laurentides-Lanaudière;Football;Secondaire;Football C U D4 à 9 joueurs Printemps;D4;Cadet;Mixte;6;16;15;1;0;0;16;;oui;d:6x5 s1:6x5;65aa297a-ba67-43cf-94ce-8c006c7002a7
2025 - 2026;s1;Laurentides-Lanaudière;Football;Secondaire;Football C U D4 Printemps;D4;Cadet;Mixte;1;0;0;0;0;0;0;;oui;s1:6x5;f6ecb36b-076c-47ae-b13a-047bbce5ba61
2025 - 2026;diffusion+s1;Laurentides-Lanaudière;Football;Secondaire;Football J U D3;D3;Juvénile;Mixte;6;25;21;4;0;0;25;;oui;d:6x5 s1:6x5;d9746ccc-ba3c-42fb-8b18-6cf847342e06
2025 - 2026;diffusion+s1;Laurentides-Lanaudière;Football;Secondaire;Football J U D4;D4;Juvénile;Mixte;5;33;30;3;0;0;33;;oui;d:6x5 s1:6x5;ffbbc9e9-4b1d-40c3-be1f-c1617a47fa10
2025 - 2026;diffusion+s1;Laurentides-Lanaudière;Football;Secondaire;Football J U D4 à 9 joueurs;D4;Juvénile;Mixte;7;35;28;7;0;0;35;;oui;d:6x5 s1:6x5;a8673545-f79e-4b6c-af0f-a05bab81beaf
2025 - 2026;diffusion+s1;Laurentides-Lanaudière;Futsal;Secondaire;Futsal B F D3;D3;Benjamin;Féminin;4;;;;;;20;;oui;d:6x30 s1:6x30;f0a657eb-95e3-479d-8d1d-c22ef6670894
2025 - 2026;diffusion+s1;Laurentides-Lanaudière;Futsal;Secondaire;Futsal B F D4 Niveau 1 Bleue;D4;Benjamin;Féminin;5;;;;;;26;;oui;d:6x30 s1:6x30;434ee057-fad0-473a-8833-51db01d438db
2025 - 2026;diffusion+s1;Laurentides-Lanaudière;Futsal;Secondaire;Futsal B F D4 Niveau 1 Noire;D4;Benjamin;Féminin;5;;;;;;20;;oui;d:6x30 s1:6x30;33de8235-2e44-4105-b13b-f4969c4b57b7
2025 - 2026;diffusion+s1;Laurentides-Lanaudière;Futsal;Secondaire;Futsal B M D3 Bleue;D3;Benjamin;Masculin;8;;;;;;38;;oui;d:6x30 s1:6x30;f6eb7262-b25d-44ba-b288-479fbde5f3d0
2025 - 2026;diffusion+s1;Laurentides-Lanaudière;Futsal;Secondaire;Futsal B M D3 Noire;D3;Benjamin;Masculin;8;;;;;;32;;oui;d:6x30 s1:6x30;98a88802-e4b8-47f9-8fa5-738d5315c627
2025 - 2026;diffusion+s1;Laurentides-Lanaudière;Futsal;Secondaire;Futsal B M D4 Niveau 1 Blanche;D4;Benjamin;Masculin;9;;;;;;48;;oui;d:6x30 s1:6x30;7f584c48-8333-46bc-8496-d8ec7a0d1ceb
2025 - 2026;diffusion+s1;Laurentides-Lanaudière;Futsal;Secondaire;Futsal B M D4 Niveau 1 Bleue;D4;Benjamin;Masculin;9;;;;;;36;;oui;d:6x30 s1:6x30;42383f4c-c9ac-4b01-a16e-1e1897744915
2025 - 2026;diffusion+s1;Laurentides-Lanaudière;Futsal;Secondaire;Futsal B M D4 Niveau 1 Noire;D4;Benjamin;Masculin;9;;;;;;36;;oui;d:6x30 s1:6x30;5040d11c-b9db-4206-953b-3832e733b726
2025 - 2026;diffusion+s1;Laurentides-Lanaudière;Futsal;Secondaire;Futsal B M D4 Niveau 1 Rouge;D4;Benjamin;Masculin;9;;;;;;36;;oui;d:6x30 s1:6x30;e11bd0a1-1d93-4a0f-ad1b-5c68c87424bc
2025 - 2026;diffusion+s1;Laurentides-Lanaudière;Futsal;Secondaire;Futsal B M D4 Niveau 2;D4;Benjamin;Masculin;8;;;;;;32;;oui;d:6x30 s1:6x30;f148d14a-f2e2-4be6-b5c8-3f09d2fcc937
2025 - 2026;diffusion+s1;Laurentides-Lanaudière;Futsal;Secondaire;Futsal C F D3;D3;Cadet;Féminin;7;;;;;;32;;oui;d:6x30 s1:6x30;772419ae-9a3e-4aa4-9b6a-745b114dab51
2025 - 2026;diffusion+s1;Laurentides-Lanaudière;Futsal;Secondaire;Futsal C M D3;D3;Cadet;Masculin;12;;;;;;72;;oui;d:6x30 s1:6x30;53a1538c-79f8-4f4d-ae3b-72c09b0a04a5
2025 - 2026;diffusion+s1;Laurentides-Lanaudière;Futsal;Secondaire;Futsal C M D4 Niveau 1 Blanche;D4;Cadet;Masculin;9;;;;;;44;;oui;d:6x30 s1:6x30;5b39d79b-1c6a-49cf-b2e2-69cd017f4bbf
2025 - 2026;diffusion+s1;Laurentides-Lanaudière;Futsal;Secondaire;Futsal C M D4 Niveau 1 Bleue;D4;Cadet;Masculin;9;;;;;;36;;oui;d:6x30 s1:6x30;5bf989e3-96eb-49fb-a53f-b322f4d9d0b7
2025 - 2026;diffusion+s1;Laurentides-Lanaudière;Futsal;Secondaire;Futsal C M D4 Niveau 1 Noire;D4;Cadet;Masculin;8;;;;;;32;;oui;d:6x30 s1:6x30;c0d57a01-d8ee-4116-a065-a7614de02a91
2025 - 2026;diffusion+s1;Laurentides-Lanaudière;Futsal;Secondaire;Futsal C M D4 Niveau 2;D4;Cadet;Masculin;6;;;;;;24;;oui;d:6x30 s1:6x30;f826bc8d-db7b-4dfe-b0d3-36e7716d332a
2025 - 2026;diffusion+s1;Laurentides-Lanaudière;Futsal;Secondaire;Futsal J F D3 Bleue;D3;Juvénile;Féminin;7;;;;;;34;;oui;d:6x30 s1:6x30;7db588e2-cbaf-4ac6-a672-9f7bdac85e56
2025 - 2026;diffusion+s1;Laurentides-Lanaudière;Futsal;Secondaire;Futsal J F D3 Noire;D3;Juvénile;Féminin;7;;;;;;28;;oui;d:6x30 s1:6x30;46e5c39b-9214-4571-b192-f49e3689befa
2025 - 2026;diffusion+s1;Laurentides-Lanaudière;Futsal;Secondaire;Futsal J M D3;D3;Juvénile;Masculin;9;;;;;;42;;oui;d:6x30 s1:6x30;a9b58fbf-239e-41a1-8181-29538946b3ab
2025 - 2026;diffusion+s1;Laurentides-Lanaudière;Futsal;Secondaire;Futsal J M D4 Niveau 1 Bleue;D4;Juvénile;Masculin;11;;;;;;63;;oui;d:6x30 s1:6x30;c834f4d5-242f-48ae-a3d9-f8ce1e79de77
2025 - 2026;diffusion+s1;Laurentides-Lanaudière;Futsal;Secondaire;Futsal J M D4 Niveau 1 Noire;D4;Juvénile;Masculin;10;;;;;;45;;oui;d:6x30 s1:6x30;5116d4e6-f887-4bc8-b02f-179aafed29ec
2025 - 2026;s1;Laurentides-Lanaudière;Futsal;Secondaire;Futsal J M D4 Niveau 2;D4;Juvénile;Masculin;2;0;0;0;0;0;0;;oui;s1:6x30;1336e13b-be89-4eac-a5aa-3dcbab8b1054
2025 - 2026;s1;Laurentides-Lanaudière;Futsal;Primaire;Futsal M F Festival | 20 nov Intermédiaire;;Moustique;Féminin;3;;;;;;0;;oui;s1:6x30;bfb30f75-cfc8-4cd4-af9c-0c140aec3faa
2025 - 2026;s1;Laurentides-Lanaudière;Futsal;Primaire;Futsal M M Festival | 20 nov Avancé;;Moustique;Masculin;8;;;;;;0;;oui;s1:6x30;ebeecb9c-3915-4a01-a4ac-14eb1058b342
2025 - 2026;s1;Laurentides-Lanaudière;Futsal;Primaire;Futsal M M Festival | 20 nov Intermédiaire;;Moustique;Masculin;8;;;;;;0;;oui;s1:6x30;2c4ab94b-65f5-4da6-a131-9cbae8e7ac2b
2025 - 2026;diffusion+s1;Laurentides-Lanaudière;Futsal;Primaire;Futsal M U Tournoi | 29 nov Avancé;;Moustique;Mixte;3;;;;;;5;;oui;d:6x30 s1:6x30;cac28191-528b-49ee-85c6-8983bb3eb66d
2025 - 2026;diffusion+s1;Laurentides-Lanaudière;Futsal;Primaire;Futsal M U Tournoi | 29 nov Débutant;;Moustique;Mixte;6;;;;;;10;;oui;d:6x30 s1:6x30;85758e8e-d115-49a8-bc27-9ded1cc60e9a
2025 - 2026;diffusion+s1;Laurentides-Lanaudière;Futsal;Primaire;Futsal M U Tournoi | 29 nov Intermédiaire;;Moustique;Mixte;6;;;;;;10;;oui;d:6x30 s1:6x30;a8ed153f-ce06-4e46-82a8-bafff99533a4
2025 - 2026;s1;Laurentides-Lanaudière;Futsal;Primaire;Futsal O U Festival | 20 nov Débutant;;Ouvert;Mixte;5;;;;;;0;;oui;s1:6x30;9256fc26-9e5a-4d7b-90fd-064c54970376
2025 - 2026;s1;Laurentides-Lanaudière;Golf;Secondaire;Golf B F D3;D3;Benjamin;Féminin;0;0;0;0;0;0;0;;oui;s1:6x6;b90ff729-6b90-43ae-85b9-832ed4406c98
2025 - 2026;s1;Laurentides-Lanaudière;Golf;Secondaire;Golf B M D3;D3;Benjamin;Masculin;0;0;0;0;0;0;0;;oui;s1:6x6;e0ecbc59-9aee-469e-b18a-0582b0c37c4f
2025 - 2026;s1;Laurentides-Lanaudière;Hockey cosom;Primaire;Hockey cosom M U Festival | 6 février Débutant;;Moustique;Mixte;7;;;;;;0;;oui;s1:6x7;f3640197-d26e-4e6d-a30c-5d04f7011bf0
2025 - 2026;s1;Laurentides-Lanaudière;Hockey cosom;Primaire;Hockey cosom M U Festival | 6 février Intermédiaire;;Moustique;Mixte;3;;;;;;0;;oui;s1:6x7;b345b952-e4ad-4481-8397-5b02cb42a85e
2025 - 2026;diffusion+s1;Laurentides-Lanaudière;Hockey;Secondaire;Hockey M14 M D4 Niveau 1 Bleue;D4;M14;Masculin;4;;;;;;22;;oui;d:6x9 s1:6x9;43b0f26e-7f23-4076-9967-7e471681b8fd
2025 - 2026;diffusion+s1;Laurentides-Lanaudière;Hockey;Secondaire;Hockey M14 M D4 Niveau 1 Noire;D4;M14;Masculin;4;;;;;;16;;oui;d:6x9 s1:6x9;026df7e7-1a89-43d3-9cef-260e48b784c9
2025 - 2026;diffusion+s1;Laurentides-Lanaudière;Hockey;Secondaire;Hockey M14 M D4 Niveau 1 Rouge;D4;M14;Masculin;4;;;;;;16;;oui;d:6x9 s1:6x9;39ded96d-bb7d-412d-931c-8a685e1372ae
2025 - 2026;diffusion+s1;Laurentides-Lanaudière;Hockey;Secondaire;Hockey M15 M D4 Niveau 1 Bleue;D4;M15;Masculin;5;;;;;;25;;oui;d:6x9 s1:6x9;16e8f552-b052-472f-8f1d-947a745c9954
2025 - 2026;diffusion+s1;Laurentides-Lanaudière;Hockey;Secondaire;Hockey M15 M D4 Niveau 1 Noire;D4;M15;Masculin;4;;;;;;16;;oui;d:6x9 s1:6x9;21084714-94e5-43ae-b7e3-c143fbd452de
2025 - 2026;diffusion+s1;Laurentides-Lanaudière;Hockey;Secondaire;Hockey M18 M D4 Niveau 1 Bleue;D4;M18;Masculin;5;;;;;;26;;oui;d:6x9 s1:6x9;0111d37e-daab-42c1-ba24-3cf3094f35a2
2025 - 2026;diffusion+s1;Laurentides-Lanaudière;Hockey;Secondaire;Hockey M18 M D4 Niveau 1 Noire;D4;M18;Masculin;4;;;;;;16;;oui;d:6x9 s1:6x9;789d28e2-b8be-41eb-a98a-bc88f7e4d089
2025 - 2026;diffusion+s1;Laurentides-Lanaudière;Hockey;Secondaire;Hockey M18 M D4 Niveau 1 Rouge;D4;M18;Masculin;5;;;;;;20;;oui;d:6x9 s1:6x9;e0056640-401b-4a4b-b1d1-de1829d4731f
2025 - 2026;diffusion+s1;Laurentides-Lanaudière;Hockey;Secondaire;Hockey M18 M D4 Niveau 2;D4;M18;Masculin;5;;;;;;20;;oui;d:6x9 s1:6x9;e78f174b-2a9b-4994-a522-9faf4d1c3adc
2025 - 2026;s1;Laurentides-Lanaudière;Natation;Secondaire;Natation B F D3;D3;Benjamin;Féminin;6;0;0;0;0;0;0;;oui;s1:6x10;2df5cf35-4dd9-4b69-a8e9-5b66af63b108
2025 - 2026;s1;Laurentides-Lanaudière;Natation;Secondaire;Natation B M D3;D3;Benjamin;Masculin;6;0;0;0;0;0;0;;oui;s1:6x10;b1beed47-fe13-4625-be44-7e4eb79a925b
2025 - 2026;s1;Laurentides-Lanaudière;Natation;Secondaire;Natation C F D3;D3;Cadet;Féminin;6;0;0;0;0;0;0;;oui;s1:6x10;69c1ba64-4db8-4d6b-a8b5-04bc7beafbf4
2025 - 2026;s1;Laurentides-Lanaudière;Natation;Secondaire;Natation C M D3;D3;Cadet;Masculin;5;0;0;0;0;0;0;;oui;s1:6x10;a3246e96-ba5e-4f43-88ad-e9263f5e443e
2025 - 2026;s1;Laurentides-Lanaudière;Natation;Secondaire;Natation J F D3;D3;Juvénile;Féminin;5;0;0;0;0;0;0;;oui;s1:6x10;789e35f6-0511-49b9-a0d0-e001fb83c9f5
2025 - 2026;s1;Laurentides-Lanaudière;Natation;Secondaire;Natation J M D3;D3;Juvénile;Masculin;6;0;0;0;0;0;0;;oui;s1:6x10;e5755ea2-0c89-43ac-b4e7-bf302a760e4b
2025 - 2026;s1;Laurentides-Lanaudière;Soccer intérieur;Primaire;Soccer intérieur Co U Festival | 22 mai;;Colibri;Mixte;8;;;;;;0;;oui;s1:6x12;6f413435-113d-40c9-b592-39246388917a
2025 - 2026;s1;Laurentides-Lanaudière;Soccer intérieur;Primaire;Soccer intérieur M F Festival | 22 mai;;Moustique;Féminin;4;;;;;;0;;oui;s1:6x12;7cb6034c-ad62-4628-bb52-acdf31d45180
2025 - 2026;s1;Laurentides-Lanaudière;Soccer intérieur;Primaire;Soccer intérieur M M Festival | 22 mai Débutant;;Moustique;Masculin;8;;;;;;0;;oui;s1:6x12;72e73919-c9af-419c-9c31-e40f3c10b9ac
2025 - 2026;s1;Laurentides-Lanaudière;Soccer intérieur;Primaire;Soccer intérieur M M Festival | 22 mai Intermédiaire;;Moustique;Masculin;6;;;;;;0;;oui;s1:6x12;e6131581-6c80-4069-b90e-0ab5c3bc8a71
2025 - 2026;s1;Laurentides-Lanaudière;Soccer;Secondaire;Soccer B U D4 Mixte 7 vs 7 Printemps;D4;Benjamin;Mixte;0;0;0;0;0;0;0;;oui;s1:6x13;affe9d59-e6d4-42df-9624-d34397f478aa
2025 - 2026;s1;Laurentides-Lanaudière;Soccer;Secondaire;Soccer C M D3;D3;Cadet;Masculin;3;0;0;0;0;0;0;;oui;s1:6x13;5633e130-2daa-48ab-bbdc-5791e99dc3d4
2025 - 2026;s1;Laurentides-Lanaudière;Soccer;Secondaire;Soccer C U D4 Mixte 7 vs 7 Printemps;D4;Cadet;Mixte;0;0;0;0;0;0;0;;oui;s1:6x13;18815292-73de-4af1-be25-100a6077e2fd
2025 - 2026;s1;Laurentides-Lanaudière;Soccer;Secondaire;Soccer J F D3 à 7;D3;Juvénile;Féminin;3;0;0;0;0;0;0;;oui;s1:6x13;db698ef4-e01b-4f0f-a0d4-74c75e7278b0
2025 - 2026;diffusion+s1;Laurentides-Lanaudière;Soccer;Secondaire;Soccer J M D3;D3;Juvénile;Masculin;4;;;;;;16;;oui;d:6x13 s1:6x13;a11c5d79-553a-49e0-b2a5-1df98ccbf156
2025 - 2026;diffusion+s1;Laurentides-Lanaudière;Soccer;Secondaire;Soccer J U D4 Mixte 7 vs 7 Printemps;D4;Juvénile;Mixte;5;;;;;;14;;oui;d:6x13 s1:6x13;dd5fa804-2068-42c9-b6e5-97c3bd49d37f
2025 - 2026;diffusion+s1;Laurentides-Lanaudière;Ultimate;Secondaire;Ultimate J U D3;D3;Juvénile;Mixte;5;;;;;;12;;oui;d:6x25 s1:6x25;4535b775-e704-4bdf-9fa4-80baadfd3a78
2025 - 2026;s1;Laurentides-Lanaudière;Volleyball;Secondaire;Volleyball B F;;Benjamin;Féminin;101;0;0;0;0;0;0;;oui;s1:6x16;31c63b9b-9a4b-4ce4-aa1a-59b70446b0e9
2025 - 2026;s1;Laurentides-Lanaudière;Volleyball;Secondaire;Volleyball B M;;Benjamin;Masculin;17;0;0;0;0;0;0;;oui;s1:6x16;67c59fe2-0ef1-47db-8fee-462da42d91a3
2025 - 2026;s1;Laurentides-Lanaudière;Volleyball;Secondaire;Volleyball C F;;Cadet;Féminin;87;0;0;0;0;0;0;;oui;s1:6x16;4ba9cd94-3cc1-46e4-82cf-c0fc77ef0513
2025 - 2026;s1;Laurentides-Lanaudière;Volleyball;Secondaire;Volleyball C M;;Cadet;Masculin;18;0;0;0;0;0;0;;oui;s1:6x16;ee1881f7-aa49-4492-a04a-bb693e71644a
2025 - 2026;s1;Laurentides-Lanaudière;Volleyball;Secondaire;Volleyball J F;;Juvénile;Féminin;64;0;0;0;0;0;0;;oui;s1:6x16;77368993-e2a6-48c7-a6ef-ab8b6faad69e
2025 - 2026;s1;Laurentides-Lanaudière;Volleyball;Secondaire;Volleyball J M;;Juvénile;Masculin;24;0;0;0;0;0;0;;oui;s1:6x16;0b493a2f-2f5f-4757-8839-d8ba835e3027
2025 - 2026;s1;Laurentides-Lanaudière;Volleyball;Primaire;Volleyball M U CRS | 9 mai ;;Moustique;Mixte;6;;;;;;0;;oui;s1:6x16;feabb136-1c2d-4c91-88a0-53cdf188fd9e
2025 - 2026;s1;Laurentides-Lanaudière;Volleyball;Primaire;Volleyball M U Festival Lanaudière | 20 mars Avancé;;Moustique;Mixte;8;;;;;;0;;oui;s1:6x16;dc100995-e11a-4ded-9887-dbb46b6e899f
2025 - 2026;s1;Laurentides-Lanaudière;Volleyball;Primaire;Volleyball M U Festival Lanaudière | 20 mars Débutant;;Moustique;Mixte;11;;;;;;0;;oui;s1:6x16;4ff4bddb-28a8-4cc6-a4ff-c0cdffcea1e9
2025 - 2026;s1;Laurentides-Lanaudière;Volleyball;Primaire;Volleyball M U Festival Lanaudière | 20 mars Intermédiaire;;Moustique;Mixte;10;;;;;;0;;oui;s1:6x16;ae9655ee-bd59-4336-a23a-c82009f49e43
2025 - 2026;s1;Laurentides-Lanaudière;Volleyball;Primaire;Volleyball M U Festival Laurentides | 30 mars Avancé;;Moustique;Mixte;11;;;;;;0;;oui;s1:6x16;972818de-d869-4c3a-93b5-5fee40b66dcb
2025 - 2026;s1;Laurentides-Lanaudière;Volleyball;Primaire;Volleyball M U Festival Laurentides | 30 mars Débutant;;Moustique;Mixte;15;;;;;;0;;oui;s1:6x16;f02690fa-0764-44c7-bd89-225633a514f5
2025 - 2026;s1;Laurentides-Lanaudière;Volleyball;Primaire;Volleyball M U Festival Laurentides | 30 mars Intermédiaire;;Moustique;Mixte;23;;;;;;0;;oui;s1:6x16;f45bc270-8ef9-4da8-ac5b-a61094d3d538
2025 - 2026;diffusion+s1;Laurentides-Lanaudière;Volleyball;Primaire;Volleyball M U Tournoi | 26 avril Avancé;;Moustique;Mixte;10;;;;;;24;;oui;d:6x16 s1:6x16;8b02a5c4-ebb9-4c28-b8e9-5897bc856a7d
2025 - 2026;diffusion+s1;Laurentides-Lanaudière;Volleyball;Primaire;Volleyball M U Tournoi | 26 avril Débutant;;Moustique;Mixte;12;;;;;;22;;oui;d:6x16 s1:6x16;4b8a8605-934d-4021-ada6-7567846549ab
2025 - 2026;diffusion+s1;Laurentides-Lanaudière;Volleyball;Primaire;Volleyball M U Tournoi | 26 avril Intermédiaire;;Moustique;Mixte;18;;;;;;49;;oui;d:6x16 s1:6x16;012b75cc-8f06-4825-a122-0c982f8c380c
2025 - 2026;s1;Laval;Athlétisme;Primaire;Athlétisme P5 F Championnat régional d'athlétisme 27 mai 2026;;Primaire 5;Féminin;10;;;;;;0;;oui;s1:7x0;e62998ff-1e65-4a50-8014-28cce06ac466
2025 - 2026;s1;Laval;Athlétisme;Primaire;Athlétisme P5 M Championnat régional d'athlétisme 27 mai 2026;;Primaire 5;Masculin;10;;;;;;0;;oui;s1:7x0;0abc7283-3e9c-41fb-9115-4658219c7595
2025 - 2026;s1;Laval;Athlétisme;Primaire;Athlétisme P6 F Championnat régional d'athlétisme 27 mai 2026;;Primaire 6;Féminin;11;;;;;;0;;oui;s1:7x0;3e541053-0d8a-4677-a1df-b7a9a2998fd7
2025 - 2026;s1;Laval;Athlétisme;Primaire;Athlétisme P6 M Championnat régional d'athlétisme 27 mai 2026;;Primaire 6;Masculin;11;;;;;;0;;oui;s1:7x0;22a8e937-2ddd-4fc6-8327-be5842f85e3e
2025 - 2026;s1;Laval;Badminton;Secondaire;Badminton B U D3;D3;Benjamin;Mixte;9;0;0;0;0;0;0;;oui;s1:7x18;e13af01e-3c68-46f7-aaea-6823254ce80f
2025 - 2026;s1;Laval;Badminton;Secondaire;Badminton C U D3;D3;Cadet;Mixte;10;0;0;0;0;0;0;;oui;s1:7x18;183cf035-f1e2-47af-8a1e-3aa7c528ad7c
2025 - 2026;s1;Laval;Badminton;Secondaire;Badminton J U D3;D3;Juvénile;Mixte;10;0;0;0;0;0;0;;oui;s1:7x18;68120628-437a-4719-b97a-689b5ebf9cae
2025 - 2026;s1;Laval;Badminton;Primaire;Badminton P U Mini-ligue participative HIVER;;Primaire;Mixte;3;;;;;;0;;oui;s1:7x18;957b4dd5-916c-4e62-9f96-ceae8d1af00b
2025 - 2026;s1;Laval;Badminton;Primaire;Badminton P U Tournoi 5e année et 6e année 10 avril 2026;;Primaire;Mixte;10;;;;;;0;;oui;s1:7x18;706daeea-29a4-4845-93fc-85845b79955e
2025 - 2026;s1;Laval;Badminton;Primaire;Badminton P U Tournoi 5e année et 6e année 8 avril 2026;;Primaire;Mixte;7;;;;;;0;;oui;s1:7x18;cc0072e0-ba12-41d4-88a2-a23bfadb5c89
2025 - 2026;s1;Laval;Badminton;Primaire;Badminton P U Tournoi 5e année et 6e année 9 avril 2026;;Primaire;Mixte;9;;;;;;0;;oui;s1:7x18;be6ab7c4-8d89-4a73-9aae-4d1b8e1f3761
2025 - 2026;diffusion+s1;Laval;Basketball;Secondaire;Basketball B F D3;D3;Benjamin;Féminin;6;;;;;;30;;oui;d:7x1 s1:7x1;784ff020-26bc-464b-be9b-789bb133489c
2025 - 2026;diffusion+s1;Laval;Basketball;Secondaire;Basketball B F D4;D4;Benjamin;Féminin;7;;;;;;42;;oui;d:7x1 s1:7x1;ef2c7b80-6ef3-49a6-931e-b6aa5e9a190f
2025 - 2026;diffusion+s1;Laval;Basketball;Secondaire;Basketball B M D3;D3;Benjamin;Masculin;11;;;;;;55;;oui;d:7x1 s1:7x1;7f4206d5-54bd-48cb-aa4b-ea732ba4992f
2025 - 2026;diffusion+s1;Laval;Basketball;Secondaire;Basketball B M D4;D4;Benjamin;Masculin;12;;;;;;66;;oui;d:7x1 s1:7x1;ae452981-465d-46c5-95fa-1182e3bf37e3
2025 - 2026;diffusion+s1;Laval;Basketball;Secondaire;Basketball C F D3;D3;Cadet;Féminin;4;;;;;;18;;oui;d:7x1 s1:7x1;df8ab13f-7e53-4e37-b287-c78490b3a0fe
2025 - 2026;diffusion+s1;Laval;Basketball;Secondaire;Basketball C M D3;D3;Cadet;Masculin;12;;;;;;66;;oui;d:7x1 s1:7x1;e2d72fb5-63f3-4a1c-94c4-d189b56037c0
2025 - 2026;diffusion+s1;Laval;Basketball;Secondaire;Basketball J F D3;D3;Juvénile;Féminin;7;;;;;;42;;oui;d:7x1 s1:7x1;dcc23c1c-2edf-4c70-8c78-60894bb04d6c
2025 - 2026;diffusion+s1;Laval;Basketball;Secondaire;Basketball J F D4;D4;Juvénile;Féminin;4;;;;;;18;;oui;d:7x1 s1:7x1;7b77d972-c299-495f-95bc-49ae4d9967df
2025 - 2026;diffusion+s1;Laval;Basketball;Secondaire;Basketball J M D3;D3;Juvénile;Masculin;10;;;;;;45;;oui;d:7x1 s1:7x1;caf1156c-83b7-4367-8313-119bf0c5d0c1
2025 - 2026;diffusion+s1;Laval;Basketball;Secondaire;Basketball J M D4;D4;Juvénile;Masculin;11;;;;;;55;;oui;d:7x1 s1:7x1;8f0e953d-4ae9-451a-b515-f6b9751b9104
2025 - 2026;s1;Laval;Basketball;Primaire;Basketball P U Mini-ligue participative AUTOMNE;;Primaire;Mixte;9;;;;;;0;;oui;s1:7x1;352c9b66-7fa4-4f56-96d7-3e9face22347
2025 - 2026;s1;Laval;Basketball;Primaire;Basketball P U Mini-ligue participative HIVER;;Primaire;Mixte;5;;;;;;0;;oui;s1:7x1;27561559-d59c-4d1d-96a0-01473c8d961e
2025 - 2026;s1;Laval;Basketball;Primaire;Basketball P U SWLSB Multi-Sport Elementary League April 17th 2026;;Primaire;Mixte;14;;;;;;0;;oui;s1:7x1;3648ee0e-e403-41a6-8314-ed9345008ed9
2025 - 2026;s1;Laval;Basketball;Primaire;Basketball P6 U Tournoi 6e année 13 janvier 2026;;Primaire 6;Mixte;7;;;;;;0;;oui;s1:7x1;e818007a-984e-4027-a868-20f3bddd49c5
2025 - 2026;s1;Laval;Basketball;Primaire;Basketball P6 U Tournoi 6e année 14 janvier 2026;;Primaire 6;Mixte;6;;;;;;0;;oui;s1:7x1;068d1449-b415-4b11-8992-692de8376b55
2025 - 2026;s1;Laval;Basketball;Primaire;Basketball P6 U Tournoi 6e année 15 janvier 2026;;Primaire 6;Mixte;10;;;;;;0;;oui;s1:7x1;67b75bab-02fc-46fb-b6b0-0423b408138d
2025 - 2026;s1;Laval;Basketball;Primaire;Basketball P6 U Tournoi 6e année 16 janvier 2026;;Primaire 6;Mixte;7;;;;;;0;;oui;s1:7x1;663c39f3-ac93-4b9b-94c3-a0b4ac643cec
2025 - 2026;s1;Laval;Cross-country;Secondaire;Cross-country B F D3 ÉLITE;D3;Benjamin;Féminin;9;0;0;0;0;0;0;;oui;s1:7x3;67245719-0305-4d84-beee-30989fe913c6
2025 - 2026;s1;Laval;Cross-country;Secondaire;Cross-country B F D3 PARTICIPATIF;D3;Benjamin;Féminin;11;0;0;0;0;0;0;;oui;s1:7x3;9b934488-77ed-4daf-afdc-405e800cf009
2025 - 2026;s1;Laval;Cross-country;Secondaire;Cross-country B M D3 ÉLITE;D3;Benjamin;Masculin;12;0;0;0;0;0;0;;oui;s1:7x3;72c39562-5d2e-4983-a613-56d2e20d51b8
2025 - 2026;s1;Laval;Cross-country;Secondaire;Cross-country B M D3 PARTICIPATIF;D3;Benjamin;Masculin;11;0;0;0;0;0;0;;oui;s1:7x3;51196abd-3b27-4452-bff8-be25e9de0b8c
2025 - 2026;s1;Laval;Cross-country;Secondaire;Cross-country C F D3 ÉLITE;D3;Cadet;Féminin;12;0;0;0;0;0;0;;oui;s1:7x3;e858ce38-493c-44f9-99ff-d3379d4b9947
2025 - 2026;s1;Laval;Cross-country;Secondaire;Cross-country C F D3 PARTICIPATIF;D3;Cadet;Féminin;9;0;0;0;0;0;0;;oui;s1:7x3;336fbc44-ef2d-430d-9c89-2fc9115d02c0
2025 - 2026;s1;Laval;Cross-country;Secondaire;Cross-country C M D3 ÉLITE;D3;Cadet;Masculin;13;0;0;0;0;0;0;;oui;s1:7x3;1aa2607f-0808-44b4-bff9-f5ca0adb4b80
2025 - 2026;s1;Laval;Cross-country;Secondaire;Cross-country C M D3 PARTICIPATIF;D3;Cadet;Masculin;9;0;0;0;0;0;0;;oui;s1:7x3;22cb4201-cd3f-43bd-8397-9b686a9693d1
2025 - 2026;s1;Laval;Cross-country;Primaire;Cross-country Co F 4e année ÉLITE 2 octobre 2025 ;;Colibri;Féminin;21;;;;;;0;;oui;s1:7x3;fba352aa-1421-473d-b92c-78dbc351357a
2025 - 2026;s1;Laval;Cross-country;Primaire;Cross-country Co F 4e année PARTICIPATIF 2 octobre 2025;;Colibri;Féminin;14;;;;;;0;;oui;s1:7x3;cab26b8f-be5a-4580-9de6-b69fe69a65d9
2025 - 2026;s1;Laval;Cross-country;Primaire;Cross-country Co M 4e année ÉLITE 2 octobre 2025;;Colibri;Masculin;24;;;;;;0;;oui;s1:7x3;0db4aee1-0101-439a-996a-e5e4ac838ae3
2025 - 2026;s1;Laval;Cross-country;Primaire;Cross-country Co M 4e année PARTICIPATIF 2 octobre 2025;;Colibri;Masculin;16;;;;;;0;;oui;s1:7x3;b37ce9da-51b5-49df-92d3-7c5d5dc02dd8
2025 - 2026;s1;Laval;Cross-country;Secondaire;Cross-country J F D3 ÉLITE;D3;Juvénile;Féminin;10;0;0;0;0;0;0;;oui;s1:7x3;0b97d18a-a456-4fcd-b7b3-6d3fe8681bc2
2025 - 2026;s1;Laval;Cross-country;Secondaire;Cross-country J F D3 PARTICIPATIF;D3;Juvénile;Féminin;7;0;0;0;0;0;0;;oui;s1:7x3;479c4ea2-cdb8-456c-a1cc-9d56ec1cb44f
2025 - 2026;s1;Laval;Cross-country;Secondaire;Cross-country J M D3 ÉLITE;D3;Juvénile;Masculin;12;0;0;0;0;0;0;;oui;s1:7x3;441a96e2-5c60-4375-96dc-1040e82a286d
2025 - 2026;s1;Laval;Cross-country;Secondaire;Cross-country J M D3 PARTICIPATIF;D3;Juvénile;Masculin;5;0;0;0;0;0;0;;oui;s1:7x3;8d42ce5d-3da0-4b5a-aebb-becc77a7521e
2025 - 2026;s1;Laval;Cross-country;Primaire;Cross-country M F 5e année ÉLITE 2 octobre 2025;;Moustique;Féminin;34;;;;;;0;;oui;s1:7x3;1652c7ef-8c66-4fb6-9cf7-1984cf39d65e
2025 - 2026;s1;Laval;Cross-country;Primaire;Cross-country M F 5e année PARTICIPATIF 2 octobre 2025;;Moustique;Féminin;29;;;;;;0;;oui;s1:7x3;a9d2431d-4cef-45ac-95e2-f938d236af2c
2025 - 2026;s1;Laval;Cross-country;Primaire;Cross-country M F 6e année ÉLITE 2 octobre 2025;;Moustique;Féminin;36;;;;;;0;;oui;s1:7x3;9e95623a-1719-4125-9a7d-e5a55d7f1b9e
2025 - 2026;s1;Laval;Cross-country;Primaire;Cross-country M F 6e année PARTICIPATIF 2 octobre 2025;;Moustique;Féminin;33;;;;;;0;;oui;s1:7x3;2273e1d3-8538-4852-902d-c3fb57636d16
2025 - 2026;s1;Laval;Cross-country;Primaire;Cross-country M M 5e année ÉLITE 2 octobre 2025;;Moustique;Masculin;37;;;;;;0;;oui;s1:7x3;07482fa1-07c4-47bc-ab6f-bbe7904804aa
2025 - 2026;s1;Laval;Cross-country;Primaire;Cross-country M M 5e année PARTICIPATIF 2 octobre 2025;;Moustique;Masculin;30;;;;;;0;;oui;s1:7x3;fc2de02e-ccb6-436f-8340-ed7399a5b5a9
2025 - 2026;s1;Laval;Cross-country;Primaire;Cross-country M M 6e année ÉLITE 2 octobre 2025;;Moustique;Masculin;37;;;;;;0;;oui;s1:7x3;21a4971e-f2c9-4e22-82d1-1ab78f87e6de
2025 - 2026;s1;Laval;Cross-country;Primaire;Cross-country M M 6e année PARTICIPATIF 2 octobre 2025;;Moustique;Masculin;33;;;;;;0;;oui;s1:7x3;388b517b-8480-441d-a7d1-ec2deb656cb8
2025 - 2026;s1;Laval;Cross-country;Secondaire;Cross-country O U Défi Surpasse-toi SECONDAIRE 1 KM Marche;;Ouvert;Mixte;5;0;0;0;0;0;0;;oui;s1:7x3;a21e032d-ac40-4b7b-aefb-61aff6bceaf3
2025 - 2026;s1;Laval;Cross-country;Secondaire;Cross-country O U Défi Surpasse-toi SECONDAIRE 1KM Course DIM/DIS;;Ouvert;Mixte;2;0;0;0;0;0;0;;oui;s1:7x3;a6a6413a-727d-4a69-b122-e31dbccc95e5
2025 - 2026;s1;Laval;Cross-country;Secondaire;Cross-country O U Défi Surpasse-toi SECONDAIRE 1KM Course SANS/DIL;;Ouvert;Mixte;5;0;0;0;0;0;0;;oui;s1:7x3;c4ce7ccc-ecc6-4169-9a4b-593bed59ad3d
2025 - 2026;s1;Laval;Cross-country;Secondaire;Cross-country O U Défi Surpasse-toi SECONDAIRE 3KM Course DIM/DIS;;Ouvert;Mixte;3;0;0;0;0;0;0;;oui;s1:7x3;e2957444-267e-4e22-80ec-54ec52366e56
2025 - 2026;s1;Laval;Cross-country;Secondaire;Cross-country O U Défi Surpasse-toi SECONDAIRE 3KM Course SANS/DIL;;Ouvert;Mixte;4;0;0;0;0;0;0;;oui;s1:7x3;1c2fc40d-e32a-4450-8142-f02eb04a7c8c
2025 - 2026;s1;Laval;Cross-country;Secondaire;Cross-country O U Défi Surpasse-toi SECONDAIRE 5KM Course DIM/DIS;;Ouvert;Mixte;1;0;0;0;0;0;0;;oui;s1:7x3;385e39eb-99c9-4db0-a9a0-27b4f0e9b1e3
2025 - 2026;s1;Laval;Cross-country;Secondaire;Cross-country O U Défi Surpasse-toi SECONDAIRE 5KM Course SANS/DIL;;Ouvert;Mixte;4;0;0;0;0;0;0;;oui;s1:7x3;6b6cf48e-fbce-4a89-a7df-a831ea41e1e8
2025 - 2026;s1;Laval;Cross-country;Primaire;Cross-country P U Défi Surpasse-toi PRIMAIRE 1KM Course DIM/DIS;;Primaire;Mixte;2;;;;;;0;;oui;s1:7x3;5a5244c5-f979-4a88-bb6a-1150bf0c4a6d
2025 - 2026;s1;Laval;Cross-country;Primaire;Cross-country P U Défi Surpasse-toi PRIMAIRE 1KM Course SANS/DIL;;Primaire;Mixte;18;;;;;;0;;oui;s1:7x3;88851cd5-11ad-4a9d-a9a0-72708fbc253e
2025 - 2026;s1;Laval;Cross-country;Primaire;Cross-country P U Défi Surpasse-toi PRIMAIRE 1KM Marche;;Primaire;Mixte;9;;;;;;0;;oui;s1:7x3;e010d318-8b5e-4246-a10f-02e12412fd8d
2025 - 2026;s1;Laval;Cross-country;Primaire;Cross-country P U Défi Surpasse-toi PRIMAIRE 2KM Course DIM/DIS;;Primaire;Mixte;1;;;;;;0;;oui;s1:7x3;50f40924-4bc0-41e5-b9b5-ae87040c31eb
2025 - 2026;s1;Laval;Cross-country;Primaire;Cross-country P U Défi Surpasse-toi PRIMAIRE 2KM Course SANS/DIL;;Primaire;Mixte;8;;;;;;0;;oui;s1:7x3;f2c3785d-fe6b-4cc8-8658-beba33f63018
2025 - 2026;diffusion+s1;Laval;Flag football;Secondaire;Flag football B F D3;D3;Benjamin;Féminin;8;29;24;5;0;0;29;;oui;d:7x4 s1:7x4;b85e5922-ce3b-4db1-aef6-9f885dd71190
2025 - 2026;diffusion+s1;Laval;Flag football;Secondaire;Flag football C F D3;D3;Cadet;Féminin;6;21;18;3;0;0;21;;oui;d:7x4 s1:7x4;845d0f37-fbf7-4aa6-9c10-99558a0227b4
2025 - 2026;diffusion+s1;Laval;Flag football;Secondaire;Flag football J F D3;D3;Juvénile;Féminin;6;21;18;3;0;0;21;;oui;d:7x4 s1:7x4;7047b722-c7d8-4217-8d86-e2614dd0b0b9
2025 - 2026;s1;Laval;Flag football;Primaire;Flag football P U SWLSB Multi-Sport Elementary league  May15th 2026;;Primaire;Mixte;12;;;;;;0;;oui;s1:7x4;9cd74b47-f3bc-4a62-9a0d-fc55f4365a82
2025 - 2026;diffusion+s1;Laval;Futsal;Secondaire;Futsal B F D3;D3;Benjamin;Féminin;7;;;;;;45;;oui;d:7x30 s1:7x30;1c437b69-5d38-4c27-bed2-cb6b1c252db2
2025 - 2026;diffusion+s1;Laval;Futsal;Secondaire;Futsal B M D3;D3;Benjamin;Masculin;12;;;;;;71;;oui;d:7x30 s1:7x30;75274aa2-3eba-4d8d-b2ed-4bc9618d71a1
2025 - 2026;diffusion+s1;Laval;Futsal;Secondaire;Futsal B M D4;D4;Benjamin;Masculin;9;;;;;;59;;oui;d:7x30 s1:7x30;a4a6fd50-6bff-4812-a780-2cf31b2efd26
2025 - 2026;diffusion+s1;Laval;Futsal;Secondaire;Futsal C F D3;D3;Cadet;Féminin;5;;;;;;33;;oui;d:7x30 s1:7x30;da4a90e5-465b-4ce4-97c2-175ec0a13b6c
2025 - 2026;diffusion+s1;Laval;Futsal;Secondaire;Futsal C M D3;D3;Cadet;Masculin;14;;;;;;98;;oui;d:7x30 s1:7x30;ead897d8-773b-4305-a708-a2bc96b29077
2025 - 2026;diffusion+s1;Laval;Futsal;Secondaire;Futsal J F D3;D3;Juvénile;Féminin;8;;;;;;61;;oui;d:7x30 s1:7x30;51c9023a-dc5f-4b6d-a354-d959890d4771
2025 - 2026;diffusion+s1;Laval;Futsal;Secondaire;Futsal J M D3;D3;Juvénile;Masculin;14;;;;;;98;;oui;d:7x30 s1:7x30;cebfe49f-a619-4ef1-a6d9-6f7d04b60c63
2025 - 2026;s1;Laval;Futsal;Primaire;Futsal P U SWLSB Multi-Sport Elementary League November 28th 2025;;Primaire;Mixte;13;;;;;;0;;oui;s1:7x30;0131c171-3d55-4c37-90b5-d508618f93fb
2025 - 2026;s1;Laval;Futsal;Primaire;Futsal P6 U Tournoi 6e année 6 février 2026;;Primaire 6;Mixte;9;;;;;;0;;oui;s1:7x30;69d00e0a-e22e-4aca-96b9-0242d228cc5f
2025 - 2026;s1;Laval;Handball;Primaire;Handball P F SWLSB Multi-Sport Elementary league November 7th 2025;;Primaire;Féminin;7;;;;;;0;;oui;s1:7x24;5e0db7a4-0f7a-44b7-8534-f9bf501fd844
2025 - 2026;s1;Laval;Handball;Primaire;Handball P5 U Tournoi 5e année 8 janvier 2026;;Primaire 5;Mixte;10;;;;;;0;;oui;s1:7x24;fa65add5-ef07-4f8e-9321-c3438ecfc7ee
2025 - 2026;s1;Laval;Handball;Primaire;Handball P5 U Tournoi 5e année 9 janvier 2026;;Primaire 5;Mixte;9;;;;;;0;;oui;s1:7x24;ff0b0995-36f6-4a49-b41f-f2cbab38c4da
2025 - 2026;s1;Laval;Hockey cosom;Primaire;Hockey cosom P U Mini-ligue participative HIVER;;Primaire;Mixte;5;;;;;;0;;oui;s1:7x7;3db7117b-9a75-4468-8c7c-d35a79d0fe95
2025 - 2026;s1;Laval;Hockey cosom;Primaire;Hockey cosom P U SWLSB Multi-Sport Elementary League February 16th 2026;;Primaire;Mixte;7;;;;;;0;;oui;s1:7x7;9e3bb92f-6466-40f0-95d8-bae589b4039f
2025 - 2026;s1;Laval;Hockey cosom;Primaire;Hockey cosom P4 U Tournoi 4e année 20 février 2026;;Primaire 4;Mixte;7;;;;;;0;;oui;s1:7x7;ed37a946-ed90-4dbc-95e5-dd33788a1d07
2025 - 2026;s1;Laval;Hockey;Primaire;Hockey P U SWLSB Multi-Sport Elementary League November to March;;Primaire;Mixte;14;;;;;;0;;oui;s1:7x9;3c52ca5a-c9a3-4d46-a06b-fd05dd0e31e7
2025 - 2026;s1;Laval;Kickball;Primaire;Kickball P U Tournoi 3e année 30 avril 2026;;Primaire;Mixte;1;;;;;;0;;oui;s1:7x36;b5047836-2520-49ee-b440-d93571780aa9
2025 - 2026;s1;Laval;Kickball;Primaire;Kickball P U Tournoi 4e année 30 avril 2026;;Primaire;Mixte;4;;;;;;0;;oui;s1:7x36;3b4ebb95-d7a5-434b-bb21-435a19534164
2025 - 2026;s1;Laval;Pentathlon;Primaire;Pentathlon P F 5e année 11 février 2026;;Primaire;Féminin;11;;;;;;0;;oui;s1:7x46;fc706602-eb03-490e-bec4-a1ca320623fb
2025 - 2026;s1;Laval;Pentathlon;Primaire;Pentathlon P F 6e année 11 février 2026;;Primaire;Féminin;18;;;;;;0;;oui;s1:7x46;d3285e7d-35fd-4b0a-ad55-a9cb41def0bb
2025 - 2026;s1;Laval;Pentathlon;Primaire;Pentathlon P M 5e année 11 février 2026;;Primaire;Masculin;9;;;;;;0;;oui;s1:7x46;dac4ca81-0bf5-41ee-a12e-f30586d539ee
2025 - 2026;s1;Laval;Pentathlon;Primaire;Pentathlon P M 6e année 11 février 2026;;Primaire;Masculin;19;;;;;;0;;oui;s1:7x46;f17fa2ba-212f-42de-9aa8-bfb0114a45e3
2025 - 2026;s1;Laval;Rugby 7s;Primaire;Rugby 7s P U Tournoi 5e et 6e année 13 mai 2026 ANNULÉ;;Primaire;Mixte;0;;;;;;0;;oui;s1:7x42;9e959bf0-c303-458f-a3e3-ce083a8c5bd4
2025 - 2026;s1;Laval;Soccer;Primaire;Soccer P U SWLSB Multi-Sport Elementary League October 3th 2025;;Primaire;Mixte;8;;;;;;0;;oui;s1:7x13;8afdd406-b6bd-4a55-8a9e-4ef06afa2652
2025 - 2026;s1;Laval;Soccer;Primaire;Soccer P3 U Tournoi 3e année 11 juin 2026;;Primaire 3;Mixte;6;;;;;;0;;oui;s1:7x13;a32f5ede-5a05-4f02-a691-65a32566af43
2025 - 2026;s1;Laval;Soccer;Primaire;Soccer P3 U Tournoi 3e année 12 juin 2026;;Primaire 3;Mixte;3;;;;;;0;;oui;s1:7x13;ed25ec21-4847-4ecb-8d34-86034272c8f5
2025 - 2026;s1;Laval;Soccer;Primaire;Soccer P3 U Tournoi 3e année 15 juin 2026;;Primaire 3;Mixte;4;;;;;;0;;oui;s1:7x13;294f6e9a-b4ee-4618-9470-a0bcea8533a5
2025 - 2026;s1;Laval;Soccer;Primaire;Soccer P3 U Tournoi 3e année 16 juin 2026;;Primaire 3;Mixte;6;;;;;;0;;oui;s1:7x13;6e827bcc-4215-42e9-a384-61b253123a4c
2025 - 2026;s1;Laval;Soccer;Primaire;Soccer P4 U Tournoi 4e année 11 juin 2026;;Primaire 4;Mixte;6;;;;;;0;;oui;s1:7x13;58ae7c6d-c963-4f56-b455-3375c1d8ddd7
2025 - 2026;s1;Laval;Soccer;Primaire;Soccer P4 U Tournoi 4e année 12 juin 2026;;Primaire 4;Mixte;4;;;;;;0;;oui;s1:7x13;69f8276d-8949-4e35-8d44-882d0484f61d
2025 - 2026;s1;Laval;Soccer;Primaire;Soccer P4 U Tournoi 4e année 15 juin 2026;;Primaire 4;Mixte;6;;;;;;0;;oui;s1:7x13;0949cad0-9a84-4d4e-bbf8-92ad1ce41d09
2025 - 2026;s1;Laval;Soccer;Primaire;Soccer P4 U Tournoi 4e année 16 juin 2026;;Primaire 4;Mixte;6;;;;;;0;;oui;s1:7x13;3e7be1ee-f144-4ac3-897a-fa48b356163a
2025 - 2026;s1;Laval;Tchoukball;Primaire;Tchoukball P5 U Tournoi 5e année 7 mai 2026;;Primaire 5;Mixte;8;;;;;;0;;oui;s1:7x35;38018af8-8d16-4086-b230-a6cce30e3c88
2025 - 2026;s1;Laval;Tennis;Primaire;Tennis P U Tournoi 5e et 6e année 12 mai 2026;;Primaire;Mixte;9;;;;;;0;;oui;s1:7x29;58e4b63a-5386-436c-b6ee-cd31a9f4df69
2025 - 2026;s1;Laval;Ultimate;Primaire;Ultimate P U Tournoi 5e et 6e année 21 mai 2026;;Primaire;Mixte;4;;;;;;0;;oui;s1:7x25;06c45c7f-6f9b-4039-8fda-1e73771cd5b5
2025 - 2026;s1;Laval;Volleyball de plage;Secondaire;Volleyball de plage B F D3 2v2;D3;Benjamin;Féminin;36;0;0;0;0;0;0;;oui;s1:7x17;a0a3e43d-06a3-4581-a874-1836a26a9dd1
2025 - 2026;s1;Laval;Volleyball de plage;Secondaire;Volleyball de plage C F D3 2v2;D3;Cadet;Féminin;21;0;0;0;0;0;0;;oui;s1:7x17;3ed75eae-acc2-461b-a82d-c089b384b5da
2025 - 2026;s1;Laval;Volleyball de plage;Secondaire;Volleyball de plage C M D3 2v2;D3;Cadet;Masculin;4;0;0;0;0;0;0;;oui;s1:7x17;9b7ee6bf-cbdc-4f1e-8709-3d6a093fc371
2025 - 2026;s1;Laval;Volleyball de plage;Secondaire;Volleyball de plage J F D3 2v2;D3;Juvénile;Féminin;8;0;0;0;0;0;0;;oui;s1:7x17;3414d5da-ec12-4af5-af5e-39e71144f598
2025 - 2026;s1;Laval;Volleyball de plage;Secondaire;Volleyball de plage J M D3 2v2;D3;Juvénile;Masculin;9;0;0;0;0;0;0;;oui;s1:7x17;6c170c2a-73a1-4c2c-bdb5-7fbfd356d09c
2025 - 2026;diffusion+s1;Laval;Volleyball;Secondaire;Volleyball B F D3;D3;Benjamin;Féminin;14;0;0;0;0;7;0;;oui;d:7x16 s1:7x16;476a746a-6def-4e02-a9a5-c207c5dd6dcb
2025 - 2026;diffusion+s1;Laval;Volleyball;Secondaire;Volleyball B F D4;D4;Benjamin;Féminin;16;0;0;0;0;7;0;;oui;d:7x16 s1:7x16;6de1d551-b7b3-4eb5-b1b0-be321d748fc5
2025 - 2026;diffusion+s1;Laval;Volleyball;Secondaire;Volleyball C F D3;D3;Cadet;Féminin;15;0;0;0;0;7;0;;oui;d:7x16 s1:7x16;0e063ec6-012f-4500-aad2-b72d6b281225
2025 - 2026;s1;Laval;Volleyball;Secondaire;Volleyball C M D3;D3;Cadet;Masculin;2;0;0;0;0;1;0;;oui;s1:7x16;cc33e347-3a2b-4fb0-8e1b-ffdf3aeef1e9
2025 - 2026;diffusion+s1;Laval;Volleyball;Secondaire;Volleyball J F D3;D3;Juvénile;Féminin;14;0;0;0;0;7;0;;oui;d:7x16 s1:7x16;bfd5ce93-3e44-484c-be12-5fd069148a11
2025 - 2026;diffusion+s1;Laval;Volleyball;Secondaire;Volleyball J M D3;D3;Juvénile;Masculin;10;0;0;0;0;5;0;;oui;d:7x16 s1:7x16;18768632-af9d-4fd0-a2f7-5cbf0bb492d8
2025 - 2026;s1;Laval;Volleyball;Primaire;Volleyball P U Mini-ligue participative AUTOMNE;;Primaire;Mixte;12;;;;;;0;;oui;s1:7x16;a2b59b86-8b47-4ab1-be01-67e45c9d22c1
2025 - 2026;s1;Laval;Volleyball;Primaire;Volleyball P U Mini-ligue participative HIVER;;Primaire;Mixte;6;;;;;;0;;oui;s1:7x16;deee37c0-572a-42f1-8e33-6b16c840b928
2025 - 2026;s1;Laval;Volleyball;Primaire;Volleyball P U SWLSB Multi-Sport Elementary League  April 27th 2026;;Primaire;Mixte;16;;;;;;0;;oui;s1:7x16;7662386e-e026-4fdb-838f-bb551c3db21b
2025 - 2026;s1;Laval;Volleyball;Primaire;Volleyball P6 U Tournoi 6e année 10 novembre 2025;;Primaire 6;Mixte;12;;;;;;0;;oui;s1:7x16;77da6f85-7e01-43f5-9922-55339f046a16
2025 - 2026;s1;Laval;Volleyball;Primaire;Volleyball P6 U Tournoi 6e année 11 novembre 2025;;Primaire 6;Mixte;16;;;;;;0;;oui;s1:7x16;7b90ddf3-4268-451e-be1c-5abf7231b796
2025 - 2026;s1;Mauricie;Athlétisme;Secondaire;Athlétisme B F D3;D3;Benjamin;Féminin;8;0;0;0;0;0;0;;oui;s1:8x0;dceca8fb-09ac-49de-9ec8-06100c861960
2025 - 2026;s1;Mauricie;Athlétisme;Secondaire;Athlétisme B M D3;D3;Benjamin;Masculin;7;0;0;0;0;0;0;;oui;s1:8x0;ec43915d-38e9-4cc9-bd50-143990626f14
2025 - 2026;s1;Mauricie;Athlétisme;Secondaire;Athlétisme C F D3;D3;Cadet;Féminin;15;0;0;0;0;0;0;;oui;s1:8x0;b35b3462-e675-41b0-8d14-cda6853ea5f7
2025 - 2026;s1;Mauricie;Athlétisme;Secondaire;Athlétisme C F D3 Inclusif;D3;Cadet;Féminin;1;0;0;0;0;0;0;;oui;s1:8x0;9ea35d2e-75d5-4b20-984f-b76157ccccb0
2025 - 2026;s1;Mauricie;Athlétisme;Secondaire;Athlétisme C F D4 Inclusif;D4;Cadet;Féminin;6;0;0;0;0;0;0;;oui;s1:8x0;54fde48d-c67c-47ce-ad77-6f40119acfb7
2025 - 2026;s1;Mauricie;Athlétisme;Secondaire;Athlétisme C M D3;D3;Cadet;Masculin;13;0;0;0;0;0;0;;oui;s1:8x0;8dc15c6a-3145-4468-bb1d-5fee05506cea
2025 - 2026;s1;Mauricie;Athlétisme;Secondaire;Athlétisme C M D3 Inclusif;D3;Cadet;Masculin;2;0;0;0;0;0;0;;oui;s1:8x0;451400c0-aff0-4449-b4b3-2d347272f8e0
2025 - 2026;s1;Mauricie;Athlétisme;Secondaire;Athlétisme C M D4 Inclusif;D4;Cadet;Masculin;6;0;0;0;0;0;0;;oui;s1:8x0;8ff00a3e-f052-47e6-a53f-ce10cb7f7ed8
2025 - 2026;s1;Mauricie;Athlétisme;Secondaire;Athlétisme J F D3;D3;Juvénile;Féminin;14;0;0;0;0;0;0;;oui;s1:8x0;9f8ac56e-3dd2-416e-90fe-b7a058748e02
2025 - 2026;s1;Mauricie;Athlétisme;Secondaire;Athlétisme J F D3 Inclusif;D3;Juvénile;Féminin;1;0;0;0;0;0;0;;oui;s1:8x0;5de72c9f-6042-45ac-8d76-498482956f9d
2025 - 2026;s1;Mauricie;Athlétisme;Secondaire;Athlétisme J F D4 Inclusif;D4;Juvénile;Féminin;6;0;0;0;0;0;0;;oui;s1:8x0;4f73b1ee-9809-48ff-856d-2e60523a25ed
2025 - 2026;s1;Mauricie;Athlétisme;Secondaire;Athlétisme J M D3;D3;Juvénile;Masculin;15;0;0;0;0;0;0;;oui;s1:8x0;66df29ab-9394-4716-9829-61e4189ee664
2025 - 2026;s1;Mauricie;Athlétisme;Secondaire;Athlétisme J M D3 Inclusif;D3;Juvénile;Masculin;4;0;0;0;0;0;0;;oui;s1:8x0;70280bfc-9072-4130-ab3b-9d481bef99a2
2025 - 2026;s1;Mauricie;Athlétisme;Secondaire;Athlétisme J M D4 Inclusif;D4;Juvénile;Masculin;6;0;0;0;0;0;0;;oui;s1:8x0;865e8711-eabf-4c65-a594-0317c9a199cc
2025 - 2026;s1;Mauricie;Athlétisme;Primaire;Athlétisme P5 F;;Primaire 5;Féminin;10;;;;;;0;;oui;s1:8x0;7387cf0b-e16b-409a-908b-cc05ff95a367
2025 - 2026;s1;Mauricie;Athlétisme;Primaire;Athlétisme P5 M;;Primaire 5;Masculin;10;;;;;;0;;oui;s1:8x0;ea8279f6-a876-4da1-8ce1-c5907fd786bf
2025 - 2026;s1;Mauricie;Athlétisme;Primaire;Athlétisme P6 F;;Primaire 6;Féminin;12;;;;;;0;;oui;s1:8x0;0f58227a-1bfa-4b74-89b9-37cbe3781c30
2025 - 2026;s1;Mauricie;Athlétisme;Primaire;Athlétisme P6 M;;Primaire 6;Masculin;12;;;;;;0;;oui;s1:8x0;69d0f599-2e57-4948-8e59-59717c658cda
2025 - 2026;s1;Mauricie;Badminton;Secondaire;Badminton B U D3;D3;Benjamin;Mixte;13;0;0;0;0;0;0;;oui;s1:8x18;c653bc50-162e-439f-a923-f226e72185ff
2025 - 2026;s1;Mauricie;Badminton;Secondaire;Badminton C U D3;D3;Cadet;Mixte;13;0;0;0;0;0;0;;oui;s1:8x18;6eddd0a3-5ac1-4972-9cc0-0907e9fe4196
2025 - 2026;s1;Mauricie;Badminton;Secondaire;Badminton J U D3;D3;Juvénile;Mixte;12;0;0;0;0;0;0;;oui;s1:8x18;feef0bb5-c6a6-4608-be27-2e13be4cc2b3
2025 - 2026;diffusion+s1;Mauricie;Baseball;Primaire;Baseball P U;;Primaire;Mixte;10;;;;;;10;;oui;d:8x23 s1:8x23;2b539108-0218-4127-917a-0509c11c954f
2025 - 2026;diffusion+s1;Mauricie;Basketball;Secondaire;Basketball B F D3;D3;Benjamin;Féminin;6;;;;;;41;;oui;d:8x1 s1:8x1;dfaea749-2968-4b94-b24a-2176eac7eabd
2025 - 2026;diffusion+s1;Mauricie;Basketball;Secondaire;Basketball B F D4 Niveau 1;D4;Benjamin;Féminin;9;;;;;;50;;oui;d:8x1 s1:8x1;b772920c-eb2d-4a9a-bb19-a25fefa01b7e
2025 - 2026;diffusion+s1;Mauricie;Basketball;Secondaire;Basketball B F D4 Niveau 2;D4;Benjamin;Féminin;5;;;;;;28;;oui;d:8x1 s1:8x1;e0832c88-5cc3-41e3-8871-a117ecd5ce2f
2025 - 2026;diffusion+s1;Mauricie;Basketball;Secondaire;Basketball B M D3;D3;Benjamin;Masculin;8;;;;;;53;;oui;d:8x1 s1:8x1;ae4dcf59-943a-48f3-b3bb-76de50bb1bf8
2025 - 2026;diffusion+s1;Mauricie;Basketball;Secondaire;Basketball B M D4 Niveau 1;D4;Benjamin;Masculin;11;;;;;;60;;oui;d:8x1 s1:8x1;2ca32443-6716-4a12-b7d0-086b8b020a2b
2025 - 2026;diffusion+s1;Mauricie;Basketball;Secondaire;Basketball B M D4 Niveau 2;D4;Benjamin;Masculin;10;;;;;;55;;oui;d:8x1 s1:8x1;1eae7ea3-8de3-4eed-bdbc-81093301d540
2025 - 2026;diffusion+s1;Mauricie;Basketball;Secondaire;Basketball C F D3;D3;Cadet;Féminin;7;;;;;;47;;oui;d:8x1 s1:8x1;a728d33b-fc46-466e-9cdc-538062d31363
2025 - 2026;diffusion+s1;Mauricie;Basketball;Secondaire;Basketball C M D3;D3;Cadet;Masculin;7;;;;;;47;;oui;d:8x1 s1:8x1;1e18089a-5b9d-4352-bb64-6571c4054817
2025 - 2026;diffusion+s1;Mauricie;Basketball;Secondaire;Basketball C M D4;D4;Cadet;Masculin;9;;;;;;50;;oui;d:8x1 s1:8x1;7b0125e7-2428-4913-aa3d-756bd22b7bb6
2025 - 2026;diffusion+s1;Mauricie;Basketball;Secondaire;Basketball J F D3;D3;Juvénile;Féminin;8;;;;;;53;;oui;d:8x1 s1:8x1;7e5df2db-0e3c-4468-a39f-b8f60a716fc7
2025 - 2026;diffusion+s1;Mauricie;Basketball;Secondaire;Basketball J F D4;D4;Juvénile;Féminin;10;;;;;;55;;oui;d:8x1 s1:8x1;0278b93b-876a-43c4-a5ef-5e54433078b1
2025 - 2026;diffusion+s1;Mauricie;Basketball;Secondaire;Basketball J M D3;D3;Juvénile;Masculin;9;;;;;;59;;oui;d:8x1 s1:8x1;703b56c1-2f62-482f-8f9a-58014a9c5d83
2025 - 2026;diffusion+s1;Mauricie;Basketball;Secondaire;Basketball J M D4 Niveau 1;D4;Juvénile;Masculin;12;;;;;;73;;oui;d:8x1 s1:8x1;e3d65dbd-0acf-44c7-900f-a8a2e5ebd295
2025 - 2026;diffusion+s1;Mauricie;Basketball;Secondaire;Basketball J M D4 Niveau 2;D4;Juvénile;Masculin;4;;;;;;17;;oui;d:8x1 s1:8x1;b1b7ae66-9600-44d7-9415-e0ea59885c55
2025 - 2026;diffusion+s1;Mauricie;Basketball;Primaire;Basketball P4 F;;Primaire 4;Féminin;10;;;;;;44;;oui;d:8x1 s1:8x1;85dd0590-51ac-400b-8463-0e736368fcbc
2025 - 2026;diffusion+s1;Mauricie;Basketball;Primaire;Basketball P4 M;;Primaire 4;Masculin;20;;;;;;73;;oui;d:8x1 s1:8x1;9eaf0c8f-5021-4dbe-83ca-cb40883e34c8
2025 - 2026;diffusion+s1;Mauricie;Basketball;Primaire;Basketball P4 U;;Primaire 4;Mixte;5;;;;;;15;;oui;d:8x1 s1:8x1;8f5d1481-d487-44e5-b778-5cf9d2741cb7
2025 - 2026;diffusion+s1;Mauricie;Basketball;Primaire;Basketball P6 F Niveau 1;;Primaire 6;Féminin;2;;;;;;33;;oui;d:8x1 s1:8x1;95367e55-ef30-4dac-bc45-727ff8cecfba
2025 - 2026;diffusion+s1;Mauricie;Basketball;Primaire;Basketball P6 F Niveau 2;;Primaire 6;Féminin;10;;;;;;38;;oui;d:8x1 s1:8x1;16d8f189-dd74-4129-b5c9-f76e6630f0dd
2025 - 2026;diffusion+s1;Mauricie;Basketball;Primaire;Basketball P6 F Niveau 3;;Primaire 6;Féminin;6;;;;;;0;;oui;d:8x1 s1:8x1;ffbd63b3-71ea-4c94-b50d-7260d60190e3
2025 - 2026;diffusion+s1;Mauricie;Basketball;Primaire;Basketball P6 M Niveau 1;;Primaire 6;Masculin;6;;;;;;31;;oui;d:8x1 s1:8x1;d26f07c5-a6e4-4b41-9411-6925077566be
2025 - 2026;diffusion+s1;Mauricie;Basketball;Primaire;Basketball P6 M Niveau 2;;Primaire 6;Masculin;22;;;;;;68;;oui;d:8x1 s1:8x1;a77f4637-7202-4cf6-a459-3b7455325273
2025 - 2026;diffusion+s1;Mauricie;Basketball;Primaire;Basketball P6 M Niveau 3;;Primaire 6;Masculin;14;;;;;;34;;oui;d:8x1 s1:8x1;56495c0c-3ebe-4998-9a79-e6692a5dbd9b
2025 - 2026;diffusion+s1;Mauricie;Basketball;Primaire;Basketball P6 U;;Primaire 6;Mixte;13;;;;;;37;;oui;d:8x1 s1:8x1;b8b874d7-4d30-47b8-a830-97edb93a74a9
2025 - 2026;s1;Mauricie;Cheerleading;Secondaire;Cheerleading B U Niveau 2;;Benjamin;Mixte;1;0;0;0;0;0;0;;oui;s1:8x2;643b4647-9dc3-4ed2-a521-b39d03308284
2025 - 2026;s1;Mauricie;Cheerleading;Secondaire;Cheerleading O U Niveau 1;;Ouvert;Mixte;1;0;0;0;0;0;0;;oui;s1:8x2;c105363d-ebdc-4f25-ac11-8854b4b20546
2025 - 2026;s1;Mauricie;Cheerleading;Primaire;Cheerleading O U Niveau 1;;Ouvert;Mixte;9;;;;;;0;;oui;s1:8x2;f9dd2468-47a6-437a-8f1b-bd914b8e7468
2025 - 2026;s1;Mauricie;Cheerleading;Secondaire;Cheerleading O U Niveau 2;;Ouvert;Mixte;6;0;0;0;0;0;0;;oui;s1:8x2;135d22c7-d2ce-4f16-b74d-f8d8aafb214d
2025 - 2026;s1;Mauricie;Cheerleading;Primaire;Cheerleading O U Niveau 2;;Ouvert;Mixte;2;;;;;;0;;oui;s1:8x2;617aea81-5ec0-423c-84a4-326458e5d8d9
2025 - 2026;s1;Mauricie;Cheerleading;Secondaire;Cheerleading O U Niveau 3;;Ouvert;Mixte;2;0;0;0;0;0;0;;oui;s1:8x2;76d4f17d-1714-426d-a26b-0fde63b5f7fe
2025 - 2026;s1;Mauricie;Cross-country;Secondaire;Cross-country B F;;Benjamin;Féminin;19;0;0;0;0;0;0;;oui;s1:8x3;cd98ebc4-522c-4bb8-985e-e9f97f4da4e4
2025 - 2026;s1;Mauricie;Cross-country;Secondaire;Cross-country B M;;Benjamin;Masculin;17;0;0;0;0;0;0;;oui;s1:8x3;95a6ae48-d5a3-428c-bf7e-8cf17f608faf
2025 - 2026;s1;Mauricie;Cross-country;Secondaire;Cross-country C F;;Cadet;Féminin;18;0;0;0;0;0;0;;oui;s1:8x3;9a8612b1-be3e-47db-bc6c-848eb852e2e7
2025 - 2026;s1;Mauricie;Cross-country;Secondaire;Cross-country C M;;Cadet;Masculin;17;0;0;0;0;0;0;;oui;s1:8x3;d9685ffb-6ffe-4fa1-8a4b-1e30df2fd979
2025 - 2026;s1;Mauricie;Cross-country;Secondaire;Cross-country J F;;Juvénile;Féminin;14;0;0;0;0;0;0;;oui;s1:8x3;b960f7cd-0ffb-4d30-8f86-45227ea0d8cb
2025 - 2026;s1;Mauricie;Cross-country;Secondaire;Cross-country J M;;Juvénile;Masculin;15;0;0;0;0;0;0;;oui;s1:8x3;8f514029-383b-4d6a-8548-6ec2b0debeb8
2025 - 2026;s1;Mauricie;Cross-country;Primaire;Cross-country P3 F;;Primaire 3;Féminin;27;;;;;;0;;oui;s1:8x3;63d5f293-f23b-4b4c-bd53-0544ebef7755
2025 - 2026;s1;Mauricie;Cross-country;Primaire;Cross-country P3 M;;Primaire 3;Masculin;28;;;;;;0;;oui;s1:8x3;f972d25e-10e3-4f01-854a-553d18390125
2025 - 2026;s1;Mauricie;Cross-country;Primaire;Cross-country P4 F;;Primaire 4;Féminin;28;;;;;;0;;oui;s1:8x3;efab4564-33ba-4d0e-a244-f74e3c33620b
2025 - 2026;s1;Mauricie;Cross-country;Primaire;Cross-country P4 M;;Primaire 4;Masculin;29;;;;;;0;;oui;s1:8x3;c0f16569-1e35-4230-9d6a-0c985393015f
2025 - 2026;s1;Mauricie;Cross-country;Primaire;Cross-country P5 F;;Primaire 5;Féminin;29;;;;;;0;;oui;s1:8x3;d05d16f9-d57e-424d-936d-319c9ed884b0
2025 - 2026;s1;Mauricie;Cross-country;Primaire;Cross-country P5 M;;Primaire 5;Masculin;28;;;;;;0;;oui;s1:8x3;3f2f7507-9fce-45ae-b54c-6729339ecba1
2025 - 2026;s1;Mauricie;Cross-country;Primaire;Cross-country P6 F;;Primaire 6;Féminin;29;;;;;;0;;oui;s1:8x3;6ab843bd-e301-4473-b5cf-a529dddfe722
2025 - 2026;s1;Mauricie;Cross-country;Primaire;Cross-country P6 M;;Primaire 6;Masculin;30;;;;;;0;;oui;s1:8x3;3e9596fd-9610-4035-90c6-f97b9628a0b2
2025 - 2026;diffusion+s1;Mauricie;Dek Hockey;Primaire;Dek Hockey P4 U;;Primaire 4;Mixte;5;;;;;;5;;oui;d:8x53 s1:8x53;ebc9d3a2-fb20-45df-acb3-4b8232f363d8
2025 - 2026;diffusion+s1;Mauricie;Dek Hockey;Primaire;Dek Hockey P6 U;;Primaire 6;Mixte;8;;;;;;8;;oui;d:8x53 s1:8x53;1e0b5c28-e534-41ce-955d-6f108d3e8428
2025 - 2026;diffusion+s1;Mauricie;Flag football;Secondaire;Flag football B F D3;D3;Benjamin;Féminin;12;55;48;7;0;0;55;;oui;d:8x4 s1:8x4;4692ea44-d623-44f5-9ed1-d8c59f70547f
2025 - 2026;diffusion+s1;Mauricie;Flag football;Secondaire;Flag football B F D4 Niveau 1 A;D4;Benjamin;Féminin;10;47;40;7;0;0;47;;oui;d:8x4 s1:8x4;c7ea4f45-e5f2-4dca-9926-5b589b013d9c
2025 - 2026;diffusion+s1;Mauricie;Flag football;Secondaire;Flag football B F D4 Niveau 1 B;D4;Benjamin;Féminin;9;43;36;7;0;0;36;;oui;d:8x4 s1:8x4;3a4ae045-8445-4059-b1b2-306ca752e5fa
2025 - 2026;diffusion+s1;Mauricie;Flag football;Secondaire;Flag football B F D4 Niveau 2 A;D4;Benjamin;Féminin;8;39;32;7;0;0;39;;oui;d:8x4 s1:8x4;62b0320c-1ba0-49a3-96f7-90d0a4b3ed78
2025 - 2026;diffusion+s1;Mauricie;Flag football;Secondaire;Flag football B F D4 Niveau 2 B;D4;Benjamin;Féminin;8;39;32;7;0;0;32;;oui;d:8x4 s1:8x4;f241c717-fa58-49cb-b950-0f43c45d810a
2025 - 2026;diffusion+s1;Mauricie;Flag football;Secondaire;Flag football B M D3;D3;Benjamin;Masculin;7;33;28;5;0;0;33;;oui;d:8x4 s1:8x4;b37cea2d-0335-4cd9-9feb-83c60e706172
2025 - 2026;diffusion+s1;Mauricie;Flag football;Secondaire;Flag football B M D4 Niveau 1;D4;Benjamin;Masculin;7;31;28;3;0;0;31;;oui;d:8x4 s1:8x4;0782b234-2491-4648-bbe7-8c1ecca2fa4d
2025 - 2026;diffusion+s1;Mauricie;Flag football;Secondaire;Flag football B M D4 Niveau 2;D4;Benjamin;Masculin;9;41;36;5;0;0;41;;oui;d:8x4 s1:8x4;9330a113-2f41-4df8-9d19-56af8dabd9b1
2025 - 2026;diffusion+s1;Mauricie;Flag football;Secondaire;Flag football C F D3;D3;Cadet;Féminin;7;33;28;5;0;0;33;;oui;d:8x4 s1:8x4;66a21bf1-3efe-4658-93f3-7b352d641280
2025 - 2026;diffusion+s1;Mauricie;Flag football;Secondaire;Flag football C F D4 Niveau 1 A;D4;Cadet;Féminin;7;35;28;7;0;0;35;;oui;d:8x4 s1:8x4;098df7d5-8b35-4841-9e1f-eb8a0d79b2d5
2025 - 2026;diffusion+s1;Mauricie;Flag football;Secondaire;Flag football C F D4 Niveau 1 B;D4;Cadet;Féminin;8;39;32;7;0;0;32;;oui;d:8x4 s1:8x4;6150260a-ee55-4fc6-85f6-e4713675ff94
2025 - 2026;diffusion+s1;Mauricie;Flag football;Secondaire;Flag football C F D4 Niveau 2;D4;Cadet;Féminin;11;49;44;5;0;0;49;;oui;d:8x4 s1:8x4;f4b54f6c-3316-4c7a-aca9-3b7e6154fdf2
2025 - 2026;diffusion+s1;Mauricie;Flag football;Secondaire;Flag football C M D3;D3;Cadet;Masculin;6;29;24;5;0;0;29;;oui;d:8x4 s1:8x4;7c1d0960-1fd6-41b6-a969-fd74d311ff85
2025 - 2026;diffusion+s1;Mauricie;Flag football;Secondaire;Flag football C M D4;D4;Cadet;Masculin;13;59;52;7;0;0;59;;oui;d:8x4 s1:8x4;aef78eb0-fe38-4397-8692-854cac84b45e
2025 - 2026;diffusion+s1;Mauricie;Flag football;Secondaire;Flag football J F D3;D3;Juvénile;Féminin;6;29;24;5;0;0;29;;oui;d:8x4 s1:8x4;198fcf41-a1f3-44f1-bd12-58a55d5ffcbe
2025 - 2026;diffusion+s1;Mauricie;Flag football;Secondaire;Flag football J F D4 Niveau 1;D4;Juvénile;Féminin;10;45;40;5;0;0;45;;oui;d:8x4 s1:8x4;39e08989-4bc1-4993-85f3-aa2153713c5f
2025 - 2026;diffusion+s1;Mauricie;Flag football;Secondaire;Flag football J F D4 Niveau 2;D4;Juvénile;Féminin;8;35;32;3;0;0;35;;oui;d:8x4 s1:8x4;bc5b8000-5508-4d4f-8a5d-7165f9808a66
2025 - 2026;diffusion+s1;Mauricie;Flag football;Secondaire;Flag football J M D3;D3;Juvénile;Masculin;6;29;24;5;0;0;29;;oui;d:8x4 s1:8x4;3f71219a-dd57-4e7d-8da6-e3e22d5852c5
2025 - 2026;diffusion+s1;Mauricie;Flag football;Secondaire;Flag football J M D4 Niveau 1;D4;Juvénile;Masculin;11;49;44;5;0;0;49;;oui;d:8x4 s1:8x4;c763edb5-0a49-4c49-98b4-53551bc7a94f
2025 - 2026;diffusion+s1;Mauricie;Flag football;Secondaire;Flag football J M D4 Niveau 2;D4;Juvénile;Masculin;7;31;28;3;0;0;31;;oui;d:8x4 s1:8x4;742119ff-7123-48db-88de-5b4c71811e37
2025 - 2026;diffusion+s1;Mauricie;Flag football;Primaire;Flag football P4 M;;Primaire 4;Masculin;13;;;;;;27;;oui;d:8x4 s1:8x4;e8c0bfdb-d01f-4491-be03-174242357aec
2025 - 2026;diffusion+s1;Mauricie;Flag football;Primaire;Flag football P6 F Niveau 1;;Primaire 6;Féminin;4;;;;;;47;;oui;d:8x4 s1:8x4;bab657b0-0f64-4ff8-b2f3-a21632edb2fa
2025 - 2026;diffusion+s1;Mauricie;Flag football;Primaire;Flag football P6 F Niveau 2;;Primaire 6;Féminin;9;;;;;;0;;oui;d:8x4 s1:8x4;8249b770-9ab7-47ef-bcb9-53cb20c93053
2025 - 2026;diffusion+s1;Mauricie;Flag football;Primaire;Flag football P6 F Niveau 3;;Primaire 6;Féminin;2;;;;;;0;;oui;d:8x4 s1:8x4;300f5461-2169-4ef9-81a2-1488eb95f381
2025 - 2026;diffusion+s1;Mauricie;Flag football;Primaire;Flag football P6 M Niveau 1;;Primaire 6;Masculin;4;;;;;;69;;oui;d:8x4 s1:8x4;91eee422-183e-4287-bdba-9ce2d8952a61
2025 - 2026;diffusion+s1;Mauricie;Flag football;Primaire;Flag football P6 M Niveau 2;;Primaire 6;Masculin;18;;;;;;1;;oui;d:8x4 s1:8x4;4a278ad3-37bb-4a9e-b846-e7f1d6f2755f
2025 - 2026;diffusion+s1;Mauricie;Flag football;Primaire;Flag football P6 M Niveau 3;;Primaire 6;Masculin;3;;;;;;0;;oui;d:8x4 s1:8x4;eacec08f-de5e-4d05-9bea-dde1dbad7054
2025 - 2026;diffusion+s1;Mauricie;Football;Secondaire;Football C U D3;D3;Cadet;Mixte;6;18;15;3;0;0;18;;oui;d:8x5 s1:8x5;79b3ae5d-f0ff-4697-a9c9-97c8dd8503f3
2025 - 2026;diffusion+s1;Mauricie;Football;Secondaire;Football J U D3 Section A;D3;Juvénile;Mixte;4;31;27;4;0;0;31;;oui;d:8x5 s1:8x5;dc96abac-c538-4661-8a76-37e838efc783
2025 - 2026;diffusion+s1;Mauricie;Football;Secondaire;Football J U D3 Section B;D3;Juvénile;Mixte;3;31;27;4;0;0;0;;oui;d:8x5 s1:8x5;854418ef-9af1-4f86-a666-42243dda6dbf
2025 - 2026;diffusion+s1;Mauricie;Football;Secondaire;Football J U D3 Section C;D3;Juvénile;Mixte;3;31;27;4;0;0;0;;oui;d:8x5 s1:8x5;5828624a-8bc2-43cb-988d-eaa6f9b97ce4
2025 - 2026;diffusion+s1;Mauricie;Football;Primaire;Football P U;;Primaire;Mixte;13;;;;;;26;;oui;d:8x5 s1:8x5;3f3ecd1c-ea1b-42f9-97f5-83c2635700d5
2025 - 2026;diffusion+s1;Mauricie;Football;Primaire;Football P U Énergie;;Primaire;Mixte;6;;;;;;36;;oui;d:8x5 s1:8x5;345b0413-962d-4486-96bb-b9ab921d7c71
2025 - 2026;diffusion+s1;Mauricie;Futsal;Secondaire;Futsal B F D3;D3;Benjamin;Féminin;7;;;;;;47;;oui;d:8x30 s1:8x30;33a789eb-1783-471a-a68d-74734de1a4fc
2025 - 2026;diffusion+s1;Mauricie;Futsal;Secondaire;Futsal B M D3;D3;Benjamin;Masculin;9;;;;;;50;;oui;d:8x30 s1:8x30;b0e042a2-f0d4-4c55-9ad5-1162158a1b5d
2025 - 2026;diffusion+s1;Mauricie;Futsal;Secondaire;Futsal B M D4 Niveau 1;D4;Benjamin;Masculin;13;;;;;;72;;oui;d:8x30 s1:8x30;1dada905-df2a-42de-ac6d-2f99947b743d
2025 - 2026;diffusion+s1;Mauricie;Futsal;Secondaire;Futsal B M D4 Niveau 2;D4;Benjamin;Masculin;5;;;;;;28;;oui;d:8x30 s1:8x30;aba61486-5ed2-402d-a4ab-8c9c8cb160c2
2025 - 2026;diffusion+s1;Mauricie;Futsal;Secondaire;Futsal C M D3;D3;Cadet;Masculin;8;;;;;;45;;oui;d:8x30 s1:8x30;fad2d8ed-1612-4edc-99f0-2a922dbeb5cc
2025 - 2026;diffusion+s1;Mauricie;Futsal;Secondaire;Futsal C M D4;D4;Cadet;Masculin;13;;;;;;72;;oui;d:8x30 s1:8x30;bd509c0e-7bd3-438d-a884-fb40eaf175bd
2025 - 2026;diffusion+s1;Mauricie;Futsal;Secondaire;Futsal J F D3;D3;Juvénile;Féminin;5;;;;;;33;;oui;d:8x30 s1:8x30;6971847e-5695-449c-9bac-db8dbed09dd1
2025 - 2026;diffusion+s1;Mauricie;Futsal;Secondaire;Futsal J M D3;D3;Juvénile;Masculin;9;;;;;;50;;oui;d:8x30 s1:8x30;7b498f8e-ab2e-4c8e-9483-1526b0be7e8f
2025 - 2026;diffusion+s1;Mauricie;Futsal;Primaire;Futsal P4 U;;Primaire 4;Mixte;19;;;;;;29;;oui;d:8x30 s1:8x30;644735f4-066f-415c-9a08-66853ca08d61
2025 - 2026;diffusion+s1;Mauricie;Futsal;Primaire;Futsal P6 U;;Primaire 6;Mixte;15;;;;;;55;;oui;d:8x30 s1:8x30;0ec6d717-ee5d-4a79-b743-00ba1ec35f9b
2025 - 2026;diffusion+s1;Mauricie;Futsal;Primaire;Futsal P6 U Niveau 1;;Primaire 6;Mixte;7;;;;;;17;;oui;d:8x30 s1:8x30;26dfe8c9-97c0-44ad-b5d1-a22215a4d4a6
2025 - 2026;diffusion+s1;Mauricie;Futsal;Primaire;Futsal P6 U Niveau 2;;Primaire 6;Mixte;17;;;;;;11;;oui;d:8x30 s1:8x30;3485d587-e581-4d84-8932-11abeef02bf8
2025 - 2026;diffusion+s1;Mauricie;Futsal;Primaire;Futsal P6 U Niveau 3;;Primaire 6;Mixte;9;;;;;;17;;oui;d:8x30 s1:8x30;e11f81ee-4bf8-4c5b-9f6f-7ccc76b04d3b
2025 - 2026;s1;Mauricie;Golf;Secondaire;Golf B U;;Benjamin;Mixte;5;0;0;0;0;0;0;;oui;s1:8x6;0c00ec98-338d-4c3e-a248-13bd7c2ebb18
2025 - 2026;s1;Mauricie;Golf;Secondaire;Golf C U;;Cadet;Mixte;3;0;0;0;0;0;0;;oui;s1:8x6;1f45eeda-4773-4e25-8b2f-2bcda2378e97
2025 - 2026;s1;Mauricie;Golf;Secondaire;Golf J U;;Juvénile;Mixte;3;0;0;0;0;0;0;;oui;s1:8x6;6c311093-aac8-47d9-89d0-707d9f696255
2025 - 2026;diffusion+s1;Mauricie;Hockey cosom;Secondaire;Hockey cosom J U D3 Inclusif;D3;Juvénile;Mixte;11;;;;;;61;;oui;d:8x7 s1:8x7;f1741755-53a0-4c89-9c53-ecf404c8431c
2025 - 2026;diffusion+s1;Mauricie;Hockey cosom;Secondaire;Hockey cosom J U D4 Inclusif;D4;Juvénile;Mixte;5;;;;;;29;;oui;d:8x7 s1:8x7;3332810e-3ce6-4ad3-8f36-8240c6ba5148
2025 - 2026;diffusion+s1;Mauricie;Hockey cosom;Primaire;Hockey cosom P4 U;;Primaire 4;Mixte;9;;;;;;17;;oui;d:8x7 s1:8x7;b607758d-0f6b-43a2-82da-831529a18a49
2025 - 2026;diffusion+s1;Mauricie;Hockey cosom;Primaire;Hockey cosom P6 U;;Primaire 6;Mixte;20;;;;;;41;;oui;d:8x7 s1:8x7;0be28d9f-4aa2-4e37-b5af-18c125b9f6b3
2025 - 2026;diffusion+s1;Mauricie;Hockey;Primaire;Hockey M14 U D4;D4;M14;Mixte;12;;;;;;66;;oui;d:8x9 s1:8x9;df947dec-b597-4eff-b80c-0c3c9bc1f0dd
2025 - 2026;diffusion+s1;Mauricie;Hockey;Secondaire;Hockey M15 U D4;D4;M15;Mixte;7;;;;;;43;;oui;d:8x9 s1:8x9;35cf7f16-ca9d-4e36-ae72-77cfc44bc604
2025 - 2026;diffusion+s1;Mauricie;Hockey;Secondaire;Hockey M18 U D4;D4;M18;Mixte;8;;;;;;41;;oui;d:8x9 s1:8x9;33b7d24c-5560-465d-8ebf-4f640c211b31
2025 - 2026;diffusion+s1;Mauricie;Rugby;Secondaire;Rugby J F D3;D3;Juvénile;Féminin;6;;;;;;35;;oui;d:8x11 s1:8x11;ea7a68d5-d922-4eff-a081-090bc5ac1182
2025 - 2026;diffusion+s1;Mauricie;Ultimate;Secondaire;Ultimate J U D3;D3;Juvénile;Mixte;9;;;;;;50;;oui;d:8x25 s1:8x25;dff930f4-6730-4887-bebd-7714dfd24dd3
2025 - 2026;s1;Mauricie;Volleyball de plage;Secondaire;Volleyball de plage B F D3;D3;Benjamin;Féminin;17;0;0;0;0;0;0;;oui;s1:8x17;d5694350-3d8b-4505-8284-f25d8b38671c
2025 - 2026;s1;Mauricie;Volleyball de plage;Secondaire;Volleyball de plage B F D4;D4;Benjamin;Féminin;66;0;0;0;0;0;0;;oui;s1:8x17;13975468-29e5-4c19-a066-eee73573cc95
2025 - 2026;s1;Mauricie;Volleyball de plage;Secondaire;Volleyball de plage B M D3;D3;Benjamin;Masculin;11;0;0;0;0;0;0;;oui;s1:8x17;cd458698-00a4-48b2-b614-bf18630e1ecb
2025 - 2026;s1;Mauricie;Volleyball de plage;Secondaire;Volleyball de plage C F D3;D3;Cadet;Féminin;22;0;0;0;0;0;0;;oui;s1:8x17;af2fa12e-41a4-4da3-91d6-9a0f881167c7
2025 - 2026;s1;Mauricie;Volleyball de plage;Secondaire;Volleyball de plage C F D4;D4;Cadet;Féminin;64;0;0;0;0;0;0;;oui;s1:8x17;03f2e230-619f-4b7d-954f-c8725aa22f6b
2025 - 2026;s1;Mauricie;Volleyball de plage;Secondaire;Volleyball de plage C M D3;D3;Cadet;Masculin;11;0;0;0;0;0;0;;oui;s1:8x17;15e9dfc8-0b00-49a1-a695-cfb4e6a6a758
2025 - 2026;s1;Mauricie;Volleyball de plage;Secondaire;Volleyball de plage C U;;Cadet;Mixte;7;0;0;0;0;0;0;;oui;s1:8x17;de28ad16-1e1b-4b62-a2d1-a348a596ac6b
2025 - 2026;s1;Mauricie;Volleyball de plage;Secondaire;Volleyball de plage J F D3;D3;Juvénile;Féminin;37;0;0;0;0;0;0;;oui;s1:8x17;ac13e670-6181-4239-965f-9fa28e5672fa
2025 - 2026;s1;Mauricie;Volleyball de plage;Secondaire;Volleyball de plage J F D4;D4;Juvénile;Féminin;23;0;0;0;0;0;0;;oui;s1:8x17;6e25b78d-bd71-4905-85ca-07f5d07ee708
2025 - 2026;s1;Mauricie;Volleyball de plage;Secondaire;Volleyball de plage J M D3;D3;Juvénile;Masculin;24;0;0;0;0;0;0;;oui;s1:8x17;7712f7a8-0172-415f-b176-32856bffa29c
2025 - 2026;s1;Mauricie;Volleyball de plage;Secondaire;Volleyball de plage J U;;Juvénile;Mixte;4;0;0;0;0;0;0;;oui;s1:8x17;d9af9466-e70e-4a4d-8546-d6d530310da8
2025 - 2026;diffusion+s1;Mauricie;Volleyball;Secondaire;Volleyball B F;;Benjamin;Féminin;59;;;;;;536;;oui;d:8x16 s1:8x16;9b4347ee-0894-4901-b60a-01561fdce62f
2025 - 2026;diffusion+s1;Mauricie;Volleyball;Secondaire;Volleyball B M D3;D3;Benjamin;Masculin;8;;;;;;90;;oui;d:8x16 s1:8x16;cff22f32-cf69-4cc8-bcf2-3eeb4e900b63
2025 - 2026;diffusion+s1;Mauricie;Volleyball;Secondaire;Volleyball C F;;Cadet;Féminin;45;;;;;;502;;oui;d:8x16 s1:8x16;7b9786bf-5cfe-4d77-b678-2d5e72993a8c
2025 - 2026;diffusion+s1;Mauricie;Volleyball;Secondaire;Volleyball C M D3;D3;Cadet;Masculin;5;;;;;;40;;oui;d:8x16 s1:8x16;dd63f03c-872f-492a-a392-79aa598a5efb
2025 - 2026;diffusion+s1;Mauricie;Volleyball;Secondaire;Volleyball J F D3;D3;Juvénile;Féminin;9;;;;;;78;;oui;d:8x16 s1:8x16;ba463b22-db8f-4abb-a971-fe69fbed9967
2025 - 2026;diffusion+s1;Mauricie;Volleyball;Secondaire;Volleyball J F D4 Niveau 1;D4;Juvénile;Féminin;9;;;;;;78;;oui;d:8x16 s1:8x16;286ba3fa-0b96-4f33-996b-77471cfb0591
2025 - 2026;diffusion+s1;Mauricie;Volleyball;Secondaire;Volleyball J F D4 Niveau 2;D4;Juvénile;Féminin;9;;;;;;78;;oui;d:8x16 s1:8x16;8f005be4-3454-44fa-876b-7c04708951dd
2025 - 2026;diffusion+s1;Mauricie;Volleyball;Secondaire;Volleyball J M D3;D3;Juvénile;Masculin;9;;;;;;96;;oui;d:8x16 s1:8x16;9aadab0d-0b24-4b3b-a13d-aa785e58e653
2025 - 2026;s1;Mauricie;Volleyball;Primaire;Volleyball P U;;Primaire;Mixte;34;;;;;;0;;oui;s1:8x16;95fa56c0-7803-4480-a2fd-eec730ee8083
2025 - 2026;s1;Montérégie;Athlétisme;Secondaire;Athlétisme B F Championnat régional Extérieur;;Benjamin;Féminin;12;0;0;0;0;0;0;;oui;s1:9x0;8a0dbb22-6bf0-4a95-be2b-9699f9a7fc86
2025 - 2026;s1;Montérégie;Athlétisme;Secondaire;Athlétisme B F En salle;;Benjamin;Féminin;15;0;0;0;0;0;0;;oui;s1:9x0;16ccb024-4c51-4af7-98b1-230d477aa140
2025 - 2026;s1;Montérégie;Athlétisme;Secondaire;Athlétisme B M Championnat régional Extérieur;;Benjamin;Masculin;16;0;0;0;0;0;0;;oui;s1:9x0;5d4adfa9-9b1f-4365-a93a-720ccaa6906b
2025 - 2026;s1;Montérégie;Athlétisme;Secondaire;Athlétisme B M En salle;;Benjamin;Masculin;15;0;0;0;0;0;0;;oui;s1:9x0;5c51f8aa-ff85-411b-96cc-e0a3b6d0c3fe
2025 - 2026;s1;Montérégie;Athlétisme;Secondaire;Athlétisme C F Championnat régional Extérieur;;Cadet;Féminin;18;0;0;0;0;0;0;;oui;s1:9x0;b31ceb2c-b478-4ae6-a58f-c63e79116a7a
2025 - 2026;s1;Montérégie;Athlétisme;Secondaire;Athlétisme C F En salle;;Cadet;Féminin;26;0;0;0;0;0;0;;oui;s1:9x0;d9116ebd-62be-48db-b662-96eeb586d97a
2025 - 2026;s1;Montérégie;Athlétisme;Secondaire;Athlétisme C M Championnat régional Extérieur;;Cadet;Masculin;14;0;0;0;0;0;0;;oui;s1:9x0;b00a1121-494e-46fc-beff-213345788661
2025 - 2026;s1;Montérégie;Athlétisme;Secondaire;Athlétisme C M En salle;;Cadet;Masculin;16;0;0;0;0;0;0;;oui;s1:9x0;0492f303-585f-4d4f-90f2-0937f8f1d7d9
2025 - 2026;s1;Montérégie;Athlétisme;Secondaire;Athlétisme J F Championnat régional Extérieur;;Juvénile;Féminin;20;0;0;0;0;0;0;;oui;s1:9x0;b5c09e90-b347-4123-814a-f601dfb132d6
2025 - 2026;s1;Montérégie;Athlétisme;Secondaire;Athlétisme J F En salle;;Juvénile;Féminin;23;0;0;0;0;0;0;;oui;s1:9x0;5799a835-4a4c-4603-8677-e862b1de2b98
2025 - 2026;s1;Montérégie;Athlétisme;Secondaire;Athlétisme J M Championnat régional Extérieur;;Juvénile;Masculin;15;0;0;0;0;0;0;;oui;s1:9x0;d3e3af07-da34-424e-b56c-db149697711b
2025 - 2026;s1;Montérégie;Athlétisme;Secondaire;Athlétisme J M En salle;;Juvénile;Masculin;19;0;0;0;0;0;0;;oui;s1:9x0;2e3e1820-b913-4550-8370-e46432fb3b96
2025 - 2026;s1;Montérégie;Athlétisme;Primaire;Athlétisme P3 F Festival  extérieur;;Primaire 3;Féminin;8;;;;;;0;;oui;s1:9x0;7ed438e9-38c9-4535-bef4-3dd19946537d
2025 - 2026;s1;Montérégie;Athlétisme;Primaire;Athlétisme P3 M Festival  extérieur;;Primaire 3;Masculin;8;;;;;;0;;oui;s1:9x0;a8154bd6-3f0b-482a-88ea-a8039e82251c
2025 - 2026;s1;Montérégie;Athlétisme;Primaire;Athlétisme P4 F Festival  extérieur;;Primaire 4;Féminin;8;;;;;;0;;oui;s1:9x0;a2ecfdee-eba3-4539-89fb-780e73ec3540
2025 - 2026;s1;Montérégie;Athlétisme;Primaire;Athlétisme P4 M Festival extérieur;;Primaire 4;Masculin;9;;;;;;0;;oui;s1:9x0;4ff1fc60-52ca-438c-b72b-0b04d1269bd0
2025 - 2026;s1;Montérégie;Athlétisme;Primaire;Athlétisme P5 F Festival extérieur;;Primaire 5;Féminin;11;;;;;;0;;oui;s1:9x0;8325db41-f988-4009-a593-0804699d9d4a
2025 - 2026;s1;Montérégie;Athlétisme;Primaire;Athlétisme P5 M Festival extérieur;;Primaire 5;Masculin;9;;;;;;0;;oui;s1:9x0;1fef2623-159d-4508-b66d-85c369bd60f0
2025 - 2026;s1;Montérégie;Athlétisme;Primaire;Athlétisme P6 F Festival extérieur;;Primaire 6;Féminin;11;;;;;;0;;oui;s1:9x0;14c2353b-63ca-4b5d-822f-3bb9d63f37a7
2025 - 2026;s1;Montérégie;Athlétisme;Primaire;Athlétisme P6 M Festival extérieur;;Primaire 6;Masculin;12;;;;;;0;;oui;s1:9x0;4c8daacf-36c6-4628-b2df-1280571b701c
2025 - 2026;s1;Montérégie;Badminton;Secondaire;Badminton B F Haut-Richelieu;;Benjamin;Féminin;8;0;0;0;0;0;0;;oui;s1:9x18;57659695-1bc8-426d-90c6-a7caa4ca57c8
2025 - 2026;s1;Montérégie;Badminton;Secondaire;Badminton B F Métro;;Benjamin;Féminin;7;0;0;0;0;0;0;;oui;s1:9x18;b87fff63-e84a-42b0-8575-0ef520e27177
2025 - 2026;s1;Montérégie;Badminton;Secondaire;Badminton B F Rive-Sud;;Benjamin;Féminin;11;0;0;0;0;0;0;;oui;s1:9x18;a64fea7d-e0ff-4fe6-a825-1ec297f53fbb
2025 - 2026;s1;Montérégie;Badminton;Secondaire;Badminton B F Sud-Ouest;;Benjamin;Féminin;7;0;0;0;0;0;0;;oui;s1:9x18;15666372-a920-40de-bd9d-d1d2da458421
2025 - 2026;s1;Montérégie;Badminton;Secondaire;Badminton B M Haut-Richelieu;;Benjamin;Masculin;9;0;0;0;0;0;0;;oui;s1:9x18;a397d516-f874-42b8-814a-815ab32b0eb5
2025 - 2026;s1;Montérégie;Badminton;Secondaire;Badminton B M Métro;;Benjamin;Masculin;8;0;0;0;0;0;0;;oui;s1:9x18;53848f15-cca2-44e3-8907-5f5e7837be19
2025 - 2026;s1;Montérégie;Badminton;Secondaire;Badminton B M Rive-Sud;;Benjamin;Masculin;15;0;0;0;0;0;0;;oui;s1:9x18;d54f9771-1b3f-481b-99f6-83fa0077c43d
2025 - 2026;s1;Montérégie;Badminton;Secondaire;Badminton B M Sud-Ouest;;Benjamin;Masculin;7;0;0;0;0;0;0;;oui;s1:9x18;922ab160-6cd2-48f8-9d7e-76e38c4c0930
2025 - 2026;s1;Montérégie;Badminton;Secondaire;Badminton C F Haut-Richelieu;;Cadet;Féminin;7;0;0;0;0;0;0;;oui;s1:9x18;e9a1ffd5-b32f-4a50-916c-52003d6bb8fd
2025 - 2026;s1;Montérégie;Badminton;Secondaire;Badminton C F Métro;;Cadet;Féminin;8;0;0;0;0;0;0;;oui;s1:9x18;37016193-2735-41e3-8686-9fa5149d4ef7
2025 - 2026;s1;Montérégie;Badminton;Secondaire;Badminton C F Rive-Sud;;Cadet;Féminin;11;0;0;0;0;0;0;;oui;s1:9x18;3909dd70-fb7f-44b5-b517-6b5ad20482e2
2025 - 2026;s1;Montérégie;Badminton;Secondaire;Badminton C F Sud-Ouest;;Cadet;Féminin;6;0;0;0;0;0;0;;oui;s1:9x18;b2e7e73a-1484-4511-b0d8-3a0c654b6230
2025 - 2026;s1;Montérégie;Badminton;Secondaire;Badminton C M Haut-Richelieu;;Cadet;Masculin;9;0;0;0;0;0;0;;oui;s1:9x18;7abbbb5e-85c9-446f-b1f6-f960dfcbcc6b
2025 - 2026;s1;Montérégie;Badminton;Secondaire;Badminton C M Métro;;Cadet;Masculin;9;0;0;0;0;0;0;;oui;s1:9x18;a7bb307e-8b9e-4f54-b6f3-70ecf58ecefe
2025 - 2026;s1;Montérégie;Badminton;Secondaire;Badminton C M Rive-Sud;;Cadet;Masculin;14;0;0;0;0;0;0;;oui;s1:9x18;9e19bb04-6f61-4e10-b674-be52b2f8c441
2025 - 2026;s1;Montérégie;Badminton;Secondaire;Badminton C M Sud-Ouest;;Cadet;Masculin;7;0;0;0;0;0;0;;oui;s1:9x18;0dab8a8a-570f-4f93-9528-36edb5e9799e
2025 - 2026;s1;Montérégie;Badminton;Primaire;Badminton Co F Festival d'initiation En double;;Colibri;Féminin;0;;;;;;0;;oui;s1:9x18;51b06825-fde1-43a9-9e7e-cd22c72f973f
2025 - 2026;diffusion+s1;Montérégie;Badminton;Primaire;Badminton Co M Festival d'initiation En double;;Colibri;Masculin;6;;;;;;12;;oui;d:9x18 s1:9x18;34b82b4c-0305-41dc-b194-7a142fa751e3
2025 - 2026;s1;Montérégie;Badminton;Secondaire;Badminton J F;;Juvénile;Féminin;24;0;0;0;0;0;0;;oui;s1:9x18;13330f00-0e09-4ebf-ba25-078c49b4a2e8
2025 - 2026;s1;Montérégie;Badminton;Secondaire;Badminton J M;;Juvénile;Masculin;28;0;0;0;0;0;0;;oui;s1:9x18;afc0d9ac-09d9-47e8-b731-11be8074179b
2025 - 2026;s1;Montérégie;Badminton;Primaire;Badminton M F Festival d'initiation En double;;Moustique;Féminin;0;;;;;;0;;oui;s1:9x18;63ad09ae-1eae-4ebf-9f81-46415f006a4b
2025 - 2026;diffusion+s1;Montérégie;Badminton;Primaire;Badminton M M Festival d'initiation En double;;Moustique;Masculin;8;;;;;;16;;oui;d:9x18 s1:9x18;b2bdcddf-d05b-43ce-859e-b5099611cb74
2025 - 2026;diffusion+s1;Montérégie;Basketball;Secondaire;Basketball A M D4 Niveau 1 Centre;D4;Atome;Masculin;6;;;;;;41;;oui;d:9x1 s1:9x1;8538d930-8c59-48b3-ad7a-642925b3be47
2025 - 2026;diffusion+s1;Montérégie;Basketball;Secondaire;Basketball A M D4 Niveau 1 Est;D4;Atome;Masculin;6;;;;;;30;;oui;d:9x1 s1:9x1;3d330d57-e62b-4944-a00b-ea4726b30b7c
2025 - 2026;diffusion+s1;Montérégie;Basketball;Secondaire;Basketball A M D4 Niveau 1 Nord;D4;Atome;Masculin;6;;;;;;30;;oui;d:9x1 s1:9x1;e2f906d1-55eb-408f-84f7-430e09c24710
2025 - 2026;diffusion+s1;Montérégie;Basketball;Secondaire;Basketball B F D3;D3;Benjamin;Féminin;5;;;;;;32;;oui;d:9x1 s1:9x1;5b300fea-1148-4a7d-a781-c2d231e66e5e
2025 - 2026;diffusion+s1;Montérégie;Basketball;Secondaire;Basketball B F D4 Basketball 3 X 3;D4;Benjamin;Féminin;6;;;;;;11;;oui;d:9x1 s1:9x1;f1ffd28b-e317-45f9-837f-e06d77b7dbb2
2025 - 2026;diffusion+s1;Montérégie;Basketball;Secondaire;Basketball B F D4 Niveau 1 Centre;D4;Benjamin;Féminin;7;;;;;;46;;oui;d:9x1 s1:9x1;5432c2ef-fa64-4ef0-b768-d42a9d1df04b
2025 - 2026;diffusion+s1;Montérégie;Basketball;Secondaire;Basketball B F D4 Niveau 1 Est;D4;Benjamin;Féminin;7;;;;;;35;;oui;d:9x1 s1:9x1;576042cc-c1d8-409a-bdad-3e9821d2b890
2025 - 2026;diffusion+s1;Montérégie;Basketball;Secondaire;Basketball B F D4 Niveau 1 Ouest;D4;Benjamin;Féminin;6;;;;;;30;;oui;d:9x1 s1:9x1;1ebc4a2a-a9e2-43d5-a59f-53c5655c0f41
2025 - 2026;diffusion+s1;Montérégie;Basketball;Secondaire;Basketball B F D4 Niveau 2;D4;Benjamin;Féminin;9;;;;;;45;;oui;d:9x1 s1:9x1;9d665427-bc6c-4944-a110-4351f04bb169
2025 - 2026;diffusion+s1;Montérégie;Basketball;Secondaire;Basketball B M D3 Basketball 3 X 3;D3;Benjamin;Masculin;4;;;;;;8;;oui;d:9x1 s1:9x1;becbb584-b953-4005-ae22-c5d86124247b
2025 - 2026;diffusion+s1;Montérégie;Basketball;Secondaire;Basketball B M D3 Est;D3;Benjamin;Masculin;7;;;;;;48;;oui;d:9x1 s1:9x1;11e6da59-3da1-4527-b2cc-b10cc09f28ef
2025 - 2026;diffusion+s1;Montérégie;Basketball;Secondaire;Basketball B M D3 Ouest;D3;Benjamin;Masculin;6;;;;;;36;;oui;d:9x1 s1:9x1;2b891984-bccc-4507-8682-d2659e308a0c
2025 - 2026;diffusion+s1;Montérégie;Basketball;Secondaire;Basketball B M D4 Basketball 3 X 3;D4;Benjamin;Masculin;9;;;;;;17;;oui;d:9x1 s1:9x1;d1b4c0d3-9f73-4b82-9886-71dad1af7fd7
2025 - 2026;diffusion+s1;Montérégie;Basketball;Secondaire;Basketball B M D4 Niveau 1 Centre ;D4;Benjamin;Masculin;7;;;;;;49;;oui;d:9x1 s1:9x1;c0778f99-19d5-41aa-b341-41db0a8baea3
2025 - 2026;diffusion+s1;Montérégie;Basketball;Secondaire;Basketball B M D4 Niveau 1 Est 1;D4;Benjamin;Masculin;6;;;;;;30;;oui;d:9x1 s1:9x1;bfb7a2c3-69ac-4e7d-8716-b175a335fff5
2025 - 2026;diffusion+s1;Montérégie;Basketball;Secondaire;Basketball B M D4 Niveau 1 Est 2;D4;Benjamin;Masculin;7;;;;;;35;;oui;d:9x1 s1:9x1;03af5674-062f-41f9-8986-314a791b3484
2025 - 2026;diffusion+s1;Montérégie;Basketball;Secondaire;Basketball B M D4 Niveau 1 Haut-Richelieu;D4;Benjamin;Masculin;6;;;;;;30;;oui;d:9x1 s1:9x1;098a0bf7-5277-43e0-aaa9-8ee795f1d59b
2025 - 2026;diffusion+s1;Montérégie;Basketball;Secondaire;Basketball B M D4 Niveau 1 Nord-Est;D4;Benjamin;Masculin;6;;;;;;30;;oui;d:9x1 s1:9x1;d4c13adf-3e27-435d-bf6b-65fad73b105d
2025 - 2026;diffusion+s1;Montérégie;Basketball;Secondaire;Basketball B M D4 Niveau 1 Ouest 1;D4;Benjamin;Masculin;6;;;;;;30;;oui;d:9x1 s1:9x1;02bd3ee6-6010-4f3c-a5f9-6075a3800892
2025 - 2026;diffusion+s1;Montérégie;Basketball;Secondaire;Basketball B M D4 Niveau 1 Ouest 2;D4;Benjamin;Masculin;7;;;;;;35;;oui;d:9x1 s1:9x1;b38ec1c8-b480-4529-bea6-ec0b2c5307d5
2025 - 2026;diffusion+s1;Montérégie;Basketball;Secondaire;Basketball B M D4 Niveau 2 Centre;D4;Benjamin;Masculin;7;;;;;;32;;oui;d:9x1 s1:9x1;9dcab3f7-c1fb-4b17-8118-c89a874fa781
2025 - 2026;diffusion+s1;Montérégie;Basketball;Secondaire;Basketball B M D4 Niveau 2 Est;D4;Benjamin;Masculin;7;;;;;;35;;oui;d:9x1 s1:9x1;d4b44203-bd0b-49f5-952d-046ec1bb4fa1
2025 - 2026;diffusion+s1;Montérégie;Basketball;Secondaire;Basketball B M D4 Niveau 2 Ouest;D4;Benjamin;Masculin;7;;;;;;35;;oui;d:9x1 s1:9x1;8337215b-36f2-4116-a039-03d564d0de09
2025 - 2026;diffusion+s1;Montérégie;Basketball;Secondaire;Basketball C F D3;D3;Cadet;Féminin;4;;;;;;25;;oui;d:9x1 s1:9x1;2cc051e1-98fd-46a4-adfd-0b72876b7ec3
2025 - 2026;diffusion+s1;Montérégie;Basketball;Secondaire;Basketball C F D4 Basketball 3 X 3;D4;Cadet;Féminin;4;;;;;;8;;oui;d:9x1 s1:9x1;e8b85701-4891-43a0-bdac-1baa7d843760
2025 - 2026;diffusion+s1;Montérégie;Basketball;Secondaire;Basketball C F D4 Niveau 1 Centre;D4;Cadet;Féminin;5;;;;;;29;;oui;d:9x1 s1:9x1;917828d8-9498-4670-bdaf-783da2df8216
2025 - 2026;diffusion+s1;Montérégie;Basketball;Secondaire;Basketball C F D4 Niveau 1 Est;D4;Cadet;Féminin;6;;;;;;30;;oui;d:9x1 s1:9x1;e7844891-87bb-40ce-818c-540715553337
2025 - 2026;diffusion+s1;Montérégie;Basketball;Secondaire;Basketball C F D4 Niveau 2;D4;Cadet;Féminin;5;;;;;;25;;oui;d:9x1 s1:9x1;d449afd8-f0fa-45d8-b15a-a784397a68f0
2025 - 2026;diffusion+s1;Montérégie;Basketball;Secondaire;Basketball C M D3;D3;Cadet;Masculin;11;;;;;;70;;oui;d:9x1 s1:9x1;da35ad89-415b-4c37-b094-84fb9343f4ab
2025 - 2026;diffusion+s1;Montérégie;Basketball;Secondaire;Basketball C M D3 Basketball 3 X 3;D3;Cadet;Masculin;4;;;;;;8;;oui;d:9x1 s1:9x1;09dc7de3-abb1-40bc-958d-abe43b77bc4d
2025 - 2026;diffusion+s1;Montérégie;Basketball;Secondaire;Basketball C M D4 Basketball 3 X 3;D4;Cadet;Masculin;5;;;;;;12;;oui;d:9x1 s1:9x1;770a06eb-4f6e-4db7-b603-06cdf7cd0e5e
2025 - 2026;diffusion+s1;Montérégie;Basketball;Secondaire;Basketball C M D4 Niveau 1 Centre;D4;Cadet;Masculin;5;;;;;;39;;oui;d:9x1 s1:9x1;d2a7bfd7-2afd-447b-a7a0-d180df60df4b
2025 - 2026;diffusion+s1;Montérégie;Basketball;Secondaire;Basketball C M D4 Niveau 1 Est;D4;Cadet;Masculin;6;;;;;;30;;oui;d:9x1 s1:9x1;f336d90d-6d94-4696-9b82-d130a1ac5894
2025 - 2026;diffusion+s1;Montérégie;Basketball;Secondaire;Basketball C M D4 Niveau 1 Haute-Yamaska;D4;Cadet;Masculin;6;;;;;;30;;oui;d:9x1 s1:9x1;28f64d82-7046-4ed1-83f3-bc3953dc14db
2025 - 2026;diffusion+s1;Montérégie;Basketball;Secondaire;Basketball C M D4 Niveau 1 Nord ;D4;Cadet;Masculin;6;;;;;;30;;oui;d:9x1 s1:9x1;269b9095-43a3-42d1-87bd-9f11b4b2394d
2025 - 2026;diffusion+s1;Montérégie;Basketball;Secondaire;Basketball C M D4 Niveau 1 Ouest;D4;Cadet;Masculin;6;;;;;;30;;oui;d:9x1 s1:9x1;bf3e8850-6517-459b-ac04-d12fbb23d234
2025 - 2026;diffusion+s1;Montérégie;Basketball;Secondaire;Basketball C M D4 Niveau 2;D4;Cadet;Masculin;8;;;;;;40;;oui;d:9x1 s1:9x1;bc3c453e-bcee-47f4-98cb-c911db82e52b
2025 - 2026;s1;Montérégie;Basketball;Primaire;Basketball Co U Festival d'initiation;;Colibri;Mixte;1;;;;;;0;;oui;s1:9x1;ba5b1b69-b485-4cf4-88c4-aa937ea5cd9b
2025 - 2026;diffusion+s1;Montérégie;Basketball;Secondaire;Basketball J F Basketball 3 X 3;;Juvénile;Féminin;7;;;;;;12;;oui;d:9x1 s1:9x1;0c9656e7-7044-4897-9d17-9031a1323f7c
2025 - 2026;diffusion+s1;Montérégie;Basketball;Secondaire;Basketball J F D3;D3;Juvénile;Féminin;9;;;;;;58;;oui;d:9x1 s1:9x1;1c32c870-4501-4442-ad70-247e861b1d5d
2025 - 2026;diffusion+s1;Montérégie;Basketball;Secondaire;Basketball J F D4 Niveau 1 Centre Est;D4;Juvénile;Féminin;9;;;;;;51;;oui;d:9x1 s1:9x1;f2e0eea6-be6c-4540-8ca2-a8c4cbc99e90
2025 - 2026;diffusion+s1;Montérégie;Basketball;Secondaire;Basketball J F D4 Niveau 1 Centre Ouest;D4;Juvénile;Féminin;8;;;;;;40;;oui;d:9x1 s1:9x1;372fe78b-f3a8-461b-8427-b1637de4b7d6
2025 - 2026;diffusion+s1;Montérégie;Basketball;Secondaire;Basketball J F D4 Niveau 2;D4;Juvénile;Féminin;9;;;;;;45;;oui;d:9x1 s1:9x1;d899b26c-f723-4f3b-9420-078c36a20335
2025 - 2026;diffusion+s1;Montérégie;Basketball;Secondaire;Basketball J M D3 Basketball 3 X 3;D3;Juvénile;Masculin;7;;;;;;12;;oui;d:9x1 s1:9x1;56c65bed-a360-4927-9d1e-6e2896a70c6d
2025 - 2026;diffusion+s1;Montérégie;Basketball;Secondaire;Basketball J M D3 Est;D3;Juvénile;Masculin;10;;;;;;65;;oui;d:9x1 s1:9x1;c0372b5a-6d06-4e6f-af19-f6af18f56208
2025 - 2026;diffusion+s1;Montérégie;Basketball;Secondaire;Basketball J M D3 Ouest;D3;Juvénile;Masculin;11;;;;;;66;;oui;d:9x1 s1:9x1;810c4709-66e1-4deb-a019-c8df0d9c4d96
2025 - 2026;diffusion+s1;Montérégie;Basketball;Secondaire;Basketball J M D4 Basketball 3 X 3 A;D4;Juvénile;Masculin;3;;;;;;11;;oui;d:9x1 s1:9x1;65de73ca-4925-42aa-93bb-c2a0d1dfed74
2025 - 2026;diffusion+s1;Montérégie;Basketball;Secondaire;Basketball J M D4 Basketball 3 X 3 B;D4;Juvénile;Masculin;4;;;;;;3;;oui;d:9x1 s1:9x1;a99bf99d-22a3-4c65-ae25-cc5bd6dc6bbf
2025 - 2026;diffusion+s1;Montérégie;Basketball;Secondaire;Basketball J M D4 Basketball 3 X 3 C;D4;Juvénile;Masculin;3;;;;;;3;;oui;d:9x1 s1:9x1;d6d7eb15-80ee-4aed-8f4f-7a5a84b8fa00
2025 - 2026;diffusion+s1;Montérégie;Basketball;Secondaire;Basketball J M D4 Basketball 3 X 3 D;D4;Juvénile;Masculin;3;;;;;;3;;oui;d:9x1 s1:9x1;28feecd2-4a56-4161-b994-c6c09af5fc14
2025 - 2026;diffusion+s1;Montérégie;Basketball;Secondaire;Basketball J M D4 Niveau 1 Centre;D4;Juvénile;Masculin;7;;;;;;49;;oui;d:9x1 s1:9x1;7fbfc5fd-a96a-40b7-8d74-010a30798cfb
2025 - 2026;diffusion+s1;Montérégie;Basketball;Secondaire;Basketball J M D4 Niveau 1 Est 1;D4;Juvénile;Masculin;7;;;;;;35;;oui;d:9x1 s1:9x1;822b6938-9289-4a07-bf69-8ddd4fb116ca
2025 - 2026;diffusion+s1;Montérégie;Basketball;Secondaire;Basketball J M D4 Niveau 1 Est 2;D4;Juvénile;Masculin;6;;;;;;30;;oui;d:9x1 s1:9x1;cc63e0cc-f252-451f-86c3-23bbdffa9fdf
2025 - 2026;diffusion+s1;Montérégie;Basketball;Secondaire;Basketball J M D4 Niveau 1 Nord ;D4;Juvénile;Masculin;7;;;;;;35;;oui;d:9x1 s1:9x1;f29f7c5e-84b0-4748-b1f6-7825b9f75cdf
2025 - 2026;diffusion+s1;Montérégie;Basketball;Secondaire;Basketball J M D4 Niveau 1 Ouest 1;D4;Juvénile;Masculin;6;;;;;;30;;oui;d:9x1 s1:9x1;947dbf93-be94-4114-9e78-554c57de065f
2025 - 2026;diffusion+s1;Montérégie;Basketball;Secondaire;Basketball J M D4 Niveau 1 Ouest 2;D4;Juvénile;Masculin;7;;;;;;35;;oui;d:9x1 s1:9x1;6418934e-259c-4805-8f76-4f2009e75d66
2025 - 2026;diffusion+s1;Montérégie;Basketball;Secondaire;Basketball J M D4 Niveau 2 Est;D4;Juvénile;Masculin;6;;;;;;30;;oui;d:9x1 s1:9x1;d7247496-6a4f-4b33-bf55-f020d04a8c03
2025 - 2026;diffusion+s1;Montérégie;Basketball;Secondaire;Basketball J M D4 Niveau 2 Ouest;D4;Juvénile;Masculin;6;;;;;;30;;oui;d:9x1 s1:9x1;48dc6d4e-9fac-44d9-9b54-f8d20c193080
2025 - 2026;s1;Montérégie;Basketball;Primaire;Basketball M F Ouvert;;Moustique;Féminin;2;;;;;;0;;oui;s1:9x1;d05c1dbc-6ee4-42f4-a4d8-99624c71078f
2025 - 2026;s1;Montérégie;Basketball;Primaire;Basketball M M Compétitif;;Moustique;Masculin;2;;;;;;0;;oui;s1:9x1;dad52f42-05d5-4757-8874-f2f91f5e6445
2025 - 2026;s1;Montérégie;Basketball;Primaire;Basketball M M Participatif;;Moustique;Masculin;2;;;;;;0;;oui;s1:9x1;006aaab0-97fa-4709-b965-ed0a283f5bfd
2025 - 2026;diffusion+s1;Montérégie;Basketball;Secondaire;Basketball O U Sports Inclusifs Récréatif;;Ouvert;Mixte;2;;;;;;3;;oui;d:9x1 s1:9x1;afee0fe1-4a06-44ee-b389-1e00f201c78f
2025 - 2026;diffusion+s1;Montérégie;Basketball;Secondaire;Basketball O U Sports Inclusifs Sportif;;Ouvert;Mixte;5;;;;;;12;;oui;d:9x1 s1:9x1;a8bed303-2d1e-43b0-80ce-2984581fd59c
2025 - 2026;s1;Montérégie;Cheerleading;Secondaire;Cheerleading B U Niveau 1;;Benjamin;Mixte;1;0;0;0;0;0;0;;oui;s1:9x2;79b03856-c005-4830-83f9-ea8fa5465023
2025 - 2026;s1;Montérégie;Cheerleading;Secondaire;Cheerleading B U Niveau 2;;Benjamin;Mixte;1;0;0;0;0;0;0;;oui;s1:9x2;5ef33fde-c760-4a3b-aa49-ec30bca78b32
2025 - 2026;s1;Montérégie;Cheerleading;Secondaire;Cheerleading C U Niveau 2;;Cadet;Mixte;1;0;0;0;0;0;0;;oui;s1:9x2;8d81e916-1340-4cde-ac2e-861325e72586
2025 - 2026;s1;Montérégie;Cheerleading;Primaire;Cheerleading M U Niveau 1;;Moustique;Mixte;3;;;;;;0;;oui;s1:9x2;c879e3b6-0802-4c36-b31c-085472ec598c
2025 - 2026;s1;Montérégie;Cheerleading;Secondaire;Cheerleading O U Niveau 1;;Ouvert;Mixte;7;0;0;0;0;0;0;;oui;s1:9x2;4ffb60a2-c755-469e-b646-d046d3532c8e
2025 - 2026;s1;Montérégie;Cheerleading;Primaire;Cheerleading O U Niveau 1 PRIMAIRE;;Ouvert;Mixte;1;;;;;;0;;oui;s1:9x2;a8558fc6-1b57-4013-97df-d970896f6879
2025 - 2026;s1;Montérégie;Cheerleading;Secondaire;Cheerleading O U Niveau 2;;Ouvert;Mixte;8;0;0;0;0;0;0;;oui;s1:9x2;1641a4cd-ce57-4fd6-baeb-1a3992e63b4a
2025 - 2026;s1;Montérégie;Cheerleading;Secondaire;Cheerleading O U Niveau 2 Sans tumbling;;Ouvert;Mixte;6;0;0;0;0;0;0;;oui;s1:9x2;b1567935-25f5-4b3b-956d-cd16698a2db0
2025 - 2026;s1;Montérégie;Cheerleading;Secondaire;Cheerleading O U Niveau 3;;Ouvert;Mixte;1;0;0;0;0;0;0;;oui;s1:9x2;756a198b-d60f-4fb0-af13-49f216113444
2025 - 2026;s1;Montérégie;Cheerleading;Secondaire;Cheerleading O U Niveau 3 Sans tumbling;;Ouvert;Mixte;2;0;0;0;0;0;0;;oui;s1:9x2;3868cefe-44a9-4a6d-8593-77c09b4c8d7f
2025 - 2026;s1;Montérégie;Cross-country;Secondaire;Cross-country B F Championnat régional 3 km;;Benjamin;Féminin;34;0;0;0;0;0;0;;oui;s1:9x3;7e364e58-56bf-4f1b-aa34-2a291313019f
2025 - 2026;s1;Montérégie;Cross-country;Secondaire;Cross-country B M Championnat régional 3 km;;Benjamin;Masculin;35;0;0;0;0;0;0;;oui;s1:9x3;f1cf715b-7c2d-4670-a719-9d46c56e9a3e
2025 - 2026;s1;Montérégie;Cross-country;Secondaire;Cross-country C F Championnat régional 4 km;;Cadet;Féminin;32;0;0;0;0;0;0;;oui;s1:9x3;8d070783-9288-400f-ad63-291e5e8df08d
2025 - 2026;s1;Montérégie;Cross-country;Secondaire;Cross-country C M Championnat régional 4 km;;Cadet;Masculin;31;0;0;0;0;0;0;;oui;s1:9x3;4921c93c-5421-48fa-a16e-b8cfabca7634
2025 - 2026;s1;Montérégie;Cross-country;Secondaire;Cross-country J F Championnat régional 5 km;;Juvénile;Féminin;25;0;0;0;0;0;0;;oui;s1:9x3;b2231854-0114-4634-9f99-9b199341f9ec
2025 - 2026;s1;Montérégie;Cross-country;Secondaire;Cross-country J M Championnat régional 5 km;;Juvénile;Masculin;25;0;0;0;0;0;0;;oui;s1:9x3;ba3b7ace-e5d0-44b3-bcd7-48e777d755e5
2025 - 2026;s1;Montérégie;Cross-country;Primaire;Cross-country P U Championnat régional Maternelle 1km;;Primaire;Mixte;6;;;;;;0;;oui;s1:9x3;590060f5-64d0-454d-abbd-5b177900b328
2025 - 2026;s1;Montérégie;Cross-country;Primaire;Cross-country P1 F Championnat régional 1 km;;Primaire 1;Féminin;12;;;;;;0;;oui;s1:9x3;0241cf22-c30d-4b1e-90cf-811b3cf99cd0
2025 - 2026;s1;Montérégie;Cross-country;Primaire;Cross-country P1 M Championnat régional 1 km;;Primaire 1;Masculin;12;;;;;;0;;oui;s1:9x3;be382f28-6d58-45c0-8797-e730f6461b7e
2025 - 2026;s1;Montérégie;Cross-country;Primaire;Cross-country P2 F Championnat régional 1 km;;Primaire 2;Féminin;14;;;;;;0;;oui;s1:9x3;a2261ac5-f995-4bd1-bd43-70bd4c95e5d1
2025 - 2026;s1;Montérégie;Cross-country;Primaire;Cross-country P2 M Championnat régional 1 km;;Primaire 2;Masculin;15;;;;;;0;;oui;s1:9x3;a95485b2-c102-4ddd-8b6b-288b2fa500b3
2025 - 2026;s1;Montérégie;Cross-country;Primaire;Cross-country P3 F Championnat régional 1 km;;Primaire 3;Féminin;17;;;;;;0;;oui;s1:9x3;2b697c1d-703c-4461-8c5e-81805ec7c040
2025 - 2026;s1;Montérégie;Cross-country;Primaire;Cross-country P3 M Championnat régional 1 km;;Primaire 3;Masculin;15;;;;;;0;;oui;s1:9x3;6406bc9e-9bcc-42af-b1cc-a7d4b9daa0fa
2025 - 2026;s1;Montérégie;Cross-country;Primaire;Cross-country P4 F Championnat régional 2 km;;Primaire 4;Féminin;18;;;;;;0;;oui;s1:9x3;c88aa724-aebf-403b-9bb7-30994d24e635
2025 - 2026;s1;Montérégie;Cross-country;Primaire;Cross-country P4 M Championnat régional 2 km;;Primaire 4;Masculin;17;;;;;;0;;oui;s1:9x3;e36f9cb6-c2b3-4490-a95c-e5a5194d0a80
2025 - 2026;s1;Montérégie;Cross-country;Primaire;Cross-country P5 F Championnat régional 2 km;;Primaire 5;Féminin;21;;;;;;0;;oui;s1:9x3;779ee08a-5d73-4388-b9ce-06af041ee219
2025 - 2026;s1;Montérégie;Cross-country;Primaire;Cross-country P5 M Championnat régional 2 km;;Primaire 5;Masculin;25;;;;;;0;;oui;s1:9x3;af6e0eb1-a536-4b25-b87a-4dde4a340753
2025 - 2026;s1;Montérégie;Cross-country;Primaire;Cross-country P6 F Championnat régional 2 km;;Primaire 6;Féminin;23;;;;;;0;;oui;s1:9x3;8d21ea73-ae68-4bac-b1aa-412728600807
2025 - 2026;s1;Montérégie;Cross-country;Primaire;Cross-country P6 M Championnat régional 2 km;;Primaire 6;Masculin;21;;;;;;0;;oui;s1:9x3;8bd3bd87-badb-4a2f-b366-a6bd02f66de8
2025 - 2026;diffusion+s1;Montérégie;Crosse au champ;Secondaire;Crosse au champ C M D4 Niveau 1;D4;Cadet;Masculin;6;;;;;;30;;oui;d:9x28 s1:9x28;6438c655-d667-4763-8151-6e5d7763bee5
2025 - 2026;diffusion+s1;Montérégie;Dek Hockey;Primaire;Dek Hockey Co U Festival d'initiation A;;Colibri;Mixte;3;;;;;;3;;oui;d:9x53 s1:9x53;17a20c11-4ae6-42ad-8a54-af0e0523b389
2025 - 2026;diffusion+s1;Montérégie;Dek Hockey;Primaire;Dek Hockey Co U Festival d'initiation B;;Colibri;Mixte;4;;;;;;6;;oui;d:9x53 s1:9x53;225c0da6-1584-4903-95c5-a47524ea8733
2025 - 2026;diffusion+s1;Montérégie;Dek Hockey;Primaire;Dek Hockey M F;;Moustique;Féminin;7;;;;;;18;;oui;d:9x53 s1:9x53;7881cdad-ff68-4c9c-87d4-4f2b3ce67ca7
2025 - 2026;diffusion+s1;Montérégie;Dek Hockey;Primaire;Dek Hockey M M Compétitif;;Moustique;Masculin;5;;;;;;12;;oui;d:9x53 s1:9x53;dcc42e65-4ac8-43b2-b044-c4817c0e5018
2025 - 2026;diffusion+s1;Montérégie;Dek Hockey;Primaire;Dek Hockey M M Participatif;;Moustique;Masculin;6;;;;;;13;;oui;d:9x53 s1:9x53;b822d9d5-0eb4-42b7-ab84-f412d66bd07a
2025 - 2026;s1;Montérégie;Dek Hockey;Secondaire;Dek Hockey M14 U D3;D3;M14;Mixte;0;0;0;0;0;0;0;;oui;s1:9x53;5260962f-f876-48f0-832e-0c33fcd23ceb
2025 - 2026;diffusion+s1;Montérégie;Dek Hockey;Secondaire;Dek Hockey M14 U D4;D4;M14;Mixte;13;;;;;;76;;oui;d:9x53 s1:9x53;7c8aad73-49e8-406f-ab4a-62f36ef9e945
2025 - 2026;s1;Montérégie;Dek Hockey;Secondaire;Dek Hockey M15 U D3;D3;M15;Mixte;0;0;0;0;0;0;0;;oui;s1:9x53;cd4f3732-23a6-46ef-be6c-13feb5d69601
2025 - 2026;diffusion+s1;Montérégie;Dek Hockey;Secondaire;Dek Hockey M15 U D4;D4;M15;Mixte;6;;;;;;35;;oui;d:9x53 s1:9x53;eade2808-4d26-441e-adfe-dff1221c498f
2025 - 2026;s1;Montérégie;Dek Hockey;Secondaire;Dek Hockey M18 U D3;D3;M18;Mixte;0;0;0;0;0;0;0;;oui;s1:9x53;30319876-1b4d-45bf-b60e-68fd9fad2fe0
2025 - 2026;diffusion+s1;Montérégie;Dek Hockey;Secondaire;Dek Hockey M18 U D4;D4;M18;Mixte;13;;;;;;73;;oui;d:9x53 s1:9x53;6e72cc23-823d-46cf-b6ac-a95cd77365dc
2025 - 2026;s1;Montérégie;Dek Hockey;Secondaire;Dek Hockey O F;;Ouvert;Féminin;0;0;0;0;0;0;0;;oui;s1:9x53;38b7244e-c7a4-44a5-a751-ca1281309e0c
2025 - 2026;diffusion+s1;Montérégie;Flag football;Secondaire;Flag football B F D3;D3;Benjamin;Féminin;5;15;15;0;0;4;15;;oui;d:9x4 s1:9x4;fc191875-871e-4c7e-92c6-37e75ed78c96
2025 - 2026;diffusion+s1;Montérégie;Flag football;Secondaire;Flag football B F D4 automne A;D4;Benjamin;Féminin;5;10;10;0;0;0;10;;oui;d:9x4 s1:9x4;8ae9b736-ebff-4653-b990-5085f966119c
2025 - 2026;diffusion+s1;Montérégie;Flag football;Secondaire;Flag football B F D4 automne B;D4;Benjamin;Féminin;5;10;10;0;0;0;10;;oui;d:9x4 s1:9x4;0bc2e9d3-cd35-4725-b956-799e05ed0237
2025 - 2026;diffusion+s1;Montérégie;Flag football;Secondaire;Flag football B F D4 automne C;D4;Benjamin;Féminin;5;10;10;0;0;0;10;;oui;d:9x4 s1:9x4;d85afe98-5ab2-45d0-82cc-9d87feb188aa
2025 - 2026;diffusion+s1;Montérégie;Flag football;Secondaire;Flag football B F D4 Niveau 1 A;D4;Benjamin;Féminin;7;26;21;5;0;4;26;;oui;d:9x4 s1:9x4;894e54d3-2108-4f88-b944-bf71762fa0cd
2025 - 2026;diffusion+s1;Montérégie;Flag football;Secondaire;Flag football B F D4 Niveau 1 B;D4;Benjamin;Féminin;7;26;21;5;0;4;21;;oui;d:9x4 s1:9x4;f055be55-6df6-43fc-b09b-b7934c918428
2025 - 2026;diffusion+s1;Montérégie;Flag football;Secondaire;Flag football B F D4 Niveau 1 C;D4;Benjamin;Féminin;7;26;21;5;0;4;21;;oui;d:9x4 s1:9x4;61afedc5-aa07-4261-a2aa-3962541f99e7
2025 - 2026;diffusion+s1;Montérégie;Flag football;Secondaire;Flag football B F D4 Niveau 1 D;D4;Benjamin;Féminin;7;26;21;5;0;4;21;;oui;d:9x4 s1:9x4;c6ed1ec6-a0c4-4321-a741-551811d2f62e
2025 - 2026;diffusion+s1;Montérégie;Flag football;Secondaire;Flag football B F D4 Niveau 1 E;D4;Benjamin;Féminin;4;17;12;5;0;4;12;;oui;d:9x4 s1:9x4;fcce89f3-82fa-43e2-bb12-4dc4dc0124ff
2025 - 2026;diffusion+s1;Montérégie;Flag football;Secondaire;Flag football B F D4 Niveau 2 A;D4;Benjamin;Féminin;6;18;18;0;0;0;18;;oui;d:9x4 s1:9x4;6eccb897-ca9e-4081-9768-25a3eda08579
2025 - 2026;diffusion+s1;Montérégie;Flag football;Secondaire;Flag football B F D4 Niveau 2 B;D4;Benjamin;Féminin;5;15;15;0;0;0;15;;oui;d:9x4 s1:9x4;015e362f-6d09-4907-9088-202250a983ae
2025 - 2026;diffusion+s1;Montérégie;Flag football;Secondaire;Flag football B F D4 Niveau 2 C;D4;Benjamin;Féminin;6;18;18;0;0;0;18;;oui;d:9x4 s1:9x4;3f2f5039-c025-47d2-aa16-e16165cefa61
2025 - 2026;diffusion+s1;Montérégie;Flag football;Secondaire;Flag football B M D3 A;D3;Benjamin;Masculin;4;12;12;0;0;4;12;;oui;d:9x4 s1:9x4;2cbc507f-139d-48d2-9868-63d69770acfc
2025 - 2026;diffusion+s1;Montérégie;Flag football;Secondaire;Flag football B M D3 B;D3;Benjamin;Masculin;4;12;12;0;0;4;12;;oui;d:9x4 s1:9x4;ef54109e-cf76-41c3-8276-a19d62b4d66f
2025 - 2026;diffusion+s1;Montérégie;Flag football;Secondaire;Flag football B M D4 Niveau 1 A;D4;Benjamin;Masculin;4;16;12;4;0;4;16;;oui;d:9x4 s1:9x4;b2bed15c-b66a-4ebc-b043-e4f1b8941ddd
2025 - 2026;diffusion+s1;Montérégie;Flag football;Secondaire;Flag football B M D4 Niveau 1 B;D4;Benjamin;Masculin;4;16;12;4;0;4;12;;oui;d:9x4 s1:9x4;2e0ca0e3-75f4-4b30-a55b-7829e8bca872
2025 - 2026;diffusion+s1;Montérégie;Flag football;Secondaire;Flag football B M D4 Niveau 1 C;D4;Benjamin;Masculin;4;16;12;4;0;4;12;;oui;d:9x4 s1:9x4;b8a0afae-2d92-4166-b111-49e18837b79f
2025 - 2026;diffusion+s1;Montérégie;Flag football;Secondaire;Flag football B M D4 Niveau 1 D;D4;Benjamin;Masculin;4;16;12;4;0;4;12;;oui;d:9x4 s1:9x4;de652c9d-365b-4ddf-9df5-3098cb2345c5
2025 - 2026;diffusion+s1;Montérégie;Flag football;Secondaire;Flag football B M D4 Niveau 2 A;D4;Benjamin;Masculin;6;18;18;0;0;0;18;;oui;d:9x4 s1:9x4;a919526d-9ce2-4b2f-9a79-f7ff67f0b43c
2025 - 2026;diffusion+s1;Montérégie;Flag football;Secondaire;Flag football B M D4 Niveau 2 B;D4;Benjamin;Masculin;5;15;15;0;0;0;15;;oui;d:9x4 s1:9x4;2f4b7a84-0129-4b1d-8a2c-2be8db0f0061
2025 - 2026;diffusion+s1;Montérégie;Flag football;Secondaire;Flag football B M D4 Niveau 2 C;D4;Benjamin;Masculin;5;15;15;0;0;0;15;;oui;d:9x4 s1:9x4;78292e84-9c33-4f5c-8bdc-52b1c873f873
2025 - 2026;diffusion+s1;Montérégie;Flag football;Secondaire;Flag football C F D3;D3;Cadet;Féminin;6;18;18;0;0;4;18;;oui;d:9x4 s1:9x4;a98d8b23-7922-46d0-8f6b-82b3543d131c
2025 - 2026;diffusion+s1;Montérégie;Flag football;Secondaire;Flag football C F D3 automne;D3;Cadet;Féminin;7;14;14;0;0;0;14;;oui;d:9x4 s1:9x4;e18ad01a-1ab4-44dd-8edc-121de6f0d502
2025 - 2026;diffusion+s1;Montérégie;Flag football;Secondaire;Flag football C F D4 automne A;D4;Cadet;Féminin;6;12;12;0;0;0;12;;oui;d:9x4 s1:9x4;717f1a66-19c5-4246-a614-337c17251c94
2025 - 2026;diffusion+s1;Montérégie;Flag football;Secondaire;Flag football C F D4 automne B;D4;Cadet;Féminin;6;12;12;0;0;0;12;;oui;d:9x4 s1:9x4;86b20f89-f2f5-49a3-a3a9-c0c6d0ea7f0d
2025 - 2026;diffusion+s1;Montérégie;Flag football;Secondaire;Flag football C F D4 Niveau 1 A;D4;Cadet;Féminin;7;26;21;5;0;4;26;;oui;d:9x4 s1:9x4;70fbc6c9-de7f-4bd9-942a-f58e5db7d338
2025 - 2026;diffusion+s1;Montérégie;Flag football;Secondaire;Flag football C F D4 Niveau 1 B;D4;Cadet;Féminin;7;26;21;5;0;4;21;;oui;d:9x4 s1:9x4;4f3a1a9e-70c6-476c-84c8-b4b5950bf727
2025 - 2026;diffusion+s1;Montérégie;Flag football;Secondaire;Flag football C F D4 Niveau 1 C;D4;Cadet;Féminin;7;26;21;5;0;4;21;;oui;d:9x4 s1:9x4;dd300807-50ed-4502-81fc-05b32297f27c
2025 - 2026;diffusion+s1;Montérégie;Flag football;Secondaire;Flag football C F D4 Niveau 1 D;D4;Cadet;Féminin;7;26;21;5;0;4;21;;oui;d:9x4 s1:9x4;eccf10e9-90fd-4635-bf36-a0787a089c5e
2025 - 2026;diffusion+s1;Montérégie;Flag football;Secondaire;Flag football C F D4 Niveau 1 E;D4;Cadet;Féminin;6;23;18;5;0;4;18;;oui;d:9x4 s1:9x4;485e8c83-d76d-48df-ae0b-12d7d4676c13
2025 - 2026;diffusion+s1;Montérégie;Flag football;Secondaire;Flag football C F D4 Niveau 2 A;D4;Cadet;Féminin;7;21;21;0;0;0;21;;oui;d:9x4 s1:9x4;c25e1260-1360-44fa-90cd-6d27682f2c77
2025 - 2026;diffusion+s1;Montérégie;Flag football;Secondaire;Flag football C F D4 Niveau 2 B;D4;Cadet;Féminin;7;21;21;0;0;0;21;;oui;d:9x4 s1:9x4;559c2a2e-715b-4293-aa1f-61733d3ec7d4
2025 - 2026;diffusion+s1;Montérégie;Flag football;Secondaire;Flag football C F D4 Niveau 2 C;D4;Cadet;Féminin;5;15;15;0;0;0;15;;oui;d:9x4 s1:9x4;5cdd50c4-6c8a-47d4-8af8-65cfcca59cf9
2025 - 2026;diffusion+s1;Montérégie;Flag football;Secondaire;Flag football C M D3 A;D3;Cadet;Masculin;4;12;12;0;0;4;12;;oui;d:9x4 s1:9x4;3a0e3f01-b7a5-4884-96c3-566b48bc989c
2025 - 2026;diffusion+s1;Montérégie;Flag football;Secondaire;Flag football C M D3 B;D3;Cadet;Masculin;4;12;12;0;0;4;12;;oui;d:9x4 s1:9x4;8947b106-5d1a-413f-9168-950fdfd5ce77
2025 - 2026;diffusion+s1;Montérégie;Flag football;Secondaire;Flag football C M D4 Niveau 1 A;D4;Cadet;Masculin;7;25;21;4;0;4;25;;oui;d:9x4 s1:9x4;ac1e17a1-1ecc-4188-b507-c9bee73c35b6
2025 - 2026;diffusion+s1;Montérégie;Flag football;Secondaire;Flag football C M D4 Niveau 1 B;D4;Cadet;Masculin;7;25;21;4;0;4;21;;oui;d:9x4 s1:9x4;08d7f187-db4b-44be-8b72-34a37ec4d017
2025 - 2026;diffusion+s1;Montérégie;Flag football;Secondaire;Flag football C M D4 Niveau 1 C;D4;Cadet;Masculin;4;16;12;4;0;4;12;;oui;d:9x4 s1:9x4;f3ebbc42-b8b4-4e01-b8e6-da821c291a9f
2025 - 2026;diffusion+s1;Montérégie;Flag football;Secondaire;Flag football C M D4 Niveau 2 A;D4;Cadet;Masculin;6;18;18;0;0;0;18;;oui;d:9x4 s1:9x4;32c0e114-2030-44f9-aa1f-39e1165571a6
2025 - 2026;diffusion+s1;Montérégie;Flag football;Secondaire;Flag football C M D4 Niveau 2 B;D4;Cadet;Masculin;5;15;15;0;0;0;15;;oui;d:9x4 s1:9x4;1737893a-bb1c-4440-a573-ef69ae2ed369
2025 - 2026;diffusion+s1;Montérégie;Flag football;Primaire;Flag football Co F INITIATION;;Colibri;Féminin;4;;;;;;6;;oui;d:9x4 s1:9x4;8567f5d7-9d91-4559-99da-9469f7f356d7
2025 - 2026;diffusion+s1;Montérégie;Flag football;Primaire;Flag football Co M INITIATION A;;Colibri;Masculin;4;;;;;;6;;oui;d:9x4 s1:9x4;e20649a8-754a-47d2-902d-1cd3c401c430
2025 - 2026;diffusion+s1;Montérégie;Flag football;Primaire;Flag football Co M INITIATION B;;Colibri;Masculin;4;;;;;;6;;oui;d:9x4 s1:9x4;6a3fffb2-bb8f-4605-83d8-c1ee97a15ce4
2025 - 2026;diffusion+s1;Montérégie;Flag football;Primaire;Flag football Co M INITIATION C;;Colibri;Masculin;6;;;;;;9;;oui;d:9x4 s1:9x4;1e3aa25d-c907-4f8d-92b3-1f681527c69d
2025 - 2026;diffusion+s1;Montérégie;Flag football;Secondaire;Flag football J F D3;D3;Juvénile;Féminin;5;15;15;0;0;4;15;;oui;d:9x4 s1:9x4;c2173690-1c28-42f8-84e3-71eb06fd87ba
2025 - 2026;diffusion+s1;Montérégie;Flag football;Secondaire;Flag football J F D3 automne;D3;Juvénile;Féminin;4;8;8;0;0;0;8;;oui;d:9x4 s1:9x4;c1612a92-3184-40fd-ac15-69dfd0f2ee80
2025 - 2026;diffusion+s1;Montérégie;Flag football;Secondaire;Flag football J F D4 automne A;D4;Juvénile;Féminin;7;14;14;0;0;0;14;;oui;d:9x4 s1:9x4;b032f59c-6822-451c-a4cb-2b60344ce0f9
2025 - 2026;diffusion+s1;Montérégie;Flag football;Secondaire;Flag football J F D4 automne B;D4;Juvénile;Féminin;7;14;14;0;0;0;14;;oui;d:9x4 s1:9x4;7ef0bbd9-e920-4909-af0f-bce45bfc21ab
2025 - 2026;diffusion+s1;Montérégie;Flag football;Secondaire;Flag football J F D4 Niveau 1 A;D4;Juvénile;Féminin;7;25;21;4;0;4;25;;oui;d:9x4 s1:9x4;345cf1a6-9262-4563-b28f-a9be57574c2b
2025 - 2026;diffusion+s1;Montérégie;Flag football;Secondaire;Flag football J F D4 Niveau 1 B;D4;Juvénile;Féminin;7;25;21;4;0;4;21;;oui;d:9x4 s1:9x4;c5ae0cc9-e428-4f1e-9841-6a42f2a07c6d
2025 - 2026;diffusion+s1;Montérégie;Flag football;Secondaire;Flag football J F D4 Niveau 1 C;D4;Juvénile;Féminin;7;25;21;4;0;4;21;;oui;d:9x4 s1:9x4;4f4097e4-2177-4754-a9f8-5ba4ce03a6b2
2025 - 2026;diffusion+s1;Montérégie;Flag football;Secondaire;Flag football J F D4 Niveau 1 D;D4;Juvénile;Féminin;7;25;21;4;0;4;21;;oui;d:9x4 s1:9x4;cadb0a40-ec0f-4eda-9d05-86e6fbc4ecb2
2025 - 2026;diffusion+s1;Montérégie;Flag football;Secondaire;Flag football J F D4 Niveau 2 A;D4;Juvénile;Féminin;5;15;15;0;0;0;15;;oui;d:9x4 s1:9x4;41c9ac56-616c-421b-a82e-68779755d8c9
2025 - 2026;diffusion+s1;Montérégie;Flag football;Secondaire;Flag football J F D4 Niveau 2 B;D4;Juvénile;Féminin;4;12;12;0;0;0;12;;oui;d:9x4 s1:9x4;6f4ac3f0-96d4-42fb-8a95-9a978de0793e
2025 - 2026;diffusion+s1;Montérégie;Flag football;Secondaire;Flag football J F D4 Niveau 2 C;D4;Juvénile;Féminin;5;15;15;0;0;0;15;;oui;d:9x4 s1:9x4;36be8cd0-7347-4aec-9249-e253c88d26af
2025 - 2026;diffusion+s1;Montérégie;Flag football;Secondaire;Flag football J M D3 A;D3;Juvénile;Masculin;4;12;12;0;0;4;12;;oui;d:9x4 s1:9x4;8e524cca-c462-4056-99a2-f604ce98d33f
2025 - 2026;diffusion+s1;Montérégie;Flag football;Secondaire;Flag football J M D3 B;D3;Juvénile;Masculin;4;12;12;0;0;4;12;;oui;d:9x4 s1:9x4;e647ff60-4835-4d3a-add1-ea3afb1bf1c1
2025 - 2026;diffusion+s1;Montérégie;Flag football;Secondaire;Flag football J M D4 Niveau 1 A;D4;Juvénile;Masculin;4;16;12;4;0;4;16;;oui;d:9x4 s1:9x4;1bf0fb38-2191-49c0-aa4c-f9056132cb57
2025 - 2026;diffusion+s1;Montérégie;Flag football;Secondaire;Flag football J M D4 Niveau 1 B;D4;Juvénile;Masculin;4;16;12;4;0;4;12;;oui;d:9x4 s1:9x4;3dd98c49-0420-48c4-8824-85ed6e480645
2025 - 2026;diffusion+s1;Montérégie;Flag football;Secondaire;Flag football J M D4 Niveau 1 C;D4;Juvénile;Masculin;5;19;15;4;0;4;15;;oui;d:9x4 s1:9x4;8bcce405-3527-4e5c-8baa-2618ce918b46
2025 - 2026;diffusion+s1;Montérégie;Flag football;Secondaire;Flag football J M D4 Niveau 1 D;D4;Juvénile;Masculin;4;16;12;4;0;4;12;;oui;d:9x4 s1:9x4;4a9fc099-5f85-493f-b124-00f1215f030b
2025 - 2026;diffusion+s1;Montérégie;Flag football;Secondaire;Flag football J M D4 Niveau 2;D4;Juvénile;Masculin;5;15;15;0;0;0;15;;oui;d:9x4 s1:9x4;f55e6847-60a4-48e4-9665-97772198bccd
2025 - 2026;diffusion+s1;Montérégie;Flag football;Primaire;Flag football M F Compétitif;;Moustique;Féminin;4;;;;;;8;;oui;d:9x4 s1:9x4;19acb8f3-d2f8-4485-bf1f-2e17bc8f6139
2025 - 2026;diffusion+s1;Montérégie;Flag football;Primaire;Flag football M F Participatif;;Moustique;Féminin;7;;;;;;18;;oui;d:9x4 s1:9x4;d213363f-bd7d-4b67-9aa3-40a699f8cea8
2025 - 2026;diffusion+s1;Montérégie;Flag football;Primaire;Flag football M M Compétitif;;Moustique;Masculin;7;;;;;;18;;oui;d:9x4 s1:9x4;835657d4-480d-478f-a5f5-e61856de06e3
2025 - 2026;diffusion+s1;Montérégie;Flag football;Primaire;Flag football M M Participatif A;;Moustique;Masculin;4;;;;;;32;;oui;d:9x4 s1:9x4;fb005f0d-0f06-4135-a43b-8661088b9747
2025 - 2026;diffusion+s1;Montérégie;Flag football;Primaire;Flag football M M Participatif B;;Moustique;Masculin;4;;;;;;0;;oui;d:9x4 s1:9x4;fabb4130-8704-4b87-adb2-573d85847b15
2025 - 2026;diffusion+s1;Montérégie;Flag football;Primaire;Flag football M M Participatif C;;Moustique;Masculin;4;;;;;;0;;oui;d:9x4 s1:9x4;c2a798f0-75b0-471f-a972-2a0f3ed8eef9
2025 - 2026;diffusion+s1;Montérégie;Flag football;Primaire;Flag football M M Participatif D;;Moustique;Masculin;4;;;;;;0;;oui;d:9x4 s1:9x4;7dae57ae-e649-41d4-ba99-b96c147c5815
2025 - 2026;diffusion+s1;Montérégie;Football;Secondaire;Football B M 12 joueurs;;Benjamin;Masculin;5;17;17;0;0;1;17;;oui;d:9x5 s1:9x5;c7e974b5-3977-49cf-a24e-76e69f8d18a2
2025 - 2026;diffusion+s1;Montérégie;Football;Secondaire;Football B M 9 joueurs;;Benjamin;Masculin;4;14;14;0;0;0;14;;oui;d:9x5 s1:9x5;acd33f37-6c9b-4332-9efb-09765f323c7d
2025 - 2026;diffusion+s1;Montérégie;Football;Secondaire;Football C U D3 12 joueurs;D3;Cadet;Mixte;6;26;24;2;0;4;26;;oui;d:9x5 s1:9x5;f9d3a254-a02a-4ffb-bf55-a7ddc7839a67
2025 - 2026;diffusion+s1;Montérégie;Football;Secondaire;Football C U D3 9 joueurs;D3;Cadet;Mixte;9;38;36;2;0;1;38;;oui;d:9x5 s1:9x5;ff38f37a-83d0-4dee-9b9a-eb13062e76ba
2025 - 2026;diffusion+s1;Montérégie;Football;Secondaire;Football C U D4 12 joueurs;D4;Cadet;Mixte;5;14;12;2;0;0;14;;oui;d:9x5 s1:9x5;4e62d393-940f-4d8a-a736-0c5c80501ec3
2025 - 2026;diffusion+s1;Montérégie;Football;Secondaire;Football J M D3 12 joueurs;D3;Juvénile;Masculin;6;25;24;1;0;6;25;;oui;d:9x5 s1:9x5;01c29ca9-e7f4-4075-9a3c-7c2ffcf0f8fe
2025 - 2026;diffusion+s1;Montérégie;Football;Secondaire;Football J M D3 9 joueurs;D3;Juvénile;Masculin;5;21;20;1;0;1;21;;oui;d:9x5 s1:9x5;a096fc7e-22a1-4eb5-9bc9-07fbf5932fd0
2025 - 2026;diffusion+s1;Montérégie;Football;Secondaire;Football J M D4 12 joueurs;D4;Juvénile;Masculin;5;21;20;1;0;1;21;;oui;d:9x5 s1:9x5;18bb0a99-96f0-4948-82ed-6d7ba1b8f5ba
2025 - 2026;diffusion+s1;Montérégie;Futsal;Secondaire;Futsal A M D4 Niveau 1 A;D4;Atome;Masculin;5;;;;;;30;;oui;d:9x30 s1:9x30;83078508-0def-42de-9cdb-6e386ab2b2dd
2025 - 2026;diffusion+s1;Montérégie;Futsal;Secondaire;Futsal A M D4 Niveau 1 B;D4;Atome;Masculin;6;;;;;;30;;oui;d:9x30 s1:9x30;a6f3fc83-6e81-42eb-b1ba-84f95c94cdc7
2025 - 2026;diffusion+s1;Montérégie;Futsal;Secondaire;Futsal B F D3;D3;Benjamin;Féminin;7;;;;;;46;;oui;d:9x30 s1:9x30;def91d13-55a0-4335-941e-4764d906ac4d
2025 - 2026;diffusion+s1;Montérégie;Futsal;Secondaire;Futsal B F D4 Niveau 1 A;D4;Benjamin;Féminin;6;;;;;;34;;oui;d:9x30 s1:9x30;b02d54d8-9bf3-4698-ab8f-e839e2e84b99
2025 - 2026;diffusion+s1;Montérégie;Futsal;Secondaire;Futsal B F D4 Niveau 1 B;D4;Benjamin;Féminin;4;;;;;;22;;oui;d:9x30 s1:9x30;48c4a522-d6aa-49cb-bb64-5209f6f0afdb
2025 - 2026;diffusion+s1;Montérégie;Futsal;Secondaire;Futsal B F D4 Niveau 2;D4;Benjamin;Féminin;6;;;;;;40;;oui;d:9x30 s1:9x30;789831e3-b5b7-43b7-9c50-7e6f2c712a5f
2025 - 2026;diffusion+s1;Montérégie;Futsal;Secondaire;Futsal B M D3 A;D3;Benjamin;Masculin;6;;;;;;30;;oui;d:9x30 s1:9x30;f0ae7c58-8d91-411f-9f82-bd6b95d951bc
2025 - 2026;diffusion+s1;Montérégie;Futsal;Secondaire;Futsal B M D3 B;D3;Benjamin;Masculin;7;;;;;;42;;oui;d:9x30 s1:9x30;987c49e9-9cc5-488e-b0c4-fb4c46268ced
2025 - 2026;diffusion+s1;Montérégie;Futsal;Secondaire;Futsal B M D4 Niveau 1 A;D4;Benjamin;Masculin;7;;;;;;63;;oui;d:9x30 s1:9x30;c9a3b401-990a-4e1e-862d-ec63a0b25ea0
2025 - 2026;diffusion+s1;Montérégie;Futsal;Secondaire;Futsal B M D4 Niveau 1 B;D4;Benjamin;Masculin;7;;;;;;42;;oui;d:9x30 s1:9x30;a1223061-7bab-4c76-8730-8f4edabf7fdf
2025 - 2026;diffusion+s1;Montérégie;Futsal;Secondaire;Futsal B M D4 Niveau 1 C;D4;Benjamin;Masculin;7;;;;;;42;;oui;d:9x30 s1:9x30;7e12aa34-206d-45ea-9a57-2babe136dab5
2025 - 2026;diffusion+s1;Montérégie;Futsal;Secondaire;Futsal B M D4 Niveau 1 D;D4;Benjamin;Masculin;7;;;;;;42;;oui;d:9x30 s1:9x30;98d6da18-81ae-4743-a177-fe5419167f51
2025 - 2026;diffusion+s1;Montérégie;Futsal;Secondaire;Futsal B M D4 Niveau 1 E;D4;Benjamin;Masculin;6;;;;;;36;;oui;d:9x30 s1:9x30;f495f421-8161-4401-94e0-aece2cee4022
2025 - 2026;diffusion+s1;Montérégie;Futsal;Secondaire;Futsal B M D4 Niveau 1 F;D4;Benjamin;Masculin;7;;;;;;42;;oui;d:9x30 s1:9x30;94702148-7e5c-49b4-8769-79bad293687e
2025 - 2026;diffusion+s1;Montérégie;Futsal;Secondaire;Futsal B M D4 Niveau 2 A;D4;Benjamin;Masculin;7;;;;;;46;;oui;d:9x30 s1:9x30;6221e9b7-2dae-4655-ba73-3aa60afa5661
2025 - 2026;diffusion+s1;Montérégie;Futsal;Secondaire;Futsal B M D4 Niveau 2 B;D4;Benjamin;Masculin;7;;;;;;42;;oui;d:9x30 s1:9x30;73620a8a-b396-41e2-b2c1-ed8c5c3b6d2e
2025 - 2026;diffusion+s1;Montérégie;Futsal;Secondaire;Futsal B M D4 Niveau 2 C;D4;Benjamin;Masculin;7;;;;;;42;;oui;d:9x30 s1:9x30;f8d85ee0-51fe-4405-8685-aad8ed8328ca
2025 - 2026;diffusion+s1;Montérégie;Futsal;Secondaire;Futsal C F D3;D3;Cadet;Féminin;6;;;;;;30;;oui;d:9x30 s1:9x30;ebc945ba-6680-4be7-b149-64a2a0e81c50
2025 - 2026;diffusion+s1;Montérégie;Futsal;Secondaire;Futsal C F D4 Niveau 1 A;D4;Cadet;Féminin;6;;;;;;36;;oui;d:9x30 s1:9x30;b3b78e3a-db45-4369-bc2b-de1d127a7c5a
2025 - 2026;diffusion+s1;Montérégie;Futsal;Secondaire;Futsal C F D4 Niveau 1 B;D4;Cadet;Féminin;6;;;;;;34;;oui;d:9x30 s1:9x30;c3ead340-b788-4d80-b40e-bc8bf8d641cd
2025 - 2026;diffusion+s1;Montérégie;Futsal;Secondaire;Futsal C F D4 Niveau 2;D4;Cadet;Féminin;7;;;;;;42;;oui;d:9x30 s1:9x30;38986a1e-465a-41b5-bdd6-2278bbac9c8b
2025 - 2026;diffusion+s1;Montérégie;Futsal;Secondaire;Futsal C M D3 A;D3;Cadet;Masculin;7;;;;;;42;;oui;d:9x30 s1:9x30;b431b04f-a3d8-4868-8358-2aa284c55692
2025 - 2026;diffusion+s1;Montérégie;Futsal;Secondaire;Futsal C M D3 B;D3;Cadet;Masculin;6;;;;;;32;;oui;d:9x30 s1:9x30;460fd156-c551-4a7b-9d1f-534ac1846c54
2025 - 2026;diffusion+s1;Montérégie;Futsal;Secondaire;Futsal C M D4 Niveau 1 A;D4;Cadet;Masculin;7;;;;;;62;;oui;d:9x30 s1:9x30;f0b82d49-9d07-4793-bc76-654f6302cd1a
2025 - 2026;diffusion+s1;Montérégie;Futsal;Secondaire;Futsal C M D4 Niveau 1 B;D4;Cadet;Masculin;6;;;;;;30;;oui;d:9x30 s1:9x30;8602eb03-8f32-4185-b89d-0c7c1807b56d
2025 - 2026;diffusion+s1;Montérégie;Futsal;Secondaire;Futsal C M D4 Niveau 1 C;D4;Cadet;Masculin;6;;;;;;30;;oui;d:9x30 s1:9x30;c5261456-aa11-483a-8bef-c75d6f53c04c
2025 - 2026;diffusion+s1;Montérégie;Futsal;Secondaire;Futsal C M D4 Niveau 1 D;D4;Cadet;Masculin;6;;;;;;28;;oui;d:9x30 s1:9x30;b47d2456-c83d-40a9-9844-177f9d64e8bf
2025 - 2026;diffusion+s1;Montérégie;Futsal;Secondaire;Futsal C M D4 Niveau 1 E;D4;Cadet;Masculin;6;;;;;;30;;oui;d:9x30 s1:9x30;a8b81121-5d10-4039-8eb8-8b30012c5ee6
2025 - 2026;diffusion+s1;Montérégie;Futsal;Secondaire;Futsal C M D4 Niveau 2 A;D4;Cadet;Masculin;7;;;;;;42;;oui;d:9x30 s1:9x30;a15deae2-f7bb-4e13-bfda-41ac0afd29ec
2025 - 2026;diffusion+s1;Montérégie;Futsal;Secondaire;Futsal C M D4 Niveau 2 B;D4;Cadet;Masculin;6;;;;;;30;;oui;d:9x30 s1:9x30;d6eed714-0822-4056-83bd-f94480d00f60
2025 - 2026;diffusion+s1;Montérégie;Futsal;Primaire;Futsal Co U Festival initiation A;;Colibri;Mixte;5;;;;;;10;;oui;d:9x30 s1:9x30;834539f9-52c5-47b8-afc8-26c40ab0a49f
2025 - 2026;diffusion+s1;Montérégie;Futsal;Primaire;Futsal Co U Festival initiation B;;Colibri;Mixte;6;;;;;;9;;oui;d:9x30 s1:9x30;c96b76e7-18c3-43a6-8729-28c86ab630e8
2025 - 2026;diffusion+s1;Montérégie;Futsal;Secondaire;Futsal J F D3;D3;Juvénile;Féminin;5;;;;;;30;;oui;d:9x30 s1:9x30;d4023302-6c97-4fa8-adac-d383da9ff84a
2025 - 2026;diffusion+s1;Montérégie;Futsal;Secondaire;Futsal J F D4 Niveau 1 A;D4;Juvénile;Féminin;5;;;;;;24;;oui;d:9x30 s1:9x30;782f1842-d05d-43bb-a4bd-340c5213b481
2025 - 2026;diffusion+s1;Montérégie;Futsal;Secondaire;Futsal J F D4 Niveau 1 B;D4;Juvénile;Féminin;6;;;;;;30;;oui;d:9x30 s1:9x30;d9d3badd-06df-46be-b80b-ad848dd2d63f
2025 - 2026;diffusion+s1;Montérégie;Futsal;Secondaire;Futsal J F D4 Niveau 2;D4;Juvénile;Féminin;5;;;;;;28;;oui;d:9x30 s1:9x30;c9a42f15-7f32-4d09-b223-4137ceb286cf
2025 - 2026;diffusion+s1;Montérégie;Futsal;Secondaire;Futsal J M D3 A;D3;Juvénile;Masculin;6;;;;;;30;;oui;d:9x30 s1:9x30;c4841079-4754-43b8-84e7-803f081fa413
2025 - 2026;diffusion+s1;Montérégie;Futsal;Secondaire;Futsal J M D3 B;D3;Juvénile;Masculin;6;;;;;;30;;oui;d:9x30 s1:9x30;33da18f6-c16d-4784-9d50-f375b9582394
2025 - 2026;diffusion+s1;Montérégie;Futsal;Secondaire;Futsal J M D4 Niveau 1 A;D4;Juvénile;Masculin;7;;;;;;62;;oui;d:9x30 s1:9x30;63309587-8d5a-48a1-bfad-bd3fb752b657
2025 - 2026;diffusion+s1;Montérégie;Futsal;Secondaire;Futsal J M D4 Niveau 1 B;D4;Juvénile;Masculin;8;;;;;;56;;oui;d:9x30 s1:9x30;97d67dc1-fcea-4b54-82bf-0d2a6152c474
2025 - 2026;diffusion+s1;Montérégie;Futsal;Secondaire;Futsal J M D4 Niveau 1 C;D4;Juvénile;Masculin;7;;;;;;42;;oui;d:9x30 s1:9x30;1afe462d-e0b8-42fb-b538-0a739ddf23ad
2025 - 2026;s1;Montérégie;Futsal;Primaire;Futsal M F Ligue;;Moustique;Féminin;2;;;;;;0;;oui;s1:9x30;c219f73e-f873-4c1a-bdbe-5fe65b920240
2025 - 2026;diffusion+s1;Montérégie;Futsal;Primaire;Futsal M F Ouvert A;;Moustique;Féminin;5;;;;;;22;;oui;d:9x30 s1:9x30;fe0295b6-d1d5-4e22-922d-88b440f9d502
2025 - 2026;diffusion+s1;Montérégie;Futsal;Primaire;Futsal M F Ouvert B;;Moustique;Féminin;4;;;;;;0;;oui;d:9x30 s1:9x30;94dc6408-f726-473e-97bd-fafeb9be80b6
2025 - 2026;diffusion+s1;Montérégie;Futsal;Primaire;Futsal M M Compétitif A;;Moustique;Masculin;4;;;;;;16;;oui;d:9x30 s1:9x30;f9b8dcf3-97b8-42c0-bfeb-fc604877c8ce
2025 - 2026;diffusion+s1;Montérégie;Futsal;Primaire;Futsal M M Compétitif B;;Moustique;Masculin;4;;;;;;0;;oui;d:9x30 s1:9x30;9c30996a-5218-4954-a0ba-70a7ae519ed0
2025 - 2026;diffusion+s1;Montérégie;Futsal;Primaire;Futsal M M Ligue Sud-Est;;Moustique;Masculin;4;;;;;;12;;oui;d:9x30 s1:9x30;7ad69dbf-ab40-4d52-a109-47caf65e1554
2025 - 2026;diffusion+s1;Montérégie;Futsal;Primaire;Futsal M M Ligue Sud-Ouest;;Moustique;Masculin;5;;;;;;20;;oui;d:9x30 s1:9x30;bef5fecd-8499-4cff-a322-a58e35e478e8
2025 - 2026;diffusion+s1;Montérégie;Futsal;Primaire;Futsal M M Participatif A;;Moustique;Masculin;5;;;;;;48;;oui;d:9x30 s1:9x30;9be752df-a277-4789-afce-57e85a3f266a
2025 - 2026;diffusion+s1;Montérégie;Futsal;Primaire;Futsal M M Participatif B;;Moustique;Masculin;5;;;;;;0;;oui;d:9x30 s1:9x30;3194065d-08de-4b81-8814-d8baa44f7930
2025 - 2026;diffusion+s1;Montérégie;Futsal;Primaire;Futsal M M Participatif C;;Moustique;Masculin;5;;;;;;0;;oui;d:9x30 s1:9x30;7aaf5e59-e64d-4d39-b7f4-496da9627443
2025 - 2026;diffusion+s1;Montérégie;Futsal;Primaire;Futsal M M Participatif D;;Moustique;Masculin;5;;;;;;0;;oui;d:9x30 s1:9x30;c5737426-4759-4c4d-bc38-ae8cbcfe6a06
2025 - 2026;diffusion+s1;Montérégie;Futsal;Secondaire;Futsal O U Sports Inclusifs Récréatif;;Ouvert;Mixte;3;;;;;;5;;oui;d:9x30 s1:9x30;915cc8b3-fd5d-4e2f-bb5b-9c3e8f0655f4
2025 - 2026;diffusion+s1;Montérégie;Futsal;Secondaire;Futsal O U Sports Inclusifs Sportif;;Ouvert;Mixte;3;;;;;;5;;oui;d:9x30 s1:9x30;ff4fcd53-82ea-462b-871c-59f5253a49e4
2025 - 2026;s1;Montérégie;Golf;Secondaire;Golf B U Ligue;;Benjamin;Mixte;7;0;0;0;0;0;0;;oui;s1:9x6;524e3257-6d08-4637-9142-c0249d2e2163
2025 - 2026;s1;Montérégie;Golf;Secondaire;Golf B U Omnium Équipe;;Benjamin;Mixte;0;0;0;0;0;0;0;;oui;s1:9x6;624e5745-95fa-4178-910b-b0d02ba8dc39
2025 - 2026;s1;Montérégie;Golf;Secondaire;Golf B U Omnium Individuelle;;Benjamin;Mixte;4;0;0;0;0;0;0;;oui;s1:9x6;59697acb-536c-4df1-8a0f-119e00c5cefe
2025 - 2026;s1;Montérégie;Golf;Secondaire;Golf J U Ligue;;Juvénile;Mixte;14;0;0;0;0;0;0;;oui;s1:9x6;ccb65936-b4b1-4ada-99c6-0550bae46b77
2025 - 2026;s1;Montérégie;Golf;Secondaire;Golf J U Omnium Équipe;;Juvénile;Mixte;16;0;0;0;0;0;0;;oui;s1:9x6;34046de4-c791-490a-b083-2244ecc95b65
2025 - 2026;s1;Montérégie;Golf;Secondaire;Golf J U Omnium Individuelle;;Juvénile;Mixte;10;0;0;0;0;0;0;;oui;s1:9x6;f8a9b6bb-c220-4c14-97ce-bc30ffd13504
2025 - 2026;diffusion+s1;Montérégie;Handball;Secondaire;Handball B F;;Benjamin;Féminin;8;;;;;;42;;oui;d:9x24 s1:9x24;7cdc2281-5435-41d0-be3c-0c39f849a72b
2025 - 2026;diffusion+s1;Montérégie;Handball;Secondaire;Handball B M A;;Benjamin;Masculin;5;;;;;;52;;oui;d:9x24 s1:9x24;3bd36fa7-588d-4c83-98dd-edb1a6aee3a2
2025 - 2026;diffusion+s1;Montérégie;Handball;Secondaire;Handball B M B;;Benjamin;Masculin;5;52;50;2;0;4;0;;oui;d:9x24 s1:9x24;19f21d9c-8f95-4679-ab5a-b624286cf820
2025 - 2026;diffusion+s1;Montérégie;Handball;Secondaire;Handball C F;;Cadet;Féminin;8;;;;;;42;;oui;d:9x24 s1:9x24;418d908e-f94f-4ee0-a75d-89ae20214bd4
2025 - 2026;diffusion+s1;Montérégie;Handball;Secondaire;Handball C M;;Cadet;Masculin;9;;;;;;47;;oui;d:9x24 s1:9x24;105839d0-41b0-46ba-834a-01f5201d1c95
2025 - 2026;diffusion+s1;Montérégie;Hockey cosom;Secondaire;Hockey cosom O U Sports Inclusifs Récréatif A;;Ouvert;Mixte;3;;;;;;9;;oui;d:9x7 s1:9x7;6831c852-562e-4110-9cec-f2d448a98eb2
2025 - 2026;diffusion+s1;Montérégie;Hockey cosom;Secondaire;Hockey cosom O U Sports Inclusifs Récréatif B;;Ouvert;Mixte;3;6;4;2;0;0;0;;oui;d:9x7 s1:9x7;4f6a9fe4-4142-44d5-9524-3d72f9d7b1a4
2025 - 2026;diffusion+s1;Montérégie;Hockey cosom;Secondaire;Hockey cosom O U Sports Inclusifs Sportif;;Ouvert;Mixte;4;;;;;;8;;oui;d:9x7 s1:9x7;f340446e-058b-460e-90c7-b2335999017f
2025 - 2026;diffusion+s1;Montérégie;Hockey cosom;Secondaire;Hockey cosom O U Sports Inclusifs Tournoi 2;;Ouvert;Mixte;5;;;;;;12;;oui;d:9x7 s1:9x7;b01e8c2b-7781-4946-8d15-5a56d871dce6
2025 - 2026;diffusion+s1;Montérégie;Hockey sans contact;Primaire;Hockey sans contact Co U Festival d'initiation;;Colibri;Mixte;3;;;;;;5;;oui;d:9x8 s1:9x8;be598c2b-ed63-4d0a-916b-30b48a8faddc
2025 - 2026;s1;Montérégie;Hockey sans contact;Primaire;Hockey sans contact M M Ligue 5x5;;Moustique;Masculin;1;;;;;;0;;oui;s1:9x8;64e51525-44af-4160-8b6e-46b773c53961
2025 - 2026;diffusion+s1;Montérégie;Hockey sans contact;Primaire;Hockey sans contact M U Festival d'initiation;;Moustique;Mixte;5;;;;;;10;;oui;d:9x8 s1:9x8;bb5ebee4-606f-4f76-aba1-5b5485f77511
2025 - 2026;diffusion+s1;Montérégie;Hockey sans contact;Primaire;Hockey sans contact M U Niveau 1 3 x 3 A;;Moustique;Mixte;3;;;;;;8;;oui;d:9x8 s1:9x8;f964de3c-7e68-4af2-bd55-58f7f0a8dd43
2025 - 2026;diffusion+s1;Montérégie;Hockey sans contact;Primaire;Hockey sans contact M U Niveau 1 3 x 3 B;;Moustique;Mixte;3;;;;;;3;;oui;d:9x8 s1:9x8;eb4ce55b-b55d-4fda-9a76-03480acb2e33
2025 - 2026;diffusion+s1;Montérégie;Hockey sans contact;Primaire;Hockey sans contact M U Niveau 2 3 x 3 A;;Moustique;Mixte;5;;;;;;14;;oui;d:9x8 s1:9x8;2eaf7d93-cab9-422c-bf6e-075bb040df80
2025 - 2026;diffusion+s1;Montérégie;Hockey sans contact;Primaire;Hockey sans contact M U Niveau 2 3 x 3 B;;Moustique;Mixte;5;;;;;;10;;oui;d:9x8 s1:9x8;2ced62e7-e1d8-4edd-8939-b51bc43940f1
2025 - 2026;diffusion+s1;Montérégie;Hockey;Secondaire;Hockey M14 U D4 A;D4;M14;Mixte;8;;;;;;64;;oui;d:9x9 s1:9x9;a6d3b301-93ce-4d31-a891-4abf52da65af
2025 - 2026;diffusion+s1;Montérégie;Hockey;Secondaire;Hockey M14 U D4 B;D4;M14;Mixte;9;;;;;;64;;oui;d:9x9 s1:9x9;dbe06e86-e134-4d5a-893f-91c15431a6b2
2025 - 2026;diffusion+s1;Montérégie;Hockey;Secondaire;Hockey M15 U D4 A;D4;M15;Mixte;5;;;;;;65;;oui;d:9x9 s1:9x9;a73c24da-3054-4279-ac32-0378cc316170
2025 - 2026;diffusion+s1;Montérégie;Hockey;Secondaire;Hockey M15 U D4 B;D4;M15;Mixte;5;65;65;0;0;7;0;;oui;d:9x9 s1:9x9;7f47d3cb-f64d-4310-8b67-2133f0215be5
2025 - 2026;diffusion+s1;Montérégie;Hockey;Secondaire;Hockey M18 U D4 A;D4;M18;Mixte;5;;;;;;71;;oui;d:9x9 s1:9x9;40a38396-406e-4e59-bf2a-e71aebeee75e
2025 - 2026;diffusion+s1;Montérégie;Hockey;Secondaire;Hockey M18 U D4 B;D4;M18;Mixte;5;71;65;6;0;3;0;;oui;d:9x9 s1:9x9;73ca9cc9-38f9-40c8-ab47-0a60177ba4db
2025 - 2026;diffusion+s1;Montérégie;Hockey;Secondaire;Hockey M18 U D4 C;D4;M18;Mixte;4;;;;;;65;;oui;d:9x9 s1:9x9;efb04b85-dda7-41bd-8e80-5d3013ec114c
2025 - 2026;diffusion+s1;Montérégie;Hockey;Secondaire;Hockey M18 U D4 D;D4;M18;Mixte;5;65;59;6;0;3;0;;oui;d:9x9 s1:9x9;a00657d2-129f-40bc-9c2b-c89f393ea324
2025 - 2026;s1;Montérégie;Natation;Secondaire;Natation B F;;Benjamin;Féminin;17;0;0;0;0;0;0;;oui;s1:9x10;765887c1-1939-4452-8082-b5e3ca5e3504
2025 - 2026;s1;Montérégie;Natation;Secondaire;Natation B M;;Benjamin;Masculin;16;0;0;0;0;0;0;;oui;s1:9x10;0ee1ac58-1504-489f-aedd-07b52a582073
2025 - 2026;s1;Montérégie;Natation;Secondaire;Natation C F;;Cadet;Féminin;17;0;0;0;0;0;0;;oui;s1:9x10;fd618410-04f1-4883-b71c-8a3be1023b0c
2025 - 2026;s1;Montérégie;Natation;Secondaire;Natation C M;;Cadet;Masculin;18;0;0;0;0;0;0;;oui;s1:9x10;4293a851-f685-4a1d-ab58-0836d401a910
2025 - 2026;s1;Montérégie;Natation;Secondaire;Natation J F;;Juvénile;Féminin;15;0;0;0;0;0;0;;oui;s1:9x10;707c88e5-59a8-4840-ad5e-3bdbd0e1af88
2025 - 2026;s1;Montérégie;Natation;Secondaire;Natation J M;;Juvénile;Masculin;14;0;0;0;0;0;0;;oui;s1:9x10;6fd5dfc2-0154-453d-8fdd-a3a3890b2841
2025 - 2026;s1;Montérégie;Pickleball;Secondaire;Pickleball B F Tournoi #1;;Benjamin;Féminin;2;0;0;0;0;0;0;;oui;s1:9x55;58ba6662-9c8d-43f6-8762-b64b68700e99
2025 - 2026;s1;Montérégie;Pickleball;Secondaire;Pickleball B M Tournoi #1;;Benjamin;Masculin;4;0;0;0;0;0;0;;oui;s1:9x55;3c98dc9f-6b9d-4bef-8239-a082cc6559ba
2025 - 2026;s1;Montérégie;Pickleball;Secondaire;Pickleball C F Tournoi #1;;Cadet;Féminin;1;0;0;0;0;0;0;;oui;s1:9x55;98acad8f-c00c-4283-bf40-2747fb58c2ab
2025 - 2026;s1;Montérégie;Pickleball;Secondaire;Pickleball C M Tournoi #1;;Cadet;Masculin;5;0;0;0;0;0;0;;oui;s1:9x55;6ec3c2b7-455a-4d6e-bed8-d99ea2bf632b
2025 - 2026;s1;Montérégie;Pickleball;Secondaire;Pickleball J F Tournoi #1;;Juvénile;Féminin;4;0;0;0;0;0;0;;oui;s1:9x55;aac336ea-05af-42eb-ab3a-bebbacb3ab58
2025 - 2026;s1;Montérégie;Pickleball;Secondaire;Pickleball J M Tournoi #1;;Juvénile;Masculin;4;0;0;0;0;0;0;;oui;s1:9x55;f9ba4914-3cc9-4494-83be-421d7c3e1aed
2025 - 2026;diffusion+s1;Montérégie;Rugby;Secondaire;Rugby C F D4;D4;Cadet;Féminin;4;;;;;;16;;oui;d:9x11 s1:9x11;12ce80a3-f208-4563-a83b-bb953d643f98
2025 - 2026;diffusion+s1;Montérégie;Rugby;Secondaire;Rugby J F D4;D4;Juvénile;Féminin;10;;;;;;45;;oui;d:9x11 s1:9x11;106d7b54-959d-4847-893f-6d60cc387359
2025 - 2026;s1;Montérégie;Rugby;Secondaire;Rugby J M D4 Niveau 1;D4;Juvénile;Masculin;3;0;0;0;0;0;0;;oui;s1:9x11;201a9469-1add-4d83-9d83-8ef31a30e09e
2025 - 2026;diffusion+s1;Montérégie;Soccer;Primaire;Soccer Co U Festival A;;Colibri;Mixte;4;;;;;;12;;oui;d:9x13 s1:9x13;1d318cab-7887-466d-ba8e-1a1f61964e7f
2025 - 2026;diffusion+s1;Montérégie;Soccer;Primaire;Soccer Co U Festival B;;Colibri;Mixte;4;;;;;;0;;oui;d:9x13 s1:9x13;fe21d437-15d6-456a-a50f-97905c6c8051
2025 - 2026;diffusion+s1;Montérégie;Soccer;Primaire;Soccer M F Ouvert A;;Moustique;Féminin;4;;;;;;16;;oui;d:9x13 s1:9x13;efe76577-3bb0-4ad6-8a60-bb65997cb39f
2025 - 2026;diffusion+s1;Montérégie;Soccer;Primaire;Soccer M F Ouvert B;;Moustique;Féminin;4;;;;;;0;;oui;d:9x13 s1:9x13;c7a38240-a4b7-4913-8768-9736430fc138
2025 - 2026;diffusion+s1;Montérégie;Soccer;Primaire;Soccer M M Compétitif;;Moustique;Masculin;3;;;;;;5;;oui;d:9x13 s1:9x13;0fb0eebb-9c95-4663-a9e1-69fb13857a10
2025 - 2026;diffusion+s1;Montérégie;Soccer;Primaire;Soccer M M Participatif  B;;Moustique;Masculin;4;;;;;;14;;oui;d:9x13 s1:9x13;20e52355-f4b6-4558-bf39-41791e0b24cb
2025 - 2026;diffusion+s1;Montérégie;Soccer;Primaire;Soccer M M Participatif A;;Moustique;Masculin;4;;;;;;24;;oui;d:9x13 s1:9x13;b307594b-a2b2-4783-8ade-d666be86e1fe
2025 - 2026;diffusion+s1;Montérégie;Soccer;Primaire;Soccer M M Participatif C;;Moustique;Masculin;4;;;;;;0;;oui;d:9x13 s1:9x13;1c2224c2-70dd-49c1-be37-e3c1682934fc
2025 - 2026;diffusion+s1;Montérégie;Soccer;Primaire;Soccer M M Participatif D;;Moustique;Masculin;4;;;;;;0;;oui;d:9x13 s1:9x13;31fbff13-433b-4e7a-9fe8-b1227f439cf4
2025 - 2026;diffusion+s1;Montérégie;Soccer;Primaire;Soccer M M Participatif E;;Moustique;Masculin;4;;;;;;0;;oui;d:9x13 s1:9x13;49fbd7db-5a21-4b89-98f4-2d6998292f90
2025 - 2026;diffusion+s1;Montérégie;Soccer;Secondaire;Soccer O U Sports Inclusifs A;;Ouvert;Mixte;4;;;;;;14;;oui;d:9x13 s1:9x13;f20af234-ec12-456e-bdef-b7ec5670424f
2025 - 2026;diffusion+s1;Montérégie;Soccer;Secondaire;Soccer O U Sports Inclusifs B;;Ouvert;Mixte;4;8;6;2;0;0;0;;oui;d:9x13 s1:9x13;67ef2924-9f8e-4f47-9849-af642b04d844
2025 - 2026;diffusion+s1;Montérégie;Ultimate;Secondaire;Ultimate J U D4 Niveau 1;D4;Juvénile;Mixte;7;;;;;;28;;oui;d:9x25 s1:9x25;1e614212-4059-483b-beaf-338238371f34
2025 - 2026;s1;Montérégie;Volleyball de plage;Secondaire;Volleyball de plage B F D3;D3;Benjamin;Féminin;17;0;0;0;0;0;0;;oui;s1:9x17;11da2643-1f5d-4356-84e0-8e8f58060bc0
2025 - 2026;s1;Montérégie;Volleyball de plage;Secondaire;Volleyball de plage B F D4;D4;Benjamin;Féminin;88;0;0;0;0;0;0;;oui;s1:9x17;871182dc-fb83-471a-a094-eac7a91588f2
2025 - 2026;s1;Montérégie;Volleyball de plage;Secondaire;Volleyball de plage B M D3;D3;Benjamin;Masculin;4;0;0;0;0;0;0;;oui;s1:9x17;c24df258-9730-4649-bd3c-b8d1fc158d06
2025 - 2026;s1;Montérégie;Volleyball de plage;Secondaire;Volleyball de plage B M D4;D4;Benjamin;Masculin;12;0;0;0;0;0;0;;oui;s1:9x17;e438b9e2-8a2b-4295-a556-8256dc638588
2025 - 2026;s1;Montérégie;Volleyball de plage;Secondaire;Volleyball de plage C F D3;D3;Cadet;Féminin;46;0;0;0;0;0;0;;oui;s1:9x17;7a1004f9-0938-4a07-a8a5-de56f1768feb
2025 - 2026;s1;Montérégie;Volleyball de plage;Secondaire;Volleyball de plage C F D4;D4;Cadet;Féminin;73;0;0;0;0;0;0;;oui;s1:9x17;ad2e235c-7b67-4a2f-8002-2393f32f81eb
2025 - 2026;s1;Montérégie;Volleyball de plage;Secondaire;Volleyball de plage C M D3;D3;Cadet;Masculin;19;0;0;0;0;0;0;;oui;s1:9x17;740c28a8-e92d-4cb8-992d-a3271d7f84fa
2025 - 2026;s1;Montérégie;Volleyball de plage;Secondaire;Volleyball de plage C M D4;D4;Cadet;Masculin;20;0;0;0;0;0;0;;oui;s1:9x17;42035c19-7f62-40a4-9819-6e00af4cc2a8
2025 - 2026;s1;Montérégie;Volleyball de plage;Secondaire;Volleyball de plage J F D3;D3;Juvénile;Féminin;8;0;0;0;0;0;0;;oui;s1:9x17;18d24582-f01d-4cdf-8fcc-2ee97cc28b58
2025 - 2026;s1;Montérégie;Volleyball de plage;Secondaire;Volleyball de plage J F D4;D4;Juvénile;Féminin;52;0;0;0;0;0;0;;oui;s1:9x17;e400fe6d-9623-4f28-add8-d40bbb3b31d8
2025 - 2026;s1;Montérégie;Volleyball de plage;Secondaire;Volleyball de plage J M D3;D3;Juvénile;Masculin;5;0;0;0;0;0;0;;oui;s1:9x17;896a5c85-f9de-41bb-b92d-a687da81fdd3
2025 - 2026;s1;Montérégie;Volleyball de plage;Secondaire;Volleyball de plage J M D4;D4;Juvénile;Masculin;44;0;0;0;0;0;0;;oui;s1:9x17;c2ce4c5e-952c-4ed4-ba1c-1918276db6b8
2025 - 2026;s1;Montérégie;Volleyball de plage;Secondaire;Volleyball de plage J U;;Juvénile;Mixte;26;0;0;0;0;0;0;;oui;s1:9x17;c6371c06-0e74-409b-ab76-d1ac3c6fc1bf
2025 - 2026;diffusion+s1;Montérégie;Volleyball;Secondaire;Volleyball B F D3;D3;Benjamin;Féminin;24;0;0;0;0;6;0;;oui;d:9x16 s1:9x16;b93909cb-0228-466b-88fb-723ab3485931
2025 - 2026;diffusion+s1;Montérégie;Volleyball;Secondaire;Volleyball B F D4 Niveau 1 Centre-Sud;D4;Benjamin;Féminin;16;;;;;;7;;oui;d:9x16 s1:9x16;ecbd36b9-1285-4306-bd07-64794e021ed5
2025 - 2026;diffusion+s1;Montérégie;Volleyball;Secondaire;Volleyball B F D4 Niveau 1 Haut-Richelieu ;D4;Benjamin;Féminin;15;;;;;;3;;oui;d:9x16 s1:9x16;79a914e1-9aab-49c6-bb81-b19a024f9109
2025 - 2026;diffusion+s1;Montérégie;Volleyball;Secondaire;Volleyball B F D4 Niveau 1 Haute-Yamaska;D4;Benjamin;Féminin;13;;;;;;5;;oui;d:9x16 s1:9x16;9bab9079-665d-4405-ae83-2cc29e084387
2025 - 2026;diffusion+s1;Montérégie;Volleyball;Secondaire;Volleyball B F D4 Niveau 1 Rive-Sud-Est A;D4;Benjamin;Féminin;15;;;;;;3;;oui;d:9x16 s1:9x16;fa9ed091-9cf6-4702-ab80-e6689df15203
2025 - 2026;diffusion+s1;Montérégie;Volleyball;Secondaire;Volleyball B F D4 Niveau 1 Rive-Sud-Est B;D4;Benjamin;Féminin;14;;;;;;3;;oui;d:9x16 s1:9x16;1a6962e8-9c64-4954-b5f3-3eab031a94a3
2025 - 2026;diffusion+s1;Montérégie;Volleyball;Secondaire;Volleyball B F D4 Niveau 1 Sud-Ouest ;D4;Benjamin;Féminin;14;;;;;;3;;oui;d:9x16 s1:9x16;5a41f3bd-20c7-4f45-910b-f0caf94cea3f
2025 - 2026;diffusion+s1;Montérégie;Volleyball;Secondaire;Volleyball B F D4 Niveau 2 Haut-Richelieu;D4;Benjamin;Féminin;12;0;0;0;0;0;0;;oui;d:9x16 s1:9x16;62922a98-a2af-4e46-b51a-dadbc348b5ae
2025 - 2026;diffusion+s1;Montérégie;Volleyball;Secondaire;Volleyball B F D4 Niveau 2 Haute-Yamaska;D4;Benjamin;Féminin;10;;;;;;3;;oui;d:9x16 s1:9x16;19c9baaf-b748-44cb-adc6-42e7c2c9f95e
2025 - 2026;diffusion+s1;Montérégie;Volleyball;Secondaire;Volleyball B F D4 Niveau 2 Rive-Sud-Est;D4;Benjamin;Féminin;9;;;;;;3;;oui;d:9x16 s1:9x16;8fc32dd8-993d-4cc5-b305-3e9382a6d129
2025 - 2026;diffusion+s1;Montérégie;Volleyball;Secondaire;Volleyball B F D4 Niveau 2 Sud-Ouest;D4;Benjamin;Féminin;9;;;;;;3;;oui;d:9x16 s1:9x16;b499a576-845f-4692-b0ca-e4ed692479e0
2025 - 2026;diffusion+s1;Montérégie;Volleyball;Secondaire;Volleyball B M D3;D3;Benjamin;Masculin;9;0;0;0;0;4;0;;oui;d:9x16 s1:9x16;c4fd7b0f-f2c9-4016-9dc8-023550885110
2025 - 2026;diffusion+s1;Montérégie;Volleyball;Secondaire;Volleyball B M D4 Niveau 1 Haut-Richelieu;D4;Benjamin;Masculin;12;0;0;0;0;4;0;;oui;d:9x16 s1:9x16;26ee083c-44d1-424f-83a7-405b863bd1e5
2025 - 2026;diffusion+s1;Montérégie;Volleyball;Secondaire;Volleyball B M D4 Niveau 1 Rive-Sud-Est;D4;Benjamin;Masculin;12;0;0;0;0;4;0;;oui;d:9x16 s1:9x16;f161897c-05e2-41f9-8abc-f654de83049c
2025 - 2026;diffusion+s1;Montérégie;Volleyball;Secondaire;Volleyball C F D3;D3;Cadet;Féminin;25;0;0;0;0;6;0;;oui;d:9x16 s1:9x16;f0a0cfc2-059b-44c2-9645-38dba9274612
2025 - 2026;diffusion+s1;Montérégie;Volleyball;Secondaire;Volleyball C F D4 Niveau 1 Centre-Sud;D4;Cadet;Féminin;13;;;;;;3;;oui;d:9x16 s1:9x16;7f2d35a9-e880-4d5e-88b6-008a50c2c315
2025 - 2026;diffusion+s1;Montérégie;Volleyball;Secondaire;Volleyball C F D4 Niveau 1 Haut-Richelieu;D4;Cadet;Féminin;14;;;;;;3;;oui;d:9x16 s1:9x16;3644bda4-6957-439f-acf5-0daef090446a
2025 - 2026;diffusion+s1;Montérégie;Volleyball;Secondaire;Volleyball C F D4 Niveau 1 Haute-Yamaska;D4;Cadet;Féminin;13;;;;;;3;;oui;d:9x16 s1:9x16;ffec89b1-0cc7-4706-a7ab-deeacb0b4409
2025 - 2026;diffusion+s1;Montérégie;Volleyball;Secondaire;Volleyball C F D4 Niveau 1 Rive-Sud-Est A;D4;Cadet;Féminin;13;;;;;;3;;oui;d:9x16 s1:9x16;835c45a6-a49f-44a5-8325-cb4afbc2731a
2025 - 2026;diffusion+s1;Montérégie;Volleyball;Secondaire;Volleyball C F D4 Niveau 1 Rive-Sud-Est B;D4;Cadet;Féminin;15;;;;;;3;;oui;d:9x16 s1:9x16;706df2cb-d093-4df1-be6a-00205ef22595
2025 - 2026;diffusion+s1;Montérégie;Volleyball;Secondaire;Volleyball C F D4 Niveau 1 Sud-Ouest;D4;Cadet;Féminin;15;;;;;;3;;oui;d:9x16 s1:9x16;87fe7dc3-5919-4655-ae8d-fc5ed541e639
2025 - 2026;diffusion+s1;Montérégie;Volleyball;Secondaire;Volleyball C F D4 Niveau 2 Haut-Richelieu;D4;Cadet;Féminin;10;0;0;0;0;0;0;;oui;d:9x16 s1:9x16;362f7b97-b5a6-45d4-a87e-6ac749808dd1
2025 - 2026;diffusion+s1;Montérégie;Volleyball;Secondaire;Volleyball C F D4 Niveau 2 Rive-Sud-Est;D4;Cadet;Féminin;9;;;;;;3;;oui;d:9x16 s1:9x16;b63510a1-8e30-4661-819a-814317647efc
2025 - 2026;diffusion+s1;Montérégie;Volleyball;Secondaire;Volleyball C M D3;D3;Cadet;Masculin;8;0;0;0;0;6;0;;oui;d:9x16 s1:9x16;e77ad240-d9ec-4a3e-a3e8-941c3460b97c
2025 - 2026;diffusion+s1;Montérégie;Volleyball;Secondaire;Volleyball C M D4 Niveau 1 Haut-Richelieu;D4;Cadet;Masculin;12;0;0;0;0;4;0;;oui;d:9x16 s1:9x16;b8742b3c-d5ea-4843-a5c5-34e82df35c81
2025 - 2026;diffusion+s1;Montérégie;Volleyball;Secondaire;Volleyball C M D4 Niveau 1 Rive-Sud-Est;D4;Cadet;Masculin;12;0;0;0;0;4;0;;oui;d:9x16 s1:9x16;9e7791e9-1656-4726-a472-00857c227f7b
2025 - 2026;s1;Montérégie;Volleyball;Primaire;Volleyball Co U Niveau 1 Minivolley Festival d'initiation;;Colibri;Mixte;0;;;;;;0;;oui;s1:9x16;1668e85b-0c81-4ecd-ad87-830d63e96c70
2025 - 2026;s1;Montérégie;Volleyball;Primaire;Volleyball Co U Niveau 2 Minivolley Festival d'initiation;;Colibri;Mixte;4;;;;;;0;;oui;s1:9x16;0a78a147-ba66-475a-b5e6-41e75028a268
2025 - 2026;diffusion+s1;Montérégie;Volleyball;Secondaire;Volleyball J F D3;D3;Juvénile;Féminin;18;0;0;0;0;4;0;;oui;d:9x16 s1:9x16;c3bd35a4-5b53-4b36-bade-30cf632d4104
2025 - 2026;diffusion+s1;Montérégie;Volleyball;Secondaire;Volleyball J F D4 Niveau 1 Centre-Sud;D4;Juvénile;Féminin;13;;;;;;3;;oui;d:9x16 s1:9x16;6c065507-0d58-44ba-98dd-3287103455da
2025 - 2026;diffusion+s1;Montérégie;Volleyball;Secondaire;Volleyball J F D4 Niveau 1 Haut-Richelieu;D4;Juvénile;Féminin;12;;;;;;3;;oui;d:9x16 s1:9x16;cb4bff89-fd0d-426c-9b40-7c91152e7227
2025 - 2026;diffusion+s1;Montérégie;Volleyball;Secondaire;Volleyball J F D4 Niveau 1 Rive-Sud-Est;D4;Juvénile;Féminin;12;;;;;;3;;oui;d:9x16 s1:9x16;c9ec7e0d-f742-47ee-ad57-458783f2ce93
2025 - 2026;diffusion+s1;Montérégie;Volleyball;Secondaire;Volleyball J F D4 Niveau 2;D4;Juvénile;Féminin;6;;;;;;5;;oui;d:9x16 s1:9x16;01e46c95-a32b-4a80-a270-b5e8f5eebebf
2025 - 2026;diffusion+s1;Montérégie;Volleyball;Secondaire;Volleyball J M D3;D3;Juvénile;Masculin;11;0;0;0;0;4;0;;oui;d:9x16 s1:9x16;c688d933-c4e1-452f-ab88-3b02ef39c6c4
2025 - 2026;diffusion+s1;Montérégie;Volleyball;Secondaire;Volleyball J M D4 Niveau 1 Haute-Yamaska;D4;Juvénile;Masculin;10;;;;;;3;;oui;d:9x16 s1:9x16;6841043c-6d92-4703-a1d6-c8e32064d7ab
2025 - 2026;diffusion+s1;Montérégie;Volleyball;Secondaire;Volleyball J M D4 Niveau 1 Rive-Sud-Est;D4;Juvénile;Masculin;9;;;;;;3;;oui;d:9x16 s1:9x16;67ed8972-71c9-4b20-ac95-76ce514b13cd
2025 - 2026;diffusion+s1;Montérégie;Volleyball;Secondaire;Volleyball J M D4 Niveau 1 Sud-Ouest;D4;Juvénile;Masculin;8;;;;;;3;;oui;d:9x16 s1:9x16;2232c3fc-b748-4184-8361-21cd13c7e225
2025 - 2026;s1;Montérégie;Volleyball;Primaire;Volleyball M F Compétitif TOURNOI;;Moustique;Féminin;15;;;;;;0;;oui;s1:9x16;ee2b7ebe-7b80-41aa-b3e9-7bcc11cfe70f
2025 - 2026;s1;Montérégie;Volleyball;Primaire;Volleyball M F Ligue - Compétitif;;Moustique;Féminin;0;;;;;;0;;oui;s1:9x16;97e3f3f5-853b-450d-9d05-9e3dced63547
2025 - 2026;diffusion+s1;Montérégie;Volleyball;Primaire;Volleyball M F Ligue - Ouvert Est;;Moustique;Féminin;4;;;;;;24;;oui;d:9x16 s1:9x16;6c5b546e-730f-41ab-95c7-e65e965287cf
2025 - 2026;diffusion+s1;Montérégie;Volleyball;Primaire;Volleyball M F Ligue - Ouvert Ouest;;Moustique;Féminin;4;;;;;;0;;oui;d:9x16 s1:9x16;fa0e6471-cbcc-4fee-90ba-ff9ceff77ef4
2025 - 2026;s1;Montérégie;Volleyball;Primaire;Volleyball M F Participatif TOURNOI;;Moustique;Féminin;48;;;;;;0;;oui;s1:9x16;321fc101-3146-424e-8aba-da43f256dec4
2025 - 2026;s1;Montérégie;Volleyball;Primaire;Volleyball M M Compétitif TOURNOI;;Moustique;Masculin;14;;;;;;0;;oui;s1:9x16;f1bdfaf7-4c5b-4605-bc0b-b338f22ff8e5
2025 - 2026;diffusion+s1;Montérégie;Volleyball;Primaire;Volleyball M M Ligue - Ouvert;;Moustique;Masculin;5;;;;;;20;;oui;d:9x16 s1:9x16;d97d74c8-52e2-4fe0-88e7-c9e0bb8688e0
2025 - 2026;s1;Montérégie;Volleyball;Primaire;Volleyball M M Participatif TOURNOI;;Moustique;Masculin;30;;;;;;0;;oui;s1:9x16;90203649-c9bd-4086-96f2-023aa4381a0c
2025 - 2026;s1;Montérégie;Volleyball;Primaire;Volleyball M U Minivolley Festival d'initiation;;Moustique;Mixte;20;;;;;;0;;oui;s1:9x16;2d5196d0-4a53-4085-80e0-3c528eb05676
2025 - 2026;diffusion+s1;Montérégie;Volleyball;Secondaire;Volleyball O U Sports Inclusifs;;Ouvert;Mixte;5;;;;;;10;;oui;d:9x16 s1:9x16;756f5b25-c7fd-44e8-a451-d73cd86335ac
2025 - 2026;diffusion+s1;Montérégie;Volleyball;Secondaire;Volleyball O U Sports Inclusifs Tournoi 2;;Ouvert;Mixte;5;;;;;;12;;oui;d:9x16 s1:9x16;27697600-b61c-4636-b175-d4df15fead8c
2025 - 2026;s1;Montréal;Athlétisme;Primaire;Athlétisme A M Championnat régional extérieur - CSSPI + Privées;;Atome;Masculin;1;;;;;;0;;oui;s1:10x0;3d9df036-53cb-4835-a330-ee8690024306
2025 - 2026;s1;Montréal;Athlétisme;Secondaire;Athlétisme B F D3 Championnat régional extérieur;D3;Benjamin;Féminin;17;0;0;0;0;0;0;;oui;s1:10x0;1ca9df7f-06f0-4dfb-b346-500670fbaf6c
2025 - 2026;s1;Montréal;Athlétisme;Secondaire;Athlétisme B F D3 Ligue régionale d'athlétisme en salle;D3;Benjamin;Féminin;16;0;0;0;0;0;0;;oui;s1:10x0;9d8458ad-f4fd-4c40-8767-27b753ea3d7f
2025 - 2026;s1;Montréal;Athlétisme;Secondaire;Athlétisme B M D3 Championnat régional extérieur;D3;Benjamin;Masculin;15;0;0;0;0;0;0;;oui;s1:10x0;91750f25-6f87-4e37-98ca-e1c00a6fa32e
2025 - 2026;s1;Montréal;Athlétisme;Secondaire;Athlétisme B M D3 Ligue régionale d'athlétisme en salle;D3;Benjamin;Masculin;13;0;0;0;0;0;0;;oui;s1:10x0;8e69e2b2-a4a4-4ede-a351-95a04fcf0710
2025 - 2026;s1;Montréal;Athlétisme;Secondaire;Athlétisme C F D3 Championnat régional extérieur;D3;Cadet;Féminin;31;0;0;0;0;0;0;;oui;s1:10x0;276a7a1b-8f4a-444d-b539-f30e3785a39f
2025 - 2026;s1;Montréal;Athlétisme;Secondaire;Athlétisme C F D3 Ligue régional d'athlétisme en salle;D3;Cadet;Féminin;16;0;0;0;0;0;0;;oui;s1:10x0;f673d801-81a0-49af-841e-77d05ddc8226
2025 - 2026;s1;Montréal;Athlétisme;Secondaire;Athlétisme C M D3 Championnat régional extérieur;D3;Cadet;Masculin;28;0;0;0;0;0;0;;oui;s1:10x0;3deefde3-d9ae-4b25-b46e-1e56e5346925
2025 - 2026;s1;Montréal;Athlétisme;Secondaire;Athlétisme C M D3 Ligue régional d'athlétisme en salle;D3;Cadet;Masculin;13;0;0;0;0;0;0;;oui;s1:10x0;5b3afe5e-5ec9-42c0-bec2-994cc617ea1f
2025 - 2026;s1;Montréal;Athlétisme;Primaire;Athlétisme Co U Initiation à l'athlétisme;;Colibri;Mixte;8;;;;;;0;;oui;s1:10x0;240ba232-04bb-4946-a74f-b9ed0932dae9
2025 - 2026;s1;Montréal;Athlétisme;Secondaire;Athlétisme J F D3 Championnat régional extérieur;D3;Juvénile;Féminin;26;0;0;0;0;0;0;;oui;s1:10x0;248598db-4eb2-433c-9501-0c7620505ba8
2025 - 2026;s1;Montréal;Athlétisme;Secondaire;Athlétisme J F D3 Ligue régional d'athlétisme en salle;D3;Juvénile;Féminin;14;0;0;0;0;0;0;;oui;s1:10x0;ebd717a6-f82d-4022-b8ac-f15e725da7fb
2025 - 2026;s1;Montréal;Athlétisme;Secondaire;Athlétisme J M D3 Championnat régional extérieur;D3;Juvénile;Masculin;30;0;0;0;0;0;0;;oui;s1:10x0;abdae223-943d-4f69-bb8e-68aa04241563
2025 - 2026;s1;Montréal;Athlétisme;Secondaire;Athlétisme J M D3 Ligue régional d'athlétisme en salle;D3;Juvénile;Masculin;15;0;0;0;0;0;0;;oui;s1:10x0;4e4a343a-5999-4d7f-9e3b-0ec779c28483
2025 - 2026;s1;Montréal;Athlétisme;Primaire;Athlétisme M F Championnat régional de mini athlétisme en salle 5e année;;Moustique;Féminin;10;;;;;;0;;oui;s1:10x0;b6e0b10d-ad9b-43d2-b181-469dc8cb7818
2025 - 2026;s1;Montréal;Athlétisme;Primaire;Athlétisme M F Championnat régional de mini athlétisme en salle 6e année;;Moustique;Féminin;10;;;;;;0;;oui;s1:10x0;e0069b50-95d7-4bbb-bf97-9c79e9a90d85
2025 - 2026;s1;Montréal;Athlétisme;Primaire;Athlétisme M F Championnat régional extérieur - CSSDM 5e année;;Moustique;Féminin;10;;;;;;0;;oui;s1:10x0;4c600773-28d6-4b5c-b5e9-7bfbaf85a3e8
2025 - 2026;s1;Montréal;Athlétisme;Primaire;Athlétisme M F Championnat régional extérieur - CSSDM 6e année;;Moustique;Féminin;11;;;;;;0;;oui;s1:10x0;728296e5-c2f9-4fe4-96c8-9d8322ec5a32
2025 - 2026;s1;Montréal;Athlétisme;Primaire;Athlétisme M F Championnat régional extérieur - CSSPI + Privées 5e année;;Moustique;Féminin;6;;;;;;0;;oui;s1:10x0;c4cc8331-5d70-4aca-a684-fb4d9338f147
2025 - 2026;s1;Montréal;Athlétisme;Primaire;Athlétisme M F Championnat régional extérieur - CSSPI + Privées 6e année;;Moustique;Féminin;7;;;;;;0;;oui;s1:10x0;c5af6766-f508-44c6-ad25-8d5551ee2c4d
2025 - 2026;s1;Montréal;Athlétisme;Primaire;Athlétisme M M Championnat régional de mini athlétisme en salle 5e année;;Moustique;Masculin;10;;;;;;0;;oui;s1:10x0;a5fa0a7d-3854-4eb6-aed5-c84691c908fc
2025 - 2026;s1;Montréal;Athlétisme;Primaire;Athlétisme M M Championnat régional de mini athlétisme en salle 6e année;;Moustique;Masculin;10;;;;;;0;;oui;s1:10x0;63ea7d5a-157f-4c4f-bbdf-aa4d9a4d7bc1
2025 - 2026;s1;Montréal;Athlétisme;Primaire;Athlétisme M M Championnat régional extérieur - CSSDM 5e année;;Moustique;Masculin;10;;;;;;0;;oui;s1:10x0;b8e77ee4-3f4b-4de0-9656-35df8e9c5f39
2025 - 2026;s1;Montréal;Athlétisme;Primaire;Athlétisme M M Championnat régional extérieur - CSSDM 6e année;;Moustique;Masculin;11;;;;;;0;;oui;s1:10x0;60aa2a2f-abaa-4e59-9278-d469fba4cc58
2025 - 2026;s1;Montréal;Athlétisme;Primaire;Athlétisme M M Championnat régional extérieur - CSSPI + Privées 5e année;;Moustique;Masculin;6;;;;;;0;;oui;s1:10x0;c920a695-c24a-41e6-87a7-15e31607ec17
2025 - 2026;s1;Montréal;Athlétisme;Primaire;Athlétisme M M Championnat régional extérieur - CSSPI + Privées 6e année;;Moustique;Masculin;7;;;;;;0;;oui;s1:10x0;b9ff1e85-e632-4914-98ee-f5406725df95
2025 - 2026;s1;Montréal;Badminton;Secondaire;Badminton B U D3;D3;Benjamin;Mixte;24;0;0;0;0;0;0;;oui;s1:10x18;481c039f-e207-4890-a264-f2e21b230ad9
2025 - 2026;s1;Montréal;Badminton;Secondaire;Badminton C U D3;D3;Cadet;Mixte;20;0;0;0;0;0;0;;oui;s1:10x18;7030146e-ca54-44e5-9131-d5a230d6cee6
2025 - 2026;s1;Montréal;Badminton;Secondaire;Badminton J U D3;D3;Juvénile;Mixte;20;0;0;0;0;0;0;;oui;s1:10x18;0644bea5-e394-453d-9b79-c928d89ee18a
2025 - 2026;diffusion+s1;Montréal;Basketball;Secondaire;Basketball A F D3;D3;Atome;Féminin;6;;;;;;33;;oui;d:10x1 s1:10x1;37b4af10-8805-44df-aa50-dd91816da188
2025 - 2026;diffusion+s1;Montréal;Basketball;Secondaire;Basketball A F D4 Niveau 1;D4;Atome;Féminin;5;;;;;;28;;oui;d:10x1 s1:10x1;4955e17f-1afd-46be-8ab4-7ad9265a9a13
2025 - 2026;diffusion+s1;Montréal;Basketball;Secondaire;Basketball A F D4 Niveau 2;D4;Atome;Féminin;6;;;;;;33;;oui;d:10x1 s1:10x1;101f4bdb-d3fe-4d00-a404-eabeb62f2ecf
2025 - 2026;diffusion+s1;Montréal;Basketball;Secondaire;Basketball A M D3;D3;Atome;Masculin;11;;;;;;60;;oui;d:10x1 s1:10x1;37ff53dd-aa26-4086-a5ad-b9cf48fbdafa
2025 - 2026;diffusion+s1;Montréal;Basketball;Secondaire;Basketball A M D4 Niveau 1;D4;Atome;Masculin;14;;;;;;77;;oui;d:10x1 s1:10x1;08eba22f-0b4b-4e37-b62b-121aa974f47d
2025 - 2026;diffusion+s1;Montréal;Basketball;Secondaire;Basketball A M D4 Niveau 2;D4;Atome;Masculin;5;;;;;;28;;oui;d:10x1 s1:10x1;6f5e8999-8007-451b-87a4-96b0fb241fe8
2025 - 2026;diffusion+s1;Montréal;Basketball;Secondaire;Basketball A M D4 Niveau 3;D4;Atome;Masculin;6;;;;;;33;;oui;d:10x1 s1:10x1;bbf11f01-5d69-46c2-a592-71371f7f32f5
2025 - 2026;diffusion+s1;Montréal;Basketball;Secondaire;Basketball B F D3;D3;Benjamin;Féminin;5;;;;;;33;;oui;d:10x1 s1:10x1;39eced84-df9e-4868-b1c2-260312226cbb
2025 - 2026;diffusion+s1;Montréal;Basketball;Secondaire;Basketball B F D4 Niveau 1;D4;Benjamin;Féminin;7;;;;;;45;;oui;d:10x1 s1:10x1;1ab86c90-7a80-4973-9bde-a1fd489fda30
2025 - 2026;diffusion+s1;Montréal;Basketball;Secondaire;Basketball B F D4 Niveau 2;D4;Benjamin;Féminin;10;;;;;;55;;oui;d:10x1 s1:10x1;6545e845-413c-4b05-92ae-63fdd55c6dcd
2025 - 2026;diffusion+s1;Montréal;Basketball;Secondaire;Basketball B M D3;D3;Benjamin;Masculin;8;;;;;;61;;oui;d:10x1 s1:10x1;ea88a780-e0f2-410b-9fd4-3dbc84bc5d9a
2025 - 2026;diffusion+s1;Montréal;Basketball;Secondaire;Basketball B M D4 Niveau 1;D4;Benjamin;Masculin;12;;;;;;71;;oui;d:10x1 s1:10x1;bcd57e01-7b25-4ef2-ad0c-01d731d5171c
2025 - 2026;diffusion+s1;Montréal;Basketball;Secondaire;Basketball B M D4 Niveau 2;D4;Benjamin;Masculin;11;;;;;;60;;oui;d:10x1 s1:10x1;c6ab37ab-661d-411e-91f2-32000e5cccb4
2025 - 2026;diffusion+s1;Montréal;Basketball;Secondaire;Basketball B M D4 Niveau 3;D4;Benjamin;Masculin;6;;;;;;33;;oui;d:10x1 s1:10x1;fda7fea2-6779-4d7a-99fa-c23bd2d41dd6
2025 - 2026;diffusion+s1;Montréal;Basketball;Secondaire;Basketball C F D3;D3;Cadet;Féminin;5;;;;;;33;;oui;d:10x1 s1:10x1;91a293f5-9ab8-4d7c-8d9b-72fdb47550ef
2025 - 2026;diffusion+s1;Montréal;Basketball;Secondaire;Basketball C F D4;D4;Cadet;Féminin;5;;;;;;33;;oui;d:10x1 s1:10x1;d0888c33-ac1b-4137-965d-e8434b9e3042
2025 - 2026;diffusion+s1;Montréal;Basketball;Secondaire;Basketball C M D3;D3;Cadet;Masculin;8;;;;;;61;;oui;d:10x1 s1:10x1;a15762c6-333e-44a7-9193-eeadf89f618b
2025 - 2026;diffusion+s1;Montréal;Basketball;Secondaire;Basketball C M D4 Niveau 1;D4;Cadet;Masculin;11;;;;;;60;;oui;d:10x1 s1:10x1;af5dde25-874b-4dcb-b80b-e727e417f5f6
2025 - 2026;diffusion+s1;Montréal;Basketball;Secondaire;Basketball C M D4 Niveau 2;D4;Cadet;Masculin;11;;;;;;60;;oui;d:10x1 s1:10x1;b07bfea8-70dd-4676-893d-2705a4619e31
2025 - 2026;diffusion+s1;Montréal;Basketball;Primaire;Basketball Co F Festival - Participatif;;Colibri;Féminin;4;;;;;;6;;oui;d:10x1 s1:10x1;8b05f148-454b-470b-9a2f-3e726b4e9abb
2025 - 2026;diffusion+s1;Montréal;Basketball;Primaire;Basketball Co F Festival -Récréatif;;Colibri;Féminin;4;;;;;;6;;oui;d:10x1 s1:10x1;dd6dd8fc-662c-49ab-ba69-f5c8e17a2d0a
2025 - 2026;diffusion+s1;Montréal;Basketball;Primaire;Basketball Co M Festival - Participatif;;Colibri;Masculin;4;;;;;;6;;oui;d:10x1 s1:10x1;f690bbc9-8431-4b79-8944-3eed942beda6
2025 - 2026;s1;Montréal;Basketball;Primaire;Basketball Co M Festival -Récréatif;;Colibri;Masculin;4;;;;;;0;;oui;s1:10x1;4fdd4b48-3c37-426e-a8e4-f06431814af3
2025 - 2026;s1;Montréal;Basketball;Primaire;Basketball Co U Festival -Récréatif;;Colibri;Mixte;4;;;;;;0;;oui;s1:10x1;27663da2-0daa-4ebd-aac1-b7656bedad8e
2025 - 2026;diffusion+s1;Montréal;Basketball;Secondaire;Basketball J F D3;D3;Juvénile;Féminin;5;;;;;;33;;oui;d:10x1 s1:10x1;f8e51cb4-f9fe-486f-8a44-cc2d468cbb7f
2025 - 2026;diffusion+s1;Montréal;Basketball;Secondaire;Basketball J F D4 EST;D4;Juvénile;Féminin;7;;;;;;49;;oui;d:10x1 s1:10x1;b19a5a90-e57a-4841-9c19-377fa379a0cc
2025 - 2026;diffusion+s1;Montréal;Basketball;Secondaire;Basketball J F D4 OUEST;D4;Juvénile;Féminin;7;;;;;;42;;oui;d:10x1 s1:10x1;ede3954b-0905-41b3-b64d-d524b4929e4b
2025 - 2026;diffusion+s1;Montréal;Basketball;Secondaire;Basketball J M D3;D3;Juvénile;Masculin;8;;;;;;61;;oui;d:10x1 s1:10x1;5d911ca7-2b32-461d-89ae-4730dda33298
2025 - 2026;diffusion+s1;Montréal;Basketball;Secondaire;Basketball J M D4 Niveau 1 EST;D4;Juvénile;Masculin;9;;;;;;70;;oui;d:10x1 s1:10x1;2701f292-8b6b-4653-bdd8-aefd10166adb
2025 - 2026;diffusion+s1;Montréal;Basketball;Secondaire;Basketball J M D4 Niveau 1 OUEST;D4;Juvénile;Masculin;9;;;;;;63;;oui;d:10x1 s1:10x1;ae2edf60-f86c-4010-8b87-89d09ceb6c0a
2025 - 2026;diffusion+s1;Montréal;Basketball;Secondaire;Basketball J M D4 Niveau 2;D4;Juvénile;Masculin;12;;;;;;71;;oui;d:10x1 s1:10x1;87e4e40d-f886-4c97-980a-5a37348db751
2025 - 2026;diffusion+s1;Montréal;Basketball;Secondaire;Basketball J M D4 Niveau 3;D4;Juvénile;Masculin;5;;;;;;23;;oui;d:10x1 s1:10x1;cca672aa-31c6-49e4-8e20-5cc43be9a806
2025 - 2026;diffusion+s1;Montréal;Basketball;Primaire;Basketball M F Championnat régional - Compétitif;;Moustique;Féminin;4;;;;;;10;;oui;d:10x1 s1:10x1;9143a4fd-ad20-426c-b961-aceea362739e
2025 - 2026;diffusion+s1;Montréal;Basketball;Primaire;Basketball M F Championnat régional - Participatif;;Moustique;Féminin;4;;;;;;10;;oui;d:10x1 s1:10x1;54b83161-746a-4284-88ad-8f6b54ab8a29
2025 - 2026;diffusion+s1;Montréal;Basketball;Primaire;Basketball M F Championnat régional - Récréatif;;Moustique;Féminin;6;;;;;;10;;oui;d:10x1 s1:10x1;89519f27-cf27-4e37-af27-5e9c31531042
2025 - 2026;diffusion+s1;Montréal;Basketball;Primaire;Basketball M F Festival - Participatif;;Moustique;Féminin;5;;;;;;8;;oui;d:10x1 s1:10x1;f5a44cbd-a6ec-4eb6-ad76-cef6edc6598b
2025 - 2026;diffusion+s1;Montréal;Basketball;Primaire;Basketball M F Festival - Récréatif;;Moustique;Féminin;5;;;;;;8;;oui;d:10x1 s1:10x1;3cfebd60-5cf7-4e41-b5a6-f23fb66707b4
2025 - 2026;diffusion+s1;Montréal;Basketball;Primaire;Basketball M M Championnat régional - Compétitif;;Moustique;Masculin;4;;;;;;10;;oui;d:10x1 s1:10x1;7a00f89c-733b-41dd-9855-168a27d95182
2025 - 2026;diffusion+s1;Montréal;Basketball;Primaire;Basketball M M Championnat régional - Participatif ;;Moustique;Masculin;8;;;;;;14;;oui;d:10x1 s1:10x1;43a7a76b-0a0b-4824-a7e5-9d51fb3985f4
2025 - 2026;diffusion+s1;Montréal;Basketball;Primaire;Basketball M M Championnat régional - Récréatif 1;;Moustique;Masculin;9;;;;;;15;;oui;d:10x1 s1:10x1;08fcb572-f491-4ffe-a746-102f703c1625
2025 - 2026;diffusion+s1;Montréal;Basketball;Primaire;Basketball M M Championnat régional - Récréatif 2;;Moustique;Masculin;6;;;;;;10;;oui;d:10x1 s1:10x1;d7847df0-ec11-4bd3-b2ce-74b6fcd2fbc2
2025 - 2026;diffusion+s1;Montréal;Basketball;Primaire;Basketball M M Festival - Participatif;;Moustique;Masculin;8;;;;;;12;;oui;d:10x1 s1:10x1;5cc3ed6d-be39-4fd0-b5a4-b8b22babc014
2025 - 2026;diffusion+s1;Montréal;Basketball;Primaire;Basketball M M Festival - Récréatif;;Moustique;Masculin;12;;;;;;18;;oui;d:10x1 s1:10x1;f567f6e0-055d-41c3-813a-54f687211218
2025 - 2026;s1;Montréal;Cheerleading;Secondaire;Cheerleading B U Niveau 1 AMICALE;;Benjamin;Mixte;2;0;0;0;0;0;0;;oui;s1:10x2;dcd4b15f-1d7b-4c73-ac56-f740914d0e2a
2025 - 2026;s1;Montréal;Cheerleading;Secondaire;Cheerleading B U Niveau 1 RÉGIONAL;;Benjamin;Mixte;1;0;0;0;0;0;0;;oui;s1:10x2;90fc4ae9-ef92-4646-adff-1cdc652252f3
2025 - 2026;s1;Montréal;Cheerleading;Secondaire;Cheerleading B U Niveau 2 AMICALE;;Benjamin;Mixte;0;0;0;0;0;0;0;;oui;s1:10x2;767b0410-80ea-40f1-9ed9-e4cd1c289b68
2025 - 2026;s1;Montréal;Cheerleading;Secondaire;Cheerleading B U Niveau 2 RÉGIONAL;;Benjamin;Mixte;0;0;0;0;0;0;0;;oui;s1:10x2;bbbc0804-b882-4ad8-a465-e5ab7518beb1
2025 - 2026;s1;Montréal;Cheerleading;Secondaire;Cheerleading C U Niveau 2 AMICALE;;Cadet;Mixte;1;0;0;0;0;0;0;;oui;s1:10x2;0a384d61-63fc-4335-82ad-3934a2a34165
2025 - 2026;s1;Montréal;Cheerleading;Secondaire;Cheerleading C U Niveau 2 RÉGIONAL;;Cadet;Mixte;1;0;0;0;0;0;0;;oui;s1:10x2;efe6f882-38f7-4b35-99fb-16a798947c33
2025 - 2026;s1;Montréal;Cheerleading;Secondaire;Cheerleading C U Niveau 3 AMICALE;;Cadet;Mixte;0;0;0;0;0;0;0;;oui;s1:10x2;6dac1423-e251-4563-8998-4bddc445dd9d
2025 - 2026;s1;Montréal;Cheerleading;Secondaire;Cheerleading C U Niveau 3 RÉGIONAL;;Cadet;Mixte;0;0;0;0;0;0;0;;oui;s1:10x2;db2254ba-77ce-489b-9f87-b0582cb22d19
2025 - 2026;s1;Montréal;Cheerleading;Secondaire;Cheerleading J U Niveau 3 AMICALE;;Juvénile;Mixte;0;0;0;0;0;0;0;;oui;s1:10x2;c860bbc3-fcfa-47a1-866b-2f3831e9da6c
2025 - 2026;s1;Montréal;Cheerleading;Secondaire;Cheerleading J U Niveau 3 RÉGIONAL;;Juvénile;Mixte;0;0;0;0;0;0;0;;oui;s1:10x2;363a5bab-f95a-4933-93ed-0c2eea76f887
2025 - 2026;s1;Montréal;Cheerleading;Secondaire;Cheerleading J U Niveau 4 AMICALE;;Juvénile;Mixte;0;0;0;0;0;0;0;;oui;s1:10x2;60d5c860-db5d-4051-9d46-093dcca55015
2025 - 2026;s1;Montréal;Cheerleading;Secondaire;Cheerleading J U Niveau 4 RÉGIONAL;;Juvénile;Mixte;0;0;0;0;0;0;0;;oui;s1:10x2;75381f13-76d9-4ee9-a2d8-777e46126d8f
2025 - 2026;s1;Montréal;Cheerleading;Secondaire;Cheerleading O U Niveau 1 AMICALE;;Ouvert;Mixte;3;0;0;0;0;0;0;;oui;s1:10x2;b4be311d-2675-4140-805d-3c640ef2204d
2025 - 2026;s1;Montréal;Cheerleading;Secondaire;Cheerleading O U Niveau 1 RÉGIONAL;;Ouvert;Mixte;5;0;0;0;0;0;0;;oui;s1:10x2;2d449b8b-4cca-4532-a8e0-67f784aa626b
2025 - 2026;s1;Montréal;Cheerleading;Secondaire;Cheerleading O U Niveau 2 AMCIALE;;Ouvert;Mixte;5;0;0;0;0;0;0;;oui;s1:10x2;f12202dc-899f-4a1e-ad08-c23ed5fc2df4
2025 - 2026;s1;Montréal;Cheerleading;Secondaire;Cheerleading O U Niveau 2 AMICALE Sans tumbling ;;Ouvert;Mixte;9;0;0;0;0;0;0;;oui;s1:10x2;ea1a3a1a-f28b-43db-b96c-c93149e9ca85
2025 - 2026;s1;Montréal;Cheerleading;Secondaire;Cheerleading O U Niveau 2 RÉGIONAL;;Ouvert;Mixte;5;0;0;0;0;0;0;;oui;s1:10x2;c42e7efe-5c49-4b03-87c1-308f1a2e5e06
2025 - 2026;s1;Montréal;Cheerleading;Secondaire;Cheerleading O U Niveau 2 RÉGIONAL Sans tumbling;;Ouvert;Mixte;8;0;0;0;0;0;0;;oui;s1:10x2;4d78b621-e5e2-4b23-afe4-024180de8102
2025 - 2026;s1;Montréal;Cheerleading;Secondaire;Cheerleading O U Niveau 3 AMICALE;;Ouvert;Mixte;1;0;0;0;0;0;0;;oui;s1:10x2;8b54d342-3588-474b-b09f-743b54e4e3d3
2025 - 2026;s1;Montréal;Cheerleading;Secondaire;Cheerleading O U Niveau 3 AMICALE Sans tumbling;;Ouvert;Mixte;0;0;0;0;0;0;0;;oui;s1:10x2;405da71d-48fc-4122-b040-09851a84b722
2025 - 2026;s1;Montréal;Cheerleading;Secondaire;Cheerleading O U Niveau 3 RÉGIONAL;;Ouvert;Mixte;1;0;0;0;0;0;0;;oui;s1:10x2;8bdee82c-95b3-4b72-b0ea-70846f258366
2025 - 2026;s1;Montréal;Cheerleading;Secondaire;Cheerleading O U Niveau 3 RÉGIONAL Sans tumbing;;Ouvert;Mixte;0;0;0;0;0;0;0;;oui;s1:10x2;ca16f3dd-81a8-41ce-9668-afb325538fb0
2025 - 2026;s1;Montréal;Cheerleading;Primaire;Cheerleading P U Niveau 1 AMICALE;;Primaire;Mixte;2;;;;;;0;;oui;s1:10x2;d1d89023-bc94-4c7a-83cc-c26df8824f33
2025 - 2026;s1;Montréal;Cheerleading;Primaire;Cheerleading P U Niveau 1 RÉGIONAL;;Primaire;Mixte;2;;;;;;0;;oui;s1:10x2;837b8240-2265-434c-b2cd-4bc641b1dd50
2025 - 2026;s1;Montréal;Cross-country;Secondaire;Cross-country B F D3 Élite;D3;Benjamin;Féminin;14;0;0;0;0;0;0;;oui;s1:10x3;a50f8ba0-0aa4-4f91-a43b-5074cd07ed16
2025 - 2026;s1;Montréal;Cross-country;Secondaire;Cross-country B F D4 Participation;D4;Benjamin;Féminin;27;0;0;0;0;0;0;;oui;s1:10x3;0ad1b988-fd4d-4e86-984d-6fc445f3a5e3
2025 - 2026;s1;Montréal;Cross-country;Secondaire;Cross-country B M D3 Élite;D3;Benjamin;Masculin;13;0;0;0;0;0;0;;oui;s1:10x3;9b449181-4691-4a68-98fd-6a2a4a5b9654
2025 - 2026;s1;Montréal;Cross-country;Secondaire;Cross-country B M D4 Participation;D4;Benjamin;Masculin;27;0;0;0;0;0;0;;oui;s1:10x3;9010158c-8161-4431-bf5f-cbe3b584550b
2025 - 2026;s1;Montréal;Cross-country;Secondaire;Cross-country C F D3 Élite;D3;Cadet;Féminin;14;0;0;0;0;0;0;;oui;s1:10x3;43125c74-ab8d-4479-9c4a-3a2737b91664
2025 - 2026;s1;Montréal;Cross-country;Secondaire;Cross-country C F D4 Participation;D4;Cadet;Féminin;24;0;0;0;0;0;0;;oui;s1:10x3;34f9256c-c8bb-4a20-b0be-5b76f663cf2e
2025 - 2026;s1;Montréal;Cross-country;Secondaire;Cross-country C M D3 Élite;D3;Cadet;Masculin;16;0;0;0;0;0;0;;oui;s1:10x3;b0d127e7-09d2-4d6f-8b24-39a43e7783ec
2025 - 2026;s1;Montréal;Cross-country;Secondaire;Cross-country C M D4 Participation;D4;Cadet;Masculin;25;0;0;0;0;0;0;;oui;s1:10x3;0741607a-47cb-4970-a7aa-0798fd35477d
2025 - 2026;s1;Montréal;Cross-country;Secondaire;Cross-country J F D3 Élite;D3;Juvénile;Féminin;13;0;0;0;0;0;0;;oui;s1:10x3;a5893c57-ee86-48df-8db0-bf882b636e4d
2025 - 2026;s1;Montréal;Cross-country;Secondaire;Cross-country J F D4 Participation;D4;Juvénile;Féminin;23;0;0;0;0;0;0;;oui;s1:10x3;1e1b677b-426b-4f3b-8579-2290b73720f4
2025 - 2026;s1;Montréal;Cross-country;Secondaire;Cross-country J M D3 Élite;D3;Juvénile;Masculin;16;0;0;0;0;0;0;;oui;s1:10x3;0a99a51b-cbe8-4ea1-9c36-84cd7a7fea07
2025 - 2026;s1;Montréal;Cross-country;Secondaire;Cross-country J M D4 Participation;D4;Juvénile;Masculin;25;0;0;0;0;0;0;;oui;s1:10x3;580b2694-4417-4221-b218-7029462c2135
2025 - 2026;s1;Montréal;Cross-country;Primaire;Cross-country O F ADAPTATION SCOLAIRE;;Ouvert;Féminin;2;;;;;;0;;oui;s1:10x3;5f48a498-f42f-42fe-8975-3dae71901d97
2025 - 2026;s1;Montréal;Cross-country;Secondaire;Cross-country O F D3 Élite ADAPTATION SCOLAIRE;D3;Ouvert;Féminin;2;0;0;0;0;0;0;;oui;s1:10x3;6707b61b-497a-4c91-b5bd-850a80c5dcf6
2025 - 2026;s1;Montréal;Cross-country;Secondaire;Cross-country O F D4 Participation ADAPTATION SCOLAIRE;D4;Ouvert;Féminin;0;0;0;0;0;0;0;;oui;s1:10x3;86755aad-3e73-44ae-8c3f-664a6337beaf
2025 - 2026;s1;Montréal;Cross-country;Secondaire;Cross-country O F FAUTEUIL ROULANT;;Ouvert;Féminin;0;0;0;0;0;0;0;;oui;s1:10x3;07f11519-357e-429d-9a02-0068ba435b61
2025 - 2026;s1;Montréal;Cross-country;Primaire;Cross-country O F FAUTEUIL ROULANT;;Ouvert;Féminin;0;;;;;;0;;oui;s1:10x3;201fb435-b4ef-40ba-b8be-0282edf04348
2025 - 2026;s1;Montréal;Cross-country;Secondaire;Cross-country O F MARCHETTE;;Ouvert;Féminin;0;0;0;0;0;0;0;;oui;s1:10x3;ae60c9cb-90d7-4f88-89e9-2ddaa8aba5b0
2025 - 2026;s1;Montréal;Cross-country;Primaire;Cross-country O F MARCHETTE;;Ouvert;Féminin;0;;;;;;0;;oui;s1:10x3;7808987e-68fe-4b38-ae26-c93755b5ffce
2025 - 2026;s1;Montréal;Cross-country;Primaire;Cross-country O M ADAPTATION SCOLAIRE;;Ouvert;Masculin;3;;;;;;0;;oui;s1:10x3;c6058106-2af7-4697-a1e2-25cf37dba38b
2025 - 2026;s1;Montréal;Cross-country;Secondaire;Cross-country O M D3 Élite ADAPTATION SCOLAIRE;D3;Ouvert;Masculin;2;0;0;0;0;0;0;;oui;s1:10x3;7ba1bcee-5e02-474f-83c5-67613165347f
2025 - 2026;s1;Montréal;Cross-country;Secondaire;Cross-country O M D4 Participation ADAPTATION SCOLAIRE;D4;Ouvert;Masculin;0;0;0;0;0;0;0;;oui;s1:10x3;16ffe95b-d04f-4951-b666-86737b6b1c71
2025 - 2026;s1;Montréal;Cross-country;Secondaire;Cross-country O M FAUTEUIL ROULANT;;Ouvert;Masculin;0;0;0;0;0;0;0;;oui;s1:10x3;68d28944-f058-4669-a4e6-58e42ba5a861
2025 - 2026;s1;Montréal;Cross-country;Primaire;Cross-country O M FAUTEUIL ROULANT;;Ouvert;Masculin;0;;;;;;0;;oui;s1:10x3;39b32c90-d474-44ee-a1fa-b92fc8a03ff8
2025 - 2026;s1;Montréal;Cross-country;Secondaire;Cross-country O M MARCHETTE;;Ouvert;Masculin;0;0;0;0;0;0;0;;oui;s1:10x3;24274cd6-2200-4abe-a840-b8730cb195a6
2025 - 2026;s1;Montréal;Cross-country;Primaire;Cross-country O M MARCHETTE;;Ouvert;Masculin;0;;;;;;0;;oui;s1:10x3;d6de7c4c-0a24-4e39-ab82-04de04bf6a3f
2025 - 2026;s1;Montréal;Cross-country;Secondaire;Cross-country O U D4 Participation Hors concours;D4;Ouvert;Mixte;3;0;0;0;0;0;0;;oui;s1:10x3;35c01760-7787-4a0d-9d47-6dad0d580d07
2025 - 2026;s1;Montréal;Cross-country;Primaire;Cross-country P5 F;;Primaire 5;Féminin;47;;;;;;0;;oui;s1:10x3;14c65cbf-d939-49b4-ae4b-d2f0e48707de
2025 - 2026;s1;Montréal;Cross-country;Primaire;Cross-country P5 M;;Primaire 5;Masculin;47;;;;;;0;;oui;s1:10x3;f3b31b63-41f2-4fe7-a548-1644bc58be0b
2025 - 2026;s1;Montréal;Cross-country;Primaire;Cross-country P6 F;;Primaire 6;Féminin;49;;;;;;0;;oui;s1:10x3;40714ebb-1a0a-4662-9180-847acae00cc9
2025 - 2026;s1;Montréal;Cross-country;Primaire;Cross-country P6 M;;Primaire 6;Masculin;49;;;;;;0;;oui;s1:10x3;7b96acab-edf7-4aae-a0ff-d715083f63a0
2025 - 2026;diffusion+s1;Montréal;Échecs;Secondaire;Échecs O U D3;D3;Ouvert;Mixte;6;;;;;;30;;oui;d:10x26 s1:10x26;45736650-5007-4b09-8831-da9f5d3ba473
2025 - 2026;diffusion+s1;Montréal;Échecs;Secondaire;Échecs O U D4 Niveau 1;D4;Ouvert;Mixte;6;;;;;;30;;oui;d:10x26 s1:10x26;5c6e15c0-024c-423c-9dc4-d76ad7116a6a
2025 - 2026;diffusion+s1;Montréal;Échecs;Secondaire;Échecs O U D4 Niveau 2;D4;Ouvert;Mixte;9;;;;;;36;;oui;d:10x26 s1:10x26;cb607d3f-425e-47fd-9193-945e9c0a9a5c
2025 - 2026;diffusion+s1;Montréal;Flag football;Secondaire;Flag football A F D3;D3;Atome;Féminin;9;27;27;0;0;0;27;;oui;d:10x4 s1:10x4;474c82b1-fd5c-4917-a668-54e556b915e6
2025 - 2026;diffusion+s1;Montréal;Flag football;Secondaire;Flag football A M D3;D3;Atome;Masculin;5;15;15;0;0;0;15;;oui;d:10x4 s1:10x4;a51d8809-2435-4f06-9a51-ad147e58821b
2025 - 2026;diffusion+s1;Montréal;Flag football;Secondaire;Flag football B F D3;D3;Benjamin;Féminin;4;15;12;3;0;0;15;;oui;d:10x4 s1:10x4;b75bd813-7fe3-44d5-bdfc-73a891251b2f
2025 - 2026;diffusion+s1;Montréal;Flag football;Secondaire;Flag football B F D3 AUTOMNE;D3;Benjamin;Féminin;4;12;12;0;0;0;12;;oui;d:10x4 s1:10x4;e6c63fab-e1b4-4095-9905-cb24b95420d5
2025 - 2026;diffusion+s1;Montréal;Flag football;Secondaire;Flag football B F D4 AUTOMNE 1;D4;Benjamin;Féminin;5;15;15;0;0;0;15;;oui;d:10x4 s1:10x4;5d9e4aa3-0404-4be7-a530-1259b760fbd6
2025 - 2026;diffusion+s1;Montréal;Flag football;Secondaire;Flag football B F D4 AUTOMNE 2;D4;Benjamin;Féminin;6;18;18;0;0;0;18;;oui;d:10x4 s1:10x4;8ac0528b-0e88-4008-8aba-3fd5b67b15e5
2025 - 2026;diffusion+s1;Montréal;Flag football;Secondaire;Flag football B F D4 Niveau 1;D4;Benjamin;Féminin;9;32;27;5;0;0;32;;oui;d:10x4 s1:10x4;951f9620-1474-49dd-af28-0ec6b9145c0c
2025 - 2026;diffusion+s1;Montréal;Flag football;Secondaire;Flag football B F D4 Niveau 2 SECTION 1;D4;Benjamin;Féminin;6;23;18;5;0;0;23;;oui;d:10x4 s1:10x4;5c8eb6fe-7216-472d-a81b-30ce805e250a
2025 - 2026;diffusion+s1;Montréal;Flag football;Secondaire;Flag football B F D4 Niveau 2 SECTION 2;D4;Benjamin;Féminin;6;23;18;5;0;0;18;;oui;d:10x4 s1:10x4;e9bacdb8-345f-4370-9901-d43e576ad035
2025 - 2026;diffusion+s1;Montréal;Flag football;Secondaire;Flag football B F D4 Niveau 3;D4;Benjamin;Féminin;6;21;18;3;0;0;21;;oui;d:10x4 s1:10x4;e1dc66d1-e960-46f5-a27b-17e750d71e3d
2025 - 2026;diffusion+s1;Montréal;Flag football;Secondaire;Flag football B M D3;D3;Benjamin;Masculin;9;32;27;5;0;0;32;;oui;d:10x4 s1:10x4;bfea9e20-9c95-45a8-9b8f-bf871933e909
2025 - 2026;diffusion+s1;Montréal;Flag football;Secondaire;Flag football B M D3 AUTOMNE;D3;Benjamin;Masculin;7;21;21;0;0;0;21;;oui;d:10x4 s1:10x4;0eee85a5-68eb-4e7e-9792-6e9af3656772
2025 - 2026;diffusion+s1;Montréal;Flag football;Secondaire;Flag football B M D4 Niveau 2 SECTION 1;D4;Benjamin;Masculin;6;23;18;5;0;0;23;;oui;d:10x4 s1:10x4;d8de5b49-484e-4e3b-9399-540b52cf7d9b
2025 - 2026;diffusion+s1;Montréal;Flag football;Secondaire;Flag football B M D4 Niveau 2 SECTION 2;D4;Benjamin;Masculin;6;23;18;5;0;0;18;;oui;d:10x4 s1:10x4;fa22e674-7abc-497d-b3ec-f069c2558412
2025 - 2026;diffusion+s1;Montréal;Flag football;Secondaire;Flag football B M D4 Niveau 3;D4;Benjamin;Masculin;7;24;21;3;0;0;24;;oui;d:10x4 s1:10x4;af15726d-5e93-4274-b6e7-5888c40e80e3
2025 - 2026;diffusion+s1;Montréal;Flag football;Secondaire;Flag football C F D3;D3;Cadet;Féminin;6;21;18;3;0;0;21;;oui;d:10x4 s1:10x4;4f11e0e6-ed15-4e84-856c-74acd37bd3d3
2025 - 2026;diffusion+s1;Montréal;Flag football;Secondaire;Flag football C F D3 AUTOMNE;D3;Cadet;Féminin;7;21;21;0;0;0;21;;oui;d:10x4 s1:10x4;abc12ce9-379e-4024-ad0c-24f95b1bf113
2025 - 2026;diffusion+s1;Montréal;Flag football;Secondaire;Flag football C F D4 Niveau 1 AUTOMNE;D4;Cadet;Féminin;7;21;21;0;0;0;21;;oui;d:10x4 s1:10x4;ce0c8de9-8469-48ca-8199-c0c588605e75
2025 - 2026;diffusion+s1;Montréal;Flag football;Secondaire;Flag football C F D4 Niveau 1 SECTION 1;D4;Cadet;Féminin;6;23;18;5;0;0;23;;oui;d:10x4 s1:10x4;bd1481d5-86fc-41b6-a5d1-85290478af4d
2025 - 2026;diffusion+s1;Montréal;Flag football;Secondaire;Flag football C F D4 Niveau 1 SECTION 2;D4;Cadet;Féminin;6;23;18;5;0;0;18;;oui;d:10x4 s1:10x4;bcba52db-520a-42e3-838c-7e5c6f3f2f1a
2025 - 2026;diffusion+s1;Montréal;Flag football;Secondaire;Flag football C F D4 Niveau 2 AUTOMNE;D4;Cadet;Féminin;9;27;27;0;0;0;27;;oui;d:10x4 s1:10x4;e8e58f9a-73cd-418a-a3de-ac65c03c36ff
2025 - 2026;diffusion+s1;Montréal;Flag football;Secondaire;Flag football C F D4 Niveau 2 SECTION 1;D4;Cadet;Féminin;6;23;18;5;0;0;23;;oui;d:10x4 s1:10x4;099a508c-a614-4d42-ab67-65bafc449318
2025 - 2026;diffusion+s1;Montréal;Flag football;Secondaire;Flag football C F D4 Niveau 2 SECTION 2;D4;Cadet;Féminin;6;23;18;5;0;0;18;;oui;d:10x4 s1:10x4;b7fb9e5c-5a1c-43e6-b09a-2215ae2ddfc1
2025 - 2026;diffusion+s1;Montréal;Flag football;Secondaire;Flag football C F D4 Niveau 3 SECTION 1;D4;Cadet;Féminin;6;23;18;5;0;0;23;;oui;d:10x4 s1:10x4;a2c5d4e3-e4d5-4d26-b6d8-61aa08b897ed
2025 - 2026;diffusion+s1;Montréal;Flag football;Secondaire;Flag football C F D4 Niveau 3 SECTION 2;D4;Cadet;Féminin;6;23;18;5;0;0;18;;oui;d:10x4 s1:10x4;a4586dd7-2a99-48bb-96c6-9f5272760b5a
2025 - 2026;diffusion+s1;Montréal;Flag football;Secondaire;Flag football C M D3;D3;Cadet;Masculin;5;18;15;3;0;0;18;;oui;d:10x4 s1:10x4;f2d9cc29-f952-4b76-87b8-c74343465848
2025 - 2026;diffusion+s1;Montréal;Flag football;Secondaire;Flag football C M D3 AUTOMNE;D3;Cadet;Masculin;5;15;15;0;0;0;15;;oui;d:10x4 s1:10x4;9c4086ef-57d9-4561-a185-bbdc6b9814e8
2025 - 2026;diffusion+s1;Montréal;Flag football;Secondaire;Flag football C M D4 Niveau 1;D4;Cadet;Masculin;7;24;21;3;0;0;24;;oui;d:10x4 s1:10x4;024a16f0-3339-4330-9a1a-b48c6a965f90
2025 - 2026;diffusion+s1;Montréal;Flag football;Secondaire;Flag football C M D4 Niveau 2 SECTION 1;D4;Cadet;Masculin;7;28;21;7;0;0;28;;oui;d:10x4 s1:10x4;b8789313-1d1e-42af-8eb0-a6e5bfe4f82d
2025 - 2026;diffusion+s1;Montréal;Flag football;Secondaire;Flag football C M D4 Niveau 2 SECTION 2;D4;Cadet;Masculin;6;25;18;7;0;0;18;;oui;d:10x4 s1:10x4;d1abd64e-c724-47cb-aa6a-19671aaa2af5
2025 - 2026;diffusion+s1;Montréal;Flag football;Secondaire;Flag football J F D3 + D4N1;;Juvénile;Féminin;9;32;27;5;0;0;32;;oui;d:10x4 s1:10x4;933b4a67-4180-43fd-a9b6-85ee4ac059d1
2025 - 2026;diffusion+s1;Montréal;Flag football;Secondaire;Flag football J F D3 AUTOMNE;D3;Juvénile;Féminin;6;18;18;0;0;0;18;;oui;d:10x4 s1:10x4;8e1f161a-6475-49d4-913d-fdeef23c19b2
2025 - 2026;diffusion+s1;Montréal;Flag football;Secondaire;Flag football J F D4 AUTOMNE Est;D4;Juvénile;Féminin;6;18;18;0;0;0;18;;oui;d:10x4 s1:10x4;dddfcdbf-08b6-4203-b686-a5fb51c80689
2025 - 2026;diffusion+s1;Montréal;Flag football;Secondaire;Flag football J F D4 AUTOMNE Ouest;D4;Juvénile;Féminin;5;15;15;0;0;0;15;;oui;d:10x4 s1:10x4;07c065c1-2c5f-4cc4-8aef-85c36ef114a4
2025 - 2026;diffusion+s1;Montréal;Flag football;Secondaire;Flag football J F D4 Niveau 2 SECTION 1;D4;Juvénile;Féminin;6;23;18;5;0;0;23;;oui;d:10x4 s1:10x4;6096a51c-1e14-4514-970c-32a4fcaf3b9f
2025 - 2026;diffusion+s1;Montréal;Flag football;Secondaire;Flag football J F D4 Niveau 2 SECTION 2;D4;Juvénile;Féminin;6;23;18;5;0;0;18;;oui;d:10x4 s1:10x4;38d2fef4-313f-4949-9116-bb253ba83e51
2025 - 2026;diffusion+s1;Montréal;Flag football;Secondaire;Flag football J F D4 Niveau 3 SECTION 1;D4;Juvénile;Féminin;5;20;15;5;0;0;20;;oui;d:10x4 s1:10x4;cc39f6ed-4834-4396-bd36-cca6c8238d64
2025 - 2026;diffusion+s1;Montréal;Flag football;Secondaire;Flag football J F D4 Niveau 3 SECTION 2;D4;Juvénile;Féminin;5;20;15;5;0;0;15;;oui;d:10x4 s1:10x4;05ff7192-f5eb-44ea-af17-44a5744f85fc
2025 - 2026;diffusion+s1;Montréal;Flag football;Secondaire;Flag football J M D3;D3;Juvénile;Masculin;4;15;12;3;0;0;15;;oui;d:10x4 s1:10x4;02859bae-b999-4a3a-8d94-d0f834cc3032
2025 - 2026;diffusion+s1;Montréal;Flag football;Secondaire;Flag football J M D3 AUTOMNE;D3;Juvénile;Masculin;7;21;21;0;0;0;21;;oui;d:10x4 s1:10x4;921ccd43-4b95-4545-b8f6-787fc57f4665
2025 - 2026;diffusion+s1;Montréal;Flag football;Secondaire;Flag football J M D4 Niveau 1;D4;Juvénile;Masculin;5;18;15;3;0;0;18;;oui;d:10x4 s1:10x4;82a88460-625e-4b0c-a33a-82243aeebe25
2025 - 2026;diffusion+s1;Montréal;Flag football;Secondaire;Flag football J M D4 Niveau 2 SECTION 1;D4;Juvénile;Masculin;7;26;21;5;0;0;26;;oui;d:10x4 s1:10x4;867507ae-ab82-4866-a93c-d18a153766a0
2025 - 2026;diffusion+s1;Montréal;Flag football;Secondaire;Flag football J M D4 Niveau 2 SECTION 2;D4;Juvénile;Masculin;7;26;21;5;0;0;21;;oui;d:10x4 s1:10x4;3ccfd1e1-62de-434e-b52e-5866cf23830e
2025 - 2026;diffusion+s1;Montréal;Flag football;Secondaire;Flag football J M D4 Niveau 3;D4;Juvénile;Masculin;8;29;24;5;0;0;29;;oui;d:10x4 s1:10x4;2eb5cb95-57b1-482b-b01e-a6784e4f132e
2025 - 2026;diffusion+s1;Montréal;Flag football;Primaire;Flag football M U Championnat régional - Compétitif;;Moustique;Mixte;6;;;;;;11;;oui;d:10x4 s1:10x4;298d0439-0767-4558-b824-c7af034c9e9c
2025 - 2026;diffusion+s1;Montréal;Flag football;Primaire;Flag football M U Championnat régional - Participatif Section 1;;Moustique;Mixte;10;;;;;;18;;oui;d:10x4 s1:10x4;ab0e1b1c-063a-4dd5-80ee-1f8dc6f1da9c
2025 - 2026;diffusion+s1;Montréal;Flag football;Primaire;Flag football M U Championnat régional - Participatif Section 2;;Moustique;Mixte;8;;;;;;14;;oui;d:10x4 s1:10x4;ad816494-5f73-4032-92e7-4287efb178ae
2025 - 2026;diffusion+s1;Montréal;Flag football;Primaire;Flag football M U Championnat régional - Récréatif Section 1;;Moustique;Mixte;6;;;;;;10;;oui;d:10x4 s1:10x4;495bbd98-4e0b-4f9a-b253-28af643c7da8
2025 - 2026;diffusion+s1;Montréal;Flag football;Primaire;Flag football M U Championnat Régional - Récréatif Section 2;;Moustique;Mixte;8;;;;;;14;;oui;d:10x4 s1:10x4;0874f16c-1fd0-45c9-bb00-68e4288e1ea6
2025 - 2026;s1;Montréal;Flag football;Primaire;Flag football M U Festival - Compétitif;;Moustique;Mixte;6;;;;;;0;;oui;s1:10x4;6da82955-3e05-4117-9bac-73be99ee9fcd
2025 - 2026;diffusion+s1;Montréal;Flag football;Primaire;Flag football M U Festival - Participatif;;Moustique;Mixte;12;;;;;;18;;oui;d:10x4 s1:10x4;2198a98a-fac1-4edc-af70-c380d287cad1
2025 - 2026;diffusion+s1;Montréal;Flag football;Primaire;Flag football M U Festival - Récréatif;;Moustique;Mixte;14;;;;;;21;;oui;d:10x4 s1:10x4;e15cbc43-b947-4670-9be3-b90fe0043139
2025 - 2026;diffusion+s1;Montréal;Futsal;Secondaire;Futsal A F D3;D3;Atome;Féminin;5;;;;;;33;;oui;d:10x30 s1:10x30;c51e5865-527c-4cae-a67d-70e59ec365c4
2025 - 2026;diffusion+s1;Montréal;Futsal;Secondaire;Futsal A M D3;D3;Atome;Masculin;9;;;;;;41;;oui;d:10x30 s1:10x30;f04c32ac-8cf2-47a7-b072-b699e01387a0
2025 - 2026;diffusion+s1;Montréal;Futsal;Secondaire;Futsal A M D4 Niveau 1;D4;Atome;Masculin;9;;;;;;41;;oui;d:10x30 s1:10x30;7c31594f-4568-4caa-8137-c16f22a3610f
2025 - 2026;diffusion+s1;Montréal;Futsal;Secondaire;Futsal A M D4 Niveau 2;D4;Atome;Masculin;8;;;;;;61;;oui;d:10x30 s1:10x30;1b1f4e40-5398-44d3-bc98-e42488fdab6f
2025 - 2026;diffusion+s1;Montréal;Futsal;Secondaire;Futsal A M D4 Niveau 3;D4;Atome;Masculin;7;;;;;;45;;oui;d:10x30 s1:10x30;f912cf53-a1a9-412b-85fb-743ac02cda43
2025 - 2026;diffusion+s1;Montréal;Futsal;Secondaire;Futsal B F D3 Ligue des champions;D3;Benjamin;Féminin;5;;;;;;23;;oui;d:10x30 s1:10x30;d0c3b3b9-9926-4fd4-9fcb-9279279b1868
2025 - 2026;diffusion+s1;Montréal;Futsal;Secondaire;Futsal B F D4 Niveau 1;D4;Benjamin;Féminin;6;;;;;;33;;oui;d:10x30 s1:10x30;4fcb7622-09e0-4f3a-941c-14c25b738b19
2025 - 2026;diffusion+s1;Montréal;Futsal;Secondaire;Futsal B F D4 Niveau 2;D4;Benjamin;Féminin;11;;;;;;60;;oui;d:10x30 s1:10x30;a4152748-e454-4fef-8e1f-b1b3b75377b0
2025 - 2026;diffusion+s1;Montréal;Futsal;Secondaire;Futsal B M D3;D3;Benjamin;Masculin;8;;;;;;61;;oui;d:10x30 s1:10x30;f530880c-e6de-440f-bf8f-4f822a56bf17
2025 - 2026;diffusion+s1;Montréal;Futsal;Secondaire;Futsal B M D4 Niveau 1 EST;D4;Benjamin;Masculin;10;;;;;;52;;oui;d:10x30 s1:10x30;0fbaeeb0-6a4a-4dce-b022-2c60c1738b63
2025 - 2026;diffusion+s1;Montréal;Futsal;Secondaire;Futsal B M D4 Niveau 1 OUEST;D4;Benjamin;Masculin;9;;;;;;36;;oui;d:10x30 s1:10x30;842119c4-059a-4bd7-899c-5e26ec1a0427
2025 - 2026;diffusion+s1;Montréal;Futsal;Secondaire;Futsal B M D4 Niveau 2;D4;Benjamin;Masculin;9;;;;;;41;;oui;d:10x30 s1:10x30;17a2beef-fe93-43c1-95b6-87508fba7912
2025 - 2026;diffusion+s1;Montréal;Futsal;Secondaire;Futsal B M D4 Niveau 3;D4;Benjamin;Masculin;9;;;;;;41;;oui;d:10x30 s1:10x30;fb5e17d8-349e-4106-9f3e-16241e579172
2025 - 2026;diffusion+s1;Montréal;Futsal;Secondaire;Futsal C F D4 Niveau 1;D4;Cadet;Féminin;7;;;;;;46;;oui;d:10x30 s1:10x30;1197c7f4-fe54-4a89-acf1-22fc7464dd68
2025 - 2026;diffusion+s1;Montréal;Futsal;Secondaire;Futsal C F D4 Niveau 2;D4;Cadet;Féminin;10;;;;;;50;;oui;d:10x30 s1:10x30;129037b7-221d-4996-bf0e-d1c6edd0a416
2025 - 2026;diffusion+s1;Montréal;Futsal;Secondaire;Futsal C M D3;D3;Cadet;Masculin;8;;;;;;61;;oui;d:10x30 s1:10x30;efd21229-22e6-4d97-948e-51bf16956093
2025 - 2026;diffusion+s1;Montréal;Futsal;Secondaire;Futsal C M D3 Ligue des champions;D3;Cadet;Masculin;7;;;;;;24;;oui;d:10x30 s1:10x30;fa22f2bd-c16a-4fa5-8cef-b4f361eff736
2025 - 2026;diffusion+s1;Montréal;Futsal;Secondaire;Futsal C M D4 Niveau 1;D4;Cadet;Masculin;14;;;;;;98;;oui;d:10x30 s1:10x30;ebdde45b-cd8b-44e8-8a99-e6d21c0da1c1
2025 - 2026;diffusion+s1;Montréal;Futsal;Secondaire;Futsal C M D4 Niveau 2;D4;Cadet;Masculin;13;;;;;;84;;oui;d:10x30 s1:10x30;0e9010d5-f819-4986-a734-f0e0d4ad7aa9
2025 - 2026;diffusion+s1;Montréal;Futsal;Secondaire;Futsal C M D4 Niveau 3;D4;Cadet;Masculin;9;;;;;;41;;oui;d:10x30 s1:10x30;e5e154e6-3d31-400a-88c4-79bd400a3911
2025 - 2026;diffusion+s1;Montréal;Futsal;Primaire;Futsal Co M Festival - Récréatif;;Colibri;Masculin;4;;;;;;6;;oui;d:10x30 s1:10x30;0d93a2fa-0a70-4e1a-aeb3-6ffb4c66ea78
2025 - 2026;diffusion+s1;Montréal;Futsal;Secondaire;Futsal J F D3;D3;Juvénile;Féminin;4;;;;;;21;;oui;d:10x30 s1:10x30;f7627f13-eaf5-463b-b87d-ee6363ea72c8
2025 - 2026;diffusion+s1;Montréal;Futsal;Secondaire;Futsal J F D3 Ligue des champions;D3;Juvénile;Féminin;7;;;;;;24;;oui;d:10x30 s1:10x30;057195a5-6e2f-45e1-9685-d6107a598644
2025 - 2026;diffusion+s1;Montréal;Futsal;Secondaire;Futsal J F D4 Niveau 1;D4;Juvénile;Féminin;7;;;;;;47;;oui;d:10x30 s1:10x30;9311dcd0-f597-4781-8ec8-d60c73e0e6cc
2025 - 2026;diffusion+s1;Montréal;Futsal;Secondaire;Futsal J F D4 Niveau 2;D4;Juvénile;Féminin;5;;;;;;33;;oui;d:10x30 s1:10x30;6e6faa34-8078-4f52-9e26-60576da748f0
2025 - 2026;diffusion+s1;Montréal;Futsal;Secondaire;Futsal J M D3;D3;Juvénile;Masculin;8;;;;;;61;;oui;d:10x30 s1:10x30;8ed91d24-193e-48d4-b9dc-c622fac3fc75
2025 - 2026;diffusion+s1;Montréal;Futsal;Secondaire;Futsal J M D3 Ligue des champions Groupe A;D3;Juvénile;Masculin;6;;;;;;20;;oui;d:10x30 s1:10x30;457559d5-9804-41ea-bdb3-9a323400225d
2025 - 2026;diffusion+s1;Montréal;Futsal;Secondaire;Futsal J M D3 Ligue des champions Groupe B;D3;Juvénile;Masculin;6;;;;;;15;;oui;d:10x30 s1:10x30;1ac284d4-e2cd-474c-95f1-abd38ae53d03
2025 - 2026;diffusion+s1;Montréal;Futsal;Secondaire;Futsal J M D4 Niveau 1;D4;Juvénile;Masculin;11;;;;;;60;;oui;d:10x30 s1:10x30;c4a2eada-282e-4c8b-ab81-1374f3211cff
2025 - 2026;diffusion+s1;Montréal;Futsal;Secondaire;Futsal J M D4 Niveau 2;D4;Juvénile;Masculin;9;;;;;;40;;oui;d:10x30 s1:10x30;816fa260-5713-4420-855e-c8a78f9a1fb8
2025 - 2026;diffusion+s1;Montréal;Futsal;Secondaire;Futsal J M D4 Niveau 3;D4;Juvénile;Masculin;8;;;;;;61;;oui;d:10x30 s1:10x30;bcb7253f-4098-4211-b4c7-87282c9232a3
2025 - 2026;diffusion+s1;Montréal;Futsal;Primaire;Futsal M F Championnat régional - Compétitif;;Moustique;Féminin;8;;;;;;14;;oui;d:10x30 s1:10x30;f027c7c8-450c-4528-ba00-3e8be83cab64
2025 - 2026;diffusion+s1;Montréal;Futsal;Primaire;Futsal M F Championnat régional - Récréatif;;Moustique;Féminin;4;;;;;;6;;oui;d:10x30 s1:10x30;e805cc59-702c-4f0e-b217-b07c77240f0b
2025 - 2026;diffusion+s1;Montréal;Futsal;Primaire;Futsal M F Festival -  Compétitif/Participatif;;Moustique;Féminin;5;;;;;;8;;oui;d:10x30 s1:10x30;4990227c-821f-4ba3-b464-7e763e694c0f
2025 - 2026;diffusion+s1;Montréal;Futsal;Primaire;Futsal M F Festival - Récréatif;;Moustique;Féminin;6;;;;;;9;;oui;d:10x30 s1:10x30;615e75c1-fe0d-4994-a51f-8db9f1c831dc
2025 - 2026;diffusion+s1;Montréal;Futsal;Primaire;Futsal M M Championnat régional - Compétitif;;Moustique;Masculin;8;;;;;;14;;oui;d:10x30 s1:10x30;b0d98061-c4b0-468a-b532-2c3696b17115
2025 - 2026;diffusion+s1;Montréal;Futsal;Primaire;Futsal M M Championnat régional - Participatif section 1;;Moustique;Masculin;9;;;;;;16;;oui;d:10x30 s1:10x30;002deb02-27e3-4d73-ab91-88d34529f999
2025 - 2026;diffusion+s1;Montréal;Futsal;Primaire;Futsal M M Championnat régional - Participatif section 2;;Moustique;Masculin;12;;;;;;20;;oui;d:10x30 s1:10x30;e9c17949-191b-425d-8eeb-5f78794f1a57
2025 - 2026;diffusion+s1;Montréal;Futsal;Primaire;Futsal M M Championnat régional - Récréatif;;Moustique;Masculin;9;;;;;;14;;oui;d:10x30 s1:10x30;898147fd-6472-4c21-8149-4854cc78bb24
2025 - 2026;diffusion+s1;Montréal;Futsal;Primaire;Futsal M M Festival - Compétitif;;Moustique;Masculin;6;;;;;;9;;oui;d:10x30 s1:10x30;c5e52c6d-a4cc-4a4c-9a2b-b29430e69d89
2025 - 2026;diffusion+s1;Montréal;Futsal;Primaire;Futsal M M Festival - Participatif;;Moustique;Masculin;11;;;;;;17;;oui;d:10x30 s1:10x30;56d42d3a-1de5-4091-b1db-d10e51704abf
2025 - 2026;diffusion+s1;Montréal;Futsal;Primaire;Futsal M M Festival - Récréatif;;Moustique;Masculin;4;;;;;;6;;oui;d:10x30 s1:10x30;96699b86-17c7-463d-9ed4-e8ee01969427
2025 - 2026;diffusion+s1;Montréal;Hockey cosom;Primaire;Hockey cosom Co M Festival - Récréatif;;Colibri;Masculin;6;;;;;;9;;oui;d:10x7 s1:10x7;25684bf8-be0c-42d2-86a8-6ddbf2f5620c
2025 - 2026;diffusion+s1;Montréal;Hockey cosom;Primaire;Hockey cosom M F Championnat régional - Participatif;;Moustique;Féminin;6;;;;;;9;;oui;d:10x7 s1:10x7;71aba578-10cd-4ec9-9949-0ddc6d78bf29
2025 - 2026;diffusion+s1;Montréal;Hockey cosom;Primaire;Hockey cosom M M Championnat régional - Compétitif;;Moustique;Masculin;9;;;;;;16;;oui;d:10x7 s1:10x7;32d0f4c6-e5dd-475a-9b47-298cb433c9d8
2025 - 2026;diffusion+s1;Montréal;Hockey cosom;Primaire;Hockey cosom M M Championnat régional - Participatif;;Moustique;Masculin;6;;;;;;9;;oui;d:10x7 s1:10x7;d9e4afb3-01d9-45f1-a8f4-220777ef4c22
2025 - 2026;s1;Montréal;Hockey;Secondaire;Hockey M14 M D3;D3;M14;Masculin;15;0;0;0;0;0;0;;oui;s1:10x9;9a415b18-b6ee-48fb-9da2-fb5d83e5670d
2025 - 2026;s1;Montréal;Hockey;Secondaire;Hockey M15 M D3 EST;D3;M15;Masculin;9;0;0;0;0;0;0;;oui;s1:10x9;ea6c69b4-4a84-4f99-8a45-4cd1e745e7f7
2025 - 2026;s1;Montréal;Hockey;Secondaire;Hockey M15 M D3 OUEST;D3;M15;Masculin;10;0;0;0;0;0;0;;oui;s1:10x9;a1c6bdaa-7ec6-4d08-b1e2-c7dc1021b8eb
2025 - 2026;s1;Montréal;Hockey;Secondaire;Hockey M18 M D3;D3;M18;Masculin;11;0;0;0;0;0;0;;oui;s1:10x9;822fbd2f-3bc3-4fa7-b424-8606ac42fe55
2025 - 2026;diffusion+s1;Montréal;Improvisation;Secondaire;Improvisation B U D3;D3;Benjamin;Mixte;11;;;;;;62;;oui;d:10x27 s1:10x27;965a79d4-b753-423b-9b44-36d2bfba98a2
2025 - 2026;diffusion+s1;Montréal;Improvisation;Secondaire;Improvisation B U D4;D4;Benjamin;Mixte;8;;;;;;33;;oui;d:10x27 s1:10x27;41d05c0c-390f-44da-babd-b0671a8b9059
2025 - 2026;diffusion+s1;Montréal;Improvisation;Secondaire;Improvisation C U D3;D3;Cadet;Mixte;6;;;;;;33;;oui;d:10x27 s1:10x27;bb178424-442a-4e54-85ee-a99fd7b4b35f
2025 - 2026;diffusion+s1;Montréal;Improvisation;Secondaire;Improvisation C U D4 Est;D4;Cadet;Mixte;7;;;;;;42;;oui;d:10x27 s1:10x27;b134856b-ebee-4067-8c8e-76544384b3a3
2025 - 2026;diffusion+s1;Montréal;Improvisation;Secondaire;Improvisation C U D4 Ouest;D4;Cadet;Mixte;7;;;;;;35;;oui;d:10x27 s1:10x27;70511fc4-14ef-4337-9890-a0fe9ef0c060
2025 - 2026;diffusion+s1;Montréal;Improvisation;Secondaire;Improvisation J U D3;D3;Juvénile;Mixte;7;;;;;;38;;oui;d:10x27 s1:10x27;0dd00c38-87a6-41e8-8510-bf0c4a8a3558
2025 - 2026;diffusion+s1;Montréal;Improvisation;Secondaire;Improvisation J U D4;D4;Juvénile;Mixte;11;;;;;;62;;oui;d:10x27 s1:10x27;4eaae0eb-5a8b-4519-a119-03498b35e0ac
2025 - 2026;diffusion+s1;Montréal;Natation;Secondaire;Natation B F D3;D3;Benjamin;Féminin;11;0;0;0;0;0;0;;oui;d:10x10 s1:10x10;329ddb4d-de63-49cc-ab14-e4da0357b763
2025 - 2026;diffusion+s1;Montréal;Natation;Secondaire;Natation B F D4;D4;Benjamin;Féminin;11;0;0;0;0;0;0;;oui;d:10x10 s1:10x10;6d206a1e-1c2f-423c-86e0-45483739a0cf
2025 - 2026;diffusion+s1;Montréal;Natation;Secondaire;Natation B M D3;D3;Benjamin;Masculin;7;0;0;0;0;0;0;;oui;d:10x10 s1:10x10;c3239c1e-567a-4021-9afc-bf439810501b
2025 - 2026;diffusion+s1;Montréal;Natation;Secondaire;Natation B M D4;D4;Benjamin;Masculin;8;0;0;0;0;0;0;;oui;d:10x10 s1:10x10;477470c5-1bc1-4870-b2c5-4852d7bf9be1
2025 - 2026;diffusion+s1;Montréal;Natation;Secondaire;Natation C F D3;D3;Cadet;Féminin;8;0;0;0;0;0;0;;oui;d:10x10 s1:10x10;d3648382-73e9-4d4b-b149-ecf1c76d1012
2025 - 2026;diffusion+s1;Montréal;Natation;Secondaire;Natation C F D4;D4;Cadet;Féminin;9;0;0;0;0;0;0;;oui;d:10x10 s1:10x10;dca6f160-6cdd-470a-8769-27b85c5f14da
2025 - 2026;diffusion+s1;Montréal;Natation;Secondaire;Natation C M D3;D3;Cadet;Masculin;8;0;0;0;0;0;0;;oui;d:10x10 s1:10x10;64fc4cc1-aa49-4a0c-9784-adf0ca13210f
2025 - 2026;diffusion+s1;Montréal;Natation;Secondaire;Natation C M D4;D4;Cadet;Masculin;7;0;0;0;0;0;0;;oui;d:10x10 s1:10x10;d3695836-3d8c-4b51-b9e1-036f59651da6
2025 - 2026;diffusion+s1;Montréal;Natation;Secondaire;Natation J F D3;D3;Juvénile;Féminin;6;0;0;0;0;0;0;;oui;d:10x10 s1:10x10;38edc43d-719e-4897-a9df-f91df474694d
2025 - 2026;diffusion+s1;Montréal;Natation;Secondaire;Natation J F D4;D4;Juvénile;Féminin;6;0;0;0;0;0;0;;oui;d:10x10 s1:10x10;ea0971de-8fc7-4979-affb-f949ef82ac5a
2025 - 2026;diffusion+s1;Montréal;Natation;Secondaire;Natation J M D3;D3;Juvénile;Masculin;7;0;0;0;0;0;0;;oui;d:10x10 s1:10x10;9a4f6b7c-19c6-4c7d-96df-b8be7ab253e0
2025 - 2026;diffusion+s1;Montréal;Natation;Secondaire;Natation J M D4;D4;Juvénile;Masculin;6;0;0;0;0;0;0;;oui;d:10x10 s1:10x10;bf7a7ce1-61f8-4d60-8b5e-081790419dd8
2025 - 2026;diffusion+s1;Montréal;Soccer;Primaire;Soccer M F Championnat régional - Féminin Compétitif;;Moustique;Féminin;4;;;;;;8;;oui;d:10x13 s1:10x13;f1da3011-4d34-4ff7-b62e-a6feeb767bdc
2025 - 2026;diffusion+s1;Montréal;Soccer;Primaire;Soccer M M Championnat régional - Masculin Compétitif;;Moustique;Masculin;6;;;;;;9;;oui;d:10x13 s1:10x13;961ea030-b44c-42eb-bd61-c4cb1b25bfd2
2025 - 2026;diffusion+s1;Montréal;Soccer;Primaire;Soccer M M Championnat régional - Masculin Participatif;;Moustique;Masculin;4;;;;;;8;;oui;d:10x13 s1:10x13;b9381b35-3c2f-4fd3-9b41-c5f1df79044f
2025 - 2026;diffusion+s1;Montréal;Soccer;Primaire;Soccer M M Championnat régional - Masculin Récréatif;;Moustique;Masculin;4;;;;;;7;;oui;d:10x13 s1:10x13;602618e0-437a-48ce-9987-b4e150f010bf
2025 - 2026;s1;Montréal;Tennis de table;Secondaire;Tennis de table O F Compétitif;;Ouvert;Féminin;0;0;0;0;0;0;0;;oui;s1:10x47;c71c5757-cd6d-4371-a248-b50a4905ebb4
2025 - 2026;s1;Montréal;Tennis de table;Secondaire;Tennis de table O F Participatif;;Ouvert;Féminin;0;0;0;0;0;0;0;;oui;s1:10x47;013cd684-f092-45da-a3ff-7b23d0d8faf3
2025 - 2026;s1;Montréal;Tennis de table;Secondaire;Tennis de table O F Récréatif;;Ouvert;Féminin;0;0;0;0;0;0;0;;oui;s1:10x47;1671d33f-623d-47a1-bb17-cc51c58ec7c0
2025 - 2026;s1;Montréal;Tennis de table;Secondaire;Tennis de table O M Compétitif;;Ouvert;Masculin;2;0;0;0;0;0;0;;oui;s1:10x47;9d8e7bff-f88b-4a6a-9727-67e3419505eb
2025 - 2026;s1;Montréal;Tennis de table;Secondaire;Tennis de table O M Participatif;;Ouvert;Masculin;4;0;0;0;0;0;0;;oui;s1:10x47;08badbed-ca43-4739-beb5-e6b6e802b8cd
2025 - 2026;s1;Montréal;Tennis de table;Secondaire;Tennis de table O M Récréatif;;Ouvert;Masculin;2;0;0;0;0;0;0;;oui;s1:10x47;a6170d4a-6e31-478a-b97e-3aeb86697b05
2025 - 2026;diffusion+s1;Montréal;Ultimate;Secondaire;Ultimate C M D3 FESTIVAL;D3;Cadet;Masculin;4;;;;;;6;;oui;d:10x25 s1:10x25;152a50b1-2731-4a8e-98f5-6593401e9e56
2025 - 2026;s1;Montréal;Ultimate;Secondaire;Ultimate C M D3 FESTIVAL #2;D3;Cadet;Masculin;5;9;9;0;0;0;0;;oui;s1:10x25;5f0a1cec-e69c-4b1e-b616-70b581e439e0
2025 - 2026;diffusion+s1;Montréal;Ultimate;Secondaire;Ultimate C U D3 FESTIVAL;D3;Cadet;Mixte;4;;;;;;6;;oui;d:10x25 s1:10x25;5cf6d1e9-48f7-4fc9-aed7-940476c71b41
2025 - 2026;diffusion+s1;Montréal;Ultimate;Secondaire;Ultimate C U D3 FESTIVAL #2;D3;Cadet;Mixte;5;;;;;;9;;oui;d:10x25 s1:10x25;4cf80a04-369c-4f02-af98-d6b29018d72b
2025 - 2026;s1;Montréal;Ultimate;Secondaire;Ultimate J M D3 FESTIVAL #2;D3;Juvénile;Masculin;0;0;0;0;0;0;0;;oui;s1:10x25;5ce5ffbd-4fa8-45f5-8701-9671a1cd16b4
2025 - 2026;diffusion+s1;Montréal;Ultimate;Secondaire;Ultimate J U D3 FESTIVAL;D3;Juvénile;Mixte;4;;;;;;6;;oui;d:10x25 s1:10x25;9eb080cd-e054-4efc-bbab-ad288eff19d5
2025 - 2026;s1;Montréal;Ultimate;Secondaire;Ultimate J U D3 FESTIVAL #2;D3;Juvénile;Mixte;5;0;0;0;0;0;0;;oui;s1:10x25;7870a38c-f534-4595-b866-8c0985e4e203
2025 - 2026;s1;Montréal;Ultimate;Primaire;Ultimate M U Festival - participatif;;Moustique;Mixte;2;;;;;;0;;oui;s1:10x25;b4f65af7-ba04-4627-8172-4ec04087544a
2025 - 2026;diffusion+s1;Montréal;Volleyball;Secondaire;Volleyball A F D3;D3;Atome;Féminin;10;;;;;;60;;oui;d:10x16 s1:10x16;51535ecb-e637-4397-99d8-8447571a9907
2025 - 2026;diffusion+s1;Montréal;Volleyball;Secondaire;Volleyball A F D4 Niveau 1;D4;Atome;Féminin;7;;;;;;38;;oui;d:10x16 s1:10x16;c358e19f-b0b5-4ec3-b3bc-887a6a1286bd
2025 - 2026;diffusion+s1;Montréal;Volleyball;Secondaire;Volleyball A F D4 Niveau 2;D4;Atome;Féminin;13;;;;;;72;;oui;d:10x16 s1:10x16;c9555636-35b5-40d1-a49f-ba440d395fe8
2025 - 2026;diffusion+s1;Montréal;Volleyball;Secondaire;Volleyball B F D3;D3;Benjamin;Féminin;11;;;;;;71;;oui;d:10x16 s1:10x16;74b4022b-323d-4b31-a0cd-39cf94440b01
2025 - 2026;diffusion+s1;Montréal;Volleyball;Secondaire;Volleyball B F D4 Niveau 1;D4;Benjamin;Féminin;5;;;;;;33;;oui;d:10x16 s1:10x16;89d8676a-a50f-4700-a451-3b618b8e9375
2025 - 2026;diffusion+s1;Montréal;Volleyball;Secondaire;Volleyball B F D4 Niveau 2;D4;Benjamin;Féminin;11;;;;;;60;;oui;d:10x16 s1:10x16;52e9bc9e-6cc4-425b-a24f-477d4a19d27a
2025 - 2026;diffusion+s1;Montréal;Volleyball;Secondaire;Volleyball B F D4 Niveau 3;D4;Benjamin;Féminin;13;;;;;;72;;oui;d:10x16 s1:10x16;a056f5e5-b8aa-4f56-b757-3e0c44546550
2025 - 2026;diffusion+s1;Montréal;Volleyball;Secondaire;Volleyball B M D3;D3;Benjamin;Masculin;6;;;;;;33;;oui;d:10x16 s1:10x16;e9b489c9-b667-4d5f-b5a8-3061d1457c1c
2025 - 2026;diffusion+s1;Montréal;Volleyball;Secondaire;Volleyball B M D4;D4;Benjamin;Masculin;5;;;;;;28;;oui;d:10x16 s1:10x16;a67a4ca7-977a-4bb7-859f-68394d52e58e
2025 - 2026;diffusion+s1;Montréal;Volleyball;Secondaire;Volleyball C F D3;D3;Cadet;Féminin;12;;;;;;89;;oui;d:10x16 s1:10x16;af3694ef-a191-4083-bc19-74097dd55e9f
2025 - 2026;diffusion+s1;Montréal;Volleyball;Secondaire;Volleyball C F D4 Niveau 1;D4;Cadet;Féminin;12;;;;;;89;;oui;d:10x16 s1:10x16;c86e81a4-f455-4996-85e0-c9f2c7a7263d
2025 - 2026;diffusion+s1;Montréal;Volleyball;Secondaire;Volleyball C F D4 Niveau 2;D4;Cadet;Féminin;11;;;;;;60;;oui;d:10x16 s1:10x16;ae29d213-9235-4e41-8d07-9445667932a5
2025 - 2026;diffusion+s1;Montréal;Volleyball;Secondaire;Volleyball C F D4 Niveau 3 EST;D4;Cadet;Féminin;9;;;;;;43;;oui;d:10x16 s1:10x16;6d5d558a-ecc6-4299-9226-635d622e4bf7
2025 - 2026;diffusion+s1;Montréal;Volleyball;Secondaire;Volleyball C F D4 Niveau 3 OUEST;D4;Cadet;Féminin;9;;;;;;36;;oui;d:10x16 s1:10x16;e0a69206-9b53-4d51-a566-a71ef3dcf30c
2025 - 2026;diffusion+s1;Montréal;Volleyball;Secondaire;Volleyball C M D3;D3;Cadet;Masculin;5;;;;;;28;;oui;d:10x16 s1:10x16;8430cd57-13ec-4467-8ed7-dea28b55a98f
2025 - 2026;diffusion+s1;Montréal;Volleyball;Secondaire;Volleyball C M D4;D4;Cadet;Masculin;7;;;;;;38;;oui;d:10x16 s1:10x16;001778cc-d22d-4f97-9ace-2d50ac389ba6
2025 - 2026;diffusion+s1;Montréal;Volleyball;Secondaire;Volleyball J F D3;D3;Juvénile;Féminin;10;;;;;;70;;oui;d:10x16 s1:10x16;f80140a0-c346-4f46-b419-0f791a15d8bc
2025 - 2026;diffusion+s1;Montréal;Volleyball;Secondaire;Volleyball J F D4 Niveau 1;D4;Juvénile;Féminin;10;;;;;;70;;oui;d:10x16 s1:10x16;51728ff1-a63b-48a2-a534-185d5aa17100
2025 - 2026;diffusion+s1;Montréal;Volleyball;Secondaire;Volleyball J F D4 Niveau 2;D4;Juvénile;Féminin;11;;;;;;60;;oui;d:10x16 s1:10x16;dca67607-cff1-48e2-972f-89267b19ce5c
2025 - 2026;diffusion+s1;Montréal;Volleyball;Secondaire;Volleyball J F D4 Niveau 3;D4;Juvénile;Féminin;8;;;;;;45;;oui;d:10x16 s1:10x16;c706b950-8ba9-4c03-8863-8ae2b6294251
2025 - 2026;diffusion+s1;Montréal;Volleyball;Secondaire;Volleyball J M D3;D3;Juvénile;Masculin;6;;;;;;33;;oui;d:10x16 s1:10x16;a301ebce-e3ac-45b5-9741-5e87d3666242
2025 - 2026;diffusion+s1;Montréal;Volleyball;Secondaire;Volleyball J M D4 section 1;D4;Juvénile;Masculin;8;;;;;;47;;oui;d:10x16 s1:10x16;b3147595-0612-4d1f-80f9-175be8ead6a0
2025 - 2026;diffusion+s1;Montréal;Volleyball;Secondaire;Volleyball J M D4 section 2;D4;Juvénile;Masculin;7;;;;;;35;;oui;d:10x16 s1:10x16;012ef3fb-66e0-4e9a-81e0-c9fd7417d09a
2025 - 2026;diffusion+s1;Montréal;Volleyball;Primaire;Volleyball M F Championnat régional - Participatif;;Moustique;Féminin;16;;;;;;28;;oui;d:10x16 s1:10x16;d597b25b-0abf-4b5e-9b72-2f1885fa8196
2025 - 2026;diffusion+s1;Montréal;Volleyball;Primaire;Volleyball M F Championnat régional - Récréatif Section 1;;Moustique;Féminin;9;;;;;;15;;oui;d:10x16 s1:10x16;bcc7808c-eaf7-4af7-9cd0-cb5cf75a1d5b
2025 - 2026;diffusion+s1;Montréal;Volleyball;Primaire;Volleyball M F Championnat régional - Récréatif Section 2;;Moustique;Féminin;12;;;;;;19;;oui;d:10x16 s1:10x16;11280f68-d3ac-4760-bc6f-eecd8a5dfeba
2025 - 2026;diffusion+s1;Montréal;Volleyball;Primaire;Volleyball M F Festival - Participatif;;Moustique;Féminin;8;;;;;;12;;oui;d:10x16 s1:10x16;0af41209-1d0b-435a-8d7f-d5be28e5ec50
2025 - 2026;diffusion+s1;Montréal;Volleyball;Primaire;Volleyball M F Festival - Récréatif;;Moustique;Féminin;4;;;;;;6;;oui;d:10x16 s1:10x16;4a4c2ecd-86aa-4697-af60-c1d198f385db
2025 - 2026;diffusion+s1;Montréal;Volleyball;Primaire;Volleyball M M Championnat régional - Participatif;;Moustique;Masculin;9;;;;;;16;;oui;d:10x16 s1:10x16;4481ffad-b80d-435f-bb7d-dc220302440e
2025 - 2026;s1;Montréal;Volleyball;Primaire;Volleyball M M Championnat régional - Récéatif;;Moustique;Masculin;0;;;;;;0;;oui;s1:10x16;854c9f12-fd51-4ccd-9646-bc1f915ad732
2025 - 2026;diffusion+s1;Montréal;Volleyball;Primaire;Volleyball M M Festival - Participatif;;Moustique;Masculin;5;;;;;;8;;oui;d:10x16 s1:10x16;9cf8de0d-9671-4301-af2d-e6746f3ba141
2025 - 2026;s1;Montréal;Volleyball;Primaire;Volleyball M M Festival - Récéatif;;Moustique;Masculin;0;;;;;;0;;oui;s1:10x16;9ce9db98-f180-4a5e-8917-2948942d97be
2025 - 2026;s1;Montréal;Volleyball;Primaire;Volleyball M U Championnat régional - Participatif;;Moustique;Mixte;0;;;;;;0;;oui;s1:10x16;5edfb905-7bed-4331-889c-c17289d46318
2025 - 2026;diffusion+s1;Montréal;Volleyball;Primaire;Volleyball M U Championnat régional - Récréatif;;Moustique;Mixte;8;;;;;;13;;oui;d:10x16 s1:10x16;5a07b85a-193e-42d7-85d7-0c23da1d930e
2025 - 2026;s1;Montréal;Volleyball;Primaire;Volleyball M U Festival - Participatif;;Moustique;Mixte;0;;;;;;0;;oui;s1:10x16;86aad55f-9672-4541-834f-536b22006a19
2025 - 2026;diffusion+s1;Montréal;Volleyball;Primaire;Volleyball M U Festival - Récréatif;;Moustique;Mixte;10;;;;;;15;;oui;d:10x16 s1:10x16;6ae6cea9-7667-4865-9069-1db17eab8fab
2025 - 2026;s1;Outaouais;100% filles;Primaire;100% filles Co F;;Colibri;Féminin;1;;;;;;0;;oui;s1:11x49;676ec715-58f9-49d6-87e3-87acd77909d1
2025 - 2026;s1;Outaouais;100% filles;Primaire;100% filles M F;;Moustique;Féminin;2;;;;;;0;;oui;s1:11x49;fd647d77-b90d-46ac-97e9-754aa3f08c47
2025 - 2026;s1;Outaouais;100% filles;Primaire;100% filles P F Activité régionale - 27 mars 2026;;Primaire;Féminin;2;;;;;;0;;oui;s1:11x49;fe95d07a-ac98-4ca2-8f15-a5c21b362f44
2025 - 2026;s1;Outaouais;100% gars;Primaire;100% gars Co M;;Colibri;Masculin;1;;;;;;0;;oui;s1:11x50;d9e8d472-1b96-4406-88b8-c48e7af6c3bb
2025 - 2026;s1;Outaouais;100% gars;Primaire;100% gars M M;;Moustique;Masculin;2;;;;;;0;;oui;s1:11x50;1a145198-5cd8-41be-b81c-d0a9c8a984f7
2025 - 2026;s1;Outaouais;100% gars;Primaire;100% gars P M Activité régionale - 27 mars 2026;;Primaire;Masculin;2;;;;;;0;;oui;s1:11x50;5c582566-079a-440a-9122-323091dd20d2
2025 - 2026;s1;Outaouais;Athlétisme;Secondaire;Athlétisme B F;;Benjamin;Féminin;18;0;0;0;0;0;0;;oui;s1:11x0;aec2627c-f116-4f52-a166-8b6db22c76dc
2025 - 2026;s1;Outaouais;Athlétisme;Secondaire;Athlétisme B M;;Benjamin;Masculin;15;0;0;0;0;0;0;;oui;s1:11x0;84e3ad65-b03a-4167-918f-ce3507ff62d5
2025 - 2026;s1;Outaouais;Athlétisme;Secondaire;Athlétisme C F;;Cadet;Féminin;20;0;0;0;0;0;0;;oui;s1:11x0;84da9470-2e04-4f23-a4e5-a7a6777057d4
2025 - 2026;s1;Outaouais;Athlétisme;Secondaire;Athlétisme C M;;Cadet;Masculin;18;0;0;0;0;0;0;;oui;s1:11x0;8f60b424-db26-4734-ab50-91d7ab1fc467
2025 - 2026;s1;Outaouais;Athlétisme;Secondaire;Athlétisme J F;;Juvénile;Féminin;18;0;0;0;0;0;0;;oui;s1:11x0;0292f8d2-7200-4539-9c76-a9f526ca4512
2025 - 2026;s1;Outaouais;Athlétisme;Secondaire;Athlétisme J M;;Juvénile;Masculin;19;0;0;0;0;0;0;;oui;s1:11x0;5cdda988-ad67-42fe-87dc-899f0e2bb221
2025 - 2026;s1;Outaouais;Athlétisme;Primaire;Athlétisme P3 F;;Primaire 3;Féminin;27;;;;;;0;;oui;s1:11x0;b3be193a-8f22-4121-b028-4e40e0a9ffa0
2025 - 2026;s1;Outaouais;Athlétisme;Primaire;Athlétisme P3 M;;Primaire 3;Masculin;28;;;;;;0;;oui;s1:11x0;ad4cd181-09fe-4705-84b5-2d57a974dfdd
2025 - 2026;s1;Outaouais;Athlétisme;Primaire;Athlétisme P4 F;;Primaire 4;Féminin;32;;;;;;0;;oui;s1:11x0;8077b48f-3242-4bca-94dc-d02b5a927017
2025 - 2026;s1;Outaouais;Athlétisme;Primaire;Athlétisme P4 M;;Primaire 4;Masculin;38;;;;;;0;;oui;s1:11x0;bae5ae8c-b652-4908-8629-b589ba696f9f
2025 - 2026;s1;Outaouais;Athlétisme;Primaire;Athlétisme P5 F;;Primaire 5;Féminin;41;;;;;;0;;oui;s1:11x0;78d977f1-4a68-4e0a-9f2e-ac4d55f746ed
2025 - 2026;s1;Outaouais;Athlétisme;Primaire;Athlétisme P5 M;;Primaire 5;Masculin;40;;;;;;0;;oui;s1:11x0;649e80a5-949f-4080-9908-14e3798bd7fb
2025 - 2026;s1;Outaouais;Athlétisme;Primaire;Athlétisme P6 F;;Primaire 6;Féminin;42;;;;;;0;;oui;s1:11x0;7f4eaa3e-9bc7-4b6a-b731-0c449ee7f94a
2025 - 2026;s1;Outaouais;Athlétisme;Primaire;Athlétisme P6 M;;Primaire 6;Masculin;42;;;;;;0;;oui;s1:11x0;d9210df4-2ab6-47bd-a208-21d4e6d261aa
2025 - 2026;s1;Outaouais;Badminton;Secondaire;Badminton B F D3;D3;Benjamin;Féminin;19;0;0;0;0;0;0;;oui;s1:11x18;9a41f4bf-9bfd-4801-9bd7-cdad25fc6e5b
2025 - 2026;s1;Outaouais;Badminton;Secondaire;Badminton B M D3;D3;Benjamin;Masculin;16;0;0;0;0;0;0;;oui;s1:11x18;d5d5fd97-54fb-472d-99b9-987cd282d537
2025 - 2026;s1;Outaouais;Badminton;Secondaire;Badminton C F D3;D3;Cadet;Féminin;11;0;0;0;0;0;0;;oui;s1:11x18;5db632f7-bcb4-4164-b3fe-536ed261be55
2025 - 2026;s1;Outaouais;Badminton;Secondaire;Badminton C M D3;D3;Cadet;Masculin;11;0;0;0;0;0;0;;oui;s1:11x18;0d01283e-0e07-4a0d-abd9-55af580f2a18
2025 - 2026;s1;Outaouais;Badminton;Secondaire;Badminton J F D3;D3;Juvénile;Féminin;11;0;0;0;0;0;0;;oui;s1:11x18;f0162752-46cf-48e0-a35e-b42b3956c59a
2025 - 2026;s1;Outaouais;Badminton;Secondaire;Badminton J M D3;D3;Juvénile;Masculin;12;0;0;0;0;0;0;;oui;s1:11x18;6a44aafc-8486-4223-b858-c7b01be66b66
2025 - 2026;s1;Outaouais;Balle molle;Secondaire;Balle molle O F;;Ouvert;Féminin;1;0;0;0;0;0;0;;oui;s1:11x40;7936f368-7882-40f7-91d8-e97ff920fc44
2025 - 2026;diffusion+s1;Outaouais;Baseball;Secondaire;Baseball B U D3 Baseball;D3;Benjamin;Mixte;10;17;15;2;0;2;17;;oui;d:11x23 s1:11x23;c4945637-fdd5-4ba7-8a6d-b69470bd3e02
2025 - 2026;s1;Outaouais;Baseball;Secondaire;Baseball B U D3 Printemps 2026;D3;Benjamin;Mixte;3;0;0;0;0;0;0;;oui;s1:11x23;5197a8d6-923f-46ae-9ec8-573c3352b4a4
2025 - 2026;diffusion+s1;Outaouais;Baseball;Secondaire;Baseball J U D3 Baseball;D3;Juvénile;Mixte;8;14;12;2;0;2;14;;oui;d:11x23 s1:11x23;d847f9fd-b1a7-4c1b-93b0-1af54b832a86
2025 - 2026;s1;Outaouais;Baseball;Secondaire;Baseball J U D3 Printemps 2026;D3;Juvénile;Mixte;4;0;0;0;0;0;0;;oui;s1:11x23;badc5035-9f84-4faf-82c9-d6c4d0e3c00a
2025 - 2026;s1;Outaouais;Baseball;Secondaire;Baseball O F Féminin 2026;;Ouvert;Féminin;3;0;0;0;0;0;0;;oui;s1:11x23;e499feb2-de2e-46a6-ae80-af7d86cb59a6
2025 - 2026;diffusion+s1;Outaouais;Basketball;Secondaire;Basketball B F D3;D3;Benjamin;Féminin;11;59;55;4;0;2;59;;oui;d:11x1 s1:11x1;0c5de29e-9c3c-44a8-bcbb-8be57c59e735
2025 - 2026;diffusion+s1;Outaouais;Basketball;Secondaire;Basketball B F D4 Niveau 1;D4;Benjamin;Féminin;6;25;24;1;1;1;25;;oui;d:11x1 s1:11x1;a835ac9d-3410-4b61-9107-c8581fd6f690
2025 - 2026;diffusion+s1;Outaouais;Basketball;Secondaire;Basketball B F D4 Niveau 2;D4;Benjamin;Féminin;5;19;18;1;0;1;19;;oui;d:11x1 s1:11x1;d1d8dbe3-c54d-40f1-8d8c-e2d155c5dc7f
2025 - 2026;diffusion+s1;Outaouais;Basketball;Secondaire;Basketball B M D3;D3;Benjamin;Masculin;14;95;91;4;0;2;95;;oui;d:11x1 s1:11x1;1498bc64-c8ed-4bf6-bab2-dbd800024cd7
2025 - 2026;diffusion+s1;Outaouais;Basketball;Secondaire;Basketball B M D4 Niveau 1;D4;Benjamin;Masculin;9;40;36;4;0;1;40;;oui;d:11x1 s1:11x1;937a6f83-524b-4104-aee8-2457181b9657
2025 - 2026;diffusion+s1;Outaouais;Basketball;Secondaire;Basketball B M D4 Niveau 2;D4;Benjamin;Masculin;4;16;16;0;0;1;16;;oui;d:11x1 s1:11x1;33a9928a-be9c-409e-8aeb-b06897e807c6
2025 - 2026;diffusion+s1;Outaouais;Basketball;Secondaire;Basketball C F D3;D3;Cadet;Féminin;4;18;18;0;0;2;18;;oui;d:11x1 s1:11x1;ee366a11-de05-483d-83d7-d972f201e3b5
2025 - 2026;diffusion+s1;Outaouais;Basketball;Secondaire;Basketball C F D4;D4;Cadet;Féminin;2;0;0;0;0;1;0;;oui;d:11x1 s1:11x1;bd0f117b-ef2b-47d2-82fa-ad0b5be05ce4
2025 - 2026;diffusion+s1;Outaouais;Basketball;Secondaire;Basketball C M D3;D3;Cadet;Masculin;10;49;45;4;0;2;49;;oui;d:11x1 s1:11x1;b5c38432-cca4-4eec-8387-8d9cecb0d1db
2025 - 2026;diffusion+s1;Outaouais;Basketball;Secondaire;Basketball C M D4;D4;Cadet;Masculin;6;32;30;2;0;1;32;;oui;d:11x1 s1:11x1;5fca00e9-87ee-4cc9-aa6c-f537cf28cd1b
2025 - 2026;s1;Outaouais;Basketball;Primaire;Basketball Co F Niveau 1;;Colibri;Féminin;0;;;;;;0;;oui;s1:11x1;5c1b4b6a-35d7-4aa1-b9ce-65577f35db35
2025 - 2026;s1;Outaouais;Basketball;Primaire;Basketball Co F Niveau 2;;Colibri;Féminin;0;;;;;;0;;oui;s1:11x1;f9cc440b-6b2a-4aa5-9555-1c55d67506f3
2025 - 2026;s1;Outaouais;Basketball;Primaire;Basketball Co M Niveau 1;;Colibri;Masculin;0;;;;;;0;;oui;s1:11x1;5ebddedf-f60f-4777-9f78-6f965171e08c
2025 - 2026;diffusion+s1;Outaouais;Basketball;Primaire;Basketball Co M Niveau 2;;Colibri;Masculin;10;;;;;;33;;oui;d:11x1 s1:11x1;3b279231-bf3c-446a-911e-22d9af462000
2025 - 2026;s1;Outaouais;Basketball;Primaire;Basketball Co U;;Colibri;Mixte;0;;;;;;0;;oui;s1:11x1;f0d5657b-09fc-4cf0-b363-868309bdb678
2025 - 2026;diffusion+s1;Outaouais;Basketball;Secondaire;Basketball J F D3;D3;Juvénile;Féminin;6;32;30;2;0;2;32;;oui;d:11x1 s1:11x1;4e88622b-32d0-4a58-854d-8b8104df01d7
2025 - 2026;diffusion+s1;Outaouais;Basketball;Secondaire;Basketball J F D4;D4;Juvénile;Féminin;12;70;66;4;0;1;70;;oui;d:11x1 s1:11x1;7afd5e5e-f479-49b5-aa07-761918eea208
2025 - 2026;diffusion+s1;Outaouais;Basketball;Secondaire;Basketball J M D3;D3;Juvénile;Masculin;14;95;91;4;0;2;95;;oui;d:11x1 s1:11x1;d8884377-90c1-4610-b5e6-c86bf43a8b60
2025 - 2026;diffusion+s1;Outaouais;Basketball;Secondaire;Basketball J M D4;D4;Juvénile;Masculin;7;37;35;2;0;1;37;;oui;d:11x1 s1:11x1;c5a2f79a-77ed-4bb9-86a7-6fc8e8f8b3ed
2025 - 2026;diffusion+s1;Outaouais;Basketball;Primaire;Basketball M F Niveau 1;;Moustique;Féminin;5;;;;;;10;;oui;d:11x1 s1:11x1;f172bf88-66d6-4520-a471-cbb1496d9f66
2025 - 2026;diffusion+s1;Outaouais;Basketball;Primaire;Basketball M F Niveau 2;;Moustique;Féminin;11;;;;;;25;;oui;d:11x1 s1:11x1;be1cd34c-fb02-4853-abfd-f9cd18460ea4
2025 - 2026;diffusion+s1;Outaouais;Basketball;Primaire;Basketball M M Niveau 1;;Moustique;Masculin;7;;;;;;17;;oui;d:11x1 s1:11x1;c92f0f22-8adc-4740-a94a-6d393881eaae
2025 - 2026;diffusion+s1;Outaouais;Basketball;Primaire;Basketball M M Niveau 2;;Moustique;Masculin;7;;;;;;14;;oui;d:11x1 s1:11x1;e463935d-153a-40c9-9a62-e83e7f9a0666
2025 - 2026;diffusion+s1;Outaouais;Basketball;Primaire;Basketball M M Niveau 3;;Moustique;Masculin;10;;;;;;24;;oui;d:11x1 s1:11x1;4ff61ab6-a178-4d7d-a707-81a9454ab51d
2025 - 2026;diffusion+s1;Outaouais;Basketball;Primaire;Basketball M U;;Moustique;Mixte;4;;;;;;12;;oui;d:11x1 s1:11x1;62f80aa1-09d0-464c-ace8-bb8f5fbf3704
2025 - 2026;s1;Outaouais;Cheerleading;Secondaire;Cheerleading B U Niveau 1;;Benjamin;Mixte;1;0;0;0;0;0;0;;oui;s1:11x2;23d1e60f-174d-4754-8030-09a1eb1c2847
2025 - 2026;s1;Outaouais;Cheerleading;Secondaire;Cheerleading B U Niveau 2;;Benjamin;Mixte;0;0;0;0;0;0;0;;oui;s1:11x2;e9a1af19-540f-45ad-a5cd-d2832977372e
2025 - 2026;s1;Outaouais;Cheerleading;Secondaire;Cheerleading C F Niveau 2;;Cadet;Féminin;0;0;0;0;0;0;0;;oui;s1:11x2;368a582f-a223-4be4-9a30-5ed87ca66ea4
2025 - 2026;s1;Outaouais;Cheerleading;Secondaire;Cheerleading C F Niveau 3;;Cadet;Féminin;0;0;0;0;0;0;0;;oui;s1:11x2;2447d954-2767-4395-a9d8-92d6699da5c1
2025 - 2026;s1;Outaouais;Cheerleading;Secondaire;Cheerleading C U Niveau 2;;Cadet;Mixte;0;0;0;0;0;0;0;;oui;s1:11x2;f4690782-4963-45f1-807f-1e0f3c050a47
2025 - 2026;s1;Outaouais;Cheerleading;Secondaire;Cheerleading C U Niveau 3;;Cadet;Mixte;0;0;0;0;0;0;0;;oui;s1:11x2;88d5b979-2001-4284-81e3-12c5043f30d8
2025 - 2026;s1;Outaouais;Cheerleading;Secondaire;Cheerleading J F Niveau 3;;Juvénile;Féminin;0;0;0;0;0;0;0;;oui;s1:11x2;86b3bc51-d6d7-4363-9a59-661ec1c0a7eb
2025 - 2026;s1;Outaouais;Cheerleading;Secondaire;Cheerleading J F Niveau 4;;Juvénile;Féminin;0;0;0;0;0;0;0;;oui;s1:11x2;7e2a2c77-4c33-4f7d-b270-765266373eb8
2025 - 2026;s1;Outaouais;Cheerleading;Secondaire;Cheerleading J U Niveau 3;;Juvénile;Mixte;0;0;0;0;0;0;0;;oui;s1:11x2;d3fceafd-0b30-4507-b2c9-76b5c979a3f3
2025 - 2026;s1;Outaouais;Cheerleading;Secondaire;Cheerleading J U Niveau 4;;Juvénile;Mixte;0;0;0;0;0;0;0;;oui;s1:11x2;bcbc1f31-96b2-43e2-bc1a-c0cd3b87da20
2025 - 2026;s1;Outaouais;Cheerleading;Secondaire;Cheerleading O U 2.0 sans tumbling;;Ouvert;Mixte;4;0;0;0;0;0;0;;oui;s1:11x2;514d5625-8f62-4e97-8dca-3d4cefc4a08c
2025 - 2026;s1;Outaouais;Cheerleading;Secondaire;Cheerleading O U 3.0 sans tumbling;;Ouvert;Mixte;0;0;0;0;0;0;0;;oui;s1:11x2;9e69eadd-221e-414d-99a0-75c3baf8ecf1
2025 - 2026;s1;Outaouais;Cheerleading;Secondaire;Cheerleading O U Cheer Love;;Ouvert;Mixte;5;0;0;0;0;0;0;;oui;s1:11x2;b97f7ac2-587d-4886-a3aa-7a4e267be731
2025 - 2026;s1;Outaouais;Cheerleading;Secondaire;Cheerleading O U Niveau 1;;Ouvert;Mixte;3;0;0;0;0;0;0;;oui;s1:11x2;2f910499-b3d7-4f6a-949d-626c19bab626
2025 - 2026;s1;Outaouais;Cheerleading;Secondaire;Cheerleading O U Niveau 2;;Ouvert;Mixte;2;0;0;0;0;0;0;;oui;s1:11x2;a790886f-5ec7-4cdd-a2ef-05e0ec5cdb27
2025 - 2026;s1;Outaouais;Cheerleading;Secondaire;Cheerleading O U Niveau 3;;Ouvert;Mixte;1;0;0;0;0;0;0;;oui;s1:11x2;787e8de3-807b-4aec-8d90-930967d7ed21
2025 - 2026;s1;Outaouais;Cheerleading;Primaire;Cheerleading P U;;Primaire;Mixte;6;;;;;;0;;oui;s1:11x2;e4040e64-76b2-4ac5-bcb2-c2effc8b9de2
2025 - 2026;s1;Outaouais;Cheerleading;Primaire;Cheerleading P U Cheer Love;;Primaire;Mixte;7;;;;;;0;;oui;s1:11x2;46d635a8-ca5c-4360-bb28-2a4cc247b45a
2025 - 2026;s1;Outaouais;Cross-country;Primaire et secondaire;Cross-country B F D3;D3;Benjamin;Féminin;21;0;0;0;0;0;0;;oui;s1:11x3;923e286b-deb7-45fa-8830-9abbe8cc4ad2
2025 - 2026;s1;Outaouais;Cross-country;Primaire et secondaire;Cross-country B M D3;D3;Benjamin;Masculin;19;0;0;0;0;0;0;;oui;s1:11x3;b5f2ccb3-e8aa-48de-9f93-55845c10e528
2025 - 2026;s1;Outaouais;Cross-country;Primaire et secondaire;Cross-country C F D3;D3;Cadet;Féminin;18;0;0;0;0;0;0;;oui;s1:11x3;682e4847-8da2-4c7d-8f1d-5166f9c76b10
2025 - 2026;s1;Outaouais;Cross-country;Primaire et secondaire;Cross-country C M D3;D3;Cadet;Masculin;17;0;0;0;0;0;0;;oui;s1:11x3;d4249a02-dd94-41e6-b9f7-58cc734fec5e
2025 - 2026;s1;Outaouais;Cross-country;Primaire et secondaire;Cross-country J F D3;D3;Juvénile;Féminin;17;0;0;0;0;0;0;;oui;s1:11x3;72cd2612-ead3-449c-b742-6b47b3ab8659
2025 - 2026;s1;Outaouais;Cross-country;Secondaire;Cross-country J F J7;;Juvénile;Féminin;1;0;0;0;0;0;0;;oui;s1:11x3;12328b94-7cba-4fc8-96ed-ea9766707e5c
2025 - 2026;s1;Outaouais;Cross-country;Primaire et secondaire;Cross-country J M D3;D3;Juvénile;Masculin;17;0;0;0;0;0;0;;oui;s1:11x3;e831e4f0-94b0-4052-8df3-d2dec0ac5a30
2025 - 2026;s1;Outaouais;Cross-country;Secondaire;Cross-country J M J7;;Juvénile;Masculin;2;0;0;0;0;0;0;;oui;s1:11x3;5dc78b25-45b9-415f-8b09-c9a8604ca5af
2025 - 2026;s1;Outaouais;Cross-country;Secondaire;Cross-country O U Para O.S;;Ouvert;Mixte;1;0;0;0;0;0;0;;oui;s1:11x3;6610af0c-b1ac-4e5a-93ef-7bf0ec890665
2025 - 2026;s1;Outaouais;Cross-country;Primaire;Cross-country P F P7;;Primaire;Féminin;12;;;;;;0;;oui;s1:11x3;658b3565-2890-4b83-9899-88244d08c864
2025 - 2026;s1;Outaouais;Cross-country;Primaire;Cross-country P M P7;;Primaire;Masculin;11;;;;;;0;;oui;s1:11x3;176d6e6e-32a2-4de3-82c3-f56d49c6e37b
2025 - 2026;s1;Outaouais;Cross-country;Primaire;Cross-country P U Para O.S.;;Primaire;Mixte;0;;;;;;0;;oui;s1:11x3;40bc9769-f19c-41f0-a3a3-b32bf42da486
2025 - 2026;s1;Outaouais;Cross-country;Primaire et secondaire;Cross-country P3 F;;Primaire 3;Féminin;39;0;0;0;0;0;0;;oui;s1:11x3;f918ffd9-02e3-4096-976d-ba0b77333f08
2025 - 2026;s1;Outaouais;Cross-country;Primaire et secondaire;Cross-country P3 M;;Primaire 3;Masculin;40;0;0;0;0;0;0;;oui;s1:11x3;b697c9b3-e414-42bb-ad10-8b5669d6bb98
2025 - 2026;s1;Outaouais;Cross-country;Primaire et secondaire;Cross-country P4 F;;Primaire 4;Féminin;47;0;0;0;0;0;0;;oui;s1:11x3;7419519d-0210-4ed2-af94-64c8bcd8b9ff
2025 - 2026;s1;Outaouais;Cross-country;Primaire et secondaire;Cross-country P4 M;;Primaire 4;Masculin;49;0;0;0;0;0;0;;oui;s1:11x3;1c21c640-1de2-414e-a6a0-c52bb1a40edb
2025 - 2026;s1;Outaouais;Cross-country;Primaire et secondaire;Cross-country P5 F D3;D3;Primaire 5;Féminin;47;0;0;0;0;0;0;;oui;s1:11x3;64d7375e-dfc5-4642-a805-675df3585b01
2025 - 2026;s1;Outaouais;Cross-country;Primaire et secondaire;Cross-country P5 M D3;D3;Primaire 5;Masculin;49;0;0;0;0;0;0;;oui;s1:11x3;a848b9be-24d9-440b-9715-2786e57366a0
2025 - 2026;s1;Outaouais;Cross-country;Primaire et secondaire;Cross-country P6 F D3;D3;Primaire 6;Féminin;50;0;0;0;0;0;0;;oui;s1:11x3;ce1efca3-8b28-4258-99e2-8ed16a4ce3d8
2025 - 2026;s1;Outaouais;Cross-country;Primaire et secondaire;Cross-country P6 M D3;D3;Primaire 6;Masculin;48;0;0;0;0;0;0;;oui;s1:11x3;79240241-3c6d-4789-ab9b-31ab7980159d
2025 - 2026;diffusion+s1;Outaouais;Flag football;Secondaire;Flag football B F D3;D3;Benjamin;Féminin;8;27;24;3;0;2;27;;oui;d:11x4 s1:11x4;534ef643-431f-484f-968a-afbc4e784bcd
2025 - 2026;diffusion+s1;Outaouais;Flag football;Secondaire;Flag football B F D4;D4;Benjamin;Féminin;11;37;33;4;0;1;37;;oui;d:11x4 s1:11x4;364b5c0c-e69e-4356-a49d-80a6b85052bd
2025 - 2026;diffusion+s1;Outaouais;Flag football;Secondaire;Flag football B M D3;D3;Benjamin;Masculin;5;17;15;2;0;2;17;;oui;d:11x4 s1:11x4;5e6d328c-0e2c-4e4f-b19b-3824b0d20aa1
2025 - 2026;s1;Outaouais;Flag football;Secondaire;Flag football B M D4;D4;Benjamin;Masculin;0;0;0;0;0;0;0;;oui;s1:11x4;e37ffba8-38e1-40bf-96e1-6ba3d411582f
2025 - 2026;diffusion+s1;Outaouais;Flag football;Secondaire;Flag football C F D3;D3;Cadet;Féminin;10;34;30;4;0;2;34;;oui;d:11x4 s1:11x4;e3242c99-a785-4323-96e9-e8f1b88e94e5
2025 - 2026;s1;Outaouais;Flag football;Secondaire;Flag football C F D3 Jamboree;D3;Cadet;Féminin;1;0;0;0;0;0;0;;oui;s1:11x4;9b589cf6-b2ee-493a-96ce-2c876009d33b
2025 - 2026;diffusion+s1;Outaouais;Flag football;Secondaire;Flag football C F D4;D4;Cadet;Féminin;10;34;30;4;0;1;34;;oui;d:11x4 s1:11x4;fe21de8c-02c4-4a66-979f-7fa0b0cef9fc
2025 - 2026;diffusion+s1;Outaouais;Flag football;Secondaire;Flag football C M D3;D3;Cadet;Masculin;7;23;21;2;0;2;23;;oui;d:11x4 s1:11x4;32173843-e58c-4c25-b61e-1f0a28508200
2025 - 2026;diffusion+s1;Outaouais;Flag football;Secondaire;Flag football C M D4;D4;Cadet;Masculin;3;0;0;0;0;1;0;;oui;d:11x4 s1:11x4;09d49e79-cf1e-48f1-8ecd-6c873cc98a34
2025 - 2026;diffusion+s1;Outaouais;Flag football;Secondaire;Flag football J F D3;D3;Juvénile;Féminin;5;3;0;3;0;2;3;;oui;d:11x4 s1:11x4;10be423f-aa33-41a5-83b9-df78a6219011
2025 - 2026;s1;Outaouais;Flag football;Secondaire;Flag football J F D3 Jamboree;D3;Juvénile;Féminin;2;0;0;0;0;0;0;;oui;s1:11x4;25ab7d18-fc19-4240-8348-2ed265db9d4a
2025 - 2026;diffusion+s1;Outaouais;Flag football;Secondaire;Flag football J F D4;D4;Juvénile;Féminin;15;49;45;4;0;1;49;;oui;d:11x4 s1:11x4;fc151537-49b2-4283-8ee0-0096ffdce397
2025 - 2026;diffusion+s1;Outaouais;Flag football;Secondaire;Flag football J M D3;D3;Juvénile;Masculin;4;14;12;2;0;2;14;;oui;d:11x4 s1:11x4;9879e9a0-d0d2-4797-9a97-26ceea85a801
2025 - 2026;diffusion+s1;Outaouais;Flag football;Secondaire;Flag football J M D4;D4;Juvénile;Masculin;12;40;36;4;0;1;40;;oui;d:11x4 s1:11x4;acd95215-af66-4e04-9b0a-6f2dd19bc1fe
2025 - 2026;s1;Outaouais;Football;Secondaire;Football A U D3;D3;Atome;Mixte;0;0;0;0;0;0;0;;oui;s1:11x5;741af8ec-7bf8-453e-8bc2-3ad2f6ab91b2
2025 - 2026;diffusion+s1;Outaouais;Football;Secondaire;Football B U D3 9 vs 9;D3;Benjamin;Mixte;5;20;20;0;0;0;20;;oui;d:11x5 s1:11x5;eb49c513-d0fa-476f-8bf5-533364e9963c
2025 - 2026;s1;Outaouais;Football;Secondaire;Football B U D4 6 vs 6;D4;Benjamin;Mixte;0;0;0;0;0;0;0;;oui;s1:11x5;7d355d8e-da2c-4f2d-94fa-ed295cd9d6e1
2025 - 2026;diffusion+s1;Outaouais;Football;Secondaire;Football C U D3 12vs12;D3;Cadet;Mixte;5;22;20;2;0;3;22;;oui;d:11x5 s1:11x5;31af7bcb-16b8-4ac8-b954-2232a601792e
2025 - 2026;diffusion+s1;Outaouais;Football;Secondaire;Football J U D3 12vs12;D3;Juvénile;Mixte;5;22;20;2;0;3;22;;oui;d:11x5 s1:11x5;fe65d58e-a8da-4243-87c7-21eb4310ba8f
2025 - 2026;diffusion+s1;Outaouais;Futsal;Secondaire;Futsal B F D3;D3;Benjamin;Féminin;5;26;25;1;12;2;26;;oui;d:11x30 s1:11x30;9fd3aa5c-b579-418f-aef8-d98897ee2866
2025 - 2026;diffusion+s1;Outaouais;Futsal;Secondaire;Futsal B F D4;D4;Benjamin;Féminin;6;31;30;1;0;1;31;;oui;d:11x30 s1:11x30;89a69b49-e4af-4a75-ab53-d9426fafacef
2025 - 2026;diffusion+s1;Outaouais;Futsal;Secondaire;Futsal B M D3;D3;Benjamin;Masculin;13;69;65;4;0;2;69;;oui;d:11x30 s1:11x30;4ec83e8a-be3a-4916-b9be-560fac6bb26e
2025 - 2026;diffusion+s1;Outaouais;Futsal;Secondaire;Futsal B M D4;D4;Benjamin;Masculin;13;69;65;4;0;1;69;;oui;d:11x30 s1:11x30;8284dfc5-645e-49a9-a0f1-f294c289e952
2025 - 2026;diffusion+s1;Outaouais;Futsal;Secondaire;Futsal B M D4 Niveau 2;D4;Benjamin;Masculin;7;37;35;2;0;1;37;;oui;d:11x30 s1:11x30;4bb1849c-8a43-45e2-bff1-412260986040
2025 - 2026;diffusion+s1;Outaouais;Futsal;Secondaire;Futsal C F D3;D3;Cadet;Féminin;10;49;45;4;0;2;49;;oui;d:11x30 s1:11x30;94ecee00-8f9c-4877-8fe9-08cb58123623
2025 - 2026;s1;Outaouais;Futsal;Secondaire;Futsal C F D4;D4;Cadet;Féminin;2;0;0;0;0;1;0;;oui;s1:11x30;3c58e383-5537-454a-af63-cc09f318b2aa
2025 - 2026;diffusion+s1;Outaouais;Futsal;Secondaire;Futsal C M D3;D3;Cadet;Masculin;11;59;55;4;0;2;59;;oui;d:11x30 s1:11x30;1532231f-f8de-447d-8dd8-b530e1a84136
2025 - 2026;diffusion+s1;Outaouais;Futsal;Secondaire;Futsal C M D4;D4;Cadet;Masculin;11;59;55;4;0;1;59;;oui;d:11x30 s1:11x30;d5f851cf-fd02-40f7-9c4e-3269a8218f61
2025 - 2026;s1;Outaouais;Futsal;Primaire;Futsal Co F Niveau 2;;Colibri;Féminin;1;;;;;;0;;oui;s1:11x30;4d687b3a-dc4f-4d2b-99eb-29e17b6f18f4
2025 - 2026;s1;Outaouais;Futsal;Primaire;Futsal Co M Niveau 2;;Colibri;Masculin;16;;;;;;0;;oui;s1:11x30;7aa22ec3-c0e6-4593-8fa6-50241bc6f856
2025 - 2026;diffusion+s1;Outaouais;Futsal;Primaire;Futsal Co M Niveau 2 A;;Colibri;Masculin;5;;;;;;13;;oui;d:11x30 s1:11x30;7daa7c12-1eb2-4522-ac77-fd1abd97bcf3
2025 - 2026;diffusion+s1;Outaouais;Futsal;Primaire;Futsal Co M Niveau 2 B;;Colibri;Masculin;5;;;;;;14;;oui;d:11x30 s1:11x30;8cbd3780-95f2-4aa5-aaaa-b10e40dd2ae8
2025 - 2026;diffusion+s1;Outaouais;Futsal;Primaire;Futsal Co M Niveau 2 C;;Colibri;Masculin;5;;;;;;14;;oui;d:11x30 s1:11x30;bb1c34ed-762a-4b0a-9c78-4d87bbd864e8
2025 - 2026;diffusion+s1;Outaouais;Futsal;Secondaire;Futsal J F D3;D3;Juvénile;Féminin;5;25;25;0;0;2;25;;oui;d:11x30 s1:11x30;58a23e3a-da5b-46c1-a342-742a2c1c9122
2025 - 2026;s1;Outaouais;Futsal;Secondaire;Futsal J F D4;D4;Juvénile;Féminin;2;0;0;0;0;1;0;;oui;s1:11x30;01d4e706-dc63-4616-9c50-10d03df2fe9c
2025 - 2026;diffusion+s1;Outaouais;Futsal;Secondaire;Futsal J M D3;D3;Juvénile;Masculin;5;26;25;1;0;2;26;;oui;d:11x30 s1:11x30;bad8931c-27b8-4b71-8812-20aec09a7318
2025 - 2026;diffusion+s1;Outaouais;Futsal;Secondaire;Futsal J M D4;D4;Juvénile;Masculin;7;37;35;2;0;1;37;;oui;d:11x30 s1:11x30;f10509fc-853d-4878-9fb2-4b6265f15b07
2025 - 2026;diffusion+s1;Outaouais;Futsal;Primaire;Futsal M F Niveau 1;;Moustique;Féminin;5;;;;;;14;;oui;d:11x30 s1:11x30;b28931b7-19b0-4fa6-bf3e-2b4bf49ff9c4
2025 - 2026;diffusion+s1;Outaouais;Futsal;Primaire;Futsal M F Niveau 2;;Moustique;Féminin;4;;;;;;11;;oui;d:11x30 s1:11x30;d9741e43-dd3e-4fb6-bd22-b7d35ccdf4cd
2025 - 2026;s1;Outaouais;Futsal;Primaire;Futsal M M Niveau 1;;Moustique;Masculin;0;;;;;;0;;oui;s1:11x30;67c601fd-8d2b-48b3-af8a-e397a5a3485c
2025 - 2026;s1;Outaouais;Futsal;Primaire;Futsal M M Niveau 2;;Moustique;Masculin;28;;;;;;0;;oui;s1:11x30;d07a7c47-ca3a-4508-893e-e27001fecfc1
2025 - 2026;diffusion+s1;Outaouais;Futsal;Primaire;Futsal M M Niveau 2 A;;Moustique;Masculin;8;;;;;;23;;oui;d:11x30 s1:11x30;a6e782da-16da-40c3-bfa8-0ffc45676cb1
2025 - 2026;diffusion+s1;Outaouais;Futsal;Primaire;Futsal M M Niveau 2 B;;Moustique;Masculin;9;;;;;;26;;oui;d:11x30 s1:11x30;3c9a1897-10a7-4089-889e-5f8495cf9eee
2025 - 2026;diffusion+s1;Outaouais;Futsal;Primaire;Futsal M M Niveau 2 C;;Moustique;Masculin;10;;;;;;29;;oui;d:11x30 s1:11x30;4eb20932-5ced-4308-b73c-025bf03706e8
2025 - 2026;diffusion+s1;Outaouais;Futsal;Primaire;Futsal M U;;Moustique;Mixte;4;;;;;;11;;oui;d:11x30 s1:11x30;9e763eb3-273f-46d6-be0d-44322529b62c
2025 - 2026;s1;Outaouais;Hockey sans contact;Secondaire;Hockey sans contact M14 U D4;D4;M14;Mixte;0;0;0;0;0;0;0;;oui;s1:11x8;d76ecdb3-5e32-4ac5-ad59-dac8827d9f6d
2025 - 2026;s1;Outaouais;Hockey sans contact;Secondaire;Hockey sans contact M14 U D4 Niveau 1;D4;M14;Mixte;0;0;0;0;0;0;0;;oui;s1:11x8;aeb29355-e949-4bb4-b7e0-dd91e11b3586
2025 - 2026;diffusion+s1;Outaouais;Hockey sans contact;Secondaire;Hockey sans contact M15 U D4;D4;M15;Mixte;7;31;28;3;0;2;31;;oui;d:11x8 s1:11x8;0c958377-7f3f-46f6-bce4-420258e3c0b9
2025 - 2026;s1;Outaouais;Hockey sans contact;Secondaire;Hockey sans contact M15 U D4 Niveau 1;D4;M15;Mixte;0;0;0;0;0;0;0;;oui;s1:11x8;c2ca9b6b-111d-4c5d-8a50-cc70ab9ac256
2025 - 2026;diffusion+s1;Outaouais;Hockey sans contact;Secondaire;Hockey sans contact M18 U D4;D4;M18;Mixte;13;52;51;1;0;4;52;;oui;d:11x8 s1:11x8;67cd2b30-d006-4155-a7e9-8df8f48899fc
2025 - 2026;s1;Outaouais;Hockey sans contact;Secondaire;Hockey sans contact M18 U D4 Niveau 1;D4;M18;Mixte;0;0;0;0;0;0;0;;oui;s1:11x8;f57688b8-1c39-4e06-b958-d6379979ad7b
2025 - 2026;s1;Outaouais;Hockey sans contact;Primaire;Hockey sans contact P U Patinage;;Primaire;Mixte;2;;;;;;0;;oui;s1:11x8;c6acb049-e2da-4639-a014-152ae93bd5c6
2025 - 2026;s1;Outaouais;Natation;Secondaire;Natation B F D3;D3;Benjamin;Féminin;8;0;0;0;0;0;0;;oui;s1:11x10;38074f0d-c4b1-410e-922f-708ffb1b991f
2025 - 2026;s1;Outaouais;Natation;Secondaire;Natation B M D3;D3;Benjamin;Masculin;7;0;0;0;0;0;0;;oui;s1:11x10;e15ba1b4-4d83-492a-b9aa-aaa5deac6b04
2025 - 2026;s1;Outaouais;Natation;Secondaire;Natation C F D3;D3;Cadet;Féminin;8;0;0;0;0;0;0;;oui;s1:11x10;193d6dc1-6bc4-461c-8f26-b9533022e497
2025 - 2026;s1;Outaouais;Natation;Secondaire;Natation C M D3;D3;Cadet;Masculin;7;0;0;0;0;0;0;;oui;s1:11x10;998fb48e-599d-4085-a68e-c39ac18859bf
2025 - 2026;s1;Outaouais;Natation;Secondaire;Natation J F D3;D3;Juvénile;Féminin;10;0;0;0;0;0;0;;oui;s1:11x10;0d477df9-a80c-45f6-bea0-48035545ee16
2025 - 2026;s1;Outaouais;Natation;Secondaire;Natation J M D3;D3;Juvénile;Masculin;8;0;0;0;0;0;0;;oui;s1:11x10;99e80150-b910-48b0-ba65-1ab9ab0dbc46
2025 - 2026;diffusion+s1;Outaouais;Rugby;Secondaire;Rugby J F D3;D3;Juvénile;Féminin;4;18;16;2;0;1;18;;oui;d:11x11 s1:11x11;1091278e-1c8d-4cd1-b059-48f0e4eb9a3b
2025 - 2026;diffusion+s1;Outaouais;Rugby;Secondaire;Rugby J M D3;D3;Juvénile;Masculin;5;23;20;3;0;1;23;;oui;d:11x11 s1:11x11;837ae843-a569-4524-bbba-d19ef4552978
2025 - 2026;s1;Outaouais;RX1 Nation;Secondaire;RX1 Nation B U;;Benjamin;Mixte;3;0;0;0;0;0;0;;oui;s1:11x38;79f25cd2-a0d3-45bb-a6f3-15ad29622cdd
2025 - 2026;s1;Outaouais;RX1 Nation;Secondaire;RX1 Nation C U;;Cadet;Mixte;4;0;0;0;0;0;0;;oui;s1:11x38;16663b97-bbc0-4df8-b39e-a1283b1195e6
2025 - 2026;s1;Outaouais;RX1 Nation;Secondaire;RX1 Nation J U;;Juvénile;Mixte;3;0;0;0;0;0;0;;oui;s1:11x38;131a1576-9b62-495d-86de-1a2c0b6177f7
2025 - 2026;s1;Outaouais;RX1 Nation;Primaire;RX1 Nation M U;;Moustique;Mixte;0;;;;;;0;;oui;s1:11x38;1898a35f-4420-4b72-940e-9c8393c1774b
2025 - 2026;diffusion+s1;Outaouais;Ultimate;Secondaire;Ultimate B U D3;D3;Benjamin;Mixte;6;23;18;5;0;2;23;;oui;d:11x25 s1:11x25;1ff872ce-d3fa-4982-a6b5-91eabcb65953
2025 - 2026;s1;Outaouais;Ultimate;Secondaire;Ultimate B U D4;D4;Benjamin;Mixte;0;0;0;0;0;0;0;;oui;s1:11x25;1155073b-ebeb-4fb6-a53b-fde7a772df7b
2025 - 2026;diffusion+s1;Outaouais;Ultimate;Secondaire;Ultimate C U D3;D3;Cadet;Mixte;7;22;21;1;0;2;22;;oui;d:11x25 s1:11x25;f32d8eb5-e273-4226-b813-c95c82ee11b3
2025 - 2026;s1;Outaouais;Ultimate;Secondaire;Ultimate C U D4;D4;Cadet;Mixte;0;0;0;0;0;0;0;;oui;s1:11x25;47ffcbe7-0c4a-4d99-84ea-a0c637b3a6f1
2025 - 2026;diffusion+s1;Outaouais;Ultimate;Secondaire;Ultimate J U D3;D3;Juvénile;Mixte;5;19;15;4;0;2;19;;oui;d:11x25 s1:11x25;8c840e9a-4414-4ace-b030-0e92850c561b
2025 - 2026;s1;Outaouais;Ultimate;Secondaire;Ultimate J U D4;D4;Juvénile;Mixte;0;0;0;0;0;0;0;;oui;s1:11x25;38dd1a32-90b7-4953-8196-8a6cc6d193c1
2025 - 2026;s1;Outaouais;Volleyball de plage;Secondaire;Volleyball de plage B F D3 4 x 4;D3;Benjamin;Féminin;57;0;0;0;0;0;0;;oui;s1:11x17;630bdffb-4f18-47a0-99bb-35e248fc683c
2025 - 2026;s1;Outaouais;Volleyball de plage;Secondaire;Volleyball de plage B M D3 4 x 4;D3;Benjamin;Masculin;12;0;0;0;0;0;0;;oui;s1:11x17;c0e8991c-fe38-44ab-aa11-13b65e93ba35
2025 - 2026;s1;Outaouais;Volleyball de plage;Secondaire;Volleyball de plage B U D3 4 x 4;D3;Benjamin;Mixte;19;0;0;0;0;0;0;;oui;s1:11x17;271d9df5-a99f-4d7c-8049-eedfd1764d05
2025 - 2026;s1;Outaouais;Volleyball de plage;Secondaire;Volleyball de plage C F D3 2 vs 2;D3;Cadet;Féminin;50;0;0;0;0;0;0;;oui;s1:11x17;a6f24f74-6e01-4829-88b2-ccec3468b1f9
2025 - 2026;s1;Outaouais;Volleyball de plage;Secondaire;Volleyball de plage C F D3 4 x 4;D3;Cadet;Féminin;39;0;0;0;0;0;0;;oui;s1:11x17;5094839a-65c6-459d-bc1f-0d71768f13b6
2025 - 2026;s1;Outaouais;Volleyball de plage;Secondaire;Volleyball de plage C M D3 2 x 2;D3;Cadet;Masculin;13;0;0;0;0;0;0;;oui;s1:11x17;f7bf1ef1-6b82-461d-b4e7-a2b4095aea25
2025 - 2026;s1;Outaouais;Volleyball de plage;Secondaire;Volleyball de plage C M D3 4 x 4;D3;Cadet;Masculin;14;0;0;0;0;0;0;;oui;s1:11x17;0ddf63ec-0777-4231-95ac-442b6563bbe3
2025 - 2026;s1;Outaouais;Volleyball de plage;Secondaire;Volleyball de plage C U D3 4 x 4;D3;Cadet;Mixte;18;0;0;0;0;0;0;;oui;s1:11x17;eb4b0b42-a7b7-4812-aeed-6eb3a9ea1cce
2025 - 2026;s1;Outaouais;Volleyball de plage;Secondaire;Volleyball de plage J F D3 2 x 2;D3;Juvénile;Féminin;14;0;0;0;0;0;0;;oui;s1:11x17;83a96629-7ced-466b-8708-71c653542e71
2025 - 2026;s1;Outaouais;Volleyball de plage;Secondaire;Volleyball de plage J F D3 4 x 4;D3;Juvénile;Féminin;15;0;0;0;0;0;0;;oui;s1:11x17;23850c8b-dfb6-4d8d-8a46-11efaeed8bb7
2025 - 2026;s1;Outaouais;Volleyball de plage;Secondaire;Volleyball de plage J M D3 2 x 2;D3;Juvénile;Masculin;28;0;0;0;0;0;0;;oui;s1:11x17;24ac2ab7-3ac2-4085-9360-f8778a317cf6
2025 - 2026;s1;Outaouais;Volleyball de plage;Secondaire;Volleyball de plage J M D3 4 x 4;D3;Juvénile;Masculin;10;0;0;0;0;0;0;;oui;s1:11x17;3f12eed0-6425-4238-9320-675a7122b665
2025 - 2026;s1;Outaouais;Volleyball de plage;Secondaire;Volleyball de plage J U D3 4 x 4;D3;Juvénile;Mixte;14;0;0;0;0;0;0;;oui;s1:11x17;2ca0ca8a-5436-4033-8c8f-a809cbf7531b
2025 - 2026;diffusion+s1;Outaouais;Volleyball;Secondaire;Volleyball B F D3;D3;Benjamin;Féminin;42;0;0;0;0;4;0;;oui;d:11x16 s1:11x16;080c7d1e-ca74-4ef1-b5ba-36e1a5cf7c2b
2025 - 2026;diffusion+s1;Outaouais;Volleyball;Secondaire;Volleyball B M D3;D3;Benjamin;Masculin;8;0;0;0;0;2;0;;oui;d:11x16 s1:11x16;e3521ce2-5bc0-42fe-9ad7-58a8a536a7c7
2025 - 2026;diffusion+s1;Outaouais;Volleyball;Secondaire;Volleyball C F D3;D3;Cadet;Féminin;35;0;0;0;0;4;0;;oui;d:11x16 s1:11x16;5fa293e4-ecb9-4000-a231-5ea9e34e9847
2025 - 2026;diffusion+s1;Outaouais;Volleyball;Secondaire;Volleyball C M D3;D3;Cadet;Masculin;13;0;0;0;0;3;0;;oui;d:11x16 s1:11x16;9005c9d6-b41e-434e-ab00-59c934a61ada
2025 - 2026;diffusion+s1;Outaouais;Volleyball;Secondaire;Volleyball J F D3;D3;Juvénile;Féminin;17;0;0;0;0;3;0;;oui;d:11x16 s1:11x16;b16a42d3-899f-4a05-837e-52558fcf2b52
2025 - 2026;diffusion+s1;Outaouais;Volleyball;Secondaire;Volleyball J M D3;D3;Juvénile;Masculin;12;0;0;0;0;3;0;;oui;d:11x16 s1:11x16;43d5e427-a503-41a8-b0ee-c0b3f14b7c46
2025 - 2026;diffusion+s1;Outaouais;Volleyball;Primaire;Volleyball M U Niveau 1;;Moustique;Mixte;24;;;;;;40;;oui;d:11x16 s1:11x16;7b14fbaa-bef1-4984-945c-b38fe3286057
2025 - 2026;diffusion+s1;Outaouais;Volleyball;Primaire;Volleyball M U Niveau 2;;Moustique;Mixte;25;;;;;;53;;oui;d:11x16 s1:11x16;83904887-a482-4d2c-a3c1-23564732c87f
2025 - 2026;diffusion+s1;Outaouais;Volleyball;Primaire;Volleyball M U Niveau 3;;Moustique;Mixte;25;;;;;;50;;oui;d:11x16 s1:11x16;b51449aa-3961-458c-8438-2017b707785e
2025 - 2026;diffusion+s1;Provincial;Athlétisme;Secondaire;Athlétisme B F D3 Championnat provincial en salle;D3;Benjamin;Féminin;14;0;0;0;0;0;0;;oui;d:14x0 s1:14x0;01433571-8c3a-4ed6-bb18-3aa0f89ce70b
2025 - 2026;diffusion+s1;Provincial;Athlétisme;Secondaire;Athlétisme B F D3 Championnat provincial extérieur;D3;Benjamin;Féminin;14;0;0;0;0;0;0;;oui;d:14x0 s1:14x0;5c8c8224-7e33-4577-9e32-cc55fec449d4
2025 - 2026;diffusion+s1;Provincial;Athlétisme;Secondaire;Athlétisme B M D3 Championnat provincial en salle;D3;Benjamin;Masculin;14;0;0;0;0;0;0;;oui;d:14x0 s1:14x0;ea30cf90-429f-4ca5-acaa-67ec85312385
2025 - 2026;diffusion+s1;Provincial;Athlétisme;Secondaire;Athlétisme B M D3 Championnat provincial extérieur;D3;Benjamin;Masculin;14;0;0;0;0;0;0;;oui;d:14x0 s1:14x0;7f83a57a-142d-49ae-af22-7f57eb6199d8
2025 - 2026;diffusion+s1;Provincial;Athlétisme;Secondaire;Athlétisme C F D3 Championnat provincial en salle;D3;Cadet;Féminin;14;0;0;0;0;0;0;;oui;d:14x0 s1:14x0;38a18dd4-a60b-4d5d-8ad2-280452be4972
2025 - 2026;diffusion+s1;Provincial;Athlétisme;Secondaire;Athlétisme C F D3 Championnat provincial extérieur;D3;Cadet;Féminin;14;0;0;0;0;0;0;;oui;d:14x0 s1:14x0;636e16b3-0d01-4cf9-a976-b86bdb1d158f
2025 - 2026;diffusion+s1;Provincial;Athlétisme;Secondaire;Athlétisme C M D3 Championnat provincial en salle;D3;Cadet;Masculin;14;0;0;0;0;0;0;;oui;d:14x0 s1:14x0;8017205d-d69b-41f5-a88a-fb947427b051
2025 - 2026;diffusion+s1;Provincial;Athlétisme;Secondaire;Athlétisme C M D3 Championnat provincial extérieur;D3;Cadet;Masculin;14;0;0;0;0;0;0;;oui;d:14x0 s1:14x0;c99b4793-9e1e-4fa1-93bd-08f170490716
2025 - 2026;diffusion+s1;Provincial;Athlétisme;Secondaire;Athlétisme J F D3 Championnat provincial en salle;D3;Juvénile;Féminin;14;0;0;0;0;0;0;;oui;d:14x0 s1:14x0;036efd4b-1581-4b32-899b-29ded8ce6eed
2025 - 2026;diffusion+s1;Provincial;Athlétisme;Secondaire;Athlétisme J F D3 Championnat provincial extérieur;D3;Juvénile;Féminin;14;0;0;0;0;0;0;;oui;d:14x0 s1:14x0;f48a12f6-2a70-4311-99f2-696649444f14
2025 - 2026;diffusion+s1;Provincial;Athlétisme;Secondaire;Athlétisme J M D3 Championnat provincial en salle;D3;Juvénile;Masculin;14;0;0;0;0;0;0;;oui;d:14x0 s1:14x0;932606a1-7c8c-478a-975d-3a058e350741
2025 - 2026;diffusion+s1;Provincial;Athlétisme;Secondaire;Athlétisme J M D3 Championnat provincial extérieur;D3;Juvénile;Masculin;14;0;0;0;0;0;0;;oui;d:14x0 s1:14x0;7058a07b-ec1a-4394-98f6-3ec3bd8a67e8
2025 - 2026;s1;Provincial;Athlétisme;Universitaire;Athlétisme U F;;Universitaire;Féminin;10;0;0;0;0;0;0;;oui;s1:14x0;b23ecd82-bc07-4524-a2b0-9ea2b22612ab
2025 - 2026;s1;Provincial;Athlétisme;Universitaire;Athlétisme U M;;Universitaire;Masculin;10;0;0;0;0;0;0;;oui;s1:14x0;b7daab0a-8097-42ef-b766-b4162b476a25
2025 - 2026;diffusion+s1;Provincial;Badminton;Secondaire;Badminton B U D3 Championnat provincial;D3;Benjamin;Mixte;14;0;0;0;0;0;0;;oui;d:14x18 s1:14x18;e2c30d64-b635-4d2a-b6ea-8958e4e33da7
2025 - 2026;s1;Provincial;Badminton;Collégial;Badminton C U D2 Nord-Est CQ;D2;Collégial;Mixte;9;0;0;0;0;12;0;;oui;s1:14x18;43540b63-fb56-4c59-8604-76fa6ec839e0
2025 - 2026;s1;Provincial;Badminton;Collégial;Badminton C U D2 Nord-Est QCA-EDQ;D2;Collégial;Mixte;8;;;;;;56;;oui;s1:14x18;890e51ec-cc9a-4ac7-911a-a01ac0c3894c
2025 - 2026;s1;Provincial;Badminton;Collégial;Badminton C U D2 Sud-Ouest;D2;Collégial;Mixte;6;;;;;;63;;oui;s1:14x18;c08ad05d-de2a-452d-a62b-dc50688481c6
2025 - 2026;diffusion+s1;Provincial;Badminton;Secondaire;Badminton C U D3 Championnat provincial;D3;Cadet;Mixte;14;0;0;0;0;0;0;;oui;d:14x18 s1:14x18;43f9713b-a4a8-4e79-a736-0c4586b40ecc
2025 - 2026;s1;Provincial;Badminton;Collégial;Badminton C U D3 Sud-Ouest;D3;Collégial;Mixte;8;;;;;;90;;oui;s1:14x18;8e4307d5-4707-4eef-bab9-6c91c3671036
2025 - 2026;diffusion+s1;Provincial;Badminton;Secondaire;Badminton J U D3 Championnat provincial;D3;Juvénile;Mixte;14;0;0;0;0;0;0;;oui;d:14x18 s1:14x18;452b11f8-062b-4fee-be11-65344936330b
2025 - 2026;s1;Provincial;Badminton;Universitaire;Badminton U U;;Universitaire;Mixte;7;0;0;0;0;0;0;;oui;s1:14x18;e4803814-27c8-4317-a23a-302fbee14de9
2025 - 2026;s1;Provincial;Baseball;Collégial;Baseball C M Sud-Ouest;;Collégial;Masculin;7;;;;;;45;;NON;s1:14x23*;4c0b2653-e68e-477d-82e2-595339d43974
2025 - 2026;s1;Provincial;Basketball;Secondaire;Basketball B F D1;D1;Benjamin;Féminin;9;54;45;9;0;0;0;;oui;s1:14x1;969a2f20-08c5-4be6-ba54-13b60f2a8300
2025 - 2026;s1;Provincial;Basketball;Secondaire;Basketball B F D2;D2;Benjamin;Féminin;9;60;52;8;0;0;0;;oui;s1:14x1;bb80c6f8-9a51-4289-b1bf-cd29aff14c07
2025 - 2026;diffusion+s1;Provincial;Basketball;Secondaire;Basketball B F D3 Championnat provincial;D3;Benjamin;Féminin;16;0;0;0;0;27;0;;oui;d:14x1 s1:14x1;6b48f63c-f183-4529-aada-e96aa6780624
2025 - 2026;s1;Provincial;Basketball;Secondaire;Basketball B M D1;D1;Benjamin;Masculin;13;90;78;12;0;0;0;;oui;s1:14x1;6dd9ed88-26dc-4db2-afb0-b6ee378ef002
2025 - 2026;s1;Provincial;Basketball;Secondaire;Basketball B M D2;D2;Benjamin;Masculin;8;64;56;8;0;0;0;;oui;s1:14x1;ec48cf3b-e70b-4fb6-89f1-271e8f170015
2025 - 2026;diffusion+s1;Provincial;Basketball;Secondaire;Basketball B M D3 Championnat provincial;D3;Benjamin;Masculin;16;0;0;0;0;27;0;;oui;d:14x1 s1:14x1;f041e0dc-e678-48f6-962f-f8443b54b7d2
2025 - 2026;s1;Provincial;Basketball;Secondaire;Basketball C F D1 A;D1;Cadet;Féminin;5;61;52;9;0;0;0;;oui;s1:14x1;a34d31ed-19bb-4854-9d27-b79cde24a922
2025 - 2026;s1;Provincial;Basketball;Secondaire;Basketball C F D1 B;D1;Cadet;Féminin;4;61;52;9;0;0;0;;oui;s1:14x1;c19b3e99-a255-49c3-a118-dc49b1d9ad5f
2025 - 2026;s1;Provincial;Basketball;Collégial;Basketball C F D1 Provincial;D1;Collégial;Féminin;8;63;56;7;0;0;0;;oui;s1:14x1;3ad046b4-dac1-4c38-8f6a-d98aa4e59085
2025 - 2026;s1;Provincial;Basketball;Secondaire;Basketball C F D2 A;D2;Cadet;Féminin;5;88;80;8;0;0;0;;oui;s1:14x1;fc00612c-8d05-44f7-a47b-45c2c0d4cb62
2025 - 2026;s1;Provincial;Basketball;Secondaire;Basketball C F D2 B;D2;Cadet;Féminin;6;88;80;8;0;0;0;;oui;s1:14x1;16e6f62d-ff2e-49fe-b1c0-e48d02a0b6d1
2025 - 2026;s1;Provincial;Basketball;Collégial;Basketball C F D2 Nord-Est CQ (A);D2;Collégial;Féminin;5;68;65;3;0;12;0;;oui;s1:14x1;0918f3d2-fa52-490c-989a-00ee4a070e5e
2025 - 2026;s1;Provincial;Basketball;Collégial;Basketball C F D2 Nord-Est CQ (B);D2;Collégial;Féminin;5;68;65;3;0;12;0;;oui;s1:14x1;fb0dfd68-00a1-458a-8696-a4e935a4e0da
2025 - 2026;s1;Provincial;Basketball;Collégial;Basketball C F D2 Nord-Est QCA-EDQ-SLSJ;D2;Collégial;Féminin;7;;;;;;51;;oui;s1:14x1;98a741ac-01ba-4aea-bd9c-6d3828c66c90
2025 - 2026;s1;Provincial;Basketball;Collégial;Basketball C F D2 Sud-Ouest;D2;Collégial;Féminin;6;;;;;;45;;oui;s1:14x1;492133e5-2e3f-4a8b-b50e-b7b3c283762b
2025 - 2026;diffusion+s1;Provincial;Basketball;Secondaire;Basketball C F D3 Championnat provincial;D3;Cadet;Féminin;16;0;0;0;0;27;0;;oui;d:14x1 s1:14x1;74aba888-59de-43cf-b5ef-508b434bd8d8
2025 - 2026;s1;Provincial;Basketball;Collégial;Basketball C F D3 Nord-Est;D3;Collégial;Féminin;9;;;;;;59;;oui;s1:14x1;e14b1171-f920-4c66-8856-6788002d9ad5
2025 - 2026;s1;Provincial;Basketball;Collégial;Basketball C F D3 Sud-Ouest;D3;Collégial;Féminin;12;;;;;;104;;oui;s1:14x1;d694e945-fef4-48d3-9e98-a6221d530af8
2025 - 2026;s1;Provincial;Basketball;Secondaire;Basketball C M D1;D1;Cadet;Masculin;13;90;78;12;0;0;0;;oui;s1:14x1;838be4a6-bdd2-46cd-8406-b1d35abda032
2025 - 2026;s1;Provincial;Basketball;Collégial;Basketball C M D1 Provincial;D1;Collégial;Masculin;12;106;96;10;0;0;0;;oui;s1:14x1;62248f1f-ec17-4bf5-9977-68fd5c594d31
2025 - 2026;s1;Provincial;Basketball;Secondaire;Basketball C M D2 A;D2;Cadet;Masculin;9;156;144;12;0;0;0;;oui;s1:14x1;675167cc-ab73-4974-a732-b30eecc0f136
2025 - 2026;s1;Provincial;Basketball;Secondaire;Basketball C M D2 B;D2;Cadet;Masculin;9;156;144;12;0;0;0;;oui;s1:14x1;e8d71f48-4f98-4ec0-bf71-7ae6cc22bc85
2025 - 2026;s1;Provincial;Basketball;Collégial;Basketball C M D2 Nord-Est CQ;D2;Collégial;Masculin;10;72;70;2;0;12;0;;oui;s1:14x1;1e3c168d-1b53-4b90-b1f8-a6de827ebc23
2025 - 2026;s1;Provincial;Basketball;Collégial;Basketball C M D2 Nord-Est QCA-EDQ-SLSJ;D2;Collégial;Masculin;8;;;;;;58;;oui;s1:14x1;b6c79516-c8bb-4d3a-af98-0ef31620780c
2025 - 2026;s1;Provincial;Basketball;Collégial;Basketball C M D2 Sud-Ouest;D2;Collégial;Masculin;9;;;;;;72;;oui;s1:14x1;654a4cf6-564f-447b-9a85-dbaffad81ffe
2025 - 2026;diffusion+s1;Provincial;Basketball;Secondaire;Basketball C M D3 Championnat provincial;D3;Cadet;Masculin;16;0;0;0;0;27;0;;oui;d:14x1 s1:14x1;8124e7ee-c8ab-4528-a1ea-ae525e85fb1f
2025 - 2026;s1;Provincial;Basketball;Collégial;Basketball C M D3 Nord-Est QCA-EDQ;D3;Collégial;Masculin;10;;;;;;65;;oui;s1:14x1;7bca0d0a-d6d1-4333-858b-fa81f70d5c23
2025 - 2026;s1;Provincial;Basketball;Collégial;Basketball C M D3 Nord-Est SLSJ-CN;D3;Collégial;Masculin;6;39;36;3;0;0;0;;oui;s1:14x1;49cd3643-059c-4dc4-96e4-a4becdd7187c
2025 - 2026;s1;Provincial;Basketball;Collégial;Basketball C M D3 Sud-Ouest A;D3;Collégial;Masculin;9;;;;;;82;;oui;s1:14x1;6a074f17-168b-4905-98bf-8509e9240ffe
2025 - 2026;s1;Provincial;Basketball;Collégial;Basketball C M D3 Sud-Ouest B;D3;Collégial;Masculin;6;55;45;10;0;0;0;;oui;s1:14x1;968e9cd5-76af-474e-b917-030b9ee4eeeb
2025 - 2026;s1;Provincial;Basketball;Secondaire;Basketball J F D1 A;D1;Juvénile;Féminin;4;61;52;9;0;0;0;;oui;s1:14x1;2d329ce3-7ec9-4636-9820-47bc3607d084
2025 - 2026;s1;Provincial;Basketball;Secondaire;Basketball J F D1 B;D1;Juvénile;Féminin;5;61;52;9;0;0;0;;oui;s1:14x1;4813dd45-9a93-42d2-ab98-53b17b011f90
2025 - 2026;s1;Provincial;Basketball;Secondaire;Basketball J F D2 A1;D2;Juvénile;Féminin;6;157;145;12;0;0;0;;oui;s1:14x1;0afd987d-ed91-4bb6-b552-5d2dc25b90d9
2025 - 2026;s1;Provincial;Basketball;Secondaire;Basketball J F D2 A2;D2;Juvénile;Féminin;5;157;145;12;0;0;0;;oui;s1:14x1;a934b66e-c338-4bcd-8764-e8c90ec8004b
2025 - 2026;s1;Provincial;Basketball;Secondaire;Basketball J F D2 B1;D2;Juvénile;Féminin;5;157;145;12;0;0;0;;oui;s1:14x1;0bef01ff-e2fd-4ba3-99e0-65389f518337
2025 - 2026;s1;Provincial;Basketball;Secondaire;Basketball J F D2 B2;D2;Juvénile;Féminin;5;157;145;12;0;0;0;;oui;s1:14x1;28bed3fd-86f2-471c-a234-992c178d7c42
2025 - 2026;diffusion+s1;Provincial;Basketball;Secondaire;Basketball J F D3 Championnat provincial;D3;Juvénile;Féminin;16;0;0;0;0;27;0;;oui;d:14x1 s1:14x1;f18626f5-15c6-4738-9cb0-6e6218bac6df
2025 - 2026;s1;Provincial;Basketball;Secondaire;Basketball J M D1;D1;Juvénile;Masculin;16;134;120;14;0;0;0;;oui;s1:14x1;3ceca4c4-435a-492d-a51d-002e977ed94e
2025 - 2026;s1;Provincial;Basketball;Secondaire;Basketball J M D2 A;D2;Juvénile;Masculin;9;174;162;12;0;0;0;;oui;s1:14x1;fcafb185-e108-4f0f-8720-ea7ba313ecd7
2025 - 2026;s1;Provincial;Basketball;Secondaire;Basketball J M D2 B;D2;Juvénile;Masculin;10;174;162;12;0;0;0;;oui;s1:14x1;ab2d467b-d74e-424e-b84b-9e11a29052be
2025 - 2026;diffusion+s1;Provincial;Basketball;Secondaire;Basketball J M D3 Championnat provincial;D3;Juvénile;Masculin;16;0;0;0;0;27;0;;oui;d:14x1 s1:14x1;6d35d6f2-3e97-41e4-b685-5e430c380192
2025 - 2026;s1;Provincial;Basketball;Universitaire;Basketball U F;;Universitaire;Féminin;5;43;40;3;0;0;0;;oui;s1:14x1;e4e370b9-5184-4ec0-8359-c6847655feb1
2025 - 2026;s1;Provincial;Basketball;Universitaire;Basketball U M;;Universitaire;Masculin;5;58;55;3;0;0;0;;oui;s1:14x1;b018b604-6056-4657-8129-0782f9e31444
2025 - 2026;s1;Provincial;Basketball;Universitaire;Basketball U M externe;;Universitaire;Masculin;3;15;15;0;0;0;0;;oui;s1:14x1;5b66684d-01dd-4871-8898-a604beda7088
2025 - 2026;diffusion+s1;Provincial;Cheerleading;Secondaire;Cheerleading B U D3 Championnat provincial Niveau 1;D3;Benjamin;Mixte;4;0;0;0;0;0;0;;oui;d:14x2 s1:14x2;b72146ed-a8f1-4a9d-bf22-63df5f357026
2025 - 2026;diffusion+s1;Provincial;Cheerleading;Secondaire;Cheerleading B U D3 Championnat provincial Niveau 2;D3;Benjamin;Mixte;6;0;0;0;0;0;0;;oui;d:14x2 s1:14x2;9a5a3cee-d5ce-44e1-91b4-bccd046ea9d6
2025 - 2026;diffusion+s1;Provincial;Cheerleading;Secondaire;Cheerleading C U D3 Championnat provincial Niveau 2;D3;Cadet;Mixte;4;0;0;0;0;0;0;;oui;d:14x2 s1:14x2;1c27fce2-c2ec-4ab4-9f50-4d47ad0989a6
2025 - 2026;diffusion+s1;Provincial;Cheerleading;Secondaire;Cheerleading C U D3 Championnat provincial Niveau 3;D3;Cadet;Mixte;3;0;0;0;0;0;0;;oui;d:14x2 s1:14x2;93c7217a-ab62-4a7d-bbcf-640fa0acf4f2
2025 - 2026;s1;Provincial;Cheerleading;Collégial;Cheerleading C U Nord-Est;;Collégial;Mixte;10;0;0;0;0;0;0;;oui;s1:14x2;e36d4b9c-7274-4bfc-8048-e75122d883ae
2025 - 2026;diffusion+s1;Provincial;Cheerleading;Secondaire;Cheerleading J U D3 Championnat provincial Niveau 3;D3;Juvénile;Mixte;4;0;0;0;0;0;0;;oui;d:14x2 s1:14x2;2c3d5125-006d-419c-96d3-e7de44b68075
2025 - 2026;diffusion+s1;Provincial;Cheerleading;Secondaire;Cheerleading J U D3 Championnat provincial Niveau 4;D3;Juvénile;Mixte;3;0;0;0;0;0;0;;oui;d:14x2 s1:14x2;2683d19a-cb1e-4936-9817-168c30147bab
2025 - 2026;diffusion+s1;Provincial;Cheerleading;Secondaire;Cheerleading O U D3 Championnat provincial Niveau 1 petit | grand;D3;Ouvert;Mixte;17;0;0;0;0;0;0;;oui;d:14x2 s1:14x2;de059dc9-49b0-404f-8521-0267688df834
2025 - 2026;diffusion+s1;Provincial;Cheerleading;Secondaire;Cheerleading O U D3 Championnat provincial Niveau 2 - sans tumbling petit | moyen | grand;D3;Ouvert;Mixte;29;0;0;0;0;0;0;;oui;d:14x2 s1:14x2;2c37be32-f745-4ea2-b61e-c38427a8e5c5
2025 - 2026;diffusion+s1;Provincial;Cheerleading;Secondaire;Cheerleading O U D3 Championnat provincial Niveau 2 petit | grand;D3;Ouvert;Mixte;19;0;0;0;0;0;0;;oui;d:14x2 s1:14x2;6405d29b-66e7-4e4f-9ebf-6cb2b116ec9d
2025 - 2026;diffusion+s1;Provincial;Cheerleading;Secondaire;Cheerleading O U D3 Championnat provincial Niveau 3;D3;Ouvert;Mixte;6;0;0;0;0;0;0;;oui;d:14x2 s1:14x2;8a870ace-29a6-4d0c-8f97-ffbe46a202d5
2025 - 2026;diffusion+s1;Provincial;Cheerleading;Secondaire;Cheerleading O U D3 Championnat provincial Niveau 3 - sans tumbling;D3;Ouvert;Mixte;5;0;0;0;0;0;0;;oui;d:14x2 s1:14x2;93205fd1-bf91-431f-851a-9e19976aa11e
2025 - 2026;s1;Provincial;Cheerleading;Universitaire;Cheerleading U U;;Universitaire;Mixte;5;0;0;0;0;0;0;;oui;s1:14x2;e14c889a-a533-4025-a334-a61a1bcfe1f0
2025 - 2026;diffusion+s1;Provincial;Cross-country;Secondaire;Cross-country B F D3 Championnat provincial;D3;Benjamin;Féminin;14;0;0;0;0;0;0;;oui;d:14x3 s1:14x3;350554f3-6768-46af-a951-9d41e93316ea
2025 - 2026;diffusion+s1;Provincial;Cross-country;Secondaire;Cross-country B M D3 Championnat provincial;D3;Benjamin;Masculin;14;0;0;0;0;0;0;;oui;d:14x3 s1:14x3;48d12721-9ac3-4241-90b0-96bc1fad4d2c
2025 - 2026;diffusion+s1;Provincial;Cross-country;Secondaire;Cross-country C F D3 Championnat provincial;D3;Cadet;Féminin;14;0;0;0;0;0;0;;oui;d:14x3 s1:14x3;e37996d0-400b-4204-9a93-ca85f6a01e56
2025 - 2026;diffusion+s1;Provincial;Cross-country;Secondaire;Cross-country C M D3 Championnat provincial;D3;Cadet;Masculin;14;0;0;0;0;0;0;;oui;d:14x3 s1:14x3;c500f036-2569-4ee0-9e29-8880011291f5
2025 - 2026;s1;Provincial;Cross-country;Collégial;Cross-country C U Nord-Est;;Collégial;Mixte;23;0;0;0;0;0;0;;oui;s1:14x3;effd37ad-be18-4b0d-b35b-adb0dbb0f36f
2025 - 2026;s1;Provincial;Cross-country;Collégial;Cross-country C U Sud-Ouest;;Collégial;Mixte;20;0;0;0;0;0;0;;oui;s1:14x3;3642926b-7b0b-4aaa-8271-fcd0d5e2f07b
2025 - 2026;diffusion+s1;Provincial;Cross-country;Secondaire;Cross-country J F D3 Championnat provincial;D3;Juvénile;Féminin;14;0;0;0;0;0;0;;oui;d:14x3 s1:14x3;2420c32d-5fad-4f2a-963c-498bae6030c8
2025 - 2026;diffusion+s1;Provincial;Cross-country;Secondaire;Cross-country J M D3 Championnat provincial;D3;Juvénile;Masculin;14;0;0;0;0;0;0;;oui;d:14x3 s1:14x3;1330eda4-8c93-4e96-8faf-c7a21681d29b
2025 - 2026;diffusion+s1;Provincial;Cross-country;Secondaire;Cross-country M F D3 Championnat provincial;D3;Moustique;Féminin;14;0;0;0;0;0;0;;oui;d:14x3 s1:14x3;5b2cf9b1-7f40-4bcf-b42b-085282e878da
2025 - 2026;diffusion+s1;Provincial;Cross-country;Secondaire;Cross-country M M D3 Championnat provincial;D3;Moustique;Masculin;14;0;0;0;0;0;0;;oui;d:14x3 s1:14x3;41741956-b766-462a-a655-2ba239fdb900
2025 - 2026;s1;Provincial;Cross-country;Universitaire;Cross-country U F;;Universitaire;Féminin;10;0;0;0;0;0;0;;oui;s1:14x3;1f94c586-cfa5-410c-8c7f-653099354b24
2025 - 2026;s1;Provincial;Cross-country;Universitaire;Cross-country U M;;Universitaire;Masculin;10;0;0;0;0;0;0;;oui;s1:14x3;99455058-3945-4f1f-81be-751ae264e69c
2025 - 2026;diffusion+s1;Provincial;Flag football;Secondaire;Flag football B F D3 Championnat provincial;D3;Benjamin;Féminin;12;12;12;0;0;12;12;;oui;d:14x4 s1:14x4;846ef8a1-7584-4bed-afa5-b4e02607cdcc
2025 - 2026;diffusion+s1;Provincial;Flag football;Secondaire;Flag football B M D3 Championnat provincial;D3;Benjamin;Masculin;8;12;12;0;0;6;12;;oui;d:14x4 s1:14x4;e68a5b25-dfe6-48ba-8d3d-952fca733703
2025 - 2026;s1;Provincial;Flag football;Collégial;Flag football C F D2 Nord-Est CQ;D2;Collégial;Féminin;9;50;45;5;0;0;50;;oui;s1:14x4;6941c44f-a2f8-4de6-af22-3be99c10e9c2
2025 - 2026;s1;Provincial;Flag football;Collégial;Flag football C F D2 Sud-Ouest;D2;Collégial;Féminin;10;48;45;3;0;0;48;;oui;s1:14x4;42a3462f-bbb5-4702-a3b1-34a904556fe6
2025 - 2026;diffusion+s1;Provincial;Flag football;Secondaire;Flag football C F D3 Championnat provincial;D3;Cadet;Féminin;12;12;12;0;0;12;12;;oui;d:14x4 s1:14x4;624dddb8-0efc-47ad-9933-26417bbf236a
2025 - 2026;s1;Provincial;Flag football;Collégial;Flag football C F D3 Nord-Est QCA-EDQ;D3;Collégial;Féminin;5;34;30;4;0;0;34;;oui;s1:14x4;1f074cf0-9729-43ba-937a-198abea83dbf
2025 - 2026;s1;Provincial;Flag football;Collégial;Flag football C F D3 Sud-Ouest A;D3;Collégial;Féminin;11;61;55;6;0;0;61;;oui;s1:14x4;9d282475-3164-47ba-ac1c-f8b04b4a29d3
2025 - 2026;s1;Provincial;Flag football;Collégial;Flag football C F D3 Sud-Ouest B;D3;Collégial;Féminin;5;24;20;4;0;0;0;;oui;s1:14x4;d06dcd1f-a5f0-41c8-95a1-f57b95fd7fe2
2025 - 2026;s1;Provincial;Flag football;Collégial;Flag football C F D3 Sud-Ouest C;D3;Collégial;Féminin;5;24;20;4;0;0;0;;oui;s1:14x4;a2c93770-6b65-4f7f-a8b9-19cec93853cd
2025 - 2026;diffusion+s1;Provincial;Flag football;Secondaire;Flag football C M D3 Championnat provincial;D3;Cadet;Masculin;8;12;12;0;0;6;12;;oui;d:14x4 s1:14x4;5f3561cc-4408-4c49-be4b-b348931f0094
2025 - 2026;s1;Provincial;Flag football;Collégial;Flag football C M D3 Sud-Ouest;D3;Collégial;Masculin;8;45;40;5;0;0;45;;oui;s1:14x4;7414136c-8738-4ee8-afa9-ee8eb94de3d4
2025 - 2026;diffusion+s1;Provincial;Flag football;Secondaire;Flag football J F D3 Championnat provincial;D3;Juvénile;Féminin;12;12;12;0;0;12;12;;oui;d:14x4 s1:14x4;6eb18bca-d58d-4a2d-864a-ddbd5529ec8c
2025 - 2026;diffusion+s1;Provincial;Flag football;Secondaire;Flag football J M D3 Championnat provincial;D3;Juvénile;Masculin;9;12;12;0;0;6;12;;oui;d:14x4 s1:14x4;fa4163dc-cb68-458f-b805-3f506c3b574b
2025 - 2026;s1;Provincial;Flag football;Universitaire;Flag football U F;;Universitaire;Féminin;7;45;42;3;0;0;0;;oui;s1:14x4;78f33332-b667-4c02-9b89-b052dbd82f56
2025 - 2026;s1;Provincial;Football;Secondaire;Football C M D1;D1;Cadet;Masculin;8;38;32;6;0;0;0;;NON;s1:14x5*;68c0e45c-211c-43f7-bea0-e683999e3fa7
2025 - 2026;s1;Provincial;Football;Collégial;Football C M D1 Provincial;D1;Collégial;Masculin;8;37;32;5;0;0;0;;NON;s1:14x5*;a856c33a-556b-44a0-a900-02481948e7ec
2025 - 2026;s1;Provincial;Football;Collégial;Football C M D2 Provincial;D2;Collégial;Masculin;10;51;45;6;0;0;0;;NON;s1:14x5*;aa637575-6ca9-49c6-8e68-64c0fba3af0f
2025 - 2026;s1;Provincial;Football;Collégial;Football C M D3 Provincial Nord-Est;D3;Collégial;Masculin;6;31;24;7;0;0;0;;NON;s1:14x5*;54514566-1c3e-45dc-94da-9ec1d1057fbe
2025 - 2026;s1;Provincial;Football;Collégial;Football C M D3 Provincial Sud-Ouest;D3;Collégial;Masculin;7;35;28;7;0;0;0;;NON;s1:14x5*;994cf1a6-7c84-40dd-a430-71802d38b04d
2025 - 2026;s1;Provincial;Football;Secondaire;Football J M D1;D1;Juvénile;Masculin;8;38;32;6;0;0;0;;NON;s1:14x5*;9be4c746-f4b0-4019-abd4-314919354d80
2025 - 2026;s1;Provincial;Football;Secondaire;Football J M D2;D2;Juvénile;Masculin;10;51;45;6;0;0;0;;NON;s1:14x5*;d45faf0a-d65b-4c4f-adc0-cbbf3c9a557b
2025 - 2026;s1;Provincial;Football;Universitaire;Football U M;;Universitaire;Masculin;5;23;20;3;3;0;0;;NON;s1:14x5*;7c5771f7-7911-4541-9754-14f024bb6907
2025 - 2026;diffusion+s1;Provincial;Futsal;Secondaire;Futsal B F D3 Championnat provincial;D3;Benjamin;Féminin;16;0;0;0;0;30;0;;oui;d:14x30 s1:14x30;9427c875-1a25-4558-a39d-4e0f41ea5e13
2025 - 2026;diffusion+s1;Provincial;Futsal;Secondaire;Futsal B M D3 Championnat provincial;D3;Benjamin;Masculin;16;0;0;0;0;30;0;;oui;d:14x30 s1:14x30;a05bcb00-870f-40ce-a961-a8bcc0a291bd
2025 - 2026;diffusion+s1;Provincial;Futsal;Secondaire;Futsal C F D3 Championnat provincial;D3;Cadet;Féminin;16;0;0;0;0;30;0;;oui;d:14x30 s1:14x30;b79bed9c-fa42-4379-bb06-90e48277ffdc
2025 - 2026;s1;Provincial;Futsal;Collégial;Futsal C F Sud-Ouest;;Collégial;Féminin;5;;;;;;33;;oui;s1:14x30;8b4bcd55-3a4c-4744-997b-bcb31cebd1f5
2025 - 2026;diffusion+s1;Provincial;Futsal;Secondaire;Futsal C M D3 Championnat provincial;D3;Cadet;Masculin;16;0;0;0;0;30;0;;oui;d:14x30 s1:14x30;b0eb327e-dadf-40df-81e8-4c5505ae513b
2025 - 2026;diffusion+s1;Provincial;Futsal;Secondaire;Futsal J F D3 Championnat provincial;D3;Juvénile;Féminin;16;0;0;0;0;30;0;;oui;d:14x30 s1:14x30;e4291728-f402-42ff-b854-052e4e80fe1e
2025 - 2026;diffusion+s1;Provincial;Futsal;Secondaire;Futsal J M D3 Championnat provincial;D3;Juvénile;Masculin;16;0;0;0;0;30;0;;oui;d:14x30 s1:14x30;94edfd42-6b14-4433-907b-172cd351df1e
2025 - 2026;s1;Provincial;Golf;Collégial;Golf C U Sud-Ouest;;Collégial;Mixte;9;0;0;0;0;0;0;;NON;s1:14x6*;4b7b8185-2247-4cdf-a95e-f51d5f4594c8
2025 - 2026;s1;Provincial;Golf;Universitaire;Golf U F;;Universitaire;Féminin;10;0;0;0;0;0;0;;NON;s1:14x6*;3d18bcf2-2297-43bf-8a6b-5b3d52643101
2025 - 2026;s1;Provincial;Golf;Universitaire;Golf U M;;Universitaire;Masculin;10;0;0;0;0;0;0;;NON;s1:14x6*;80467899-45ca-4d0a-b0d7-94f62e194c79
2025 - 2026;s1;Provincial;Hockey;Collégial;Hockey C F D1 Provincial;D1;Collégial;Féminin;6;0;0;0;0;0;0;;NON;s1:14x9*;4cce05cf-3903-4bbf-a34e-3ad75a190dc7
2025 - 2026;s1;Provincial;Hockey;Collégial;Hockey C F D2 Provincial;D2;Collégial;Féminin;6;0;0;0;0;0;0;;NON;s1:14x9*;815482b0-4df0-482f-8710-53d4cf204c38
2025 - 2026;s1;Provincial;Hockey;Collégial;Hockey C M D1 Provincial;D1;Collégial;Masculin;12;0;0;0;0;0;0;;NON;s1:14x9*;66c02a47-a882-486b-a06e-403275716e51
2025 - 2026;s1;Provincial;Hockey;Collégial;Hockey C M D2 Nord-Est;D2;Collégial;Masculin;9;0;0;0;0;0;0;;NON;s1:14x9*;5883f387-10d1-4fd2-8933-8c918feb3653
2025 - 2026;s1;Provincial;Hockey;Collégial;Hockey C M D2 Sud-Ouest;D2;Collégial;Masculin;8;0;0;0;0;0;0;;NON;s1:14x9*;6c2f0dac-38b6-4490-9cc2-67b77ea7d15d
2025 - 2026;s1;Provincial;Hockey;Universitaire;Hockey U F;;Universitaire;Féminin;4;0;0;0;0;0;0;;NON;s1:14x9*;7ed56d9c-5d96-4c11-aea0-015c6edb7b3b
2025 - 2026;s1;Provincial;Hockey;Universitaire;Hockey U M D2;D2;Universitaire;Masculin;1;0;0;0;0;0;0;;NON;s1:14x9*;84efde22-12c5-40ea-a11f-8074d2b5cde8
2025 - 2026;diffusion+s1;Provincial;Natation;Secondaire;Natation B F D3 Championnat provincial;D3;Benjamin;Féminin;14;0;0;0;0;0;0;;oui;d:14x10 s1:14x10;d8126604-e752-4f83-8b4d-205f25c53588
2025 - 2026;diffusion+s1;Provincial;Natation;Secondaire;Natation B M D3 Championnat provincial;D3;Benjamin;Masculin;14;0;0;0;0;0;0;;oui;d:14x10 s1:14x10;450e62d5-2383-4fc8-a3e5-cdb6ab9648af
2025 - 2026;diffusion+s1;Provincial;Natation;Secondaire;Natation C F D3 Championnat provincial;D3;Cadet;Féminin;14;0;0;0;0;0;0;;oui;d:14x10 s1:14x10;a1ce455a-e220-4d70-ba39-ffa97760b43a
2025 - 2026;diffusion+s1;Provincial;Natation;Secondaire;Natation C M D3 Championnat provincial;D3;Cadet;Masculin;14;0;0;0;0;0;0;;oui;d:14x10 s1:14x10;35ae59a4-d257-464b-99c8-6d8218c2dd9b
2025 - 2026;s1;Provincial;Natation;Collégial;Natation C U Nord-Est;;Collégial;Mixte;20;0;0;0;0;0;0;;oui;s1:14x10;aa295cdd-77c9-4603-bf12-af8fd58d1f88
2025 - 2026;s1;Provincial;Natation;Collégial;Natation C U Sud-Ouest;;Collégial;Mixte;8;0;0;0;0;0;0;;oui;s1:14x10;f3194fc6-089c-4a72-83ac-ab3bf0651d0b
2025 - 2026;diffusion+s1;Provincial;Natation;Secondaire;Natation J F D3 Championnat provincial;D3;Juvénile;Féminin;14;0;0;0;0;0;0;;oui;d:14x10 s1:14x10;523184c9-ee9b-4d51-b37a-cab3f630ab49
2025 - 2026;diffusion+s1;Provincial;Natation;Secondaire;Natation J M D3 Championnat provincial;D3;Juvénile;Masculin;14;0;0;0;0;0;0;;oui;d:14x10 s1:14x10;4ce9f54b-60cf-4763-8d53-44c4a43170f3
2025 - 2026;s1;Provincial;Natation;Universitaire;Natation U F;;Universitaire;Féminin;6;0;0;0;0;0;0;;oui;s1:14x10;75df44c1-6529-4639-914a-d536e5bdc2b9
2025 - 2026;s1;Provincial;Natation;Universitaire;Natation U M;;Universitaire;Masculin;6;0;0;0;0;0;0;;oui;s1:14x10;d6fb675b-ff6f-4ecd-afea-8e8f5e17973b
2025 - 2026;s1;Provincial;Rugby;Collégial;Rugby C F Nord-Est CQ (à 12);;Collégial;Féminin;5;36;33;3;0;0;0;;NON;s1:14x11*;c705d49e-e082-4922-98e1-9a636e9fd391
2025 - 2026;s1;Provincial;Rugby;Collégial;Rugby C F Nord-Est QCA-EDQ (à 12);;Collégial;Féminin;6;;;;;;36;;NON;s1:14x11*;12a14f6f-5e2d-442f-9b32-e53df70980bb
2025 - 2026;s1;Provincial;Rugby;Collégial;Rugby C F Sud-Ouest (à 12);;Collégial;Féminin;4;;;;;;14;;NON;s1:14x11*;a87e9fe1-3972-42eb-be01-b19f1304c3b4
2025 - 2026;s1;Provincial;Rugby;Collégial;Rugby C M Nord-Est (à 7);;Collégial;Masculin;6;;;;;;33;;NON;s1:14x11*;a7e8232c-9d47-49cc-b578-1482d0f34bce
2025 - 2026;s1;Provincial;Rugby;Collégial;Rugby C M Sud-Ouest (à 12);;Collégial;Masculin;5;;;;;;18;;NON;s1:14x11*;77390fac-c162-47e4-9f91-b4bf5151b938
2025 - 2026;s1;Provincial;Rugby;Universitaire;Rugby U F;;Universitaire;Féminin;8;28;24;4;0;0;0;;NON;s1:14x11*;f675b71f-ef1a-4dc5-ba09-0e378be48975
2025 - 2026;s1;Provincial;Rugby;Universitaire;Rugby U M;;Universitaire;Masculin;7;24;21;3;0;0;0;;NON;s1:14x11*;c80803ae-8c87-4619-8d76-3eda0fdf2d27
2025 - 2026;s1;Provincial;Soccer intérieur;Collégial;Soccer intérieur C F D3 Nord-Est CQ;D3;Collégial;Féminin;8;;;;;;42;;NON;s1:14x12*;e8ea783e-de3c-41a7-9043-673969dded52
2025 - 2026;s1;Provincial;Soccer intérieur;Collégial;Soccer intérieur C F Sud-Ouest;;Collégial;Féminin;8;;;;;;60;;NON;s1:14x12*;992bce14-7c52-406c-8c6f-0eff5ce38d0e
2025 - 2026;s1;Provincial;Soccer intérieur;Collégial;Soccer intérieur C M D3 Nord-Est CQ;D3;Collégial;Masculin;9;;;;;;46;;NON;s1:14x12*;e498c2a1-1716-4b4a-85b2-baf444f54d97
2025 - 2026;s1;Provincial;Soccer intérieur;Collégial;Soccer intérieur C M Sud-Ouest;;Collégial;Masculin;7;;;;;;53;;NON;s1:14x12*;60feffdd-e4e3-4dcc-a057-4343846debdd
2025 - 2026;s1;Provincial;Soccer intérieur;Universitaire;Soccer intérieur U F;;Universitaire;Féminin;8;7;0;7;0;0;0;;NON;s1:14x12*;b793d620-5dc5-42b6-896a-bda0605319de
2025 - 2026;s1;Provincial;Soccer intérieur;Universitaire;Soccer intérieur U M;;Universitaire;Masculin;7;6;0;6;0;0;0;;NON;s1:14x12*;d126302c-a847-45ac-bbe1-d3a7da1ac74d
2025 - 2026;s1;Provincial;Soccer;Collégial;Soccer C F D1 Provincial;D1;Collégial;Féminin;8;45;40;5;0;0;0;;NON;s1:14x13*;8ed452d8-712e-49d6-b2a1-092d8f23def6
2025 - 2026;s1;Provincial;Soccer;Collégial;Soccer C F D2 Nord-Est CQ;D2;Collégial;Féminin;6;25;24;1;0;4;0;;NON;s1:14x13*;da4d2af5-4f5f-4fd7-abd9-433f66754668
2025 - 2026;s1;Provincial;Soccer;Collégial;Soccer C F D2 Nord-Est QCA-EDQ-SLSJ (A);D2;Collégial;Féminin;5;;;;;;44;;NON;s1:14x13*;e696874b-edd2-439d-a0e1-76055febb3b3
2025 - 2026;s1;Provincial;Soccer;Collégial;Soccer C F D2 Nord-Est QCA-EDQ-SLSJ (B);D2;Collégial;Féminin;5;44;40;4;0;4;0;;NON;s1:14x13*;3449487e-f993-47ce-8f87-ab3a654cee65
2025 - 2026;s1;Provincial;Soccer;Collégial;Soccer C F D2 Sud-Ouest;D2;Collégial;Féminin;5;;;;;;20;;NON;s1:14x13*;12c9eaaf-88e4-431e-a74b-5eaa1be39a0d
2025 - 2026;s1;Provincial;Soccer;Collégial;Soccer C F D3 Sud-Ouest A;D3;Collégial;Féminin;5;;;;;;23;;NON;s1:14x13*;43c81f20-2f44-4d41-bf24-b466d623decd
2025 - 2026;s1;Provincial;Soccer;Collégial;Soccer C F D3 Sud-Ouest B;D3;Collégial;Féminin;4;21;18;3;0;0;0;;NON;s1:14x13*;7d7e6722-27a8-4329-8732-1b200575f2b8
2025 - 2026;s1;Provincial;Soccer;Collégial;Soccer C M D1 Provincial;D1;Collégial;Masculin;10;51;45;6;0;0;0;;NON;s1:14x13*;1f46255c-6772-41c6-b895-fb2f011ca67b
2025 - 2026;s1;Provincial;Soccer;Collégial;Soccer C M D2 Nord-Est CQ;D2;Collégial;Masculin;6;25;24;1;0;4;0;;NON;s1:14x13*;3d8e1032-4979-4a1d-b2b4-f9aa526fd466
2025 - 2026;s1;Provincial;Soccer;Collégial;Soccer C M D2 Nord-Est QCA-EDQ-SLSJ (A);D2;Collégial;Masculin;5;;;;;;48;;NON;s1:14x13*;ad59ce80-c098-46b2-9269-2cbdb4bc616d
2025 - 2026;s1;Provincial;Soccer;Collégial;Soccer C M D2 Nord-Est QCA-EDQ-SLSJ (B);D2;Collégial;Masculin;6;48;44;4;0;4;0;;NON;s1:14x13*;8ccd3380-004f-4e24-a70c-86d50c16f559
2025 - 2026;s1;Provincial;Soccer;Collégial;Soccer C M D2 Sud-Ouest;D2;Collégial;Masculin;9;;;;;;38;;NON;s1:14x13*;374afdd6-e7fc-496b-80df-2cffec4b8533
2025 - 2026;s1;Provincial;Soccer;Collégial;Soccer C M D3 Sud-Ouest;D3;Collégial;Masculin;7;;;;;;31;;NON;s1:14x13*;45ef27a3-6d33-4e52-8667-c11aa9c6b40a
2025 - 2026;s1;Provincial;Soccer;Universitaire;Soccer U F;;Universitaire;Féminin;8;59;56;3;0;0;0;;NON;s1:14x13*;4014bc55-1b99-4c61-8cc3-2b8d4d42f3c1
2025 - 2026;s1;Provincial;Soccer;Universitaire;Soccer U M;;Universitaire;Masculin;7;45;42;3;0;0;0;;NON;s1:14x13*;29c0895d-c709-4eab-ac9e-a169acd1b67e
2025 - 2026;s1;Provincial;Ultimate;Collégial;Ultimate C U Sud-Ouest;;Collégial;Mixte;9;;;;;;54;;NON;s1:14x25*;8ec89898-152d-4130-8af2-1a31175e3e1b
2025 - 2026;s1;Provincial;Volleyball;Secondaire;Volleyball B F D1;D1;Benjamin;Féminin;12;162;132;30;0;0;0;;oui;s1:14x16;eb4a877f-a35d-484a-bb1d-bdd7199db0e4
2025 - 2026;diffusion+s1;Provincial;Volleyball;Secondaire;Volleyball B F D3 Championnat provincial;D3;Benjamin;Féminin;16;;;;;;32;;oui;d:14x16 s1:14x16;f1f2b1d5-4819-4390-b353-fb87b66e1338
2025 - 2026;diffusion+s1;Provincial;Volleyball;Secondaire;Volleyball B M D3 Championnat provincial;D3;Benjamin;Masculin;16;;;;;;32;;oui;d:14x16 s1:14x16;1dd3ccb0-3f4b-4598-ab72-e460fc75d0e9
2025 - 2026;s1;Provincial;Volleyball;Secondaire;Volleyball C F D1 A;D1;Cadet;Féminin;7;186;147;39;0;0;0;;oui;s1:14x16;6560f963-91e4-45ee-9fca-9424a33a7ca0
2025 - 2026;s1;Provincial;Volleyball;Secondaire;Volleyball C F D1 B;D1;Cadet;Féminin;8;186;147;39;0;0;0;;oui;s1:14x16;107e6001-16c3-4b89-99a0-0b75f024c4cb
2025 - 2026;s1;Provincial;Volleyball;Collégial;Volleyball C F D1 Provincial;D1;Collégial;Féminin;9;80;72;8;0;0;0;;oui;s1:14x16;25f5546f-72c2-4d0d-88a4-10d46c2d414b
2025 - 2026;s1;Provincial;Volleyball;Collégial;Volleyball C F D2 Nord-Est CQ;D2;Collégial;Féminin;10;129;120;9;0;14;0;;oui;s1:14x16;6b615c0f-ae13-4027-a49f-da3826f1fc5e
2025 - 2026;s1;Provincial;Volleyball;Collégial;Volleyball C F D2 Nord-Est QCA-EDQ;D2;Collégial;Féminin;12;;;;;;131;;oui;s1:14x16;3cab7553-d699-4015-b46c-4307a3fbfc7f
2025 - 2026;s1;Provincial;Volleyball;Collégial;Volleyball C F D2 Nord-Est SLSJ-CN;D2;Collégial;Féminin;6;64;60;4;0;14;0;;oui;s1:14x16;9470b150-1ce7-46e1-a0fc-2764d59db315
2025 - 2026;s1;Provincial;Volleyball;Collégial;Volleyball C F D2 Sud-Ouest;D2;Collégial;Féminin;12;;;;;;132;;oui;s1:14x16;8f5bc729-1af0-4263-9c57-830971ca5d60
2025 - 2026;diffusion+s1;Provincial;Volleyball;Secondaire;Volleyball C F D3 Championnat provincial;D3;Cadet;Féminin;16;;;;;;32;;oui;d:14x16 s1:14x16;a373d485-5189-40fe-8949-a526e4ae4ad3
2025 - 2026;s1;Provincial;Volleyball;Collégial;Volleyball C F D3 Nord-Est A-SLSJ-CN;D3;Collégial;Féminin;8;;;;;;214;;oui;s1:14x16;7fcc6910-4148-4e63-ba56-c40dc228166d
2025 - 2026;s1;Provincial;Volleyball;Collégial;Volleyball C F D3 Nord-Est B;D3;Collégial;Féminin;8;214;202;12;0;0;0;;oui;s1:14x16;fa2906d9-b43d-48c6-b8a5-8f38731a1bc6
2025 - 2026;s1;Provincial;Volleyball;Collégial;Volleyball C F D3 Nord-Est C;D3;Collégial;Féminin;9;214;202;12;0;0;0;;oui;s1:14x16;ed2fbdce-ad49-4f4e-a05e-fc1a3bd5385a
2025 - 2026;s1;Provincial;Volleyball;Collégial;Volleyball C F D3 Sud-Ouest A;D3;Collégial;Féminin;11;;;;;;131;;oui;s1:14x16;4514f09f-5838-4293-9543-4f2f517468df
2025 - 2026;s1;Provincial;Volleyball;Collégial;Volleyball C F D3 Sud-Ouest B;D3;Collégial;Féminin;8;105;84;21;0;0;0;;oui;s1:14x16;22f9ac6f-bd0e-4fa0-b020-7288963574c0
2025 - 2026;s1;Provincial;Volleyball;Collégial;Volleyball C M D1 Provincial;D1;Collégial;Masculin;6;65;60;5;0;0;0;;oui;s1:14x16;6553bda3-7780-46d0-91fe-2f19a5321917
2025 - 2026;s1;Provincial;Volleyball;Collégial;Volleyball C M D2 Nord-Est CQ;D2;Collégial;Masculin;8;106;96;10;0;14;0;;oui;s1:14x16;597f0c0a-5fa5-495f-a8f2-073ba413e289
2025 - 2026;s1;Provincial;Volleyball;Collégial;Volleyball C M D2 Nord-Est QCA-EDQ-SLSJ-CN;D2;Collégial;Masculin;9;;;;;;99;;oui;s1:14x16;27cc726b-7d8e-4726-8b57-659345e55467
2025 - 2026;s1;Provincial;Volleyball;Collégial;Volleyball C M D2 Sud-Ouest;D2;Collégial;Masculin;10;;;;;;90;;oui;s1:14x16;84a78b6e-8625-492e-b442-4c06744770a0
2025 - 2026;diffusion+s1;Provincial;Volleyball;Secondaire;Volleyball C M D3 Championnat provincial;D3;Cadet;Masculin;16;;;;;;32;;oui;d:14x16 s1:14x16;2fb99a05-2f31-4ed3-ba07-1a5f5190d971
2025 - 2026;s1;Provincial;Volleyball;Collégial;Volleyball C M D3 Nord-Est;D3;Collégial;Masculin;5;;;;;;48;;oui;s1:14x16;857fe867-3078-439b-9877-bccf77bcb00b
2025 - 2026;s1;Provincial;Volleyball;Collégial;Volleyball C M D3 Sud-Ouest A;D3;Collégial;Masculin;8;;;;;;105;;oui;s1:14x16;ffc6ae4d-0372-4483-9a26-f4639600e4b7
2025 - 2026;s1;Provincial;Volleyball;Collégial;Volleyball C M D3 Sud-Ouest B;D3;Collégial;Masculin;7;84;63;21;0;0;0;;oui;s1:14x16;bebee04f-68c5-40da-971a-b7b126f7f97c
2025 - 2026;s1;Provincial;Volleyball;Secondaire;Volleyball J F D1;D1;Juvénile;Féminin;14;221;182;39;0;0;0;;oui;s1:14x16;62976d11-1e87-43b1-87d5-973f8ff159b3
2025 - 2026;diffusion+s1;Provincial;Volleyball;Secondaire;Volleyball J F D3 Championnat provincial;D3;Juvénile;Féminin;16;;;;;;32;;oui;d:14x16 s1:14x16;874be22c-4222-4a55-beff-5165d63764b3
2025 - 2026;diffusion+s1;Provincial;Volleyball;Secondaire;Volleyball J M D3 Championnat provincial;D3;Juvénile;Masculin;16;;;;;;32;;oui;d:14x16 s1:14x16;3034a8a6-66c2-459e-bcfe-5ff0ff97a06a
2025 - 2026;s1;Provincial;Volleyball;Universitaire;Volleyball U F;;Universitaire;Féminin;8;92;84;8;0;0;0;;oui;s1:14x16;dbec308d-a916-4b01-bd3c-86e02be2347b
2025 - 2026;s1;Provincial;Volleyball;Universitaire;Volleyball U M;;Universitaire;Masculin;5;46;40;6;0;0;0;;oui;s1:14x16;b2782367-f9bb-409f-9f62-bdc11c995c1f
2025 - 2026;s1;Québec-Chaudière-Appalaches;Athlétisme;Secondaire;Athlétisme B F D3 en salle;D3;Benjamin;Féminin;70;0;0;0;0;0;0;;oui;s1:12x0;5dadd09c-3646-46f7-8514-cc640be0fc5d
2025 - 2026;s1;Québec-Chaudière-Appalaches;Athlétisme;Secondaire;Athlétisme B F D3 Extérieur;D3;Benjamin;Féminin;15;0;0;0;0;0;0;;oui;s1:12x0;d9f5af30-f86b-42f7-abe9-d11972a737f8
2025 - 2026;s1;Québec-Chaudière-Appalaches;Athlétisme;Secondaire;Athlétisme B M D3 en salle;D3;Benjamin;Masculin;68;0;0;0;0;0;0;;oui;s1:12x0;e9af8a2c-0e2f-4fb4-97d6-e4af94ff062c
2025 - 2026;s1;Québec-Chaudière-Appalaches;Athlétisme;Secondaire;Athlétisme B M D3 Extérieur;D3;Benjamin;Masculin;15;0;0;0;0;0;0;;oui;s1:12x0;6e53b8cc-c4b5-4234-8a52-4add07377c53
2025 - 2026;s1;Québec-Chaudière-Appalaches;Athlétisme;Secondaire;Athlétisme C F D3 en salle;D3;Cadet;Féminin;73;0;0;0;0;0;0;;oui;s1:12x0;0ec93f2f-94ac-419e-9ff5-3dd47feb21ff
2025 - 2026;s1;Québec-Chaudière-Appalaches;Athlétisme;Secondaire;Athlétisme C F D3 Extérieur;D3;Cadet;Féminin;15;0;0;0;0;0;0;;oui;s1:12x0;2420bcc5-5cc2-40b3-ab01-e374687bef67
2025 - 2026;s1;Québec-Chaudière-Appalaches;Athlétisme;Secondaire;Athlétisme C M D3 en salle;D3;Cadet;Masculin;68;0;0;0;0;0;0;;oui;s1:12x0;435212f2-01f0-4bfd-91fc-c06c7f82ad10
2025 - 2026;s1;Québec-Chaudière-Appalaches;Athlétisme;Secondaire;Athlétisme C M D3 Extérieur;D3;Cadet;Masculin;15;0;0;0;0;0;0;;oui;s1:12x0;948908bf-b06d-4144-8d11-bdd2dae5034e
2025 - 2026;s1;Québec-Chaudière-Appalaches;Athlétisme;Secondaire;Athlétisme J F D3 en salle;D3;Juvénile;Féminin;75;0;0;0;0;0;0;;oui;s1:12x0;c6ff52d4-75c1-4ef6-a77d-2c5921eca1cc
2025 - 2026;s1;Québec-Chaudière-Appalaches;Athlétisme;Secondaire;Athlétisme J F D3 Extérieur;D3;Juvénile;Féminin;15;0;0;0;0;0;0;;oui;s1:12x0;6314b9cf-8a7c-4830-815b-6e0600de5aee
2025 - 2026;s1;Québec-Chaudière-Appalaches;Athlétisme;Secondaire;Athlétisme J M D3 en salle;D3;Juvénile;Masculin;74;0;0;0;0;0;0;;oui;s1:12x0;5a6f9c40-852b-4b72-aec6-7f29e133661b
2025 - 2026;s1;Québec-Chaudière-Appalaches;Athlétisme;Secondaire;Athlétisme J M D3 Extérieur;D3;Juvénile;Masculin;15;0;0;0;0;0;0;;oui;s1:12x0;72dbf76e-26d8-4f6c-bdc6-f2605a6e5b30
2025 - 2026;s1;Québec-Chaudière-Appalaches;Athlétisme;Primaire;Athlétisme P4 F;;Primaire 4;Féminin;30;;;;;;0;;oui;s1:12x0;9779dd9e-c30b-418a-973e-88a69b1e8109
2025 - 2026;s1;Québec-Chaudière-Appalaches;Athlétisme;Primaire;Athlétisme P4 M;;Primaire 4;Masculin;30;;;;;;0;;oui;s1:12x0;a5a698c7-bef3-4fef-8a54-051f8ea6f271
2025 - 2026;s1;Québec-Chaudière-Appalaches;Athlétisme;Primaire;Athlétisme P5 F;;Primaire 5;Féminin;29;;;;;;0;;oui;s1:12x0;e626bccf-6509-40bd-9d7d-24e70945fea9
2025 - 2026;s1;Québec-Chaudière-Appalaches;Athlétisme;Primaire;Athlétisme P5 M;;Primaire 5;Masculin;29;;;;;;0;;oui;s1:12x0;716b255c-78d3-46fa-8ccf-62e47c0daa3f
2025 - 2026;s1;Québec-Chaudière-Appalaches;Athlétisme;Primaire;Athlétisme P6 F;;Primaire 6;Féminin;34;;;;;;0;;oui;s1:12x0;73b4bc76-ea0c-4726-a536-31f292263da1
2025 - 2026;s1;Québec-Chaudière-Appalaches;Athlétisme;Primaire;Athlétisme P6 M;;Primaire 6;Masculin;30;;;;;;0;;oui;s1:12x0;c329bc18-3603-44c8-ad5a-29c81a04dbcd
2025 - 2026;s1;Québec-Chaudière-Appalaches;Badminton;Secondaire;Badminton B F D3;D3;Benjamin;Féminin;57;0;0;0;0;0;0;;oui;s1:12x18;b9e008ab-ae8c-4da0-bdf5-43bf6ba398db
2025 - 2026;s1;Québec-Chaudière-Appalaches;Badminton;Secondaire;Badminton B M D3;D3;Benjamin;Masculin;57;0;0;0;0;0;0;;oui;s1:12x18;54e62eb1-ae99-400b-8036-b627d0d0e1e9
2025 - 2026;s1;Québec-Chaudière-Appalaches;Badminton;Secondaire;Badminton C F D3;D3;Cadet;Féminin;57;0;0;0;0;0;0;;oui;s1:12x18;1fd8fb0a-7809-4a85-9001-4995331f91f7
2025 - 2026;s1;Québec-Chaudière-Appalaches;Badminton;Secondaire;Badminton C M D3;D3;Cadet;Masculin;57;0;0;0;0;0;0;;oui;s1:12x18;79f06939-326f-4da8-b009-35ea75895d8b
2025 - 2026;s1;Québec-Chaudière-Appalaches;Badminton;Secondaire;Badminton J F D3;D3;Juvénile;Féminin;58;0;0;0;0;0;0;;oui;s1:12x18;de04fd12-2f12-449f-a3f6-7a0280a9bb86
2025 - 2026;s1;Québec-Chaudière-Appalaches;Badminton;Secondaire;Badminton J M D3;D3;Juvénile;Masculin;57;0;0;0;0;0;0;;oui;s1:12x18;49e4bf7c-0603-4590-8e2b-9929fd2ab983
2025 - 2026;s1;Québec-Chaudière-Appalaches;Badminton;Primaire;Badminton M U Compétitif;;Moustique;Mixte;30;;;;;;0;;oui;s1:12x18;c699244f-12a0-4f6a-a2fe-0aa3481580a0
2025 - 2026;s1;Québec-Chaudière-Appalaches;Badminton;Primaire;Badminton M U Participatif;;Moustique;Mixte;49;;;;;;0;;oui;s1:12x18;7c416847-8f2b-4713-b967-d36c2b2cd7c4
2025 - 2026;s1;Québec-Chaudière-Appalaches;Badminton;Primaire;Badminton N U;;Novice;Mixte;33;;;;;;0;;oui;s1:12x18;4da4ac23-50d9-4269-b3b7-0cef2cb3a022
2025 - 2026;diffusion+s1;Québec-Chaudière-Appalaches;Basketball;Primaire;Basketball  F CHAMPIONNAT;;M12;Féminin;64;;;;;;64;;oui;d:12x1 s1:12x1;367fcaa6-e58e-4b6a-91c1-dd985f603fdb
2025 - 2026;diffusion+s1;Québec-Chaudière-Appalaches;Basketball;Primaire;Basketball  U CHAMPIONNAT;;M12;Mixte;116;;;;;;114;;oui;d:12x1 s1:12x1;11dfbacd-62fd-4a10-9b9a-869d8399eaf0
2025 - 2026;diffusion+s1;Québec-Chaudière-Appalaches;Basketball;Secondaire;Basketball A F D3;D3;Atome;Féminin;7;;;;;;46;;oui;d:12x1 s1:12x1;bb4b4616-8df1-4eb5-ac03-ebb690691b08
2025 - 2026;diffusion+s1;Québec-Chaudière-Appalaches;Basketball;Secondaire;Basketball A M D3 A;D3;Atome;Masculin;5;;;;;;71;;oui;d:12x1 s1:12x1;d04390e3-5520-48ac-89b4-2d54503ceb4c
2025 - 2026;diffusion+s1;Québec-Chaudière-Appalaches;Basketball;Secondaire;Basketball A M D3 B;D3;Atome;Masculin;5;71;65;6;0;0;0;;oui;d:12x1 s1:12x1;6bd37c15-d9da-4ff2-bbc3-1f994f15e13d
2025 - 2026;diffusion+s1;Québec-Chaudière-Appalaches;Basketball;Secondaire;Basketball A M D4 Niveau 1 A;D4;Atome;Masculin;3;;;;;;51;;oui;d:12x1 s1:12x1;bdd7acf2-675c-4173-ae13-3d3e16043963
2025 - 2026;diffusion+s1;Québec-Chaudière-Appalaches;Basketball;Secondaire;Basketball A M D4 Niveau 1 B;D4;Atome;Masculin;3;51;45;6;0;0;0;;oui;d:12x1 s1:12x1;b72ce9e3-4a62-42f3-9db0-c9de878c5e0c
2025 - 2026;diffusion+s1;Québec-Chaudière-Appalaches;Basketball;Secondaire;Basketball A M D4 Niveau 1 C;D4;Atome;Masculin;3;51;45;6;0;0;0;;oui;d:12x1 s1:12x1;5baa20e9-1118-40c4-87c1-044f2eb8f038
2025 - 2026;diffusion+s1;Québec-Chaudière-Appalaches;Basketball;Secondaire;Basketball A M D4 Niveau 2;D4;Atome;Masculin;12;;;;;;66;;oui;d:12x1 s1:12x1;9f3ca925-1131-4420-8f65-db25369dbef1
2025 - 2026;diffusion+s1;Québec-Chaudière-Appalaches;Basketball;Secondaire;Basketball B F D3;D3;Benjamin;Féminin;6;;;;;;35;;oui;d:12x1 s1:12x1;aebd72f5-0d7f-44ec-b542-d758ae53580e
2025 - 2026;diffusion+s1;Québec-Chaudière-Appalaches;Basketball;Secondaire;Basketball B F D4 Niveau 1;D4;Benjamin;Féminin;7;;;;;;46;;oui;d:12x1 s1:12x1;bede644c-dbb9-4aea-8e43-51d4e1fd7ceb
2025 - 2026;diffusion+s1;Québec-Chaudière-Appalaches;Basketball;Secondaire;Basketball B F D4 Niveau 2;D4;Benjamin;Féminin;12;;;;;;74;;oui;d:12x1 s1:12x1;5b6c3cf3-0812-4b3e-998b-c8dac8eb9e17
2025 - 2026;diffusion+s1;Québec-Chaudière-Appalaches;Basketball;Secondaire;Basketball B F D4 Niveau 3;D4;Benjamin;Féminin;12;;;;;;66;;oui;d:12x1 s1:12x1;d619dae6-d6c9-421e-9127-af46d71b1d96
2025 - 2026;diffusion+s1;Québec-Chaudière-Appalaches;Basketball;Secondaire;Basketball B F D4 Niveau 4;D4;Benjamin;Féminin;10;;;;;;51;;oui;d:12x1 s1:12x1;e9792124-2c6a-4962-b2bb-2203e759a4cc
2025 - 2026;diffusion+s1;Québec-Chaudière-Appalaches;Basketball;Secondaire;Basketball B F D4 Niveau 5;D4;Benjamin;Féminin;6;;;;;;34;;oui;d:12x1 s1:12x1;7c6509e9-95b8-4786-8752-5cf226d64450
2025 - 2026;diffusion+s1;Québec-Chaudière-Appalaches;Basketball;Secondaire;Basketball B M D3 A;D3;Benjamin;Masculin;6;;;;;;72;;oui;d:12x1 s1:12x1;4c6efe3e-de33-4599-89cb-5b5a7124cbdf
2025 - 2026;diffusion+s1;Québec-Chaudière-Appalaches;Basketball;Secondaire;Basketball B M D3 B;D3;Benjamin;Masculin;5;72;65;7;0;0;0;;oui;d:12x1 s1:12x1;2aac4c3e-d89d-4904-9af2-ee7bccfdf500
2025 - 2026;diffusion+s1;Québec-Chaudière-Appalaches;Basketball;Secondaire;Basketball B M D4 Niveau 1;D4;Benjamin;Masculin;12;;;;;;74;;oui;d:12x1 s1:12x1;20dfbc46-03e5-42a7-980e-605570a2fc0e
2025 - 2026;diffusion+s1;Québec-Chaudière-Appalaches;Basketball;Secondaire;Basketball B M D4 Niveau 2;D4;Benjamin;Masculin;13;;;;;;86;;oui;d:12x1 s1:12x1;b0cf381a-6374-4230-b4e4-0f365ba4b97a
2025 - 2026;diffusion+s1;Québec-Chaudière-Appalaches;Basketball;Secondaire;Basketball B M D4 Niveau 3 Blanc A;D4;Benjamin;Masculin;4;;;;;;46;;oui;d:12x1 s1:12x1;1313c9a0-1357-4241-8fb2-3473300cb841
2025 - 2026;diffusion+s1;Québec-Chaudière-Appalaches;Basketball;Secondaire;Basketball B M D4 Niveau 3 Blanc B;D4;Benjamin;Masculin;4;46;40;6;0;0;0;;oui;d:12x1 s1:12x1;ea93f9fa-347e-419d-bba5-487cd91f1791
2025 - 2026;diffusion+s1;Québec-Chaudière-Appalaches;Basketball;Secondaire;Basketball B M D4 Niveau 3 Bleu A;D4;Benjamin;Masculin;4;;;;;;46;;oui;d:12x1 s1:12x1;fa97c5c4-4d08-4614-818c-e30d57496177
2025 - 2026;diffusion+s1;Québec-Chaudière-Appalaches;Basketball;Secondaire;Basketball B M D4 Niveau 3 Bleu B;D4;Benjamin;Masculin;4;46;40;6;0;0;0;;oui;d:12x1 s1:12x1;6596c312-b1dd-41ea-836b-16657a3943b8
2025 - 2026;diffusion+s1;Québec-Chaudière-Appalaches;Basketball;Secondaire;Basketball B M D4 Niveau 4 Blanc  B;D4;Benjamin;Masculin;4;;;;;;46;;oui;d:12x1 s1:12x1;a8963ea8-3ea2-48a8-90b1-f5ebf9834e7f
2025 - 2026;diffusion+s1;Québec-Chaudière-Appalaches;Basketball;Secondaire;Basketball B M D4 Niveau 4 Blanc A;D4;Benjamin;Masculin;4;46;40;6;0;0;0;;oui;d:12x1 s1:12x1;12a3486a-8a07-4fef-a52a-2e341ea45b4f
2025 - 2026;diffusion+s1;Québec-Chaudière-Appalaches;Basketball;Secondaire;Basketball B M D4 Niveau 4 Bleu A;D4;Benjamin;Masculin;4;;;;;;46;;oui;d:12x1 s1:12x1;7731bd61-2c44-4625-a60b-3fe58244dc22
2025 - 2026;diffusion+s1;Québec-Chaudière-Appalaches;Basketball;Secondaire;Basketball B M D4 Niveau 4 Bleu B;D4;Benjamin;Masculin;4;46;40;6;0;0;0;;oui;d:12x1 s1:12x1;6e7a6975-3dce-43c1-ad4c-88b32cf531b7
2025 - 2026;diffusion+s1;Québec-Chaudière-Appalaches;Basketball;Secondaire;Basketball B M D4 Niveau 5;D4;Benjamin;Masculin;12;;;;;;74;;oui;d:12x1 s1:12x1;1248ac08-2859-490c-8c86-9b75e9036d52
2025 - 2026;diffusion+s1;Québec-Chaudière-Appalaches;Basketball;Secondaire;Basketball B M D4 Niveau 6;D4;Benjamin;Masculin;10;;;;;;51;;oui;d:12x1 s1:12x1;2d75007e-356d-474a-82b4-8585f473f13b
2025 - 2026;diffusion+s1;Québec-Chaudière-Appalaches;Basketball;Secondaire;Basketball C F D3;D3;Cadet;Féminin;8;;;;;;60;;oui;d:12x1 s1:12x1;47637aeb-0389-4746-8b88-1e93b1a66abb
2025 - 2026;diffusion+s1;Québec-Chaudière-Appalaches;Basketball;Secondaire;Basketball C F D4 Niveau 1;D4;Cadet;Féminin;7;;;;;;46;;oui;d:12x1 s1:12x1;74e82ca8-a66f-481b-b751-3458e0b0fa97
2025 - 2026;diffusion+s1;Québec-Chaudière-Appalaches;Basketball;Secondaire;Basketball C F D4 Niveau 2 A;D4;Cadet;Féminin;4;;;;;;46;;oui;d:12x1 s1:12x1;b2a3f0b5-74fe-4040-b941-6e08434b1d21
2025 - 2026;diffusion+s1;Québec-Chaudière-Appalaches;Basketball;Secondaire;Basketball C F D4 Niveau 2 B;D4;Cadet;Féminin;4;46;40;6;0;0;0;;oui;d:12x1 s1:12x1;206a430b-4e13-488c-80cb-892e2bf57068
2025 - 2026;diffusion+s1;Québec-Chaudière-Appalaches;Basketball;Secondaire;Basketball C M D3;D3;Cadet;Masculin;13;;;;;;86;;oui;d:12x1 s1:12x1;ce6219e1-1ff9-44e7-ba38-b082c6cc762a
2025 - 2026;diffusion+s1;Québec-Chaudière-Appalaches;Basketball;Secondaire;Basketball C M D4 Niveau 1;D4;Cadet;Masculin;13;;;;;;86;;oui;d:12x1 s1:12x1;33737068-b11e-4ddb-9a7a-6e26956a2a9e
2025 - 2026;diffusion+s1;Québec-Chaudière-Appalaches;Basketball;Secondaire;Basketball C M D4 Niveau 2 A;D4;Cadet;Masculin;4;;;;;;46;;oui;d:12x1 s1:12x1;8084141e-ab28-46a1-b734-4694db107f56
2025 - 2026;diffusion+s1;Québec-Chaudière-Appalaches;Basketball;Secondaire;Basketball C M D4 Niveau 2 B;D4;Cadet;Masculin;4;46;40;6;0;0;0;;oui;d:12x1 s1:12x1;4887cd2d-1f82-46da-8aa0-84acbc7c3dac
2025 - 2026;diffusion+s1;Québec-Chaudière-Appalaches;Basketball;Secondaire;Basketball C M D4 Niveau 3 Blanc;D4;Cadet;Masculin;11;;;;;;61;;oui;d:12x1 s1:12x1;6fbd553b-0ee9-4c4d-8186-1a5a2609be6d
2025 - 2026;diffusion+s1;Québec-Chaudière-Appalaches;Basketball;Secondaire;Basketball C M D4 Niveau 3 Bleu;D4;Cadet;Masculin;11;;;;;;61;;oui;d:12x1 s1:12x1;8453a8a6-e40a-441d-9185-ab8914c9847c
2025 - 2026;diffusion+s1;Québec-Chaudière-Appalaches;Basketball;Secondaire;Basketball C M D4 Niveau 4;D4;Cadet;Masculin;10;;;;;;51;;oui;d:12x1 s1:12x1;f5541f4c-c0d9-425f-8f3d-84fc48953c68
2025 - 2026;diffusion+s1;Québec-Chaudière-Appalaches;Basketball;Secondaire;Basketball C M D4 Niveau 5;D4;Cadet;Masculin;9;;;;;;42;;oui;d:12x1 s1:12x1;a31ea875-d1c4-446a-b72c-ec2858166cfd
2025 - 2026;diffusion+s1;Québec-Chaudière-Appalaches;Basketball;Secondaire;Basketball J F D3;D3;Juvénile;Féminin;9;;;;;;78;;oui;d:12x1 s1:12x1;2f4a8e3e-a3ec-48e2-a0aa-e0f85e17b0b5
2025 - 2026;diffusion+s1;Québec-Chaudière-Appalaches;Basketball;Secondaire;Basketball J F D4 Niveau 1;D4;Juvénile;Féminin;13;;;;;;86;;oui;d:12x1 s1:12x1;597aee36-aabc-42e6-bdd5-2b7880ad6e58
2025 - 2026;diffusion+s1;Québec-Chaudière-Appalaches;Basketball;Secondaire;Basketball J F D4 Niveau 2;D4;Juvénile;Féminin;12;;;;;;74;;oui;d:12x1 s1:12x1;87adab52-1595-4b85-8c07-ee0f319444ae
2025 - 2026;diffusion+s1;Québec-Chaudière-Appalaches;Basketball;Secondaire;Basketball J F D4 Niveau 3;D4;Juvénile;Féminin;10;;;;;;51;;oui;d:12x1 s1:12x1;2412c88b-f3f9-406f-b573-7803afbf67cd
2025 - 2026;diffusion+s1;Québec-Chaudière-Appalaches;Basketball;Secondaire;Basketball J F D4 Niveau 4;D4;Juvénile;Féminin;10;;;;;;51;;oui;d:12x1 s1:12x1;fc551964-f6a3-4bf7-968f-4015cacb4490
2025 - 2026;diffusion+s1;Québec-Chaudière-Appalaches;Basketball;Secondaire;Basketball J F D4 Niveau 5;D4;Juvénile;Féminin;10;;;;;;51;;oui;d:12x1 s1:12x1;ca215062-fdc3-4bb1-9ec3-5bac74388e38
2025 - 2026;diffusion+s1;Québec-Chaudière-Appalaches;Basketball;Secondaire;Basketball J M D3;D3;Juvénile;Masculin;18;;;;;;161;;oui;d:12x1 s1:12x1;4d55046a-4f49-493d-9d51-acd0ababbd3b
2025 - 2026;diffusion+s1;Québec-Chaudière-Appalaches;Basketball;Secondaire;Basketball J M D4 Niveau 1 Blanc;D4;Juvénile;Masculin;11;;;;;;61;;oui;d:12x1 s1:12x1;119108cf-4c2c-42d1-875e-47b038e91116
2025 - 2026;diffusion+s1;Québec-Chaudière-Appalaches;Basketball;Secondaire;Basketball J M D4 Niveau 1 Bleu;D4;Juvénile;Masculin;10;;;;;;71;;oui;d:12x1 s1:12x1;c35090a9-652f-4e1a-9741-1d21d7178326
2025 - 2026;diffusion+s1;Québec-Chaudière-Appalaches;Basketball;Secondaire;Basketball J M D4 Niveau 2 Blanc A;D4;Juvénile;Masculin;4;;;;;;46;;oui;d:12x1 s1:12x1;31b9cc95-dd48-4131-99e6-69f3ee2a1b31
2025 - 2026;diffusion+s1;Québec-Chaudière-Appalaches;Basketball;Secondaire;Basketball J M D4 Niveau 2 Blanc B;D4;Juvénile;Masculin;4;46;40;6;0;0;0;;oui;d:12x1 s1:12x1;da13c5ee-0e7a-47c5-bbd9-75752069e25d
2025 - 2026;diffusion+s1;Québec-Chaudière-Appalaches;Basketball;Secondaire;Basketball J M D4 Niveau 2 Bleu A;D4;Juvénile;Masculin;4;;;;;;46;;oui;d:12x1 s1:12x1;5870a3ce-386f-41fa-9021-c6e7fcdfb903
2025 - 2026;diffusion+s1;Québec-Chaudière-Appalaches;Basketball;Secondaire;Basketball J M D4 Niveau 2 Bleu B;D4;Juvénile;Masculin;4;46;40;6;0;0;0;;oui;d:12x1 s1:12x1;5c24eed3-2126-4734-8080-59705b4211ed
2025 - 2026;diffusion+s1;Québec-Chaudière-Appalaches;Basketball;Secondaire;Basketball J M D4 Niveau 3 Blanc;D4;Juvénile;Masculin;9;;;;;;42;;oui;d:12x1 s1:12x1;e07d2a92-3978-460c-944a-3fd8bbfb4536
2025 - 2026;diffusion+s1;Québec-Chaudière-Appalaches;Basketball;Secondaire;Basketball J M D4 Niveau 3 Bleu;D4;Juvénile;Masculin;10;;;;;;51;;oui;d:12x1 s1:12x1;dd41cb70-b2c7-42ce-9815-abf40842a60c
2025 - 2026;diffusion+s1;Québec-Chaudière-Appalaches;Basketball;Secondaire;Basketball J M D4 Niveau 4;D4;Juvénile;Masculin;9;;;;;;42;;oui;d:12x1 s1:12x1;da298e73-bbb6-4e1f-9dd4-5ea2ccdc42be
2025 - 2026;diffusion+s1;Québec-Chaudière-Appalaches;Basketball;Secondaire;Basketball J M D4 Niveau 5;D4;Juvénile;Masculin;11;;;;;;61;;oui;d:12x1 s1:12x1;f608643f-1ddd-4e56-9904-6be4b817e8ad
2025 - 2026;diffusion+s1;Québec-Chaudière-Appalaches;Basketball;Secondaire;Basketball J M D4 Niveau 6 A;D4;Juvénile;Masculin;4;;;;;;46;;oui;d:12x1 s1:12x1;d89dd9c5-2197-466c-a4b1-6a12435ec14d
2025 - 2026;diffusion+s1;Québec-Chaudière-Appalaches;Basketball;Secondaire;Basketball J M D4 Niveau 6 B;D4;Juvénile;Masculin;4;46;40;6;0;0;0;;oui;d:12x1 s1:12x1;5fcc3db9-4d61-4e8e-879c-452ef500bfbe
2025 - 2026;diffusion+s1;Québec-Chaudière-Appalaches;Basketball;Primaire;Basketball M F Niveau 1 Compétitif;;Moustique;Féminin;7;;;;;;35;;oui;d:12x1 s1:12x1;fb00d687-ab15-49ab-97cf-dea582e7fa5b
2025 - 2026;diffusion+s1;Québec-Chaudière-Appalaches;Basketball;Primaire;Basketball M F Niveau 1 Participatif;;Moustique;Féminin;11;;;;;;55;;oui;d:12x1 s1:12x1;2f820af6-873e-471c-85ac-aefb0db5bf08
2025 - 2026;diffusion+s1;Québec-Chaudière-Appalaches;Basketball;Primaire;Basketball M F Niveau 2 Compétitif;;Moustique;Féminin;6;;;;;;30;;oui;d:12x1 s1:12x1;0a4a0c80-8576-4c7c-9630-731d2b022dbc
2025 - 2026;diffusion+s1;Québec-Chaudière-Appalaches;Basketball;Primaire;Basketball M F Niveau 2 Participatif;;Moustique;Féminin;4;;;;;;16;;oui;d:12x1 s1:12x1;e43228ed-228e-48d5-a57e-7aef2ab4bc40
2025 - 2026;diffusion+s1;Québec-Chaudière-Appalaches;Basketball;Primaire;Basketball M F Niveau 3 Compétitif Bleue;;Moustique;Féminin;6;;;;;;24;;oui;d:12x1 s1:12x1;fbd4470c-f418-4bf3-97f5-9d745c8f8b92
2025 - 2026;diffusion+s1;Québec-Chaudière-Appalaches;Basketball;Primaire;Basketball M F Niveau 3 Compétitif Verte;;Moustique;Féminin;7;;;;;;35;;oui;d:12x1 s1:12x1;09b1099c-1765-4f20-b7e2-d7769622220f
2025 - 2026;diffusion+s1;Québec-Chaudière-Appalaches;Basketball;Primaire;Basketball M F Niveau 4 Compétitif Blanche;;Moustique;Féminin;7;;;;;;28;;oui;d:12x1 s1:12x1;129aca7f-45b5-43cd-8e78-5e5b4536861f
2025 - 2026;diffusion+s1;Québec-Chaudière-Appalaches;Basketball;Primaire;Basketball M F Niveau 4 Compétitif Jaune;;Moustique;Féminin;7;;;;;;35;;oui;d:12x1 s1:12x1;e49dc9ea-2aec-4eb7-8ecc-3c2b325fe79b
2025 - 2026;diffusion+s1;Québec-Chaudière-Appalaches;Basketball;Primaire;Basketball M F Niveau 4 Compétitif Rouge;;Moustique;Féminin;7;;;;;;35;;oui;d:12x1 s1:12x1;232a746e-cc5a-4247-8752-692b400771e8
2025 - 2026;diffusion+s1;Québec-Chaudière-Appalaches;Basketball;Primaire;Basketball M U Niveau 1 Compétitif;;Moustique;Mixte;5;;;;;;20;;oui;d:12x1 s1:12x1;e2ff1874-9608-4826-848e-cfa37d124b85
2025 - 2026;diffusion+s1;Québec-Chaudière-Appalaches;Basketball;Primaire;Basketball M U Niveau 1 Participatif Blanc;;Moustique;Mixte;9;;;;;;36;;oui;d:12x1 s1:12x1;b771e1ab-b4e2-4cbd-826f-b9f244830d68
2025 - 2026;diffusion+s1;Québec-Chaudière-Appalaches;Basketball;Primaire;Basketball M U Niveau 1 Participatif Jaune;;Moustique;Mixte;8;;;;;;40;;oui;d:12x1 s1:12x1;ef1a64f1-1cf9-4cfc-a32a-60be5d6e18d6
2025 - 2026;diffusion+s1;Québec-Chaudière-Appalaches;Basketball;Primaire;Basketball M U Niveau 2 Compétitif Bleue;;Moustique;Mixte;8;;;;;;40;;oui;d:12x1 s1:12x1;fa020c86-08c3-4ea9-9d01-bc5c51889477
2025 - 2026;diffusion+s1;Québec-Chaudière-Appalaches;Basketball;Primaire;Basketball M U Niveau 2 Compétitif Verte;;Moustique;Mixte;7;;;;;;28;;oui;d:12x1 s1:12x1;fc5a607d-5c48-4184-9b30-f1053cce5e29
2025 - 2026;diffusion+s1;Québec-Chaudière-Appalaches;Basketball;Primaire;Basketball M U Niveau 2 Participatif;;Moustique;Mixte;9;;;;;;36;;oui;d:12x1 s1:12x1;3c9ef1cf-aae1-4048-9153-ae035370e38d
2025 - 2026;diffusion+s1;Québec-Chaudière-Appalaches;Basketball;Primaire;Basketball M U Niveau 3 Compétitif Blanche;;Moustique;Mixte;8;;;;;;40;;oui;d:12x1 s1:12x1;83328fb7-c5b2-4186-a8c2-ef0d4751e419
2025 - 2026;diffusion+s1;Québec-Chaudière-Appalaches;Basketball;Primaire;Basketball M U Niveau 3 Compétitif Jaune;;Moustique;Mixte;8;;;;;;40;;oui;d:12x1 s1:12x1;0cd5eb6a-2b70-45d7-a98a-bce7ce25ef52
2025 - 2026;diffusion+s1;Québec-Chaudière-Appalaches;Basketball;Primaire;Basketball M U Niveau 3 Compétitif Rouge;;Moustique;Mixte;8;;;;;;40;;oui;d:12x1 s1:12x1;143b6915-f52d-42bf-8e4f-544853ee3a21
2025 - 2026;diffusion+s1;Québec-Chaudière-Appalaches;Basketball;Primaire;Basketball M U Niveau 4 Compétitif Bleue;;Moustique;Mixte;9;;;;;;45;;oui;d:12x1 s1:12x1;a834f8c9-63ba-4712-a6c7-8c7596366a59
2025 - 2026;diffusion+s1;Québec-Chaudière-Appalaches;Basketball;Primaire;Basketball M U Niveau 4 Compétitif Jaune;;Moustique;Mixte;11;;;;;;55;;oui;d:12x1 s1:12x1;8d3bd071-5677-4551-9361-0f0208064094
2025 - 2026;diffusion+s1;Québec-Chaudière-Appalaches;Basketball;Primaire;Basketball M U Niveau 4 Compétitif Rouge;;Moustique;Mixte;11;;;;;;55;;oui;d:12x1 s1:12x1;9da4b4fc-673a-4094-8362-95cbf419b930
2025 - 2026;diffusion+s1;Québec-Chaudière-Appalaches;Basketball;Primaire;Basketball M U Niveau 4 Compétitif Vert;;Moustique;Mixte;11;;;;;;55;;oui;d:12x1 s1:12x1;03edb4f3-acf5-497e-96c8-eac93898d0e6
2025 - 2026;diffusion+s1;Québec-Chaudière-Appalaches;Basketball;Primaire;Basketball M10 F CHAMPIONNAT;;M10;Féminin;31;;;;;;31;;oui;d:12x1 s1:12x1;3963ad3a-3839-4c2e-ba9e-048724875f48
2025 - 2026;diffusion+s1;Québec-Chaudière-Appalaches;Basketball;Primaire;Basketball M10 U CHAMPIONNAT;;M10;Mixte;67;;;;;;67;;oui;d:12x1 s1:12x1;840c39ad-62c8-4e5e-93bb-979e16646c49
2025 - 2026;diffusion+s1;Québec-Chaudière-Appalaches;Basketball;Primaire;Basketball N F Niveau 1 Compétitif;;Novice;Féminin;5;;;;;;20;;oui;d:12x1 s1:12x1;6fb6b606-b1ec-42c2-97af-99bd8c229cd7
2025 - 2026;diffusion+s1;Québec-Chaudière-Appalaches;Basketball;Primaire;Basketball N F Niveau 1 Participatif;;Novice;Féminin;7;;;;;;28;;oui;d:12x1 s1:12x1;28ddd080-3bbb-428f-b053-67cf4ba44990
2025 - 2026;diffusion+s1;Québec-Chaudière-Appalaches;Basketball;Primaire;Basketball N F Niveau 2 Compétitif;;Novice;Féminin;6;;;;;;24;;oui;d:12x1 s1:12x1;f301376f-75e5-45f0-8de9-6795cc5ba84e
2025 - 2026;diffusion+s1;Québec-Chaudière-Appalaches;Basketball;Primaire;Basketball N F Niveau 2 Participatif;;Novice;Féminin;8;;;;;;32;;oui;d:12x1 s1:12x1;b947ea70-3db8-4bec-a148-441266928abe
2025 - 2026;diffusion+s1;Québec-Chaudière-Appalaches;Basketball;Primaire;Basketball N F Niveau 3 Compétitif;;Novice;Féminin;5;;;;;;20;;oui;d:12x1 s1:12x1;19cd001b-a3ff-46a6-a208-b4d2327166a8
2025 - 2026;diffusion+s1;Québec-Chaudière-Appalaches;Basketball;Primaire;Basketball N U Niveau 1 Compétitif;;Novice;Mixte;8;;;;;;32;;oui;d:12x1 s1:12x1;a225de3c-fe1b-4f41-8ec5-2635f87ee309
2025 - 2026;diffusion+s1;Québec-Chaudière-Appalaches;Basketball;Primaire;Basketball N U Niveau 1 Participatif Jaune;;Novice;Mixte;8;;;;;;32;;oui;d:12x1 s1:12x1;200e11a7-2ebe-4bd0-aa58-d4bfd83cc1de
2025 - 2026;diffusion+s1;Québec-Chaudière-Appalaches;Basketball;Primaire;Basketball N U Niveau 1 Participatif Rouge;;Novice;Mixte;9;;;;;;32;;oui;d:12x1 s1:12x1;b7822d19-876f-4c30-a7f2-d823eba9a982
2025 - 2026;diffusion+s1;Québec-Chaudière-Appalaches;Basketball;Primaire;Basketball N U Niveau 2 Compétitif;;Novice;Mixte;5;;;;;;20;;oui;d:12x1 s1:12x1;895f6dd7-f28f-439c-aac1-a142acf26e32
2025 - 2026;diffusion+s1;Québec-Chaudière-Appalaches;Basketball;Primaire;Basketball N U Niveau 2 Participatif;;Novice;Mixte;9;;;;;;36;;oui;d:12x1 s1:12x1;c350e595-4c06-4c75-bbb7-7b225d440d19
2025 - 2026;diffusion+s1;Québec-Chaudière-Appalaches;Basketball;Primaire;Basketball N U Niveau 3 Compétitif;;Novice;Mixte;11;;;;;;44;;oui;d:12x1 s1:12x1;7fdd6f8d-78b1-4315-a6be-b6b4df012a6b
2025 - 2026;diffusion+s1;Québec-Chaudière-Appalaches;Basketball;Primaire;Basketball N U Niveau 4 Compétitif  Vert;;Novice;Mixte;8;;;;;;32;;oui;d:12x1 s1:12x1;772ce942-2594-4e89-af60-ab018377c364
2025 - 2026;diffusion+s1;Québec-Chaudière-Appalaches;Basketball;Primaire;Basketball N U Niveau 4 Compétitif Bleue;;Novice;Mixte;9;;;;;;36;;oui;d:12x1 s1:12x1;2177f1b5-6b69-4014-bea3-cf47edbbfcfd
2025 - 2026;s1;Québec-Chaudière-Appalaches;Cheerleading;Secondaire;Cheerleading B U Niveau 2;;Benjamin;Mixte;7;0;0;0;0;0;0;;oui;s1:12x2;7bb0baa0-e358-4b81-b671-8bd25021bf13
2025 - 2026;s1;Québec-Chaudière-Appalaches;Cheerleading;Secondaire;Cheerleading C U Niveau 2;;Cadet;Mixte;5;0;0;0;0;0;0;;oui;s1:12x2;846f3827-744a-4fab-9ef6-6ab66ca4f824
2025 - 2026;s1;Québec-Chaudière-Appalaches;Cheerleading;Secondaire;Cheerleading C U Niveau 3;;Cadet;Mixte;5;0;0;0;0;0;0;;oui;s1:12x2;9cf2fd4f-d67f-4279-b7f2-185f51d8adc8
2025 - 2026;s1;Québec-Chaudière-Appalaches;Cheerleading;Secondaire;Cheerleading J U Niveau 3;;Juvénile;Mixte;5;0;0;0;0;0;0;;oui;s1:12x2;961317f9-3785-44fe-8e61-d2495372b24b
2025 - 2026;s1;Québec-Chaudière-Appalaches;Cheerleading;Secondaire;Cheerleading J U Niveau 4;;Juvénile;Mixte;4;0;0;0;0;0;0;;oui;s1:12x2;2d2e4572-58bf-4c8c-9a20-8a6605c36734
2025 - 2026;s1;Québec-Chaudière-Appalaches;Cheerleading;Primaire;Cheerleading M U Niveau 1;;Moustique;Mixte;3;;;;;;0;;oui;s1:12x2;81683bf1-80b6-4908-b8c0-ef10c2e807e6
2025 - 2026;s1;Québec-Chaudière-Appalaches;Cheerleading;Primaire;Cheerleading M U Niveau 2;;Moustique;Mixte;1;;;;;;0;;oui;s1:12x2;f7142bdd-26e0-427f-8667-139944cbf7f2
2025 - 2026;s1;Québec-Chaudière-Appalaches;Cheerleading;Primaire;Cheerleading N U Niveau 1;;Novice;Mixte;3;;;;;;0;;oui;s1:12x2;aab6b90d-52e3-4197-a874-b81d6b2c4f86
2025 - 2026;s1;Québec-Chaudière-Appalaches;Cheerleading;Secondaire;Cheerleading O U Niveau 1;;Ouvert;Mixte;9;0;0;0;0;0;0;;oui;s1:12x2;e2feb13b-1b17-41d9-966d-6f4d7b72c07d
2025 - 2026;s1;Québec-Chaudière-Appalaches;Cheerleading;Primaire;Cheerleading O U Niveau 1;;Ouvert;Mixte;3;;;;;;0;;oui;s1:12x2;d54c2fd1-9ebd-4854-b438-564475625bd9
2025 - 2026;s1;Québec-Chaudière-Appalaches;Cheerleading;Secondaire;Cheerleading O U Niveau 2;;Ouvert;Mixte;7;0;0;0;0;0;0;;oui;s1:12x2;2b6c3942-469d-459c-a3fb-90a1167a8cf8
2025 - 2026;s1;Québec-Chaudière-Appalaches;Cheerleading;Secondaire;Cheerleading O U Niveau 2 Sans tumbling;;Ouvert;Mixte;12;0;0;0;0;0;0;;oui;s1:12x2;1d3b36b6-1d9e-4214-b860-00e5bf02ddfa
2025 - 2026;s1;Québec-Chaudière-Appalaches;Cheerleading;Secondaire;Cheerleading O U Niveau 3 Sans tumbling;;Ouvert;Mixte;2;0;0;0;0;0;0;;oui;s1:12x2;4604b571-43be-41ca-a9f3-d478e1cb27d0
2025 - 2026;s1;Québec-Chaudière-Appalaches;Cross-country;Secondaire;Cross-country B F;;Benjamin;Féminin;13;0;0;0;0;0;0;;oui;s1:12x3;6b5623a9-5297-4d03-b6e5-57f143a48879
2025 - 2026;s1;Québec-Chaudière-Appalaches;Cross-country;Secondaire;Cross-country B M;;Benjamin;Masculin;13;0;0;0;0;0;0;;oui;s1:12x3;a7da064f-1828-4178-a472-986cbf729dab
2025 - 2026;s1;Québec-Chaudière-Appalaches;Cross-country;Secondaire;Cross-country C F;;Cadet;Féminin;13;0;0;0;0;0;0;;oui;s1:12x3;12685240-173d-43dd-ba2d-785e79c8083a
2025 - 2026;s1;Québec-Chaudière-Appalaches;Cross-country;Secondaire;Cross-country C M;;Cadet;Masculin;13;0;0;0;0;0;0;;oui;s1:12x3;3b8a7ce7-d63a-4a0e-896f-a5063c9d2a90
2025 - 2026;s1;Québec-Chaudière-Appalaches;Cross-country;Secondaire;Cross-country J F;;Juvénile;Féminin;13;0;0;0;0;0;0;;oui;s1:12x3;f8b98793-d829-4925-912e-c3215a85a9e5
2025 - 2026;s1;Québec-Chaudière-Appalaches;Cross-country;Secondaire;Cross-country J M;;Juvénile;Masculin;13;0;0;0;0;0;0;;oui;s1:12x3;f27ba226-b715-4bbd-a7dc-ba9d93b0a493
2025 - 2026;s1;Québec-Chaudière-Appalaches;Cross-country;Primaire;Cross-country M F;;Moustique;Féminin;13;;;;;;0;;oui;s1:12x3;4944dfb8-6976-4c8e-828e-c95e26f0602f
2025 - 2026;s1;Québec-Chaudière-Appalaches;Cross-country;Primaire;Cross-country M M;;Moustique;Masculin;13;;;;;;0;;oui;s1:12x3;eb71c3f5-9977-4c1f-86b8-a9196e25c754
2025 - 2026;s1;Québec-Chaudière-Appalaches;Dek Hockey;Secondaire;Dek Hockey B M D3 Blanc;D3;Benjamin;Masculin;5;0;0;0;0;0;0;;oui;s1:12x53;045fb214-f5c4-47ab-84a7-26b90ecabe7e
2025 - 2026;s1;Québec-Chaudière-Appalaches;Dek Hockey;Secondaire;Dek Hockey B M D3 Bleu;D3;Benjamin;Masculin;5;0;0;0;0;0;0;;oui;s1:12x53;cf19cdca-0370-426b-8248-8433928c28e1
2025 - 2026;s1;Québec-Chaudière-Appalaches;Dek Hockey;Secondaire;Dek Hockey C M D3 Blanc;D3;Cadet;Masculin;4;0;0;0;0;0;0;;oui;s1:12x53;142fe59c-8265-4540-b876-d0e644ad06ff
2025 - 2026;s1;Québec-Chaudière-Appalaches;Dek Hockey;Secondaire;Dek Hockey C M D3 Bleu;D3;Cadet;Masculin;4;0;0;0;0;0;0;;oui;s1:12x53;28ac0caa-cc69-4b1d-9b13-f87b90db11ce
2025 - 2026;s1;Québec-Chaudière-Appalaches;Dek Hockey;Secondaire;Dek Hockey J M D3;D3;Juvénile;Masculin;5;0;0;0;0;0;0;;oui;s1:12x53;9f5e6a5d-5b29-4832-8099-149fc05c34ba
2025 - 2026;s1;Québec-Chaudière-Appalaches;Dek Hockey;Secondaire;Dek Hockey J M D4 Niveau 1 Blanc;D4;Juvénile;Masculin;4;0;0;0;0;0;0;;oui;s1:12x53;ba74ca53-8b11-4527-b847-4b12dc191b64
2025 - 2026;s1;Québec-Chaudière-Appalaches;Dek Hockey;Secondaire;Dek Hockey J M D4 Niveau 1 Bleu;D4;Juvénile;Masculin;4;0;0;0;0;0;0;;oui;s1:12x53;51a5caca-96c0-4578-99e9-ae49f6dec300
2025 - 2026;s1;Québec-Chaudière-Appalaches;Dek Hockey;Secondaire;Dek Hockey O F D3;D3;Ouvert;Féminin;4;0;0;0;0;0;0;;oui;s1:12x53;739538a3-7f2f-4f11-b392-bca789372c33
2025 - 2026;s1;Québec-Chaudière-Appalaches;Dek Hockey;Secondaire;Dek Hockey O F D4;D4;Ouvert;Féminin;5;0;0;0;0;0;0;;oui;s1:12x53;6c6ad0b1-bfee-4ae7-8782-0b64b5db7f61
2025 - 2026;diffusion+s1;Québec-Chaudière-Appalaches;Flag football;Secondaire;Flag football A F D3;D3;Atome;Féminin;6;22;18;4;0;0;22;;oui;d:12x4 s1:12x4;0970e4e7-b9fc-45eb-beac-6017c884cefc
2025 - 2026;diffusion+s1;Québec-Chaudière-Appalaches;Flag football;Secondaire;Flag football A F D4;D4;Atome;Féminin;8;25;21;4;0;0;25;;oui;d:12x4 s1:12x4;3dee9b3e-62ef-45c4-af26-dc61ed803068
2025 - 2026;diffusion+s1;Québec-Chaudière-Appalaches;Flag football;Secondaire;Flag football A M D3;D3;Atome;Masculin;8;25;21;4;0;0;25;;oui;d:12x4 s1:12x4;739dc7b4-fc97-4a11-8331-a36bb1730acb
2025 - 2026;diffusion+s1;Québec-Chaudière-Appalaches;Flag football;Secondaire;Flag football B F D3;D3;Benjamin;Féminin;8;35;28;7;0;0;35;;oui;d:12x4 s1:12x4;693a5152-7306-4d3c-b1ff-eb2e08484ddc
2025 - 2026;diffusion+s1;Québec-Chaudière-Appalaches;Flag football;Secondaire;Flag football B F D4 Niveau 1;D4;Benjamin;Féminin;13;61;54;7;0;0;61;;oui;d:12x4 s1:12x4;8dcd16e0-dd20-41a0-bec4-0af6746e608d
2025 - 2026;diffusion+s1;Québec-Chaudière-Appalaches;Flag football;Secondaire;Flag football B F D4 Niveau 2;D4;Benjamin;Féminin;13;61;54;7;0;0;61;;oui;d:12x4 s1:12x4;ecdf1475-6754-4177-bda9-2445d98d390d
2025 - 2026;diffusion+s1;Québec-Chaudière-Appalaches;Flag football;Secondaire;Flag football B F D4 Niveau 3 Blanc;D4;Benjamin;Féminin;6;49;39;10;0;0;49;;oui;d:12x4 s1:12x4;444fcf9f-011d-4fb5-ac45-0a6c0b85a3a0
2025 - 2026;diffusion+s1;Québec-Chaudière-Appalaches;Flag football;Secondaire;Flag football B F D4 Niveau 3 Bleu;D4;Benjamin;Féminin;7;49;39;10;0;0;0;;oui;d:12x4 s1:12x4;4ea91ed4-934e-4fca-893e-6c066ed86939
2025 - 2026;diffusion+s1;Québec-Chaudière-Appalaches;Flag football;Secondaire;Flag football B M D3;D3;Benjamin;Masculin;10;43;36;7;0;0;43;;oui;d:12x4 s1:12x4;b69cd9ad-b3c7-4289-a0a4-03bef91838d8
2025 - 2026;diffusion+s1;Québec-Chaudière-Appalaches;Flag football;Secondaire;Flag football B M D4 Niveau 1;D4;Benjamin;Masculin;9;35;28;7;0;0;35;;oui;d:12x4 s1:12x4;efe2e549-86a4-4b29-8731-531809e617af
2025 - 2026;diffusion+s1;Québec-Chaudière-Appalaches;Flag football;Secondaire;Flag football C F D3;D3;Cadet;Féminin;12;64;54;10;0;0;64;;oui;d:12x4 s1:12x4;6a8a423d-1fcc-4068-bbf0-0ec6d44501be
2025 - 2026;diffusion+s1;Québec-Chaudière-Appalaches;Flag football;Secondaire;Flag football C F D4 Niveau 1;D4;Cadet;Féminin;12;61;54;7;0;0;61;;oui;d:12x4 s1:12x4;59286327-e100-4b4f-ab52-7dfd0281c52f
2025 - 2026;diffusion+s1;Québec-Chaudière-Appalaches;Flag football;Secondaire;Flag football C F D4 Niveau 2 Blanc;D4;Cadet;Féminin;8;66;56;10;0;0;66;;oui;d:12x4 s1:12x4;5e04b9f5-c90d-4632-845b-aa39d7efc7fe
2025 - 2026;diffusion+s1;Québec-Chaudière-Appalaches;Flag football;Secondaire;Flag football C F D4 Niveau 2 Bleu;D4;Cadet;Féminin;9;66;56;10;0;0;0;;oui;d:12x4 s1:12x4;8b590eb1-4d7e-4ecf-8bd5-52ae6e9fc6f5
2025 - 2026;diffusion+s1;Québec-Chaudière-Appalaches;Flag football;Secondaire;Flag football C F D4 Niveau 3;D4;Cadet;Féminin;11;54;44;10;0;0;54;;oui;d:12x4 s1:12x4;4dc18e95-97cb-48b7-81ff-bed943e1f940
2025 - 2026;diffusion+s1;Québec-Chaudière-Appalaches;Flag football;Secondaire;Flag football C F D4 Niveau 4;D4;Cadet;Féminin;7;25;21;4;0;0;25;;oui;d:12x4 s1:12x4;5ea78b10-77b8-45e7-bcce-62c6895d8502
2025 - 2026;diffusion+s1;Québec-Chaudière-Appalaches;Flag football;Secondaire;Flag football C F Mineur;;Cadet;Féminin;11;37;30;7;0;0;37;;oui;d:12x4 s1:12x4;c8d3cbc0-b507-453a-80c1-39b3031093d6
2025 - 2026;diffusion+s1;Québec-Chaudière-Appalaches;Flag football;Secondaire;Flag football C M D3;D3;Cadet;Masculin;9;35;28;7;0;0;35;;oui;d:12x4 s1:12x4;c0e0d850-9e5c-4d9d-8148-389437e81dcd
2025 - 2026;diffusion+s1;Québec-Chaudière-Appalaches;Flag football;Secondaire;Flag football C M D4 Niveau 1;D4;Cadet;Masculin;7;22;18;4;0;0;22;;oui;d:12x4 s1:12x4;40ab23c6-3395-4bca-ae6f-4eaed0909f75
2025 - 2026;diffusion+s1;Québec-Chaudière-Appalaches;Flag football;Secondaire;Flag football C M D4 Niveau 2;D4;Cadet;Masculin;5;16;12;4;0;0;16;;oui;d:12x4 s1:12x4;e1359fb9-0d5f-4fcc-abb2-78674bc4a955
2025 - 2026;diffusion+s1;Québec-Chaudière-Appalaches;Flag football;Secondaire;Flag football J F D3;D3;Juvénile;Féminin;10;40;30;10;0;0;40;;oui;d:12x4 s1:12x4;d704750a-a980-469a-9fee-579ac9045b61
2025 - 2026;diffusion+s1;Québec-Chaudière-Appalaches;Flag football;Secondaire;Flag football J F D4 Niveau 1 Blanc;D4;Juvénile;Féminin;8;66;56;10;0;0;66;;oui;d:12x4 s1:12x4;10855ec6-b432-4fdf-bb90-b47ae0429b75
2025 - 2026;diffusion+s1;Québec-Chaudière-Appalaches;Flag football;Secondaire;Flag football J F D4 Niveau 1 Bleu;D4;Juvénile;Féminin;9;66;56;10;0;0;0;;oui;d:12x4 s1:12x4;ac981b5b-5f9d-46d1-85a1-39d9947da0cd
2025 - 2026;diffusion+s1;Québec-Chaudière-Appalaches;Flag football;Secondaire;Flag football J F D4 Niveau 2;D4;Juvénile;Féminin;12;61;54;7;0;0;61;;oui;d:12x4 s1:12x4;86e20c13-dc96-47c6-8d0c-f96cbf0e10b6
2025 - 2026;diffusion+s1;Québec-Chaudière-Appalaches;Flag football;Secondaire;Flag football J F D4 Niveau 3 Blanc;D4;Juvénile;Féminin;9;82;72;10;0;0;82;;oui;d:12x4 s1:12x4;990611db-1fb0-4098-80a4-4f9dff3f6b88
2025 - 2026;diffusion+s1;Québec-Chaudière-Appalaches;Flag football;Secondaire;Flag football J F D4 Niveau 3 Bleu;D4;Juvénile;Féminin;9;82;72;10;0;0;0;;oui;d:12x4 s1:12x4;51c088a9-041c-4d48-8a1d-e179e6d1220c
2025 - 2026;diffusion+s1;Québec-Chaudière-Appalaches;Flag football;Secondaire;Flag football J M D3;D3;Juvénile;Masculin;9;43;36;7;0;0;43;;oui;d:12x4 s1:12x4;ea33c967-d4c4-4335-9386-7a681124124a
2025 - 2026;diffusion+s1;Québec-Chaudière-Appalaches;Flag football;Secondaire;Flag football J M D4 Niveau 1;D4;Juvénile;Masculin;9;35;28;7;0;0;35;;oui;d:12x4 s1:12x4;ec8c7b32-e6fe-4538-bd14-6eb771fa0dd3
2025 - 2026;diffusion+s1;Québec-Chaudière-Appalaches;Flag football;Secondaire;Flag football J M D4 Niveau 2;D4;Juvénile;Masculin;9;35;28;7;0;0;35;;oui;d:12x4 s1:12x4;a10d4e8a-1abc-452b-a4ae-0b7b849665c7
2025 - 2026;diffusion+s1;Québec-Chaudière-Appalaches;Football;Secondaire;Football A U D3 à 9;D3;Atome;Mixte;7;22;22;0;0;0;22;;oui;d:12x5 s1:12x5;c0f4b245-394d-4d37-b59c-70af4a895b8e
2025 - 2026;diffusion+s1;Québec-Chaudière-Appalaches;Football;Secondaire;Football A U D4 à 9 Nord;D4;Atome;Mixte;6;32;32;0;0;0;32;;oui;d:12x5 s1:12x5;0b534cb1-8188-40b3-981d-da7abeb2472a
2025 - 2026;diffusion+s1;Québec-Chaudière-Appalaches;Football;Secondaire;Football A U D4 à 9 Sud;D4;Atome;Mixte;4;32;32;0;0;0;0;;oui;d:12x5 s1:12x5;0d9e6690-9f59-4b1c-a90d-63faaaef98ae
2025 - 2026;diffusion+s1;Québec-Chaudière-Appalaches;Football;Secondaire;Football B U D3 à 9;D3;Benjamin;Mixte;8;29;29;0;0;0;29;;oui;d:12x5 s1:12x5;4b1f150f-e94b-437b-8273-159225a31232
2025 - 2026;diffusion+s1;Québec-Chaudière-Appalaches;Football;Secondaire;Football B U D4 Niveau 1 à 9;D4;Benjamin;Mixte;11;35;35;0;0;0;35;;oui;d:12x5 s1:12x5;5bda14a2-8b54-4b58-83c3-138384bf3ddb
2025 - 2026;diffusion+s1;Québec-Chaudière-Appalaches;Football;Secondaire;Football B U D4 Niveau 2 à 9;D4;Benjamin;Mixte;6;16;16;0;0;0;16;;oui;d:12x5 s1:12x5;1fa7bd56-de86-4157-a8f6-5c342ffe3b86
2025 - 2026;diffusion+s1;Québec-Chaudière-Appalaches;Football;Secondaire;Football C U D3 à 12;D3;Cadet;Mixte;10;38;35;3;0;1;38;;oui;d:12x5 s1:12x5;96628f11-9b7b-43b1-aaa7-08731a6ad75c
2025 - 2026;diffusion+s1;Québec-Chaudière-Appalaches;Football;Secondaire;Football C U D3 à 9;D3;Cadet;Mixte;5;21;20;1;0;1;21;;oui;d:12x5 s1:12x5;7b973e49-e754-4de2-b0d1-d4b8f5c6e49d
2025 - 2026;diffusion+s1;Québec-Chaudière-Appalaches;Football;Secondaire;Football C U D4 à 12;D4;Cadet;Mixte;4;15;12;3;0;0;15;;oui;d:12x5 s1:12x5;3d1b6217-14f0-4a61-8edc-1b19a6a48e90
2025 - 2026;diffusion+s1;Québec-Chaudière-Appalaches;Football;Secondaire;Football C U D4 à 9;D4;Cadet;Mixte;6;27;24;3;0;0;27;;oui;d:12x5 s1:12x5;a9eeff33-c874-4480-9abc-f67f34bd76f8
2025 - 2026;diffusion+s1;Québec-Chaudière-Appalaches;Football;Secondaire;Football J U D3 Majeur à 12;D3;Juvénile;Mixte;8;31;28;3;0;3;31;;oui;d:12x5 s1:12x5;dfab30c3-15bb-4327-879d-93efc9dc6134
2025 - 2026;diffusion+s1;Québec-Chaudière-Appalaches;Football;Secondaire;Football J U D3 Mineur à 9 A;D3;Juvénile;Mixte;3;24;21;3;0;0;24;;oui;d:12x5 s1:12x5;76dc170c-7d93-4260-98bb-14da72b90b98
2025 - 2026;diffusion+s1;Québec-Chaudière-Appalaches;Football;Secondaire;Football J U D3 Mineur à 9 B;D3;Juvénile;Mixte;3;24;21;3;0;0;0;;oui;d:12x5 s1:12x5;154d024d-e845-4ef2-a0cb-05989f3906d9
2025 - 2026;diffusion+s1;Québec-Chaudière-Appalaches;Football;Secondaire;Football J U D4 Majeur à 12;D4;Juvénile;Mixte;7;26;21;5;0;0;26;;oui;d:12x5 s1:12x5;969a2280-5287-4920-bd09-c8eae723b259
2025 - 2026;diffusion+s1;Québec-Chaudière-Appalaches;Football;Secondaire;Football J U D4 Mineur à 9;D4;Juvénile;Mixte;7;26;21;5;0;0;26;;oui;d:12x5 s1:12x5;181da33f-0547-4b18-9810-36f5ac3e858e
2025 - 2026;diffusion+s1;Québec-Chaudière-Appalaches;Futsal;Primaire;Futsal  F;;M12;Féminin;6;;;;;;25;;oui;d:12x30 s1:12x30;02fcf2a6-30c9-4a92-9b99-7e2424b815b7
2025 - 2026;diffusion+s1;Québec-Chaudière-Appalaches;Futsal;Primaire;Futsal  F Compétition CHAMPIONNAT;;M12;Féminin;5;;;;;;8;;oui;d:12x30 s1:12x30;ab969678-ebe6-4294-b056-74025b0463eb
2025 - 2026;diffusion+s1;Québec-Chaudière-Appalaches;Futsal;Primaire;Futsal  U Compétition C1;;M12;Mixte;7;;;;;;27;;oui;d:12x30 s1:12x30;a746bce1-0fbb-446b-90cb-4e99e034905b
2025 - 2026;diffusion+s1;Québec-Chaudière-Appalaches;Futsal;Primaire;Futsal  U Compétition C2;;M12;Mixte;14;;;;;;58;;oui;d:12x30 s1:12x30;cd3ee0fc-6275-4b4e-82c9-a99b5d8595d8
2025 - 2026;diffusion+s1;Québec-Chaudière-Appalaches;Futsal;Primaire;Futsal  U Niveau 1 Compétition CHAMPIONNAT;;M12;Mixte;6;;;;;;7;;oui;d:12x30 s1:12x30;3070f6ec-35e7-4533-8add-fed341ce2e48
2025 - 2026;diffusion+s1;Québec-Chaudière-Appalaches;Futsal;Primaire;Futsal  U Niveau 1 Participation CHAMPIONNAT;;M12;Mixte;7;;;;;;7;;oui;d:12x30 s1:12x30;811702d5-08f3-4e73-b27e-d6412c65e52d
2025 - 2026;diffusion+s1;Québec-Chaudière-Appalaches;Futsal;Primaire;Futsal  U Niveau 2 Compétition  CHAMPIONNAT;;M12;Mixte;6;;;;;;7;;oui;d:12x30 s1:12x30;3851d8f6-b47f-4d79-9394-beed832622be
2025 - 2026;diffusion+s1;Québec-Chaudière-Appalaches;Futsal;Primaire;Futsal  U Niveau 2 Participation  CHAMPIONNAT;;M12;Mixte;4;;;;;;4;;oui;d:12x30 s1:12x30;1e9ad535-c90d-461e-9e39-2d1aa977bbe2
2025 - 2026;diffusion+s1;Québec-Chaudière-Appalaches;Futsal;Primaire;Futsal  U Niveau 3 Compétition  CHAMPIONNAT;;M12;Mixte;6;;;;;;7;;oui;d:12x30 s1:12x30;180e3d80-f311-44bb-8225-3265343c7986
2025 - 2026;diffusion+s1;Québec-Chaudière-Appalaches;Futsal;Primaire;Futsal  U Niveau 4 Compétition CHAMPIONNAT;;M12;Mixte;6;;;;;;7;;oui;d:12x30 s1:12x30;78adbe93-67a3-4513-85e8-bef27399460d
2025 - 2026;diffusion+s1;Québec-Chaudière-Appalaches;Futsal;Primaire;Futsal  U Participation P1;;M12;Mixte;15;;;;;;68;;oui;d:12x30 s1:12x30;53858126-db5b-4fd6-b724-3c3713b726e6
2025 - 2026;diffusion+s1;Québec-Chaudière-Appalaches;Futsal;Secondaire;Futsal A M D3;D3;Atome;Masculin;6;;;;;;34;;oui;d:12x30 s1:12x30;1f2df5b4-283d-4d73-8623-7429a274d5dd
2025 - 2026;diffusion+s1;Québec-Chaudière-Appalaches;Futsal;Secondaire;Futsal B F Classement;;Benjamin;Féminin;19;;;;;;76;;oui;d:12x30 s1:12x30;05b36584-19c0-45ba-a862-5fe95bd28ef7
2025 - 2026;diffusion+s1;Québec-Chaudière-Appalaches;Futsal;Secondaire;Futsal B F D3;D3;Benjamin;Féminin;8;;;;;;33;;oui;d:12x30 s1:12x30;689bc416-9976-4e3e-be41-1684d1103bd7
2025 - 2026;diffusion+s1;Québec-Chaudière-Appalaches;Futsal;Secondaire;Futsal B F D4 Niveau 1;D4;Benjamin;Féminin;6;;;;;;28;;oui;d:12x30 s1:12x30;368afb87-10db-4d3c-b69b-6b9aec861c71
2025 - 2026;diffusion+s1;Québec-Chaudière-Appalaches;Futsal;Secondaire;Futsal B F D4 Niveau 2;D4;Benjamin;Féminin;5;;;;;;22;;oui;d:12x30 s1:12x30;900c68ca-85a8-44ae-a20d-f4cf95ab415e
2025 - 2026;diffusion+s1;Québec-Chaudière-Appalaches;Futsal;Secondaire;Futsal B M Classement;;Benjamin;Masculin;80;;;;;;314;;oui;d:12x30 s1:12x30;171c348b-b158-4538-a155-a146f16f80ce
2025 - 2026;diffusion+s1;Québec-Chaudière-Appalaches;Futsal;Secondaire;Futsal B M D3;D3;Benjamin;Masculin;9;;;;;;41;;oui;d:12x30 s1:12x30;1d59c57b-64ac-4a0d-9318-20e2ea83ace3
2025 - 2026;diffusion+s1;Québec-Chaudière-Appalaches;Futsal;Secondaire;Futsal B M D4 Niveau 1;D4;Benjamin;Masculin;9;;;;;;41;;oui;d:12x30 s1:12x30;be2a7834-30f5-427b-9aab-cce8580216be
2025 - 2026;diffusion+s1;Québec-Chaudière-Appalaches;Futsal;Secondaire;Futsal B M D4 Niveau 2;D4;Benjamin;Masculin;9;;;;;;41;;oui;d:12x30 s1:12x30;b9e8133e-605d-41b5-82d4-36fed615d4b1
2025 - 2026;diffusion+s1;Québec-Chaudière-Appalaches;Futsal;Secondaire;Futsal B M D4 Niveau 3;D4;Benjamin;Masculin;9;;;;;;41;;oui;d:12x30 s1:12x30;3c2c2222-ce4f-4705-b814-c3c8a64b2b7e
2025 - 2026;diffusion+s1;Québec-Chaudière-Appalaches;Futsal;Secondaire;Futsal B M D4 Niveau 4;D4;Benjamin;Masculin;9;;;;;;41;;oui;d:12x30 s1:12x30;5626da1e-64e8-420f-85db-42b8e8ca6467
2025 - 2026;diffusion+s1;Québec-Chaudière-Appalaches;Futsal;Secondaire;Futsal B M D4 Niveau 5;D4;Benjamin;Masculin;8;;;;;;36;;oui;d:12x30 s1:12x30;3747418f-64f4-4b8e-a39e-42145376f004
2025 - 2026;diffusion+s1;Québec-Chaudière-Appalaches;Futsal;Secondaire;Futsal B M D4 Niveau 6;D4;Benjamin;Masculin;8;;;;;;36;;oui;d:12x30 s1:12x30;30e5b530-e1e6-40ed-a17b-0b1c4cb7d75e
2025 - 2026;diffusion+s1;Québec-Chaudière-Appalaches;Futsal;Secondaire;Futsal B M D4 Niveau 7;D4;Benjamin;Masculin;5;;;;;;22;;oui;d:12x30 s1:12x30;96d5e8c6-1265-4baf-b60a-49515e90fb2f
2025 - 2026;diffusion+s1;Québec-Chaudière-Appalaches;Futsal;Secondaire;Futsal B M D4 Niveau 8;D4;Benjamin;Masculin;6;;;;;;28;;oui;d:12x30 s1:12x30;522b5d8f-df9a-45e9-b50b-685674e43611
2025 - 2026;diffusion+s1;Québec-Chaudière-Appalaches;Futsal;Secondaire;Futsal C F Classement;;Cadet;Féminin;18;;;;;;72;;oui;d:12x30 s1:12x30;1bd48e35-bcc3-44a3-8216-d970a70f2b61
2025 - 2026;diffusion+s1;Québec-Chaudière-Appalaches;Futsal;Secondaire;Futsal C F D3;D3;Cadet;Féminin;6;;;;;;34;;oui;d:12x30 s1:12x30;246c9a4f-5a4a-4ddd-9b78-63184804833a
2025 - 2026;diffusion+s1;Québec-Chaudière-Appalaches;Futsal;Secondaire;Futsal C F D4 Niveau 1;D4;Cadet;Féminin;6;;;;;;28;;oui;d:12x30 s1:12x30;2a5b4e2a-a7f8-475c-b19f-d1388f367a28
2025 - 2026;diffusion+s1;Québec-Chaudière-Appalaches;Futsal;Secondaire;Futsal C F D4 Niveau 2;D4;Cadet;Féminin;6;;;;;;28;;oui;d:12x30 s1:12x30;2dd7f1d1-41f0-428b-8111-6b0bd101c92b
2025 - 2026;diffusion+s1;Québec-Chaudière-Appalaches;Futsal;Secondaire;Futsal C M Classement;;Cadet;Masculin;50;;;;;;194;;oui;d:12x30 s1:12x30;89ef685b-34a4-49ff-b1f3-dafab8892be5
2025 - 2026;diffusion+s1;Québec-Chaudière-Appalaches;Futsal;Secondaire;Futsal C M D3;D3;Cadet;Masculin;9;;;;;;41;;oui;d:12x30 s1:12x30;49321094-0f4a-4f21-b975-ddc505d38a98
2025 - 2026;diffusion+s1;Québec-Chaudière-Appalaches;Futsal;Secondaire;Futsal C M D4 Niveau 1;D4;Cadet;Masculin;8;;;;;;36;;oui;d:12x30 s1:12x30;90245a0c-e1fa-453c-a456-4caf8a117570
2025 - 2026;diffusion+s1;Québec-Chaudière-Appalaches;Futsal;Secondaire;Futsal C M D4 Niveau 2;D4;Cadet;Masculin;8;;;;;;36;;oui;d:12x30 s1:12x30;a4d3e299-f673-485e-acfb-3394a48ca7b3
2025 - 2026;diffusion+s1;Québec-Chaudière-Appalaches;Futsal;Secondaire;Futsal C M D4 Niveau 3;D4;Cadet;Masculin;8;;;;;;36;;oui;d:12x30 s1:12x30;3b4835df-c2b9-4ffa-951d-bbb6d39e1a59
2025 - 2026;diffusion+s1;Québec-Chaudière-Appalaches;Futsal;Secondaire;Futsal C M D4 Niveau 4;D4;Cadet;Masculin;8;;;;;;36;;oui;d:12x30 s1:12x30;090e6448-d219-4bb0-bbcf-d908ce321930
2025 - 2026;diffusion+s1;Québec-Chaudière-Appalaches;Futsal;Secondaire;Futsal C M D4 Niveau 5;D4;Cadet;Masculin;8;;;;;;36;;oui;d:12x30 s1:12x30;0d2d41ad-b88c-4d3e-8c61-b412d356c0ea
2025 - 2026;diffusion+s1;Québec-Chaudière-Appalaches;Futsal;Secondaire;Futsal J F Classement;;Juvénile;Féminin;20;;;;;;40;;oui;d:12x30 s1:12x30;ee151b25-4fdb-4c8a-a909-0011ccbe2aa0
2025 - 2026;diffusion+s1;Québec-Chaudière-Appalaches;Futsal;Secondaire;Futsal J F D3;D3;Juvénile;Féminin;6;;;;;;34;;oui;d:12x30 s1:12x30;d97e80e8-e2fe-4b8d-b8df-164659ea9541
2025 - 2026;diffusion+s1;Québec-Chaudière-Appalaches;Futsal;Secondaire;Futsal J F D4 Niveau 1;D4;Juvénile;Féminin;8;;;;;;44;;oui;d:12x30 s1:12x30;8e0a80bb-deef-4501-81e1-ff8478e5dc77
2025 - 2026;diffusion+s1;Québec-Chaudière-Appalaches;Futsal;Secondaire;Futsal J F D4 Niveau 2;D4;Juvénile;Féminin;6;;;;;;34;;oui;d:12x30 s1:12x30;c5e0bc71-69fd-4a05-bf45-6046842fa5fc
2025 - 2026;diffusion+s1;Québec-Chaudière-Appalaches;Futsal;Secondaire;Futsal J M Classement;;Juvénile;Masculin;36;;;;;;74;;oui;d:12x30 s1:12x30;2954319b-3c42-4ba2-bda5-06c8d2d0067f
2025 - 2026;diffusion+s1;Québec-Chaudière-Appalaches;Futsal;Secondaire;Futsal J M D3;D3;Juvénile;Masculin;9;;;;;;41;;oui;d:12x30 s1:12x30;4a831ec2-de5f-4a01-ba44-48849bd32e0d
2025 - 2026;diffusion+s1;Québec-Chaudière-Appalaches;Futsal;Secondaire;Futsal J M D4 Niveau 1;D4;Juvénile;Masculin;7;;;;;;39;;oui;d:12x30 s1:12x30;5b8cd805-653e-400f-90a4-1374ff50fa60
2025 - 2026;diffusion+s1;Québec-Chaudière-Appalaches;Futsal;Secondaire;Futsal J M D4 Niveau 2;D4;Juvénile;Masculin;8;;;;;;44;;oui;d:12x30 s1:12x30;85816953-4244-4097-a2b5-56ac91f8e7cc
2025 - 2026;diffusion+s1;Québec-Chaudière-Appalaches;Futsal;Secondaire;Futsal J M D4 Niveau 3;D4;Juvénile;Masculin;6;;;;;;34;;oui;d:12x30 s1:12x30;c5aaef23-240c-4436-b27b-b975c4262ef9
2025 - 2026;diffusion+s1;Québec-Chaudière-Appalaches;Futsal;Secondaire;Futsal J M D4 Niveau 4;D4;Juvénile;Masculin;5;;;;;;29;;oui;d:12x30 s1:12x30;aa11d400-1db4-4fae-a5dd-72bbf8f78238
2025 - 2026;diffusion+s1;Québec-Chaudière-Appalaches;Futsal;Primaire;Futsal M10 U Compétition  C1;;M10;Mixte;9;;;;;;32;;oui;d:12x30 s1:12x30;bb3df5b6-7e74-4032-a447-c0cf2eb6fee0
2025 - 2026;diffusion+s1;Québec-Chaudière-Appalaches;Futsal;Primaire;Futsal M10 U Compétition  C2;;M10;Mixte;8;;;;;;22;;oui;d:12x30 s1:12x30;0b993c39-7184-48b8-9ef4-1213ff2c8625
2025 - 2026;diffusion+s1;Québec-Chaudière-Appalaches;Futsal;Primaire;Futsal M10 U Niveau 1 Compétition  CHAMPIONNAT;;M10;Mixte;6;;;;;;7;;oui;d:12x30 s1:12x30;c55d5a63-b273-4a4c-9956-0daf129efd63
2025 - 2026;diffusion+s1;Québec-Chaudière-Appalaches;Futsal;Primaire;Futsal M10 U Niveau 1 Participation CHAMPIONNAT;;M10;Mixte;6;;;;;;7;;oui;d:12x30 s1:12x30;dd624202-1c82-4635-8434-6501f020d007
2025 - 2026;diffusion+s1;Québec-Chaudière-Appalaches;Futsal;Primaire;Futsal M10 U Niveau 2 Compétition  CHAMPIONNAT;;M10;Mixte;7;;;;;;7;;oui;d:12x30 s1:12x30;a3b75bfd-0ee8-4a89-9754-01b0908c50d2
2025 - 2026;diffusion+s1;Québec-Chaudière-Appalaches;Futsal;Primaire;Futsal M10 U Niveau 3 Compétition  CHAMPIONNAT;;M10;Mixte;6;;;;;;7;;oui;d:12x30 s1:12x30;7ed8c082-f036-4d84-a5a6-ed7b0672e6d2
2025 - 2026;diffusion+s1;Québec-Chaudière-Appalaches;Futsal;Primaire;Futsal M10 U Participation P1;;M10;Mixte;17;;;;;;57;;oui;d:12x30 s1:12x30;79aecd12-afa4-42e0-a5da-502ec96cf66a
2025 - 2026;s1;Québec-Chaudière-Appalaches;Golf;Secondaire;Golf B F;;Benjamin;Féminin;16;0;0;0;0;0;0;;oui;s1:12x6;a510956c-7f62-442d-b797-d41523facaed
2025 - 2026;s1;Québec-Chaudière-Appalaches;Golf;Secondaire;Golf B M;;Benjamin;Masculin;16;0;0;0;0;0;0;;oui;s1:12x6;f515eb01-e7a0-4c2c-bb71-72a914e06eea
2025 - 2026;s1;Québec-Chaudière-Appalaches;Golf;Secondaire;Golf C F;;Cadet;Féminin;16;0;0;0;0;0;0;;oui;s1:12x6;8c426470-f532-48bc-910c-3978786768b2
2025 - 2026;s1;Québec-Chaudière-Appalaches;Golf;Secondaire;Golf C M;;Cadet;Masculin;16;0;0;0;0;0;0;;oui;s1:12x6;707c6898-31df-40ce-85ff-71a58fa6ac4a
2025 - 2026;s1;Québec-Chaudière-Appalaches;Golf;Secondaire;Golf J F;;Juvénile;Féminin;16;0;0;0;0;0;0;;oui;s1:12x6;53444e6b-af93-4835-89b4-11ba66431cc5
2025 - 2026;s1;Québec-Chaudière-Appalaches;Golf;Secondaire;Golf J M;;Juvénile;Masculin;16;0;0;0;0;0;0;;oui;s1:12x6;040e939a-9c01-444e-b0e0-b6e8fcc6525b
2025 - 2026;s1;Québec-Chaudière-Appalaches;Natation;Secondaire;Natation B F D3;D3;Benjamin;Féminin;10;0;0;0;0;0;0;;oui;s1:12x10;446c077a-b4bc-4949-910c-568ae83c8028
2025 - 2026;s1;Québec-Chaudière-Appalaches;Natation;Secondaire;Natation B M D3;D3;Benjamin;Masculin;10;0;0;0;0;0;0;;oui;s1:12x10;28d60379-1b5c-45fd-b06b-2a628ee57f18
2025 - 2026;s1;Québec-Chaudière-Appalaches;Natation;Secondaire;Natation C F D3;D3;Cadet;Féminin;10;0;0;0;0;0;0;;oui;s1:12x10;310c0032-09f2-4ed5-b8dc-35bc7beba1d3
2025 - 2026;s1;Québec-Chaudière-Appalaches;Natation;Secondaire;Natation C M D3;D3;Cadet;Masculin;10;0;0;0;0;0;0;;oui;s1:12x10;d4c21b79-6130-4fca-954d-ae43fa2f7cf1
2025 - 2026;s1;Québec-Chaudière-Appalaches;Natation;Secondaire;Natation J F D3;D3;Juvénile;Féminin;10;0;0;0;0;0;0;;oui;s1:12x10;5ad95e9d-0d16-4ddc-9bc4-a5de85c5acb3
2025 - 2026;s1;Québec-Chaudière-Appalaches;Natation;Secondaire;Natation J M D3;D3;Juvénile;Masculin;10;0;0;0;0;0;0;;oui;s1:12x10;be1e387e-c767-436b-bf57-54b43dcb50bc
2025 - 2026;diffusion+s1;Québec-Chaudière-Appalaches;Rugby;Secondaire;Rugby B F D3 à 7;D3;Benjamin;Féminin;7;;;;;;31;;oui;d:12x11 s1:12x11;1b61ed79-90ff-4e57-a813-461c979a8b85
2025 - 2026;diffusion+s1;Québec-Chaudière-Appalaches;Rugby;Secondaire;Rugby J F D3 à 10;D3;Juvénile;Féminin;4;;;;;;10;;oui;d:12x11 s1:12x11;dca2b810-1b91-44ed-a82e-f6c41f69c7be
2025 - 2026;diffusion+s1;Québec-Chaudière-Appalaches;Rugby;Secondaire;Rugby J F D3 à 7;D3;Juvénile;Féminin;5;;;;;;24;;oui;d:12x11 s1:12x11;53f3c060-da75-485d-bc8f-01ee6466086c
2025 - 2026;diffusion+s1;Québec-Chaudière-Appalaches;Rugby;Secondaire;Rugby J F D4 Niveau 1 à 7;D4;Juvénile;Féminin;6;;;;;;31;;oui;d:12x11 s1:12x11;731b11de-92b2-42a0-8b4c-512a773bb3cf
2025 - 2026;diffusion+s1;Québec-Chaudière-Appalaches;Rugby;Secondaire;Rugby J F D4 Niveau 2 à 7 Blanc;D4;Juvénile;Féminin;8;;;;;;71;;oui;d:12x11 s1:12x11;e3c611a6-74e7-4254-91a3-53d83cf22869
2025 - 2026;diffusion+s1;Québec-Chaudière-Appalaches;Rugby;Secondaire;Rugby J F D4 Niveau 2 à 7 Bleu;D4;Juvénile;Féminin;7;71;64;7;0;0;0;;oui;d:12x11 s1:12x11;ad70c732-f7fb-45b8-b8bf-c86c33a9d5c6
2025 - 2026;diffusion+s1;Québec-Chaudière-Appalaches;Rugby;Secondaire;Rugby J M D3 à 7;D3;Juvénile;Masculin;5;;;;;;24;;oui;d:12x11 s1:12x11;fca2f80d-d502-4d7e-b01f-abbed388c228
2025 - 2026;diffusion+s1;Québec-Chaudière-Appalaches;Soccer;Secondaire;Soccer B F D3;D3;Benjamin;Féminin;6;;;;;;21;;oui;d:12x13 s1:12x13;1aa5d71f-5db6-44c5-8f0a-f247cc228612
2025 - 2026;diffusion+s1;Québec-Chaudière-Appalaches;Soccer;Secondaire;Soccer B F D4;D4;Benjamin;Féminin;6;;;;;;21;;oui;d:12x13 s1:12x13;cd434942-e7ca-4f0f-887b-9566e7820d0d
2025 - 2026;diffusion+s1;Québec-Chaudière-Appalaches;Soccer;Secondaire;Soccer B M D3;D3;Benjamin;Masculin;7;;;;;;24;;oui;d:12x13 s1:12x13;874c3738-03dc-4205-b856-ac270be6fc3d
2025 - 2026;diffusion+s1;Québec-Chaudière-Appalaches;Soccer;Secondaire;Soccer B M D4 Niveau 1;D4;Benjamin;Masculin;7;;;;;;24;;oui;d:12x13 s1:12x13;57a42e10-970e-4d20-be34-7f3a0dc8c6fc
2025 - 2026;diffusion+s1;Québec-Chaudière-Appalaches;Soccer;Secondaire;Soccer B M D4 Niveau 2 Blanc;D4;Benjamin;Masculin;4;;;;;;27;;oui;d:12x13 s1:12x13;14fa80de-bcca-45c3-abf5-57a5d23d33c0
2025 - 2026;diffusion+s1;Québec-Chaudière-Appalaches;Soccer;Secondaire;Soccer B M D4 Niveau 2 Bleu;D4;Benjamin;Masculin;4;27;24;3;0;0;0;;oui;d:12x13 s1:12x13;8b19ab59-3fbe-4241-bb61-c7ffff42e1fb
2025 - 2026;diffusion+s1;Québec-Chaudière-Appalaches;Soccer;Secondaire;Soccer B M D4 Niveau 3;D4;Benjamin;Masculin;7;;;;;;24;;oui;d:12x13 s1:12x13;25be13f4-b044-479a-92a0-7709171956d2
2025 - 2026;diffusion+s1;Québec-Chaudière-Appalaches;Soccer;Secondaire;Soccer C F D3;D3;Cadet;Féminin;6;;;;;;17;;oui;d:12x13 s1:12x13;4c766a14-b227-42ef-9ec5-ef7930b4d060
2025 - 2026;diffusion+s1;Québec-Chaudière-Appalaches;Soccer;Secondaire;Soccer C M D3;D3;Cadet;Masculin;6;;;;;;21;;oui;d:12x13 s1:12x13;62955902-c421-4517-9882-01f811626185
2025 - 2026;diffusion+s1;Québec-Chaudière-Appalaches;Soccer;Secondaire;Soccer C M D4;D4;Cadet;Masculin;6;;;;;;21;;oui;d:12x13 s1:12x13;eb7ea0e6-a908-4769-9d32-9fb4e663bdec
2025 - 2026;diffusion+s1;Québec-Chaudière-Appalaches;Soccer;Secondaire;Soccer J F D3;D3;Juvénile;Féminin;4;;;;;;14;;oui;d:12x13 s1:12x13;f6ad2c17-7857-41cd-b823-2dfd233b9d9b
2025 - 2026;diffusion+s1;Québec-Chaudière-Appalaches;Soccer;Secondaire;Soccer J F D4 Niveau 1;D4;Juvénile;Féminin;6;;;;;;21;;oui;d:12x13 s1:12x13;dd5a1877-8335-4998-be60-4708e376c6be
2025 - 2026;diffusion+s1;Québec-Chaudière-Appalaches;Soccer;Secondaire;Soccer J F D4 Niveau 2;D4;Juvénile;Féminin;5;;;;;;17;;oui;d:12x13 s1:12x13;fcf6dcca-8d08-407a-930f-d9fba9a330dd
2025 - 2026;diffusion+s1;Québec-Chaudière-Appalaches;Soccer;Secondaire;Soccer J M D3;D3;Juvénile;Masculin;6;;;;;;21;;oui;d:12x13 s1:12x13;27767b3b-7a16-4747-a310-9b5e1f60f3b3
2025 - 2026;diffusion+s1;Québec-Chaudière-Appalaches;Soccer;Secondaire;Soccer J M D4 Niveau 1;D4;Juvénile;Masculin;4;;;;;;14;;oui;d:12x13 s1:12x13;28dbb2c1-0709-42a4-b114-d35242021944
2025 - 2026;diffusion+s1;Québec-Chaudière-Appalaches;Soccer;Secondaire;Soccer J M D4 Niveau 2;D4;Juvénile;Masculin;8;;;;;;21;;oui;d:12x13 s1:12x13;c476c41f-adc3-41a8-a84c-ed6862a51857
2025 - 2026;diffusion+s1;Québec-Chaudière-Appalaches;Ultimate;Secondaire;Ultimate A U D3;D3;Atome;Mixte;7;;;;;;34;;oui;d:12x25 s1:12x25;9b80e4d9-b0da-48e1-8e7f-0145881d4c23
2025 - 2026;diffusion+s1;Québec-Chaudière-Appalaches;Ultimate;Secondaire;Ultimate B U D3;D3;Benjamin;Mixte;7;;;;;;25;;oui;d:12x25 s1:12x25;c0a6f42b-3a12-480a-8918-d8aaf86434d9
2025 - 2026;diffusion+s1;Québec-Chaudière-Appalaches;Ultimate;Secondaire;Ultimate B U D4 Niveau 1;D4;Benjamin;Mixte;7;;;;;;25;;oui;d:12x25 s1:12x25;64a24e8a-b7bc-4dec-9cad-c693920d9979
2025 - 2026;diffusion+s1;Québec-Chaudière-Appalaches;Ultimate;Secondaire;Ultimate B U D4 Niveau 2;D4;Benjamin;Mixte;9;;;;;;34;;oui;d:12x25 s1:12x25;74749dd9-45d2-4097-872a-2a1e6c1439d4
2025 - 2026;diffusion+s1;Québec-Chaudière-Appalaches;Ultimate;Secondaire;Ultimate C U D3;D3;Cadet;Mixte;10;;;;;;56;;oui;d:12x25 s1:12x25;4423ead0-c448-443d-b0ae-94d8bfa60d27
2025 - 2026;diffusion+s1;Québec-Chaudière-Appalaches;Ultimate;Secondaire;Ultimate C U D4;D4;Cadet;Mixte;10;;;;;;38;;oui;d:12x25 s1:12x25;72eaa1f6-f5f4-4796-ba0b-bf0ea2aea9c7
2025 - 2026;diffusion+s1;Québec-Chaudière-Appalaches;Ultimate;Secondaire;Ultimate J U D3 à 5;D3;Juvénile;Mixte;8;;;;;;34;;oui;d:12x25 s1:12x25;352b4b54-a40f-4a0b-bb70-5acdfd654b9f
2025 - 2026;diffusion+s1;Québec-Chaudière-Appalaches;Ultimate;Secondaire;Ultimate J U D3 à 7;D3;Juvénile;Mixte;7;;;;;;25;;oui;d:12x25 s1:12x25;c3f9d94e-3445-4716-bf01-1fea06c944c3
2025 - 2026;diffusion+s1;Québec-Chaudière-Appalaches;Ultimate;Secondaire;Ultimate J U D4 à 7;D4;Juvénile;Mixte;10;;;;;;34;;oui;d:12x25 s1:12x25;57f259ed-5050-4f5a-b689-d66c17697b78
2025 - 2026;diffusion+s1;Québec-Chaudière-Appalaches;Ultimate;Secondaire;Ultimate J U D4 Niveau 1 à 5;D4;Juvénile;Mixte;13;;;;;;42;;oui;d:12x25 s1:12x25;046b97bd-c941-4e09-a49e-ff72e0044c34
2025 - 2026;diffusion+s1;Québec-Chaudière-Appalaches;Ultimate;Secondaire;Ultimate J U D4 Niveau 2 à 5;D4;Juvénile;Mixte;8;;;;;;28;;oui;d:12x25 s1:12x25;01c4816b-81ee-4a20-91b4-b1ef11e9fcc7
2025 - 2026;diffusion+s1;Québec-Chaudière-Appalaches;Ultimate;Secondaire;Ultimate J U D4 Niveau 3 à 5;D4;Juvénile;Mixte;6;;;;;;20;;oui;d:12x25 s1:12x25;ca53832f-b50b-47e9-baad-78c24d408bdc
2025 - 2026;s1;Québec-Chaudière-Appalaches;Volleyball;Secondaire;Volleyball B F;;Benjamin;Féminin;197;0;0;0;0;0;0;;oui;s1:12x16;d1a6a939-8968-4578-8dd7-5e7a31bba92a
2025 - 2026;s1;Québec-Chaudière-Appalaches;Volleyball;Secondaire;Volleyball B M;;Benjamin;Masculin;21;0;0;0;0;0;0;;oui;s1:12x16;5fafdf27-be2a-45e7-96ee-62206c1c49b7
2025 - 2026;s1;Québec-Chaudière-Appalaches;Volleyball;Secondaire;Volleyball C F;;Cadet;Féminin;145;0;0;0;0;0;0;;oui;s1:12x16;fc8ca818-f614-4e89-a7d8-c3e18134780a
2025 - 2026;s1;Québec-Chaudière-Appalaches;Volleyball;Secondaire;Volleyball C M;;Cadet;Masculin;27;0;0;0;0;0;0;;oui;s1:12x16;5f03fd82-be28-4558-bb61-d5e96a2800d7
2025 - 2026;s1;Québec-Chaudière-Appalaches;Volleyball;Secondaire;Volleyball J F;;Juvénile;Féminin;80;0;0;0;0;0;0;;oui;s1:12x16;fba008ed-dd2f-442c-baa4-9ae17a13286d
2025 - 2026;s1;Québec-Chaudière-Appalaches;Volleyball;Secondaire;Volleyball J M;;Juvénile;Masculin;35;0;0;0;0;0;0;;oui;s1:12x16;ff08c471-5466-4df9-8055-a03e927b13a7
2025 - 2026;s1;Québec-Chaudière-Appalaches;Volleyball;Primaire;Volleyball M U Niveau 1 Compétitif;;Moustique;Mixte;22;;;;;;0;;oui;s1:12x16;f802022d-b761-4d87-a1e1-ae491562af0c
2025 - 2026;s1;Québec-Chaudière-Appalaches;Volleyball;Primaire;Volleyball M U Niveau 1 Participatif Bleu;;Moustique;Mixte;21;;;;;;0;;oui;s1:12x16;06f3c8c9-818e-44b7-ad6f-795ba0d2012d
2025 - 2026;s1;Québec-Chaudière-Appalaches;Volleyball;Primaire;Volleyball M U Niveau 1 Participatif Jaune;;Moustique;Mixte;17;;;;;;0;;oui;s1:12x16;868ec552-ef0a-43ba-8a2f-9aa30d7b003d
2025 - 2026;s1;Québec-Chaudière-Appalaches;Volleyball;Primaire;Volleyball M U Niveau 1 Participatif Vert;;Moustique;Mixte;20;;;;;;0;;oui;s1:12x16;4c5f974a-481f-44cd-bb31-0444e8aa62bb
2025 - 2026;s1;Québec-Chaudière-Appalaches;Volleyball;Primaire;Volleyball M U Niveau 2 Compétitif;;Moustique;Mixte;24;;;;;;0;;oui;s1:12x16;880469b5-9e13-4bbf-8806-2104b9f7c401
2025 - 2026;s1;Québec-Chaudière-Appalaches;Volleyball;Primaire;Volleyball M U Niveau 2 Participatif;;Moustique;Mixte;17;;;;;;0;;oui;s1:12x16;63ff51ce-50a5-43d3-b65f-5c5c977b48c4
2025 - 2026;s1;Québec-Chaudière-Appalaches;Volleyball;Primaire;Volleyball N U;;Novice;Mixte;12;;;;;;0;;oui;s1:12x16;bc3a232e-a09e-4a70-ae4a-c0a2d7dfba50
2025 - 2026;s1;Saguenay-Lac-Saint-Jean;Athlétisme;Secondaire;Athlétisme B F Extérieur Championnat régional;;Benjamin;Féminin;15;0;0;0;0;0;0;;oui;s1:13x0;45c36aec-2d8b-4ab1-beb5-79d9f8665d3d
2025 - 2026;s1;Saguenay-Lac-Saint-Jean;Athlétisme;Secondaire;Athlétisme B F Intérieur;;Benjamin;Féminin;16;0;0;0;0;0;0;;oui;s1:13x0;4cc00d2b-3678-4dab-976b-fca2459956e1
2025 - 2026;s1;Saguenay-Lac-Saint-Jean;Athlétisme;Secondaire;Athlétisme B F Locale CSS Lac-St-Jean;;Benjamin;Féminin;9;0;0;0;0;0;0;;oui;s1:13x0;f9526fd8-3833-4545-af54-02e9023d10ed
2025 - 2026;s1;Saguenay-Lac-Saint-Jean;Athlétisme;Secondaire;Athlétisme B M Extérieur Championnat régional;;Benjamin;Masculin;24;0;0;0;0;0;0;;oui;s1:13x0;8834e074-1b57-4ff2-8c25-8da9b7ea3796
2025 - 2026;s1;Saguenay-Lac-Saint-Jean;Athlétisme;Secondaire;Athlétisme B M Intérieur;;Benjamin;Masculin;23;0;0;0;0;0;0;;oui;s1:13x0;0a67a0a4-b894-4776-87ad-de878d8f7d2f
2025 - 2026;s1;Saguenay-Lac-Saint-Jean;Athlétisme;Secondaire;Athlétisme B M Locale CSS Lac-St-Jean;;Benjamin;Masculin;9;0;0;0;0;0;0;;oui;s1:13x0;5f12b238-155e-4399-9323-1cf59da4ae0a
2025 - 2026;s1;Saguenay-Lac-Saint-Jean;Athlétisme;Secondaire;Athlétisme C F Extérieur Championnat régional;;Cadet;Féminin;11;0;0;0;0;0;0;;oui;s1:13x0;fc371f61-01a3-4c6e-8918-c11ff7b5bfde
2025 - 2026;s1;Saguenay-Lac-Saint-Jean;Athlétisme;Secondaire;Athlétisme C F Intérieur;;Cadet;Féminin;11;0;0;0;0;0;0;;oui;s1:13x0;9cf6a294-e3d8-4940-b413-2aa871c79eff
2025 - 2026;s1;Saguenay-Lac-Saint-Jean;Athlétisme;Secondaire;Athlétisme C F Locale CSS Lac-St-Jean;;Cadet;Féminin;2;0;0;0;0;0;0;;oui;s1:13x0;5de670b2-8645-4741-a425-9e099d7e6d95
2025 - 2026;s1;Saguenay-Lac-Saint-Jean;Athlétisme;Secondaire;Athlétisme C M Extérieur Championnat régional;;Cadet;Masculin;11;0;0;0;0;0;0;;oui;s1:13x0;bd6dd7f0-e5ce-4861-bfe5-a4dd3d65a3e0
2025 - 2026;s1;Saguenay-Lac-Saint-Jean;Athlétisme;Secondaire;Athlétisme C M Intérieur;;Cadet;Masculin;9;0;0;0;0;0;0;;oui;s1:13x0;14724c58-89aa-45fe-8e35-fabd25d47094
2025 - 2026;s1;Saguenay-Lac-Saint-Jean;Athlétisme;Secondaire;Athlétisme C M Locale CSS Lac-St-Jean;;Cadet;Masculin;2;0;0;0;0;0;0;;oui;s1:13x0;a78d4369-5d13-44bc-83d5-c1e9ca8768a1
2025 - 2026;s1;Saguenay-Lac-Saint-Jean;Athlétisme;Secondaire;Athlétisme J F Extérieur Championnat régional;;Juvénile;Féminin;11;0;0;0;0;0;0;;oui;s1:13x0;ef50441c-933c-42c9-90af-5df6e62b5638
2025 - 2026;s1;Saguenay-Lac-Saint-Jean;Athlétisme;Secondaire;Athlétisme J F Intérieur;;Juvénile;Féminin;11;0;0;0;0;0;0;;oui;s1:13x0;69aba439-3782-4430-be51-8ad9379d3079
2025 - 2026;s1;Saguenay-Lac-Saint-Jean;Athlétisme;Secondaire;Athlétisme J F Locale CSS Lac-St-Jean;;Juvénile;Féminin;5;0;0;0;0;0;0;;oui;s1:13x0;9267d847-1fb6-43da-8a83-28f404d9ce3f
2025 - 2026;s1;Saguenay-Lac-Saint-Jean;Athlétisme;Secondaire;Athlétisme J M Extérieur Championnat régional;;Juvénile;Masculin;11;0;0;0;0;0;0;;oui;s1:13x0;decc6c2e-f8c6-4838-be1e-105ac1fc6ca3
2025 - 2026;s1;Saguenay-Lac-Saint-Jean;Athlétisme;Secondaire;Athlétisme J M Intérieur;;Juvénile;Masculin;8;0;0;0;0;0;0;;oui;s1:13x0;b3e75318-8a9a-4da5-9aef-88c3650e5df4
2025 - 2026;s1;Saguenay-Lac-Saint-Jean;Athlétisme;Secondaire;Athlétisme J M Locale CSS Lac-St-Jean;;Juvénile;Masculin;3;0;0;0;0;0;0;;oui;s1:13x0;6853362b-3afd-4121-a1b2-5cb82fd137da
2025 - 2026;s1;Saguenay-Lac-Saint-Jean;Athlétisme;Primaire;Athlétisme P5 F Rives-du-Saguenay;;Primaire 5;Féminin;8;;;;;;0;;oui;s1:13x0;bf1b329e-2b8f-4ea8-af09-84504a4c040e
2025 - 2026;s1;Saguenay-Lac-Saint-Jean;Athlétisme;Primaire;Athlétisme P5 M Rives-du-Saguenay;;Primaire 5;Masculin;8;;;;;;0;;oui;s1:13x0;f2c5e1b2-aa36-438e-9d4d-dd7578f5faae
2025 - 2026;s1;Saguenay-Lac-Saint-Jean;Athlétisme;Primaire;Athlétisme P6 F Rives-du-Saguenay;;Primaire 6;Féminin;8;;;;;;0;;oui;s1:13x0;efe84fee-d2e0-40b4-a03a-9d65c93acad4
2025 - 2026;s1;Saguenay-Lac-Saint-Jean;Athlétisme;Primaire;Athlétisme P6 M Rives-du-Saguenay;;Primaire 6;Masculin;8;;;;;;0;;oui;s1:13x0;9aec0087-d8a2-48da-8d86-23a68ed8a8c1
2025 - 2026;s1;Saguenay-Lac-Saint-Jean;Badminton;Secondaire;Badminton B F;;Benjamin;Féminin;7;0;0;0;0;0;0;;oui;s1:13x18;2eb318c2-c337-4ece-a788-d6c6fd261265
2025 - 2026;s1;Saguenay-Lac-Saint-Jean;Badminton;Secondaire;Badminton B M;;Benjamin;Masculin;12;0;0;0;0;0;0;;oui;s1:13x18;605cf0b6-8958-4c25-add6-015388653216
2025 - 2026;s1;Saguenay-Lac-Saint-Jean;Badminton;Secondaire;Badminton C F;;Cadet;Féminin;9;0;0;0;0;0;0;;oui;s1:13x18;3cef8ec3-bab5-4d91-bbd7-5f9c7106f6f2
2025 - 2026;s1;Saguenay-Lac-Saint-Jean;Badminton;Secondaire;Badminton C M;;Cadet;Masculin;11;0;0;0;0;0;0;;oui;s1:13x18;0d60b19c-f82f-4518-aa75-b9a751ddc65f
2025 - 2026;s1;Saguenay-Lac-Saint-Jean;Badminton;Secondaire;Badminton J F;;Juvénile;Féminin;6;0;0;0;0;0;0;;oui;s1:13x18;b09876aa-5fa0-4e79-b83c-6e08590e08d1
2025 - 2026;s1;Saguenay-Lac-Saint-Jean;Badminton;Secondaire;Badminton J M;;Juvénile;Masculin;7;0;0;0;0;0;0;;oui;s1:13x18;f412fbbe-5a85-4ce9-81fc-c6d52a7c8950
2025 - 2026;s1;Saguenay-Lac-Saint-Jean;Badminton;Primaire;Badminton M U;;Moustique;Mixte;5;;;;;;0;;oui;s1:13x18;42ac229f-152b-4f68-8e10-081d30020e1b
2025 - 2026;diffusion+s1;Saguenay-Lac-Saint-Jean;Basketball;Secondaire;Basketball B F D3;D3;Benjamin;Féminin;4;;;;;;24;;oui;d:13x1 s1:13x1;69a982f8-f49e-4286-b4a2-e164d3dfb915
2025 - 2026;diffusion+s1;Saguenay-Lac-Saint-Jean;Basketball;Secondaire;Basketball B F D4;D4;Benjamin;Féminin;6;;;;;;40;;oui;d:13x1 s1:13x1;7a75781b-50da-45ad-bc21-b1ab3b668bf5
2025 - 2026;diffusion+s1;Saguenay-Lac-Saint-Jean;Basketball;Secondaire;Basketball B M D3;D3;Benjamin;Masculin;3;;;;;;91;;oui;d:13x1 s1:13x1;674f1f92-3317-45ba-b760-425d0c0615ce
2025 - 2026;diffusion+s1;Saguenay-Lac-Saint-Jean;Basketball;Secondaire;Basketball B M D4 Niveau 1;D4;Benjamin;Masculin;9;;;;;;54;;oui;d:13x1 s1:13x1;092e4496-db05-4e09-94e4-ed03686e0f8a
2025 - 2026;diffusion+s1;Saguenay-Lac-Saint-Jean;Basketball;Secondaire;Basketball B M D4 Niveau 2 Lac-St-Jean;D4;Benjamin;Masculin;5;;;;;;34;;oui;d:13x1 s1:13x1;7526c024-4642-400b-9b5c-c338c506aff7
2025 - 2026;diffusion+s1;Saguenay-Lac-Saint-Jean;Basketball;Secondaire;Basketball B M D4 Niveau 2 Saguenay;D4;Benjamin;Masculin;7;;;;;;42;;oui;d:13x1 s1:13x1;ddfd4cf1-8fa3-4094-aff0-d4f3a6fc4635
2025 - 2026;diffusion+s1;Saguenay-Lac-Saint-Jean;Basketball;Secondaire;Basketball C F D3;D3;Cadet;Féminin;2;;;;;;50;;oui;d:13x1 s1:13x1;d2ac9ada-5dd6-4494-bc71-fc835b68c7c9
2025 - 2026;diffusion+s1;Saguenay-Lac-Saint-Jean;Basketball;Secondaire;Basketball C M D4;D4;Cadet;Masculin;10;;;;;;6;;oui;d:13x1 s1:13x1;00f20d35-82f6-4292-9caa-0e82bf21fe37
2025 - 2026;diffusion+s1;Saguenay-Lac-Saint-Jean;Basketball;Secondaire;Basketball J F D3;D3;Juvénile;Féminin;3;50;50;0;0;2;0;;oui;d:13x1 s1:13x1;bf15782d-e306-47df-8b55-aff9497119fe
2025 - 2026;diffusion+s1;Saguenay-Lac-Saint-Jean;Basketball;Secondaire;Basketball J F D4;D4;Juvénile;Féminin;3;;;;;;2;;oui;d:13x1 s1:13x1;79ba5e5d-f722-4541-81e3-220224f32b47
2025 - 2026;diffusion+s1;Saguenay-Lac-Saint-Jean;Basketball;Secondaire;Basketball J M D3;D3;Juvénile;Masculin;5;;;;;;40;;oui;d:13x1 s1:13x1;8b549b12-4a91-48e3-8bd8-e4b8788c6b74
2025 - 2026;diffusion+s1;Saguenay-Lac-Saint-Jean;Basketball;Secondaire;Basketball J M D4 Niveau 1;D4;Juvénile;Masculin;10;;;;;;71;;oui;d:13x1 s1:13x1;94755656-8b8b-4eb4-92ed-fc3361e0ce9a
2025 - 2026;diffusion+s1;Saguenay-Lac-Saint-Jean;Basketball;Secondaire;Basketball J M D4 Niveau 2;D4;Juvénile;Masculin;7;;;;;;46;;oui;d:13x1 s1:13x1;3d89ec76-0edd-4a69-bbab-687d6318a6e4
2025 - 2026;s1;Saguenay-Lac-Saint-Jean;Cheerleading;Secondaire;Cheerleading B U Niveau 1;;Benjamin;Mixte;4;0;0;0;0;0;0;;oui;s1:13x2;4c5080a3-7418-46c2-8c34-d900916d37e1
2025 - 2026;s1;Saguenay-Lac-Saint-Jean;Cheerleading;Secondaire;Cheerleading B U Niveau 2;;Benjamin;Mixte;1;0;0;0;0;0;0;;oui;s1:13x2;c4979a30-8ef8-410d-8412-7e66943098dc
2025 - 2026;s1;Saguenay-Lac-Saint-Jean;Cheerleading;Secondaire;Cheerleading C U Niveau 3;;Cadet;Mixte;1;0;0;0;0;0;0;;oui;s1:13x2;211fe4e5-1956-47fb-acfa-d21171933a23
2025 - 2026;s1;Saguenay-Lac-Saint-Jean;Cheerleading;Secondaire;Cheerleading J U Niveau 3;;Juvénile;Mixte;2;0;0;0;0;0;0;;oui;s1:13x2;8e6ec7b4-e445-460b-a7d1-b089eaff71ac
2025 - 2026;s1;Saguenay-Lac-Saint-Jean;Cheerleading;Secondaire;Cheerleading O U Niveau 1;;Ouvert;Mixte;6;0;0;0;0;0;0;;oui;s1:13x2;3ba6403e-312e-41b9-b865-e6fb027f4489
2025 - 2026;s1;Saguenay-Lac-Saint-Jean;Cheerleading;Secondaire;Cheerleading O U Niveau 2;;Ouvert;Mixte;5;0;0;0;0;0;0;;oui;s1:13x2;73dd05fc-a544-4c90-867a-9a183c138526
2025 - 2026;s1;Saguenay-Lac-Saint-Jean;Cheerleading;Secondaire;Cheerleading O U Niveau 2 .0;;Ouvert;Mixte;4;0;0;0;0;0;0;;oui;s1:13x2;428ba306-3e4e-4a80-b252-4f535954e187
2025 - 2026;s1;Saguenay-Lac-Saint-Jean;Cheerleading;Secondaire;Cheerleading O U Niveau 3;;Ouvert;Mixte;1;0;0;0;0;0;0;;oui;s1:13x2;3cfc9b4b-d54c-47dc-ab63-462c53ec4d8f
2025 - 2026;s1;Saguenay-Lac-Saint-Jean;Cross-country;Primaire;Cross-country A F;;Atome;Féminin;55;;;;;;0;;oui;s1:13x3;7d8cca13-795d-4a66-9d41-30d3736fc484
2025 - 2026;s1;Saguenay-Lac-Saint-Jean;Cross-country;Primaire;Cross-country A M;;Atome;Masculin;56;;;;;;0;;oui;s1:13x3;9b7c8653-ded2-49e0-a0e9-5befda75ece0
2025 - 2026;s1;Saguenay-Lac-Saint-Jean;Cross-country;Secondaire;Cross-country B F;;Benjamin;Féminin;33;0;0;0;0;0;0;;oui;s1:13x3;d349241c-bf5e-4dde-b71c-ff78eb33e3c1
2025 - 2026;s1;Saguenay-Lac-Saint-Jean;Cross-country;Secondaire;Cross-country B M;;Benjamin;Masculin;34;0;0;0;0;0;0;;oui;s1:13x3;5438f4ab-6f7a-48a9-a71f-6d3c848d3f4d
2025 - 2026;s1;Saguenay-Lac-Saint-Jean;Cross-country;Secondaire;Cross-country C F;;Cadet;Féminin;14;0;0;0;0;0;0;;oui;s1:13x3;dc003585-33cf-4fe6-9339-27233d2c47df
2025 - 2026;s1;Saguenay-Lac-Saint-Jean;Cross-country;Secondaire;Cross-country C M;;Cadet;Masculin;18;0;0;0;0;0;0;;oui;s1:13x3;68f51ab4-b9d9-4963-9ae1-18f2c4938017
2025 - 2026;s1;Saguenay-Lac-Saint-Jean;Cross-country;Primaire;Cross-country Co F;;Colibri;Féminin;15;;;;;;0;;oui;s1:13x3;8fb433da-4d75-4d54-8e12-d8fafece09ba
2025 - 2026;s1;Saguenay-Lac-Saint-Jean;Cross-country;Primaire;Cross-country Co M;;Colibri;Masculin;13;;;;;;0;;oui;s1:13x3;71e555cc-ab00-48b3-bc84-e66dd5a37956
2025 - 2026;s1;Saguenay-Lac-Saint-Jean;Cross-country;Secondaire;Cross-country J F;;Juvénile;Féminin;15;0;0;0;0;0;0;;oui;s1:13x3;69081d48-d361-4dd8-8eae-dcc9526baace
2025 - 2026;s1;Saguenay-Lac-Saint-Jean;Cross-country;Secondaire;Cross-country J M;;Juvénile;Masculin;15;0;0;0;0;0;0;;oui;s1:13x3;367a318c-a774-477d-9bdb-c7a6d91b2a21
2025 - 2026;s1;Saguenay-Lac-Saint-Jean;Cross-country;Primaire;Cross-country M F;;Moustique;Féminin;63;;;;;;0;;oui;s1:13x3;e699d962-9c44-4c24-a539-ae53599d46ec
2025 - 2026;s1;Saguenay-Lac-Saint-Jean;Cross-country;Primaire;Cross-country M M;;Moustique;Masculin;64;;;;;;0;;oui;s1:13x3;5f6883dc-e7ef-4a22-9de4-f67d5a2938ab
2025 - 2026;s1;Saguenay-Lac-Saint-Jean;Dek Hockey;Primaire;Dek Hockey M U Vendredi;;Moustique;Mixte;10;;;;;;0;;oui;s1:13x53;8ac337e4-39fd-4a08-b649-53bb1738d7f1
2025 - 2026;diffusion+s1;Saguenay-Lac-Saint-Jean;Flag football;Secondaire;Flag football B F D4;D4;Benjamin;Féminin;5;24;20;4;0;0;24;;oui;d:13x4 s1:13x4;fe0fd185-cb2e-4635-bd97-49c41af8b407
2025 - 2026;diffusion+s1;Saguenay-Lac-Saint-Jean;Flag football;Secondaire;Flag football B M D4 Niveau 1;D4;Benjamin;Masculin;5;24;20;4;0;0;24;;oui;d:13x4 s1:13x4;a69768b3-43b2-4b69-9791-391f719f5217
2025 - 2026;diffusion+s1;Saguenay-Lac-Saint-Jean;Flag football;Secondaire;Flag football B M D4 Niveau 2;D4;Benjamin;Masculin;5;24;20;4;0;0;24;;oui;d:13x4 s1:13x4;4f17ecf1-1099-47ad-a359-b06f0a31421c
2025 - 2026;diffusion+s1;Saguenay-Lac-Saint-Jean;Flag football;Secondaire;Flag football C F D4;D4;Cadet;Féminin;9;40;36;4;0;0;40;;oui;d:13x4 s1:13x4;66f41b0c-480e-439c-9ce3-71dadd8f9d6a
2025 - 2026;diffusion+s1;Saguenay-Lac-Saint-Jean;Flag football;Secondaire;Flag football J F D4 Niveau 1;D4;Juvénile;Féminin;7;32;28;4;0;0;32;;oui;d:13x4 s1:13x4;8ef9211f-8429-4614-9925-be879dfaceb5
2025 - 2026;diffusion+s1;Saguenay-Lac-Saint-Jean;Flag football;Secondaire;Flag football J F D4 Niveau 2;D4;Juvénile;Féminin;7;32;28;4;0;0;32;;oui;d:13x4 s1:13x4;351d3aa2-e373-4d2a-9f76-1164e1fa92fd
2025 - 2026;diffusion+s1;Saguenay-Lac-Saint-Jean;Flag football;Secondaire;Flag football J M D4 Niveau 1;D4;Juvénile;Masculin;8;36;32;4;0;0;36;;oui;d:13x4 s1:13x4;e1a458b1-6787-4c3c-8024-4c0ad871be97
2025 - 2026;diffusion+s1;Saguenay-Lac-Saint-Jean;Flag football;Secondaire;Flag football J M D4 Niveau 2;D4;Juvénile;Masculin;4;16;12;4;0;0;16;;oui;d:13x4 s1:13x4;9f17cdea-91a6-495f-8a4b-9989b625395b
2025 - 2026;diffusion+s1;Saguenay-Lac-Saint-Jean;Flag football;Primaire;Flag football M U;;Moustique;Mixte;15;;;;;;30;;oui;d:13x4 s1:13x4;b693bae2-ca50-4856-a141-0af48c900aba
2025 - 2026;diffusion+s1;Saguenay-Lac-Saint-Jean;Football;Secondaire;Football B M D4;D4;Benjamin;Masculin;6;19;18;1;0;0;19;;oui;d:13x5 s1:13x5;ab3bcbca-7cf8-4b3e-bb45-510a48c70a9b
2025 - 2026;diffusion+s1;Saguenay-Lac-Saint-Jean;Football;Secondaire;Football J M D4;D4;Juvénile;Masculin;5;16;15;1;0;0;16;;oui;d:13x5 s1:13x5;b569a1a8-412f-4807-b059-8c97923c0cf8
2025 - 2026;s1;Saguenay-Lac-Saint-Jean;Golf;Secondaire;Golf C U;;Cadet;Mixte;7;0;0;0;0;0;0;;oui;s1:13x6;93538156-c1d9-444f-8cf7-9d39703593c8
2025 - 2026;s1;Saguenay-Lac-Saint-Jean;Golf;Secondaire;Golf J U;;Juvénile;Mixte;3;0;0;0;0;0;0;;oui;s1:13x6;adeaa58f-c500-4945-9f95-ff0391172458
2025 - 2026;diffusion+s1;Saguenay-Lac-Saint-Jean;Hockey;Secondaire;Hockey B M D4;D4;Benjamin;Masculin;6;;;;;;33;;oui;d:13x9 s1:13x9;aa0d89da-813b-4673-9859-65a1f10708ca
2025 - 2026;diffusion+s1;Saguenay-Lac-Saint-Jean;Hockey;Secondaire;Hockey C M D4;D4;Cadet;Masculin;8;;;;;;43;;oui;d:13x9 s1:13x9;16b2deea-d9c4-4e5e-8bbd-61bb129945d5
2025 - 2026;diffusion+s1;Saguenay-Lac-Saint-Jean;Hockey;Secondaire;Hockey J M D4;D4;Juvénile;Masculin;11;;;;;;58;;oui;d:13x9 s1:13x9;b21bbba6-df4f-41a0-b66a-7fe013d728f5
2025 - 2026;s1;Saguenay-Lac-Saint-Jean;Improvisation;Secondaire;Improvisation C U;;Cadet;Mixte;12;3;0;3;0;12;0;;oui;s1:13x27;f2c45387-bf52-4fb9-92e0-778a1bdbe1cb
2025 - 2026;diffusion+s1;Saguenay-Lac-Saint-Jean;Improvisation;Secondaire;Improvisation J U;;Juvénile;Mixte;8;;;;;;5;;oui;d:13x27 s1:13x27;18fc2d2c-5403-4cc4-a3bd-1f20b84659a9
2025 - 2026;s1;Saguenay-Lac-Saint-Jean;Volleyball de plage;Secondaire;Volleyball de plage B F 4x4;;Benjamin;Féminin;12;0;0;0;0;0;0;;oui;s1:13x17;b47c15da-8476-48af-b5fc-8acd4dfe96c6
2025 - 2026;s1;Saguenay-Lac-Saint-Jean;Volleyball de plage;Secondaire;Volleyball de plage B M 4x4;;Benjamin;Masculin;4;0;0;0;0;0;0;;oui;s1:13x17;01e1aa85-116c-4d3d-9382-48c7410eedc6
2025 - 2026;s1;Saguenay-Lac-Saint-Jean;Volleyball de plage;Secondaire;Volleyball de plage C F 2x2;;Cadet;Féminin;14;0;0;0;0;0;0;;oui;s1:13x17;72f34618-0343-406b-a3b8-bec5b6aafca7
2025 - 2026;s1;Saguenay-Lac-Saint-Jean;Volleyball de plage;Secondaire;Volleyball de plage C F 4x4;;Cadet;Féminin;13;0;0;0;0;0;0;;oui;s1:13x17;1a763ef1-3378-4a5a-ae36-1604ebbd5d80
2025 - 2026;s1;Saguenay-Lac-Saint-Jean;Volleyball de plage;Secondaire;Volleyball de plage C M 2x2;;Cadet;Masculin;4;0;0;0;0;0;0;;oui;s1:13x17;fbbdec94-b7b5-4d50-9f70-22566c3bb160
2025 - 2026;s1;Saguenay-Lac-Saint-Jean;Volleyball de plage;Secondaire;Volleyball de plage C M 4x4;;Cadet;Masculin;5;0;0;0;0;0;0;;oui;s1:13x17;d02b5d78-9964-44cb-a7d6-0a74a16c8995
2025 - 2026;s1;Saguenay-Lac-Saint-Jean;Volleyball de plage;Secondaire;Volleyball de plage J F 2x2;;Juvénile;Féminin;6;0;0;0;0;0;0;;oui;s1:13x17;4fed63a7-be09-4356-bec5-fe0dd73dc64a
2025 - 2026;s1;Saguenay-Lac-Saint-Jean;Volleyball de plage;Secondaire;Volleyball de plage J F 4x4;;Juvénile;Féminin;6;0;0;0;0;0;0;;oui;s1:13x17;de0f620c-9fa4-4f93-b3ce-07f738569ef4
2025 - 2026;s1;Saguenay-Lac-Saint-Jean;Volleyball de plage;Secondaire;Volleyball de plage J M 2x2;;Juvénile;Masculin;6;0;0;0;0;0;0;;oui;s1:13x17;6880c862-452a-4f0e-89fa-c4d1ff6b1dd6
2025 - 2026;s1;Saguenay-Lac-Saint-Jean;Volleyball de plage;Secondaire;Volleyball de plage J M 4x4;;Juvénile;Masculin;3;0;0;0;0;0;0;;oui;s1:13x17;061fc41f-8e75-4c5b-9962-ea61828dffab
2025 - 2026;diffusion+s1;Saguenay-Lac-Saint-Jean;Volleyball;Secondaire;Volleyball B F D3;D3;Benjamin;Féminin;12;;;;;;12;;oui;d:13x16 s1:13x16;cad4071e-1e26-4c8d-ab45-7f72fd92fa43
2025 - 2026;diffusion+s1;Saguenay-Lac-Saint-Jean;Volleyball;Secondaire;Volleyball B F D4 Niveau 1;D4;Benjamin;Féminin;12;;;;;;12;;oui;d:13x16 s1:13x16;efeb699a-f8e9-4fdf-9427-a2f7dddf217f
2025 - 2026;diffusion+s1;Saguenay-Lac-Saint-Jean;Volleyball;Secondaire;Volleyball B F D4 Niveau 2;D4;Benjamin;Féminin;21;;;;;;2;;oui;d:13x16 s1:13x16;15eef556-934c-4be1-8efc-4b0ecd4502a3
2025 - 2026;diffusion+s1;Saguenay-Lac-Saint-Jean;Volleyball;Secondaire;Volleyball C F D3;D3;Cadet;Féminin;12;;;;;;12;;oui;d:13x16 s1:13x16;8842c49f-8a7a-4672-a033-b08fb152461a
2025 - 2026;diffusion+s1;Saguenay-Lac-Saint-Jean;Volleyball;Secondaire;Volleyball C F D4 Niveau 1;D4;Cadet;Féminin;12;;;;;;12;;oui;d:13x16 s1:13x16;1483cb90-b5fe-421f-a568-6aeee1dc783b
2025 - 2026;diffusion+s1;Saguenay-Lac-Saint-Jean;Volleyball;Secondaire;Volleyball C F D4 Niveau 2;D4;Cadet;Féminin;20;;;;;;2;;oui;d:13x16 s1:13x16;8fc563dc-efeb-4c60-a5bf-392ada63884c
2025 - 2026;diffusion+s1;Saguenay-Lac-Saint-Jean;Volleyball;Secondaire;Volleyball J F D3;D3;Juvénile;Féminin;7;;;;;;12;;oui;d:13x16 s1:13x16;3d45ed73-9a5a-4d19-9172-ed207d46e006
2025 - 2026;diffusion+s1;Saguenay-Lac-Saint-Jean;Volleyball;Secondaire;Volleyball J F D4;D4;Juvénile;Féminin;18;;;;;;12;;oui;d:13x16 s1:13x16;ea041640-f4da-4acb-8298-f1a67e9d031a
2025 - 2026;diffusion+s1;Saguenay-Lac-Saint-Jean;Volleyball;Secondaire;Volleyball J M D4 4x4;D4;Juvénile;Masculin;15;;;;;;12;;oui;d:13x16 s1:13x16;bc16a675-3316-4e41-96f7-1efcfd6d696a
2025 - 2026;s1;Saguenay-Lac-Saint-Jean;Volleyball;Primaire;Volleyball M U Niveau 1;;Moustique;Mixte;8;;;;;;0;;oui;s1:13x16;dacf1ee1-1b3b-4c52-879c-65fd43e7052c
2025 - 2026;s1;Saguenay-Lac-Saint-Jean;Volleyball;Primaire;Volleyball M U Niveau 2;;Moustique;Mixte;16;;;;;;0;;oui;s1:13x16;3e356442-2120-4036-95c5-7a3df3718f38
2026 - 2027;s1;Abitibi-Témiscamingue;Badminton;Secondaire;Badminton B F D3;D3;Benjamin;Féminin;8;0;0;0;0;0;0;;oui;s1:0x18;7e23b4e8-ec60-4ca5-9247-030c7c8fa54d
2026 - 2027;s1;Abitibi-Témiscamingue;Badminton;Secondaire;Badminton B M D3;D3;Benjamin;Masculin;10;0;0;0;0;0;0;;oui;s1:0x18;96931914-3777-430e-b686-ce5c4f1b6703
2026 - 2027;s1;Abitibi-Témiscamingue;Badminton;Secondaire;Badminton C F D3;D3;Cadet;Féminin;8;0;0;0;0;0;0;;oui;s1:0x18;46ceaf81-ff94-4c89-ac6a-22fb096dd6f5
2026 - 2027;s1;Abitibi-Témiscamingue;Badminton;Secondaire;Badminton C M D3;D3;Cadet;Masculin;8;0;0;0;0;0;0;;oui;s1:0x18;11df4447-d08f-48e8-b117-5860f352f498
2026 - 2027;s1;Abitibi-Témiscamingue;Badminton;Secondaire;Badminton J F D3;D3;Juvénile;Féminin;5;0;0;0;0;0;0;;oui;s1:0x18;37cd6523-ac55-45d8-b9b1-7eea1a044b33
2026 - 2027;s1;Abitibi-Témiscamingue;Badminton;Secondaire;Badminton J M D3;D3;Juvénile;Masculin;8;0;0;0;0;0;0;;oui;s1:0x18;876d2848-175a-43fc-ae3f-aa3f040bae33
2026 - 2027;s1;Abitibi-Témiscamingue;Badminton;Primaire;Badminton M F D3;D3;Moustique;Féminin;6;;;;;;0;;oui;s1:0x18;b357f049-0bff-41fd-88da-df5ef101bcf0
2026 - 2027;s1;Abitibi-Témiscamingue;Badminton;Primaire;Badminton M M D3;D3;Moustique;Masculin;5;;;;;;0;;oui;s1:0x18;3aba743b-94a9-44e0-b938-0e7cf734b3b2
2026 - 2027;s1;Abitibi-Témiscamingue;Basketball;Secondaire;Basketball B F D3;D3;Benjamin;Féminin;2;0;0;0;0;0;0;;oui;s1:0x1;05d0dc68-ddb0-49cb-8b79-f27535fdacb1
2026 - 2027;s1;Abitibi-Témiscamingue;Basketball;Secondaire;Basketball B F D3 CRS;D3;Benjamin;Féminin;0;0;0;0;0;0;0;;oui;s1:0x1;07fb825b-09b3-445b-aa50-775e0ccc56b8
2026 - 2027;s1;Abitibi-Témiscamingue;Basketball;Secondaire;Basketball B F D4 Section 1;D4;Benjamin;Féminin;4;0;0;0;0;0;0;;oui;s1:0x1;f60fc43a-08e1-41e6-8fbd-561dcf41fb4d
2026 - 2027;s1;Abitibi-Témiscamingue;Basketball;Secondaire;Basketball B M D3;D3;Benjamin;Masculin;4;0;0;0;0;0;0;;oui;s1:0x1;d4bdc1f9-77a8-4f59-915c-5346bab4f315
2026 - 2027;s1;Abitibi-Témiscamingue;Basketball;Secondaire;Basketball B M D3 CRS;D3;Benjamin;Masculin;0;0;0;0;0;0;0;;oui;s1:0x1;d7b86e27-8f2b-44b9-a1ea-840d26131904
2026 - 2027;s1;Abitibi-Témiscamingue;Basketball;Secondaire;Basketball B M D4 Section 1;D4;Benjamin;Masculin;10;0;0;0;0;0;0;;oui;s1:0x1;40e3d3ed-26c3-4714-a443-c4a2038eb1f0
2026 - 2027;s1;Abitibi-Témiscamingue;Basketball;Secondaire;Basketball B M D4 Section 2;D4;Benjamin;Masculin;0;0;0;0;0;0;0;;oui;s1:0x1;bdb06d37-65ec-4368-9315-fe944e4746e6
2026 - 2027;s1;Abitibi-Témiscamingue;Basketball;Secondaire;Basketball B M D4 Section 3;D4;Benjamin;Masculin;2;0;0;0;0;0;0;;oui;s1:0x1;cf757a04-786a-4818-a5da-3979623fc45a
2026 - 2027;s1;Abitibi-Témiscamingue;Basketball;Secondaire;Basketball C F D3;D3;Cadet;Féminin;4;0;0;0;0;0;0;;oui;s1:0x1;30f586ac-39ee-4a5e-a6a7-e01472e6b163
2026 - 2027;s1;Abitibi-Témiscamingue;Basketball;Secondaire;Basketball C F D3 CRS;D3;Cadet;Féminin;0;0;0;0;0;0;0;;oui;s1:0x1;dc88ea20-e1af-4963-bdaf-9944509238df
2026 - 2027;s1;Abitibi-Témiscamingue;Basketball;Secondaire;Basketball C M D3;D3;Cadet;Masculin;2;0;0;0;0;0;0;;oui;s1:0x1;75907617-27a5-4277-89d4-98db49879ab0
2026 - 2027;s1;Abitibi-Témiscamingue;Basketball;Secondaire;Basketball C M D3 CRS;D3;Cadet;Masculin;0;0;0;0;0;0;0;;oui;s1:0x1;56fc794e-723f-497f-8cbc-cc7523bdb8b6
2026 - 2027;s1;Abitibi-Témiscamingue;Basketball;Secondaire;Basketball C M D4 Section 1;D4;Cadet;Masculin;5;0;0;0;0;0;0;;oui;s1:0x1;5a886d3d-d0bb-40e4-b84a-e0e350ad99e8
2026 - 2027;s1;Abitibi-Témiscamingue;Basketball;Secondaire;Basketball C M D4 Section 2;D4;Cadet;Masculin;0;0;0;0;0;0;0;;oui;s1:0x1;7f79624e-5499-4368-9a15-7a56aeeb4a61
2026 - 2027;s1;Abitibi-Témiscamingue;Basketball;Secondaire;Basketball J F D3;D3;Juvénile;Féminin;3;0;0;0;0;0;0;;oui;s1:0x1;1f9539c3-faa6-49eb-b6ef-8bb2b53b0547
2026 - 2027;s1;Abitibi-Témiscamingue;Basketball;Secondaire;Basketball J F D3 CRS;D3;Juvénile;Féminin;0;0;0;0;0;0;0;;oui;s1:0x1;52e73bef-69ac-4c2b-82d0-f4e86b7a68a4
2026 - 2027;s1;Abitibi-Témiscamingue;Basketball;Secondaire;Basketball J F D4;D4;Juvénile;Féminin;3;0;0;0;0;0;0;;oui;s1:0x1;2f2eee9a-09b7-4ec9-a3d7-0ce0bb684ea6
2026 - 2027;s1;Abitibi-Témiscamingue;Basketball;Secondaire;Basketball J M D3;D3;Juvénile;Masculin;6;0;0;0;0;0;0;;oui;s1:0x1;6fe4e47e-4576-4b82-945f-21cf29608670
2026 - 2027;s1;Abitibi-Témiscamingue;Basketball;Secondaire;Basketball J M D3 CRS;D3;Juvénile;Masculin;0;0;0;0;0;0;0;;oui;s1:0x1;745e6e02-5116-4fb9-8f46-b28f0afc8d59
2026 - 2027;s1;Abitibi-Témiscamingue;Basketball;Secondaire;Basketball J M D4 Section 1;D4;Juvénile;Masculin;5;0;0;0;0;0;0;;oui;s1:0x1;ba3f5d95-a46d-40c8-afe1-4914cd7187ec
2026 - 2027;s1;Abitibi-Témiscamingue;Basketball;Secondaire;Basketball J M D4 Section 2;D4;Juvénile;Masculin;5;0;0;0;0;0;0;;oui;s1:0x1;b26c91b1-87b6-47e7-b7e1-602f7f868a4c
2026 - 2027;s1;Abitibi-Témiscamingue;Basketball;Primaire;Basketball M F D4 section 1;D4;Moustique;Féminin;2;;;;;;0;;oui;s1:0x1;7fa09367-7f55-4011-b913-f8fd86c51289
2026 - 2027;s1;Abitibi-Témiscamingue;Basketball;Primaire;Basketball M F D4 Section 2;D4;Moustique;Féminin;3;;;;;;0;;oui;s1:0x1;8107c1d3-7bb2-4bf5-a7a2-ae5126e747f1
2026 - 2027;s1;Abitibi-Témiscamingue;Basketball;Primaire;Basketball M M D4 Section 1;D4;Moustique;Masculin;4;;;;;;0;;oui;s1:0x1;0843e2ce-383b-4c14-8c04-480a68fbef05
2026 - 2027;s1;Abitibi-Témiscamingue;Basketball;Primaire;Basketball M M D4 Section 2;D4;Moustique;Masculin;5;;;;;;0;;oui;s1:0x1;1a03cea9-cff2-4f65-a3e2-055c7d48ab66
2026 - 2027;s1;Abitibi-Témiscamingue;Basketball;Primaire;Basketball M M D4 Section 3;D4;Moustique;Masculin;5;;;;;;0;;oui;s1:0x1;c7488cb1-fcfb-4a01-896c-e07efd63f62d
2026 - 2027;s1;Abitibi-Témiscamingue;Cheerleading;Secondaire;Cheerleading B F D3 Niveau 2;D3;Benjamin;Féminin;0;0;0;0;0;0;0;;oui;s1:0x2;9a488b6a-8c69-48e6-814d-e0c4892a6dc7
2026 - 2027;s1;Abitibi-Témiscamingue;Cheerleading;Primaire;Cheerleading M U D4 Niveau 1;D4;Moustique;Mixte;4;;;;;;0;;oui;s1:0x2;83f4956b-ffe2-41bc-a8e7-ae356e29616f
2026 - 2027;s1;Abitibi-Témiscamingue;Cheerleading;Secondaire;Cheerleading O U D3 Niveau 1;D3;Ouvert;Mixte;2;0;0;0;0;0;0;;oui;s1:0x2;c351c94b-edbd-449e-ab62-93ab0d9784ef
2026 - 2027;s1;Abitibi-Témiscamingue;Cheerleading;Secondaire;Cheerleading O U D3 Niveau 2;D3;Ouvert;Mixte;4;0;0;0;0;0;0;;oui;s1:0x2;13070f5b-4f62-473b-8ea8-21b7363a03ae
2026 - 2027;s1;Abitibi-Témiscamingue;Cross-country;Secondaire;Cross-country B F D3;D3;Benjamin;Féminin;11;0;0;0;0;0;0;;oui;s1:0x3;455873cc-2a58-418d-a532-a14217779fce
2026 - 2027;s1;Abitibi-Témiscamingue;Cross-country;Secondaire;Cross-country B M D3;D3;Benjamin;Masculin;13;0;0;0;0;0;0;;oui;s1:0x3;eeb0026c-33bd-4f1d-b503-00a89e1af408
2026 - 2027;s1;Abitibi-Témiscamingue;Cross-country;Secondaire;Cross-country C F D3;D3;Cadet;Féminin;10;0;0;0;0;0;0;;oui;s1:0x3;5d6cedbd-b2b6-40f8-9bd1-a853d4e8b45f
2026 - 2027;s1;Abitibi-Témiscamingue;Cross-country;Secondaire;Cross-country C M D3;D3;Cadet;Masculin;11;0;0;0;0;0;0;;oui;s1:0x3;1cd1e55f-c13c-40c7-8979-8042f4f61cc3
2026 - 2027;s1;Abitibi-Témiscamingue;Cross-country;Secondaire;Cross-country J F D3;D3;Juvénile;Féminin;10;0;0;0;0;0;0;;oui;s1:0x3;a6d14221-fa45-4412-bcd8-1508e3766ca0
2026 - 2027;s1;Abitibi-Témiscamingue;Cross-country;Secondaire;Cross-country J M D3;D3;Juvénile;Masculin;11;0;0;0;0;0;0;;oui;s1:0x3;27dfb63d-4edd-4e95-9171-102d8c09c09e
2026 - 2027;s1;Abitibi-Témiscamingue;Cross-country;Primaire;Cross-country M F D3;D3;Moustique;Féminin;11;;;;;;0;;oui;s1:0x3;8fa66c89-0fa0-40f7-be65-16878a91aa35
2026 - 2027;s1;Abitibi-Témiscamingue;Cross-country;Primaire;Cross-country M M D3;D3;Moustique;Masculin;10;;;;;;0;;oui;s1:0x3;88d0b86b-be22-4c01-a886-0a1f952b70ad
2026 - 2027;s1;Abitibi-Témiscamingue;Futsal;Secondaire;Futsal B M D3;D3;Benjamin;Masculin;0;0;0;0;0;0;0;;oui;s1:0x30;e6b99bf4-ca4b-409f-a333-95d73acb2969
2026 - 2027;s1;Abitibi-Témiscamingue;Futsal;Secondaire;Futsal C F D3;D3;Cadet;Féminin;0;0;0;0;0;0;0;;oui;s1:0x30;345385f7-4749-45d8-b62f-2e4a3473c660
2026 - 2027;s1;Abitibi-Témiscamingue;Futsal;Secondaire;Futsal C M D3;D3;Cadet;Masculin;1;0;0;0;0;0;0;;oui;s1:0x30;b9cd70c4-b60c-4383-8468-d78b8678f57e
2026 - 2027;s1;Abitibi-Témiscamingue;Futsal;Secondaire;Futsal J F D3;D3;Juvénile;Féminin;0;0;0;0;0;0;0;;oui;s1:0x30;6b3667f2-7d98-4c79-9950-097bc1247160
2026 - 2027;s1;Abitibi-Témiscamingue;Futsal;Secondaire;Futsal J M D3;D3;Juvénile;Masculin;1;0;0;0;0;0;0;;oui;s1:0x30;259d67a9-c8bb-43a2-ba2a-9e11f5c4c774
2026 - 2027;s1;Abitibi-Témiscamingue;Ultimate;Secondaire;Ultimate B U D3;D3;Benjamin;Mixte;5;0;0;0;0;0;0;;oui;s1:0x25;bb305b1e-9d96-4600-8152-9e4779a7f505
2026 - 2027;s1;Abitibi-Témiscamingue;Ultimate;Secondaire;Ultimate C U D3;D3;Cadet;Mixte;2;0;0;0;0;0;0;;oui;s1:0x25;b5ba4f9c-775a-45ba-8ab1-1c3d3857f3a1
2026 - 2027;s1;Abitibi-Témiscamingue;Ultimate;Secondaire;Ultimate J U D3;D3;Juvénile;Mixte;4;0;0;0;0;0;0;;oui;s1:0x25;d504e8a3-bad3-457f-a3d3-21d745fe48a9
2026 - 2027;s1;Abitibi-Témiscamingue;Ultimate;Secondaire;Ultimate O U D3 cadet-juvénile 5 x 5;D3;Ouvert;Mixte;0;0;0;0;0;0;0;;oui;s1:0x25;698a1d87-1ebe-4a07-9ad0-8454eae1dcfa
2026 - 2027;s1;Abitibi-Témiscamingue;Volleyball;Secondaire;Volleyball B F D3;D3;Benjamin;Féminin;30;0;0;0;0;0;0;;oui;s1:0x16;f5086bee-1fac-4230-8680-ce143f041c26
2026 - 2027;s1;Abitibi-Témiscamingue;Volleyball;Secondaire;Volleyball B F D3 CRS;D3;Benjamin;Féminin;0;0;0;0;0;0;0;;oui;s1:0x16;2dcbad35-4774-4a31-afab-ce1d36bafbe2
2026 - 2027;s1;Abitibi-Témiscamingue;Volleyball;Secondaire;Volleyball B F D4 CRS;D4;Benjamin;Féminin;0;0;0;0;0;0;0;;oui;s1:0x16;73e3e393-b237-4c75-94bf-a8fcc13c0014
2026 - 2027;s1;Abitibi-Témiscamingue;Volleyball;Secondaire;Volleyball B M D3 CRS;D3;Benjamin;Masculin;0;0;0;0;0;0;0;;oui;s1:0x16;d2ea43fb-73a7-4045-982c-10991f72485b
2026 - 2027;s1;Abitibi-Témiscamingue;Volleyball;Secondaire;Volleyball C F D3;D3;Cadet;Féminin;24;0;0;0;0;0;0;;oui;s1:0x16;10a5be72-b772-4fbc-91fd-c4e8987d989d
2026 - 2027;s1;Abitibi-Témiscamingue;Volleyball;Secondaire;Volleyball C F D3 CRS;D3;Cadet;Féminin;0;0;0;0;0;0;0;;oui;s1:0x16;034cdc56-d688-4a3d-9128-b4c794869072
2026 - 2027;s1;Abitibi-Témiscamingue;Volleyball;Secondaire;Volleyball C F D4 CRS;D4;Cadet;Féminin;0;0;0;0;0;0;0;;oui;s1:0x16;24df14a2-a345-4b30-b842-60c8410ce99e
2026 - 2027;s1;Abitibi-Témiscamingue;Volleyball;Secondaire;Volleyball C M D3;D3;Cadet;Masculin;2;0;0;0;0;0;0;;oui;s1:0x16;ddeea24d-70ca-42f2-927e-770da535aa2f
2026 - 2027;s1;Abitibi-Témiscamingue;Volleyball;Secondaire;Volleyball C M D3 CRS;D3;Cadet;Masculin;0;0;0;0;0;0;0;;oui;s1:0x16;79217c76-0e53-4a91-a157-e067c1048755
2026 - 2027;s1;Abitibi-Témiscamingue;Volleyball;Secondaire;Volleyball J F D3;D3;Juvénile;Féminin;11;0;0;0;0;0;0;;oui;s1:0x16;2acf5e52-c642-4e53-8cc2-092df6a4f844
2026 - 2027;s1;Abitibi-Témiscamingue;Volleyball;Secondaire;Volleyball J F D3 CRS;D3;Juvénile;Féminin;0;0;0;0;0;0;0;;oui;s1:0x16;0ef33884-8d85-498b-8e5a-a63940aa6492
2026 - 2027;s1;Abitibi-Témiscamingue;Volleyball;Secondaire;Volleyball J M D3;D3;Juvénile;Masculin;6;0;0;0;0;0;0;;oui;s1:0x16;d84ecc10-845d-4700-ad35-96db86c4f9dd
2026 - 2027;s1;Abitibi-Témiscamingue;Volleyball;Secondaire;Volleyball J M D3 CRS;D3;Juvénile;Masculin;0;0;0;0;0;0;0;;oui;s1:0x16;bafac2b0-25c6-47f3-920c-a4524e29cf18
2026 - 2027;s1;Cantons-de-l'Est;Athlétisme;Secondaire;Athlétisme B F D3 en salle;D3;Benjamin;Féminin;1;0;0;0;0;0;0;;oui;s1:1x0;e8abdc35-1b4e-41f7-9d15-7ffbac0102dd
2026 - 2027;s1;Cantons-de-l'Est;Athlétisme;Secondaire;Athlétisme B F D3 Extérieur;D3;Benjamin;Féminin;0;0;0;0;0;0;0;;oui;s1:1x0;109c083d-ebea-4c99-bf60-ebd70f9c03dc
2026 - 2027;s1;Cantons-de-l'Est;Athlétisme;Secondaire;Athlétisme B M D3 en salle;D3;Benjamin;Masculin;0;0;0;0;0;0;0;;oui;s1:1x0;c0e35499-24c3-4fc8-be86-d3c6c988e16f
2026 - 2027;s1;Cantons-de-l'Est;Athlétisme;Secondaire;Athlétisme B M D3 Extérieur;D3;Benjamin;Masculin;0;0;0;0;0;0;0;;oui;s1:1x0;b19d2883-93aa-4acd-8281-f0c2b19444e9
2026 - 2027;s1;Cantons-de-l'Est;Athlétisme;Secondaire;Athlétisme C F D3 en salle;D3;Cadet;Féminin;1;0;0;0;0;0;0;;oui;s1:1x0;5dae27df-9927-4138-90b8-0e2ae1075d5d
2026 - 2027;s1;Cantons-de-l'Est;Athlétisme;Secondaire;Athlétisme C F D3 Extérieur;D3;Cadet;Féminin;0;0;0;0;0;0;0;;oui;s1:1x0;4af8af2d-1ad7-47eb-9aa7-76c2bd37b88a
2026 - 2027;s1;Cantons-de-l'Est;Athlétisme;Secondaire;Athlétisme C M D3 en salle;D3;Cadet;Masculin;0;0;0;0;0;0;0;;oui;s1:1x0;4f687d9f-7644-4705-a2db-4f42d404cafb
2026 - 2027;s1;Cantons-de-l'Est;Athlétisme;Secondaire;Athlétisme C M D3 Extérieur;D3;Cadet;Masculin;0;0;0;0;0;0;0;;oui;s1:1x0;0b6a0e14-1217-4460-88fd-00d4ba36e13c
2026 - 2027;s1;Cantons-de-l'Est;Athlétisme;Secondaire;Athlétisme J F D3 en salle;D3;Juvénile;Féminin;1;0;0;0;0;0;0;;oui;s1:1x0;10f4b7c4-2abc-415c-a1d4-1507177fa51c
2026 - 2027;s1;Cantons-de-l'Est;Athlétisme;Secondaire;Athlétisme J F D3 Extérieur;D3;Juvénile;Féminin;0;0;0;0;0;0;0;;oui;s1:1x0;4867fa64-0997-48d4-9448-c3470a208513
2026 - 2027;s1;Cantons-de-l'Est;Athlétisme;Secondaire;Athlétisme J M D3 en salle;D3;Juvénile;Masculin;1;0;0;0;0;0;0;;oui;s1:1x0;e7a5e29f-0909-421b-97b2-7bf702be8d3c
2026 - 2027;s1;Cantons-de-l'Est;Athlétisme;Secondaire;Athlétisme J M D3 Extérieur;D3;Juvénile;Masculin;0;0;0;0;0;0;0;;oui;s1:1x0;4a4cce0d-a5ac-40a4-92c3-0a17a3c6498c
2026 - 2027;s1;Cantons-de-l'Est;Badminton;Secondaire;Badminton B U D3;D3;Benjamin;Mixte;24;0;0;0;0;0;0;;oui;s1:1x18;7b5d6792-e666-492a-a7eb-e4841c2a030c
2026 - 2027;s1;Cantons-de-l'Est;Badminton;Secondaire;Badminton C U D3;D3;Cadet;Mixte;24;0;0;0;0;0;0;;oui;s1:1x18;fbd67367-c0b9-4b31-b572-c24439f8093d
2026 - 2027;s1;Cantons-de-l'Est;Badminton;Secondaire;Badminton J U D3;D3;Juvénile;Mixte;23;0;0;0;0;0;0;;oui;s1:1x18;bd0ba2ab-aac5-4151-8a25-67701b27f022
2026 - 2027;s1;Cantons-de-l'Est;Baseball;Secondaire;Baseball J F D4 Niveau 1 Section A;D4;Juvénile;Féminin;0;0;0;0;0;0;0;;oui;s1:1x23;21777395-9dad-414d-931d-86d6585b16dc
2026 - 2027;s1;Cantons-de-l'Est;Basketball;Secondaire;Basketball A M D3;D3;Atome;Masculin;7;0;0;0;0;0;0;;oui;s1:1x1;c4c266f4-5b28-47be-b372-c6ae25879c44
2026 - 2027;s1;Cantons-de-l'Est;Basketball;Secondaire;Basketball A M D4;D4;Atome;Masculin;4;0;0;0;0;0;0;;oui;s1:1x1;d34c6530-8e3c-43fd-b544-ee4dd437c6a8
2026 - 2027;s1;Cantons-de-l'Est;Basketball;Secondaire;Basketball B F D3;D3;Benjamin;Féminin;4;0;0;0;0;0;0;;oui;s1:1x1;c36ea321-9150-4c29-818e-3c574397ad35
2026 - 2027;s1;Cantons-de-l'Est;Basketball;Secondaire;Basketball B F D4;D4;Benjamin;Féminin;11;0;0;0;0;0;0;;oui;s1:1x1;05e89bee-3a93-43d5-8c5c-a3a44a37dba4
2026 - 2027;s1;Cantons-de-l'Est;Basketball;Secondaire;Basketball B F D4 Niveau 1;D4;Benjamin;Féminin;7;0;0;0;0;0;0;;oui;s1:1x1;2ed51bec-0047-4c06-b63c-8de3be195cea
2026 - 2027;s1;Cantons-de-l'Est;Basketball;Secondaire;Basketball B M D3;D3;Benjamin;Masculin;5;0;0;0;0;0;0;;oui;s1:1x1;bcbf9643-d101-4ac8-89f7-27233eaeb852
2026 - 2027;s1;Cantons-de-l'Est;Basketball;Secondaire;Basketball B M D4;D4;Benjamin;Masculin;11;0;0;0;0;0;0;;oui;s1:1x1;33c5ab73-f7d0-4d6f-bea3-cd7f87c33ece
2026 - 2027;s1;Cantons-de-l'Est;Basketball;Secondaire;Basketball B M D4 Niveau 1 Section A;D4;Benjamin;Masculin;11;0;0;0;0;0;0;;oui;s1:1x1;fbe531f9-65da-47c1-bba2-abcdb8eff3d1
2026 - 2027;s1;Cantons-de-l'Est;Basketball;Secondaire;Basketball B M D4 Niveau 1 Section B;D4;Benjamin;Masculin;11;0;0;0;0;0;0;;oui;s1:1x1;3c765cef-3bcd-4081-89fe-9c71a0763ef1
2026 - 2027;s1;Cantons-de-l'Est;Basketball;Secondaire;Basketball C F D3;D3;Cadet;Féminin;4;0;0;0;0;0;0;;oui;s1:1x1;ea76e46e-5db3-43cd-b2b1-af56c729b565
2026 - 2027;s1;Cantons-de-l'Est;Basketball;Secondaire;Basketball C F D4;D4;Cadet;Féminin;6;0;0;0;0;0;0;;oui;s1:1x1;41dc906a-d2ee-4a09-bfc9-ee3ce86c01d1
2026 - 2027;s1;Cantons-de-l'Est;Basketball;Secondaire;Basketball C M D4;D4;Cadet;Masculin;13;0;0;0;0;0;0;;oui;s1:1x1;76ceed5c-47d4-4f61-b6d0-ed88be3faa68
2026 - 2027;s1;Cantons-de-l'Est;Basketball;Secondaire;Basketball C M D4 Niveau 1;D4;Cadet;Masculin;12;0;0;0;0;0;0;;oui;s1:1x1;b6112d8e-c492-471b-90a0-6c62290b5236
2026 - 2027;s1;Cantons-de-l'Est;Basketball;Secondaire;Basketball J F D3;D3;Juvénile;Féminin;6;0;0;0;0;0;0;;oui;s1:1x1;7c4412bf-1c90-47b6-9685-0362bf9aab04
2026 - 2027;s1;Cantons-de-l'Est;Basketball;Secondaire;Basketball J F D4;D4;Juvénile;Féminin;10;0;0;0;0;0;0;;oui;s1:1x1;0aa37f43-f17b-4649-a915-d42b02197851
2026 - 2027;s1;Cantons-de-l'Est;Basketball;Secondaire;Basketball J F D4 Niveau 1 Section A;D4;Juvénile;Féminin;5;0;0;0;0;0;0;;oui;s1:1x1;7d0b3a26-3316-485b-937d-5ed5e925cc9f
2026 - 2027;s1;Cantons-de-l'Est;Basketball;Secondaire;Basketball J F D4 Niveau 1 Section B;D4;Juvénile;Féminin;5;0;0;0;0;0;0;;oui;s1:1x1;ebea4c38-9804-4d5d-8592-efacbd942f57
2026 - 2027;s1;Cantons-de-l'Est;Basketball;Secondaire;Basketball J M D3;D3;Juvénile;Masculin;9;0;0;0;0;0;0;;oui;s1:1x1;50555322-9094-43e7-934c-649c6699999b
2026 - 2027;s1;Cantons-de-l'Est;Basketball;Secondaire;Basketball J M D4 Niveau 1 Section A;D4;Juvénile;Masculin;9;0;0;0;0;0;0;;oui;s1:1x1;46224062-0303-46b2-97a4-9b3a65917e16
2026 - 2027;s1;Cantons-de-l'Est;Basketball;Secondaire;Basketball J M D4 Niveau 1 Section B;D4;Juvénile;Masculin;9;0;0;0;0;0;0;;oui;s1:1x1;69ea9e42-fe2b-4e27-b5f7-3107c86fe4a6
2026 - 2027;s1;Cantons-de-l'Est;Basketball;Secondaire;Basketball J M D4 Section A;D4;Juvénile;Masculin;10;0;0;0;0;0;0;;oui;s1:1x1;3dcec3fa-f413-492c-a8da-721145372135
2026 - 2027;s1;Cantons-de-l'Est;Basketball;Secondaire;Basketball J M D4 Section B;D4;Juvénile;Masculin;10;0;0;0;0;0;0;;oui;s1:1x1;97b06e39-2298-4391-8935-ae707df06cbc
2026 - 2027;s1;Cantons-de-l'Est;Cheerleading;Secondaire;Cheerleading B F D3 Niveau 1;D3;Benjamin;Féminin;0;0;0;0;0;0;0;;oui;s1:1x2;879b8aef-e475-468f-97d4-ce66446cf771
2026 - 2027;s1;Cantons-de-l'Est;Cheerleading;Secondaire;Cheerleading B F D3 Niveau 2;D3;Benjamin;Féminin;0;0;0;0;0;0;0;;oui;s1:1x2;3ed594b1-969e-4a52-935d-5eb4a390eb17
2026 - 2027;s1;Cantons-de-l'Est;Cheerleading;Secondaire;Cheerleading B U D3 Niveau 1;D3;Benjamin;Mixte;1;0;0;0;0;0;0;;oui;s1:1x2;568b6dca-2196-411e-a29f-37dce05af6f3
2026 - 2027;s1;Cantons-de-l'Est;Cheerleading;Secondaire;Cheerleading B U D3 Niveau 2;D3;Benjamin;Mixte;0;0;0;0;0;0;0;;oui;s1:1x2;6643c8a9-58bc-46a3-a732-79720e914daf
2026 - 2027;s1;Cantons-de-l'Est;Cheerleading;Secondaire;Cheerleading C F D3 Niveau 2;D3;Cadet;Féminin;0;0;0;0;0;0;0;;oui;s1:1x2;d81a71b6-4f42-4b29-a234-f7233fedb4a1
2026 - 2027;s1;Cantons-de-l'Est;Cheerleading;Secondaire;Cheerleading C F D3 Niveau 3;D3;Cadet;Féminin;0;0;0;0;0;0;0;;oui;s1:1x2;b8d76dd9-1e01-4606-ba85-2f57a1289524
2026 - 2027;s1;Cantons-de-l'Est;Cheerleading;Secondaire;Cheerleading C U D3 Niveau 2;D3;Cadet;Mixte;0;0;0;0;0;0;0;;oui;s1:1x2;407f1771-be51-4cf1-8be7-a1d710a4241e
2026 - 2027;s1;Cantons-de-l'Est;Cheerleading;Secondaire;Cheerleading C U D3 Niveau 3;D3;Cadet;Mixte;0;0;0;0;0;0;0;;oui;s1:1x2;8cb704ee-ead9-44ab-9869-6070b78f8086
2026 - 2027;s1;Cantons-de-l'Est;Cheerleading;Secondaire;Cheerleading J F D3 Niveau 3;D3;Juvénile;Féminin;0;0;0;0;0;0;0;;oui;s1:1x2;530b3e32-3aee-4812-acd6-8e710b6225df
2026 - 2027;s1;Cantons-de-l'Est;Cheerleading;Secondaire;Cheerleading J F D3 Niveau 4;D3;Juvénile;Féminin;0;0;0;0;0;0;0;;oui;s1:1x2;4ec43a1e-0d67-4ee8-9446-64752c296a8d
2026 - 2027;s1;Cantons-de-l'Est;Cheerleading;Secondaire;Cheerleading J U D3 Niveau 3;D3;Juvénile;Mixte;0;0;0;0;0;0;0;;oui;s1:1x2;d12609e1-ccb2-4efb-b2a9-d32bd30fe60a
2026 - 2027;s1;Cantons-de-l'Est;Cheerleading;Secondaire;Cheerleading J U D3 Niveau 4;D3;Juvénile;Mixte;0;0;0;0;0;0;0;;oui;s1:1x2;9d6abc3a-51e6-43c3-ab99-d32c8d79bdc4
2026 - 2027;s1;Cantons-de-l'Est;Cheerleading;Secondaire;Cheerleading O F D3 Niveau 1;D3;Ouvert;Féminin;0;0;0;0;0;0;0;;oui;s1:1x2;1b199bf5-bb78-4c0e-b170-238b76d54cb4
2026 - 2027;s1;Cantons-de-l'Est;Cheerleading;Secondaire;Cheerleading O F D3 Niveau 2;D3;Ouvert;Féminin;2;0;0;0;0;0;0;;oui;s1:1x2;056479bf-3946-4608-ae35-0b216f4c40ed
2026 - 2027;s1;Cantons-de-l'Est;Cheerleading;Secondaire;Cheerleading O F D3 Niveau 2.0;D3;Ouvert;Féminin;2;0;0;0;0;0;0;;oui;s1:1x2;55e70f4d-f862-4354-b4c2-966fcac68c9d
2026 - 2027;s1;Cantons-de-l'Est;Cheerleading;Secondaire;Cheerleading O F D3 Niveau 3;D3;Ouvert;Féminin;1;0;0;0;0;0;0;;oui;s1:1x2;e4f1e55b-2fdb-48ee-9e5d-ba65e2480a9b
2026 - 2027;s1;Cantons-de-l'Est;Cheerleading;Secondaire;Cheerleading O F D3 Niveau 3.0;D3;Ouvert;Féminin;0;0;0;0;0;0;0;;oui;s1:1x2;edb32bc7-953b-41e4-90b4-0fea44b808f6
2026 - 2027;s1;Cantons-de-l'Est;Cheerleading;Secondaire;Cheerleading O U D3 Niveau 1;D3;Ouvert;Mixte;1;0;0;0;0;0;0;;oui;s1:1x2;57892f81-75b9-4323-a91d-09d6a58e9dda
2026 - 2027;s1;Cantons-de-l'Est;Cheerleading;Secondaire;Cheerleading O U D3 Niveau 2;D3;Ouvert;Mixte;1;0;0;0;0;0;0;;oui;s1:1x2;20f58911-4c28-4e3b-827c-45d693a0ef0d
2026 - 2027;s1;Cantons-de-l'Est;Cheerleading;Secondaire;Cheerleading O U D3 Niveau 2.0;D3;Ouvert;Mixte;1;0;0;0;0;0;0;;oui;s1:1x2;7d87dc0e-8dd9-41ea-952a-671a64b477ab
2026 - 2027;s1;Cantons-de-l'Est;Cheerleading;Secondaire;Cheerleading O U D3 Niveau 3;D3;Ouvert;Mixte;0;0;0;0;0;0;0;;oui;s1:1x2;83014513-b8f2-4f2e-82a6-1919e958f6f8
2026 - 2027;s1;Cantons-de-l'Est;Cheerleading;Secondaire;Cheerleading O U D3 Niveau 3.0;D3;Ouvert;Mixte;1;0;0;0;0;0;0;;oui;s1:1x2;9d22f670-fb72-4cc1-85d5-ce71dd10f016
2026 - 2027;s1;Cantons-de-l'Est;Cross-country;Secondaire;Cross-country B F D3 CRS 3 KM;D3;Benjamin;Féminin;15;0;0;0;0;0;0;;oui;s1:1x3;3752205e-3b99-40fb-af2a-ad86a5b780c4
2026 - 2027;s1;Cantons-de-l'Est;Cross-country;Secondaire;Cross-country B M D3 CRS 3 KM;D3;Benjamin;Masculin;16;0;0;0;0;0;0;;oui;s1:1x3;3aef0f5b-ecba-4534-ab2e-465fefb5cdb8
2026 - 2027;s1;Cantons-de-l'Est;Cross-country;Secondaire;Cross-country C F D3 CRS 4 KM;D3;Cadet;Féminin;16;0;0;0;0;0;0;;oui;s1:1x3;e9dd3c8a-bd5b-4858-8f67-281c2eb88219
2026 - 2027;s1;Cantons-de-l'Est;Cross-country;Secondaire;Cross-country C M D3 CRS 4 KM;D3;Cadet;Masculin;15;0;0;0;0;0;0;;oui;s1:1x3;2a693a7b-bf8d-4308-8f6a-76d46fa9686a
2026 - 2027;s1;Cantons-de-l'Est;Cross-country;Secondaire;Cross-country J F D3 CRS 5 KM;D3;Juvénile;Féminin;12;0;0;0;0;0;0;;oui;s1:1x3;fb620d3e-1a6b-4f23-a80e-c6b5eb9202ae
2026 - 2027;s1;Cantons-de-l'Est;Cross-country;Secondaire;Cross-country J M D3 CRS 5 KM;D3;Juvénile;Masculin;14;0;0;0;0;0;0;;oui;s1:1x3;cdf2c3d4-d3d3-4a01-b782-af33afd20889
2026 - 2027;diffusion+s1;Cantons-de-l'Est;Flag football;Secondaire;Flag football J F D3;D3;Juvénile;Féminin;5;25;25;0;0;0;25;25;oui;d:1x4 s1:1x4;1d04547a-702f-4722-bcdd-2c1804132d47
2026 - 2027;diffusion+s1;Cantons-de-l'Est;Flag football;Secondaire;Flag football J F D4;D4;Juvénile;Féminin;13;52;52;0;0;0;52;52;oui;d:1x4 s1:1x4;88dfd74f-0408-473e-a072-3ead1701eafb
2026 - 2027;diffusion+s1;Cantons-de-l'Est;Flag football;Secondaire;Flag football J F D4 Niveau 1 Section A;D4;Juvénile;Féminin;5;40;40;0;0;0;40;40;oui;d:1x4 s1:1x4;2ff1e4e1-5379-43df-bbe2-7d06c4c97734
2026 - 2027;diffusion+s1;Cantons-de-l'Est;Flag football;Secondaire;Flag football J F D4 Niveau 1 Section B;D4;Juvénile;Féminin;5;40;40;0;0;0;0;;oui;d:1x4 s1:1x4;a4ffd650-5c50-4e2a-84ca-0e725317b3d6
2026 - 2027;s1;Cantons-de-l'Est;Flag rugby;Secondaire;Flag rugby B M D4 12 joueurs;D4;Benjamin;Masculin;0;0;0;0;0;0;0;;oui;s1:1x33;a1be7116-8c89-4287-96bd-2ff21a7cac42
2026 - 2027;diffusion+s1;Cantons-de-l'Est;Football;Secondaire;Football B M D3 Sans Plaquage à 9 joueurs Section A;D3;Benjamin;Masculin;4;20;20;0;0;0;20;20;oui;d:1x5 s1:1x5;9854647f-a503-46df-a0f5-f3ed5ed183a7
2026 - 2027;diffusion+s1;Cantons-de-l'Est;Football;Secondaire;Football B M D3 Sans Plaquage à 9 joueurs Section B;D3;Benjamin;Masculin;4;20;20;0;0;0;0;;oui;d:1x5 s1:1x5;9cb50807-ea51-4a1f-a12a-13c5faf56e2a
2026 - 2027;diffusion+s1;Cantons-de-l'Est;Football;Secondaire;Football C M D3 9 joueurs;D3;Cadet;Masculin;5;15;15;0;0;0;15;15;oui;d:1x5 s1:1x5;177d3ca2-f40d-4ac0-a595-0919b221c192
2026 - 2027;diffusion+s1;Cantons-de-l'Est;Football;Secondaire;Football J M D3 Mineur 9 joueurs Section A;D3;Juvénile;Masculin;3;21;21;0;0;0;21;21;oui;d:1x5 s1:1x5;40ffc561-3fa0-47d4-b01b-65504b0f7424
2026 - 2027;diffusion+s1;Cantons-de-l'Est;Football;Secondaire;Football J M D3 Mineur 9 joueurs Section B;D3;Juvénile;Masculin;3;21;21;0;0;0;0;;oui;d:1x5 s1:1x5;cdea71d5-501a-440a-9d0f-bf00de9fb732
2026 - 2027;s1;Cantons-de-l'Est;Golf;Secondaire;Golf B F D3;D3;Benjamin;Féminin;0;0;0;0;0;0;0;;oui;s1:1x6;3103a196-80b4-43df-b753-ca648a5173ac
2026 - 2027;s1;Cantons-de-l'Est;Golf;Secondaire;Golf B M D3;D3;Benjamin;Masculin;0;0;0;0;0;0;0;;oui;s1:1x6;2dac7ea9-e7b3-45f1-9c45-4acf7f9c0fb7
2026 - 2027;s1;Cantons-de-l'Est;Golf;Secondaire;Golf C F D3;D3;Cadet;Féminin;0;0;0;0;0;0;0;;oui;s1:1x6;3ca423fc-a064-450d-b927-c94fd9d7e774
2026 - 2027;s1;Cantons-de-l'Est;Golf;Secondaire;Golf C M D3;D3;Cadet;Masculin;0;0;0;0;0;0;0;;oui;s1:1x6;575c1f98-95eb-4628-bd77-8de9edd4e068
2026 - 2027;s1;Cantons-de-l'Est;Golf;Secondaire;Golf J F D3;D3;Juvénile;Féminin;0;0;0;0;0;0;0;;oui;s1:1x6;7c17cad0-d356-4daf-ac49-ce2bc68405b3
2026 - 2027;s1;Cantons-de-l'Est;Golf;Secondaire;Golf J M D3;D3;Juvénile;Masculin;0;0;0;0;0;0;0;;oui;s1:1x6;3366c926-813c-40ee-957c-2149a2132d27
2026 - 2027;s1;Cantons-de-l'Est;Natation;Secondaire;Natation B F D3;D3;Benjamin;Féminin;13;0;0;0;0;0;0;;oui;s1:1x10;f8fcc9dc-cadf-468b-b576-1cc4ca0809fc
2026 - 2027;s1;Cantons-de-l'Est;Natation;Secondaire;Natation B M D3;D3;Benjamin;Masculin;12;0;0;0;0;0;0;;oui;s1:1x10;bbf651c5-cc3f-46f1-8eea-771e9e6fb82b
2026 - 2027;s1;Cantons-de-l'Est;Natation;Secondaire;Natation C F D3;D3;Cadet;Féminin;13;0;0;0;0;0;0;;oui;s1:1x10;ea5e6082-3705-4776-81d6-9fff2e4925d4
2026 - 2027;s1;Cantons-de-l'Est;Natation;Secondaire;Natation C M D3;D3;Cadet;Masculin;8;0;0;0;0;0;0;;oui;s1:1x10;0c597909-c937-4e4f-bf36-b72c4a096069
2026 - 2027;s1;Cantons-de-l'Est;Natation;Secondaire;Natation J F D3;D3;Juvénile;Féminin;11;0;0;0;0;0;0;;oui;s1:1x10;f03f8056-c492-4483-9922-29fd293cb938
2026 - 2027;s1;Cantons-de-l'Est;Natation;Secondaire;Natation J M D3;D3;Juvénile;Masculin;9;0;0;0;0;0;0;;oui;s1:1x10;0e2b7e28-c4a4-460c-ade0-a6c7fc219163
2026 - 2027;s1;Cantons-de-l'Est;Ultimate;Secondaire;Ultimate C U D3 Automne 2026 Mineur;D3;Cadet;Mixte;0;0;0;0;0;0;0;;oui;s1:1x25;440c877e-e0f3-4648-a821-662e57dabab6
2026 - 2027;s1;Cantons-de-l'Est;Ultimate;Secondaire;Ultimate C U D3 Printemps 2027 Mineur;D3;Cadet;Mixte;0;0;0;0;0;0;0;;oui;s1:1x25;a493f120-e807-4673-8b81-7956aced14b9
2026 - 2027;s1;Cantons-de-l'Est;Ultimate;Secondaire;Ultimate C U D4 Automne 2026 Mineur;D4;Cadet;Mixte;0;0;0;0;0;0;0;;oui;s1:1x25;b6e00f17-933f-444f-bca6-237379de12cb
2026 - 2027;s1;Cantons-de-l'Est;Ultimate;Secondaire;Ultimate C U D4 Printemps 2027 Mineur;D4;Cadet;Mixte;0;0;0;0;0;0;0;;oui;s1:1x25;bd12e3d2-b943-443c-b863-7a23627f52c3
2026 - 2027;diffusion+s1;Cantons-de-l'Est;Ultimate;Secondaire;Ultimate J U D3 Automne 2026;D3;Juvénile;Mixte;6;24;24;0;0;0;24;24;oui;d:1x25 s1:1x25;3a0fa2ef-4c67-4f72-a09b-985661af90db
2026 - 2027;s1;Cantons-de-l'Est;Ultimate;Secondaire;Ultimate J U D3 Printemps 2027;D3;Juvénile;Mixte;0;0;0;0;0;0;0;;oui;s1:1x25;4d68cd68-7a81-4437-a41c-ca01fc2fd042
2026 - 2027;diffusion+s1;Cantons-de-l'Est;Ultimate;Secondaire;Ultimate J U D4 Automne 2026;D4;Juvénile;Mixte;4;18;18;0;0;0;18;18;oui;d:1x25 s1:1x25;a2b71c71-ec48-477f-b60e-8082ad7acdb2
2026 - 2027;s1;Cantons-de-l'Est;Ultimate;Secondaire;Ultimate J U D4 Printemps 2027;D4;Juvénile;Mixte;0;0;0;0;0;0;0;;oui;s1:1x25;5d78ca45-572e-4619-8747-ce3e88e7f0eb
2026 - 2027;s1;Cantons-de-l'Est;Volleyball;Primaire et secondaire;Volleyball A F D3;D3;Atome;Féminin;9;0;0;0;0;0;0;;oui;s1:1x16;26920424-bd6b-414f-bae7-591b82210f39
2026 - 2027;s1;Cantons-de-l'Est;Volleyball;Primaire et secondaire;Volleyball A F D4;D4;Atome;Féminin;9;0;0;0;0;0;0;;oui;s1:1x16;541dbc4a-540b-4ca7-adef-3dd54a8116fa
2026 - 2027;s1;Cantons-de-l'Est;Volleyball;Secondaire;Volleyball B F D3;D3;Benjamin;Féminin;12;0;0;0;0;0;0;;oui;s1:1x16;1945de22-5ade-4ccf-bd13-1289886d0813
2026 - 2027;s1;Cantons-de-l'Est;Volleyball;Secondaire;Volleyball B F D4;D4;Benjamin;Féminin;29;0;0;0;0;0;0;;oui;s1:1x16;0f97a705-7407-4415-9e24-675dddaca30e
2026 - 2027;s1;Cantons-de-l'Est;Volleyball;Secondaire;Volleyball B F D4 Niveau 1;D4;Benjamin;Féminin;23;0;0;0;0;0;0;;oui;s1:1x16;23e156ec-8e7c-497f-b740-c92c27e7d858
2026 - 2027;s1;Cantons-de-l'Est;Volleyball;Secondaire;Volleyball B M D3;D3;Benjamin;Masculin;4;0;0;0;0;0;0;;oui;s1:1x16;a93ba1bb-1b80-4168-8bf1-2af3e4ded89d
2026 - 2027;s1;Cantons-de-l'Est;Volleyball;Secondaire;Volleyball B M D4;D4;Benjamin;Masculin;5;0;0;0;0;0;0;;oui;s1:1x16;fac2ebaf-122d-4add-8152-1cfa952f1d08
2026 - 2027;s1;Cantons-de-l'Est;Volleyball;Secondaire;Volleyball C F D3;D3;Cadet;Féminin;19;0;0;0;0;0;0;;oui;s1:1x16;4a247a6f-7ee2-43d8-84ae-cac29a39661a
2026 - 2027;s1;Cantons-de-l'Est;Volleyball;Secondaire;Volleyball C F D4;D4;Cadet;Féminin;26;0;0;0;0;0;0;;oui;s1:1x16;f231cf55-bfa8-45fa-a36d-86727901beaf
2026 - 2027;s1;Cantons-de-l'Est;Volleyball;Secondaire;Volleyball C F D4 Niveau 1;D4;Cadet;Féminin;25;0;0;0;0;0;0;;oui;s1:1x16;64bb2e2c-5aab-4ec2-808e-68a747293368
2026 - 2027;s1;Cantons-de-l'Est;Volleyball;Secondaire;Volleyball C M D3;D3;Cadet;Masculin;4;0;0;0;0;0;0;;oui;s1:1x16;018da5b6-ab14-4196-960a-6983ad12b2ff
2026 - 2027;s1;Cantons-de-l'Est;Volleyball;Secondaire;Volleyball C M D4;D4;Cadet;Masculin;5;0;0;0;0;0;0;;oui;s1:1x16;2bec8dbd-0bd6-4a14-8b2b-d62835231bfb
2026 - 2027;s1;Cantons-de-l'Est;Volleyball;Secondaire;Volleyball J F D3;D3;Juvénile;Féminin;9;0;0;0;0;0;0;;oui;s1:1x16;31890120-c852-4051-af1b-341774775437
2026 - 2027;s1;Cantons-de-l'Est;Volleyball;Secondaire;Volleyball J F D4;D4;Juvénile;Féminin;28;0;0;0;0;0;0;;oui;s1:1x16;61587b57-cb21-4fab-95cd-71ee8d1d55bc
2026 - 2027;s1;Cantons-de-l'Est;Volleyball;Secondaire;Volleyball J F D4 Niveau 1;D4;Juvénile;Féminin;6;0;0;0;0;0;0;;oui;s1:1x16;75d0b871-0548-4c8f-acb6-fdc21f971ae8
2026 - 2027;s1;Cantons-de-l'Est;Volleyball;Secondaire;Volleyball J M D3;D3;Juvénile;Masculin;9;0;0;0;0;0;0;;oui;s1:1x16;47b3c146-0516-470c-b477-0de51ac13920
2026 - 2027;s1;Cantons-de-l'Est;Volleyball;Secondaire;Volleyball J M D4;D4;Juvénile;Masculin;11;0;0;0;0;0;0;;oui;s1:1x16;794e99c4-f720-4443-9540-ec1fe55fcc11
2026 - 2027;s1;Côte-Nord;Badminton;Secondaire;Badminton B U D3;D3;Benjamin;Mixte;6;0;0;0;0;0;0;;oui;s1:2x18;d371c1a6-8fe8-4477-9271-db90b5cb0cb1
2026 - 2027;s1;Côte-Nord;Badminton;Secondaire;Badminton C U D3;D3;Cadet;Mixte;4;0;0;0;0;0;0;;oui;s1:2x18;f400e69c-b2ff-4e4c-907e-5367462fcff5
2026 - 2027;s1;Côte-Nord;Badminton;Primaire;Badminton Co U D3;D3;Colibri;Mixte;2;;;;;;0;;oui;s1:2x18;a35c1341-3093-4f85-b39d-b3d2c71fd976
2026 - 2027;s1;Côte-Nord;Badminton;Secondaire;Badminton J U D3;D3;Juvénile;Mixte;4;0;0;0;0;0;0;;oui;s1:2x18;2428d3a2-c575-4278-a674-ec41cb2fd2b9
2026 - 2027;s1;Côte-Nord;Badminton;Primaire;Badminton M U D3;D3;Moustique;Mixte;2;;;;;;0;;oui;s1:2x18;e79a120d-5388-4232-bdec-49b03f223732
2026 - 2027;s1;Côte-Nord;Basketball;Secondaire;Basketball B F D3;D3;Benjamin;Féminin;2;0;0;0;0;0;0;;oui;s1:2x1;4833575d-eefe-4800-8398-6238f180c17b
2026 - 2027;s1;Côte-Nord;Basketball;Secondaire;Basketball B M D3;D3;Benjamin;Masculin;5;0;0;0;0;0;0;;oui;s1:2x1;7e4deb51-8201-4b64-a963-9542b62ad24d
2026 - 2027;s1;Côte-Nord;Basketball;Secondaire;Basketball B M D4;D4;Benjamin;Masculin;0;0;0;0;0;0;0;;oui;s1:2x1;c46b9a08-7ebd-4129-a51b-337806f9f964
2026 - 2027;s1;Côte-Nord;Basketball;Secondaire;Basketball C F D3;D3;Cadet;Féminin;3;0;0;0;0;0;0;;oui;s1:2x1;19abcfe4-2296-41a3-a7b8-41baf08babe4
2026 - 2027;s1;Côte-Nord;Basketball;Secondaire;Basketball C M D3;D3;Cadet;Masculin;2;0;0;0;0;0;0;;oui;s1:2x1;8a994ef8-94bf-4929-98dd-8357ad9b45c9
2026 - 2027;s1;Côte-Nord;Basketball;Secondaire;Basketball J F D3;D3;Juvénile;Féminin;4;0;0;0;0;0;0;;oui;s1:2x1;912e430d-e85b-4aab-815c-fc90e8c474da
2026 - 2027;s1;Côte-Nord;Basketball;Secondaire;Basketball J M D3;D3;Juvénile;Masculin;6;0;0;0;0;0;0;;oui;s1:2x1;ef543c0f-7a35-4fb9-ae46-0e7f01f89381
2026 - 2027;s1;Côte-Nord;Basketball;Secondaire;Basketball J M D4;D4;Juvénile;Masculin;0;0;0;0;0;0;0;;oui;s1:2x1;618277ac-a65c-4bed-ae6c-05f1e41fe37f
2026 - 2027;s1;Côte-Nord;Cross-country;Secondaire;Cross-country B F D3;D3;Benjamin;Féminin;13;0;0;0;0;0;0;;oui;s1:2x3;f5b1a58a-4b0a-4c27-b847-1e7af98b14ba
2026 - 2027;s1;Côte-Nord;Cross-country;Secondaire;Cross-country B M D3;D3;Benjamin;Masculin;11;0;0;0;0;0;0;;oui;s1:2x3;b1f2800c-a130-4d1d-a91c-ed07d22a97fa
2026 - 2027;s1;Côte-Nord;Cross-country;Secondaire;Cross-country C F D3;D3;Cadet;Féminin;10;0;0;0;0;0;0;;oui;s1:2x3;1f513237-cdd7-42dc-8011-938bae182c5b
2026 - 2027;s1;Côte-Nord;Cross-country;Secondaire;Cross-country C M D3;D3;Cadet;Masculin;12;0;0;0;0;0;0;;oui;s1:2x3;f990a5c7-2b4e-4f84-bdfe-8abcf4c543b4
2026 - 2027;s1;Côte-Nord;Cross-country;Primaire;Cross-country Co F D3 Maringouin;D3;Colibri;Féminin;26;;;;;;0;;oui;s1:2x3;059f5e8c-843c-42e3-ae84-bd975bd5dd6e
2026 - 2027;s1;Côte-Nord;Cross-country;Primaire;Cross-country Co M D3 Maringouin;D3;Colibri;Masculin;25;;;;;;0;;oui;s1:2x3;ab0106cf-20e2-438a-9153-0dd506ba9ca8
2026 - 2027;s1;Côte-Nord;Cross-country;Secondaire;Cross-country J F D3;D3;Juvénile;Féminin;6;0;0;0;0;0;0;;oui;s1:2x3;0464f9b3-b3d7-4a37-82ad-a9f8f11882d6
2026 - 2027;s1;Côte-Nord;Cross-country;Secondaire;Cross-country J M D3;D3;Juvénile;Masculin;6;0;0;0;0;0;0;;oui;s1:2x3;61cbba0b-1dbf-4515-90db-d8bda6f4824d
2026 - 2027;s1;Côte-Nord;Cross-country;Primaire;Cross-country M F D3;D3;Moustique;Féminin;22;;;;;;0;;oui;s1:2x3;64c24ad5-2336-4f9f-a030-6170ad84e9a1
2026 - 2027;s1;Côte-Nord;Cross-country;Primaire;Cross-country M M D3;D3;Moustique;Masculin;29;;;;;;0;;oui;s1:2x3;8eb3b6c3-5bd1-47a4-92b7-9a407b3d73fc
2026 - 2027;s1;Côte-Nord;Cross-country;Primaire;Cross-country Mi F D3 Brûlot;D3;Minime;Féminin;16;;;;;;0;;oui;s1:2x3;82e00cb8-ebf2-4a39-8c39-723dc019ef28
2026 - 2027;s1;Côte-Nord;Cross-country;Primaire;Cross-country Mi M D3 Brûlot;D3;Minime;Masculin;16;;;;;;0;;oui;s1:2x3;e81f16c2-c533-4789-a6c9-481b30e81a1f
2026 - 2027;s1;Côte-Nord;Cross-country;Primaire;Cross-country N F D3 Préscolaire;D3;Novice;Féminin;4;;;;;;0;;oui;s1:2x3;1a8bfeef-63e8-481a-a9b6-d98aedeed88c
2026 - 2027;s1;Côte-Nord;Cross-country;Primaire;Cross-country N M D3 Préscolaire;D3;Novice;Masculin;3;;;;;;0;;oui;s1:2x3;42798bd7-5d75-477d-909a-3de91ed48f5d
2026 - 2027;s1;Côte-Nord;Futsal;Secondaire;Futsal B F D3;D3;Benjamin;Féminin;1;0;0;0;0;0;0;;oui;s1:2x30;faa6b246-4183-4af9-b4a6-7afea6451533
2026 - 2027;s1;Côte-Nord;Futsal;Secondaire;Futsal B M D3;D3;Benjamin;Masculin;3;0;0;0;0;0;0;;oui;s1:2x30;624a733d-9621-4c3c-a6f8-34f3f9fc9615
2026 - 2027;s1;Côte-Nord;Futsal;Secondaire;Futsal C F D3;D3;Cadet;Féminin;1;0;0;0;0;0;0;;oui;s1:2x30;86c38bd0-3223-43a1-abdd-99efb01504b6
2026 - 2027;s1;Côte-Nord;Futsal;Secondaire;Futsal J M D3;D3;Juvénile;Masculin;2;0;0;0;0;0;0;;oui;s1:2x30;693f4755-0d9a-4207-bdbc-3db9f908f3ce
2026 - 2027;s1;Côte-Nord;Volleyball;Secondaire;Volleyball B F D3;D3;Benjamin;Féminin;14;0;0;0;0;0;0;;oui;s1:2x16;085958ed-1be4-4025-bd37-ae29556d25b6
2026 - 2027;s1;Côte-Nord;Volleyball;Secondaire;Volleyball B F D4;D4;Benjamin;Féminin;6;0;0;0;0;0;0;;oui;s1:2x16;a7100132-ef0d-4e2a-a886-9f4ff546a010
2026 - 2027;s1;Côte-Nord;Volleyball;Secondaire;Volleyball B M D3;D3;Benjamin;Masculin;2;0;0;0;0;0;0;;oui;s1:2x16;dec98b56-b204-46e0-8122-c9a97234b24a
2026 - 2027;s1;Côte-Nord;Volleyball;Secondaire;Volleyball C F D3;D3;Cadet;Féminin;13;0;0;0;0;0;0;;oui;s1:2x16;bacfff55-e7d8-4e95-afa4-1abb782829b9
2026 - 2027;s1;Côte-Nord;Volleyball;Secondaire;Volleyball C F D4;D4;Cadet;Féminin;3;0;0;0;0;0;0;;oui;s1:2x16;271d6323-c0b4-44af-9d42-25ac293667c2
2026 - 2027;s1;Côte-Nord;Volleyball;Secondaire;Volleyball C M D3;D3;Cadet;Masculin;6;0;0;0;0;0;0;;oui;s1:2x16;70c04e58-bbfa-4f16-9966-000f6e47b346
2026 - 2027;s1;Côte-Nord;Volleyball;Secondaire;Volleyball J F D3;D3;Juvénile;Féminin;10;0;0;0;0;0;0;;oui;s1:2x16;fc241801-2d8b-4b67-893e-9e642f692b0b
2026 - 2027;s1;Côte-Nord;Volleyball;Secondaire;Volleyball J F D4;D4;Juvénile;Féminin;2;0;0;0;0;0;0;;oui;s1:2x16;4201864c-06bb-47eb-9869-80c1aa7c1302
2026 - 2027;s1;Côte-Nord;Volleyball;Secondaire;Volleyball J M D3;D3;Juvénile;Masculin;6;0;0;0;0;0;0;;oui;s1:2x16;ea2ad466-54fc-463d-835c-e1352b4fc246
2026 - 2027;s1;Est-du-Québec;Badminton;Secondaire;Badminton B U D3;D3;Benjamin;Mixte;14;0;0;0;0;0;0;;oui;s1:3x18;2cd2260b-f978-4052-85b3-6ecbe7cd2ccc
2026 - 2027;s1;Est-du-Québec;Badminton;Secondaire;Badminton C U D3;D3;Cadet;Mixte;12;0;0;0;0;0;0;;oui;s1:3x18;d86d871b-e6cd-48ea-9665-1774c41d6c5e
2026 - 2027;s1;Est-du-Québec;Badminton;Secondaire;Badminton J U D3;D3;Juvénile;Mixte;11;0;0;0;0;0;0;;oui;s1:3x18;fe40c673-429d-4f4a-beea-3211f915530b
2026 - 2027;s1;Est-du-Québec;Basketball;Secondaire;Basketball B F;;Benjamin;Féminin;6;0;0;0;0;0;0;;oui;s1:3x1;3d70ee13-0035-489d-8ffc-d92fba490ffd
2026 - 2027;s1;Est-du-Québec;Basketball;Secondaire;Basketball B M;;Benjamin;Masculin;13;0;0;0;0;0;0;;oui;s1:3x1;25572fd4-cec8-49ed-8d44-4af2f1d1ecbd
2026 - 2027;s1;Est-du-Québec;Basketball;Secondaire;Basketball C F;;Cadet;Féminin;2;0;0;0;0;0;0;;oui;s1:3x1;5dde20dd-0ce5-4b67-99bc-6b90de4d0a33
2026 - 2027;s1;Est-du-Québec;Basketball;Secondaire;Basketball C M;;Cadet;Masculin;5;0;0;0;0;0;0;;oui;s1:3x1;9f419b36-3b0b-4aa8-9408-4bdeeff8310a
2026 - 2027;s1;Est-du-Québec;Basketball;Secondaire;Basketball J F;;Juvénile;Féminin;6;0;0;0;0;0;0;;oui;s1:3x1;3a098e09-e79c-436c-9a8e-dd621c836fe0
2026 - 2027;s1;Est-du-Québec;Basketball;Secondaire;Basketball J M;;Juvénile;Masculin;11;0;0;0;0;0;0;;oui;s1:3x1;f94a0b06-5c9d-4587-aed5-d39281a1aa58
2026 - 2027;diffusion+s1;Est-du-Québec;Football;Secondaire;Football B U D3;D3;Benjamin;Mixte;4;14;12;2;0;1;15;15;oui;d:3x5 s1:3x5;4b740259-5a47-43f3-b1ce-ddd7733283d6
2026 - 2027;diffusion+s1;Est-du-Québec;Football;Secondaire;Football J U D3;D3;Juvénile;Mixte;4;14;12;2;0;1;14;14;oui;d:3x5 s1:3x5;aad29d2f-8569-4853-b85f-8ec4632b745c
2026 - 2027;s1;Est-du-Québec;Futsal;Secondaire;Futsal B F;;Benjamin;Féminin;7;0;0;0;0;0;0;;oui;s1:3x30;ae0f775a-5e54-471a-9065-7540dacaa744
2026 - 2027;s1;Est-du-Québec;Futsal;Secondaire;Futsal B M;;Benjamin;Masculin;21;0;0;0;0;0;0;;oui;s1:3x30;df0a0a65-5608-46ae-8925-feefa80ce904
2026 - 2027;s1;Est-du-Québec;Futsal;Secondaire;Futsal C M;;Cadet;Masculin;20;0;0;0;0;0;0;;oui;s1:3x30;04d142fd-6487-49e3-9282-2250fc89cea8
2026 - 2027;s1;Est-du-Québec;Futsal;Secondaire;Futsal J F;;Juvénile;Féminin;11;0;0;0;0;0;0;;oui;s1:3x30;cbd184a2-cf41-4bb3-a97a-2afc1f6900e5
2026 - 2027;s1;Est-du-Québec;Futsal;Secondaire;Futsal J M;;Juvénile;Masculin;7;0;0;0;0;0;0;;oui;s1:3x30;53e3e107-051f-4507-bdad-5631907d2aa5
2026 - 2027;s1;Est-du-Québec;Improvisation;Secondaire;Improvisation B U D3;D3;Benjamin;Mixte;2;0;0;0;0;0;0;;oui;s1:3x27;4baa82a2-153e-4a99-b520-659eae7d15c9
2026 - 2027;s1;Est-du-Québec;Improvisation;Secondaire;Improvisation J U D3;D3;Juvénile;Mixte;1;0;0;0;0;0;0;;oui;s1:3x27;b530de14-ffc4-438d-920a-76fb3aefc02c
2026 - 2027;s1;Est-du-Québec;Volleyball;Secondaire;Volleyball B F Est;;Benjamin;Féminin;18;0;0;0;0;0;0;;oui;s1:3x16;8dcf9a18-aa91-4939-982b-d53bb992fe9f
2026 - 2027;s1;Est-du-Québec;Volleyball;Secondaire;Volleyball B F Ouest;;Benjamin;Féminin;27;0;0;0;0;0;0;;oui;s1:3x16;19dfebe0-8392-45ed-8763-da453cab258e
2026 - 2027;s1;Est-du-Québec;Volleyball;Secondaire;Volleyball C F Est;;Cadet;Féminin;17;0;0;0;0;0;0;;oui;s1:3x16;43146fd9-9b76-4287-b4ff-63a3a964b2f7
2026 - 2027;s1;Est-du-Québec;Volleyball;Secondaire;Volleyball C F Ouest;;Cadet;Féminin;25;0;0;0;0;0;0;;oui;s1:3x16;abf3b02a-a0ad-48d2-b991-774be7f4346a
2026 - 2027;s1;Est-du-Québec;Volleyball;Secondaire;Volleyball J F Est;;Juvénile;Féminin;11;0;0;0;0;0;0;;oui;s1:3x16;a6d7d8ae-87c4-483b-83ff-0ecabbf35cdf
2026 - 2027;s1;Est-du-Québec;Volleyball;Secondaire;Volleyball J F Ouest;;Juvénile;Féminin;12;0;0;0;0;0;0;;oui;s1:3x16;0cc9a0ec-5cee-483e-80a9-5e0beb6d95a7
2026 - 2027;s1;Est-du-Québec;Volleyball;Secondaire;Volleyball O M;;Ouvert;Masculin;16;0;0;0;0;0;0;;oui;s1:3x16;8b069980-8e62-4bb5-bb25-b726058a89ae
2026 - 2027;s1;GMAA;Athlétisme;Secondaire;Athlétisme B Filles D3 INDOOR;D3;Benjamin;Filles;1;0;0;0;0;0;0;;oui;s1:4x0;558ff17e-c2f0-4df6-8176-ed1c659bac20
2026 - 2027;s1;GMAA;Athlétisme;Secondaire;Athlétisme B Filles D3 Outdoor;D3;Benjamin;Filles;0;0;0;0;0;0;0;;oui;s1:4x0;966c1849-d826-464a-8b33-4fd6570d805b
2026 - 2027;s1;GMAA;Athlétisme;Secondaire;Athlétisme B Filles D4 Niveau 1 B;D4;Benjamin;Filles;0;0;0;0;0;0;0;;oui;s1:4x0;c50dcd6c-3def-4a09-ba34-f5e7d4999e04
2026 - 2027;s1;GMAA;Athlétisme;Secondaire;Athlétisme B Garçons D3 INDOOR;D3;Benjamin;Garçons;1;0;0;0;0;0;0;;oui;s1:4x0;4a31d564-e697-459d-bdae-051385a195b3
2026 - 2027;s1;GMAA;Athlétisme;Secondaire;Athlétisme B Garçons D3 Outdoor;D3;Benjamin;Garçons;0;0;0;0;0;0;0;;oui;s1:4x0;33578127-8376-40e4-9008-90b0be677ef2
2026 - 2027;s1;GMAA;Athlétisme;Secondaire;Athlétisme C Filles D3 INDOOR;D3;Cadet;Filles;1;0;0;0;0;0;0;;oui;s1:4x0;b13e39ce-26e1-46c1-bacd-1728f56d035b
2026 - 2027;s1;GMAA;Athlétisme;Secondaire;Athlétisme C Filles D3 Outdoor;D3;Cadet;Filles;0;0;0;0;0;0;0;;oui;s1:4x0;fcecd4f9-e92a-4bb4-8ff4-bcc67e34e691
2026 - 2027;s1;GMAA;Athlétisme;Secondaire;Athlétisme C Garçons D3 INDOOR;D3;Cadet;Garçons;1;0;0;0;0;0;0;;oui;s1:4x0;2048c4d5-86a1-4686-a8a1-f1ca579d2558
2026 - 2027;s1;GMAA;Athlétisme;Secondaire;Athlétisme C Garçons D3 Outdoor;D3;Cadet;Garçons;0;0;0;0;0;0;0;;oui;s1:4x0;6303df7e-ddbc-4446-a3f3-5f218889af57
2026 - 2027;s1;GMAA;Athlétisme;Secondaire;Athlétisme J Filles D3 INDOOR;D3;Juvénile;Filles;1;0;0;0;0;0;0;;oui;s1:4x0;c4ac2d38-64e7-4b4f-96ba-612fc373b6ca
2026 - 2027;s1;GMAA;Athlétisme;Secondaire;Athlétisme J Filles D3 Outdoor;D3;Juvénile;Filles;0;0;0;0;0;0;0;;oui;s1:4x0;0b576ef5-e99c-4184-909e-44e549cf6fd5
2026 - 2027;s1;GMAA;Athlétisme;Secondaire;Athlétisme J Garçons D3 INDOOR;D3;Juvénile;Garçons;1;0;0;0;0;0;0;;oui;s1:4x0;7430540d-670d-46bf-9501-6d14134c4878
2026 - 2027;s1;GMAA;Athlétisme;Secondaire;Athlétisme J Garçons D3 Outdoor;D3;Juvénile;Garçons;0;0;0;0;0;0;0;;oui;s1:4x0;f6caacb7-ad73-48f4-869c-97682a76bd1c
2026 - 2027;s1;GMAA;Athlétisme;Primaire;Athlétisme P5 Filles Riverside Park;;Primaire 5;Filles;0;;;;;;0;;oui;s1:4x0;2bc553a1-aa90-4c66-aee1-6817937f80b4
2026 - 2027;s1;GMAA;Athlétisme;Primaire;Athlétisme P5 Garçons Riverside Park;;Primaire 5;Garçons;0;;;;;;0;;oui;s1:4x0;b539eb04-4fad-4cfa-9713-4cf2d43dd3b5
2026 - 2027;s1;GMAA;Athlétisme;Primaire;Athlétisme P6 Filles Riverside Park;;Primaire 6;Filles;0;;;;;;0;;oui;s1:4x0;9025fb86-1bd0-4752-9448-d20ef5f2fb44
2026 - 2027;s1;GMAA;Athlétisme;Primaire;Athlétisme P6 Garçons Riverside Park;;Primaire 6;Garçons;0;;;;;;0;;oui;s1:4x0;8e38f3b2-9ad7-4cd0-ba0c-631bc3810432
2026 - 2027;s1;GMAA;Badminton;Secondaire;Badminton B Filles D3 A;D3;Benjamin;Filles;0;0;0;0;0;0;0;;oui;s1:4x18;c88b84e8-5c12-4701-b6ab-e7217edec120
2026 - 2027;s1;GMAA;Badminton;Secondaire;Badminton B Filles D3 B;D3;Benjamin;Filles;0;0;0;0;0;0;0;;oui;s1:4x18;9c836706-bf2a-4d7a-9683-e76221be73bd
2026 - 2027;s1;GMAA;Badminton;Secondaire;Badminton B Filles D3 C;D3;Benjamin;Filles;0;0;0;0;0;0;0;;oui;s1:4x18;d45cc50f-1784-4029-8f7b-07e217349c4f
2026 - 2027;s1;GMAA;Badminton;Secondaire;Badminton B Garçons D3 A;D3;Benjamin;Garçons;0;0;0;0;0;0;0;;oui;s1:4x18;7c40bbcd-4d53-40b2-9eda-3eb432aa33c2
2026 - 2027;s1;GMAA;Badminton;Secondaire;Badminton B Garçons D3 B;D3;Benjamin;Garçons;0;0;0;0;0;0;0;;oui;s1:4x18;32066f79-f39f-4843-a865-e0af161b12f1
2026 - 2027;s1;GMAA;Badminton;Secondaire;Badminton B Garçons D3 C;D3;Benjamin;Garçons;0;0;0;0;0;0;0;;oui;s1:4x18;d2521dbb-3b7a-4868-9485-39e63edcf0e3
2026 - 2027;s1;GMAA;Badminton;Secondaire;Badminton C Filles D3 A;D3;Cadet;Filles;0;0;0;0;0;0;0;;oui;s1:4x18;4334b518-97be-47d3-8226-f157f5578760
2026 - 2027;s1;GMAA;Badminton;Secondaire;Badminton C Filles D3 B;D3;Cadet;Filles;0;0;0;0;0;0;0;;oui;s1:4x18;62251a6a-f97f-46d0-a12e-128af8300fc5
2026 - 2027;s1;GMAA;Badminton;Secondaire;Badminton C Filles D3 C;D3;Cadet;Filles;0;0;0;0;0;0;0;;oui;s1:4x18;ea5c2f83-051c-4516-9831-6bb3109eec77
2026 - 2027;s1;GMAA;Badminton;Secondaire;Badminton C Filles D3 D;D3;Cadet;Filles;0;0;0;0;0;0;0;;oui;s1:4x18;5c941a49-1dae-427d-b346-8a3334cef2aa
2026 - 2027;s1;GMAA;Badminton;Secondaire;Badminton C Garçons D3 A;D3;Cadet;Garçons;0;0;0;0;0;0;0;;oui;s1:4x18;945d9771-5914-4146-968c-447016f16f68
2026 - 2027;s1;GMAA;Badminton;Secondaire;Badminton C Garçons D3 B;D3;Cadet;Garçons;0;0;0;0;0;0;0;;oui;s1:4x18;56f8af88-a715-43f7-89d7-98d76edb1168
2026 - 2027;s1;GMAA;Badminton;Secondaire;Badminton C Garçons D3 C;D3;Cadet;Garçons;0;0;0;0;0;0;0;;oui;s1:4x18;4eea357f-eae6-4bd5-896e-422c0a98380d
2026 - 2027;s1;GMAA;Badminton;Secondaire;Badminton J Filles D3 A;D3;Juvénile;Filles;0;0;0;0;0;0;0;;oui;s1:4x18;c84e6ecb-746e-44d8-84a5-5023ed3ef8cc
2026 - 2027;s1;GMAA;Badminton;Secondaire;Badminton J Filles D3 B;D3;Juvénile;Filles;0;0;0;0;0;0;0;;oui;s1:4x18;6e5c64bf-07b7-417d-a5b6-6f7697a6998f
2026 - 2027;s1;GMAA;Badminton;Secondaire;Badminton J Filles D3 C;D3;Juvénile;Filles;0;0;0;0;0;0;0;;oui;s1:4x18;494af511-c904-43c8-a96c-00d51d5ed1cc
2026 - 2027;s1;GMAA;Badminton;Secondaire;Badminton J Filles D3 D;D3;Juvénile;Filles;0;0;0;0;0;0;0;;oui;s1:4x18;5911e309-ce26-445d-b39a-1ec4553af6c9
2026 - 2027;s1;GMAA;Badminton;Secondaire;Badminton J Garçons D3 A;D3;Juvénile;Garçons;0;0;0;0;0;0;0;;oui;s1:4x18;390db817-d24a-43eb-ae31-84f75590840f
2026 - 2027;s1;GMAA;Badminton;Secondaire;Badminton J Garçons D3 B;D3;Juvénile;Garçons;0;0;0;0;0;0;0;;oui;s1:4x18;75c19ac5-510f-4602-915f-556a9d893eab
2026 - 2027;s1;GMAA;Badminton;Secondaire;Badminton J Garçons D3 C;D3;Juvénile;Garçons;0;0;0;0;0;0;0;;oui;s1:4x18;f4a902f4-2759-44a9-a70e-ef361aaa6759
2026 - 2027;s1;GMAA;Badminton;Secondaire;Badminton J Garçons D3 D;D3;Juvénile;Garçons;0;0;0;0;0;0;0;;oui;s1:4x18;2e0f41df-c60e-40a3-b64a-b503bffebd11
2026 - 2027;diffusion+s1;GMAA;Balle molle;Secondaire;Balle molle O Filles D3;D3;Ouvert;Filles;5;10;10;0;0;0;10;10;oui;d:4x40 s1:4x40;b57ada2e-4092-4ca3-affc-ac724907e885
2026 - 2027;s1;GMAA;Balle molle;Secondaire;Balle molle O Garçons D3;D3;Ouvert;Garçons;1;0;0;0;0;0;0;;oui;s1:4x40;72f1892e-91a1-4a2f-bfef-717236b241d7
2026 - 2027;s1;GMAA;Baseball;Secondaire;Baseball B Garçons D3;D3;Benjamin;Garçons;1;0;0;0;0;0;0;;oui;s1:4x23;cfc8cdb0-63a1-46d3-93bd-bd0aced2d2cd
2026 - 2027;s1;GMAA;Baseball;Secondaire;Baseball B Garçons D4;D4;Benjamin;Garçons;0;0;0;0;0;0;0;;oui;s1:4x23;4589e94c-2111-46bf-9e5d-543faa87c7c2
2026 - 2027;s1;GMAA;Baseball;Secondaire;Baseball J Garçons D3;D3;Juvénile;Garçons;0;0;0;0;0;0;0;;oui;s1:4x23;c37cb2f0-fc2c-45d7-8b12-7b16ba9e8b60
2026 - 2027;s1;GMAA;Baseball;Secondaire;Baseball J Garçons D4;D4;Juvénile;Garçons;1;0;0;0;0;0;0;;oui;s1:4x23;9927bab9-0479-41ea-be63-3436d2f20852
2026 - 2027;s1;GMAA;Basketball;Secondaire;Basketball B Filles D3 A;D3;Benjamin;Filles;2;0;0;0;0;0;0;;oui;s1:4x1;20d80ba0-abef-4358-ac27-c9e34a5772ab
2026 - 2027;s1;GMAA;Basketball;Secondaire;Basketball B Filles D4 Niveau 1 A;D4;Benjamin;Filles;1;0;0;0;0;0;0;;oui;s1:4x1;418505c6-ede9-4a4d-9e1d-19392d6bd5ee
2026 - 2027;s1;GMAA;Basketball;Secondaire;Basketball B Filles D4 Niveau 2;D4;Benjamin;Filles;6;0;0;0;0;0;0;;oui;s1:4x1;3ae1f355-324e-4eeb-9a1a-04769a65eba0
2026 - 2027;s1;GMAA;Basketball;Secondaire;Basketball B Garçons D3 A;D3;Benjamin;Garçons;5;0;0;0;0;0;0;;oui;s1:4x1;1f69da9f-fa83-4485-b8ff-bec54272779e
2026 - 2027;s1;GMAA;Basketball;Secondaire;Basketball B Garçons D4 Niveau 1 A;D4;Benjamin;Garçons;2;0;0;0;0;0;0;;oui;s1:4x1;6e5901e1-5719-493b-9d27-cbb55d7eb5aa
2026 - 2027;s1;GMAA;Basketball;Secondaire;Basketball B Garçons D4 Niveau 2;D4;Benjamin;Garçons;5;0;0;0;0;0;0;;oui;s1:4x1;157a2984-bef8-4bc4-b8a9-eb71597c6a57
2026 - 2027;s1;GMAA;Basketball;Secondaire;Basketball C Filles D3;D3;Cadet;Filles;1;0;0;0;0;0;0;;oui;s1:4x1;157f15b6-ff00-49db-8a1f-d1515f7b00c6
2026 - 2027;s1;GMAA;Basketball;Secondaire;Basketball C Filles D4 Niveau 1 A;D4;Cadet;Filles;3;0;0;0;0;0;0;;oui;s1:4x1;7dc3f3b7-a5a1-4b8f-828e-5d3e243f1b85
2026 - 2027;s1;GMAA;Basketball;Secondaire;Basketball C Filles D4 Niveau 2;D4;Cadet;Filles;1;0;0;0;0;0;0;;oui;s1:4x1;d6b4be39-3111-4c50-bb80-9732e3d63f65
2026 - 2027;s1;GMAA;Basketball;Secondaire;Basketball C Garçons D3 A;D3;Cadet;Garçons;7;0;0;0;0;0;0;;oui;s1:4x1;741c397c-cdf7-4abb-8c9c-01dba70c1d82
2026 - 2027;s1;GMAA;Basketball;Secondaire;Basketball C Garçons D4 Niveau 1;D4;Cadet;Garçons;2;0;0;0;0;0;0;;oui;s1:4x1;61df4e3b-22fa-49a0-93b9-f5a7e64be409
2026 - 2027;s1;GMAA;Basketball;Secondaire;Basketball C Garçons D4 Niveau 2;D4;Cadet;Garçons;0;0;0;0;0;0;0;;oui;s1:4x1;5a506d9d-de05-46b5-b79f-c0e6c8bc86bf
2026 - 2027;s1;GMAA;Basketball;Secondaire;Basketball J Filles D3;D3;Juvénile;Filles;2;0;0;0;0;0;0;;oui;s1:4x1;e841ffca-c226-4f36-9a87-02e86a9d278d
2026 - 2027;s1;GMAA;Basketball;Secondaire;Basketball J Filles D4 Niveau 1 A;D4;Juvénile;Filles;2;0;0;0;0;0;0;;oui;s1:4x1;552e5c4f-ef9b-4d9c-81d5-9776aba1987b
2026 - 2027;s1;GMAA;Basketball;Secondaire;Basketball J Filles D4 Niveau 2 A;D4;Juvénile;Filles;4;0;0;0;0;0;0;;oui;s1:4x1;52d5eea5-7c6c-4de9-a114-51b4a0bab823
2026 - 2027;s1;GMAA;Basketball;Secondaire;Basketball J Garçons D3 A;D3;Juvénile;Garçons;7;0;0;0;0;0;0;;oui;s1:4x1;4708a2a8-3d73-418d-b152-8219f7257e5a
2026 - 2027;s1;GMAA;Basketball;Secondaire;Basketball J Garçons D4 Niveau 1;D4;Juvénile;Garçons;6;0;0;0;0;0;0;;oui;s1:4x1;a241390d-e75e-4802-90fe-f41822e7ef1c
2026 - 2027;s1;GMAA;Basketball;Secondaire;Basketball J Garçons D4 Niveau 2;D4;Juvénile;Garçons;3;0;0;0;0;0;0;;oui;s1:4x1;c559fb21-b85e-4283-80a9-67ee65607390
2026 - 2027;s1;GMAA;Basketball;Primaire;Basketball P5 Filles LBPHS;;Primaire 5;Filles;0;;;;;;0;;oui;s1:4x1;ab711190-d717-4470-82a2-ea19fb7753e1
2026 - 2027;s1;GMAA;Basketball;Primaire;Basketball P5 Filles PCHS;;Primaire 5;Filles;0;;;;;;0;;oui;s1:4x1;c319d25e-204e-4d1e-8303-c392c8072c29
2026 - 2027;s1;GMAA;Basketball;Primaire;Basketball P5 Garçons LBPHS;;Primaire 5;Garçons;0;;;;;;0;;oui;s1:4x1;573b15ea-92f5-44e3-8416-a955ac154ffb
2026 - 2027;s1;GMAA;Basketball;Primaire;Basketball P5 Garçons PCHS;;Primaire 5;Garçons;0;;;;;;0;;oui;s1:4x1;48b2e783-2c39-4abf-8e6b-470003663046
2026 - 2027;s1;GMAA;Basketball;Primaire;Basketball P5 Mixte JAMBOREE MCGILL;;Primaire 5;Mixte;1;;;;;;0;;oui;s1:4x1;05a91322-dcac-440b-a2b0-55df3535f84b
2026 - 2027;s1;GMAA;Basketball;Primaire;Basketball P6 Filles LBPHS;;Primaire 6;Filles;0;;;;;;0;;oui;s1:4x1;f9d77025-6eae-4c0e-a5fd-e85679b0e03d
2026 - 2027;s1;GMAA;Basketball;Primaire;Basketball P6 Filles PCHS;;Primaire 6;Filles;0;;;;;;0;;oui;s1:4x1;8cd2812d-47ec-4a0a-a544-413b548b8b0c
2026 - 2027;s1;GMAA;Basketball;Primaire;Basketball P6 Garçons LBPHS;;Primaire 6;Garçons;0;;;;;;0;;oui;s1:4x1;7ccddf6a-7813-4063-bf45-cfbc17f1adee
2026 - 2027;s1;GMAA;Basketball;Primaire;Basketball P6 Garçons PCHS;;Primaire 6;Garçons;2;;;;;;0;;oui;s1:4x1;79a8f954-50c7-4b28-bfc2-2d79edaa5e2a
2026 - 2027;s1;GMAA;Basketball;Primaire;Basketball P6 Mixte JAMBOREE MCGILL;;Primaire 6;Mixte;2;;;;;;0;;oui;s1:4x1;7b55feec-6cc2-4ec0-aad6-74014fe9ddcb
2026 - 2027;s1;GMAA;Courses HALO;Secondaire;Courses HALO B Filles D3;D3;Benjamin;Filles;0;0;0;0;0;0;0;;oui;s1:4x52;278f9c8b-cc64-4bbf-9b43-b21f4d795be8
2026 - 2027;s1;GMAA;Courses HALO;Secondaire;Courses HALO B Garçons D3;D3;Benjamin;Garçons;0;0;0;0;0;0;0;;oui;s1:4x52;bc91b9ca-81b7-469d-8be0-167cc595fecb
2026 - 2027;s1;GMAA;Courses HALO;Secondaire;Courses HALO C Filles D3;D3;Cadet;Filles;0;0;0;0;0;0;0;;oui;s1:4x52;457f5a35-f050-45c8-9735-433b2ca862ad
2026 - 2027;s1;GMAA;Courses HALO;Secondaire;Courses HALO C Garçons D3;D3;Cadet;Garçons;0;0;0;0;0;0;0;;oui;s1:4x52;a6b3a78f-1de8-442f-8579-af4fba658704
2026 - 2027;s1;GMAA;Courses HALO;Secondaire;Courses HALO J Filles D3;D3;Juvénile;Filles;0;0;0;0;0;0;0;;oui;s1:4x52;5a4bbf2f-64c9-4940-b362-086012cdce30
2026 - 2027;s1;GMAA;Courses HALO;Secondaire;Courses HALO J Garçons D3;D3;Juvénile;Garçons;0;0;0;0;0;0;0;;oui;s1:4x52;82603e18-68dc-4d9a-bd75-e0b0f0d960e3
2026 - 2027;s1;GMAA;Courses HALO;Secondaire;Courses HALO O Mixte D3;D3;Ouvert;Mixte;0;0;0;0;0;0;0;;oui;s1:4x52;c9b80352-db34-4e4d-bbbb-5c465b92c88b
2026 - 2027;s1;GMAA;Courses HALO;Secondaire;Courses HALO O Mixte D3 INCLUSIVE RACE;D3;Ouvert;Mixte;0;0;0;0;0;0;0;;oui;s1:4x52;f3324290-43b3-48b8-9a11-d4110531f4de
2026 - 2027;s1;GMAA;Courses HALO;Primaire;Courses HALO P Filles 1 km Grade 3&4- MAY 12;;Primaire;Filles;0;;;;;;0;;oui;s1:4x52;45ad1529-f1f9-4e6e-8cc6-1e75c88d9006
2026 - 2027;s1;GMAA;Courses HALO;Primaire;Courses HALO P Filles 1 km Grade 3&4- MAY 13;;Primaire;Filles;0;;;;;;0;;oui;s1:4x52;d2e81cf7-aae2-42f6-9f65-0ecf72b1aa89
2026 - 2027;s1;GMAA;Courses HALO;Primaire;Courses HALO P Filles 2 km Grade 5&6- MAY 12;;Primaire;Filles;0;;;;;;0;;oui;s1:4x52;4d8ba5ea-4bf3-41fe-aeac-77092746ad0a
2026 - 2027;s1;GMAA;Courses HALO;Primaire;Courses HALO P Filles 2 km Grade 5&6- MAY 13;;Primaire;Filles;0;;;;;;0;;oui;s1:4x52;953ecc0a-a41e-4769-bf16-1bdcb00742a8
2026 - 2027;s1;GMAA;Courses HALO;Primaire;Courses HALO P Garçons 1 km Grade 3&4- MAY 12;;Primaire;Garçons;0;;;;;;0;;oui;s1:4x52;709e4da0-0be0-4095-bad3-0b4e2ba7f93f
2026 - 2027;s1;GMAA;Courses HALO;Primaire;Courses HALO P Garçons 1 km Grade 3&4- MAY 13;;Primaire;Garçons;0;;;;;;0;;oui;s1:4x52;06ebc527-7000-4faa-a361-ee05c01b2626
2026 - 2027;s1;GMAA;Courses HALO;Primaire;Courses HALO P Garçons 2 km Grade 5&6- MAY 12;;Primaire;Garçons;0;;;;;;0;;oui;s1:4x52;41cc853f-67a1-44c7-bca1-7e69b15a8ec7
2026 - 2027;s1;GMAA;Courses HALO;Primaire;Courses HALO P Garçons 2 km Grade 5&6- MAY 13;;Primaire;Garçons;0;;;;;;0;;oui;s1:4x52;c2ebf5e2-5e96-419b-a4e7-6dea9f2384b8
2026 - 2027;s1;GMAA;Courses HALO;Primaire;Courses HALO P Mixte 1 km Inclusive Race- MAY 12;;Primaire;Mixte;0;;;;;;0;;oui;s1:4x52;c9a4470d-1eec-427e-bbaa-9aa118ca82ae
2026 - 2027;s1;GMAA;Courses HALO;Primaire;Courses HALO P Mixte 1 km Inclusive Race- MAY 13;;Primaire;Mixte;0;;;;;;0;;oui;s1:4x52;0f52da1e-46d7-40c7-9bfa-5258ad606355
2026 - 2027;s1;GMAA;Cross-country;Secondaire;Cross-country B Filles D3;D3;Benjamin;Filles;28;0;0;0;0;0;0;;oui;s1:4x3;e43bbd5a-2c84-4921-aa50-4330c5a84b3d
2026 - 2027;s1;GMAA;Cross-country;Secondaire;Cross-country B Garçons D3;D3;Benjamin;Garçons;26;0;0;0;0;0;0;;oui;s1:4x3;594b0048-ab3e-44fe-ac17-42c7c3df311c
2026 - 2027;s1;GMAA;Cross-country;Secondaire;Cross-country C Filles D3;D3;Cadet;Filles;25;0;0;0;0;0;0;;oui;s1:4x3;327ce532-3b92-4564-afa6-266bf7a33782
2026 - 2027;s1;GMAA;Cross-country;Secondaire;Cross-country C Garçons D3;D3;Cadet;Garçons;23;0;0;0;0;0;0;;oui;s1:4x3;2ed08bd4-0598-46ce-a676-c5f7f90d977e
2026 - 2027;s1;GMAA;Cross-country;Secondaire;Cross-country J Filles D3;D3;Juvénile;Filles;18;0;0;0;0;0;0;;oui;s1:4x3;529f0564-b4cf-4929-836e-15fcf87d17f2
2026 - 2027;s1;GMAA;Cross-country;Secondaire;Cross-country J Garçons D3;D3;Juvénile;Garçons;21;0;0;0;0;0;0;;oui;s1:4x3;6671ca49-01d5-4134-b90d-95f1aa89d406
2026 - 2027;s1;GMAA;Cross-country;Secondaire;Cross-country O Mixte D3 Inclusive 1km High School;D3;Ouvert;Mixte;4;0;0;0;0;0;0;;oui;s1:4x3;2cea861b-fc54-4d09-85d1-15de16f2c3cd
2026 - 2027;s1;GMAA;Cross-country;Primaire;Cross-country O Mixte Inclusive 1km- Elementry;;Ouvert;Mixte;0;;;;;;0;;oui;s1:4x3;2cf37ceb-1c63-457f-8483-28007fca292a
2026 - 2027;s1;GMAA;Cross-country;Primaire;Cross-country P Filles Grade 4&5;;Primaire;Filles;11;;;;;;0;;oui;s1:4x3;f69c0f9d-56b2-46d9-bee6-9a4c2a08d4c4
2026 - 2027;s1;GMAA;Cross-country;Primaire;Cross-country P Garçons Grade 4&5;;Primaire;Garçons;11;;;;;;0;;oui;s1:4x3;6deb506b-65a9-418b-9f77-900bcf7e37a0
2026 - 2027;s1;GMAA;Cross-country;Primaire;Cross-country P6 Filles Competitive Team;;Primaire 6;Filles;13;;;;;;0;;oui;s1:4x3;96705072-c69b-4a84-a13a-d2ab0aee6fea
2026 - 2027;s1;GMAA;Cross-country;Primaire;Cross-country P6 Garçons Competitive Team;;Primaire 6;Garçons;13;;;;;;0;;oui;s1:4x3;bf2d4579-74f8-40d7-bbb5-7b0d7d807018
2026 - 2027;s1;GMAA;Crosse au champ;Secondaire;Crosse au champ B Garçons D3 SIXES TOURNAMENT;D3;Benjamin;Garçons;0;0;0;0;0;0;0;;oui;s1:4x28;46637563-34cd-4d26-9681-17fafb295f7b
2026 - 2027;s1;GMAA;Crosse au champ;Secondaire;Crosse au champ C Garçons D3 SIXES TOURNAMENT;D3;Cadet;Garçons;0;0;0;0;0;0;0;;oui;s1:4x28;d009fd10-3cfc-4c04-9484-007e2a45dcb7
2026 - 2027;s1;GMAA;Crosse au champ;Secondaire;Crosse au champ J Garçons D3 SIXES TOURNAMENT;D3;Juvénile;Garçons;0;0;0;0;0;0;0;;oui;s1:4x28;242309b0-53b4-4294-890a-70c76ff55f83
2026 - 2027;s1;GMAA;Crosse au champ;Secondaire;Crosse au champ O Garçons D3;D3;Ouvert;Garçons;0;0;0;0;0;0;0;;oui;s1:4x28;281fd908-af37-45f5-93ff-33b08085012f
2026 - 2027;s1;GMAA;Curling;Secondaire;Curling O Mixte D3;D3;Ouvert;Mixte;1;0;0;0;0;0;0;;oui;s1:4x39;c6148f1f-246e-495e-b988-48ea3cbf481b
2026 - 2027;s1;GMAA;Échecs;Secondaire;Échecs O Mixte D3 VIRTUAL;D3;Ouvert;Mixte;1;0;0;0;0;0;0;;oui;s1:4x26;f1d271f5-25ff-4fc0-baa5-d85017684368
2026 - 2027;s1;GMAA;Escrime;Secondaire;Escrime B Filles D3;D3;Benjamin;Filles;0;0;0;0;0;0;0;;oui;s1:4x45;13c4ad49-b2c0-46f0-a402-d2f82807b512
2026 - 2027;s1;GMAA;Escrime;Secondaire;Escrime B Garçons D3;D3;Benjamin;Garçons;0;0;0;0;0;0;0;;oui;s1:4x45;0df304d8-7d2c-4989-8f5a-63e78c35d514
2026 - 2027;s1;GMAA;Escrime;Secondaire;Escrime C Filles D3;D3;Cadet;Filles;0;0;0;0;0;0;0;;oui;s1:4x45;37f3dd19-981f-4a8e-933a-60224c68b35b
2026 - 2027;s1;GMAA;Escrime;Secondaire;Escrime C Garçons D3;D3;Cadet;Garçons;0;0;0;0;0;0;0;;oui;s1:4x45;4f2f8542-3d50-4280-85bc-425c2fccd95d
2026 - 2027;s1;GMAA;Escrime;Secondaire;Escrime J Filles D3;D3;Juvénile;Filles;0;0;0;0;0;0;0;;oui;s1:4x45;bc19d900-3ef7-4147-970c-1c9a65c3cbce
2026 - 2027;s1;GMAA;Escrime;Secondaire;Escrime J Garçons D3;D3;Juvénile;Garçons;0;0;0;0;0;0;0;;oui;s1:4x45;c0db8752-c082-4814-87a5-857b5e1a8333
2026 - 2027;s1;GMAA;Flag football;Secondaire;Flag football B Filles D3 Spring;D3;Benjamin;Filles;0;0;0;0;0;0;0;;oui;s1:4x4;903655de-d468-4e13-bb2b-f12731f3fd27
2026 - 2027;s1;GMAA;Flag football;Secondaire;Flag football B Filles D4 Niveau 1 Spring;D4;Benjamin;Filles;0;0;0;0;0;0;0;;oui;s1:4x4;c430f99b-69a7-4986-b8fe-46e7863ac7ae
2026 - 2027;s1;GMAA;Flag football;Secondaire;Flag football B Filles D4 Niveau 2 Spring;D4;Benjamin;Filles;1;0;0;0;0;0;0;;oui;s1:4x4;62d81b14-c28f-448e-81e9-0c6908aa8929
2026 - 2027;diffusion+s1;GMAA;Flag football;Secondaire;Flag football B Garçons D3 A Fall;D3;Benjamin;Garçons;4;12;12;0;0;0;12;10;oui;d:4x4 s1:4x4;dd05a182-f0eb-490e-8b07-aaf81833fa1b
2026 - 2027;diffusion+s1;GMAA;Flag football;Secondaire;Flag football B Garçons D4 A Fall;D4;Benjamin;Garçons;6;15;15;0;0;0;15;15;oui;d:4x4 s1:4x4;7851d8de-9773-45a7-9018-78c025677d93
2026 - 2027;diffusion+s1;GMAA;Flag football;Secondaire;Flag football B Garçons D4 B Fall;D4;Benjamin;Garçons;6;15;15;0;0;0;15;15;oui;d:4x4 s1:4x4;6fa0ad82-ab7e-4968-b032-2566803272c6
2026 - 2027;s1;GMAA;Flag football;Secondaire;Flag football C Filles D3 Spring;D3;Cadet;Filles;0;0;0;0;0;0;0;;oui;s1:4x4;e022abdf-b8af-452e-8139-4f2003e1b22d
2026 - 2027;s1;GMAA;Flag football;Secondaire;Flag football C Filles D4 Niveau 1 Spring;D4;Cadet;Filles;0;0;0;0;0;0;0;;oui;s1:4x4;72f66eef-8de7-42f7-b8e7-19ee23d42f06
2026 - 2027;s1;GMAA;Flag football;Secondaire;Flag football C Filles D4 Niveau 2 Spring;D4;Cadet;Filles;1;0;0;0;0;0;0;;oui;s1:4x4;644f689d-f9ba-415a-bf2a-30c2c3d441fc
2026 - 2027;diffusion+s1;GMAA;Flag football;Secondaire;Flag football C Garçons D3 A Fall;D3;Cadet;Garçons;4;12;12;0;0;0;12;12;oui;d:4x4 s1:4x4;105471f9-e3db-4c93-9697-5f582c58e6a5
2026 - 2027;diffusion+s1;GMAA;Flag football;Secondaire;Flag football C Garçons D3 B Fall;D3;Cadet;Garçons;4;12;12;0;0;0;12;12;oui;d:4x4 s1:4x4;1abd0295-398b-496b-852b-2ead44e8cc65
2026 - 2027;s1;GMAA;Flag football;Secondaire;Flag football J Filles D3 Spring;D3;Juvénile;Filles;0;0;0;0;0;0;0;;oui;s1:4x4;2c130ddd-7963-4c26-90fa-7602857a339f
2026 - 2027;s1;GMAA;Flag football;Secondaire;Flag football J Filles D4 Niveau 1 Spring;D4;Juvénile;Filles;0;0;0;0;0;0;0;;oui;s1:4x4;2c4d03a5-dea5-465c-9e54-0bc84a3ebff8
2026 - 2027;s1;GMAA;Flag football;Secondaire;Flag football J Filles D4 Niveau 2 Spring;D4;Juvénile;Filles;1;0;0;0;0;0;0;;oui;s1:4x4;0b6660b5-e4a1-4237-a1e3-be08d5034d8a
2026 - 2027;diffusion+s1;GMAA;Flag football;Secondaire;Flag football J Garçons D3 A Fall;D3;Juvénile;Garçons;5;10;10;0;0;0;10;10;oui;d:4x4 s1:4x4;6e05bd02-a481-43ad-a2da-eccb233fc1a2
2026 - 2027;diffusion+s1;GMAA;Flag football;Secondaire;Flag football J Garçons D4 A Fall;D4;Juvénile;Garçons;5;10;10;0;0;0;10;10;oui;d:4x4 s1:4x4;ff70803d-e7c6-4674-8c1f-d9224734c2fe
2026 - 2027;diffusion+s1;GMAA;Flag football;Secondaire;Flag football J Garçons D4 B Fall;D4;Juvénile;Garçons;6;15;15;0;0;0;15;15;oui;d:4x4 s1:4x4;9b5289a8-8996-485f-8ada-14e1b35ef2c0
2026 - 2027;s1;GMAA;Flag football;Primaire;Flag football P5 Filles RVALE;;Primaire 5;Filles;0;;;;;;0;;oui;s1:4x4;fa107fe5-a4bc-4a6c-89f5-cc93a41e7e36
2026 - 2027;s1;GMAA;Flag football;Primaire;Flag football P5 Filles Terra Cotta;;Primaire 5;Filles;0;;;;;;0;;oui;s1:4x4;9f63320a-06b2-4656-b210-01a035e2de61
2026 - 2027;s1;GMAA;Flag football;Primaire;Flag football P5 Garçons RVALE;;Primaire 5;Garçons;0;;;;;;0;;oui;s1:4x4;fc70a51e-567b-4a21-a8cd-a066e745dd14
2026 - 2027;s1;GMAA;Flag football;Primaire;Flag football P5 Garçons Terra Cotta;;Primaire 5;Garçons;0;;;;;;0;;oui;s1:4x4;2775bacb-1298-46c3-ad50-16052325b6dd
2026 - 2027;s1;GMAA;Flag football;Primaire;Flag football P5 Mixte RVALE;;Primaire 5;Mixte;0;;;;;;0;;oui;s1:4x4;c1e9f8c1-3188-44ea-a85c-65c785ec19e5
2026 - 2027;s1;GMAA;Flag football;Primaire;Flag football P5 Mixte Terra Cotta;;Primaire 5;Mixte;0;;;;;;0;;oui;s1:4x4;a6410e0e-4e69-4020-8d8f-94868eaa913d
2026 - 2027;s1;GMAA;Flag football;Primaire;Flag football P6 Filles RVALE;;Primaire 6;Filles;0;;;;;;0;;oui;s1:4x4;099b181a-d61a-4e88-a963-0c70ab23e69a
2026 - 2027;s1;GMAA;Flag football;Primaire;Flag football P6 Filles Terra Cotta;;Primaire 6;Filles;0;;;;;;0;;oui;s1:4x4;f04be313-76cc-490e-8fa3-42c3a8630dd6
2026 - 2027;s1;GMAA;Flag football;Primaire;Flag football P6 Garçons RVALE;;Primaire 6;Garçons;0;;;;;;0;;oui;s1:4x4;e68850b5-a38b-4f68-82c3-e7af59877804
2026 - 2027;s1;GMAA;Flag football;Primaire;Flag football P6 Garçons Terra Cotta;;Primaire 6;Garçons;0;;;;;;0;;oui;s1:4x4;386ea87e-d747-427c-869c-37d735e01e0e
2026 - 2027;s1;GMAA;Flag football;Primaire;Flag football P6 Mixte RVALE;;Primaire 6;Mixte;0;;;;;;0;;oui;s1:4x4;361fb14e-6c3a-45c7-a874-843654f8c3d8
2026 - 2027;s1;GMAA;Flag football;Primaire;Flag football P6 Mixte Terra Cotta;;Primaire 6;Mixte;0;;;;;;0;;oui;s1:4x4;05bcdc84-925e-426f-b0a3-d594d6195d46
2026 - 2027;s1;GMAA;Futsal;Secondaire;Futsal B Filles D3;D3;Benjamin;Filles;0;0;0;0;0;0;0;;oui;s1:4x30;32233b5e-7eef-4df2-b963-bce9948d3768
2026 - 2027;s1;GMAA;Futsal;Secondaire;Futsal B Filles D4 Niveau 1;D4;Benjamin;Filles;0;0;0;0;0;0;0;;oui;s1:4x30;d3ee37fc-72dd-4baf-921b-2cc9a09c80e0
2026 - 2027;s1;GMAA;Futsal;Secondaire;Futsal B Filles D4 Niveau 2;D4;Benjamin;Filles;0;0;0;0;0;0;0;;oui;s1:4x30;52b3f149-0b58-45f2-890f-d92acc8b7eb8
2026 - 2027;s1;GMAA;Futsal;Secondaire;Futsal B Garçons D3;D3;Benjamin;Garçons;0;0;0;0;0;0;0;;oui;s1:4x30;956eede8-9f25-45b7-994c-8ade834dfd98
2026 - 2027;s1;GMAA;Futsal;Secondaire;Futsal B Garçons D4 Niveau 1;D4;Benjamin;Garçons;1;0;0;0;0;0;0;;oui;s1:4x30;ab164e53-4cac-4a1e-a360-715f6401f643
2026 - 2027;s1;GMAA;Futsal;Secondaire;Futsal B Garçons D4 Niveau 2;D4;Benjamin;Garçons;0;0;0;0;0;0;0;;oui;s1:4x30;4a938baa-1089-4aff-bc54-84254b2825b9
2026 - 2027;s1;GMAA;Futsal;Secondaire;Futsal C Filles D3;D3;Cadet;Filles;0;0;0;0;0;0;0;;oui;s1:4x30;e36f22b9-1096-4aa7-ad03-467c645ffb02
2026 - 2027;s1;GMAA;Futsal;Secondaire;Futsal C Filles D4 Niveau 1;D4;Cadet;Filles;0;0;0;0;0;0;0;;oui;s1:4x30;8c694088-872c-4745-8937-976658878ee7
2026 - 2027;s1;GMAA;Futsal;Secondaire;Futsal C Garçons D3;D3;Cadet;Garçons;1;0;0;0;0;0;0;;oui;s1:4x30;3e793d46-b704-4af5-8ec4-fccf35d6bb65
2026 - 2027;s1;GMAA;Futsal;Secondaire;Futsal C Garçons D4 Niveau 1;D4;Cadet;Garçons;0;0;0;0;0;0;0;;oui;s1:4x30;37d46387-563f-4280-94be-49086f617728
2026 - 2027;s1;GMAA;Futsal;Secondaire;Futsal C Garçons D4 Niveau 2;D4;Cadet;Garçons;0;0;0;0;0;0;0;;oui;s1:4x30;8f2dcd9a-2cf2-453b-9c61-3d0458b8af38
2026 - 2027;s1;GMAA;Futsal;Secondaire;Futsal J Filles D3;D3;Juvénile;Filles;0;0;0;0;0;0;0;;oui;s1:4x30;94de7dc3-e749-4f70-978c-3213f9151b00
2026 - 2027;s1;GMAA;Futsal;Secondaire;Futsal J Filles D4 Niveau 1;D4;Juvénile;Filles;0;0;0;0;0;0;0;;oui;s1:4x30;d03615b6-95b9-4988-98b3-7e13bec12d93
2026 - 2027;s1;GMAA;Futsal;Secondaire;Futsal J Filles D4 Niveau 2;D4;Juvénile;Filles;0;0;0;0;0;0;0;;oui;s1:4x30;c7f93d69-1bb3-4480-a505-fc11eee5e99c
2026 - 2027;s1;GMAA;Futsal;Secondaire;Futsal J Garçons D3;D3;Juvénile;Garçons;1;0;0;0;0;0;0;;oui;s1:4x30;df6c4084-3b44-4889-94cb-f7411bf1b124
2026 - 2027;s1;GMAA;Futsal;Secondaire;Futsal J Garçons D4 Niveau 1;D4;Juvénile;Garçons;0;0;0;0;0;0;0;;oui;s1:4x30;859663e6-86b0-4745-a50e-fd4f96abab22
2026 - 2027;s1;GMAA;Futsal;Secondaire;Futsal J Garçons D4 Niveau 2;D4;Juvénile;Garçons;0;0;0;0;0;0;0;;oui;s1:4x30;e5f4b147-61c7-4a48-bea6-911f720eefb0
2026 - 2027;s1;GMAA;Futsal;Primaire;Futsal P5 Filles LBPHS;;Primaire 5;Filles;0;;;;;;0;;oui;s1:4x30;90f9c659-9790-4f27-a864-c58767da75ee
2026 - 2027;s1;GMAA;Futsal;Primaire;Futsal P5 Filles PCHS;;Primaire 5;Filles;0;;;;;;0;;oui;s1:4x30;8d16538c-03f2-4bd5-b686-1d2fa41aebd4
2026 - 2027;s1;GMAA;Futsal;Primaire;Futsal P5 Garçons LBPHS;;Primaire 5;Garçons;0;;;;;;0;;oui;s1:4x30;794eec5e-d2d7-4104-a163-90daac8aebac
2026 - 2027;s1;GMAA;Futsal;Primaire;Futsal P5 Garçons PCHS;;Primaire 5;Garçons;0;;;;;;0;;oui;s1:4x30;6b980722-ffd2-426e-9603-311c7ddc242e
2026 - 2027;s1;GMAA;Futsal;Primaire;Futsal P6 Filles LBPHS;;Primaire 6;Filles;0;;;;;;0;;oui;s1:4x30;60b5cf0d-1869-4c17-b910-16f335f769b9
2026 - 2027;s1;GMAA;Futsal;Primaire;Futsal P6 Filles PCHS;;Primaire 6;Filles;1;;;;;;0;;oui;s1:4x30;e1c19739-843e-4f44-83f7-9fcd70f9fe33
2026 - 2027;s1;GMAA;Futsal;Primaire;Futsal P6 Garçons LBPHS;;Primaire 6;Garçons;0;;;;;;0;;oui;s1:4x30;6f493bf0-9d0b-478e-9e01-2665194b2abb
2026 - 2027;s1;GMAA;Futsal;Primaire;Futsal P6 Garçons PCHS;;Primaire 6;Garçons;1;;;;;;0;;oui;s1:4x30;a0ad7a66-9d7e-43a8-89fd-061dc5baac2f
2026 - 2027;s1;GMAA;Golf;Secondaire;Golf O Filles D3;D3;Ouvert;Filles;3;0;0;0;0;0;0;;oui;s1:4x6;9e7efb49-8994-4290-adb8-165bf9885a18
2026 - 2027;s1;GMAA;Golf;Secondaire;Golf O Garçons D3;D3;Ouvert;Garçons;13;0;0;0;0;0;0;;oui;s1:4x6;e475d1a4-a041-40d1-aed3-b1b35fd53b0c
2026 - 2027;s1;GMAA;Golf;Secondaire;Golf O Mixte D4 BEST BALL;D4;Ouvert;Mixte;39;0;0;0;0;0;0;;oui;s1:4x6;49206949-4be9-476c-9d66-83e3e7fde978
2026 - 2027;s1;GMAA;Hockey;Secondaire;Hockey M14 Garçons D4 A;D4;M14;Garçons;4;0;0;0;0;0;0;;oui;s1:4x9;e585d8ae-1615-4fdb-b509-37d040ee9954
2026 - 2027;s1;GMAA;Hockey;Secondaire;Hockey M14 Garçons D4 B;D4;M14;Garçons;4;0;0;0;0;0;0;;oui;s1:4x9;cbe582af-cec8-46fd-86ca-76f6d2a37755
2026 - 2027;s1;GMAA;Hockey;Secondaire;Hockey M15 Filles D4;D4;M15;Filles;11;45;45;0;0;0;0;;oui;s1:4x9;acd4492b-8d75-4753-bf7a-1ddf3df0df32
2026 - 2027;s1;GMAA;Hockey;Secondaire;Hockey M15 Garçons D4;D4;M15;Garçons;3;0;0;0;0;0;0;;oui;s1:4x9;359d4e8e-4d2b-4e5a-b3c1-6bc32b61962f
2026 - 2027;s1;GMAA;Hockey;Secondaire;Hockey M18 Filles D4;D4;M18;Filles;1;0;0;0;0;0;0;;oui;s1:4x9;db7de167-e62d-4e45-9386-5b36c53b8bd4
2026 - 2027;s1;GMAA;Hockey;Secondaire;Hockey M18 Garçons D4;D4;M18;Garçons;7;0;0;0;0;0;0;;oui;s1:4x9;2038c187-f5d5-4520-9a02-61744f595b6e
2026 - 2027;s1;GMAA;Lutte;Secondaire;Lutte O Filles D3 A;D3;Ouvert;Filles;3;0;0;0;0;0;0;;oui;s1:4x41;77b41896-ea4b-44e0-80e6-b713a7b3ff00
2026 - 2027;s1;GMAA;Lutte;Secondaire;Lutte O Garçons D3;D3;Ouvert;Garçons;4;0;0;0;0;0;0;;oui;s1:4x41;bf62769e-9ccf-4a15-b036-58b421b50486
2026 - 2027;s1;GMAA;Natation;Secondaire;Natation B Filles D3;D3;Benjamin;Filles;1;0;0;0;0;0;0;;oui;s1:4x10;c4b21bb4-e8ea-4066-877e-3310d7ad532f
2026 - 2027;s1;GMAA;Natation;Secondaire;Natation B Garçons D3;D3;Benjamin;Garçons;1;0;0;0;0;0;0;;oui;s1:4x10;e95b2941-71a9-4570-8de8-ba2a36b4b94c
2026 - 2027;s1;GMAA;Natation;Secondaire;Natation C Filles D3;D3;Cadet;Filles;1;0;0;0;0;0;0;;oui;s1:4x10;514f2389-1370-41a0-961d-d84aef71781b
2026 - 2027;s1;GMAA;Natation;Secondaire;Natation C Garçons D3;D3;Cadet;Garçons;1;0;0;0;0;0;0;;oui;s1:4x10;0f6c3251-d2f1-4534-9427-212b7e5b8806
2026 - 2027;s1;GMAA;Natation;Secondaire;Natation J Filles D3;D3;Juvénile;Filles;0;0;0;0;0;0;0;;oui;s1:4x10;a6fe18e5-26d2-4676-b8f0-7adfd6d96656
2026 - 2027;s1;GMAA;Natation;Secondaire;Natation J Garçons D3;D3;Juvénile;Garçons;1;0;0;0;0;0;0;;oui;s1:4x10;f3201e0d-8d37-48ea-b044-da61ba28b295
2026 - 2027;s1;GMAA;Pickleball;Secondaire;Pickleball B Filles D3;D3;Benjamin;Filles;7;0;0;0;0;0;0;;oui;s1:4x55;af9e8bb3-85fc-457d-8127-14cd547e6a25
2026 - 2027;s1;GMAA;Pickleball;Secondaire;Pickleball B Garçons D3;D3;Benjamin;Garçons;11;0;0;0;0;0;0;;oui;s1:4x55;b8b5e250-71a8-4c10-a3bf-82d417215c2d
2026 - 2027;s1;GMAA;Pickleball;Secondaire;Pickleball C Filles D3;D3;Cadet;Filles;9;0;0;0;0;0;0;;oui;s1:4x55;1710e5c2-1987-4de3-90a2-cb432aabe73c
2026 - 2027;s1;GMAA;Pickleball;Secondaire;Pickleball C Garçons D3;D3;Cadet;Garçons;8;0;0;0;0;0;0;;oui;s1:4x55;717108b5-0036-4161-929f-7b78cfd65ba6
2026 - 2027;s1;GMAA;Pickleball;Secondaire;Pickleball J Filles D3;D3;Juvénile;Filles;10;0;0;0;0;0;0;;oui;s1:4x55;c18f1dc9-ef63-4571-b8c1-7eec0256babd
2026 - 2027;s1;GMAA;Pickleball;Secondaire;Pickleball J Garçons D3;D3;Juvénile;Garçons;11;0;0;0;0;0;0;;oui;s1:4x55;9cfdc4a8-4b14-4be7-819b-b26ec617c84e
2026 - 2027;s1;GMAA;Rugby 7s;Secondaire;Rugby 7s B Filles D3 TOURNAMENT;D3;Benjamin;Filles;0;0;0;0;0;0;0;;oui;s1:4x42;79f64999-dba0-4357-8359-b22a1b8927b3
2026 - 2027;s1;GMAA;Rugby 7s;Secondaire;Rugby 7s B Garçons D3 TOURNAMENT;D3;Benjamin;Garçons;1;0;0;0;0;0;0;;oui;s1:4x42;0cf31dc6-c73b-460b-bf54-7bd67001bdba
2026 - 2027;s1;GMAA;Rugby 7s;Secondaire;Rugby 7s C Filles D3 TOURNAMENT;D3;Cadet;Filles;0;0;0;0;0;0;0;;oui;s1:4x42;bd5f8525-4183-4da2-8a7f-a1f080606d24
2026 - 2027;s1;GMAA;Rugby 7s;Secondaire;Rugby 7s C Garçons D3 TOURNAMENT;D3;Cadet;Garçons;0;0;0;0;0;0;0;;oui;s1:4x42;017a7700-90f6-4112-9a60-6cf0c0f9a836
2026 - 2027;s1;GMAA;Rugby 7s;Secondaire;Rugby 7s J Filles D3 TOURNAMENT;D3;Juvénile;Filles;0;0;0;0;0;0;0;;oui;s1:4x42;eb93ec16-cde7-4776-827d-bf3d8edc2ab3
2026 - 2027;s1;GMAA;Rugby 7s;Secondaire;Rugby 7s J Garçons D3 TOURNAMENT;D3;Juvénile;Garçons;0;0;0;0;0;0;0;;oui;s1:4x42;08780e70-86b2-4cb1-8d8f-a5f428589b6f
2026 - 2027;s1;GMAA;Rugby;Secondaire;Rugby B Filles 10s;;Benjamin;Filles;0;0;0;0;0;0;0;;oui;s1:4x11;f6542534-af22-4e67-a02c-d14351d0f92a
2026 - 2027;s1;GMAA;Rugby;Secondaire;Rugby B Filles 15s;;Benjamin;Filles;0;0;0;0;0;0;0;;oui;s1:4x11;dc80b040-3199-424c-9969-4eb9a79aa223
2026 - 2027;s1;GMAA;Rugby;Secondaire;Rugby B Garçons 10s;;Benjamin;Garçons;0;0;0;0;0;0;0;;oui;s1:4x11;e6609806-1b3b-4cfa-930a-075215d27d39
2026 - 2027;s1;GMAA;Rugby;Secondaire;Rugby B Garçons 15s;;Benjamin;Garçons;0;0;0;0;0;0;0;;oui;s1:4x11;2cc8f5b9-51a7-4049-ac68-8a297022b023
2026 - 2027;s1;GMAA;Rugby;Secondaire;Rugby C Filles 10s;;Cadet;Filles;0;0;0;0;0;0;0;;oui;s1:4x11;fbdf2ce5-b7a4-455a-ae53-e799a6b1f0a6
2026 - 2027;s1;GMAA;Rugby;Secondaire;Rugby C Filles 15s;;Cadet;Filles;0;0;0;0;0;0;0;;oui;s1:4x11;562e72ef-8a28-4fae-bf7c-faa4a1482ee8
2026 - 2027;s1;GMAA;Rugby;Secondaire;Rugby C Garçons 10s;;Cadet;Garçons;0;0;0;0;0;0;0;;oui;s1:4x11;e22bb1f5-8dae-41eb-b26e-b9a91a2a4385
2026 - 2027;s1;GMAA;Rugby;Secondaire;Rugby C Garçons 15s;;Cadet;Garçons;0;0;0;0;0;0;0;;oui;s1:4x11;6da9aa98-9a67-40c7-9efc-29a8796fa0ec
2026 - 2027;s1;GMAA;Rugby;Secondaire;Rugby J Filles 10s;;Juvénile;Filles;0;0;0;0;0;0;0;;oui;s1:4x11;eaea470a-1e11-42ff-981f-90bf375ff509
2026 - 2027;s1;GMAA;Rugby;Secondaire;Rugby J Filles D3 15s;D3;Juvénile;Filles;0;0;0;0;0;0;0;;oui;s1:4x11;e8586310-d391-426e-81c9-85c8f743951b
2026 - 2027;s1;GMAA;Rugby;Secondaire;Rugby J Filles D4 15s;D4;Juvénile;Filles;0;0;0;0;0;0;0;;oui;s1:4x11;01130dae-51e7-4b0a-a933-408e62a2e461
2026 - 2027;s1;GMAA;Rugby;Secondaire;Rugby J Garçons 10s;;Juvénile;Garçons;0;0;0;0;0;0;0;;oui;s1:4x11;3a0e92f4-0de2-4915-a6c7-2e3d86bd189f
2026 - 2027;s1;GMAA;Rugby;Secondaire;Rugby J Garçons D3 15s;D3;Juvénile;Garçons;0;0;0;0;0;0;0;;oui;s1:4x11;58c51f3c-0224-4659-add6-8786ec50556c
2026 - 2027;s1;GMAA;Rugby;Secondaire;Rugby J Garçons D4 15s;D4;Juvénile;Garçons;0;0;0;0;0;0;0;;oui;s1:4x11;a630dd3b-240b-4728-bdf4-ec94b2d3ca8c
2026 - 2027;diffusion+s1;GMAA;Soccer;Secondaire;Soccer B Filles D3;D3;Benjamin;Filles;7;21;21;0;0;0;21;18;oui;d:4x13 s1:4x13;3b38f8b7-9f72-434a-adb2-720ff3de577d
2026 - 2027;diffusion+s1;GMAA;Soccer;Secondaire;Soccer B Filles D4 Niveau 1 A;D4;Benjamin;Filles;3;21;21;0;0;0;21;21;oui;d:4x13 s1:4x13;9bb00721-cf99-4d61-a785-7286131b37d5
2026 - 2027;s1;GMAA;Soccer;Secondaire;Soccer B Filles D4 Niveau 1 B;D4;Benjamin;Filles;3;21;21;0;0;0;0;;oui;s1:4x13;67461dd0-8506-4e47-9958-70664f5bba74
2026 - 2027;diffusion+s1;GMAA;Soccer;Secondaire;Soccer B Filles D4 Niveau 1 C;D4;Benjamin;Filles;5;20;20;0;0;0;20;20;oui;d:4x13 s1:4x13;af5bd3d9-cd95-40b8-b723-8bc58aac691d
2026 - 2027;diffusion+s1;GMAA;Soccer;Secondaire;Soccer B Filles D4 Niveau 2;D4;Benjamin;Filles;4;12;12;0;0;0;12;12;oui;d:4x13 s1:4x13;fb2fd31b-e594-48ae-9636-44d90665ac8e
2026 - 2027;diffusion+s1;GMAA;Soccer;Secondaire;Soccer B Garçons D3 A;D3;Benjamin;Garçons;5;20;20;0;0;0;20;18;oui;d:4x13 s1:4x13;8c8d1187-4f13-4f5d-ad3b-9abba74a2847
2026 - 2027;diffusion+s1;GMAA;Soccer;Secondaire;Soccer B Garçons D3 B;D3;Benjamin;Garçons;5;20;20;0;0;0;20;20;oui;d:4x13 s1:4x13;eb4e1fae-36c6-4a58-9d70-e4a5667cf741
2026 - 2027;diffusion+s1;GMAA;Soccer;Secondaire;Soccer B Garçons D4 Niveau 1 A;D4;Benjamin;Garçons;4;12;12;0;0;0;12;12;oui;d:4x13 s1:4x13;e8e79d10-2bca-41ef-92bc-596a40615a1b
2026 - 2027;diffusion+s1;GMAA;Soccer;Secondaire;Soccer B Garçons D4 Niveau 1 B;D4;Benjamin;Garçons;3;7;7;0;0;0;12;12;oui;d:4x13 s1:4x13;d14617c2-9cce-499c-89c5-cfc116d1721a
2026 - 2027;diffusion+s1;GMAA;Soccer;Secondaire;Soccer B Garçons D4 Niveau 1 C;D4;Benjamin;Garçons;5;20;20;0;0;0;20;20;oui;d:4x13 s1:4x13;7725dd05-622e-4f9f-bb17-f57f2c490cb0
2026 - 2027;diffusion+s1;GMAA;Soccer;Secondaire;Soccer B Garçons D4 Niveau 1 D;D4;Benjamin;Garçons;5;20;20;0;0;0;20;20;oui;d:4x13 s1:4x13;5e965e31-26f1-4a80-a35a-9902d8d3ebd4
2026 - 2027;diffusion+s1;GMAA;Soccer;Secondaire;Soccer B Garçons D4 Niveau 2 A;D4;Benjamin;Garçons;3;21;21;0;0;0;21;21;oui;d:4x13 s1:4x13;409f9fe5-860e-4582-b848-7d025e29f866
2026 - 2027;s1;GMAA;Soccer;Secondaire;Soccer B Garçons D4 Niveau 2 B;D4;Benjamin;Garçons;3;21;21;0;0;0;0;;oui;s1:4x13;a33bef20-ece7-4a81-a29d-8aaa133137bf
2026 - 2027;diffusion+s1;GMAA;Soccer;Secondaire;Soccer B Garçons D4 Niveau 2 C;D4;Benjamin;Garçons;7;21;21;0;0;0;21;21;oui;d:4x13 s1:4x13;22046c5f-7ddc-41ba-b613-4faf49064631
2026 - 2027;diffusion+s1;GMAA;Soccer;Secondaire;Soccer C Filles D3 A;D3;Cadet;Filles;3;21;21;0;0;0;21;12;oui;d:4x13 s1:4x13;50552d0a-4248-4890-bf84-b45a75d3e0fe
2026 - 2027;s1;GMAA;Soccer;Secondaire;Soccer C Filles D3 B;D3;Cadet;Filles;3;21;21;0;0;0;0;;oui;s1:4x13;725a61a0-a6b1-48db-81cd-0f99a97075f3
2026 - 2027;diffusion+s1;GMAA;Soccer;Secondaire;Soccer C Filles D4 Niveau 1;D4;Cadet;Filles;4;12;12;0;0;0;12;12;oui;d:4x13 s1:4x13;35979b63-d046-4202-90b1-03dbb49d2bf8
2026 - 2027;diffusion+s1;GMAA;Soccer;Secondaire;Soccer C Filles D4 Niveau 2;D4;Cadet;Filles;4;12;12;0;0;0;12;12;oui;d:4x13 s1:4x13;7a80ceba-baf1-4d66-8f5b-a44a97c997b7
2026 - 2027;diffusion+s1;GMAA;Soccer;Secondaire;Soccer C Garçons D3 A;D3;Cadet;Garçons;9;35;35;0;0;0;36;26;oui;d:4x13 s1:4x13;2710a855-d2d0-4d11-9d2c-b5dfe593768b
2026 - 2027;diffusion+s1;GMAA;Soccer;Secondaire;Soccer C Garçons D4 Niveau 1 A;D4;Cadet;Garçons;5;20;20;0;0;0;20;20;oui;d:4x13 s1:4x13;a0522122-cbe0-45b6-966e-8072a5eb69c0
2026 - 2027;diffusion+s1;GMAA;Soccer;Secondaire;Soccer C Garçons D4 Niveau 1 B;D4;Cadet;Garçons;5;20;20;0;0;0;20;20;oui;d:4x13 s1:4x13;48b9def1-d0f7-4c72-855e-ed8103822e09
2026 - 2027;diffusion+s1;GMAA;Soccer;Secondaire;Soccer C Garçons D4 Niveau 1 C;D4;Cadet;Garçons;4;12;12;0;0;0;12;12;oui;d:4x13 s1:4x13;6e760412-a8f2-47f1-aa0a-95132d385e29
2026 - 2027;diffusion+s1;GMAA;Soccer;Secondaire;Soccer J Filles D3 A;D3;Juvénile;Filles;3;21;21;0;0;0;21;21;oui;d:4x13 s1:4x13;00c13dfc-c305-4804-bbd4-6f2fccd757db
2026 - 2027;s1;GMAA;Soccer;Secondaire;Soccer J Filles D3 B;D3;Juvénile;Filles;3;21;21;0;0;0;0;;oui;s1:4x13;d5b9f70b-397e-4746-933e-3cc2da21e794
2026 - 2027;diffusion+s1;GMAA;Soccer;Secondaire;Soccer J Filles D4 Niveau 1 A;D4;Juvénile;Filles;3;21;21;0;0;0;21;21;oui;d:4x13 s1:4x13;da799056-a874-407b-b5c0-f1dbc765d827
2026 - 2027;s1;GMAA;Soccer;Secondaire;Soccer J Filles D4 Niveau 1 B;D4;Juvénile;Filles;3;21;21;0;0;0;0;;oui;s1:4x13;618b60cd-d8d9-4508-97a5-13794b98391a
2026 - 2027;diffusion+s1;GMAA;Soccer;Secondaire;Soccer J Filles D4 Niveau 1 C;D4;Juvénile;Filles;3;21;21;0;0;0;21;21;oui;d:4x13 s1:4x13;3ffd607c-02dd-47fc-9933-7ac7ea0ce735
2026 - 2027;diffusion+s1;GMAA;Soccer;Secondaire;Soccer J Filles D4 Niveau 1 D;D4;Juvénile;Filles;3;21;21;0;0;0;0;;oui;d:4x13 s1:4x13;6bfb1d61-814e-474c-aa1a-24984237b107
2026 - 2027;diffusion+s1;GMAA;Soccer;Secondaire;Soccer J Filles D4 Niveau 2;D4;Juvénile;Filles;3;6;6;0;0;0;6;6;oui;d:4x13 s1:4x13;243da1bb-c64e-4b80-aae5-5d81532ccc3f
2026 - 2027;diffusion+s1;GMAA;Soccer;Secondaire;Soccer J Garçons D3 A;D3;Juvénile;Garçons;7;21;21;0;0;0;21;20;oui;d:4x13 s1:4x13;d2099d4b-5c13-4855-9e06-c36aecd1ba5d
2026 - 2027;diffusion+s1;GMAA;Soccer;Secondaire;Soccer J Garçons D4 Niveau 1 A;D4;Juvénile;Garçons;4;12;12;0;0;0;12;12;oui;d:4x13 s1:4x13;5afdec63-9845-4223-8661-20fa4263b47a
2026 - 2027;diffusion+s1;GMAA;Soccer;Secondaire;Soccer J Garçons D4 Niveau 1 B;D4;Juvénile;Garçons;4;12;12;0;0;0;12;12;oui;d:4x13 s1:4x13;eb30d097-bc94-46ca-b798-899e3fac30aa
2026 - 2027;diffusion+s1;GMAA;Soccer;Secondaire;Soccer J Garçons D4 Niveau 1 C;D4;Juvénile;Garçons;4;12;12;0;0;0;12;12;oui;d:4x13 s1:4x13;b6ae7feb-ec7d-4dd0-a17f-f187ff0a8b26
2026 - 2027;diffusion+s1;GMAA;Soccer;Secondaire;Soccer J Garçons D4 Niveau 1 D;D4;Juvénile;Garçons;5;20;20;0;0;0;20;20;oui;d:4x13 s1:4x13;2af03a3b-fe5b-45b4-ba62-6af03b68cdf5
2026 - 2027;diffusion+s1;GMAA;Soccer;Secondaire;Soccer J Garçons D4 Niveau 2 A;D4;Juvénile;Garçons;4;12;12;0;0;0;12;12;oui;d:4x13 s1:4x13;350ace94-6a30-475b-9ee1-67c96d1504c1
2026 - 2027;diffusion+s1;GMAA;Soccer;Secondaire;Soccer J Garçons D4 Niveau 2 B;D4;Juvénile;Garçons;4;12;12;0;0;0;12;12;oui;d:4x13 s1:4x13;24b2c674-bff0-475c-a201-1408e2169f0c
2026 - 2027;s1;GMAA;Soccer;Primaire;Soccer P5 Mixte LMAC;;Primaire 5;Mixte;0;;;;;;0;;oui;s1:4x13;a820334d-92e7-46d8-8894-ee6d6e8e227c
2026 - 2027;s1;GMAA;Soccer;Primaire;Soccer P5 Mixte RVALE;;Primaire 5;Mixte;16;;;;;;0;;oui;s1:4x13;f41f0c1b-a6a3-4844-b62a-68bba5bfe0e7
2026 - 2027;s1;GMAA;Soccer;Primaire;Soccer P6 Filles LMAC;;Primaire 6;Filles;0;;;;;;0;;oui;s1:4x13;a2a54f1f-c35b-4d12-aebb-d9ed8a137827
2026 - 2027;s1;GMAA;Soccer;Primaire;Soccer P6 Filles RVALE;;Primaire 6;Filles;10;;;;;;0;;oui;s1:4x13;4548988b-2b4b-4ff3-a7bd-2d9229d52cec
2026 - 2027;s1;GMAA;Soccer;Primaire;Soccer P6 Garçons LMAC;;Primaire 6;Garçons;0;;;;;;0;;oui;s1:4x13;43843cd1-19c8-45d6-9d0c-072bf08a15cd
2026 - 2027;s1;GMAA;Soccer;Primaire;Soccer P6 Garçons RVALE;;Primaire 6;Garçons;8;;;;;;0;;oui;s1:4x13;03f2a1d3-8df7-4ef6-885a-7a3e4ff7e071
2026 - 2027;s1;GMAA;Tennis;Secondaire;Tennis B Filles D3;D3;Benjamin;Filles;0;0;0;0;0;0;0;;oui;s1:4x29;dcc81b8e-02c3-465f-b3b3-da63d2a66761
2026 - 2027;s1;GMAA;Tennis;Secondaire;Tennis B Garçons D3;D3;Benjamin;Garçons;0;0;0;0;0;0;0;;oui;s1:4x29;67d53e81-d6d8-482a-ad5b-86bd7be31f08
2026 - 2027;s1;GMAA;Tennis;Secondaire;Tennis C Filles D3;D3;Cadet;Filles;0;0;0;0;0;0;0;;oui;s1:4x29;5682f9b9-49e7-4bdd-9df8-26285c747388
2026 - 2027;s1;GMAA;Tennis;Secondaire;Tennis C Garçons D3;D3;Cadet;Garçons;0;0;0;0;0;0;0;;oui;s1:4x29;8c185e4b-f8e7-42f7-940d-76c373570d48
2026 - 2027;s1;GMAA;Tennis;Secondaire;Tennis J Filles D3;D3;Juvénile;Filles;0;0;0;0;0;0;0;;oui;s1:4x29;c182342c-6b2b-4203-b93f-2285e937c365
2026 - 2027;s1;GMAA;Tennis;Secondaire;Tennis J Garçons D3;D3;Juvénile;Garçons;0;0;0;0;0;0;0;;oui;s1:4x29;9373bc50-d6f4-4cb2-9e37-4f4b20288837
2026 - 2027;s1;GMAA;Ultimate;Secondaire;Ultimate B Filles D3;D3;Benjamin;Filles;0;0;0;0;0;0;0;;oui;s1:4x25;71664d1f-66a8-4711-850f-b612572f0bbe
2026 - 2027;s1;GMAA;Ultimate;Secondaire;Ultimate B Garçons D3;D3;Benjamin;Garçons;0;0;0;0;0;0;0;;oui;s1:4x25;de496ecb-fe09-407d-a115-ad8476ddf223
2026 - 2027;s1;GMAA;Ultimate;Secondaire;Ultimate B Mixte D3;D3;Benjamin;Mixte;0;0;0;0;0;0;0;;oui;s1:4x25;675864fa-aa3e-48cb-9279-efa3af425405
2026 - 2027;s1;GMAA;Ultimate;Secondaire;Ultimate J Filles D3;D3;Juvénile;Filles;0;0;0;0;0;0;0;;oui;s1:4x25;a15a0c0d-19de-483a-9f46-82bd900f91a0
2026 - 2027;s1;GMAA;Ultimate;Secondaire;Ultimate J Garçons D3;D3;Juvénile;Garçons;0;0;0;0;0;0;0;;oui;s1:4x25;f2170cd4-5f7c-4d47-9b7b-d15e70e746fc
2026 - 2027;s1;GMAA;Ultimate;Secondaire;Ultimate J Mixte D3;D3;Juvénile;Mixte;0;0;0;0;0;0;0;;oui;s1:4x25;28342c64-fe7a-4792-99b3-26d8371e850d
2026 - 2027;s1;GMAA;Ultimate;Primaire;Ultimate P5 Mixte Marcel Laurin;;Primaire 5;Mixte;4;;;;;;0;;oui;s1:4x25;da48ab4a-3e60-4b47-8951-667f0a6b505e
2026 - 2027;s1;GMAA;Ultimate;Primaire;Ultimate P6 Filles Marcel Laurin;;Primaire 6;Filles;3;;;;;;0;;oui;s1:4x25;c13e29f8-881e-4dd9-b96b-87c20ccec81a
2026 - 2027;s1;GMAA;Ultimate;Primaire;Ultimate P6 Garçons Marcel Laurin;;Primaire 6;Garçons;4;;;;;;0;;oui;s1:4x25;2b60e963-3acc-45c0-853d-e97e10741b7e
2026 - 2027;diffusion+s1;GMAA;Volleyball;Secondaire;Volleyball B Filles D3 A;D3;Benjamin;Filles;4;24;24;0;0;0;24;20;oui;d:4x16 s1:4x16;7cead346-6140-4d9e-b59f-ed0f042d81d0
2026 - 2027;diffusion+s1;GMAA;Volleyball;Secondaire;Volleyball B Filles D3 B;D3;Benjamin;Filles;4;24;24;0;0;0;24;24;oui;d:4x16 s1:4x16;06b2e734-c603-498c-8c9f-79581fdc110e
2026 - 2027;diffusion+s1;GMAA;Volleyball;Secondaire;Volleyball B Filles D4 Niveau 1 A;D4;Benjamin;Filles;6;30;30;0;0;0;30;30;oui;d:4x16 s1:4x16;5fe928ab-8177-4579-91b0-5fb7a0b06325
2026 - 2027;diffusion+s1;GMAA;Volleyball;Secondaire;Volleyball B Filles D4 Niveau 1 B;D4;Benjamin;Filles;6;30;30;0;0;0;30;30;oui;d:4x16 s1:4x16;50615e58-5161-426d-9026-36d3cadec020
2026 - 2027;diffusion+s1;GMAA;Volleyball;Secondaire;Volleyball B Filles D4 Niveau 2 A;D4;Benjamin;Filles;4;24;24;0;0;0;24;24;oui;d:4x16 s1:4x16;5762108e-0b93-49d9-aa65-6fcf934e3740
2026 - 2027;diffusion+s1;GMAA;Volleyball;Secondaire;Volleyball B Filles D4 Niveau 2 B;D4;Benjamin;Filles;5;30;30;0;0;0;30;30;oui;d:4x16 s1:4x16;2833dde2-0332-4b7b-a80b-7eb1378b385b
2026 - 2027;diffusion+s1;GMAA;Volleyball;Secondaire;Volleyball B Filles D4 Niveau 2 C;D4;Benjamin;Filles;4;24;24;0;0;0;24;24;oui;d:4x16 s1:4x16;e71dfb56-5b88-4c44-94de-10e263a87105
2026 - 2027;diffusion+s1;GMAA;Volleyball;Secondaire;Volleyball B Filles D4 Niveau 2 D;D4;Benjamin;Filles;4;24;24;0;0;0;24;24;oui;d:4x16 s1:4x16;f0c29094-7919-452b-a769-c2e12f7ff639
2026 - 2027;diffusion+s1;GMAA;Volleyball;Secondaire;Volleyball B Filles D4 Niveau 2 E;D4;Benjamin;Filles;4;24;24;0;0;0;24;24;oui;d:4x16 s1:4x16;a9707953-12c7-46c8-8a47-8edfdd5af5f6
2026 - 2027;diffusion+s1;GMAA;Volleyball;Secondaire;Volleyball B Filles D4 Niveau 2 F;D4;Benjamin;Filles;4;24;24;0;0;0;24;24;oui;d:4x16 s1:4x16;4fd728fb-b745-49a7-973a-75971e2e9c85
2026 - 2027;diffusion+s1;GMAA;Volleyball;Secondaire;Volleyball B Garçons D3 A;D3;Benjamin;Garçons;4;24;24;0;0;0;24;24;oui;d:4x16 s1:4x16;0a8148bc-d221-42c9-b9ec-4d63c386ab78
2026 - 2027;diffusion+s1;GMAA;Volleyball;Secondaire;Volleyball B Garçons D3 B;D3;Benjamin;Garçons;4;24;24;0;0;0;24;24;oui;d:4x16 s1:4x16;ef3c291c-5d88-4ae9-8368-e43c8b63433c
2026 - 2027;diffusion+s1;GMAA;Volleyball;Secondaire;Volleyball C Filles D3 A;D3;Cadet;Filles;4;24;24;0;0;0;24;24;oui;d:4x16 s1:4x16;12be7b7a-064c-4d6d-ab99-2776f8212aa3
2026 - 2027;diffusion+s1;GMAA;Volleyball;Secondaire;Volleyball C Filles D3 B;D3;Cadet;Filles;5;30;30;0;0;0;30;30;oui;d:4x16 s1:4x16;e2ca20d6-dd79-4ac1-96ec-a8a5cd829303
2026 - 2027;diffusion+s1;GMAA;Volleyball;Secondaire;Volleyball C Filles D3 C;D3;Cadet;Filles;4;24;24;0;0;0;24;24;oui;d:4x16 s1:4x16;3ef0c56c-3eb9-47ed-84d5-375a3fc35c1b
2026 - 2027;diffusion+s1;GMAA;Volleyball;Secondaire;Volleyball C Filles D4 Niveau 1 A;D4;Cadet;Filles;4;24;24;0;0;0;24;24;oui;d:4x16 s1:4x16;805e4c8f-57dc-486c-9ea2-745d5968175c
2026 - 2027;diffusion+s1;GMAA;Volleyball;Secondaire;Volleyball C Filles D4 Niveau 1 B;D4;Cadet;Filles;4;24;24;0;0;0;24;24;oui;d:4x16 s1:4x16;9957ea04-1f3a-4c38-b4fe-4a0e004e4d84
2026 - 2027;diffusion+s1;GMAA;Volleyball;Secondaire;Volleyball C Filles D4 Niveau 2 A;D4;Cadet;Filles;5;30;30;0;0;0;30;30;oui;d:4x16 s1:4x16;8bcf6d33-6131-4a04-8d83-f5e1172a4bb9
2026 - 2027;diffusion+s1;GMAA;Volleyball;Secondaire;Volleyball C Filles D4 Niveau 2 B;D4;Cadet;Filles;5;30;30;0;0;0;30;30;oui;d:4x16 s1:4x16;616d5d06-fae1-40c5-a4b6-b54499a91b40
2026 - 2027;diffusion+s1;GMAA;Volleyball;Secondaire;Volleyball C Filles D4 Niveau 2 C;D4;Cadet;Filles;6;30;30;0;0;0;30;30;oui;d:4x16 s1:4x16;2076f2a1-ed3b-40ca-bacb-be2695ec83fc
2026 - 2027;diffusion+s1;GMAA;Volleyball;Secondaire;Volleyball C Filles D4 Niveau 2 D;D4;Cadet;Filles;5;30;30;0;0;0;30;30;oui;d:4x16 s1:4x16;475a4090-62be-450b-9145-354114207f83
2026 - 2027;diffusion+s1;GMAA;Volleyball;Secondaire;Volleyball C Garçons D3 A;D3;Cadet;Garçons;4;24;24;0;0;0;24;24;oui;d:4x16 s1:4x16;5124b64e-2ec2-4534-abb4-59aa0d0d471d
2026 - 2027;diffusion+s1;GMAA;Volleyball;Secondaire;Volleyball C Garçons D4;D4;Cadet;Garçons;4;24;24;0;0;0;24;24;oui;d:4x16 s1:4x16;8abf4d59-1948-4ce1-b4d4-815447f7661c
2026 - 2027;diffusion+s1;GMAA;Volleyball;Secondaire;Volleyball J Filles D3 A;D3;Juvénile;Filles;5;30;30;0;0;0;30;27;oui;d:4x16 s1:4x16;dc889bee-8d8f-4f5e-8110-1c43ccab19f5
2026 - 2027;diffusion+s1;GMAA;Volleyball;Secondaire;Volleyball J Filles D3 B;D3;Juvénile;Filles;5;30;30;0;0;0;30;30;oui;d:4x16 s1:4x16;b2905e6b-ea00-44b1-bebe-747f88f5df1a
2026 - 2027;diffusion+s1;GMAA;Volleyball;Secondaire;Volleyball J Filles D4 Niveau 1 A;D4;Juvénile;Filles;5;30;30;0;0;0;30;30;oui;d:4x16 s1:4x16;f6e9cf05-6bb8-4c80-8491-a7d62bf3a84b
2026 - 2027;diffusion+s1;GMAA;Volleyball;Secondaire;Volleyball J Filles D4 Niveau 1 B;D4;Juvénile;Filles;6;30;30;0;0;0;30;30;oui;d:4x16 s1:4x16;c283eb85-9bb5-42e2-862c-dfe04c8f3e39
2026 - 2027;diffusion+s1;GMAA;Volleyball;Secondaire;Volleyball J Filles D4 Niveau 2 A;D4;Juvénile;Filles;4;24;24;0;0;0;24;24;oui;d:4x16 s1:4x16;9f669be0-a794-4280-8d96-c410f326c583
2026 - 2027;diffusion+s1;GMAA;Volleyball;Secondaire;Volleyball J Filles D4 Niveau 2 B;D4;Juvénile;Filles;5;30;30;0;0;0;30;30;oui;d:4x16 s1:4x16;71485cbd-b884-4e8c-b419-a2da9c300a79
2026 - 2027;diffusion+s1;GMAA;Volleyball;Secondaire;Volleyball J Filles D4 Niveau 2 C;D4;Juvénile;Filles;4;24;24;0;0;0;24;24;oui;d:4x16 s1:4x16;ddf0a5df-5773-4a60-8463-d485ef50277f
2026 - 2027;diffusion+s1;GMAA;Volleyball;Secondaire;Volleyball J Garçons D3 A;D3;Juvénile;Garçons;5;30;30;0;0;0;30;30;oui;d:4x16 s1:4x16;7f284268-28f5-4d15-8c09-5d90a444b541
2026 - 2027;diffusion+s1;GMAA;Volleyball;Secondaire;Volleyball J Garçons D4 A;D4;Juvénile;Garçons;5;30;30;0;0;0;30;30;oui;d:4x16 s1:4x16;04f05430-235c-40d6-9d42-cbed21818441
2026 - 2027;diffusion+s1;GMAA;Volleyball;Secondaire;Volleyball J Garçons D4 B;D4;Juvénile;Garçons;6;30;30;0;0;0;30;30;oui;d:4x16 s1:4x16;1ec24d33-a236-4277-b230-6c325fbf5381
2026 - 2027;s1;GMAA;Volleyball;Primaire;Volleyball P5 Filles LBPHS;;Primaire 5;Filles;0;;;;;;0;;oui;s1:4x16;25217f74-6587-4155-97bd-d809e9cf67ff
2026 - 2027;s1;GMAA;Volleyball;Primaire;Volleyball P5 Filles LMAC;;Primaire 5;Filles;3;;;;;;0;;oui;s1:4x16;042e5853-f71b-46f5-8dfd-25cbb7161c80
2026 - 2027;s1;GMAA;Volleyball;Primaire;Volleyball P5 Garçons LBPHS;;Primaire 5;Garçons;0;;;;;;0;;oui;s1:4x16;2811956a-af67-4849-8e18-1fa4e22565cb
2026 - 2027;s1;GMAA;Volleyball;Primaire;Volleyball P5 Garçons LMAC;;Primaire 5;Garçons;3;;;;;;0;;oui;s1:4x16;75014cf4-1561-4d8f-9f1c-032ec9639a71
2026 - 2027;s1;GMAA;Volleyball;Primaire;Volleyball P6 Filles LBPHS;;Primaire 6;Filles;2;;;;;;0;;oui;s1:4x16;9276bc42-79e3-4861-8623-9b114f59a9d9
2026 - 2027;s1;GMAA;Volleyball;Primaire;Volleyball P6 Filles LMAC;;Primaire 6;Filles;3;;;;;;0;;oui;s1:4x16;79189b12-7d0c-44b7-a291-88a2323071b7
2026 - 2027;s1;GMAA;Volleyball;Primaire;Volleyball P6 Garçons LBPHS;;Primaire 6;Garçons;0;;;;;;0;;oui;s1:4x16;e99c81f9-2613-47a4-9ab8-29dea3752ec9
2026 - 2027;s1;GMAA;Volleyball;Primaire;Volleyball P6 Garçons LMAC;;Primaire 6;Garçons;3;;;;;;0;;oui;s1:4x16;dc87e3fb-7fcd-4447-a3d1-74d226ac3d41
2026 - 2027;s1;GMAA;Water Polo;Secondaire;Water Polo B Filles D3;D3;Benjamin;Filles;0;0;0;0;0;0;0;;oui;s1:4x54;4cc88f9a-a871-413b-8f39-0543e81854a2
2026 - 2027;s1;GMAA;Water Polo;Secondaire;Water Polo B Garçons D3;D3;Benjamin;Garçons;0;0;0;0;0;0;0;;oui;s1:4x54;bad7f979-843a-4c9e-8833-89d63ae402f8
2026 - 2027;s1;GMAA;Water Polo;Secondaire;Water Polo C Filles D3;D3;Cadet;Filles;0;0;0;0;0;0;0;;oui;s1:4x54;ac998688-c224-4e9c-8eea-ffe20a28fa66
2026 - 2027;s1;GMAA;Water Polo;Secondaire;Water Polo C Garçons D3;D3;Cadet;Garçons;0;0;0;0;0;0;0;;oui;s1:4x54;2038d982-6487-4529-915d-689b57417893
2026 - 2027;s1;GMAA;Water Polo;Secondaire;Water Polo J Filles D3;D3;Juvénile;Filles;0;0;0;0;0;0;0;;oui;s1:4x54;2e3e624c-7924-4be0-9d98-cd2f4ba5a3f4
2026 - 2027;s1;GMAA;Water Polo;Secondaire;Water Polo J Garçons D3;D3;Juvénile;Garçons;0;0;0;0;0;0;0;;oui;s1:4x54;06820dbc-32d1-40de-8f75-20982d319cf4
2026 - 2027;s1;Lac-Saint-Louis;Athlétisme;Secondaire;Athlétisme B F D3 En Salle;D3;Benjamin;Féminin;1;0;0;0;0;0;0;;oui;s1:5x0;918fc7bb-252a-4fad-aa11-20e77090458d
2026 - 2027;s1;Lac-Saint-Louis;Athlétisme;Secondaire;Athlétisme B M D3 En Salle;D3;Benjamin;Masculin;0;0;0;0;0;0;0;;oui;s1:5x0;cfb69196-531a-4e22-ab71-27a96915374c
2026 - 2027;s1;Lac-Saint-Louis;Athlétisme;Secondaire;Athlétisme C F D3 En Salle;D3;Cadet;Féminin;1;0;0;0;0;0;0;;oui;s1:5x0;45dee61c-566b-4769-a45d-34685a750475
2026 - 2027;s1;Lac-Saint-Louis;Athlétisme;Secondaire;Athlétisme C M D3 En Salle;D3;Cadet;Masculin;0;0;0;0;0;0;0;;oui;s1:5x0;3c77dd0d-24cb-4c3c-8c7b-89a55c24ede3
2026 - 2027;s1;Lac-Saint-Louis;Athlétisme;Secondaire;Athlétisme J F D3 En Salle;D3;Juvénile;Féminin;1;0;0;0;0;0;0;;oui;s1:5x0;dfecbbcb-45f3-4aab-ba1b-bc9cda8312e5
2026 - 2027;s1;Lac-Saint-Louis;Athlétisme;Secondaire;Athlétisme J M D3 En Salle;D3;Juvénile;Masculin;0;0;0;0;0;0;0;;oui;s1:5x0;2e7c0457-2ce2-416a-bfab-3ff88cb292bd
2026 - 2027;s1;Lac-Saint-Louis;Badminton;Secondaire;Badminton B U D3;D3;Benjamin;Mixte;7;0;0;0;0;0;0;;oui;s1:5x18;9595ffe6-35da-4868-b712-4ab53f79e9d6
2026 - 2027;s1;Lac-Saint-Louis;Badminton;Secondaire;Badminton B U D4 EST;D4;Benjamin;Mixte;10;0;0;0;0;0;0;;oui;s1:5x18;08ac54e4-e5f0-4f55-b67d-3759740a438a
2026 - 2027;s1;Lac-Saint-Louis;Badminton;Secondaire;Badminton B U D4 OUEST;D4;Benjamin;Mixte;6;0;0;0;0;0;0;;oui;s1:5x18;60ac17dc-eaab-4984-aecb-bbd980990553
2026 - 2027;s1;Lac-Saint-Louis;Badminton;Secondaire;Badminton C U D3;D3;Cadet;Mixte;7;0;0;0;0;0;0;;oui;s1:5x18;98c889e0-3dd9-4bda-940c-18ee7ffafc0c
2026 - 2027;s1;Lac-Saint-Louis;Badminton;Secondaire;Badminton C U D4 EST;D4;Cadet;Mixte;9;0;0;0;0;0;0;;oui;s1:5x18;0ded1dc5-e6b1-4f77-8e7a-e06b9c82465e
2026 - 2027;s1;Lac-Saint-Louis;Badminton;Secondaire;Badminton C U D4 OUEST;D4;Cadet;Mixte;5;0;0;0;0;0;0;;oui;s1:5x18;103224c0-cca3-4121-b771-ca152680bc5e
2026 - 2027;s1;Lac-Saint-Louis;Badminton;Secondaire;Badminton J U D3;D3;Juvénile;Mixte;9;0;0;0;0;0;0;;oui;s1:5x18;84a5ac9c-4394-474e-befe-4e5a2e05088d
2026 - 2027;s1;Lac-Saint-Louis;Badminton;Secondaire;Badminton J U D4 EST;D4;Juvénile;Mixte;9;0;0;0;0;0;0;;oui;s1:5x18;36bfae33-2c45-41e1-91f1-9e5a29e92144
2026 - 2027;s1;Lac-Saint-Louis;Badminton;Secondaire;Badminton J U D4 OUEST;D4;Juvénile;Mixte;6;0;0;0;0;0;0;;oui;s1:5x18;f1d1e5a1-c082-442b-ad7c-33d068f1f2f9
2026 - 2027;s1;Lac-Saint-Louis;Basketball;Secondaire;Basketball A F D3;D3;Atome;Féminin;0;0;0;0;0;0;0;;oui;s1:5x1;1e75aeb9-e50f-4b1c-8317-b4b998d144a6
2026 - 2027;s1;Lac-Saint-Louis;Basketball;Secondaire;Basketball A M D3;D3;Atome;Masculin;1;0;0;0;0;0;0;;oui;s1:5x1;d3774780-bf3f-4a04-8245-b9c8b931d79d
2026 - 2027;s1;Lac-Saint-Louis;Basketball;Secondaire;Basketball A M D4;D4;Atome;Masculin;6;0;0;0;0;0;0;;oui;s1:5x1;4bae2caf-46f0-44b2-a1a6-7ec277b8d687
2026 - 2027;s1;Lac-Saint-Louis;Basketball;Secondaire;Basketball B F D3;D3;Benjamin;Féminin;3;0;0;0;0;0;0;;oui;s1:5x1;e9fe0e33-eec9-4d71-bcdb-d4c4930fbd3d
2026 - 2027;s1;Lac-Saint-Louis;Basketball;Secondaire;Basketball B F D4;D4;Benjamin;Féminin;7;0;0;0;0;0;0;;oui;s1:5x1;ec5ece79-47c4-4be3-bbcf-c702198b893c
2026 - 2027;s1;Lac-Saint-Louis;Basketball;Secondaire;Basketball B M D3;D3;Benjamin;Masculin;5;0;0;0;0;0;0;;oui;s1:5x1;d932a4c4-b44b-4eba-9c89-0bd972d121f1
2026 - 2027;s1;Lac-Saint-Louis;Basketball;Secondaire;Basketball B M D4 Niveau 1;D4;Benjamin;Masculin;7;0;0;0;0;0;0;;oui;s1:5x1;01b2178a-e948-4002-be47-af93847a2c32
2026 - 2027;s1;Lac-Saint-Louis;Basketball;Secondaire;Basketball B M D4 Niveau 2;D4;Benjamin;Masculin;9;0;0;0;0;0;0;;oui;s1:5x1;b4f50678-3ef2-4a6b-a93a-7f293069dd25
2026 - 2027;s1;Lac-Saint-Louis;Basketball;Secondaire;Basketball C F D3;D3;Cadet;Féminin;1;0;0;0;0;0;0;;oui;s1:5x1;15cce50b-7c62-465e-855b-51bb16812062
2026 - 2027;s1;Lac-Saint-Louis;Basketball;Secondaire;Basketball C F D4;D4;Cadet;Féminin;3;0;0;0;0;0;0;;oui;s1:5x1;f80c3235-ab31-4b0b-8f7e-87b13270ddbe
2026 - 2027;s1;Lac-Saint-Louis;Basketball;Secondaire;Basketball C M D3;D3;Cadet;Masculin;2;0;0;0;0;0;0;;oui;s1:5x1;5ebc5bbb-2ba0-4c88-9167-6a8f41af956b
2026 - 2027;s1;Lac-Saint-Louis;Basketball;Secondaire;Basketball C M D4 Niveau 1;D4;Cadet;Masculin;8;0;0;0;0;0;0;;oui;s1:5x1;fdcf9df6-7e2f-46c8-89d0-65dcb19dc87f
2026 - 2027;s1;Lac-Saint-Louis;Basketball;Secondaire;Basketball C M D4 Niveau 2;D4;Cadet;Masculin;7;0;0;0;0;0;0;;oui;s1:5x1;9987a4ae-7460-435e-8beb-e1efcf2c6f10
2026 - 2027;s1;Lac-Saint-Louis;Basketball;Secondaire;Basketball J F D3;D3;Juvénile;Féminin;2;0;0;0;0;0;0;;oui;s1:5x1;64df507a-1c6d-44c0-8002-2d097e8b6919
2026 - 2027;s1;Lac-Saint-Louis;Basketball;Secondaire;Basketball J F D4;D4;Juvénile;Féminin;9;0;0;0;0;0;0;;oui;s1:5x1;b3c91364-fdd5-4f83-a1b3-ebeb39b6b7e2
2026 - 2027;s1;Lac-Saint-Louis;Basketball;Secondaire;Basketball J M D3;D3;Juvénile;Masculin;6;0;0;0;0;0;0;;oui;s1:5x1;8a388c05-07c8-407d-8181-f96ee32524c0
2026 - 2027;s1;Lac-Saint-Louis;Basketball;Secondaire;Basketball J M D4 Niveau 1;D4;Juvénile;Masculin;5;0;0;0;0;0;0;;oui;s1:5x1;f387530e-d524-4a23-b763-0f63c05722fe
2026 - 2027;s1;Lac-Saint-Louis;Basketball;Secondaire;Basketball J M D4 Niveau 2;D4;Juvénile;Masculin;11;0;0;0;0;0;0;;oui;s1:5x1;3d0f3f4c-9f7b-476c-818e-64a0acae711e
2026 - 2027;s1;Lac-Saint-Louis;Basketball;Primaire;Basketball M F CRS;;Moustique;Féminin;0;;;;;;0;;oui;s1:5x1;cbb3471d-6a35-433d-9c5b-3d0da05e3129
2026 - 2027;s1;Lac-Saint-Louis;Basketball;Primaire;Basketball M M CRS;;Moustique;Masculin;0;;;;;;0;;oui;s1:5x1;c8f40fdc-3c6d-45a3-a690-af8695216566
2026 - 2027;s1;Lac-Saint-Louis;Basketball;Primaire;Basketball P F FESTIVAL;;Primaire;Féminin;0;;;;;;0;;oui;s1:5x1;47a18091-2c2e-4889-b2c9-22ac4d61b8a3
2026 - 2027;s1;Lac-Saint-Louis;Basketball;Primaire;Basketball P M FESTIVAL;;Primaire;Masculin;0;;;;;;0;;oui;s1:5x1;2a82f5cf-7e16-4deb-985e-fe764bdb4166
2026 - 2027;s1;Lac-Saint-Louis;Cross-country;Secondaire;Cross-country B F;;Benjamin;Féminin;21;0;0;0;0;0;0;;oui;s1:5x3;f835d3d0-4b77-4adc-a8ad-36d1f963f41a
2026 - 2027;s1;Lac-Saint-Louis;Cross-country;Primaire;Cross-country B F CRS-Prim.;;Benjamin;Féminin;15;;;;;;0;;oui;s1:5x3;5e7688b7-985e-4b98-83f4-4f9ce1d9b60b
2026 - 2027;s1;Lac-Saint-Louis;Cross-country;Secondaire;Cross-country B M;;Benjamin;Masculin;18;0;0;0;0;0;0;;oui;s1:5x3;e83f37b5-fb9e-4cea-aec1-a77994d91954
2026 - 2027;s1;Lac-Saint-Louis;Cross-country;Primaire;Cross-country B M CRS-Prim.;;Benjamin;Masculin;11;;;;;;0;;oui;s1:5x3;6e0c2e5d-20c8-4bfc-b19e-7a2eed8e77c2
2026 - 2027;s1;Lac-Saint-Louis;Cross-country;Secondaire;Cross-country C F;;Cadet;Féminin;21;0;0;0;0;0;0;;oui;s1:5x3;e2e61079-f55f-424f-a2d5-b8e1c4f61449
2026 - 2027;s1;Lac-Saint-Louis;Cross-country;Secondaire;Cross-country C M;;Cadet;Masculin;20;0;0;0;0;0;0;;oui;s1:5x3;f928904f-7813-4f0e-a0f8-b1f30f084b9e
2026 - 2027;s1;Lac-Saint-Louis;Cross-country;Primaire;Cross-country Co F CRS;;Colibri;Féminin;31;;;;;;0;;oui;s1:5x3;a7ee335c-bfcb-4552-9e18-4fb37c6b857b
2026 - 2027;s1;Lac-Saint-Louis;Cross-country;Primaire;Cross-country Co M CRS;;Colibri;Masculin;31;;;;;;0;;oui;s1:5x3;8d9d9e7a-b8a5-4624-86c0-848fa19c9fc4
2026 - 2027;s1;Lac-Saint-Louis;Cross-country;Secondaire;Cross-country J F;;Juvénile;Féminin;19;0;0;0;0;0;0;;oui;s1:5x3;7565ebb4-bef0-443b-be03-1d4fa686c707
2026 - 2027;s1;Lac-Saint-Louis;Cross-country;Secondaire;Cross-country J M;;Juvénile;Masculin;17;0;0;0;0;0;0;;oui;s1:5x3;cb144cb7-06da-44db-82c1-182b642bcd2b
2026 - 2027;s1;Lac-Saint-Louis;Cross-country;Primaire;Cross-country M F 5ième année CRS;;Moustique;Féminin;32;;;;;;0;;oui;s1:5x3;9107492d-9971-416b-9c59-dd90c71bd245
2026 - 2027;s1;Lac-Saint-Louis;Cross-country;Primaire;Cross-country M F 6ième année CRS;;Moustique;Féminin;31;;;;;;0;;oui;s1:5x3;0186162e-e338-4b7e-98ee-787efb37a96b
2026 - 2027;s1;Lac-Saint-Louis;Cross-country;Primaire;Cross-country M M 5ième année CRS;;Moustique;Masculin;32;;;;;;0;;oui;s1:5x3;1065eda1-6d83-4850-83c9-cc2a0dad865f
2026 - 2027;s1;Lac-Saint-Louis;Cross-country;Primaire;Cross-country M M 6ième année CRS;;Moustique;Masculin;31;;;;;;0;;oui;s1:5x3;cb3ae9d2-c3ca-4e47-9d26-e2c02c1560db
2026 - 2027;s1;Lac-Saint-Louis;Cross-country;Primaire et secondaire;Cross-country O F 1km FEST;;Ouvert;Féminin;17;0;0;0;0;0;0;;oui;s1:5x3;c2e51687-550c-407b-9f71-dc95af7504fe
2026 - 2027;s1;Lac-Saint-Louis;Cross-country;Primaire et secondaire;Cross-country O F 2km FEST;;Ouvert;Féminin;20;0;0;0;0;0;0;;oui;s1:5x3;def87571-295a-49d5-84eb-dce4d7ac18ff
2026 - 2027;s1;Lac-Saint-Louis;Cross-country;Primaire et secondaire;Cross-country O F 3km FEST;;Ouvert;Féminin;11;0;0;0;0;0;0;;oui;s1:5x3;50b99f36-723e-4c8f-ba1c-719d28b3b392
2026 - 2027;s1;Lac-Saint-Louis;Cross-country;Primaire et secondaire;Cross-country O M 1km FEST;;Ouvert;Masculin;18;0;0;0;0;0;0;;oui;s1:5x3;e4813cd6-0ed2-4315-948b-872fda8d8900
2026 - 2027;s1;Lac-Saint-Louis;Cross-country;Primaire et secondaire;Cross-country O M 2km FEST;;Ouvert;Masculin;20;0;0;0;0;0;0;;oui;s1:5x3;6da8b661-f5ef-4431-802f-7875077380b1
2026 - 2027;s1;Lac-Saint-Louis;Cross-country;Primaire et secondaire;Cross-country O M 3km FEST;;Ouvert;Masculin;11;0;0;0;0;0;0;;oui;s1:5x3;9f7478e7-8908-40e8-a50d-23982156edef
2026 - 2027;diffusion+s1;Lac-Saint-Louis;Flag football;Secondaire;Flag football A F Automne;;Atome;Féminin;5;15;15;0;0;0;15;15;oui;d:5x4 s1:5x4;c1344271-345c-477f-bfc5-d7b3d1fde604
2026 - 2027;s1;Lac-Saint-Louis;Flag football;Secondaire;Flag football A F D3 Printemps;D3;Atome;Féminin;0;0;0;0;0;0;0;;oui;s1:5x4;a22ae422-cd1e-4cfc-afe2-e8c03b8a6451
2026 - 2027;s1;Lac-Saint-Louis;Flag football;Secondaire;Flag football B F D3 Printemps;D3;Benjamin;Féminin;0;0;0;0;0;0;0;;oui;s1:5x4;a0918347-4c7d-4b5e-86c7-78c2730d5d65
2026 - 2027;s1;Lac-Saint-Louis;Flag football;Secondaire;Flag football B F D4 Niveau 1 Printemps;D4;Benjamin;Féminin;0;0;0;0;0;0;0;;oui;s1:5x4;ce1bd323-b18b-4578-9ac9-8ef06e52d31f
2026 - 2027;s1;Lac-Saint-Louis;Flag football;Secondaire;Flag football B F D4 Niveau 2 Printemps;D4;Benjamin;Féminin;0;0;0;0;0;0;0;;oui;s1:5x4;b29e56fb-1d62-4e7f-8adb-5c2cdd58788a
2026 - 2027;diffusion+s1;Lac-Saint-Louis;Flag football;Secondaire;Flag football B F EST Automne;;Benjamin;Féminin;7;21;21;0;0;0;21;21;oui;d:5x4 s1:5x4;222b8c3c-8fa5-45b0-8545-9b6a898de2cc
2026 - 2027;diffusion+s1;Lac-Saint-Louis;Flag football;Secondaire;Flag football B F OUEST Automne;;Benjamin;Féminin;8;24;24;0;0;0;24;24;oui;d:5x4 s1:5x4;9e2ac790-07f3-4dde-b11b-441894871a41
2026 - 2027;s1;Lac-Saint-Louis;Flag football;Secondaire;Flag football B M D3 Printemps;D3;Benjamin;Masculin;0;0;0;0;0;0;0;;oui;s1:5x4;8880c37c-b8d6-4af9-9a75-7567d667e1fa
2026 - 2027;s1;Lac-Saint-Louis;Flag football;Secondaire;Flag football C F D3 Printemps;D3;Cadet;Féminin;0;0;0;0;0;0;0;;oui;s1:5x4;c23e3513-9a44-4d97-b16c-8eaa20d0a17a
2026 - 2027;s1;Lac-Saint-Louis;Flag football;Secondaire;Flag football C F D4 Niveau 1 Printemps;D4;Cadet;Féminin;0;0;0;0;0;0;0;;oui;s1:5x4;8cc71c3a-41d8-41b7-bb13-94b35e460082
2026 - 2027;s1;Lac-Saint-Louis;Flag football;Secondaire;Flag football C F D4 Niveau 2 Printemps;D4;Cadet;Féminin;0;0;0;0;0;0;0;;oui;s1:5x4;ffd91ca7-d569-4cc5-ae88-2ca1f01cea71
2026 - 2027;diffusion+s1;Lac-Saint-Louis;Flag football;Secondaire;Flag football C F EST Automne;;Cadet;Féminin;8;24;24;0;0;0;24;24;oui;d:5x4 s1:5x4;8f740b41-f224-4ca4-98c4-0706d3fd677e
2026 - 2027;s1;Lac-Saint-Louis;Flag football;Secondaire;Flag football C F Ligue des championnes;;Cadet;Féminin;17;0;0;0;0;0;0;;oui;s1:5x4;040fb458-f997-48c4-bb8c-05e5e5b1850f
2026 - 2027;diffusion+s1;Lac-Saint-Louis;Flag football;Secondaire;Flag football C F OUEST Automne;;Cadet;Féminin;7;21;21;0;0;0;21;21;oui;d:5x4 s1:5x4;5fe17c8c-1c6f-47ef-a782-5f20bb9cc0bc
2026 - 2027;s1;Lac-Saint-Louis;Flag football;Secondaire;Flag football C M D3 Printemps;D3;Cadet;Masculin;0;0;0;0;0;0;0;;oui;s1:5x4;79140c80-021d-4da7-af52-d3d071294522
2026 - 2027;s1;Lac-Saint-Louis;Flag football;Secondaire;Flag football J F D3 Printemps;D3;Juvénile;Féminin;0;0;0;0;0;0;0;;oui;s1:5x4;c549387c-04a3-4ce5-a93f-93a81aefc9cd
2026 - 2027;s1;Lac-Saint-Louis;Flag football;Secondaire;Flag football J F D4 Niveau 1 Printemps;D4;Juvénile;Féminin;0;0;0;0;0;0;0;;oui;s1:5x4;b7f935cb-13cc-4160-85aa-a449b42a1cac
2026 - 2027;s1;Lac-Saint-Louis;Flag football;Secondaire;Flag football J F D4 Niveau 2 Printemps;D4;Juvénile;Féminin;0;0;0;0;0;0;0;;oui;s1:5x4;1481ceae-53ee-4942-8072-5f6593d3581a
2026 - 2027;diffusion+s1;Lac-Saint-Louis;Flag football;Secondaire;Flag football J F EST Automne;;Juvénile;Féminin;7;21;21;0;0;0;21;21;oui;d:5x4 s1:5x4;6026df61-39fe-4439-b771-76ded58435a5
2026 - 2027;s1;Lac-Saint-Louis;Flag football;Secondaire;Flag football J F Ligue des championnes;;Juvénile;Féminin;12;0;0;0;0;0;0;;oui;s1:5x4;de606e5b-43df-4c9c-9dc8-743b0ae15cea
2026 - 2027;diffusion+s1;Lac-Saint-Louis;Flag football;Secondaire;Flag football J F OUEST Automne;;Juvénile;Féminin;6;15;15;0;0;0;15;15;oui;d:5x4 s1:5x4;282dccce-bd25-4cc1-bfd6-c7784ff8d4db
2026 - 2027;s1;Lac-Saint-Louis;Flag football;Secondaire;Flag football J M D3 Printemps;D3;Juvénile;Masculin;0;0;0;0;0;0;0;;oui;s1:5x4;fa3247a3-2bc1-4e5d-bbc4-385bfd4923e8
2026 - 2027;s1;Lac-Saint-Louis;Flag football;Secondaire;Flag football J M D4 Printemps;D4;Juvénile;Masculin;0;0;0;0;0;0;0;;oui;s1:5x4;13b8767c-fd16-4a6c-a7bf-ded391b03423
2026 - 2027;s1;Lac-Saint-Louis;Flag football;Primaire;Flag football M F TOURNOI DES AGILES D'OR;;Moustique;Féminin;5;;;;;;0;;oui;s1:5x4;d7d5046f-9f15-495d-833e-20bc7416d932
2026 - 2027;s1;Lac-Saint-Louis;Flag football;Primaire;Flag football M M TOURNOI DES AIGLES D'OR;;Moustique;Masculin;5;;;;;;0;;oui;s1:5x4;a9e04c8a-98a6-4c79-b0ce-0e548eb1d1fc
2026 - 2027;s1;Lac-Saint-Louis;Flag football;Primaire;Flag football M U TOURNOI DES AIGLES D'OR;;Moustique;Mixte;7;;;;;;0;;oui;s1:5x4;437346ec-e9dc-494f-a7a4-d6b72e01abf0
2026 - 2027;s1;Lac-Saint-Louis;Football;Secondaire;Football A M football à 12 PRINTEMPS;;Atome;Masculin;0;0;0;0;0;0;0;;oui;s1:5x5;1e82e27b-630f-4518-b8d3-cdee9fb2a875
2026 - 2027;s1;Lac-Saint-Louis;Football;Secondaire;Football A M football à 9 PRINTEMPS;;Atome;Masculin;0;0;0;0;0;0;0;;oui;s1:5x5;47b11045-885d-451d-be23-053d16b6bab8
2026 - 2027;diffusion+s1;Lac-Saint-Louis;Football;Secondaire;Football B M football à 12;;Benjamin;Masculin;4;10;8;2;0;0;10;10;oui;d:5x5 s1:5x5;021570c6-9ad9-49d9-bf5d-ec6488f6afc1
2026 - 2027;diffusion+s1;Lac-Saint-Louis;Football;Secondaire;Football B M football à 9;;Benjamin;Masculin;3;9;9;0;0;0;9;9;oui;d:5x5 s1:5x5;e12deac4-3f42-4bcc-a473-efc99a94f4c8
2026 - 2027;diffusion+s1;Lac-Saint-Louis;Football;Secondaire;Football C M D3;D3;Cadet;Masculin;7;25;21;4;0;1;25;4;oui;d:5x5 s1:5x5;baee2674-0d4b-4748-aabf-a4f3ae8ac27d
2026 - 2027;diffusion+s1;Lac-Saint-Louis;Football;Secondaire;Football C M D4 Section Est;D4;Cadet;Masculin;6;48;42;6;0;1;55;6;oui;d:5x5 s1:5x5;16846103-1220-4d2c-8dfc-0d872770d5a4
2026 - 2027;diffusion+s1;Lac-Saint-Louis;Football;Secondaire;Football C M D4 Section Ouest;D4;Cadet;Masculin;7;48;42;6;0;1;0;;oui;d:5x5 s1:5x5;55b8d266-36cf-4e07-b065-040e7dd8f241
2026 - 2027;diffusion+s1;Lac-Saint-Louis;Football;Secondaire;Football J M D3 Section Est;D3;Juvénile;Masculin;7;55;49;6;0;3;55;6;oui;d:5x5 s1:5x5;7e7e8115-6a33-4311-a9f7-2ef5486cb678
2026 - 2027;diffusion+s1;Lac-Saint-Louis;Football;Secondaire;Football J M D3 Section Ouest;D3;Juvénile;Masculin;7;55;49;6;0;3;0;;oui;d:5x5 s1:5x5;9eada15f-af82-4183-b9ba-28a3f953134a
2026 - 2027;s1;Lac-Saint-Louis;Futsal;Secondaire;Futsal A F D3;D3;Atome;Féminin;0;0;0;0;0;0;0;;oui;s1:5x30;3425f49d-643a-4330-b1fc-ca2e814fef7e
2026 - 2027;s1;Lac-Saint-Louis;Futsal;Secondaire;Futsal A M D3;D3;Atome;Masculin;7;0;0;0;0;0;0;;oui;s1:5x30;0d2dff53-360d-488e-915b-b37ba729586d
2026 - 2027;s1;Lac-Saint-Louis;Futsal;Secondaire;Futsal A M D4;D4;Atome;Masculin;8;0;0;0;0;0;0;;oui;s1:5x30;0006945c-45a8-4366-94ba-7bc0ca29fd01
2026 - 2027;s1;Lac-Saint-Louis;Futsal;Secondaire;Futsal B F D3;D3;Benjamin;Féminin;5;0;0;0;0;0;0;;oui;s1:5x30;0a74d890-8e4d-4be9-9bb1-8a70fd2b8c42
2026 - 2027;s1;Lac-Saint-Louis;Futsal;Secondaire;Futsal B F D4;D4;Benjamin;Féminin;9;0;0;0;0;0;0;;oui;s1:5x30;dfb763f4-629f-40b4-9176-855e555ddee7
2026 - 2027;s1;Lac-Saint-Louis;Futsal;Secondaire;Futsal B M D3;D3;Benjamin;Masculin;7;0;0;0;0;0;0;;oui;s1:5x30;dcbf838a-3c5c-4b11-a618-2a776a523e21
2026 - 2027;s1;Lac-Saint-Louis;Futsal;Secondaire;Futsal B M D4 Niveau 1;D4;Benjamin;Masculin;10;0;0;0;0;0;0;;oui;s1:5x30;adc3b7f9-efb8-4cab-abc6-2048e476f05f
2026 - 2027;s1;Lac-Saint-Louis;Futsal;Secondaire;Futsal B M D4 Niveau 2;D4;Benjamin;Masculin;8;0;0;0;0;0;0;;oui;s1:5x30;3bac4091-3c80-4bec-9662-cc1d10190a6f
2026 - 2027;s1;Lac-Saint-Louis;Futsal;Secondaire;Futsal C F D3;D3;Cadet;Féminin;6;0;0;0;0;0;0;;oui;s1:5x30;dbacab2d-c9df-4963-b6df-0fbe9b157a37
2026 - 2027;s1;Lac-Saint-Louis;Futsal;Secondaire;Futsal C F D4;D4;Cadet;Féminin;8;0;0;0;0;0;0;;oui;s1:5x30;71980bc7-1178-48f2-ad3e-eec5b7653e52
2026 - 2027;s1;Lac-Saint-Louis;Futsal;Secondaire;Futsal C M D3;D3;Cadet;Masculin;10;0;0;0;0;0;0;;oui;s1:5x30;0fa40f77-e64a-4b09-8635-30f00c95e9c5
2026 - 2027;s1;Lac-Saint-Louis;Futsal;Secondaire;Futsal C M D4 Niveau 1;D4;Cadet;Masculin;8;0;0;0;0;0;0;;oui;s1:5x30;12214444-76c1-44b9-8e64-0b101ba6056b
2026 - 2027;s1;Lac-Saint-Louis;Futsal;Secondaire;Futsal C M D4 Niveau 2;D4;Cadet;Masculin;5;0;0;0;0;0;0;;oui;s1:5x30;23ef4401-d4e1-4323-b963-f951f95b048f
2026 - 2027;s1;Lac-Saint-Louis;Futsal;Secondaire;Futsal J F D3;D3;Juvénile;Féminin;1;0;0;0;0;0;0;;oui;s1:5x30;2390ffe4-1aab-47a0-95a4-e692e4e02bd5
2026 - 2027;s1;Lac-Saint-Louis;Futsal;Secondaire;Futsal J F D4;D4;Juvénile;Féminin;9;0;0;0;0;0;0;;oui;s1:5x30;2a8f2864-7a0f-4aa7-9b55-dc644b8d1135
2026 - 2027;s1;Lac-Saint-Louis;Futsal;Secondaire;Futsal J M D3;D3;Juvénile;Masculin;9;0;0;0;0;0;0;;oui;s1:5x30;49c59fff-125b-407a-a401-169c39f56fe6
2026 - 2027;s1;Lac-Saint-Louis;Futsal;Secondaire;Futsal J M D4 Niveau 1;D4;Juvénile;Masculin;5;0;0;0;0;0;0;;oui;s1:5x30;8b1621f6-4dec-4090-8f8f-7dd792b4b95f
2026 - 2027;s1;Lac-Saint-Louis;Futsal;Secondaire;Futsal J M D4 Niveau 2;D4;Juvénile;Masculin;6;0;0;0;0;0;0;;oui;s1:5x30;a0cbd70c-0f5a-4085-b1eb-f002cb97e763
2026 - 2027;s1;Lac-Saint-Louis;Hockey cosom;Primaire;Hockey cosom M F TOURNOI DU BLEU & OR ;;Moustique;Féminin;0;;;;;;0;;oui;s1:5x7;cab85200-1d86-41f3-97a0-50daf4a46199
2026 - 2027;s1;Lac-Saint-Louis;Hockey cosom;Primaire;Hockey cosom M M TOURNOI DU BLEU & OR ;;Moustique;Masculin;0;;;;;;0;;oui;s1:5x7;22a2dcf3-0086-4b23-af52-1aa64ed4cb0e
2026 - 2027;s1;Lac-Saint-Louis;Hockey sans contact;Primaire;Hockey sans contact P M Ligue régionale;;Primaire;Masculin;4;;;;;;0;;oui;s1:5x8;d79451c1-e55e-4c8b-811e-b8994728c962
2026 - 2027;s1;Lac-Saint-Louis;Improvisation;Secondaire;Improvisation C U D3;D3;Cadet;Mixte;6;0;0;0;0;0;0;;oui;s1:5x27;55bd0a59-07e3-4e28-920d-3adad84fc29e
2026 - 2027;s1;Lac-Saint-Louis;Improvisation;Secondaire;Improvisation J U D3;D3;Juvénile;Mixte;10;0;0;0;0;0;0;;oui;s1:5x27;e808d54c-f344-42d1-88e3-7716010c64b3
2026 - 2027;s1;Lac-Saint-Louis;Natation;Secondaire;Natation B F;;Benjamin;Féminin;9;0;0;0;0;0;0;;oui;s1:5x10;2012b81b-1059-4afb-bfe9-41b6c61e8e03
2026 - 2027;s1;Lac-Saint-Louis;Natation;Secondaire;Natation B M;;Benjamin;Masculin;8;0;0;0;0;0;0;;oui;s1:5x10;7dcd8943-c19e-4c27-96db-016ad5aba752
2026 - 2027;s1;Lac-Saint-Louis;Natation;Secondaire;Natation C F;;Cadet;Féminin;11;0;0;0;0;0;0;;oui;s1:5x10;e2f934d7-e09b-49b6-a0d7-5b0cad71065d
2026 - 2027;s1;Lac-Saint-Louis;Natation;Secondaire;Natation C M;;Cadet;Masculin;8;0;0;0;0;0;0;;oui;s1:5x10;7fcc4b22-7474-4469-ad47-bed3dcfea94c
2026 - 2027;s1;Lac-Saint-Louis;Natation;Secondaire;Natation J F;;Juvénile;Féminin;8;0;0;0;0;0;0;;oui;s1:5x10;2d66816f-d1ab-4417-94ff-8d2ae177cda4
2026 - 2027;s1;Lac-Saint-Louis;Natation;Secondaire;Natation J M;;Juvénile;Masculin;7;0;0;0;0;0;0;;oui;s1:5x10;77223891-c13d-47f2-8f85-6bb3ce77e300
2026 - 2027;s1;Lac-Saint-Louis;Natation;Secondaire;Natation M F;;Moustique;Féminin;0;0;0;0;0;0;0;;oui;s1:5x10;a03ffc66-ef75-4473-aab3-dde26a7a8633
2026 - 2027;s1;Lac-Saint-Louis;Natation;Secondaire;Natation M M;;Moustique;Masculin;0;0;0;0;0;0;0;;oui;s1:5x10;ed40d313-2127-48fa-9aca-425d82468fe8
2026 - 2027;s1;Lac-Saint-Louis;Soccer en gymnase;Primaire;Soccer en gymnase Co F FESTIVAL DES DRAGONS;;Colibri;Féminin;7;;;;;;0;;oui;s1:5x14;094bc0a3-560b-4724-bb33-450ada273213
2026 - 2027;s1;Lac-Saint-Louis;Soccer en gymnase;Primaire;Soccer en gymnase Co M FESTIVAL DES DRAGONS;;Colibri;Masculin;10;;;;;;0;;oui;s1:5x14;bbff5456-5b71-4333-86d5-bcbcf3e1695e
2026 - 2027;s1;Lac-Saint-Louis;Soccer en gymnase;Primaire;Soccer en gymnase M F COUPE BADABING;;Moustique;Féminin;11;;;;;;0;;oui;s1:5x14;4ecfb82b-2c1e-40a7-9296-21233f819c28
2026 - 2027;s1;Lac-Saint-Louis;Soccer en gymnase;Primaire;Soccer en gymnase M F CRS;;Moustique;Féminin;11;;;;;;0;;oui;s1:5x14;7511d06c-4b1a-48a1-84be-4b6b3b60d94a
2026 - 2027;s1;Lac-Saint-Louis;Soccer en gymnase;Primaire;Soccer en gymnase M F TOURNOI DES TRAPPEURS;;Moustique;Féminin;9;;;;;;0;;oui;s1:5x14;6be6613b-c0c9-4136-a07e-af5c623625c9
2026 - 2027;s1;Lac-Saint-Louis;Soccer en gymnase;Primaire;Soccer en gymnase M F TOURNOI DU BLEU & OR;;Moustique;Féminin;11;;;;;;0;;oui;s1:5x14;771abcec-9db0-4b0c-9d14-ab50cdbd87f7
2026 - 2027;s1;Lac-Saint-Louis;Soccer en gymnase;Primaire;Soccer en gymnase M M COUPE BADABING;;Moustique;Masculin;14;;;;;;0;;oui;s1:5x14;eb196f87-86f6-44cb-948e-e849e5920eae
2026 - 2027;s1;Lac-Saint-Louis;Soccer en gymnase;Primaire;Soccer en gymnase M M CRS;;Moustique;Masculin;14;;;;;;0;;oui;s1:5x14;3a034088-7dff-4a91-bcbc-c700afff72c4
2026 - 2027;s1;Lac-Saint-Louis;Soccer en gymnase;Primaire;Soccer en gymnase M M TOURNOI DES PHÉNIX;;Moustique;Masculin;14;;;;;;0;;oui;s1:5x14;1d6e6652-259b-48e8-9d09-df578736f130
2026 - 2027;s1;Lac-Saint-Louis;Soccer en gymnase;Primaire;Soccer en gymnase M M TOURNOI DU BLEU & OR;;Moustique;Masculin;15;;;;;;0;;oui;s1:5x14;031804f5-1e93-4b78-be29-98622092419a
2026 - 2027;s1;Lac-Saint-Louis;Ultimate;Secondaire;Ultimate B F D3;D3;Benjamin;Féminin;0;0;0;0;0;0;0;;oui;s1:5x25;a2258494-d831-44eb-89fe-83dfaeba70ce
2026 - 2027;s1;Lac-Saint-Louis;Ultimate;Secondaire;Ultimate B M D3;D3;Benjamin;Masculin;0;0;0;0;0;0;0;;oui;s1:5x25;d35311a2-0c8d-47b3-bcd4-f62f87a60c1c
2026 - 2027;s1;Lac-Saint-Louis;Ultimate;Secondaire;Ultimate B U D3;D3;Benjamin;Mixte;0;0;0;0;0;0;0;;oui;s1:5x25;9f82cb2a-8b1c-46ba-92dc-28c0b9d422c8
2026 - 2027;s1;Lac-Saint-Louis;Ultimate;Secondaire;Ultimate C F D3;D3;Cadet;Féminin;0;0;0;0;0;0;0;;oui;s1:5x25;acfd3a15-b7d5-4874-8c70-ba431b5d3648
2026 - 2027;s1;Lac-Saint-Louis;Ultimate;Secondaire;Ultimate C M D3;D3;Cadet;Masculin;0;0;0;0;0;0;0;;oui;s1:5x25;9b6675dd-752a-4802-9c0f-dde4230e8453
2026 - 2027;s1;Lac-Saint-Louis;Ultimate;Secondaire;Ultimate C U D3;D3;Cadet;Mixte;0;0;0;0;0;0;0;;oui;s1:5x25;700a609e-e5b8-4749-bb62-8fb8dd83ff84
2026 - 2027;s1;Lac-Saint-Louis;Ultimate;Secondaire;Ultimate J F D3;D3;Juvénile;Féminin;0;0;0;0;0;0;0;;oui;s1:5x25;514dbdc7-b3cc-4b23-a5ba-2d2706f2e585
2026 - 2027;s1;Lac-Saint-Louis;Ultimate;Secondaire;Ultimate J M D3;D3;Juvénile;Masculin;0;0;0;0;0;0;0;;oui;s1:5x25;3f7bb8d9-f49f-44ff-a0fb-3a48ddb05516
2026 - 2027;s1;Lac-Saint-Louis;Ultimate;Secondaire;Ultimate J U D3;D3;Juvénile;Mixte;0;0;0;0;0;0;0;;oui;s1:5x25;6e36bae1-cce9-4f41-9d62-421eb4d9186b
2026 - 2027;s1;Lac-Saint-Louis;Volleyball;Secondaire;Volleyball A F D3;D3;Atome;Féminin;10;0;0;0;0;0;0;;oui;s1:5x16;b018a790-754d-4edc-9f54-a09eb2d23420
2026 - 2027;s1;Lac-Saint-Louis;Volleyball;Secondaire;Volleyball A F D4 Niveau 1;D4;Atome;Féminin;12;0;0;0;0;0;0;;oui;s1:5x16;5bb64569-eafe-40fd-8548-e5f71de3c507
2026 - 2027;s1;Lac-Saint-Louis;Volleyball;Secondaire;Volleyball A F D4 Niveau 2;D4;Atome;Féminin;7;0;0;0;0;0;0;;oui;s1:5x16;7d64e1c3-05e2-4df6-8e75-40442f08456c
2026 - 2027;s1;Lac-Saint-Louis;Volleyball;Secondaire;Volleyball B F D3;D3;Benjamin;Féminin;9;0;0;0;0;0;0;;oui;s1:5x16;7ed8c010-9dea-4cd0-b16c-7e4df09fecbd
2026 - 2027;s1;Lac-Saint-Louis;Volleyball;Secondaire;Volleyball B F D4 Niveau 1;D4;Benjamin;Féminin;14;0;0;0;0;0;0;;oui;s1:5x16;40a1d6b0-3f24-4509-a685-39aee0410963
2026 - 2027;s1;Lac-Saint-Louis;Volleyball;Secondaire;Volleyball B F D4 Niveau 2;D4;Benjamin;Féminin;13;0;0;0;0;0;0;;oui;s1:5x16;f43b3d7d-b875-446d-9231-856c7b9b006f
2026 - 2027;s1;Lac-Saint-Louis;Volleyball;Secondaire;Volleyball B M D3;D3;Benjamin;Masculin;3;0;0;0;0;0;0;;oui;s1:5x16;59b5512b-2b23-4cf3-9671-9afb67752b64
2026 - 2027;s1;Lac-Saint-Louis;Volleyball;Secondaire;Volleyball C F D3;D3;Cadet;Féminin;10;0;0;0;0;0;0;;oui;s1:5x16;8170ca9d-bdfb-494e-a162-1d4a8ea701ee
2026 - 2027;s1;Lac-Saint-Louis;Volleyball;Secondaire;Volleyball C F D4 Niveau 1;D4;Cadet;Féminin;18;0;0;0;0;0;0;;oui;s1:5x16;dcf22102-bd82-4958-8cfc-80d31eb08d8d
2026 - 2027;s1;Lac-Saint-Louis;Volleyball;Secondaire;Volleyball C F D4 Niveau 2;D4;Cadet;Féminin;11;0;0;0;0;0;0;;oui;s1:5x16;62bcb25a-f505-4f37-bc63-179c63eb440a
2026 - 2027;s1;Lac-Saint-Louis;Volleyball;Secondaire;Volleyball C F D4 Niveau 3;D4;Cadet;Féminin;7;0;0;0;0;0;0;;oui;s1:5x16;4c9b9be4-f7c2-41f8-9cbc-58099f05f227
2026 - 2027;s1;Lac-Saint-Louis;Volleyball;Secondaire;Volleyball C M D3;D3;Cadet;Masculin;5;0;0;0;0;0;0;;oui;s1:5x16;97fcd7dd-ecc6-4da0-a3c4-bfc8965bfc25
2026 - 2027;s1;Lac-Saint-Louis;Volleyball;Primaire;Volleyball Co U Festival MIXTE;;Colibri;Mixte;4;;;;;;0;;oui;s1:5x16;35a85e8c-0506-404c-b3db-24ec6e397cf2
2026 - 2027;s1;Lac-Saint-Louis;Volleyball;Secondaire;Volleyball J F D3;D3;Juvénile;Féminin;7;0;0;0;0;0;0;;oui;s1:5x16;3c3b7096-1c9c-4993-aff5-8bce73566bb4
2026 - 2027;s1;Lac-Saint-Louis;Volleyball;Secondaire;Volleyball J F D4 Niveau 1;D4;Juvénile;Féminin;12;0;0;0;0;0;0;;oui;s1:5x16;930ce40f-993a-4d05-8fbd-b4a43d2c2e0d
2026 - 2027;s1;Lac-Saint-Louis;Volleyball;Secondaire;Volleyball J F D4 Niveau 2;D4;Juvénile;Féminin;8;0;0;0;0;0;0;;oui;s1:5x16;589e5c5f-fcca-461c-b438-7069c7ee603d
2026 - 2027;s1;Lac-Saint-Louis;Volleyball;Secondaire;Volleyball J M D3;D3;Juvénile;Masculin;3;0;0;0;0;0;0;;oui;s1:5x16;7a82fc40-cf30-4135-9811-820a923b3765
2026 - 2027;s1;Lac-Saint-Louis;Volleyball;Secondaire;Volleyball J M D4;D4;Juvénile;Masculin;7;0;0;0;0;0;0;;oui;s1:5x16;4000e986-9b24-4433-8069-ce5dcf8170e7
2026 - 2027;s1;Lac-Saint-Louis;Volleyball;Secondaire;Volleyball J U D3 MIXTE;D3;Juvénile;Mixte;6;0;0;0;0;0;0;;oui;s1:5x16;32fc0b88-fe8d-4d9f-b4ca-70cab9e41794
2026 - 2027;s1;Lac-Saint-Louis;Volleyball;Primaire;Volleyball M F Festival;;Moustique;Féminin;6;;;;;;0;;oui;s1:5x16;cff8af9c-0047-4fff-b713-5cdaea645868
2026 - 2027;s1;Lac-Saint-Louis;Volleyball;Primaire;Volleyball M M Festival ;;Moustique;Masculin;2;;;;;;0;;oui;s1:5x16;d26617eb-6bef-4970-ac31-213b5274a8f7
2026 - 2027;s1;Laurentides-Lanaudière;Athlétisme;Secondaire;Athlétisme B F D3;D3;Benjamin;Féminin;0;0;0;0;0;0;0;;oui;s1:6x0;2e1b8b6e-c88e-4c4c-90ee-9da9fac7e374
2026 - 2027;s1;Laurentides-Lanaudière;Athlétisme;Secondaire;Athlétisme B F D3 en salle;D3;Benjamin;Féminin;2;0;0;0;0;0;0;;oui;s1:6x0;6907096c-c0db-4211-ac51-d7ae648cd706
2026 - 2027;s1;Laurentides-Lanaudière;Athlétisme;Secondaire;Athlétisme B M D3;D3;Benjamin;Masculin;0;0;0;0;0;0;0;;oui;s1:6x0;7dca9c46-14f7-41f9-b38c-43af36f22861
2026 - 2027;s1;Laurentides-Lanaudière;Athlétisme;Secondaire;Athlétisme B M D3 en salle;D3;Benjamin;Masculin;2;0;0;0;0;0;0;;oui;s1:6x0;ae8692a1-4064-46a1-b459-f602296e0415
2026 - 2027;s1;Laurentides-Lanaudière;Athlétisme;Secondaire;Athlétisme C F D3;D3;Cadet;Féminin;0;0;0;0;0;0;0;;oui;s1:6x0;8ca7d7e7-bbbe-40b2-aee9-577fd023db3f
2026 - 2027;s1;Laurentides-Lanaudière;Athlétisme;Secondaire;Athlétisme C F D3 en salle;D3;Cadet;Féminin;3;0;0;0;0;0;0;;oui;s1:6x0;6bc68e26-534a-45db-9886-2c0c0a275d08
2026 - 2027;s1;Laurentides-Lanaudière;Athlétisme;Secondaire;Athlétisme C M D3;D3;Cadet;Masculin;0;0;0;0;0;0;0;;oui;s1:6x0;ab2d5306-41d3-48da-8787-38c25950ad00
2026 - 2027;s1;Laurentides-Lanaudière;Athlétisme;Secondaire;Athlétisme C M D3 en salle;D3;Cadet;Masculin;3;0;0;0;0;0;0;;oui;s1:6x0;a62054f6-a160-4d48-a9c4-6d8343676728
2026 - 2027;s1;Laurentides-Lanaudière;Athlétisme;Secondaire;Athlétisme J F D3;D3;Juvénile;Féminin;0;0;0;0;0;0;0;;oui;s1:6x0;0b3c27a5-41d9-4396-8c32-dfe788529c8d
2026 - 2027;s1;Laurentides-Lanaudière;Athlétisme;Secondaire;Athlétisme J F D3 en salle;D3;Juvénile;Féminin;3;0;0;0;0;0;0;;oui;s1:6x0;d3dd6106-8137-4a31-98ae-0d1cce89dff4
2026 - 2027;s1;Laurentides-Lanaudière;Athlétisme;Secondaire;Athlétisme J M D3;D3;Juvénile;Masculin;0;0;0;0;0;0;0;;oui;s1:6x0;59fb9fda-10ea-45de-99b6-38f406c25b13
2026 - 2027;s1;Laurentides-Lanaudière;Athlétisme;Secondaire;Athlétisme J M D3 en salle;D3;Juvénile;Masculin;4;0;0;0;0;0;0;;oui;s1:6x0;2392373e-7b3b-41de-b53a-1a0ed6cba0f2
2026 - 2027;s1;Laurentides-Lanaudière;Athlétisme;Primaire;Athlétisme P5 F;;Primaire 5;Féminin;0;;;;;;0;;oui;s1:6x0;4bd6cd29-2ebb-4bdb-9f5c-2a1b0ee0e077
2026 - 2027;s1;Laurentides-Lanaudière;Athlétisme;Primaire;Athlétisme P5 M;;Primaire 5;Masculin;0;;;;;;0;;oui;s1:6x0;a89d53c0-5506-4b20-8e49-1aa1a6a0dee5
2026 - 2027;s1;Laurentides-Lanaudière;Athlétisme;Primaire;Athlétisme P6 F;;Primaire 6;Féminin;0;;;;;;0;;oui;s1:6x0;0c40975e-5353-45cb-9c70-737eecf2f348
2026 - 2027;s1;Laurentides-Lanaudière;Athlétisme;Primaire;Athlétisme P6 M;;Primaire 6;Masculin;0;;;;;;0;;oui;s1:6x0;ac038041-d6cd-4251-adfa-b57ef9b9bbba
2026 - 2027;s1;Laurentides-Lanaudière;Badminton;Secondaire;Badminton B U D3;D3;Benjamin;Mixte;23;0;0;0;0;0;0;;oui;s1:6x18;17fda5e1-1696-4d1d-bd97-967afd0dd783
2026 - 2027;s1;Laurentides-Lanaudière;Badminton;Secondaire;Badminton C U D3;D3;Cadet;Mixte;21;0;0;0;0;0;0;;oui;s1:6x18;4009929d-7a1a-406b-b6d3-1d3e2d62ef52
2026 - 2027;s1;Laurentides-Lanaudière;Badminton;Secondaire;Badminton J U D3;D3;Juvénile;Mixte;17;0;0;0;0;0;0;;oui;s1:6x18;e44dbcbd-5e2f-4f7a-af07-c0be769d22b3
2026 - 2027;s1;Laurentides-Lanaudière;Badminton;Primaire;Badminton M U Festival Avancé;;Moustique;Mixte;0;;;;;;0;;oui;s1:6x18;1cf95d1e-6558-4636-9173-82b3cbb706de
2026 - 2027;s1;Laurentides-Lanaudière;Badminton;Primaire;Badminton M U Festival Débutant;;Moustique;Mixte;1;;;;;;0;;oui;s1:6x18;2f7d5a7d-53a8-4a21-a4f4-e49554cb7ebc
2026 - 2027;s1;Laurentides-Lanaudière;Badminton;Primaire;Badminton M U Festival Intermédiaire;;Moustique;Mixte;1;;;;;;0;;oui;s1:6x18;6e37e171-8126-481d-b4ae-7ec7b40f25f0
2026 - 2027;s1;Laurentides-Lanaudière;Basketball;Secondaire;Basketball B F D3;D3;Benjamin;Féminin;4;0;0;0;0;0;0;;oui;s1:6x1;6b99eec7-e7b2-46f2-bba4-a72e87601db5
2026 - 2027;s1;Laurentides-Lanaudière;Basketball;Secondaire;Basketball B F D4 Niveau 1 Bleue;D4;Benjamin;Féminin;6;0;0;0;0;0;0;;oui;s1:6x1;3158e5fe-4eb1-421e-922a-6222ca2606f8
2026 - 2027;s1;Laurentides-Lanaudière;Basketball;Secondaire;Basketball B F D4 Niveau 1 Noire;D4;Benjamin;Féminin;6;0;0;0;0;0;0;;oui;s1:6x1;ddfc8899-77c9-4ffd-886a-1be2c865d71e
2026 - 2027;s1;Laurentides-Lanaudière;Basketball;Secondaire;Basketball B F D4 Niveau 2;D4;Benjamin;Féminin;9;0;0;0;0;0;0;;oui;s1:6x1;f237baf4-feb0-4a47-b0ba-5bebdd5419c1
2026 - 2027;s1;Laurentides-Lanaudière;Basketball;Secondaire;Basketball B M D3;D3;Benjamin;Masculin;8;0;0;0;0;0;0;;oui;s1:6x1;f04d8cc6-6355-45e9-8802-38b81c6b7f31
2026 - 2027;s1;Laurentides-Lanaudière;Basketball;Secondaire;Basketball B M D4 Niveau 1;D4;Benjamin;Masculin;37;0;0;0;0;0;0;;oui;s1:6x1;8bcd690d-60f6-4dbd-b74e-a42ba125e30a
2026 - 2027;s1;Laurentides-Lanaudière;Basketball;Secondaire;Basketball B M D4 Niveau 2 Blanche;D4;Benjamin;Masculin;7;0;0;0;0;0;0;;oui;s1:6x1;772819eb-b565-41a0-aa51-c8f56b41807e
2026 - 2027;s1;Laurentides-Lanaudière;Basketball;Secondaire;Basketball B M D4 Niveau 2 Bleue;D4;Benjamin;Masculin;6;0;0;0;0;0;0;;oui;s1:6x1;418011c2-57ef-4129-875e-7cc6f9b5986f
2026 - 2027;s1;Laurentides-Lanaudière;Basketball;Secondaire;Basketball B M D4 Niveau 2 Noire;D4;Benjamin;Masculin;6;0;0;0;0;0;0;;oui;s1:6x1;17dc7613-5287-479d-ae7d-5ce85dc6cc57
2026 - 2027;s1;Laurentides-Lanaudière;Basketball;Secondaire;Basketball B M D4 Niveau 2 Rouge;D4;Benjamin;Masculin;6;0;0;0;0;0;0;;oui;s1:6x1;15dd7bd7-1f7f-4d02-a1b8-9d083c391615
2026 - 2027;s1;Laurentides-Lanaudière;Basketball;Secondaire;Basketball C F D3;D3;Cadet;Féminin;0;0;0;0;0;0;0;;oui;s1:6x1;354403c4-497d-4601-a533-7e5c9ab68261
2026 - 2027;s1;Laurentides-Lanaudière;Basketball;Secondaire;Basketball C F D4 Niveau 1;D4;Cadet;Féminin;7;0;0;0;0;0;0;;oui;s1:6x1;fda17253-035d-4e7b-a3a5-2fd28ba7fb18
2026 - 2027;s1;Laurentides-Lanaudière;Basketball;Secondaire;Basketball C F D4 Niveau 2;D4;Cadet;Féminin;5;0;0;0;0;0;0;;oui;s1:6x1;e3681cd2-a231-406a-b4e3-fa2bef5365c9
2026 - 2027;s1;Laurentides-Lanaudière;Basketball;Secondaire;Basketball C M D3;D3;Cadet;Masculin;7;0;0;0;0;0;0;;oui;s1:6x1;ebd618ba-a7a9-4644-b7b5-a95d248df474
2026 - 2027;s1;Laurentides-Lanaudière;Basketball;Secondaire;Basketball C M D4 Niveau 1 Bleue;D4;Cadet;Masculin;8;0;0;0;0;0;0;;oui;s1:6x1;02226582-194e-49b0-bae4-c65a55a23c50
2026 - 2027;s1;Laurentides-Lanaudière;Basketball;Secondaire;Basketball C M D4 Niveau 1 Noire;D4;Cadet;Masculin;8;0;0;0;0;0;0;;oui;s1:6x1;748baf54-15f0-4f3d-8f41-8f81666ce225
2026 - 2027;s1;Laurentides-Lanaudière;Basketball;Secondaire;Basketball C M D4 Niveau 1 Rouge;D4;Cadet;Masculin;8;0;0;0;0;0;0;;oui;s1:6x1;a5721829-93c9-4582-b93a-f2526dc145e1
2026 - 2027;s1;Laurentides-Lanaudière;Basketball;Secondaire;Basketball C M D4 Niveau 2 Bleue;D4;Cadet;Masculin;6;0;0;0;0;0;0;;oui;s1:6x1;6c757ffc-6b9b-4a35-bc91-c3b0aa01ee84
2026 - 2027;s1;Laurentides-Lanaudière;Basketball;Secondaire;Basketball C M D4 Niveau 2 Noire;D4;Cadet;Masculin;6;0;0;0;0;0;0;;oui;s1:6x1;0359407a-9ab8-4835-96b6-cca79d3e72dc
2026 - 2027;s1;Laurentides-Lanaudière;Basketball;Secondaire;Basketball J F D3;D3;Juvénile;Féminin;8;0;0;0;0;0;0;;oui;s1:6x1;76e40716-df81-43a5-a71b-aee94ccb8f67
2026 - 2027;s1;Laurentides-Lanaudière;Basketball;Secondaire;Basketball J F D4 Niveau 1;D4;Juvénile;Féminin;13;0;0;0;0;0;0;;oui;s1:6x1;283177e3-214d-47f6-ba46-15f1bad45551
2026 - 2027;s1;Laurentides-Lanaudière;Basketball;Secondaire;Basketball J F D4 Niveau 2 Bleue;D4;Juvénile;Féminin;7;0;0;0;0;0;0;;oui;s1:6x1;f32c5609-6135-4b35-8278-3c7425c5d039
2026 - 2027;s1;Laurentides-Lanaudière;Basketball;Secondaire;Basketball J F D4 Niveau 2 Noire;D4;Juvénile;Féminin;7;0;0;0;0;0;0;;oui;s1:6x1;ee06260c-e0ff-44c8-8fca-6b9b31c1851d
2026 - 2027;s1;Laurentides-Lanaudière;Basketball;Secondaire;Basketball J M D3 Bleue;D3;Juvénile;Masculin;10;0;0;0;0;0;0;;oui;s1:6x1;948a104b-b0a9-4c52-8885-7521b39fa679
2026 - 2027;s1;Laurentides-Lanaudière;Basketball;Secondaire;Basketball J M D3 Noire;D3;Juvénile;Masculin;10;0;0;0;0;0;0;;oui;s1:6x1;011f36b5-ca7b-44f5-85a0-0b578218c3a7
2026 - 2027;s1;Laurentides-Lanaudière;Basketball;Secondaire;Basketball J M D4 Niveau 1;D4;Juvénile;Masculin;33;0;0;0;0;0;0;;oui;s1:6x1;8475f67f-680f-4d1a-b996-2c91ac814570
2026 - 2027;s1;Laurentides-Lanaudière;Basketball;Secondaire;Basketball J M D4 Niveau 2 Bleue;D4;Juvénile;Masculin;8;0;0;0;0;0;0;;oui;s1:6x1;119cd1be-ec6e-45fc-8d87-acc9521b0d23
2026 - 2027;s1;Laurentides-Lanaudière;Basketball;Secondaire;Basketball J M D4 Niveau 2 Noire;D4;Juvénile;Masculin;9;0;0;0;0;0;0;;oui;s1:6x1;4241d807-2d73-4a56-b057-fae75a4d808e
2026 - 2027;s1;Laurentides-Lanaudière;Basketball;Primaire;Basketball M F CRS | 20 fév;;Moustique;Féminin;0;;;;;;0;;oui;s1:6x1;ff1e97a9-1904-48a6-b8c6-614b58e3d956
2026 - 2027;s1;Laurentides-Lanaudière;Basketball;Primaire;Basketball M F Festival Lanaudière | 27 nov Avancé;;Moustique;Féminin;1;;;;;;0;;oui;s1:6x1;7e830136-91bd-410e-bfb9-32d28d9ec371
2026 - 2027;s1;Laurentides-Lanaudière;Basketball;Primaire;Basketball M F Festival Lanaudière | 27 nov Intermédiaire;;Moustique;Féminin;1;;;;;;0;;oui;s1:6x1;dcbb53b8-8968-4c6a-8da7-1c98494b618c
2026 - 2027;s1;Laurentides-Lanaudière;Basketball;Primaire;Basketball M F Festival Laurentides | 13 nov Avancé;;Moustique;Féminin;1;;;;;;0;;oui;s1:6x1;3abe24d1-f224-427e-bf72-f9dc3853edc6
2026 - 2027;s1;Laurentides-Lanaudière;Basketball;Primaire;Basketball M F Festival Laurentides | 13 nov Intermédiaire;;Moustique;Féminin;4;;;;;;0;;oui;s1:6x1;a97a34e1-b3cc-440c-ad45-a0844e58db1b
2026 - 2027;s1;Laurentides-Lanaudière;Basketball;Primaire;Basketball M F Tournoi | 23 janv Avancé;;Moustique;Féminin;2;;;;;;0;;oui;s1:6x1;82597d00-1608-4c92-9aa7-297d0f784e09
2026 - 2027;s1;Laurentides-Lanaudière;Basketball;Primaire;Basketball M F Tournoi | 23 janv Intermédiaire;;Moustique;Féminin;1;;;;;;0;;oui;s1:6x1;c0e76a52-12b7-4599-8f9f-0c9c751dedac
2026 - 2027;s1;Laurentides-Lanaudière;Basketball;Primaire;Basketball M M CRS | 20 fév;;Moustique;Masculin;0;;;;;;0;;oui;s1:6x1;93a7109e-5fa8-4e87-b67b-d01bba5421dc
2026 - 2027;s1;Laurentides-Lanaudière;Basketball;Primaire;Basketball M M Festival Lanaudière | 27 nov Avancé;;Moustique;Masculin;3;;;;;;0;;oui;s1:6x1;7867a9c7-f311-44f7-9349-b2f290e1113b
2026 - 2027;s1;Laurentides-Lanaudière;Basketball;Primaire;Basketball M M Festival Lanaudière | 27 nov Intermédiaire;;Moustique;Masculin;0;;;;;;0;;oui;s1:6x1;26423a5b-095d-41c4-b47c-de7276f840ed
2026 - 2027;s1;Laurentides-Lanaudière;Basketball;Primaire;Basketball M M Festival Laurentides | 13 nov Avancé;;Moustique;Masculin;0;;;;;;0;;oui;s1:6x1;85b9f0e8-b05f-45a1-86f4-996bd1b5a64f
2026 - 2027;s1;Laurentides-Lanaudière;Basketball;Primaire;Basketball M M Festival Laurentides | 13 nov Intermédiaire;;Moustique;Masculin;5;;;;;;0;;oui;s1:6x1;767c163f-9a5c-43c9-ab9b-d40c74ffee6f
2026 - 2027;s1;Laurentides-Lanaudière;Basketball;Primaire;Basketball M M Tournoi | 23 janv Avancé;;Moustique;Masculin;0;;;;;;0;;oui;s1:6x1;50405681-6c09-4772-9a99-686f16aa875c
2026 - 2027;s1;Laurentides-Lanaudière;Basketball;Primaire;Basketball M M Tournoi | 23 janv Intermédiaire;;Moustique;Masculin;4;;;;;;0;;oui;s1:6x1;9f6e7256-1ccc-436e-9f9f-31bdfdb7ad36
2026 - 2027;s1;Laurentides-Lanaudière;Basketball;Primaire;Basketball M U Festival Lanaudière | 27 nov Débutant;;Moustique;Mixte;0;;;;;;0;;oui;s1:6x1;92b9f439-bd16-4a06-a3c5-78b36aa80c26
2026 - 2027;s1;Laurentides-Lanaudière;Basketball;Primaire;Basketball M U Festival Laurentides | 13 nov Débutant;;Moustique;Mixte;2;;;;;;0;;oui;s1:6x1;a0ef1a35-a785-4eea-9239-724d49cf4e63
2026 - 2027;s1;Laurentides-Lanaudière;Basketball;Primaire;Basketball M U Tournoi | 23 janv Débutant;;Moustique;Mixte;0;;;;;;0;;oui;s1:6x1;6e1deede-d41b-4b04-bab7-3d2cb1bb82b1
2026 - 2027;s1;Laurentides-Lanaudière;Cheerleading;Primaire;Cheerleading M U Niveau 1 Amicale | 14 fév Compétitif;;Moustique;Mixte;0;;;;;;0;;oui;s1:6x2;dbacf10a-4a91-45e9-a630-04e67d7e71b7
2026 - 2027;s1;Laurentides-Lanaudière;Cheerleading;Primaire;Cheerleading M U Niveau 1 Amicale | 14 fév Participatif;;Moustique;Mixte;0;;;;;;0;;oui;s1:6x2;65f56732-582a-4458-8eae-1a86582e0270
2026 - 2027;s1;Laurentides-Lanaudière;Cheerleading;Primaire;Cheerleading M U Niveau 1 CRS | 4 avril Compétitif;;Moustique;Mixte;0;;;;;;0;;oui;s1:6x2;2bd1021f-05a3-44b2-9f34-b923cd2c9579
2026 - 2027;s1;Laurentides-Lanaudière;Cheerleading;Primaire;Cheerleading M U Niveau 1 CRS | 4 avril Participatif;;Moustique;Mixte;0;;;;;;0;;oui;s1:6x2;1f55082e-5750-4c03-a534-0eb2e50581a0
2026 - 2027;s1;Laurentides-Lanaudière;Cheerleading;Secondaire;Cheerleading O U Amicale | 14 fév Niveau 2ST;;Ouvert;Mixte;2;0;0;0;0;0;0;;oui;s1:6x2;bd654820-daff-447e-800f-7d18b7e5c976
2026 - 2027;s1;Laurentides-Lanaudière;Cheerleading;Primaire;Cheerleading O U Camp | 8 déc;;Ouvert;Mixte;0;;;;;;0;;oui;s1:6x2;a9ae8fb7-43c6-47b2-87f9-f5a16a7c6330
2026 - 2027;s1;Laurentides-Lanaudière;Cheerleading;Secondaire;Cheerleading O U CRS | 4 avril Niveau 2ST;;Ouvert;Mixte;1;0;0;0;0;0;0;;oui;s1:6x2;5662f1f9-afad-4fca-9f2f-942c4d7a751b
2026 - 2027;s1;Laurentides-Lanaudière;Cheerleading;Secondaire;Cheerleading O U Festival | 20 nov;;Ouvert;Mixte;1;0;0;0;0;0;0;;oui;s1:6x2;e1668742-e8d2-4b5b-aaf8-b54dd70ca599
2026 - 2027;s1;Laurentides-Lanaudière;Cheerleading;Primaire;Cheerleading O U Festival | 20 nov;;Ouvert;Mixte;1;;;;;;0;;oui;s1:6x2;3442e3e4-64fb-4b5b-bb87-4536de3e1399
2026 - 2027;s1;Laurentides-Lanaudière;Cheerleading;Secondaire;Cheerleading O U Niveau 1 Amicale | 14 fév;;Ouvert;Mixte;0;0;0;0;0;0;0;;oui;s1:6x2;264471fa-93b9-426f-be93-95349ea3a689
2026 - 2027;s1;Laurentides-Lanaudière;Cheerleading;Primaire;Cheerleading O U Niveau 1 Amicale | 14 fév Compétitif;;Ouvert;Mixte;2;;;;;;0;;oui;s1:6x2;399b8b57-d1a4-4198-973c-bbb529cbbb62
2026 - 2027;s1;Laurentides-Lanaudière;Cheerleading;Primaire;Cheerleading O U Niveau 1 Amicale | 14 fév Participatif;;Ouvert;Mixte;0;;;;;;0;;oui;s1:6x2;39ba06ad-aa4c-46db-8ed3-6caaded5fbf0
2026 - 2027;s1;Laurentides-Lanaudière;Cheerleading;Secondaire;Cheerleading O U Niveau 1 CRS | 4 avril;;Ouvert;Mixte;0;0;0;0;0;0;0;;oui;s1:6x2;dfe2f596-4038-4317-8765-883b6e7c21bf
2026 - 2027;s1;Laurentides-Lanaudière;Cheerleading;Primaire;Cheerleading O U Niveau 1 CRS | 4 avril Compétitif;;Ouvert;Mixte;2;;;;;;0;;oui;s1:6x2;76c0ce86-11e5-41b3-888f-4a586ac4c201
2026 - 2027;s1;Laurentides-Lanaudière;Cheerleading;Primaire;Cheerleading O U Niveau 1 CRS | 4 avril Participatif;;Ouvert;Mixte;0;;;;;;0;;oui;s1:6x2;d2cafcdb-91be-4da7-8e08-c578081a5f25
2026 - 2027;s1;Laurentides-Lanaudière;Cheerleading;Secondaire;Cheerleading O U Niveau 2 Amicale | 14 fév;;Ouvert;Mixte;1;0;0;0;0;0;0;;oui;s1:6x2;f27d7f3a-323b-49c7-8986-aae2683e1ca5
2026 - 2027;s1;Laurentides-Lanaudière;Cheerleading;Secondaire;Cheerleading O U Niveau 2 CRS | 4 avril;;Ouvert;Mixte;2;0;0;0;0;0;0;;oui;s1:6x2;4aaf08e8-9c61-4a05-8aea-4e27b1f3eace
2026 - 2027;s1;Laurentides-Lanaudière;Cheerleading;Secondaire;Cheerleading O U Niveau 3 Amicale | 14 fév;;Ouvert;Mixte;0;0;0;0;0;0;0;;oui;s1:6x2;83edc45e-2e5b-4689-9df0-a7dc7bbcbb78
2026 - 2027;s1;Laurentides-Lanaudière;Cheerleading;Secondaire;Cheerleading O U Niveau 3 CRS | 4 avril;;Ouvert;Mixte;0;0;0;0;0;0;0;;oui;s1:6x2;015006b5-30d3-4a44-bc4a-a4900095d33b
2026 - 2027;s1;Laurentides-Lanaudière;code 59;Secondaire;MultiSport B U D4;D4;Benjamin;Mixte;1;0;0;0;0;0;0;;oui;s1:6x59;a2209e87-b517-4606-a3b3-0fd06e200e7c
2026 - 2027;s1;Laurentides-Lanaudière;code 59;Secondaire;MultiSport C U D4;D4;Cadet;Mixte;1;0;0;0;0;0;0;;oui;s1:6x59;02e531a0-61e8-450d-a90b-514605080055
2026 - 2027;s1;Laurentides-Lanaudière;code 59;Secondaire;MultiSport J U D4;D4;Juvénile;Mixte;1;0;0;0;0;0;0;;oui;s1:6x59;e1933de9-ef23-4c59-8906-4a7593ee6abd
2026 - 2027;s1;Laurentides-Lanaudière;Cross-country;Secondaire;Cross-country B F D3 Élite;D3;Benjamin;Féminin;31;0;0;0;0;0;0;;oui;s1:6x3;349cf0c9-14ad-4bd1-b2c8-fae79c9619c3
2026 - 2027;s1;Laurentides-Lanaudière;Cross-country;Secondaire;Cross-country B M D3 Élite;D3;Benjamin;Masculin;33;0;0;0;0;0;0;;oui;s1:6x3;99709e55-06a1-44a5-885b-4ce2f12b16fd
2026 - 2027;s1;Laurentides-Lanaudière;Cross-country;Secondaire;Cross-country C F D3 Élite;D3;Cadet;Féminin;32;0;0;0;0;0;0;;oui;s1:6x3;b95fa8e8-00b7-44c8-a4aa-7a8d86e37586
2026 - 2027;s1;Laurentides-Lanaudière;Cross-country;Secondaire;Cross-country C M D3 Élite;D3;Cadet;Masculin;33;0;0;0;0;0;0;;oui;s1:6x3;70d2f230-8994-497f-95f8-543494e6e7dd
2026 - 2027;s1;Laurentides-Lanaudière;Cross-country;Primaire;Cross-country Co F D3 Élite;D3;Colibri;Féminin;22;;;;;;0;;oui;s1:6x3;3cdd29a6-b994-4b42-9add-cfb0af64efa7
2026 - 2027;s1;Laurentides-Lanaudière;Cross-country;Primaire;Cross-country Co M D3 Élite;D3;Colibri;Masculin;22;;;;;;0;;oui;s1:6x3;65561e9a-c013-4872-8614-2e3d60b7f00b
2026 - 2027;s1;Laurentides-Lanaudière;Cross-country;Secondaire;Cross-country J F D3 Élite;D3;Juvénile;Féminin;28;0;0;0;0;0;0;;oui;s1:6x3;f1110339-f449-4335-91ed-5a8acaeb7c7b
2026 - 2027;s1;Laurentides-Lanaudière;Cross-country;Secondaire;Cross-country J M D3 Élite;D3;Juvénile;Masculin;29;0;0;0;0;0;0;;oui;s1:6x3;d6c91d73-7001-423c-b3ce-61f69af47ef8
2026 - 2027;s1;Laurentides-Lanaudière;Cross-country;Primaire;"Cross-country O F Participation 1,5 Km -Primaire";;Ouvert;Féminin;21;;;;;;0;;oui;s1:6x3;7cebce0c-00b7-45af-a003-83f40fbb2088
2026 - 2027;s1;Laurentides-Lanaudière;Cross-country;Primaire;Cross-country O F Participation 2 Km -Primaire;;Ouvert;Féminin;23;;;;;;0;;oui;s1:6x3;50fe8bf4-1ad1-4b1a-b1ab-0de03f84f57a
2026 - 2027;s1;Laurentides-Lanaudière;Cross-country;Secondaire;Cross-country O F Participation 2 Km -Secondaire;;Ouvert;Féminin;23;0;0;0;0;0;0;;oui;s1:6x3;19c71ef9-1f83-45d7-8783-b21e8ac3420a
2026 - 2027;s1;Laurentides-Lanaudière;Cross-country;Secondaire;Cross-country O F Participation 3 Km -Secondaire;;Ouvert;Féminin;32;0;0;0;0;0;0;;oui;s1:6x3;c8399357-c23f-4011-833e-2fcd25d810d6
2026 - 2027;s1;Laurentides-Lanaudière;Cross-country;Secondaire;Cross-country O F Participation 4 Km -Secondaire;;Ouvert;Féminin;29;0;0;0;0;0;0;;oui;s1:6x3;d1ffa40d-98ec-4882-ab83-19bfa6c17ff3
2026 - 2027;s1;Laurentides-Lanaudière;Cross-country;Primaire;"Cross-country O M Participation 1,5 Km -Primaire";;Ouvert;Masculin;19;;;;;;0;;oui;s1:6x3;e60d40be-38c7-495d-918e-af79dd42a160
2026 - 2027;s1;Laurentides-Lanaudière;Cross-country;Primaire;Cross-country O M Participation 2 Km -Primaire;;Ouvert;Masculin;24;;;;;;0;;oui;s1:6x3;882832d2-8e6f-48ab-9e73-54f2afffe77d
2026 - 2027;s1;Laurentides-Lanaudière;Cross-country;Secondaire;Cross-country O M Participation 2 Km -Secondaire;;Ouvert;Masculin;20;0;0;0;0;0;0;;oui;s1:6x3;f2c2d057-053a-4f87-86f2-72d7dbcff8c2
2026 - 2027;s1;Laurentides-Lanaudière;Cross-country;Secondaire;Cross-country O M Participation 3 Km -Secondaire;;Ouvert;Masculin;32;0;0;0;0;0;0;;oui;s1:6x3;7059f036-abd2-4f12-834f-4fbbd2be60cf
2026 - 2027;s1;Laurentides-Lanaudière;Cross-country;Secondaire;Cross-country O M Participation 4 Km -Secondaire;;Ouvert;Masculin;30;0;0;0;0;0;0;;oui;s1:6x3;8008cd74-2064-46eb-a891-70e704ab790e
2026 - 2027;s1;Laurentides-Lanaudière;Cross-country;Primaire;Cross-country P5 F D3 Élite;D3;Primaire 5;Féminin;23;;;;;;0;;oui;s1:6x3;cecdb150-3ec5-48ef-94ba-c534c853ae4f
2026 - 2027;s1;Laurentides-Lanaudière;Cross-country;Primaire;Cross-country P5 M D3 Élite;D3;Primaire 5;Masculin;25;;;;;;0;;oui;s1:6x3;b99d98ca-fe7b-4278-8305-69c517376267
2026 - 2027;s1;Laurentides-Lanaudière;Cross-country;Primaire;Cross-country P6 F D3 Élite;D3;Primaire 6;Féminin;28;;;;;;0;;oui;s1:6x3;78877ed9-7900-4766-9027-f5cb1632293f
2026 - 2027;s1;Laurentides-Lanaudière;Cross-country;Primaire;Cross-country P6 M D3 Élite;D3;Primaire 6;Masculin;26;;;;;;0;;oui;s1:6x3;bc5c0f35-8b05-4d2c-a8cf-3f3c0517c664
2026 - 2027;s1;Laurentides-Lanaudière;Dek Hockey;Primaire;Dek Hockey M U Festival;;Moustique;Mixte;0;;;;;;0;;oui;s1:6x53;9f6c47eb-44a3-4e06-8a0a-8919542060e2
2026 - 2027;s1;Laurentides-Lanaudière;Dek Hockey;Secondaire;Dek Hockey O M Secondaire;;Ouvert;Masculin;0;0;0;0;0;0;0;;oui;s1:6x53;c820f97a-5ac2-4418-a031-3e76eb7fd02c
2026 - 2027;diffusion+s1;Laurentides-Lanaudière;Flag football;Secondaire;Flag football B F Compétitif (27 sept - 11 oct - 25 oct);;Benjamin;Féminin;7;21;21;0;0;0;21;21;oui;d:6x4 s1:6x4;d08b8999-361a-491f-998c-d6531cb81a16
2026 - 2027;diffusion+s1;Laurentides-Lanaudière;Flag football;Secondaire;Flag football B F Compétitif (4 oct- 18 oct - 1er nov);;Benjamin;Féminin;11;33;33;0;0;0;33;33;oui;d:6x4 s1:6x4;638ac4c9-e288-466e-b1e9-498640e3eb56
2026 - 2027;s1;Laurentides-Lanaudière;Flag football;Secondaire;Flag football B F D3 Printemps;D3;Benjamin;Féminin;0;0;0;0;0;0;0;;oui;s1:6x4;aea5ee1d-57d5-4692-8742-e1b965bf2094
2026 - 2027;s1;Laurentides-Lanaudière;Flag football;Secondaire;Flag football B F D4 Niveau 1 Printemps;D4;Benjamin;Féminin;0;0;0;0;0;0;0;;oui;s1:6x4;a6397d0e-9189-423c-8d89-00d741380b49
2026 - 2027;diffusion+s1;Laurentides-Lanaudière;Flag football;Secondaire;Flag football B F D4 Niveau 2 (4 oct- 18 oct - 1er nov);D4;Benjamin;Féminin;15;45;45;0;0;0;45;22;oui;d:6x4 s1:6x4;5c816056-f4f9-43fc-86a0-7944bdbcf8dd
2026 - 2027;s1;Laurentides-Lanaudière;Flag football;Secondaire;Flag football B F D4 Niveau 2 Printemps;D4;Benjamin;Féminin;0;0;0;0;0;0;0;;oui;s1:6x4;17558c8b-8ba4-4ced-8495-b790bae3c618
2026 - 2027;diffusion+s1;Laurentides-Lanaudière;Flag football;Secondaire;Flag football B M Compétitif (27 sept - 11 oct - 25 oct);;Benjamin;Masculin;11;33;33;0;0;0;33;33;oui;d:6x4 s1:6x4;c08c6c00-f6cf-4e55-a110-1465dadfd59c
2026 - 2027;s1;Laurentides-Lanaudière;Flag football;Secondaire;Flag football B M D3 Printemps;D3;Benjamin;Masculin;0;0;0;0;0;0;0;;oui;s1:6x4;0cba1fac-a85f-4bd5-8704-18cecd220d80
2026 - 2027;s1;Laurentides-Lanaudière;Flag football;Secondaire;Flag football B M D4 Printemps;D4;Benjamin;Masculin;0;0;0;0;0;0;0;;oui;s1:6x4;662f9158-11b5-4e57-920c-c07e5173eaab
2026 - 2027;diffusion+s1;Laurentides-Lanaudière;Flag football;Secondaire;Flag football C F Compétitif (26 sept - 10 oct - 24 oct);;Cadet;Féminin;11;33;33;0;0;0;33;33;oui;d:6x4 s1:6x4;cfa1120a-1ed1-470d-bd80-096e89e3e21a
2026 - 2027;diffusion+s1;Laurentides-Lanaudière;Flag football;Secondaire;Flag football C F Compétitif (3 oct - 17 oct - 31 oct);;Cadet;Féminin;12;36;36;0;0;0;36;36;oui;d:6x4 s1:6x4;90d6da5e-e83f-4c0b-ab1b-e2be58cc9226
2026 - 2027;s1;Laurentides-Lanaudière;Flag football;Secondaire;Flag football C F D3 Printemps;D3;Cadet;Féminin;0;0;0;0;0;0;0;;oui;s1:6x4;bef108a2-78ab-4d9d-b41e-7de8bbe7219d
2026 - 2027;s1;Laurentides-Lanaudière;Flag football;Secondaire;Flag football C F D4 Niveau 1 Printemps;D4;Cadet;Féminin;0;0;0;0;0;0;0;;oui;s1:6x4;6d9f31ec-45be-42a2-89f0-60b1072ba0d3
2026 - 2027;diffusion+s1;Laurentides-Lanaudière;Flag football;Secondaire;Flag football C F D4 Niveau 2 (3 oct - 17 oct - 31 oct);D4;Cadet;Féminin;15;45;45;0;0;0;45;39;oui;d:6x4 s1:6x4;986dce02-03f9-44b9-a27f-a8a9b8645a1e
2026 - 2027;s1;Laurentides-Lanaudière;Flag football;Secondaire;Flag football C F D4 Niveau 2 Printemps;D4;Cadet;Féminin;0;0;0;0;0;0;0;;oui;s1:6x4;cc7df1fc-a4c8-4e47-90a6-c3e6753393cf
2026 - 2027;diffusion+s1;Laurentides-Lanaudière;Flag football;Secondaire;Flag football C M Compétitif (26 sept - 10 oct - 24 oct);;Cadet;Masculin;10;30;30;0;0;0;30;30;oui;d:6x4 s1:6x4;4ab98e64-4ed8-4fdf-933c-441b08d62459
2026 - 2027;s1;Laurentides-Lanaudière;Flag football;Secondaire;Flag football C M D3 Printemps;D3;Cadet;Masculin;0;0;0;0;0;0;0;;oui;s1:6x4;0cef4251-63ea-4fde-a88d-353edd649145
2026 - 2027;s1;Laurentides-Lanaudière;Flag football;Secondaire;Flag football C M D4 Printemps;D4;Cadet;Masculin;0;0;0;0;0;0;0;;oui;s1:6x4;44940da6-b978-4560-b658-554aff954110
2026 - 2027;diffusion+s1;Laurentides-Lanaudière;Flag football;Secondaire;Flag football J F Compétitif Automne;;Juvénile;Féminin;21;63;63;0;0;0;63;63;oui;d:6x4 s1:6x4;7d7f55ab-5ade-4fa7-8d84-28fe03cadf16
2026 - 2027;s1;Laurentides-Lanaudière;Flag football;Secondaire;Flag football J F D3 Printemps;D3;Juvénile;Féminin;0;0;0;0;0;0;0;;oui;s1:6x4;3af0673b-6cfe-4684-82a2-6d9e62613acc
2026 - 2027;s1;Laurentides-Lanaudière;Flag football;Secondaire;Flag football J F D4 Niveau 1 Printemps;D4;Juvénile;Féminin;0;0;0;0;0;0;0;;oui;s1:6x4;257554c2-c7d3-4dcf-8c73-e54d390df4e8
2026 - 2027;diffusion+s1;Laurentides-Lanaudière;Flag football;Secondaire;Flag football J F D4 Niveau 2 Automne;D4;Juvénile;Féminin;18;54;54;0;0;0;54;47;oui;d:6x4 s1:6x4;3d434102-27bb-455e-a8b6-0ab83c70c6dc
2026 - 2027;s1;Laurentides-Lanaudière;Flag football;Secondaire;Flag football J F D4 Niveau 2 Printemps;D4;Juvénile;Féminin;0;0;0;0;0;0;0;;oui;s1:6x4;55ce822d-4013-4cfa-9663-e71d30d20019
2026 - 2027;diffusion+s1;Laurentides-Lanaudière;Flag football;Secondaire;Flag football J M Compétitif Automne;;Juvénile;Masculin;9;27;27;0;0;0;27;27;oui;d:6x4 s1:6x4;71a28afa-de06-4155-a869-ab5557f669f9
2026 - 2027;s1;Laurentides-Lanaudière;Flag football;Secondaire;Flag football J M D3 Printemps;D3;Juvénile;Masculin;0;0;0;0;0;0;0;;oui;s1:6x4;5a5873b6-1d0e-4973-8745-e4b985d90e53
2026 - 2027;s1;Laurentides-Lanaudière;Flag football;Secondaire;Flag football J M D4 Printemps;D4;Juvénile;Masculin;0;0;0;0;0;0;0;;oui;s1:6x4;017fa190-c76a-41c9-b0b5-6dfc79dfa0c1
2026 - 2027;s1;Laurentides-Lanaudière;Flag football;Primaire;Flag football M U Festival Participatif;;Moustique;Mixte;0;;;;;;0;;oui;s1:6x4;0f17c4f7-79d3-4c96-adb4-10f9f3d212b7
2026 - 2027;s1;Laurentides-Lanaudière;Flag football;Primaire;Flag football M U Tournoi Compétitif;;Moustique;Mixte;0;;;;;;0;;oui;s1:6x4;ed6dc4f6-1e3e-4aa2-ad93-517a69ad703d
2026 - 2027;diffusion+s1;Laurentides-Lanaudière;Football;Secondaire;Football B U D4;D4;Benjamin;Mixte;7;35;28;7;0;0;35;14;oui;d:6x5 s1:6x5;a21fb0b3-b186-45bb-84ca-840b8a9f5642
2026 - 2027;diffusion+s1;Laurentides-Lanaudière;Football;Secondaire;Football C U D4;D4;Cadet;Mixte;9;48;45;3;0;0;48;12;oui;d:6x5 s1:6x5;f4e044d0-c9ff-4cff-bbe7-e84b50ba4d28
2026 - 2027;s1;Laurentides-Lanaudière;Football;Secondaire;Football C U D4 à 9 joueurs;D4;Cadet;Mixte;0;0;0;0;0;0;0;;oui;s1:6x5;b6e526be-15a1-4215-874b-aed257e43db8
2026 - 2027;s1;Laurentides-Lanaudière;Football;Secondaire;Football C U D4 à 9 joueurs Printemps;D4;Cadet;Mixte;0;0;0;0;0;0;0;;oui;s1:6x5;20aa4c7d-fef1-47ac-8eca-a7f8613b5e93
2026 - 2027;diffusion+s1;Laurentides-Lanaudière;Football;Secondaire;Football J U D3;D3;Juvénile;Mixte;7;36;28;8;0;0;36;15;oui;d:6x5 s1:6x5;458ecdac-d02e-4c63-a05c-7784fab5cd2c
2026 - 2027;diffusion+s1;Laurentides-Lanaudière;Football;Secondaire;Football J U D4;D4;Juvénile;Mixte;5;33;30;3;0;0;33;13;oui;d:6x5 s1:6x5;4b1da324-7302-4b42-baf3-23691d505a24
2026 - 2027;diffusion+s1;Laurentides-Lanaudière;Football;Secondaire;Football J U D4 à 9 joueurs;D4;Juvénile;Mixte;4;17;17;0;0;0;17;5;oui;d:6x5 s1:6x5;e4d10c83-9599-4f95-9d63-b253dc1345c2
2026 - 2027;s1;Laurentides-Lanaudière;Futsal;Secondaire;Futsal B F D3;D3;Benjamin;Féminin;0;0;0;0;0;0;0;;oui;s1:6x30;29147fcb-8fd2-4469-a21f-77e38c749446
2026 - 2027;s1;Laurentides-Lanaudière;Futsal;Secondaire;Futsal B F D4 Niveau 1;D4;Benjamin;Féminin;10;0;0;0;0;0;0;;oui;s1:6x30;be210899-0223-418d-9390-a651d031ca8e
2026 - 2027;s1;Laurentides-Lanaudière;Futsal;Secondaire;Futsal B F D4 Niveau 2;D4;Benjamin;Féminin;0;0;0;0;0;0;0;;oui;s1:6x30;8fb39ede-fde8-4385-a096-72e730ab1067
2026 - 2027;s1;Laurentides-Lanaudière;Futsal;Secondaire;Futsal B M D3;D3;Benjamin;Masculin;13;0;0;0;0;0;0;;oui;s1:6x30;e1ae6e5a-af56-488d-9254-6dd1874519ae
2026 - 2027;s1;Laurentides-Lanaudière;Futsal;Secondaire;Futsal B M D4 Niveau 1;D4;Benjamin;Masculin;41;0;0;0;0;0;0;;oui;s1:6x30;553391dd-e101-458f-a301-726ec226ba53
2026 - 2027;s1;Laurentides-Lanaudière;Futsal;Secondaire;Futsal B M D4 Niveau 2;D4;Benjamin;Masculin;17;0;0;0;0;0;0;;oui;s1:6x30;9de8d070-3d39-4a23-823d-40581c2281f7
2026 - 2027;s1;Laurentides-Lanaudière;Futsal;Secondaire;Futsal C F D3;D3;Cadet;Féminin;6;0;0;0;0;0;0;;oui;s1:6x30;53b5f545-3028-4617-955e-857c062f3ef0
2026 - 2027;s1;Laurentides-Lanaudière;Futsal;Secondaire;Futsal C F D4 Niveau 1;D4;Cadet;Féminin;9;0;0;0;0;0;0;;oui;s1:6x30;c12bb40a-c1d8-402c-947b-02c188cd2b70
2026 - 2027;s1;Laurentides-Lanaudière;Futsal;Secondaire;Futsal C F D4 Niveau 2;D4;Cadet;Féminin;0;0;0;0;0;0;0;;oui;s1:6x30;bf8b18aa-8462-4fb3-9987-3c00baebc454
2026 - 2027;s1;Laurentides-Lanaudière;Futsal;Secondaire;Futsal C M D3;D3;Cadet;Masculin;10;0;0;0;0;0;0;;oui;s1:6x30;5e2f9db3-460a-4aac-9a59-5e2a8c5f68a8
2026 - 2027;s1;Laurentides-Lanaudière;Futsal;Secondaire;Futsal C M D4 Niveau 1;D4;Cadet;Masculin;37;0;0;0;0;0;0;;oui;s1:6x30;6e9caae3-6805-468d-8798-bbbaf5f2d84b
2026 - 2027;s1;Laurentides-Lanaudière;Futsal;Secondaire;Futsal C M D4 Niveau 2;D4;Cadet;Masculin;5;0;0;0;0;0;0;;oui;s1:6x30;a769c817-d3e3-472b-a948-ce0bdcdde1ec
2026 - 2027;s1;Laurentides-Lanaudière;Futsal;Secondaire;Futsal J F D3;D3;Juvénile;Féminin;2;0;0;0;0;0;0;;oui;s1:6x30;5816a3e4-ce29-4e66-bf7d-d1e0319de160
2026 - 2027;s1;Laurentides-Lanaudière;Futsal;Secondaire;Futsal J F D4 Niveau 1;D4;Juvénile;Féminin;5;0;0;0;0;0;0;;oui;s1:6x30;87118b7f-a1cf-46ab-b8d4-020a6158e587
2026 - 2027;s1;Laurentides-Lanaudière;Futsal;Secondaire;Futsal J F D4 Niveau 2;D4;Juvénile;Féminin;7;0;0;0;0;0;0;;oui;s1:6x30;726e8d31-f007-4bc0-a661-8626317f4a8d
2026 - 2027;s1;Laurentides-Lanaudière;Futsal;Secondaire;Futsal J M D3;D3;Juvénile;Masculin;8;0;0;0;0;0;0;;oui;s1:6x30;df1fdded-5025-452e-a233-17f12a958477
2026 - 2027;s1;Laurentides-Lanaudière;Futsal;Secondaire;Futsal J M D4 Niveau 1;D4;Juvénile;Masculin;27;0;0;0;0;0;0;;oui;s1:6x30;a643c67c-9c30-4595-8c1f-b06d59720c57
2026 - 2027;s1;Laurentides-Lanaudière;Futsal;Secondaire;Futsal J M D4 Niveau 2;D4;Juvénile;Masculin;0;0;0;0;0;0;0;;oui;s1:6x30;42ec6cf0-6a29-44d2-8739-2463065aae66
2026 - 2027;s1;Laurentides-Lanaudière;Futsal;Primaire;Futsal M U Festival | 2 nov Avancé;;Moustique;Mixte;0;;;;;;0;;oui;s1:6x30;218c7f9b-61a3-4995-97e7-e0d78360b4a3
2026 - 2027;s1;Laurentides-Lanaudière;Futsal;Primaire;Futsal M U Festival | 2 nov Débutant;;Moustique;Mixte;0;;;;;;0;;oui;s1:6x30;c414fbdb-51c9-4a58-b5c3-b4e283b7bd09
2026 - 2027;s1;Laurentides-Lanaudière;Futsal;Primaire;Futsal M U Festival | 2 nov Intermédiaire;;Moustique;Mixte;1;;;;;;0;;oui;s1:6x30;b88ba7af-3562-43a8-b4e9-de259ced79d3
2026 - 2027;s1;Laurentides-Lanaudière;Futsal;Primaire;Futsal M U Tournoi | 15 nov Avancé;;Moustique;Mixte;0;;;;;;0;;oui;s1:6x30;f6f0a5a0-75b1-4450-a266-06ee366a9723
2026 - 2027;s1;Laurentides-Lanaudière;Futsal;Primaire;Futsal M U Tournoi | 15 nov Débutant;;Moustique;Mixte;0;;;;;;0;;oui;s1:6x30;134db699-3826-4df4-88cc-832f1c44c90d
2026 - 2027;s1;Laurentides-Lanaudière;Futsal;Primaire;Futsal M U Tournoi | 15 nov Intermédiaire;;Moustique;Mixte;0;;;;;;0;;oui;s1:6x30;f05b2e24-9c0a-42f1-b289-de42b7706706
2026 - 2027;s1;Laurentides-Lanaudière;Golf;Secondaire;Golf B F;;Benjamin;Féminin;1;0;0;0;0;0;0;;oui;s1:6x6;6327dc06-7df7-4525-abfd-b6f0f9171556
2026 - 2027;s1;Laurentides-Lanaudière;Golf;Secondaire;Golf B M;;Benjamin;Masculin;3;0;0;0;0;0;0;;oui;s1:6x6;8c07f965-3360-4cea-87c0-ba13b2f3f379
2026 - 2027;s1;Laurentides-Lanaudière;Golf;Secondaire;Golf C F;;Cadet;Féminin;0;0;0;0;0;0;0;;oui;s1:6x6;b9c0ef76-20d2-48cc-86ed-91b11b5638d0
2026 - 2027;s1;Laurentides-Lanaudière;Golf;Secondaire;Golf C M;;Cadet;Masculin;3;0;0;0;0;0;0;;oui;s1:6x6;37f92fc8-3879-49d7-83d3-2cbdb5102de7
2026 - 2027;s1;Laurentides-Lanaudière;Golf;Secondaire;Golf J F;;Juvénile;Féminin;1;0;0;0;0;0;0;;oui;s1:6x6;5cdbe2d5-e09f-4ef4-82b1-7d9953fbce35
2026 - 2027;s1;Laurentides-Lanaudière;Golf;Secondaire;Golf J M;;Juvénile;Masculin;4;0;0;0;0;0;0;;oui;s1:6x6;f4427255-4787-4225-90ed-c3ed567c35d2
2026 - 2027;s1;Laurentides-Lanaudière;Hockey cosom;Primaire;Hockey cosom M U Festival | 11 déc;;Moustique;Mixte;0;;;;;;0;;oui;s1:6x7;381e1672-d9ab-4299-aaad-cd41a12da6c1
2026 - 2027;s1;Laurentides-Lanaudière;Hockey;Secondaire;Hockey M14 M D4 Niveau 1 Bleue;D4;M14;Masculin;5;0;0;0;0;0;0;;oui;s1:6x9;cde0c690-5818-470a-ad08-0b5179f291c8
2026 - 2027;s1;Laurentides-Lanaudière;Hockey;Secondaire;Hockey M14 M D4 Niveau 1 Noire;D4;M14;Masculin;5;0;0;0;0;0;0;;oui;s1:6x9;3fd40160-7a4a-4424-bcf9-9331324fc0c9
2026 - 2027;s1;Laurentides-Lanaudière;Hockey;Secondaire;Hockey M14 M D4 Niveau 2;D4;M14;Masculin;5;0;0;0;0;0;0;;oui;s1:6x9;c221e22a-eff3-4ec5-b033-b143eda72eef
2026 - 2027;s1;Laurentides-Lanaudière;Hockey;Secondaire;Hockey M14 M Ligue amicale;;M14;Masculin;6;0;0;0;0;0;0;;oui;s1:6x9;1e5b3cca-cf57-4e75-9e84-3c71435998fd
2026 - 2027;s1;Laurentides-Lanaudière;Hockey;Secondaire;Hockey M15 F D4;D4;M15;Féminin;1;0;0;0;0;0;0;;oui;s1:6x9;7c358257-df41-4592-a47c-01830c195522
2026 - 2027;s1;Laurentides-Lanaudière;Hockey;Secondaire;Hockey M15 M D4 Niveau 1;D4;M15;Masculin;4;0;0;0;0;0;0;;oui;s1:6x9;44a68f22-6524-4b26-8d6e-4199a6e973e1
2026 - 2027;s1;Laurentides-Lanaudière;Hockey;Secondaire;Hockey M15 M D4 Niveau 2;D4;M15;Masculin;0;0;0;0;0;0;0;;oui;s1:6x9;910476a1-8eb3-4fb8-9d69-bd5acf0e64ea
2026 - 2027;s1;Laurentides-Lanaudière;Hockey;Secondaire;Hockey M15 M Ligue amicale;;M15;Masculin;7;0;0;0;0;0;0;;oui;s1:6x9;4c93d25c-6d09-44c7-b9b6-5d291117e0a4
2026 - 2027;s1;Laurentides-Lanaudière;Hockey;Secondaire;Hockey M18 F D4;D4;M18;Féminin;0;0;0;0;0;0;0;;oui;s1:6x9;a0ad462e-fd6d-4774-8d9e-1a7fbb71f140
2026 - 2027;s1;Laurentides-Lanaudière;Hockey;Secondaire;Hockey M18 M D4 Niveau 1;D4;M18;Masculin;7;0;0;0;0;0;0;;oui;s1:6x9;30403f58-6f2d-4ba4-957d-63ce12a3cb6a
2026 - 2027;s1;Laurentides-Lanaudière;Hockey;Secondaire;Hockey M18 M D4 Niveau 2;D4;M18;Masculin;4;0;0;0;0;0;0;;oui;s1:6x9;afd1ba6f-a4d4-450b-92e2-ef52aec70ce9
2026 - 2027;s1;Laurentides-Lanaudière;Hockey;Secondaire;Hockey M18 M Ligue amicale;;M18;Masculin;7;0;0;0;0;0;0;;oui;s1:6x9;001e4ba0-4e71-4aeb-9a45-61d7dc49aa00
2026 - 2027;s1;Laurentides-Lanaudière;Natation;Secondaire;Natation B F D3;D3;Benjamin;Féminin;3;0;0;0;0;0;0;;oui;s1:6x10;957e55c1-fe06-4298-9270-9c83dd7d306e
2026 - 2027;s1;Laurentides-Lanaudière;Natation;Secondaire;Natation B M D3;D3;Benjamin;Masculin;2;0;0;0;0;0;0;;oui;s1:6x10;bf667f8d-f33e-4ba4-8951-eaa46d5abee5
2026 - 2027;s1;Laurentides-Lanaudière;Natation;Secondaire;Natation C F D3;D3;Cadet;Féminin;3;0;0;0;0;0;0;;oui;s1:6x10;1776abe2-d931-4521-b11e-775ef5f8b0b3
2026 - 2027;s1;Laurentides-Lanaudière;Natation;Secondaire;Natation C M D3;D3;Cadet;Masculin;3;0;0;0;0;0;0;;oui;s1:6x10;96e27b5a-53b5-4156-a3b8-978452c43d21
2026 - 2027;s1;Laurentides-Lanaudière;Natation;Secondaire;Natation J F D3;D3;Juvénile;Féminin;3;0;0;0;0;0;0;;oui;s1:6x10;ac627868-831f-41b1-b3c6-aef76f128dee
2026 - 2027;s1;Laurentides-Lanaudière;Natation;Secondaire;Natation J M D3;D3;Juvénile;Masculin;2;0;0;0;0;0;0;;oui;s1:6x10;45b46bb6-8cd0-4d44-a781-99f4e118f554
2026 - 2027;s1;Laurentides-Lanaudière;Soccer intérieur;Primaire;Soccer intérieur Co U Festival | 14 mai;;Colibri;Mixte;0;;;;;;0;;oui;s1:6x12;e7fa8050-17b2-46f8-bf96-9d0ec0f9801f
2026 - 2027;s1;Laurentides-Lanaudière;Soccer intérieur;Primaire;Soccer intérieur M F Festival | 14 mai Débutant;;Moustique;Féminin;0;;;;;;0;;oui;s1:6x12;0cb7b65d-9038-4389-91e7-4e9cca29144e
2026 - 2027;s1;Laurentides-Lanaudière;Soccer intérieur;Primaire;Soccer intérieur M F Festival | 14 mai Intermédiaire;;Moustique;Féminin;0;;;;;;0;;oui;s1:6x12;6c1638d8-834c-4841-abbe-68bdee34129d
2026 - 2027;s1;Laurentides-Lanaudière;Soccer intérieur;Primaire;Soccer intérieur M M Festival | 14 mai Débutant;;Moustique;Masculin;0;;;;;;0;;oui;s1:6x12;4ae5e85f-10c3-4598-84d6-85d2ed0f5225
2026 - 2027;s1;Laurentides-Lanaudière;Soccer intérieur;Primaire;Soccer intérieur M M Festival | 14 mai Intermédiaire;;Moustique;Masculin;0;;;;;;0;;oui;s1:6x12;b243a00c-caa3-4772-974d-262348e82669
2026 - 2027;s1;Laurentides-Lanaudière;Soccer;Secondaire;Soccer B U D3;D3;Benjamin;Mixte;0;0;0;0;0;0;0;;oui;s1:6x13;1db6ca4c-8fc6-47bb-a0be-d9b881e0399b
2026 - 2027;s1;Laurentides-Lanaudière;Soccer;Secondaire;Soccer C U D3;D3;Cadet;Mixte;0;0;0;0;0;0;0;;oui;s1:6x13;fcf460e8-acea-43d6-a680-cfb14503ce23
2026 - 2027;s1;Laurentides-Lanaudière;Soccer;Secondaire;Soccer J U D3;D3;Juvénile;Mixte;0;0;0;0;0;0;0;;oui;s1:6x13;f699c3a2-2059-41b9-b911-c6e482b1940b
2026 - 2027;s1;Laurentides-Lanaudière;Ultimate;Secondaire;Ultimate C U D3;D3;Cadet;Mixte;2;0;0;0;0;0;0;;oui;s1:6x25;133c65c4-852a-4fc1-aeb4-82c180120cf9
2026 - 2027;s1;Laurentides-Lanaudière;Ultimate;Secondaire;Ultimate J U D3;D3;Juvénile;Mixte;3;0;0;0;0;0;0;;oui;s1:6x25;a079cd06-5e8e-45a7-9cbe-b97f19c7ce5b
2026 - 2027;s1;Laurentides-Lanaudière;Ultimate;Primaire;Ultimate M U Festival;;Moustique;Mixte;0;;;;;;0;;oui;s1:6x25;7507736d-59da-4f92-9ef1-1ec8938323d1
2026 - 2027;s1;Laurentides-Lanaudière;Volleyball;Secondaire;Volleyball B F D4 Niveau 2;D4;Benjamin;Féminin;18;0;0;0;0;0;0;;oui;s1:6x16;f465ab8d-8c4e-463f-9701-e611dbbbb44d
2026 - 2027;s1;Laurentides-Lanaudière;Volleyball;Secondaire;Volleyball B F Niveau 01;;Benjamin;Féminin;8;0;0;0;0;0;0;;oui;s1:6x16;5394d906-ce26-491a-a0ae-fd6d1a85b700
2026 - 2027;s1;Laurentides-Lanaudière;Volleyball;Secondaire;Volleyball B F Niveau 02;;Benjamin;Féminin;6;0;0;0;0;0;0;;oui;s1:6x16;120e4769-4b0d-415d-a7fb-779d95b5d781
2026 - 2027;s1;Laurentides-Lanaudière;Volleyball;Secondaire;Volleyball B F Niveau 03;;Benjamin;Féminin;11;0;0;0;0;0;0;;oui;s1:6x16;21c4681a-34d3-498e-b1ea-8fabc77ea948
2026 - 2027;s1;Laurentides-Lanaudière;Volleyball;Secondaire;Volleyball B F Niveau 04;;Benjamin;Féminin;10;0;0;0;0;0;0;;oui;s1:6x16;4b9e7837-d76a-4f06-bf91-793fed542a18
2026 - 2027;s1;Laurentides-Lanaudière;Volleyball;Secondaire;Volleyball B F Niveau 05;;Benjamin;Féminin;7;0;0;0;0;0;0;;oui;s1:6x16;4d6c408d-417e-472b-9719-6bc74c8ab7ac
2026 - 2027;s1;Laurentides-Lanaudière;Volleyball;Secondaire;Volleyball B F Niveau 06;;Benjamin;Féminin;13;0;0;0;0;0;0;;oui;s1:6x16;09f21b47-67ce-4f57-8957-4d9625c7b949
2026 - 2027;s1;Laurentides-Lanaudière;Volleyball;Secondaire;Volleyball B F Niveau 07;;Benjamin;Féminin;13;0;0;0;0;0;0;;oui;s1:6x16;95771e6f-4f70-4249-aa4d-2c685eaece61
2026 - 2027;s1;Laurentides-Lanaudière;Volleyball;Secondaire;Volleyball B F Niveau 08;;Benjamin;Féminin;10;0;0;0;0;0;0;;oui;s1:6x16;ebb0b379-32f9-4273-bba8-a9042fc0e48e
2026 - 2027;s1;Laurentides-Lanaudière;Volleyball;Secondaire;Volleyball B F Niveau 09;;Benjamin;Féminin;7;0;0;0;0;0;0;;oui;s1:6x16;959b96ad-e15a-4c78-965b-dd646ac7379e
2026 - 2027;s1;Laurentides-Lanaudière;Volleyball;Secondaire;Volleyball B F Niveau 10;;Benjamin;Féminin;6;0;0;0;0;0;0;;oui;s1:6x16;ef5c93d3-fdd4-4407-bbbf-3389fcfa550a
2026 - 2027;s1;Laurentides-Lanaudière;Volleyball;Secondaire;Volleyball B M Niveau 01;;Benjamin;Masculin;4;0;0;0;0;0;0;;oui;s1:6x16;bbaea907-21a7-49fc-9ed6-ca574ae4bbc6
2026 - 2027;s1;Laurentides-Lanaudière;Volleyball;Secondaire;Volleyball B M Niveau 02;;Benjamin;Masculin;5;0;0;0;0;0;0;;oui;s1:6x16;20d3809c-1aad-4356-af8c-9862da927902
2026 - 2027;s1;Laurentides-Lanaudière;Volleyball;Secondaire;Volleyball B M Niveau 03;;Benjamin;Masculin;3;0;0;0;0;0;0;;oui;s1:6x16;84b79eed-7c4f-44b2-a11e-555a88092272
2026 - 2027;s1;Laurentides-Lanaudière;Volleyball;Secondaire;Volleyball B M Niveau 04;;Benjamin;Masculin;3;0;0;0;0;0;0;;oui;s1:6x16;da09e73c-2d1c-4a74-9d46-0b3c0ba627fe
2026 - 2027;s1;Laurentides-Lanaudière;Volleyball;Secondaire;Volleyball C F D4 Niveau 2;D4;Cadet;Féminin;15;0;0;0;0;0;0;;oui;s1:6x16;b4428a97-3f4b-4e41-b8e6-7a6c2f9c4dbb
2026 - 2027;s1;Laurentides-Lanaudière;Volleyball;Secondaire;Volleyball C F Niveau 01;;Cadet;Féminin;12;0;0;0;0;0;0;;oui;s1:6x16;23dbc762-ae74-4ce1-b828-76da2d8f6338
2026 - 2027;s1;Laurentides-Lanaudière;Volleyball;Secondaire;Volleyball C F Niveau 02;;Cadet;Féminin;6;0;0;0;0;0;0;;oui;s1:6x16;55f0ad5b-aba6-488b-a9a8-9fe96f3eaf17
2026 - 2027;s1;Laurentides-Lanaudière;Volleyball;Secondaire;Volleyball C F Niveau 03;;Cadet;Féminin;13;0;0;0;0;0;0;;oui;s1:6x16;90439256-1872-48b4-8c8d-b8c58e52e5a7
2026 - 2027;s1;Laurentides-Lanaudière;Volleyball;Secondaire;Volleyball C F Niveau 04;;Cadet;Féminin;13;0;0;0;0;0;0;;oui;s1:6x16;fbd8fcf8-3fd4-4062-bb59-0f33dce6f502
2026 - 2027;s1;Laurentides-Lanaudière;Volleyball;Secondaire;Volleyball C F Niveau 05;;Cadet;Féminin;14;0;0;0;0;0;0;;oui;s1:6x16;1fdf4065-4c4b-42a9-aeb4-048c31512651
2026 - 2027;s1;Laurentides-Lanaudière;Volleyball;Secondaire;Volleyball C F Niveau 06;;Cadet;Féminin;8;0;0;0;0;0;0;;oui;s1:6x16;cb01dedc-a100-477f-814e-0978c9dd0d6c
2026 - 2027;s1;Laurentides-Lanaudière;Volleyball;Secondaire;Volleyball C F Niveau 07;;Cadet;Féminin;9;0;0;0;0;0;0;;oui;s1:6x16;0cf43e20-9bc4-43af-b291-661398f82b6d
2026 - 2027;s1;Laurentides-Lanaudière;Volleyball;Secondaire;Volleyball C F Niveau 08;;Cadet;Féminin;12;0;0;0;0;0;0;;oui;s1:6x16;7bee2cb3-79a7-4e15-b231-fedafaa76b44
2026 - 2027;s1;Laurentides-Lanaudière;Volleyball;Secondaire;Volleyball C F Niveau 09;;Cadet;Féminin;4;0;0;0;0;0;0;;oui;s1:6x16;e35e71a7-3edc-4a0e-954e-9984c4fdb3f7
2026 - 2027;s1;Laurentides-Lanaudière;Volleyball;Secondaire;Volleyball C F Niveau 10;;Cadet;Féminin;4;0;0;0;0;0;0;;oui;s1:6x16;2edf9156-37ce-4997-828e-811e9c5e6e12
2026 - 2027;s1;Laurentides-Lanaudière;Volleyball;Secondaire;Volleyball C M Niveau 01;;Cadet;Masculin;4;0;0;0;0;0;0;;oui;s1:6x16;20130a37-9cda-4e93-9655-abc2ad5a1b08
2026 - 2027;s1;Laurentides-Lanaudière;Volleyball;Secondaire;Volleyball C M Niveau 02;;Cadet;Masculin;5;0;0;0;0;0;0;;oui;s1:6x16;481a83c1-ebf3-4abc-989b-8c7084671d72
2026 - 2027;s1;Laurentides-Lanaudière;Volleyball;Secondaire;Volleyball C M Niveau 03;;Cadet;Masculin;3;0;0;0;0;0;0;;oui;s1:6x16;16abe849-7bd8-4ddf-801e-755b3104d994
2026 - 2027;s1;Laurentides-Lanaudière;Volleyball;Secondaire;Volleyball C M Niveau 04;;Cadet;Masculin;7;0;0;0;0;0;0;;oui;s1:6x16;cefb4660-07be-4e02-88f4-80383e086ad1
2026 - 2027;s1;Laurentides-Lanaudière;Volleyball;Secondaire;Volleyball J F D4 Niveau 2;D4;Juvénile;Féminin;12;0;0;0;0;0;0;;oui;s1:6x16;c088d397-207d-48fe-807e-a61fc39857b8
2026 - 2027;s1;Laurentides-Lanaudière;Volleyball;Secondaire;Volleyball J F Niveau 01;;Juvénile;Féminin;9;0;0;0;0;0;0;;oui;s1:6x16;1e30cd91-7088-4203-ab03-75b2c4a84b00
2026 - 2027;s1;Laurentides-Lanaudière;Volleyball;Secondaire;Volleyball J F Niveau 02;;Juvénile;Féminin;7;0;0;0;0;0;0;;oui;s1:6x16;430e6d58-5681-4fcf-a15b-a315a9835a3d
2026 - 2027;s1;Laurentides-Lanaudière;Volleyball;Secondaire;Volleyball J F Niveau 03;;Juvénile;Féminin;6;0;0;0;0;0;0;;oui;s1:6x16;9a83a5a0-e76b-475b-892b-ceb42582e503
2026 - 2027;s1;Laurentides-Lanaudière;Volleyball;Secondaire;Volleyball J F Niveau 04;;Juvénile;Féminin;5;0;0;0;0;0;0;;oui;s1:6x16;e5e8b7fc-e2bb-4bc1-8ee7-67086e97b0fc
2026 - 2027;s1;Laurentides-Lanaudière;Volleyball;Secondaire;Volleyball J F Niveau 05;;Juvénile;Féminin;7;0;0;0;0;0;0;;oui;s1:6x16;3d8ddeed-db52-4143-9870-e38e18305dc0
2026 - 2027;s1;Laurentides-Lanaudière;Volleyball;Secondaire;Volleyball J F Niveau 06;;Juvénile;Féminin;7;0;0;0;0;0;0;;oui;s1:6x16;75ef4aaf-9a46-4445-a5d7-9e990b64837f
2026 - 2027;s1;Laurentides-Lanaudière;Volleyball;Secondaire;Volleyball J F Niveau 07;;Juvénile;Féminin;5;0;0;0;0;0;0;;oui;s1:6x16;74172401-4ff0-4876-b5fc-1f9701343cf8
2026 - 2027;s1;Laurentides-Lanaudière;Volleyball;Secondaire;Volleyball J F Niveau 08;;Juvénile;Féminin;4;0;0;0;0;0;0;;oui;s1:6x16;906a6a90-b6e1-4b5d-8a3d-cded9c5c9e2d
2026 - 2027;s1;Laurentides-Lanaudière;Volleyball;Secondaire;Volleyball J F Niveau 09;;Juvénile;Féminin;1;0;0;0;0;0;0;;oui;s1:6x16;294e624d-552a-4a9e-a932-7e5f9bde56e4
2026 - 2027;s1;Laurentides-Lanaudière;Volleyball;Secondaire;Volleyball J F Niveau 10;;Juvénile;Féminin;0;0;0;0;0;0;0;;oui;s1:6x16;d926f4aa-dabc-4bdb-aee6-4c9cffa19754
2026 - 2027;s1;Laurentides-Lanaudière;Volleyball;Secondaire;Volleyball J M Niveau 01;;Juvénile;Masculin;4;0;0;0;0;0;0;;oui;s1:6x16;0605b165-a810-4335-80e9-490ac15cba24
2026 - 2027;s1;Laurentides-Lanaudière;Volleyball;Secondaire;Volleyball J M Niveau 02;;Juvénile;Masculin;8;0;0;0;0;0;0;;oui;s1:6x16;d0424263-d040-4e0c-b209-94e34b65b332
2026 - 2027;s1;Laurentides-Lanaudière;Volleyball;Secondaire;Volleyball J M Niveau 03;;Juvénile;Masculin;10;0;0;0;0;0;0;;oui;s1:6x16;710c24fe-8c44-4b21-9cf0-e52ef9bdc568
2026 - 2027;s1;Laurentides-Lanaudière;Volleyball;Secondaire;Volleyball J M Niveau 04;;Juvénile;Masculin;5;0;0;0;0;0;0;;oui;s1:6x16;99307be9-6fc8-4409-b797-ac165878511a
2026 - 2027;s1;Laurentides-Lanaudière;Volleyball;Primaire;Volleyball M U CRS | 8 mai;;Moustique;Mixte;0;;;;;;0;;oui;s1:6x16;bba3804b-9c45-4066-8dc0-c5e1bf88ab07
2026 - 2027;s1;Laurentides-Lanaudière;Volleyball;Primaire;Volleyball M U Festival Lanaudière | 16 avril Avancé;;Moustique;Mixte;3;;;;;;0;;oui;s1:6x16;c45bcb89-e7ca-491a-97c2-86ae36113a17
2026 - 2027;s1;Laurentides-Lanaudière;Volleyball;Primaire;Volleyball M U Festival Lanaudière | 16 avril Débutant;;Moustique;Mixte;3;;;;;;0;;oui;s1:6x16;24be4004-42a0-4041-8cd2-094313e5b7cd
2026 - 2027;s1;Laurentides-Lanaudière;Volleyball;Primaire;Volleyball M U Festival Lanaudière | 16 avril Intermédiaire;;Moustique;Mixte;10;;;;;;0;;oui;s1:6x16;e7fad9ac-9fd4-4330-9d87-cc9a7ee25441
2026 - 2027;s1;Laurentides-Lanaudière;Volleyball;Primaire;Volleyball M U Festival Laurentides | 12 mars Avancé;;Moustique;Mixte;2;;;;;;0;;oui;s1:6x16;51047ef1-fc75-4a12-b0da-e7d5954e8f46
2026 - 2027;s1;Laurentides-Lanaudière;Volleyball;Primaire;Volleyball M U Festival Laurentides | 12 mars Intermédiaire;;Moustique;Mixte;7;;;;;;0;;oui;s1:6x16;cd180436-c658-4702-b62b-0efd1d028d73
2026 - 2027;s1;Laurentides-Lanaudière;Volleyball;Primaire;Volleyball M U Festival Laurentides |12 mars Débutant;;Moustique;Mixte;4;;;;;;0;;oui;s1:6x16;b367cbb7-a695-4769-b649-e7b8c1f0abb3
2026 - 2027;s1;Laurentides-Lanaudière;Volleyball;Primaire;Volleyball M U Tournoi Avancé;;Moustique;Mixte;1;;;;;;0;;oui;s1:6x16;50be6428-9ae1-4bf8-b2c7-db702d795785
2026 - 2027;s1;Laurentides-Lanaudière;Volleyball;Primaire;Volleyball M U Tournoi Débutant;;Moustique;Mixte;2;;;;;;0;;oui;s1:6x16;2814b7c5-5dbc-4dc1-b24c-76f5c3179fbe
2026 - 2027;s1;Laurentides-Lanaudière;Volleyball;Primaire;Volleyball M U Tournoi Intermédiaire;;Moustique;Mixte;5;;;;;;0;;oui;s1:6x16;647954e2-1b14-4dc7-8494-35b09f266c14
2026 - 2027;s1;Laval;Athlétisme;Primaire;Athlétisme P5 F Championnat régional d'athlétisme Date à venir;;Primaire 5;Féminin;7;;;;;;0;;oui;s1:7x0;fe676c48-738e-42b9-9195-1b337d5d8e24
2026 - 2027;s1;Laval;Athlétisme;Primaire;Athlétisme P5 M Championnat régional d'athlétisme Date à venir;;Primaire 5;Masculin;7;;;;;;0;;oui;s1:7x0;27b8eb2a-6621-4c99-8a32-566ba91dece7
2026 - 2027;s1;Laval;Athlétisme;Primaire;Athlétisme P6 F Championnat régional d'athlétisme Date à venir;;Primaire 6;Féminin;7;;;;;;0;;oui;s1:7x0;dcd16b6e-f1af-4ff5-b830-c09ffc451983
2026 - 2027;s1;Laval;Athlétisme;Primaire;Athlétisme P6 M Championnat régional d'athlétisme Date à venir;;Primaire 6;Masculin;7;;;;;;0;;oui;s1:7x0;def8dfb6-960c-41e8-8f9e-3f7aab9282a3
2026 - 2027;s1;Laval;Badminton;Secondaire;Badminton B U D3;D3;Benjamin;Mixte;5;0;0;0;0;0;0;;oui;s1:7x18;4f111574-2c5a-47e8-a5a5-e8649573b5d5
2026 - 2027;s1;Laval;Badminton;Secondaire;Badminton C U D3;D3;Cadet;Mixte;5;0;0;0;0;0;0;;oui;s1:7x18;316299b0-22c1-4f44-97d1-1b13ec2b129a
2026 - 2027;s1;Laval;Badminton;Secondaire;Badminton J U D3;D3;Juvénile;Mixte;5;0;0;0;0;0;0;;oui;s1:7x18;80a74a32-251d-498e-a7b7-28bf8e03c241
2026 - 2027;s1;Laval;Badminton;Primaire;Badminton P U Mini-ligue participative HIVER;;Primaire;Mixte;1;;;;;;0;;oui;s1:7x18;5ca7f6ec-b1a2-4469-b2ff-700ff7b9c58b
2026 - 2027;s1;Laval;Badminton;Primaire;Badminton P U Tournoi 5e année et 6e année 1 avril 2027;;Primaire;Mixte;0;;;;;;0;;oui;s1:7x18;395aad1f-944a-4fd8-8044-96668f224850
2026 - 2027;s1;Laval;Badminton;Primaire;Badminton P U Tournoi 5e année et 6e année 2 avril 2027;;Primaire;Mixte;5;;;;;;0;;oui;s1:7x18;a8f914a6-513f-434d-b457-e35ccf41d08e
2026 - 2027;s1;Laval;Badminton;Primaire;Badminton P U Tournoi 5e année et 6e année 31 mars 2027;;Primaire;Mixte;0;;;;;;0;;oui;s1:7x18;06c88761-6242-4e20-b41f-493f531dbc55
2026 - 2027;diffusion+s1;Laval;Basketball;Secondaire;Basketball B F D3;D3;Benjamin;Féminin;5;30;30;0;0;0;30;30;oui;d:7x1 s1:7x1;f3a1e118-15dd-4520-aa8b-59356dd17239
2026 - 2027;diffusion+s1;Laval;Basketball;Secondaire;Basketball B F D4;D4;Benjamin;Féminin;8;56;56;0;0;0;56;56;oui;d:7x1 s1:7x1;2c51c705-63dd-4acf-a8ad-967364e77460
2026 - 2027;diffusion+s1;Laval;Basketball;Secondaire;Basketball B M D3;D3;Benjamin;Masculin;8;56;56;0;0;0;56;56;oui;d:7x1 s1:7x1;c5dbe4cd-e787-4d82-815b-803e8053c128
2026 - 2027;diffusion+s1;Laval;Basketball;Secondaire;Basketball B M D4;D4;Benjamin;Masculin;14;91;91;0;0;0;91;91;oui;d:7x1 s1:7x1;75f77396-593d-440d-8cfc-3b81581cca97
2026 - 2027;s1;Laval;Basketball;Secondaire;Basketball C F D3;D3;Cadet;Féminin;3;0;0;0;0;0;0;;oui;s1:7x1;a3caf7e4-d360-456b-b145-de9336b26b88
2026 - 2027;diffusion+s1;Laval;Basketball;Secondaire;Basketball C M D3;D3;Cadet;Masculin;12;66;66;0;0;0;66;66;oui;d:7x1 s1:7x1;2983f9c3-847b-4f59-939b-2b12cf803fb9
2026 - 2027;diffusion+s1;Laval;Basketball;Secondaire;Basketball J F D3;D3;Juvénile;Féminin;6;30;30;0;0;0;30;30;oui;d:7x1 s1:7x1;434d2e2a-26ed-4d6f-83ce-3f9aaa238754
2026 - 2027;diffusion+s1;Laval;Basketball;Secondaire;Basketball J F D4;D4;Juvénile;Féminin;9;54;54;0;0;0;54;54;oui;d:7x1 s1:7x1;c10a445a-61b6-428a-8c0b-10e65d44f91c
2026 - 2027;diffusion+s1;Laval;Basketball;Secondaire;Basketball J M D3;D3;Juvénile;Masculin;12;66;66;0;0;0;66;66;oui;d:7x1 s1:7x1;5922460b-c1a8-422e-a03d-0a4ca72bd484
2026 - 2027;diffusion+s1;Laval;Basketball;Secondaire;Basketball J M D4;D4;Juvénile;Masculin;6;30;30;0;0;0;30;30;oui;d:7x1 s1:7x1;3a412e70-31c1-4e17-a4f2-5599e9984238
2026 - 2027;s1;Laval;Basketball;Primaire;Basketball P U Mini-ligue participative AUTOMNE;;Primaire;Mixte;8;;;;;;0;;oui;s1:7x1;aca1a5a6-eb78-4e5b-a799-29a7b0117581
2026 - 2027;s1;Laval;Basketball;Primaire;Basketball P U Mini-ligue participative HIVER;;Primaire;Mixte;4;;;;;;0;;oui;s1:7x1;4a5d9e10-34c8-4106-b9e5-1eea9c3ecb8e
2026 - 2027;s1;Laval;Basketball;Primaire;Basketball P U SWLSB Multi-Sport Elementary League April 14th 2027;;Primaire;Mixte;8;;;;;;0;;oui;s1:7x1;2f27a572-c530-43f4-b476-745a10d1428e
2026 - 2027;s1;Laval;Basketball;Primaire;Basketball P6 U Tournoi 6e année 12 janvier 2027;;Primaire 6;Mixte;5;;;;;;0;;oui;s1:7x1;6178591d-b012-442f-91cb-81e857a064b2
2026 - 2027;s1;Laval;Basketball;Primaire;Basketball P6 U Tournoi 6e année 13 janvier 2027;;Primaire 6;Mixte;8;;;;;;0;;oui;s1:7x1;e98048b8-7d46-4fe8-bcda-5ac3d061c5e2
2026 - 2027;s1;Laval;Basketball;Primaire;Basketball P6 U Tournoi 6e année 14 janvier 2027;;Primaire 6;Mixte;8;;;;;;0;;oui;s1:7x1;6d87caba-3023-4b29-8383-548e24a6e4b4
2026 - 2027;s1;Laval;Basketball;Primaire;Basketball P6 U Tournoi 6e année 15 janvier 2027;;Primaire 6;Mixte;2;;;;;;0;;oui;s1:7x1;d205470b-70e2-4d5b-a68c-8d7aa1d3fe6e
2026 - 2027;s1;Laval;Cross-country;Secondaire;Cross-country B F D3 ÉLITE;D3;Benjamin;Féminin;11;0;0;0;0;0;0;;oui;s1:7x3;f1885ed0-bceb-47b3-aac4-be9b524e5f6a
2026 - 2027;s1;Laval;Cross-country;Secondaire;Cross-country B F D3 PARTICIPATIF;D3;Benjamin;Féminin;12;0;0;0;0;0;0;;oui;s1:7x3;9bdb5100-0fb0-46fe-851f-93d6009f1099
2026 - 2027;s1;Laval;Cross-country;Secondaire;Cross-country B M D3 ÉLITE;D3;Benjamin;Masculin;12;0;0;0;0;0;0;;oui;s1:7x3;18c71f95-cef2-4d5a-aeeb-9e2d5eb23e28
2026 - 2027;s1;Laval;Cross-country;Secondaire;Cross-country B M D3 PARTICIPATIF;D3;Benjamin;Masculin;11;0;0;0;0;0;0;;oui;s1:7x3;92b6d487-ba6b-464d-b883-e782ef522a06
2026 - 2027;s1;Laval;Cross-country;Secondaire;Cross-country C F D3 ÉLITE;D3;Cadet;Féminin;10;0;0;0;0;0;0;;oui;s1:7x3;b90006bd-f11d-4a75-ae58-b31ca9e76c5a
2026 - 2027;s1;Laval;Cross-country;Secondaire;Cross-country C F D3 PARTICIPATIF;D3;Cadet;Féminin;9;0;0;0;0;0;0;;oui;s1:7x3;03cf0a8f-1165-4a09-a2ae-dc97f4911740
2026 - 2027;s1;Laval;Cross-country;Secondaire;Cross-country C M D3 ÉLITE;D3;Cadet;Masculin;10;0;0;0;0;0;0;;oui;s1:7x3;74a03932-8350-4f1c-880a-0e26a915e909
2026 - 2027;s1;Laval;Cross-country;Secondaire;Cross-country C M D3 PARTICIPATIF;D3;Cadet;Masculin;9;0;0;0;0;0;0;;oui;s1:7x3;58be9bbe-6dcf-439f-a404-eae9811ac454
2026 - 2027;s1;Laval;Cross-country;Primaire;Cross-country Co F 4e année ÉLITE 8 octobre 2026;;Colibri;Féminin;24;;;;;;0;;oui;s1:7x3;3a88213f-569f-4c8a-a8ce-b0c63a145958
2026 - 2027;s1;Laval;Cross-country;Primaire;Cross-country Co F 4e année PARTICIPATIF 8 octobre 2026;;Colibri;Féminin;21;;;;;;0;;oui;s1:7x3;a2e97822-cf4f-4fcf-95ef-68542ab6b006
2026 - 2027;s1;Laval;Cross-country;Primaire;Cross-country Co M 4e année ÉLITE 8 octobre 2026;;Colibri;Masculin;26;;;;;;0;;oui;s1:7x3;9ef00199-01e3-479c-b167-1971efba8308
2026 - 2027;s1;Laval;Cross-country;Primaire;Cross-country Co M 4e année PARTICIPATIF 8 octobre 2026;;Colibri;Masculin;22;;;;;;0;;oui;s1:7x3;a38d5510-88c9-4ebc-8d7d-0a8aa91c352e
2026 - 2027;s1;Laval;Cross-country;Secondaire;Cross-country J F D3 ÉLITE;D3;Juvénile;Féminin;8;0;0;0;0;0;0;;oui;s1:7x3;04aba929-61fb-4fbd-a077-551e2742102f
2026 - 2027;s1;Laval;Cross-country;Secondaire;Cross-country J F D3 PARTICIPATIF;D3;Juvénile;Féminin;10;0;0;0;0;0;0;;oui;s1:7x3;18174081-e5d2-4753-b74a-43b9e6ad313e
2026 - 2027;s1;Laval;Cross-country;Secondaire;Cross-country J M D3 ÉLITE;D3;Juvénile;Masculin;10;0;0;0;0;0;0;;oui;s1:7x3;b169e186-a066-494b-8991-3bf0e6dfd074
2026 - 2027;s1;Laval;Cross-country;Secondaire;Cross-country J M D3 PARTICIPATIF;D3;Juvénile;Masculin;10;0;0;0;0;0;0;;oui;s1:7x3;6317f41e-4b9d-47d1-9b7a-024423e48495
2026 - 2027;s1;Laval;Cross-country;Primaire;Cross-country M F 5e année ÉLITE 8 octobre 2026;;Moustique;Féminin;41;;;;;;0;;oui;s1:7x3;e7e0042d-ac31-4c31-a332-fb2707e730ad
2026 - 2027;s1;Laval;Cross-country;Primaire;Cross-country M F 5e année PARTICIPATIF 8 octobre 2026;;Moustique;Féminin;37;;;;;;0;;oui;s1:7x3;c9b24d65-1c07-4d98-a55b-4350577bcdc5
2026 - 2027;s1;Laval;Cross-country;Primaire;Cross-country M F 6e année ÉLITE 8 octobre 2026;;Moustique;Féminin;43;;;;;;0;;oui;s1:7x3;550b63f6-1528-4a8c-b72d-1c4d6cf565a0
2026 - 2027;s1;Laval;Cross-country;Primaire;Cross-country M F 6e année PARTICIPATIF 8 octobre 2026;;Moustique;Féminin;38;;;;;;0;;oui;s1:7x3;af946f45-efb4-4134-ab2c-aeafd5f66924
2026 - 2027;s1;Laval;Cross-country;Primaire;Cross-country M M 5e année ÉLITE 8 octobre 2026;;Moustique;Masculin;42;;;;;;0;;oui;s1:7x3;97a46686-fa5b-4348-aaf2-c82608fff034
2026 - 2027;s1;Laval;Cross-country;Primaire;Cross-country M M 5e année PARTICIPATIF 8 octobre 2026;;Moustique;Masculin;36;;;;;;0;;oui;s1:7x3;7d75dd72-d51e-4c47-bbfd-5cc9569f8744
2026 - 2027;s1;Laval;Cross-country;Primaire;Cross-country M M 6e année ÉLITE 8 octobre 2026;;Moustique;Masculin;43;;;;;;0;;oui;s1:7x3;d1e70232-b4a6-4134-a04c-b3456776073c
2026 - 2027;s1;Laval;Cross-country;Primaire;Cross-country M M 6e année PARTICIPATIF 8 octobre 2026;;Moustique;Masculin;38;;;;;;0;;oui;s1:7x3;e0a92a3c-4c85-49f6-9ce8-5a6bc3ead080
2026 - 2027;s1;Laval;Cross-country;Secondaire;Cross-country O U Défi Surpasse-toi SECONDAIRE 1 KM Marche;;Ouvert;Mixte;0;0;0;0;0;0;0;;oui;s1:7x3;fa18643c-411a-4ac2-bd43-7961ca68ab70
2026 - 2027;s1;Laval;Cross-country;Secondaire;Cross-country O U Défi Surpasse-toi SECONDAIRE 1KM Course DIM/DIS;;Ouvert;Mixte;0;0;0;0;0;0;0;;oui;s1:7x3;fb026fd6-d0fd-44c5-9dfd-a5d462031d67
2026 - 2027;s1;Laval;Cross-country;Secondaire;Cross-country O U Défi Surpasse-toi SECONDAIRE 1KM Course SANS/DIL;;Ouvert;Mixte;0;0;0;0;0;0;0;;oui;s1:7x3;d1b675ac-3250-4288-ac5a-ff93a2e7ea10
2026 - 2027;s1;Laval;Cross-country;Secondaire;Cross-country O U Défi Surpasse-toi SECONDAIRE 3KM Course DIM/DIS;;Ouvert;Mixte;0;0;0;0;0;0;0;;oui;s1:7x3;c1bce652-749a-441a-8aad-cb6910f2aaa7
2026 - 2027;s1;Laval;Cross-country;Secondaire;Cross-country O U Défi Surpasse-toi SECONDAIRE 3KM Course SANS/DIL;;Ouvert;Mixte;0;0;0;0;0;0;0;;oui;s1:7x3;72587c9b-d0a4-4621-a7ce-d8738c070679
2026 - 2027;s1;Laval;Cross-country;Secondaire;Cross-country O U Défi Surpasse-toi SECONDAIRE 5KM Course DIM/DIS;;Ouvert;Mixte;0;0;0;0;0;0;0;;oui;s1:7x3;9185ddd7-25c1-451b-8950-7515bfe2c603
2026 - 2027;s1;Laval;Cross-country;Secondaire;Cross-country O U Défi Surpasse-toi SECONDAIRE 5KM Course SANS/DIL;;Ouvert;Mixte;0;0;0;0;0;0;0;;oui;s1:7x3;0c0b2a3c-ae04-41d6-999b-4b7e4831dd36
2026 - 2027;s1;Laval;Cross-country;Primaire;Cross-country P U Défi Surpasse-toi PRIMAIRE 1KM Course DIM/DIS;;Primaire;Mixte;1;;;;;;0;;oui;s1:7x3;1c1f0ca3-34c2-46cc-82b7-609979e84cf2
2026 - 2027;s1;Laval;Cross-country;Primaire;Cross-country P U Défi Surpasse-toi PRIMAIRE 1KM Course SANS/DIL;;Primaire;Mixte;2;;;;;;0;;oui;s1:7x3;1ca70aae-9509-40af-8c01-edddd6832a4b
2026 - 2027;s1;Laval;Cross-country;Primaire;Cross-country P U Défi Surpasse-toi PRIMAIRE 1KM Marche;;Primaire;Mixte;1;;;;;;0;;oui;s1:7x3;fad5ced4-c117-4eb0-8603-ab66c05748b0
2026 - 2027;s1;Laval;Cross-country;Primaire;Cross-country P U Défi Surpasse-toi PRIMAIRE 2KM Course DIM/DIS;;Primaire;Mixte;0;;;;;;0;;oui;s1:7x3;43de5776-bf2d-4178-9b13-7d7284971f82
2026 - 2027;s1;Laval;Cross-country;Primaire;Cross-country P U Défi Surpasse-toi PRIMAIRE 2KM Course SANS/DIL;;Primaire;Mixte;0;;;;;;0;;oui;s1:7x3;e533696f-5f11-4aa3-9c44-0f1683bfac93
2026 - 2027;diffusion+s1;Laval;Flag football;Secondaire;Flag football B F D3 Automne ;D3;Benjamin;Féminin;5;15;15;0;0;0;15;6;oui;d:7x4 s1:7x4;08e5a7c9-d61b-4ea7-a21f-f15b79f74a70
2026 - 2027;s1;Laval;Flag football;Secondaire;Flag football B F D3 Printemps;D3;Benjamin;Féminin;0;0;0;0;0;0;0;;oui;s1:7x4;5775cc6d-6616-46c0-99e1-58cd3c0d4c37
2026 - 2027;diffusion+s1;Laval;Flag football;Secondaire;Flag football C F D3 Automne;D3;Cadet;Féminin;5;15;15;0;0;0;15;6;oui;d:7x4 s1:7x4;9f8cf361-f399-4691-9b05-861b6c58d6ad
2026 - 2027;s1;Laval;Flag football;Secondaire;Flag football C F D3 Printemps;D3;Cadet;Féminin;0;0;0;0;0;0;0;;oui;s1:7x4;59d2e4a6-f67b-4b7e-9e7e-42e1b2d13475
2026 - 2027;diffusion+s1;Laval;Flag football;Secondaire;Flag football J F D3 Automne;D3;Juvénile;Féminin;5;15;15;0;0;0;15;0;oui;d:7x4 s1:7x4;f899544c-fa65-46a8-86d8-c87941fc8235
2026 - 2027;s1;Laval;Flag football;Secondaire;Flag football J F D3 Printemps;D3;Juvénile;Féminin;0;0;0;0;0;0;0;;oui;s1:7x4;41a73666-a2a2-47d5-a642-8abf6276cd93
2026 - 2027;s1;Laval;Flag football;Primaire;Flag football P U SWLSB Multi-Sport Elementary league  May 14th 2027;;Primaire;Mixte;2;;;;;;0;;oui;s1:7x4;ddc2b47b-8f52-429a-ac3a-2ea14de4215d
2026 - 2027;diffusion+s1;Laval;Futsal;Secondaire;Futsal B F D3;D3;Benjamin;Féminin;4;18;18;0;0;0;18;18;oui;d:7x30 s1:7x30;78d963f9-af31-4de7-85e5-ea54e97aaa02
2026 - 2027;diffusion+s1;Laval;Futsal;Secondaire;Futsal B F D4;D4;Benjamin;Féminin;5;30;30;0;0;0;30;30;oui;d:7x30 s1:7x30;6226a2bc-0b22-4f5a-8d48-365138004d31
2026 - 2027;diffusion+s1;Laval;Futsal;Secondaire;Futsal B M D3;D3;Benjamin;Masculin;12;66;66;0;0;0;66;66;oui;d:7x30 s1:7x30;424ba664-739a-4fa7-b9c7-b9014f11a008
2026 - 2027;diffusion+s1;Laval;Futsal;Secondaire;Futsal B M D4;D4;Benjamin;Masculin;16;0;0;0;0;0;0;;oui;d:7x30 s1:7x30;58c24244-aa7e-4ce3-8120-55647213c9bd
2026 - 2027;diffusion+s1;Laval;Futsal;Secondaire;Futsal B M D4 A;D4;Benjamin;Masculin;8;56;56;0;0;0;56;56;oui;d:7x30 s1:7x30;0a571959-1322-4c4a-90b5-c9182e48489f
2026 - 2027;diffusion+s1;Laval;Futsal;Secondaire;Futsal B M D4 B;D4;Benjamin;Masculin;8;56;56;0;0;0;56;56;oui;d:7x30 s1:7x30;6536023a-325c-47c6-ba83-1ae0c17261a6
2026 - 2027;diffusion+s1;Laval;Futsal;Secondaire;Futsal C F D3;D3;Cadet;Féminin;5;30;30;0;0;0;30;30;oui;d:7x30 s1:7x30;ef292d58-0dc4-486d-8d4d-a6efd900b3e9
2026 - 2027;s1;Laval;Futsal;Secondaire;Futsal C M D3;D3;Cadet;Masculin;17;0;0;0;0;0;0;;oui;s1:7x30;7efc7c62-2ef8-427f-8159-a09eeef1587d
2026 - 2027;diffusion+s1;Laval;Futsal;Secondaire;Futsal C M D3 A;D3;Cadet;Masculin;8;56;56;0;0;0;56;56;oui;d:7x30 s1:7x30;f151e532-10bf-42ac-a4b0-0da479b28444
2026 - 2027;diffusion+s1;Laval;Futsal;Secondaire;Futsal C M D3 B;D3;Cadet;Masculin;9;54;54;0;0;0;54;54;oui;d:7x30 s1:7x30;736f3a4a-7073-41dc-8e48-40bfe8991ea1
2026 - 2027;diffusion+s1;Laval;Futsal;Secondaire;Futsal J F D3;D3;Juvénile;Féminin;6;30;30;0;0;0;30;30;oui;d:7x30 s1:7x30;750ddec7-d7b2-4771-937c-16aa13ac7df2
2026 - 2027;s1;Laval;Futsal;Secondaire;Futsal J F D4;D4;Juvénile;Féminin;0;0;0;0;0;0;0;;oui;s1:7x30;746f215a-2d61-4022-97a4-235c4fb4be8a
2026 - 2027;diffusion+s1;Laval;Futsal;Secondaire;Futsal J M D3;D3;Juvénile;Masculin;9;54;54;0;0;0;54;54;oui;d:7x30 s1:7x30;00a5d0bc-777c-403c-9762-3693c0ab348f
2026 - 2027;diffusion+s1;Laval;Futsal;Secondaire;Futsal J M D4;D4;Juvénile;Masculin;6;30;30;0;0;0;30;30;oui;d:7x30 s1:7x30;8ff6edd8-0b17-4073-9938-9898181537c6
2026 - 2027;s1;Laval;Futsal;Primaire;Futsal P U SWLSB Multi-Sport Elementary League January 29th 2027;;Primaire;Mixte;7;;;;;;0;;oui;s1:7x30;43230a57-5a1e-4694-9272-889d3a23cacb
2026 - 2027;s1;Laval;Futsal;Primaire;Futsal P6 U Tournoi 6e année 5 février 2027;;Primaire 6;Mixte;3;;;;;;0;;oui;s1:7x30;38f095b1-8ea7-46ae-9229-873c76806af6
2026 - 2027;s1;Laval;Handball;Primaire;Handball P F SWLSB Multi-Sport Elementary league November 20th 2026;;Primaire;Féminin;4;;;;;;0;;oui;s1:7x24;7e9e4d10-9c80-4826-a79f-a8034c8727ac
2026 - 2027;s1;Laval;Handball;Primaire;Handball P5 U Tournoi 5e année 7 janvier 2027;;Primaire 5;Mixte;10;;;;;;0;;oui;s1:7x24;0e3b5ed2-df8d-4b53-8bf8-21f8c58fa009
2026 - 2027;s1;Laval;Handball;Primaire;Handball P5 U Tournoi 5e année 8 janvier 2027;;Primaire 5;Mixte;8;;;;;;0;;oui;s1:7x24;ad8709f6-b5c3-4fed-bb26-ea4086687fb4
2026 - 2027;s1;Laval;Hockey cosom;Secondaire;Hockey cosom B U 12 décembre 2026;;Benjamin;Mixte;0;0;0;0;0;0;0;;oui;s1:7x7;61392827-b994-4030-a8eb-c54029d74269
2026 - 2027;s1;Laval;Hockey cosom;Secondaire;Hockey cosom C U 12 décembre 2026;;Cadet;Mixte;0;0;0;0;0;0;0;;oui;s1:7x7;f0d6c3dc-8d45-4e18-870e-371da0695e89
2026 - 2027;s1;Laval;Hockey cosom;Secondaire;Hockey cosom J U 12 décembre 2026;;Juvénile;Mixte;0;0;0;0;0;0;0;;oui;s1:7x7;8aeffd6b-164c-410f-89ee-5c4631dc1aeb
2026 - 2027;s1;Laval;Hockey cosom;Primaire;Hockey cosom P U Mini-ligue participative HIVER;;Primaire;Mixte;3;;;;;;0;;oui;s1:7x7;feeef6a4-006c-4897-8ee3-3c987e5b2fad
2026 - 2027;s1;Laval;Hockey cosom;Primaire;Hockey cosom P U SWLSB Multi-Sport Elementary League February 15th 2027;;Primaire;Mixte;2;;;;;;0;;oui;s1:7x7;bac87f2d-22e4-430c-a6f7-d8df53a0beb9
2026 - 2027;s1;Laval;Hockey cosom;Primaire;Hockey cosom P4 U Tournoi 4e année 19 février 2027;;Primaire 4;Mixte;6;;;;;;0;;oui;s1:7x7;b402441d-89fb-4010-ac8d-8ed3611df96d
2026 - 2027;s1;Laval;Hockey;Primaire;Hockey P U SWLSB Multi-Sport Elementary League November to March;;Primaire;Mixte;15;;;;;;0;;oui;s1:7x9;f97c897f-20bb-48f3-a122-b6ca79c830d0
2026 - 2027;s1;Laval;Kickball;Primaire;Kickball P U Tournoi 3e année 28 avril 2027;;Primaire;Mixte;4;;;;;;0;;oui;s1:7x36;1519daef-636d-4887-aa70-f29594e6f1a3
2026 - 2027;s1;Laval;Kickball;Primaire;Kickball P U Tournoi 4e année 28 avril 2027;;Primaire;Mixte;5;;;;;;0;;oui;s1:7x36;d8dfbde6-946b-4c80-902d-434bb741f824
2026 - 2027;s1;Laval;Pentathlon;Primaire;Pentathlon P5 F 5e année 10 février 2027;;Primaire 5;Féminin;4;;;;;;0;;oui;s1:7x46;bff2962d-6a96-4523-9af9-c14f44dcf210
2026 - 2027;s1;Laval;Pentathlon;Primaire;Pentathlon P5 M 5e année 10 février 2027;;Primaire 5;Masculin;4;;;;;;0;;oui;s1:7x46;5ecfd4bb-dae1-4017-9db8-e05e49e8d585
2026 - 2027;s1;Laval;Pentathlon;Primaire;Pentathlon P6 F 6e année 10 février 2027;;Primaire 6;Féminin;4;;;;;;0;;oui;s1:7x46;a3045755-23e9-481f-86c7-2f3e418c3500
2026 - 2027;s1;Laval;Pentathlon;Primaire;Pentathlon P6 M 6e année 10 février 2027;;Primaire 6;Masculin;4;;;;;;0;;oui;s1:7x46;097bd535-43cf-438b-8144-488c09674e44
2026 - 2027;s1;Laval;Soccer;Primaire;Soccer P U SWLSB Multi-Sport Elementary League October 16th 2026;;Primaire;Mixte;13;;;;;;0;;oui;s1:7x13;d303136a-ae76-48f3-979a-c00015251b88
2026 - 2027;s1;Laval;Soccer;Primaire;Soccer P3 U Tournoi 3e année 10 juin 2027;;Primaire 3;Mixte;6;;;;;;0;;oui;s1:7x13;202ba207-5149-46af-add4-f4551979577e
2026 - 2027;s1;Laval;Soccer;Primaire;Soccer P3 U Tournoi 3e année 11 juin 2027;;Primaire 3;Mixte;2;;;;;;0;;oui;s1:7x13;8aac5397-7a52-4ff2-9180-37620c15ebfd
2026 - 2027;s1;Laval;Soccer;Primaire;Soccer P3 U Tournoi 3e année 14 juin 2027;;Primaire 3;Mixte;5;;;;;;0;;oui;s1:7x13;3ee7fda6-ae13-40dd-9f37-ea44378a4d64
2026 - 2027;s1;Laval;Soccer;Primaire;Soccer P3 U Tournoi 3e année 15 juin 2027;;Primaire 3;Mixte;1;;;;;;0;;oui;s1:7x13;919da8b3-31ca-4a8d-b58a-77f1c67e3bc9
2026 - 2027;s1;Laval;Soccer;Primaire;Soccer P4 U Tournoi 4e année 10 juin 2027;;Primaire 4;Mixte;5;;;;;;0;;oui;s1:7x13;284e7302-f69e-439c-9f8b-2adb97c34b19
2026 - 2027;s1;Laval;Soccer;Primaire;Soccer P4 U Tournoi 4e année 11 juin 2027;;Primaire 4;Mixte;2;;;;;;0;;oui;s1:7x13;dd635f35-5322-4a5f-aef6-681f3fcbfc84
2026 - 2027;s1;Laval;Soccer;Primaire;Soccer P4 U Tournoi 4e année 14 juin 2027;;Primaire 4;Mixte;6;;;;;;0;;oui;s1:7x13;e56544f6-4376-477c-9afa-a19e07e77de1
2026 - 2027;s1;Laval;Soccer;Primaire;Soccer P4 U Tournoi 4e année 15 juin 2027;;Primaire 4;Mixte;1;;;;;;0;;oui;s1:7x13;aa4e290b-77e0-4c40-a1d9-bc37e87c739f
2026 - 2027;s1;Laval;Tchoukball;Primaire;Tchoukball P5 U Tournoi 5e année 6 mai 2027;;Primaire 5;Mixte;8;;;;;;0;;oui;s1:7x35;a4bd3a9f-0edb-43b7-8aea-416af608cee7
2026 - 2027;s1;Laval;Tennis de table;Secondaire;Tennis de table B F Simple - 10 janvier 2027;;Benjamin;Féminin;0;0;0;0;0;0;0;;oui;s1:7x47;b9a72568-0498-4166-8f05-94b0384de732
2026 - 2027;s1;Laval;Tennis de table;Secondaire;Tennis de table B M Simple -10 janvier 2027;;Benjamin;Masculin;0;0;0;0;0;0;0;;oui;s1:7x47;7fad4aec-bb69-467e-8d50-f301b6b6a70b
2026 - 2027;s1;Laval;Tennis de table;Secondaire;Tennis de table C F Simple - 10 janvier 2027;;Cadet;Féminin;0;0;0;0;0;0;0;;oui;s1:7x47;4fed3a59-32bd-4ee0-af6e-13fd1bce3a9d
2026 - 2027;s1;Laval;Tennis de table;Secondaire;Tennis de table C M Simple - 10 janvier 2027;;Cadet;Masculin;0;0;0;0;0;0;0;;oui;s1:7x47;f9fd58d1-9a10-42fd-b6ac-e2d9b8eded2b
2026 - 2027;s1;Laval;Tennis de table;Secondaire;Tennis de table J F Simple - 10 janvier 2027;;Juvénile;Féminin;0;0;0;0;0;0;0;;oui;s1:7x47;79fb8fcf-1e08-446f-92ba-02bca594a518
2026 - 2027;s1;Laval;Tennis de table;Secondaire;Tennis de table J M Simple - 10 janvier 2027;;Juvénile;Masculin;0;0;0;0;0;0;0;;oui;s1:7x47;e8f012d9-4f8e-4139-a59f-82bd96a172ca
2026 - 2027;s1;Laval;Tennis;Primaire;Tennis P U Tournoi 5e et 6e année 19 mai 2027;;Primaire;Mixte;4;;;;;;0;;oui;s1:7x29;8e418b1d-556a-4e9d-afb5-36ee2429287e
2026 - 2027;s1;Laval;Ultimate;Primaire;Ultimate P U Tournoi 5e et 6e année 11 mai 2027;;Primaire;Mixte;4;;;;;;0;;oui;s1:7x25;fd159186-97dc-4a25-ae89-c1e1b152f68c
2026 - 2027;s1;Laval;Volleyball de plage;Secondaire;Volleyball de plage B F D3 2v2;D3;Benjamin;Féminin;0;0;0;0;0;0;0;;oui;s1:7x17;28bbdb5b-b062-4afb-99f0-9ce08fde5759
2026 - 2027;s1;Laval;Volleyball de plage;Secondaire;Volleyball de plage B M D3 2v2;D3;Benjamin;Masculin;0;0;0;0;0;0;0;;oui;s1:7x17;eb5675c5-0187-4963-921d-0845c5efa6a3
2026 - 2027;s1;Laval;Volleyball de plage;Secondaire;Volleyball de plage C F D3 2v2;D3;Cadet;Féminin;0;0;0;0;0;0;0;;oui;s1:7x17;0782aec1-11d8-4f4b-a7f3-7a9fc6f86430
2026 - 2027;s1;Laval;Volleyball de plage;Secondaire;Volleyball de plage C M D3 2v2;D3;Cadet;Masculin;0;0;0;0;0;0;0;;oui;s1:7x17;4c0ae2f4-bf0c-43ec-9674-4bd6360c1ea8
2026 - 2027;s1;Laval;Volleyball de plage;Secondaire;Volleyball de plage J F D3 2v2;D3;Juvénile;Féminin;0;0;0;0;0;0;0;;oui;s1:7x17;f820fb0c-c3db-4617-bd07-8b14da105aff
2026 - 2027;s1;Laval;Volleyball de plage;Secondaire;Volleyball de plage J M D3 2v2;D3;Juvénile;Masculin;0;0;0;0;0;0;0;;oui;s1:7x17;9523a3f5-1ef3-492a-a74a-d868001ac413
2026 - 2027;s1;Laval;Volleyball;Secondaire;Volleyball B F D3;D3;Benjamin;Féminin;12;0;0;0;0;0;0;;oui;s1:7x16;d66959bc-2656-4fa6-9afe-c3d4ea1d7670
2026 - 2027;s1;Laval;Volleyball;Secondaire;Volleyball B F D4;D4;Benjamin;Féminin;17;0;0;0;0;0;0;;oui;s1:7x16;846f237f-c214-447c-babd-3b1d16a5343e
2026 - 2027;s1;Laval;Volleyball;Secondaire;Volleyball B M D3;D3;Benjamin;Masculin;1;0;0;0;0;0;0;;oui;s1:7x16;3e21397c-6abb-4832-bac5-5c05c2ef6cbf
2026 - 2027;s1;Laval;Volleyball;Secondaire;Volleyball C F D3;D3;Cadet;Féminin;16;0;0;0;0;0;0;;oui;s1:7x16;eee0144e-04cb-490f-83ce-a6ecba2d1712
2026 - 2027;s1;Laval;Volleyball;Secondaire;Volleyball C M D3;D3;Cadet;Masculin;4;0;0;0;0;0;0;;oui;s1:7x16;12e8c888-f3be-4fdc-9a0f-d40340f21376
2026 - 2027;s1;Laval;Volleyball;Secondaire;Volleyball J F D3;D3;Juvénile;Féminin;15;0;0;0;0;0;0;;oui;s1:7x16;c3f238fd-26eb-4f7a-8561-b5e4df78c4fe
2026 - 2027;s1;Laval;Volleyball;Secondaire;Volleyball J M D3;D3;Juvénile;Masculin;7;0;0;0;0;0;0;;oui;s1:7x16;dcbb706a-d26b-486e-a5a4-83f6d3e68052
2026 - 2027;s1;Laval;Volleyball;Primaire;Volleyball P U Mini-ligue participative AUTOMNE;;Primaire;Mixte;14;;;;;;0;;oui;s1:7x16;1cc83360-89c2-44a5-aca1-5c020ec78804
2026 - 2027;s1;Laval;Volleyball;Primaire;Volleyball P U Mini-ligue participative HIVER;;Primaire;Mixte;3;;;;;;0;;oui;s1:7x16;3581effe-f013-43e2-a9e8-af79b254c284
2026 - 2027;s1;Laval;Volleyball;Primaire;Volleyball P U SWLSB Multi-Sport Elementary League  April 30th 2027;;Primaire;Mixte;4;;;;;;0;;oui;s1:7x16;ebb5b302-125d-4623-9e44-6e3b6d6286eb
2026 - 2027;s1;Laval;Volleyball;Primaire;Volleyball P6 U Tournoi 6e année 10 novembre 2026;;Primaire 6;Mixte;18;;;;;;0;;oui;s1:7x16;a5b98228-a1cb-439f-8b96-7166648d9147
2026 - 2027;s1;Laval;Volleyball;Primaire;Volleyball P6 U Tournoi 6e année 9 novembre 2026;;Primaire 6;Mixte;13;;;;;;0;;oui;s1:7x16;2ef00435-49bd-47e6-9044-da769b628762
2026 - 2027;s1;Mauricie;Badminton;Secondaire;Badminton B U D3;D3;Benjamin;Mixte;12;0;0;0;0;0;0;;oui;s1:8x18;68364a85-3e9d-4205-b109-72e2cb2b1235
2026 - 2027;s1;Mauricie;Badminton;Secondaire;Badminton C U D3;D3;Cadet;Mixte;12;0;0;0;0;0;0;;oui;s1:8x18;14fc2bb6-55ae-4e18-a375-d965c1da8bb4
2026 - 2027;s1;Mauricie;Badminton;Secondaire;Badminton J U D3;D3;Juvénile;Mixte;10;0;0;0;0;0;0;;oui;s1:8x18;a0c0b83c-53e5-4649-bf83-5cf2d244ab08
2026 - 2027;diffusion+s1;Mauricie;Baseball;Primaire;Baseball P U;;Primaire;Mixte;14;;;;;;0;;oui;d:8x23 s1:8x23;6fcadf25-d043-4f8d-9bff-8c4d8343f348
2026 - 2027;s1;Mauricie;Basketball;Secondaire;Basketball B F D3;D3;Benjamin;Féminin;6;0;0;0;0;0;0;;oui;s1:8x1;d9ccfdea-7036-4594-ab8d-b984032c0629
2026 - 2027;s1;Mauricie;Basketball;Secondaire;Basketball B F D4;D4;Benjamin;Féminin;14;0;0;0;0;0;0;;oui;s1:8x1;516d0721-66bd-4023-8433-e8e91784f48c
2026 - 2027;s1;Mauricie;Basketball;Secondaire;Basketball B M D3;D3;Benjamin;Masculin;8;0;0;0;0;0;0;;oui;s1:8x1;2b264bfa-9cc3-4731-ae9c-9991bb50597a
2026 - 2027;s1;Mauricie;Basketball;Secondaire;Basketball B M D4 Niveau 1;D4;Benjamin;Masculin;13;0;0;0;0;0;0;;oui;s1:8x1;e373b49d-51dd-4128-9e4f-e069d50f0368
2026 - 2027;s1;Mauricie;Basketball;Secondaire;Basketball B M D4 Niveau 2;D4;Benjamin;Masculin;11;0;0;0;0;0;0;;oui;s1:8x1;a134301a-75aa-40cd-a139-4373615e6f3f
2026 - 2027;s1;Mauricie;Basketball;Secondaire;Basketball C F D3;D3;Cadet;Féminin;7;0;0;0;0;0;0;;oui;s1:8x1;17e774d1-a5be-422a-8143-e19cc3c503d7
2026 - 2027;s1;Mauricie;Basketball;Secondaire;Basketball C M D3;D3;Cadet;Masculin;5;0;0;0;0;0;0;;oui;s1:8x1;a76c4803-e751-4af1-bd1e-fbc6a8c44fe7
2026 - 2027;s1;Mauricie;Basketball;Secondaire;Basketball C M D4;D4;Cadet;Masculin;6;0;0;0;0;0;0;;oui;s1:8x1;fdd452c0-791f-463f-9182-4758fb40bdeb
2026 - 2027;s1;Mauricie;Basketball;Secondaire;Basketball J F D3;D3;Juvénile;Féminin;8;0;0;0;0;0;0;;oui;s1:8x1;334f48d4-f5aa-4929-82b2-43d5f78fbd2d
2026 - 2027;s1;Mauricie;Basketball;Secondaire;Basketball J F D4;D4;Juvénile;Féminin;9;0;0;0;0;0;0;;oui;s1:8x1;31a791e6-43a2-4ef5-9a90-e3f1eafd4af0
2026 - 2027;s1;Mauricie;Basketball;Secondaire;Basketball J M D3;D3;Juvénile;Masculin;7;0;0;0;0;0;0;;oui;s1:8x1;616c5dde-e03b-448e-b1cd-d05d1a81baf2
2026 - 2027;s1;Mauricie;Basketball;Secondaire;Basketball J M D4 Niveau 1;D4;Juvénile;Masculin;11;0;0;0;0;0;0;;oui;s1:8x1;b961f480-4e44-4de9-b829-c4cf52045671
2026 - 2027;s1;Mauricie;Basketball;Secondaire;Basketball J M D4 Niveau 2;D4;Juvénile;Masculin;9;0;0;0;0;0;0;;oui;s1:8x1;c14ec699-db60-499d-a187-dd89a0b9fd70
2026 - 2027;s1;Mauricie;Basketball;Primaire;Basketball P4 F;;Primaire 4;Féminin;10;;;;;;0;;oui;s1:8x1;a4a4bda8-c726-4660-b863-131a3c4f688f
2026 - 2027;s1;Mauricie;Basketball;Primaire;Basketball P4 M;;Primaire 4;Masculin;15;;;;;;0;;oui;s1:8x1;ceb4c85c-ae18-4393-b91d-2682071270d3
2026 - 2027;s1;Mauricie;Basketball;Primaire;Basketball P4 U;;Primaire 4;Mixte;4;;;;;;0;;oui;s1:8x1;10028946-e897-444b-98a7-5bfd3aa40830
2026 - 2027;s1;Mauricie;Basketball;Primaire;Basketball P6 F Niveau 1;;Primaire 6;Féminin;4;;;;;;0;;oui;s1:8x1;df65916c-7a13-455a-a5c4-20789f440182
2026 - 2027;s1;Mauricie;Basketball;Primaire;Basketball P6 F Niveau 2;;Primaire 6;Féminin;6;;;;;;0;;oui;s1:8x1;c9bf1861-43fd-4a4d-ac30-7d363665d33b
2026 - 2027;s1;Mauricie;Basketball;Primaire;Basketball P6 F Niveau 3;;Primaire 6;Féminin;9;;;;;;0;;oui;s1:8x1;f4e7c458-19f7-434d-bd0b-9ec75a9b74dc
2026 - 2027;s1;Mauricie;Basketball;Primaire;Basketball P6 M Niveau 1;;Primaire 6;Masculin;3;;;;;;0;;oui;s1:8x1;bd187ce0-9125-41bb-8976-863c2c89afcd
2026 - 2027;s1;Mauricie;Basketball;Primaire;Basketball P6 M Niveau 2;;Primaire 6;Masculin;12;;;;;;0;;oui;s1:8x1;f3539ae2-9604-4807-a40a-6fc014088a8e
2026 - 2027;s1;Mauricie;Basketball;Primaire;Basketball P6 M Niveau 3;;Primaire 6;Masculin;8;;;;;;0;;oui;s1:8x1;d4d0d612-e017-4dcb-b409-a9ff19590e5b
2026 - 2027;s1;Mauricie;Basketball;Primaire;Basketball P6 U;;Primaire 6;Mixte;16;;;;;;0;;oui;s1:8x1;7d917e97-ac75-48c4-9e50-a368ed17e56a
2026 - 2027;s1;Mauricie;Cheerleading;Secondaire;Cheerleading B U Niveau 2;;Benjamin;Mixte;0;0;0;0;0;0;0;;oui;s1:8x2;b8d51b95-c73f-4f40-a7b9-83e2493bfa4a
2026 - 2027;s1;Mauricie;Cheerleading;Secondaire;Cheerleading O U Niveau 1;;Ouvert;Mixte;0;0;0;0;0;0;0;;oui;s1:8x2;79eeeb87-ae5e-4f4b-a6a9-dfac78c006d6
2026 - 2027;s1;Mauricie;Cheerleading;Primaire;Cheerleading O U Niveau 1;;Ouvert;Mixte;1;;;;;;0;;oui;s1:8x2;b5ac6c52-4c6f-4c72-911f-ed4ef9bf1519
2026 - 2027;s1;Mauricie;Cheerleading;Secondaire;Cheerleading O U Niveau 2;;Ouvert;Mixte;0;0;0;0;0;0;0;;oui;s1:8x2;2b75e77b-5a08-4e14-891a-f19bddb0fdf4
2026 - 2027;s1;Mauricie;Cheerleading;Primaire;Cheerleading O U Niveau 2;;Ouvert;Mixte;1;;;;;;0;;oui;s1:8x2;14c72088-f309-425c-b25f-ccd7673d97b9
2026 - 2027;s1;Mauricie;Cheerleading;Secondaire;Cheerleading O U Niveau 3;;Ouvert;Mixte;1;0;0;0;0;0;0;;oui;s1:8x2;110d88c9-48e9-4d69-8951-f16505ffb1d0
2026 - 2027;s1;Mauricie;Cross-country;Secondaire;Cross-country B F;;Benjamin;Féminin;18;0;0;0;0;0;0;;oui;s1:8x3;607dd02e-d560-4d1f-9913-7407a42b6885
2026 - 2027;s1;Mauricie;Cross-country;Secondaire;Cross-country B M;;Benjamin;Masculin;18;0;0;0;0;0;0;;oui;s1:8x3;1068065e-ee68-4e80-a08c-db6218b95b91
2026 - 2027;s1;Mauricie;Cross-country;Secondaire;Cross-country C F;;Cadet;Féminin;17;0;0;0;0;0;0;;oui;s1:8x3;a9ae4288-531f-4a99-849d-eac665bfdca3
2026 - 2027;s1;Mauricie;Cross-country;Secondaire;Cross-country C M;;Cadet;Masculin;15;0;0;0;0;0;0;;oui;s1:8x3;cdc3c18a-0271-4ebb-b5c3-dd101d4ce200
2026 - 2027;s1;Mauricie;Cross-country;Secondaire;Cross-country J F;;Juvénile;Féminin;14;0;0;0;0;0;0;;oui;s1:8x3;ef2a403f-32e6-4a43-a675-27176e8bee96
2026 - 2027;s1;Mauricie;Cross-country;Secondaire;Cross-country J M;;Juvénile;Masculin;16;0;0;0;0;0;0;;oui;s1:8x3;67524558-0520-4b79-a5d6-b3077ff7ce23
2026 - 2027;s1;Mauricie;Cross-country;Primaire;Cross-country P3 F;;Primaire 3;Féminin;41;;;;;;0;;oui;s1:8x3;59413072-657a-4649-9adb-f419b5f672f1
2026 - 2027;s1;Mauricie;Cross-country;Primaire;Cross-country P3 M;;Primaire 3;Masculin;42;;;;;;0;;oui;s1:8x3;ec731da4-2e0e-4eca-a4eb-066b45c82808
2026 - 2027;s1;Mauricie;Cross-country;Primaire;Cross-country P4 F;;Primaire 4;Féminin;43;;;;;;0;;oui;s1:8x3;1236a497-14e5-4331-aac6-39a85043a2bb
2026 - 2027;s1;Mauricie;Cross-country;Primaire;Cross-country P4 M;;Primaire 4;Masculin;43;;;;;;0;;oui;s1:8x3;dcdfc230-93dc-4ca7-9820-6c8c941f9f49
2026 - 2027;s1;Mauricie;Cross-country;Primaire;Cross-country P5 F;;Primaire 5;Féminin;46;;;;;;0;;oui;s1:8x3;6d872439-f78c-434d-ade3-a9e46bc27902
2026 - 2027;s1;Mauricie;Cross-country;Primaire;Cross-country P5 M;;Primaire 5;Masculin;46;;;;;;0;;oui;s1:8x3;807a245a-ffb1-4c54-a107-7e9dd9830a4a
2026 - 2027;s1;Mauricie;Cross-country;Primaire;Cross-country P6 F;;Primaire 6;Féminin;46;;;;;;0;;oui;s1:8x3;535ef52e-e418-4378-bc09-01b17883807c
2026 - 2027;s1;Mauricie;Cross-country;Primaire;Cross-country P6 M;;Primaire 6;Masculin;48;;;;;;0;;oui;s1:8x3;e99a10b7-9547-47fc-a9d2-17ce367e6c2b
2026 - 2027;diffusion+s1;Mauricie;Flag football;Secondaire;Flag football C F D3;D3;Cadet;Féminin;11;49;44;5;0;0;49;46;oui;d:8x4 s1:8x4;0dd04bba-1556-45ab-a413-381e6f9ecce8
2026 - 2027;diffusion+s1;Mauricie;Flag football;Secondaire;Flag football C F D4 Niveau 1;D4;Cadet;Féminin;12;55;48;7;0;0;55;55;oui;d:8x4 s1:8x4;35d1fde2-eae1-48e9-8ee9-8fe431ccaeea
2026 - 2027;diffusion+s1;Mauricie;Flag football;Secondaire;Flag football C F D4 Niveau 2 A;D4;Cadet;Féminin;8;39;32;7;0;0;32;32;oui;d:8x4 s1:8x4;aea9102b-ebaf-44c6-b5b8-afc13f05a3cc
2026 - 2027;diffusion+s1;Mauricie;Flag football;Secondaire;Flag football C F D4 Niveau 2 B;D4;Cadet;Féminin;8;39;32;7;0;0;39;39;oui;d:8x4 s1:8x4;63e44f74-db96-4cdd-875c-745d2f5dcd5f
2026 - 2027;diffusion+s1;Mauricie;Flag football;Secondaire;Flag football C M D3;D3;Cadet;Masculin;6;29;24;5;0;0;29;27;oui;d:8x4 s1:8x4;dd67a391-9445-4e97-81c2-aef089a62f90
2026 - 2027;diffusion+s1;Mauricie;Flag football;Secondaire;Flag football C M D4;D4;Cadet;Masculin;11;49;44;5;0;0;85;56;oui;d:8x4 s1:8x4;11ccc575-416a-4a60-b589-bacf72e698b0
2026 - 2027;diffusion+s1;Mauricie;Flag football;Secondaire;Flag football J F D3;D3;Juvénile;Féminin;6;29;24;5;0;0;29;20;oui;d:8x4 s1:8x4;773cd4f9-a73a-4705-a91b-ebe46cc40e14
2026 - 2027;diffusion+s1;Mauricie;Flag football;Secondaire;Flag football J F D4 Niveau 1;D4;Juvénile;Féminin;12;55;48;7;0;0;55;48;oui;d:8x4 s1:8x4;d530c01b-524d-4b4b-ad1f-baba55e9e633
2026 - 2027;diffusion+s1;Mauricie;Flag football;Secondaire;Flag football J F D4 Niveau 2;D4;Juvénile;Féminin;7;31;28;3;0;0;31;18;oui;d:8x4 s1:8x4;ae61fbdc-92ec-4343-a217-17d7a96c9663
2026 - 2027;diffusion+s1;Mauricie;Football;Secondaire;Football J M D3;D3;Juvénile;Masculin;8;31;28;3;0;0;31;3;oui;d:8x5 s1:8x5;28656dd2-be2d-4fd5-9ad1-2e3afdb51e5a
2026 - 2027;s1;Mauricie;Futsal;Secondaire;Futsal B F D3;D3;Benjamin;Féminin;5;0;0;0;0;0;0;;oui;s1:8x30;c49685ad-5be4-4702-ae24-b79d928d33ba
2026 - 2027;s1;Mauricie;Futsal;Secondaire;Futsal B M D3;D3;Benjamin;Masculin;8;0;0;0;0;0;0;;oui;s1:8x30;c282de29-2600-429d-93a1-978604f1a2d8
2026 - 2027;s1;Mauricie;Futsal;Secondaire;Futsal B M D4 Niveau 1;D4;Benjamin;Masculin;17;0;0;0;0;0;0;;oui;s1:8x30;c0bfe93a-b7bc-44cd-b067-682bf4974c10
2026 - 2027;s1;Mauricie;Futsal;Secondaire;Futsal B M D4 Niveau 2;D4;Benjamin;Masculin;6;0;0;0;0;0;0;;oui;s1:8x30;e60e4a18-fcf4-4c54-bf69-92b116cc3818
2026 - 2027;s1;Mauricie;Futsal;Secondaire;Futsal C M D3;D3;Cadet;Masculin;8;0;0;0;0;0;0;;oui;s1:8x30;fd08cb55-0398-4ec3-809a-387261ca2777
2026 - 2027;s1;Mauricie;Futsal;Secondaire;Futsal C M D4;D4;Cadet;Masculin;11;0;0;0;0;0;0;;oui;s1:8x30;d630d628-521a-41e0-b79e-51e68ad4662e
2026 - 2027;s1;Mauricie;Futsal;Secondaire;Futsal J F D3;D3;Juvénile;Féminin;8;0;0;0;0;0;0;;oui;s1:8x30;91e73fa0-7729-482b-becc-ce7c12dcd99f
2026 - 2027;s1;Mauricie;Futsal;Secondaire;Futsal J M D3;D3;Juvénile;Masculin;5;0;0;0;0;0;0;;oui;s1:8x30;c7d83826-cb16-4222-8f9a-bfc158388c7d
2026 - 2027;s1;Mauricie;Futsal;Secondaire;Futsal J M D4;D4;Juvénile;Masculin;8;0;0;0;0;0;0;;oui;s1:8x30;3ae347cb-e680-4588-88e8-9dc9fe71e12b
2026 - 2027;s1;Mauricie;Futsal;Primaire;Futsal P4 U;;Primaire 4;Mixte;0;;;;;;0;;oui;s1:8x30;6e4f51f8-82dc-496a-94b3-51e5b8c19e19
2026 - 2027;s1;Mauricie;Futsal;Primaire;Futsal P6 U;;Primaire 6;Mixte;0;;;;;;0;;oui;s1:8x30;72d53f32-7457-4a7a-bdcb-3abbebac0fe2
2026 - 2027;s1;Mauricie;Futsal;Primaire;Futsal P6 U Niveau 1;;Primaire 6;Mixte;0;;;;;;0;;oui;s1:8x30;341cc8ee-f305-449b-a9a1-1f747c759d69
2026 - 2027;s1;Mauricie;Futsal;Primaire;Futsal P6 U Niveau 2;;Primaire 6;Mixte;2;;;;;;0;;oui;s1:8x30;53ff0a44-25f2-4d7a-9625-aa8296876ace
2026 - 2027;s1;Mauricie;Futsal;Primaire;Futsal P6 U Niveau 3;;Primaire 6;Mixte;1;;;;;;0;;oui;s1:8x30;0c4ab107-10ff-47a1-8c2a-d0fe3937dcae
2026 - 2027;s1;Mauricie;Golf;Secondaire;Golf B U;;Benjamin;Mixte;4;0;0;0;0;0;0;;oui;s1:8x6;c4820227-a9c2-4fb1-9fbb-85a4ed778fe3
2026 - 2027;s1;Mauricie;Golf;Secondaire;Golf C U;;Cadet;Mixte;3;0;0;0;0;0;0;;oui;s1:8x6;0972da2a-8d43-43b2-867f-02f0c34c8ad9
2026 - 2027;s1;Mauricie;Golf;Secondaire;Golf J U;;Juvénile;Mixte;3;0;0;0;0;0;0;;oui;s1:8x6;8f8ca7fb-0885-492a-996e-fccd3496f243
2026 - 2027;s1;Mauricie;Hockey cosom;Secondaire;Hockey cosom J U D3 Inclusif;D3;Juvénile;Mixte;0;0;0;0;0;0;0;;oui;s1:8x7;d5de806b-65c1-4715-8811-92b5f863d413
2026 - 2027;s1;Mauricie;Hockey cosom;Secondaire;Hockey cosom J U D4 Niveau 1 Inclusif;D4;Juvénile;Mixte;0;0;0;0;0;0;0;;oui;s1:8x7;8060c38c-5e93-43fa-96fa-eb5fc939ccbb
2026 - 2027;s1;Mauricie;Hockey cosom;Secondaire;Hockey cosom J U D4 Niveau 2 Inclusif;D4;Juvénile;Mixte;0;0;0;0;0;0;0;;oui;s1:8x7;41484b29-bdfc-4a1b-a204-0889fd7f7078
2026 - 2027;s1;Mauricie;Hockey cosom;Primaire;Hockey cosom P4 U;;Primaire 4;Mixte;2;;;;;;0;;oui;s1:8x7;91bcddb8-5fdf-4098-826d-7829c9a44dee
2026 - 2027;diffusion+s1;Mauricie;Hockey cosom;Primaire;Hockey cosom P6 U;;Primaire 6;Mixte;15;;;;;;0;;oui;d:8x7 s1:8x7;49a1b85d-a146-4ff3-a2c8-3a5b2f96d506
2026 - 2027;s1;Mauricie;Hockey;Primaire;Hockey M14 U D4;D4;M14;Mixte;5;;;;;;0;;oui;s1:8x9;01eff0a8-b1c9-4cf1-a8b9-d3bd8fc61a53
2026 - 2027;s1;Mauricie;Hockey;Secondaire;Hockey M15 U D4;D4;M15;Mixte;6;0;0;0;0;0;0;;oui;s1:8x9;7583dac3-8194-4b7a-bb63-d96e7d59fafc
2026 - 2027;s1;Mauricie;Hockey;Secondaire;Hockey M18 U D4;D4;M18;Mixte;7;0;0;0;0;0;0;;oui;s1:8x9;2e6163cc-f4e8-420b-b4ba-7f88f6c4dc92
2026 - 2027;s1;Mauricie;Rugby;Secondaire;Rugby J F D3;D3;Juvénile;Féminin;0;0;0;0;0;0;0;;oui;s1:8x11;e3420bde-ff8c-4399-b23c-4ecd0545b3ee
2026 - 2027;s1;Mauricie;Ultimate;Secondaire;Ultimate J U D3;D3;Juvénile;Mixte;0;0;0;0;0;0;0;;oui;s1:8x25;9e3496bc-2535-4103-9609-d551bd38022b
2026 - 2027;s1;Mauricie;Volleyball;Secondaire;Volleyball B F D3;D3;Benjamin;Féminin;16;0;0;0;0;0;0;;oui;s1:8x16;072c2963-a4bf-49db-bc92-9f244236ff2c
2026 - 2027;s1;Mauricie;Volleyball;Secondaire;Volleyball B F D4 Niveau 1;D4;Benjamin;Féminin;20;0;0;0;0;0;0;;oui;s1:8x16;53471b12-778c-4dac-9a25-b701007b0960
2026 - 2027;s1;Mauricie;Volleyball;Secondaire;Volleyball B F D4 Niveau 2;D4;Benjamin;Féminin;26;0;0;0;0;0;0;;oui;s1:8x16;b988c890-9f4b-410c-88d8-1cdabab121a3
2026 - 2027;s1;Mauricie;Volleyball;Secondaire;Volleyball B M D3;D3;Benjamin;Masculin;5;0;0;0;0;0;0;;oui;s1:8x16;21b2e1fc-ca88-441b-9297-37145fabd4e7
2026 - 2027;s1;Mauricie;Volleyball;Secondaire;Volleyball C F D3;D3;Cadet;Féminin;17;0;0;0;0;0;0;;oui;s1:8x16;f77b0bca-752a-4ef0-b8bd-ca0c5f651bce
2026 - 2027;s1;Mauricie;Volleyball;Secondaire;Volleyball C F D4 Niveau 1;D4;Cadet;Féminin;19;0;0;0;0;0;0;;oui;s1:8x16;4f149e4a-f153-48ee-ae81-82c27f90886c
2026 - 2027;s1;Mauricie;Volleyball;Secondaire;Volleyball C F D4 Niveau 2;D4;Cadet;Féminin;19;0;0;0;0;0;0;;oui;s1:8x16;fe9fe87c-de69-49c9-a165-55a45e2d0cc5
2026 - 2027;s1;Mauricie;Volleyball;Secondaire;Volleyball C M D3;D3;Cadet;Masculin;6;0;0;0;0;0;0;;oui;s1:8x16;6646ffc7-1662-4fa7-834f-b03ff9f5fa10
2026 - 2027;s1;Mauricie;Volleyball;Secondaire;Volleyball J F D3;D3;Juvénile;Féminin;10;0;0;0;0;0;0;;oui;s1:8x16;8865f53f-9f2e-465a-95cb-048f9f3297a9
2026 - 2027;s1;Mauricie;Volleyball;Secondaire;Volleyball J F D4 Niveau 1;D4;Juvénile;Féminin;7;0;0;0;0;0;0;;oui;s1:8x16;a86af12c-3305-4af2-b042-dd0052e29a59
2026 - 2027;s1;Mauricie;Volleyball;Secondaire;Volleyball J F D4 Niveau 2;D4;Juvénile;Féminin;7;0;0;0;0;0;0;;oui;s1:8x16;6a808ed8-3e86-498f-ba4d-535f4460c89b
2026 - 2027;s1;Mauricie;Volleyball;Secondaire;Volleyball J M D3;D3;Juvénile;Masculin;8;0;0;0;0;0;0;;oui;s1:8x16;42ea7ef5-b33c-486f-8da2-18499f526639
2026 - 2027;s1;Mauricie;Volleyball;Primaire;Volleyball P U;;Primaire;Mixte;1;;;;;;0;;oui;s1:8x16;c7223b24-bef8-4844-84d3-86b27301526f
2026 - 2027;s1;Montérégie;Athlétisme;Secondaire;Athlétisme B F Championnat régional Extérieur;;Benjamin;Féminin;0;0;0;0;0;0;0;;oui;s1:9x0;31b95419-93af-4684-b440-3fdacdfe382c
2026 - 2027;s1;Montérégie;Athlétisme;Secondaire;Athlétisme B F En salle;;Benjamin;Féminin;10;0;0;0;0;0;0;;oui;s1:9x0;5ce1a590-d3ed-4a32-bf61-c8ad328fc5d6
2026 - 2027;s1;Montérégie;Athlétisme;Secondaire;Athlétisme B M Championnat régional Extérieur;;Benjamin;Masculin;0;0;0;0;0;0;0;;oui;s1:9x0;50089bbb-2e8d-443d-89f1-71de7ca6a6f3
2026 - 2027;s1;Montérégie;Athlétisme;Secondaire;Athlétisme B M En salle;;Benjamin;Masculin;11;0;0;0;0;0;0;;oui;s1:9x0;a2bf5093-8625-4f1f-bb58-5adbe9a485f2
2026 - 2027;s1;Montérégie;Athlétisme;Secondaire;Athlétisme C F Championnat régional Extérieur;;Cadet;Féminin;0;0;0;0;0;0;0;;oui;s1:9x0;c8d72735-cfe0-4c97-b2fb-dcd3bb47730e
2026 - 2027;s1;Montérégie;Athlétisme;Secondaire;Athlétisme C F En salle;;Cadet;Féminin;13;0;0;0;0;0;0;;oui;s1:9x0;f80b0181-de4e-4acf-bdcd-da26bc1a93d6
2026 - 2027;s1;Montérégie;Athlétisme;Secondaire;Athlétisme C M Championnat régional Extérieur;;Cadet;Masculin;0;0;0;0;0;0;0;;oui;s1:9x0;c6a3ca2a-230f-4044-8869-1666ad21853a
2026 - 2027;s1;Montérégie;Athlétisme;Secondaire;Athlétisme C M En salle;;Cadet;Masculin;10;0;0;0;0;0;0;;oui;s1:9x0;b53874ec-e1d5-4147-ac56-fd587ccc1167
2026 - 2027;s1;Montérégie;Athlétisme;Secondaire;Athlétisme J F Championnat régional Extérieur;;Juvénile;Féminin;0;0;0;0;0;0;0;;oui;s1:9x0;7357e535-699c-4701-a9e5-236de19a672e
2026 - 2027;s1;Montérégie;Athlétisme;Secondaire;Athlétisme J F En salle;;Juvénile;Féminin;14;0;0;0;0;0;0;;oui;s1:9x0;9f3a3734-b6c4-422e-9c26-7b18939c5c84
2026 - 2027;s1;Montérégie;Athlétisme;Secondaire;Athlétisme J M Championnat régional Extérieur;;Juvénile;Masculin;0;0;0;0;0;0;0;;oui;s1:9x0;ef36a9b9-8771-4161-be9a-e00d3c1a6370
2026 - 2027;s1;Montérégie;Athlétisme;Secondaire;Athlétisme J M En salle;;Juvénile;Masculin;11;0;0;0;0;0;0;;oui;s1:9x0;e14833c6-ba3a-40ea-9162-f3fb311a6627
2026 - 2027;s1;Montérégie;Athlétisme;Primaire;Athlétisme P3 F Festival  extérieur;;Primaire 3;Féminin;0;;;;;;0;;oui;s1:9x0;901a565f-9592-493c-bb5c-50c1e4a81a8c
2026 - 2027;s1;Montérégie;Athlétisme;Primaire;Athlétisme P3 M Festival  extérieur;;Primaire 3;Masculin;0;;;;;;0;;oui;s1:9x0;70135d40-686d-4bf7-88d5-8e336509ce2a
2026 - 2027;s1;Montérégie;Athlétisme;Primaire;Athlétisme P4 F Festival  extérieur;;Primaire 4;Féminin;0;;;;;;0;;oui;s1:9x0;49db230c-da6a-4637-9f3f-afbe8646c87b
2026 - 2027;s1;Montérégie;Athlétisme;Primaire;Athlétisme P4 M Festival extérieur;;Primaire 4;Masculin;0;;;;;;0;;oui;s1:9x0;d549eb19-7241-4d43-95c1-de634719a6be
2026 - 2027;s1;Montérégie;Athlétisme;Primaire;Athlétisme P5 F Festival extérieur;;Primaire 5;Féminin;0;;;;;;0;;oui;s1:9x0;f8947b5c-6a47-49d8-a483-87fee46b6874
2026 - 2027;s1;Montérégie;Athlétisme;Primaire;Athlétisme P5 M Festival extérieur;;Primaire 5;Masculin;0;;;;;;0;;oui;s1:9x0;ff62d2a4-a2eb-438b-960e-08ffd7a32ca6
2026 - 2027;s1;Montérégie;Athlétisme;Primaire;Athlétisme P6 F Festival extérieur;;Primaire 6;Féminin;0;;;;;;0;;oui;s1:9x0;a346deec-823a-4c38-a10d-8b0ad100fdfd
2026 - 2027;s1;Montérégie;Athlétisme;Primaire;Athlétisme P6 M Festival extérieur;;Primaire 6;Masculin;0;;;;;;0;;oui;s1:9x0;3fc8116b-f49b-41f8-b75f-393e8c166d23
2026 - 2027;s1;Montérégie;Badminton;Secondaire;Badminton B F Haut-Richelieu;;Benjamin;Féminin;8;0;0;0;0;0;0;;oui;s1:9x18;480eccb3-3ee6-47ef-bbdc-711390ef3f2a
2026 - 2027;s1;Montérégie;Badminton;Secondaire;Badminton B F Métro;;Benjamin;Féminin;7;0;0;0;0;0;0;;oui;s1:9x18;035564cd-002a-441d-a8be-05f4f86cf71d
2026 - 2027;s1;Montérégie;Badminton;Secondaire;Badminton B F Rive-Sud;;Benjamin;Féminin;10;0;0;0;0;0;0;;oui;s1:9x18;43e5c5ea-81fc-4e99-8697-4f971ea89f73
2026 - 2027;s1;Montérégie;Badminton;Secondaire;Badminton B F Sud-Ouest;;Benjamin;Féminin;8;0;0;0;0;0;0;;oui;s1:9x18;ce4c0074-2485-4fb1-87f4-149bd1a67cab
2026 - 2027;s1;Montérégie;Badminton;Secondaire;Badminton B M Haut-Richelieu;;Benjamin;Masculin;10;0;0;0;0;0;0;;oui;s1:9x18;102356d6-4792-444a-8ee8-f16398225814
2026 - 2027;s1;Montérégie;Badminton;Secondaire;Badminton B M Métro;;Benjamin;Masculin;7;0;0;0;0;0;0;;oui;s1:9x18;f37546f2-d594-42b4-84a2-dc2f9a01524b
2026 - 2027;s1;Montérégie;Badminton;Secondaire;Badminton B M Rive-Sud;;Benjamin;Masculin;14;0;0;0;0;0;0;;oui;s1:9x18;6d60562f-686c-457b-aab8-b0e7935877dc
2026 - 2027;s1;Montérégie;Badminton;Secondaire;Badminton B M Sud-Ouest;;Benjamin;Masculin;7;0;0;0;0;0;0;;oui;s1:9x18;beceaf93-9966-41e5-852f-6f08465e057e
2026 - 2027;s1;Montérégie;Badminton;Secondaire;Badminton C F Haut-Richelieu;;Cadet;Féminin;9;0;0;0;0;0;0;;oui;s1:9x18;5c2e3d94-6ca5-4b32-b3a4-2960c82b1c74
2026 - 2027;s1;Montérégie;Badminton;Secondaire;Badminton C F Métro;;Cadet;Féminin;7;0;0;0;0;0;0;;oui;s1:9x18;371ffab3-721d-49d0-b3f4-24d12ff5800b
2026 - 2027;s1;Montérégie;Badminton;Secondaire;Badminton C F Rive-Sud;;Cadet;Féminin;11;0;0;0;0;0;0;;oui;s1:9x18;3658ccd8-8061-4780-b6fe-694ac531a9d6
2026 - 2027;s1;Montérégie;Badminton;Secondaire;Badminton C F Sud-Ouest;;Cadet;Féminin;6;0;0;0;0;0;0;;oui;s1:9x18;146eb209-f17a-4956-9a14-997837eb5f80
2026 - 2027;s1;Montérégie;Badminton;Secondaire;Badminton C M Haut-Richelieu;;Cadet;Masculin;11;0;0;0;0;0;0;;oui;s1:9x18;ee055f94-fcaa-4b73-9ab8-1b2694842c6c
2026 - 2027;s1;Montérégie;Badminton;Secondaire;Badminton C M Métro;;Cadet;Masculin;7;0;0;0;0;0;0;;oui;s1:9x18;d5418abb-1825-47d5-8c9c-e2b9b1b7075c
2026 - 2027;s1;Montérégie;Badminton;Secondaire;Badminton C M Rive-Sud;;Cadet;Masculin;14;0;0;0;0;0;0;;oui;s1:9x18;79bce6a0-b9db-45e8-937e-e24e6950ef12
2026 - 2027;s1;Montérégie;Badminton;Secondaire;Badminton C M Sud-Ouest;;Cadet;Masculin;8;0;0;0;0;0;0;;oui;s1:9x18;987c834a-079e-4f53-bbaa-20be526f17e3
2026 - 2027;s1;Montérégie;Badminton;Secondaire;Badminton J F;;Juvénile;Féminin;26;0;0;0;0;0;0;;oui;s1:9x18;f9c8d3a5-8c13-4af1-a64f-9b08cd59bda5
2026 - 2027;s1;Montérégie;Badminton;Secondaire;Badminton J M;;Juvénile;Masculin;34;0;0;0;0;0;0;;oui;s1:9x18;0856e836-5c0b-47a6-ac9c-191303030a0d
2026 - 2027;s1;Montérégie;Basketball;Secondaire;Basketball A M D4 Niveau 2 Centre-Nord;D4;Atome;Masculin;5;0;0;0;0;0;0;;oui;s1:9x1;5749a6e7-6825-4e2c-b64b-762cda6c0052
2026 - 2027;s1;Montérégie;Basketball;Secondaire;Basketball A M D4 Niveau 2 Est;D4;Atome;Masculin;5;0;0;0;0;0;0;;oui;s1:9x1;592988a0-a115-416a-b4a6-34bca29e0c34
2026 - 2027;s1;Montérégie;Basketball;Secondaire;Basketball B F D3;D3;Benjamin;Féminin;5;0;0;0;0;0;0;;oui;s1:9x1;1bb9b463-44fb-4c52-b2f8-b7caf93f9383
2026 - 2027;s1;Montérégie;Basketball;Secondaire;Basketball B F D4 Niveau 1 Centre;D4;Benjamin;Féminin;5;0;0;0;0;0;0;;oui;s1:9x1;cdcb348a-46a8-4c5d-aeed-969b637a5f5e
2026 - 2027;s1;Montérégie;Basketball;Secondaire;Basketball B F D4 Niveau 1 Centre-Ouest;D4;Benjamin;Féminin;6;0;0;0;0;0;0;;oui;s1:9x1;e54bee3d-c4cb-4ad3-8955-8945ac0e4dd0
2026 - 2027;s1;Montérégie;Basketball;Secondaire;Basketball B F D4 Niveau 1 Est;D4;Benjamin;Féminin;5;0;0;0;0;0;0;;oui;s1:9x1;feb8deef-d432-4d2a-a5fc-f7d523d89847
2026 - 2027;s1;Montérégie;Basketball;Secondaire;Basketball B F D4 Niveau 1 Ouest;D4;Benjamin;Féminin;6;0;0;0;0;0;0;;oui;s1:9x1;f8f25f20-2887-45fd-943b-a400fc9b6121
2026 - 2027;s1;Montérégie;Basketball;Secondaire;Basketball B F D4 Niveau 2 Centre;D4;Benjamin;Féminin;6;0;0;0;0;0;0;;oui;s1:9x1;e5b9130a-01fe-468c-842b-58e353702c71
2026 - 2027;s1;Montérégie;Basketball;Secondaire;Basketball B F D4 Niveau 2 Est;D4;Benjamin;Féminin;5;0;0;0;0;0;0;;oui;s1:9x1;552b1cfc-c6a2-4e4e-a230-c6f434d28941
2026 - 2027;s1;Montérégie;Basketball;Secondaire;Basketball B M D3 Centre-Est;D3;Benjamin;Masculin;5;0;0;0;0;0;0;;oui;s1:9x1;a30bd51e-9c30-4ab7-af93-4b7a6e1fe1ac
2026 - 2027;s1;Montérégie;Basketball;Secondaire;Basketball B M D3 Centre-Ouest;D3;Benjamin;Masculin;6;0;0;0;0;0;0;;oui;s1:9x1;f91bf78a-cc91-4e8f-bd6e-4e30542cc7c0
2026 - 2027;s1;Montérégie;Basketball;Secondaire;Basketball B M D4 Niveau 1 Centre ;D4;Benjamin;Masculin;6;0;0;0;0;0;0;;oui;s1:9x1;4f48ca8f-16ff-43dd-b498-b655e7bad8af
2026 - 2027;s1;Montérégie;Basketball;Secondaire;Basketball B M D4 Niveau 1 Centre-Est;D4;Benjamin;Masculin;6;0;0;0;0;0;0;;oui;s1:9x1;7f196f4f-f4f1-4a36-9624-38bf32c10321
2026 - 2027;s1;Montérégie;Basketball;Secondaire;Basketball B M D4 Niveau 1 Est 1;D4;Benjamin;Masculin;6;0;0;0;0;0;0;;oui;s1:9x1;30dd53b3-af1a-4e6a-80eb-5a84009ebbec
2026 - 2027;s1;Montérégie;Basketball;Secondaire;Basketball B M D4 Niveau 1 Est 2;D4;Benjamin;Masculin;6;0;0;0;0;0;0;;oui;s1:9x1;24016467-df99-4ca2-b3d8-96f5a3b916a4
2026 - 2027;s1;Montérégie;Basketball;Secondaire;Basketball B M D4 Niveau 1 Haut-Richelieu;D4;Benjamin;Masculin;6;0;0;0;0;0;0;;oui;s1:9x1;88983033-20dd-47bd-97da-a4ca2c32bbdd
2026 - 2027;s1;Montérégie;Basketball;Secondaire;Basketball B M D4 Niveau 1 Nord;D4;Benjamin;Masculin;5;0;0;0;0;0;0;;oui;s1:9x1;2e58be1a-b7c6-482b-ac93-380b093befdc
2026 - 2027;s1;Montérégie;Basketball;Secondaire;Basketball B M D4 Niveau 1 Ouest 1;D4;Benjamin;Masculin;6;0;0;0;0;0;0;;oui;s1:9x1;caef2941-f531-45c6-9a4d-7c719fa8f4d2
2026 - 2027;s1;Montérégie;Basketball;Secondaire;Basketball B M D4 Niveau 1 Ouest 2;D4;Benjamin;Masculin;6;0;0;0;0;0;0;;oui;s1:9x1;addbe9e3-8697-43b3-8166-99e9109101cf
2026 - 2027;s1;Montérégie;Basketball;Secondaire;Basketball B M D4 Niveau 2 Centre 1;D4;Benjamin;Masculin;5;0;0;0;0;0;0;;oui;s1:9x1;bca808b0-120c-4f6c-b8e2-f40a68a05cee
2026 - 2027;s1;Montérégie;Basketball;Secondaire;Basketball B M D4 Niveau 2 Centre 2;D4;Benjamin;Masculin;5;0;0;0;0;0;0;;oui;s1:9x1;e154599f-5694-4da9-99ec-3af5d6f7ea20
2026 - 2027;s1;Montérégie;Basketball;Secondaire;Basketball B M D4 Niveau 2 Est;D4;Benjamin;Masculin;5;0;0;0;0;0;0;;oui;s1:9x1;808d89a3-9b9b-485a-93dc-cd45ebda5c2c
2026 - 2027;s1;Montérégie;Basketball;Secondaire;Basketball B M D4 Niveau 2 Haute-Yamaska;D4;Benjamin;Masculin;5;0;0;0;0;0;0;;oui;s1:9x1;cbe9c1de-614f-4169-8b60-b1afc4efdd8b
2026 - 2027;s1;Montérégie;Basketball;Secondaire;Basketball C F Centre-Est;;Cadet;Féminin;7;0;0;0;0;0;0;;oui;s1:9x1;c53ab726-29a3-4c94-b64a-0eb77a6b52ad
2026 - 2027;s1;Montérégie;Basketball;Secondaire;Basketball C F Centre-Ouest;;Cadet;Féminin;7;0;0;0;0;0;0;;oui;s1:9x1;31cbbeda-d453-48b0-bdf5-aeaa01744b65
2026 - 2027;s1;Montérégie;Basketball;Secondaire;Basketball C M D3;D3;Cadet;Masculin;8;0;0;0;0;0;0;;oui;s1:9x1;a769173d-1e7f-4cb5-ad2b-078c8b7e32e5
2026 - 2027;s1;Montérégie;Basketball;Secondaire;Basketball C M D4 Niveau 1 Centre;D4;Cadet;Masculin;7;0;0;0;0;0;0;;oui;s1:9x1;5cbc27fe-1766-4c6c-b749-79c1721def95
2026 - 2027;s1;Montérégie;Basketball;Secondaire;Basketball C M D4 Niveau 1 Est;D4;Cadet;Masculin;7;0;0;0;0;0;0;;oui;s1:9x1;309dfad9-a750-440a-a2fb-22c2f5682a8e
2026 - 2027;s1;Montérégie;Basketball;Secondaire;Basketball C M D4 Niveau 1 Nord;D4;Cadet;Masculin;7;0;0;0;0;0;0;;oui;s1:9x1;6d683b78-122d-4ed6-b536-f97b41a34ab4
2026 - 2027;s1;Montérégie;Basketball;Secondaire;Basketball C M D4 Niveau 1 Ouest;D4;Cadet;Masculin;7;0;0;0;0;0;0;;oui;s1:9x1;7af0b03c-6446-40d0-b6e3-5dd7eabe2b1a
2026 - 2027;s1;Montérégie;Basketball;Secondaire;Basketball C M D4 Niveau 2 Centre;D4;Cadet;Masculin;6;0;0;0;0;0;0;;oui;s1:9x1;d248e7b2-78d2-4d4f-ad51-ef9cc419495a
2026 - 2027;s1;Montérégie;Basketball;Secondaire;Basketball C M D4 Niveau 2 Est;D4;Cadet;Masculin;6;0;0;0;0;0;0;;oui;s1:9x1;bebf9e45-a684-456a-ab99-3ab4052239a8
2026 - 2027;s1;Montérégie;Basketball;Primaire;Basketball Co U Festival d'initiation;;Colibri;Mixte;0;;;;;;0;;oui;s1:9x1;541bae2e-c4c5-44c0-98d8-9e536ae23e4d
2026 - 2027;s1;Montérégie;Basketball;Secondaire;Basketball J F D3;D3;Juvénile;Féminin;6;0;0;0;0;0;0;;oui;s1:9x1;80ccf063-8136-4861-9da0-f208c0337f37
2026 - 2027;s1;Montérégie;Basketball;Secondaire;Basketball J F D4 Niveau 1 Centre 1;D4;Juvénile;Féminin;6;0;0;0;0;0;0;;oui;s1:9x1;8642e453-7535-4aa8-aa31-3c42b9c5c93f
2026 - 2027;s1;Montérégie;Basketball;Secondaire;Basketball J F D4 Niveau 1 Centre 2;D4;Juvénile;Féminin;7;0;0;0;0;0;0;;oui;s1:9x1;6216297a-270c-48bd-8262-e70dbd40bc89
2026 - 2027;s1;Montérégie;Basketball;Secondaire;Basketball J F D4 Niveau 1 Est;D4;Juvénile;Féminin;7;0;0;0;0;0;0;;oui;s1:9x1;708f18dd-c514-43c6-9ba6-a2aa0c30f461
2026 - 2027;s1;Montérégie;Basketball;Secondaire;Basketball J F D4 Niveau 1 Ouest;D4;Juvénile;Féminin;6;0;0;0;0;0;0;;oui;s1:9x1;7d971d52-a27e-4dbe-9827-170ee36910d8
2026 - 2027;s1;Montérégie;Basketball;Secondaire;Basketball J F D4 Niveau 2;D4;Juvénile;Féminin;4;0;0;0;0;0;0;;oui;s1:9x1;f59a61a6-b89a-4624-b0ef-5e5d2d33b7b2
2026 - 2027;s1;Montérégie;Basketball;Secondaire;Basketball J M D3 Centre;D3;Juvénile;Masculin;6;0;0;0;0;0;0;;oui;s1:9x1;4fd2dbf9-e043-4b2c-8304-c2059a1fa61b
2026 - 2027;s1;Montérégie;Basketball;Secondaire;Basketball J M D3 Centre-Ouest;D3;Juvénile;Masculin;6;0;0;0;0;0;0;;oui;s1:9x1;b3db6478-9174-4b25-912d-cd09677d2dff
2026 - 2027;s1;Montérégie;Basketball;Secondaire;Basketball J M D3 Est;D3;Juvénile;Masculin;6;0;0;0;0;0;0;;oui;s1:9x1;e6defbfe-4c0f-4b5f-990f-28f5d2481e49
2026 - 2027;s1;Montérégie;Basketball;Secondaire;Basketball J M D3 Ouest;D3;Juvénile;Masculin;5;0;0;0;0;0;0;;oui;s1:9x1;1a928ec9-41a6-43d3-aca1-af665d60eaff
2026 - 2027;s1;Montérégie;Basketball;Secondaire;Basketball J M D4 Niveau 1 Centre;D4;Juvénile;Masculin;6;0;0;0;0;0;0;;oui;s1:9x1;18354bfc-6d72-488f-adaa-259b51a8a936
2026 - 2027;s1;Montérégie;Basketball;Secondaire;Basketball J M D4 Niveau 1 Centre-Ouest;D4;Juvénile;Masculin;6;0;0;0;0;0;0;;oui;s1:9x1;f16da768-cba0-4aed-b2ba-fbcd6f667d92
2026 - 2027;s1;Montérégie;Basketball;Secondaire;Basketball J M D4 Niveau 1 Est;D4;Juvénile;Masculin;5;0;0;0;0;0;0;;oui;s1:9x1;db213307-d7fe-4be1-a874-4eac8edc6a6a
2026 - 2027;s1;Montérégie;Basketball;Secondaire;Basketball J M D4 Niveau 1 Haute-Yamaska;D4;Juvénile;Masculin;7;0;0;0;0;0;0;;oui;s1:9x1;f8921dff-d8b5-4d7a-9b0b-af7b8fce1574
2026 - 2027;s1;Montérégie;Basketball;Secondaire;Basketball J M D4 Niveau 1 Nord ;D4;Juvénile;Masculin;6;0;0;0;0;0;0;;oui;s1:9x1;8fa67a34-7522-414a-b99a-e7185021f082
2026 - 2027;s1;Montérégie;Basketball;Secondaire;Basketball J M D4 Niveau 1 Ouest ;D4;Juvénile;Masculin;7;0;0;0;0;0;0;;oui;s1:9x1;b8f33b12-d274-49cc-9e7f-c0e8ab2e4c33
2026 - 2027;s1;Montérégie;Basketball;Secondaire;Basketball J M D4 Niveau 2;D4;Juvénile;Masculin;9;0;0;0;0;0;0;;oui;s1:9x1;684d5153-113f-4724-92a2-1ffbd3117598
2026 - 2027;s1;Montérégie;Basketball;Primaire;Basketball M F Ouvert;;Moustique;Féminin;0;;;;;;0;;oui;s1:9x1;bc3df2b4-a188-41f4-9436-a3c2d4160ac7
2026 - 2027;s1;Montérégie;Basketball;Primaire;Basketball M M Compétitif;;Moustique;Masculin;0;;;;;;0;;oui;s1:9x1;dc87a874-3a23-4f62-b486-582fbe9144cc
2026 - 2027;s1;Montérégie;Basketball;Primaire;Basketball M M Participatif;;Moustique;Masculin;0;;;;;;0;;oui;s1:9x1;34f33af3-fdfb-4480-9a0f-ebcab736f82e
2026 - 2027;s1;Montérégie;Basketball;Secondaire;Basketball O U Sports Inclusifs Récréatif;;Ouvert;Mixte;7;0;0;0;0;0;0;;oui;s1:9x1;0a182321-bb97-405b-9741-22f36301abf0
2026 - 2027;s1;Montérégie;Basketball;Secondaire;Basketball O U Sports Inclusifs Récréatif;;Ouvert;Mixte;0;0;0;0;0;0;0;;oui;s1:9x1;3142d9b8-e1ef-4afd-98d6-ce3ef670a2ad
2026 - 2027;s1;Montérégie;Basketball;Secondaire;Basketball O U Sports Inclusifs Sportif;;Ouvert;Mixte;0;0;0;0;0;0;0;;oui;s1:9x1;a9bbf39c-41c8-469b-bd05-7ecc3e409524
2026 - 2027;s1;Montérégie;Basketball;Secondaire;Basketball O U Sports Inclusifs Sportif;;Ouvert;Mixte;0;0;0;0;0;0;0;;oui;s1:9x1;3bce5bdc-b303-4fe3-8e48-df747468685e
2026 - 2027;s1;Montérégie;Cheerleading;Secondaire;Cheerleading B U Niveau 1;;Benjamin;Mixte;0;0;0;0;0;0;0;;oui;s1:9x2;75768c40-c9a7-427c-a50e-fbe19ef0f73a
2026 - 2027;s1;Montérégie;Cheerleading;Secondaire;Cheerleading B U Niveau 2;;Benjamin;Mixte;0;0;0;0;0;0;0;;oui;s1:9x2;925879ee-0c75-4ed0-a3f8-1faec60929c7
2026 - 2027;s1;Montérégie;Cheerleading;Secondaire;Cheerleading C U Niveau 2;;Cadet;Mixte;0;0;0;0;0;0;0;;oui;s1:9x2;e2f2bd66-a89b-4428-a504-ce885a29ea1c
2026 - 2027;s1;Montérégie;Cheerleading;Secondaire;Cheerleading C U Niveau 3;;Cadet;Mixte;0;0;0;0;0;0;0;;oui;s1:9x2;c33d0aad-7cb0-4307-bf1a-22a7d2bf1af0
2026 - 2027;s1;Montérégie;Cheerleading;Secondaire;Cheerleading J U Niveau 4;;Juvénile;Mixte;0;0;0;0;0;0;0;;oui;s1:9x2;9bc2553a-d95a-4795-8116-a10f20bf8bbe
2026 - 2027;s1;Montérégie;Cheerleading;Primaire;Cheerleading M U Niveau 1;;Moustique;Mixte;1;;;;;;0;;oui;s1:9x2;6cf0b9f3-acfb-445e-8f08-2714b623f9d3
2026 - 2027;s1;Montérégie;Cheerleading;Secondaire;Cheerleading O U Niveau 1;;Ouvert;Mixte;5;0;0;0;0;0;0;;oui;s1:9x2;8b2e2488-a181-482a-84ca-341bd527ac55
2026 - 2027;s1;Montérégie;Cheerleading;Primaire;Cheerleading O U Niveau 1 PRIMAIRE;;Ouvert;Mixte;2;;;;;;0;;oui;s1:9x2;5fb27be2-8ba6-49f7-be92-1d9027a2c30f
2026 - 2027;s1;Montérégie;Cheerleading;Secondaire;Cheerleading O U Niveau 2;;Ouvert;Mixte;7;0;0;0;0;0;0;;oui;s1:9x2;4ef76ad8-8c78-457e-8156-106bbeb21988
2026 - 2027;s1;Montérégie;Cheerleading;Secondaire;Cheerleading O U Niveau 2 Sans tumbling;;Ouvert;Mixte;7;0;0;0;0;0;0;;oui;s1:9x2;d08216d5-10c1-45b0-94bc-fe580cc23b0f
2026 - 2027;s1;Montérégie;Cheerleading;Secondaire;Cheerleading O U Niveau 3;;Ouvert;Mixte;2;0;0;0;0;0;0;;oui;s1:9x2;b33b9ae3-6e1d-4d51-8357-4bdec60b93e4
2026 - 2027;s1;Montérégie;Cheerleading;Secondaire;Cheerleading O U Niveau 3 Sans tumbling;;Ouvert;Mixte;2;0;0;0;0;0;0;;oui;s1:9x2;d3502563-dc78-4e9e-b913-01d3b6881c29
2026 - 2027;s1;Montérégie;Cross-country;Secondaire;Cross-country B F Championnat régional 3 km;;Benjamin;Féminin;27;0;0;0;0;0;0;;oui;s1:9x3;73ddd03a-10ae-4857-a97f-19be2400d53a
2026 - 2027;s1;Montérégie;Cross-country;Secondaire;Cross-country B M Championnat régional 3 km;;Benjamin;Masculin;31;0;0;0;0;0;0;;oui;s1:9x3;36fb412f-5d64-4ec9-8898-e86165102496
2026 - 2027;s1;Montérégie;Cross-country;Secondaire;Cross-country C F Championnat régional 4 km;;Cadet;Féminin;24;0;0;0;0;0;0;;oui;s1:9x3;c35acbfe-837b-44ef-b5fc-5c273dbd4fb5
2026 - 2027;s1;Montérégie;Cross-country;Secondaire;Cross-country C M Championnat régional 4 km;;Cadet;Masculin;30;0;0;0;0;0;0;;oui;s1:9x3;c442e03a-a082-4175-8a6b-c96ccab68a5f
2026 - 2027;s1;Montérégie;Cross-country;Secondaire;Cross-country J F Championnat régional 5 km;;Juvénile;Féminin;22;0;0;0;0;0;0;;oui;s1:9x3;16915f2d-42f4-40c8-aef8-a7b031303cf9
2026 - 2027;s1;Montérégie;Cross-country;Secondaire;Cross-country J M Championnat régional 5 km;;Juvénile;Masculin;21;0;0;0;0;0;0;;oui;s1:9x3;e7bd1674-393e-40df-9be4-acb7fbf92379
2026 - 2027;s1;Montérégie;Cross-country;Primaire;Cross-country P U Championnat régional Maternelle 1km;;Primaire;Mixte;10;;;;;;0;;oui;s1:9x3;d350801a-6c8f-4fd6-8081-04d527bff267
2026 - 2027;s1;Montérégie;Cross-country;Primaire;Cross-country P1 F Championnat régional 1 km;;Primaire 1;Féminin;12;;;;;;0;;oui;s1:9x3;78d0490d-58c8-4065-ac84-aa9bc8fc6404
2026 - 2027;s1;Montérégie;Cross-country;Primaire;Cross-country P1 M Championnat régional 1 km;;Primaire 1;Masculin;15;;;;;;0;;oui;s1:9x3;1224bb01-2448-4ccc-966f-bd721dfe1177
2026 - 2027;s1;Montérégie;Cross-country;Primaire;Cross-country P2 F Championnat régional 1 km;;Primaire 2;Féminin;12;;;;;;0;;oui;s1:9x3;d54fd019-c25f-4031-bc83-2f7dbb8c8dfc
2026 - 2027;s1;Montérégie;Cross-country;Primaire;Cross-country P2 M Championnat régional 1 km;;Primaire 2;Masculin;15;;;;;;0;;oui;s1:9x3;5f80aebd-dff2-415a-9666-d2a9fa2b6c66
2026 - 2027;s1;Montérégie;Cross-country;Primaire;Cross-country P3 F Championnat régional 1 km;;Primaire 3;Féminin;17;;;;;;0;;oui;s1:9x3;2e002a4f-7087-409e-a2b2-c9316b643b25
2026 - 2027;s1;Montérégie;Cross-country;Primaire;Cross-country P3 M Championnat régional 1 km;;Primaire 3;Masculin;22;;;;;;0;;oui;s1:9x3;f954c11f-f350-4da9-8043-7aa4dff63fde
2026 - 2027;s1;Montérégie;Cross-country;Primaire;Cross-country P4 F Championnat régional 2 km;;Primaire 4;Féminin;22;;;;;;0;;oui;s1:9x3;2c170a5c-12cd-4ba2-a8f6-6fd060ac9a65
2026 - 2027;s1;Montérégie;Cross-country;Primaire;Cross-country P4 M Championnat régional 2 km;;Primaire 4;Masculin;21;;;;;;0;;oui;s1:9x3;a4dd7365-ecda-4867-ab16-23cb54412d3f
2026 - 2027;s1;Montérégie;Cross-country;Primaire;Cross-country P5 F Championnat régional 2 km;;Primaire 5;Féminin;26;;;;;;0;;oui;s1:9x3;32b15cd0-4004-4507-8cfe-90f40db308e6
2026 - 2027;s1;Montérégie;Cross-country;Primaire;Cross-country P5 M Championnat régional 2 km;;Primaire 5;Masculin;27;;;;;;0;;oui;s1:9x3;989d82e6-378c-40de-8be7-27041ec958bb
2026 - 2027;s1;Montérégie;Cross-country;Primaire;Cross-country P6 F Championnat régional 2 km;;Primaire 6;Féminin;28;;;;;;0;;oui;s1:9x3;21c4a844-e1a7-4a5b-a182-a097a899f802
2026 - 2027;s1;Montérégie;Cross-country;Primaire;Cross-country P6 M Championnat régional 2 km;;Primaire 6;Masculin;30;;;;;;0;;oui;s1:9x3;0c4cdc18-6a8f-46e8-8222-ef879406ab8d
2026 - 2027;s1;Montérégie;Crosse au champ;Secondaire;Crosse au champ C M D4 Niveau 1;D4;Cadet;Masculin;0;0;0;0;0;0;0;;oui;s1:9x28;addc9dc8-a4f0-43c3-bd04-121a5ee4a7dc
2026 - 2027;s1;Montérégie;Crosse au champ;Secondaire;Crosse au champ J M D4 Niveau 1;D4;Juvénile;Masculin;0;0;0;0;0;0;0;;oui;s1:9x28;d61ffee2-7558-42a6-8d3b-55fe65c12893
2026 - 2027;s1;Montérégie;Dek Hockey;Secondaire;Dek Hockey M14 U D3;D3;M14;Mixte;0;0;0;0;0;0;0;;oui;s1:9x53;fb1f9c51-41df-4d34-a538-211ec233e3c9
2026 - 2027;s1;Montérégie;Dek Hockey;Secondaire;Dek Hockey M14 U D4;D4;M14;Mixte;0;0;0;0;0;0;0;;oui;s1:9x53;91e8ccf5-e17c-4eb4-9bef-401d109afb95
2026 - 2027;s1;Montérégie;Dek Hockey;Secondaire;Dek Hockey M15 U D3;D3;M15;Mixte;0;0;0;0;0;0;0;;oui;s1:9x53;e5b5cff4-7df5-434c-8142-2220b345914f
2026 - 2027;s1;Montérégie;Dek Hockey;Secondaire;Dek Hockey M15 U D4;D4;M15;Mixte;0;0;0;0;0;0;0;;oui;s1:9x53;c1163d23-b2ac-4947-ad47-cbb349b016f8
2026 - 2027;s1;Montérégie;Dek Hockey;Secondaire;Dek Hockey M18 U D3;D3;M18;Mixte;0;0;0;0;0;0;0;;oui;s1:9x53;73e5ef37-79d4-47d9-8653-afa23b22b2a9
2026 - 2027;s1;Montérégie;Dek Hockey;Secondaire;Dek Hockey M18 U D4;D4;M18;Mixte;0;0;0;0;0;0;0;;oui;s1:9x53;de791f24-2c7e-4f51-baa5-497f44bf4d43
2026 - 2027;diffusion+s1;Montérégie;Flag football;Secondaire;Flag football B F automne A;;Benjamin;Féminin;5;10;10;0;0;0;10;10;oui;d:9x4 s1:9x4;550c16e1-c9fb-48d5-a4ce-938f7f87c689
2026 - 2027;diffusion+s1;Montérégie;Flag football;Secondaire;Flag football B F Automne B;;Benjamin;Féminin;5;10;10;0;0;0;10;10;oui;d:9x4 s1:9x4;e343f96f-de4f-49e9-9175-37c525de5b4d
2026 - 2027;diffusion+s1;Montérégie;Flag football;Secondaire;Flag football B F Automne C;;Benjamin;Féminin;5;10;10;0;0;0;10;10;oui;d:9x4 s1:9x4;90c23197-2f1f-4390-9848-b91bf58395e4
2026 - 2027;diffusion+s1;Montérégie;Flag football;Secondaire;Flag football B F Automne D;;Benjamin;Féminin;5;10;10;0;0;0;10;10;oui;d:9x4 s1:9x4;2827099a-f89c-4b87-ad8b-1c7e77f78794
2026 - 2027;diffusion+s1;Montérégie;Flag football;Secondaire;Flag football B F D4 Niveau 2 automne;D4;Benjamin;Féminin;6;12;12;0;0;0;12;12;oui;d:9x4 s1:9x4;35e0861a-f64a-461d-8690-6a6907199e95
2026 - 2027;diffusion+s1;Montérégie;Flag football;Secondaire;Flag football B M automne;;Benjamin;Masculin;8;16;16;0;0;0;16;16;oui;d:9x4 s1:9x4;1b6e5d9f-ee50-42ed-812b-183c9627569a
2026 - 2027;diffusion+s1;Montérégie;Flag football;Secondaire;Flag football C F D3 automne;D3;Cadet;Féminin;6;12;12;0;0;0;12;12;oui;d:9x4 s1:9x4;f09a12c5-c76c-4bef-b613-1dde44168ebd
2026 - 2027;diffusion+s1;Montérégie;Flag football;Secondaire;Flag football C F D4 Niveau 1 automne A;D4;Cadet;Féminin;6;12;12;0;0;0;12;12;oui;d:9x4 s1:9x4;de060ab8-805e-4393-9883-7b4586a0bf72
2026 - 2027;diffusion+s1;Montérégie;Flag football;Secondaire;Flag football C F D4 Niveau 1 Automne B;D4;Cadet;Féminin;6;12;12;0;0;0;12;12;oui;d:9x4 s1:9x4;fcb4b330-3710-4c21-8555-bb85cadc801c
2026 - 2027;diffusion+s1;Montérégie;Flag football;Secondaire;Flag football C F D4 Niveau 1 Automne C;D4;Cadet;Féminin;5;10;10;0;0;0;10;10;oui;d:9x4 s1:9x4;01d29742-21b6-4dbb-8dcc-e1b9fc944de7
2026 - 2027;diffusion+s1;Montérégie;Flag football;Secondaire;Flag football C F D4 Niveau 2 automne A;D4;Cadet;Féminin;4;8;8;0;0;0;8;8;oui;d:9x4 s1:9x4;02a421f7-5195-49d7-a0bc-4ecb58c65144
2026 - 2027;diffusion+s1;Montérégie;Flag football;Secondaire;Flag football C F D4 Niveau 2 Automne B;D4;Cadet;Féminin;5;10;10;0;0;0;10;10;oui;d:9x4 s1:9x4;b851f924-3f4c-4a95-9a49-b46ff900bb1c
2026 - 2027;diffusion+s1;Montérégie;Flag football;Secondaire;Flag football J F D3 automne;D3;Juvénile;Féminin;7;14;14;0;0;0;14;14;oui;d:9x4 s1:9x4;991abaae-f29c-483b-8a4e-02160f3871a9
2026 - 2027;diffusion+s1;Montérégie;Flag football;Secondaire;Flag football J F D4 Niveau 1 automne A;D4;Juvénile;Féminin;5;10;10;0;0;0;10;10;oui;d:9x4 s1:9x4;3fc55e50-a119-415f-adcc-bdf3a59ea8f2
2026 - 2027;diffusion+s1;Montérégie;Flag football;Secondaire;Flag football J F D4 Niveau 1 Automne B;D4;Juvénile;Féminin;5;10;10;0;0;0;10;10;oui;d:9x4 s1:9x4;47135f8b-920b-4e83-bb98-66515b93a343
2026 - 2027;diffusion+s1;Montérégie;Flag football;Secondaire;Flag football J F D4 Niveau 2 automne;D4;Juvénile;Féminin;5;10;10;0;0;0;10;10;oui;d:9x4 s1:9x4;0522968f-bdd2-491d-8fd7-fa3435b5b10d
2026 - 2027;diffusion+s1;Montérégie;Flag football;Secondaire;Flag football J M automne;;Juvénile;Masculin;5;10;10;0;0;0;10;10;oui;d:9x4 s1:9x4;d2265426-331d-40a0-a0c5-5eb5c2da6ed9
2026 - 2027;diffusion+s1;Montérégie;Football;Secondaire;Football B U D3 12 joueurs;D3;Benjamin;Mixte;5;18;16;2;0;0;18;3;oui;d:9x5 s1:9x5;782d16cb-526b-464c-a97b-34d26d0ab069
2026 - 2027;diffusion+s1;Montérégie;Football;Secondaire;Football B U D3 9 joueurs;D3;Benjamin;Mixte;4;14;14;0;0;0;14;2;oui;d:9x5 s1:9x5;f6c306f0-e1f0-490b-951d-d74b7fa85eb4
2026 - 2027;diffusion+s1;Montérégie;Football;Secondaire;Football C U D3 9 joueurs;D3;Cadet;Mixte;9;38;36;2;0;1;38;2;oui;d:9x5 s1:9x5;75fe6a23-36f9-48df-8d8d-8b078422aba7
2026 - 2027;diffusion+s1;Montérégie;Football;Secondaire;Football C U D4 12 joueurs;D4;Cadet;Mixte;8;34;32;2;0;1;34;2;oui;d:9x5 s1:9x5;707e174c-39f3-40d8-9e11-af1af85999c7
2026 - 2027;diffusion+s1;Montérégie;Football;Secondaire;Football J U D3 12 joueurs;D3;Juvénile;Mixte;5;22;20;2;0;4;22;2;oui;d:9x5 s1:9x5;84e58312-a0f1-4686-b918-00ec497408d8
2026 - 2027;diffusion+s1;Montérégie;Football;Secondaire;Football J U D3 9 joueurs;D3;Juvénile;Mixte;4;14;12;2;0;1;20;0;oui;d:9x5 s1:9x5;8d124593-f8cb-43e5-8a16-3089a6825348
2026 - 2027;diffusion+s1;Montérégie;Football;Secondaire;Football J U D4 12 joueurs;D4;Juvénile;Mixte;6;26;24;2;0;1;26;2;oui;d:9x5 s1:9x5;216915f8-c07b-42aa-8197-8e894f9692a8
2026 - 2027;s1;Montérégie;Futsal;Secondaire;Futsal A M D4 Niveau 1 A;D4;Atome;Masculin;6;0;0;0;0;0;0;;oui;s1:9x30;637c4818-2c09-42bb-92c0-f450016af908
2026 - 2027;s1;Montérégie;Futsal;Secondaire;Futsal A M D4 Niveau 1 B;D4;Atome;Masculin;5;0;0;0;0;0;0;;oui;s1:9x30;18158acb-f725-4191-a954-5039c6a8f8a2
2026 - 2027;s1;Montérégie;Futsal;Secondaire;Futsal B F D3;D3;Benjamin;Féminin;6;0;0;0;0;0;0;;oui;s1:9x30;b5628863-30af-429c-ba8e-8c514de6b9c0
2026 - 2027;s1;Montérégie;Futsal;Secondaire;Futsal B F D4 Niveau 1 A;D4;Benjamin;Féminin;6;0;0;0;0;0;0;;oui;s1:9x30;59ac3dde-8fee-42ac-9891-ed80f7c2af1f
2026 - 2027;s1;Montérégie;Futsal;Secondaire;Futsal B F D4 Niveau 1 B;D4;Benjamin;Féminin;7;0;0;0;0;0;0;;oui;s1:9x30;79739ff3-8b9c-4063-b257-eb2bc18101e3
2026 - 2027;s1;Montérégie;Futsal;Secondaire;Futsal B F D4 Niveau 2;D4;Benjamin;Féminin;6;0;0;0;0;0;0;;oui;s1:9x30;8f348ca5-6439-4e9a-94cb-a0407f8a0e0f
2026 - 2027;s1;Montérégie;Futsal;Secondaire;Futsal B M D3 A;D3;Benjamin;Masculin;7;0;0;0;0;0;0;;oui;s1:9x30;10235a89-72d0-4b8f-b244-33c9e8529de0
2026 - 2027;s1;Montérégie;Futsal;Secondaire;Futsal B M D3 B;D3;Benjamin;Masculin;7;0;0;0;0;0;0;;oui;s1:9x30;33c9265f-e1ef-4b53-8abb-05440523817a
2026 - 2027;s1;Montérégie;Futsal;Secondaire;Futsal B M D4 Niveau 1 A;D4;Benjamin;Masculin;6;0;0;0;0;0;0;;oui;s1:9x30;f282521b-9025-4e68-abcd-414352113998
2026 - 2027;s1;Montérégie;Futsal;Secondaire;Futsal B M D4 Niveau 1 B;D4;Benjamin;Masculin;6;0;0;0;0;0;0;;oui;s1:9x30;ea340912-49d7-4f21-a4e5-c741409bdddb
2026 - 2027;s1;Montérégie;Futsal;Secondaire;Futsal B M D4 Niveau 1 C;D4;Benjamin;Masculin;6;0;0;0;0;0;0;;oui;s1:9x30;e42aa4c0-02cb-4026-9902-3da5327c6a77
2026 - 2027;s1;Montérégie;Futsal;Secondaire;Futsal B M D4 Niveau 1 D;D4;Benjamin;Masculin;6;0;0;0;0;0;0;;oui;s1:9x30;66cdb33d-2668-4018-ae3c-1a503de18d5c
2026 - 2027;s1;Montérégie;Futsal;Secondaire;Futsal B M D4 Niveau 1 E;D4;Benjamin;Masculin;6;0;0;0;0;0;0;;oui;s1:9x30;f7b45c8b-de25-4675-91d6-4948e9a1b00c
2026 - 2027;s1;Montérégie;Futsal;Secondaire;Futsal B M D4 Niveau 1 F;D4;Benjamin;Masculin;6;0;0;0;0;0;0;;oui;s1:9x30;bd99a0ab-e978-4cf5-8759-3346ac743920
2026 - 2027;s1;Montérégie;Futsal;Secondaire;Futsal B M D4 Niveau 1 G;D4;Benjamin;Masculin;5;0;0;0;0;0;0;;oui;s1:9x30;766ef042-aeb8-4fef-a446-3cbcc99c8498
2026 - 2027;s1;Montérégie;Futsal;Secondaire;Futsal B M D4 Niveau 2 A;D4;Benjamin;Masculin;7;0;0;0;0;0;0;;oui;s1:9x30;4c444e99-62b4-441f-917c-a9bbb25d1500
2026 - 2027;s1;Montérégie;Futsal;Secondaire;Futsal B M D4 Niveau 2 B;D4;Benjamin;Masculin;6;0;0;0;0;0;0;;oui;s1:9x30;57c42778-4099-449e-960f-71a3cf963bfe
2026 - 2027;s1;Montérégie;Futsal;Secondaire;Futsal B M D4 Niveau 2 C;D4;Benjamin;Masculin;6;0;0;0;0;0;0;;oui;s1:9x30;dbf97d6d-3360-4237-bcac-a33918db359f
2026 - 2027;s1;Montérégie;Futsal;Secondaire;Futsal B M D4 Niveau 2 D;D4;Benjamin;Masculin;7;0;0;0;0;0;0;;oui;s1:9x30;af2f2d6f-b898-49ba-8eb1-d8b306a5016f
2026 - 2027;s1;Montérégie;Futsal;Secondaire;Futsal B M D4 Niveau 2 E;D4;Benjamin;Masculin;6;0;0;0;0;0;0;;oui;s1:9x30;bb7453f9-09e9-4d8b-8e85-b756cdf4512e
2026 - 2027;s1;Montérégie;Futsal;Secondaire;Futsal C F D3;D3;Cadet;Féminin;6;0;0;0;0;0;0;;oui;s1:9x30;6cd75145-65a0-4c18-9c47-52f1af3bd182
2026 - 2027;s1;Montérégie;Futsal;Secondaire;Futsal C F D4 Niveau 1 A;D4;Cadet;Féminin;7;0;0;0;0;0;0;;oui;s1:9x30;8e5d2635-a1e1-4763-9d89-92a57886bae3
2026 - 2027;s1;Montérégie;Futsal;Secondaire;Futsal C F D4 Niveau 1 B;D4;Cadet;Féminin;7;0;0;0;0;0;0;;oui;s1:9x30;7fc66ad7-f71f-4fb1-8c7e-b86d1ba9417a
2026 - 2027;s1;Montérégie;Futsal;Secondaire;Futsal C F D4 Niveau 2;D4;Cadet;Féminin;5;0;0;0;0;0;0;;oui;s1:9x30;6ee1f901-7157-4418-849b-28219df4ef46
2026 - 2027;s1;Montérégie;Futsal;Secondaire;Futsal C M D3 A;D3;Cadet;Masculin;7;0;0;0;0;0;0;;oui;s1:9x30;49a41e64-39c7-4e24-9318-33decbe11e39
2026 - 2027;s1;Montérégie;Futsal;Secondaire;Futsal C M D3 B;D3;Cadet;Masculin;7;0;0;0;0;0;0;;oui;s1:9x30;d956e8c8-b0a6-4504-90c7-142abab9af55
2026 - 2027;s1;Montérégie;Futsal;Secondaire;Futsal C M D4 Niveau 1 A;D4;Cadet;Masculin;6;0;0;0;0;0;0;;oui;s1:9x30;407972ba-debf-431a-ac00-0c4311f8cf8b
2026 - 2027;s1;Montérégie;Futsal;Secondaire;Futsal C M D4 Niveau 1 B;D4;Cadet;Masculin;6;0;0;0;0;0;0;;oui;s1:9x30;474e1f3b-51ae-4168-9f13-bec736c3e8f7
2026 - 2027;s1;Montérégie;Futsal;Secondaire;Futsal C M D4 Niveau 1 C;D4;Cadet;Masculin;6;0;0;0;0;0;0;;oui;s1:9x30;1e74b1fa-d5b8-4812-970a-868ee638ef6a
2026 - 2027;s1;Montérégie;Futsal;Secondaire;Futsal C M D4 Niveau 1 D;D4;Cadet;Masculin;6;0;0;0;0;0;0;;oui;s1:9x30;5574b463-80fd-40a9-9a2d-ba30bac64d4b
2026 - 2027;s1;Montérégie;Futsal;Secondaire;Futsal C M D4 Niveau 1 E;D4;Cadet;Masculin;6;0;0;0;0;0;0;;oui;s1:9x30;90add033-656b-4975-9004-f895746b5ee2
2026 - 2027;s1;Montérégie;Futsal;Secondaire;Futsal C M D4 Niveau 1 F;D4;Cadet;Masculin;6;0;0;0;0;0;0;;oui;s1:9x30;21bad4b4-4089-4c75-ab0d-bd4d6f69833c
2026 - 2027;s1;Montérégie;Futsal;Secondaire;Futsal C M D4 Niveau 1 G;D4;Cadet;Masculin;6;0;0;0;0;0;0;;oui;s1:9x30;84bccbc8-14c8-4dba-8364-a48190001b65
2026 - 2027;s1;Montérégie;Futsal;Secondaire;Futsal C M D4 Niveau 2 A;D4;Cadet;Masculin;7;0;0;0;0;0;0;;oui;s1:9x30;69093011-674e-4ea2-9a00-83c629562ab8
2026 - 2027;s1;Montérégie;Futsal;Secondaire;Futsal C M D4 Niveau 2 B;D4;Cadet;Masculin;6;0;0;0;0;0;0;;oui;s1:9x30;6193db20-93a7-4e6a-895c-a9ccdb8fe0e8
2026 - 2027;s1;Montérégie;Futsal;Primaire;Futsal Co F Festival initiation;;Colibri;Féminin;1;;;;;;0;;oui;s1:9x30;527d3324-d6e8-4c8f-b279-c8b68a236bed
2026 - 2027;s1;Montérégie;Futsal;Primaire;Futsal Co M Festival initiation;;Colibri;Masculin;6;;;;;;0;;oui;s1:9x30;7628a6fb-316f-4ea9-801a-4da8b1560ea6
2026 - 2027;s1;Montérégie;Futsal;Secondaire;Futsal J F D3;D3;Juvénile;Féminin;6;0;0;0;0;0;0;;oui;s1:9x30;77abacb8-e0ac-484d-910a-1884c97c39c6
2026 - 2027;s1;Montérégie;Futsal;Secondaire;Futsal J F D4 Niveau 1 A;D4;Juvénile;Féminin;4;0;0;0;0;0;0;;oui;s1:9x30;77b9504e-70d9-4d5d-943e-84a7631726a7
2026 - 2027;s1;Montérégie;Futsal;Secondaire;Futsal J F D4 Niveau 1 B;D4;Juvénile;Féminin;5;0;0;0;0;0;0;;oui;s1:9x30;89297137-c281-4321-822c-6dd0cfcf2803
2026 - 2027;s1;Montérégie;Futsal;Secondaire;Futsal J M D3 A;D3;Juvénile;Masculin;6;0;0;0;0;0;0;;oui;s1:9x30;7b2de4b2-325c-4284-9ba0-d40fc494c498
2026 - 2027;s1;Montérégie;Futsal;Secondaire;Futsal J M D3 B;D3;Juvénile;Masculin;6;0;0;0;0;0;0;;oui;s1:9x30;dfe39697-7cad-4ce5-8938-048e7430fd9f
2026 - 2027;s1;Montérégie;Futsal;Secondaire;Futsal J M D4 Niveau 1 A;D4;Juvénile;Masculin;6;0;0;0;0;0;0;;oui;s1:9x30;d4f9a3f5-5d9b-4f14-ae69-c733bef57f0a
2026 - 2027;s1;Montérégie;Futsal;Secondaire;Futsal J M D4 Niveau 1 B;D4;Juvénile;Masculin;6;0;0;0;0;0;0;;oui;s1:9x30;25fa04a3-1f88-4ce3-bcf1-1fe9ba986bc4
2026 - 2027;s1;Montérégie;Futsal;Secondaire;Futsal J M D4 Niveau 1 C;D4;Juvénile;Masculin;6;0;0;0;0;0;0;;oui;s1:9x30;3996b164-68d1-42ba-94c1-0c991cc475bc
2026 - 2027;s1;Montérégie;Futsal;Secondaire;Futsal J M D4 Niveau 1 D;D4;Juvénile;Masculin;6;0;0;0;0;0;0;;oui;s1:9x30;31752d18-59bd-4cd1-b9b0-658d15b2741c
2026 - 2027;s1;Montérégie;Futsal;Primaire;Futsal M F Ligue;;Moustique;Féminin;4;;;;;;0;;oui;s1:9x30;122217b7-4579-4578-9a1a-1fd10de22b01
2026 - 2027;s1;Montérégie;Futsal;Primaire;Futsal M F Ouvert;;Moustique;Féminin;7;;;;;;0;;oui;s1:9x30;29b9f053-7ca6-412d-9610-53a26783d879
2026 - 2027;s1;Montérégie;Futsal;Primaire;Futsal M M Compétitif;;Moustique;Masculin;6;;;;;;0;;oui;s1:9x30;d918a770-9cd6-42c7-a434-d8301bd52ce1
2026 - 2027;s1;Montérégie;Futsal;Primaire;Futsal M M Ligue Compétitif;;Moustique;Masculin;5;;;;;;0;;oui;s1:9x30;d9933b53-3e2c-46c4-b1fc-32ce5c69a75e
2026 - 2027;s1;Montérégie;Futsal;Primaire;Futsal M M Ligue Participatif;;Moustique;Masculin;4;;;;;;0;;oui;s1:9x30;bcf6910c-b9e3-4723-a0f0-bb4cc96d1783
2026 - 2027;s1;Montérégie;Futsal;Primaire;Futsal M M Participatif;;Moustique;Masculin;13;;;;;;0;;oui;s1:9x30;c4dbeb4b-535a-478b-9325-e182642886a6
2026 - 2027;s1;Montérégie;Futsal;Secondaire;Futsal O U Sports Inclusifs Récréatif;;Ouvert;Mixte;8;0;0;0;0;0;0;;oui;s1:9x30;f675719d-f16c-494c-a8c3-722b9947a850
2026 - 2027;s1;Montérégie;Futsal;Secondaire;Futsal O U Sports Inclusifs Sportif;;Ouvert;Mixte;0;0;0;0;0;0;0;;oui;s1:9x30;b8c1c064-7808-47ec-b33e-22927b7408a4
2026 - 2027;s1;Montérégie;Golf;Secondaire;Golf B U Omnium Équipe;;Benjamin;Mixte;4;0;0;0;0;0;0;;oui;s1:9x6;fdc68c5d-73d4-4c0c-973c-2a02d0fc3fdd
2026 - 2027;s1;Montérégie;Golf;Secondaire;Golf B U Omnium Individuelle;;Benjamin;Mixte;5;0;0;0;0;0;0;;oui;s1:9x6;e658f6a4-1756-4af0-ac58-911459b78caa
2026 - 2027;s1;Montérégie;Golf;Secondaire;Golf J U Omnium Équipe;;Juvénile;Mixte;15;0;0;0;0;0;0;;oui;s1:9x6;d10c6988-2a62-4fd7-aa17-0b5c1ce517d9
2026 - 2027;s1;Montérégie;Golf;Secondaire;Golf J U Omnium Individuelle;;Juvénile;Mixte;11;0;0;0;0;0;0;;oui;s1:9x6;40060aeb-0fb5-499e-9490-fef31c2eb8fb
2026 - 2027;s1;Montérégie;Handball;Secondaire;Handball B F;;Benjamin;Féminin;7;0;0;0;0;0;0;;oui;s1:9x24;f1168f7a-b7bb-4dc9-9b4f-3ca6880709cf
2026 - 2027;s1;Montérégie;Handball;Secondaire;Handball B M;;Benjamin;Masculin;11;0;0;0;0;0;0;;oui;s1:9x24;fe8e9d94-fba1-4278-87db-7c35370b8f7f
2026 - 2027;s1;Montérégie;Handball;Secondaire;Handball C F;;Cadet;Féminin;9;0;0;0;0;0;0;;oui;s1:9x24;bdd38ced-9cfe-484d-be5e-75d3a21d32fa
2026 - 2027;s1;Montérégie;Handball;Secondaire;Handball C M A;;Cadet;Masculin;4;0;0;0;0;0;0;;oui;s1:9x24;740cdb1f-3fff-4fdc-bb07-b8ede21b8272
2026 - 2027;s1;Montérégie;Handball;Secondaire;Handball C M B;;Cadet;Masculin;4;0;0;0;0;0;0;;oui;s1:9x24;aa1a1916-6d29-44e2-9dc2-40504a1daa76
2026 - 2027;s1;Montérégie;Hockey cosom;Secondaire;Hockey cosom O U Sports Inclusifs Sportif;;Ouvert;Mixte;9;0;0;0;0;0;0;;oui;s1:9x7;362ed001-ae55-4b5b-9b26-1049342c56c8
2026 - 2027;s1;Montérégie;Kinball;Primaire;Kinball Co U;;Colibri;Mixte;0;;;;;;0;;oui;s1:9x32;6ae15ac6-de1f-4099-8248-40cb4d6f0719
2026 - 2027;s1;Montérégie;Kinball;Primaire;Kinball M U;;Moustique;Mixte;0;;;;;;0;;oui;s1:9x32;c17a753b-82d5-4e82-8ed9-76f66482d48b
2026 - 2027;s1;Montérégie;Natation;Secondaire;Natation B F;;Benjamin;Féminin;12;0;0;0;0;0;0;;oui;s1:9x10;894af36a-37d2-4747-a3b2-651a8e3e9907
2026 - 2027;s1;Montérégie;Natation;Secondaire;Natation B M;;Benjamin;Masculin;10;0;0;0;0;0;0;;oui;s1:9x10;c6608e3f-be2b-489b-91e4-4a3932fc0ea5
2026 - 2027;s1;Montérégie;Natation;Secondaire;Natation C F;;Cadet;Féminin;12;0;0;0;0;0;0;;oui;s1:9x10;3669bcb3-d9b4-43de-a051-07fa0d8c79f8
2026 - 2027;s1;Montérégie;Natation;Secondaire;Natation C M;;Cadet;Masculin;12;0;0;0;0;0;0;;oui;s1:9x10;aab27837-931e-473c-82fd-2330096cd0cc
2026 - 2027;s1;Montérégie;Natation;Secondaire;Natation J F;;Juvénile;Féminin;12;0;0;0;0;0;0;;oui;s1:9x10;fc00bc0d-ed55-4a2e-8da0-b0e572672226
2026 - 2027;s1;Montérégie;Natation;Secondaire;Natation J M;;Juvénile;Masculin;9;0;0;0;0;0;0;;oui;s1:9x10;92546858-1b20-49b3-9a0b-bfdbe71ba7ed
2026 - 2027;s1;Montérégie;Pickleball;Secondaire;Pickleball B F Tournoi #1;;Benjamin;Féminin;0;0;0;0;0;0;0;;oui;s1:9x55;7a197e48-9204-44dd-a2fd-337fbf55e159
2026 - 2027;s1;Montérégie;Pickleball;Secondaire;Pickleball B F Tournoi #2;;Benjamin;Féminin;0;0;0;0;0;0;0;;oui;s1:9x55;d06a0f52-75f2-40cb-bfcb-84251e24c823
2026 - 2027;s1;Montérégie;Pickleball;Secondaire;Pickleball B M Tournoi #1;;Benjamin;Masculin;0;0;0;0;0;0;0;;oui;s1:9x55;3a823e30-fbe1-4e05-bfaf-8a40a6a301f5
2026 - 2027;s1;Montérégie;Pickleball;Secondaire;Pickleball B M Tournoi #2;;Benjamin;Masculin;0;0;0;0;0;0;0;;oui;s1:9x55;9c9a0c86-12e3-4f27-894d-b09478f6b990
2026 - 2027;s1;Montérégie;Pickleball;Secondaire;Pickleball C F Tournoi #1;;Cadet;Féminin;0;0;0;0;0;0;0;;oui;s1:9x55;a695c2c7-c37a-4077-a112-1ae9532d1c06
2026 - 2027;s1;Montérégie;Pickleball;Secondaire;Pickleball C F Tournoi #2;;Cadet;Féminin;0;0;0;0;0;0;0;;oui;s1:9x55;6fb52c50-8022-4ab1-bbe8-9895442fdd08
2026 - 2027;s1;Montérégie;Pickleball;Secondaire;Pickleball C M Tournoi #1;;Cadet;Masculin;0;0;0;0;0;0;0;;oui;s1:9x55;76c2bb84-6544-4904-a51e-a5cb2adcfb3f
2026 - 2027;s1;Montérégie;Pickleball;Secondaire;Pickleball C M Tournoi #2;;Cadet;Masculin;0;0;0;0;0;0;0;;oui;s1:9x55;fd2a05bf-4a24-4dcc-bdb8-cfe7669bf581
2026 - 2027;s1;Montérégie;Pickleball;Secondaire;Pickleball J F Tournoi #1;;Juvénile;Féminin;0;0;0;0;0;0;0;;oui;s1:9x55;3cc3628c-4909-47b7-9c32-6aa02d0d99e2
2026 - 2027;s1;Montérégie;Pickleball;Secondaire;Pickleball J F Tournoi #2;;Juvénile;Féminin;0;0;0;0;0;0;0;;oui;s1:9x55;e8f6f966-e32b-4601-bf5d-94b86ccea1eb
2026 - 2027;s1;Montérégie;Pickleball;Secondaire;Pickleball J M Tournoi #1;;Juvénile;Masculin;0;0;0;0;0;0;0;;oui;s1:9x55;25d0c6bf-4d9c-47ff-88ec-43fbf0880a0d
2026 - 2027;s1;Montérégie;Pickleball;Secondaire;Pickleball J M Tournoi #2;;Juvénile;Masculin;0;0;0;0;0;0;0;;oui;s1:9x55;62151c2e-692a-4184-af2f-da186df3f6bb
2026 - 2027;diffusion+s1;Montérégie;Rugby;Secondaire;Rugby C F D4;D4;Cadet;Féminin;6;12;12;0;4;4;12;10;oui;d:9x11 s1:9x11;aa570ed8-d10c-48f8-b972-5aa2643e84a4
2026 - 2027;diffusion+s1;Montérégie;Rugby;Secondaire;Rugby J F D4;D4;Juvénile;Féminin;9;45;45;0;0;10;45;19;oui;d:9x11 s1:9x11;d0e728be-228d-4249-9d84-d0b351d786b4
2026 - 2027;diffusion+s1;Montérégie;Soccer;Primaire;Soccer Co U Festival A;;Colibri;Mixte;3;;;;;;0;;oui;d:9x13 s1:9x13;660ed846-c42b-4695-a556-ed097adb5930
2026 - 2027;diffusion+s1;Montérégie;Soccer;Primaire;Soccer Co U Festival B;;Colibri;Mixte;3;;;;;;0;;oui;d:9x13 s1:9x13;e0c2e61d-db1e-411b-887a-934f578887e1
2026 - 2027;diffusion+s1;Montérégie;Soccer;Primaire;Soccer M F Ouvert A;;Moustique;Féminin;4;;;;;;0;;oui;d:9x13 s1:9x13;ba230b62-3953-4f8c-812a-edfaa7a7494c
2026 - 2027;diffusion+s1;Montérégie;Soccer;Primaire;Soccer M F Ouvert B;;Moustique;Féminin;4;;;;;;0;;oui;d:9x13 s1:9x13;ee85316e-15cd-4b6d-8497-062100106804
2026 - 2027;diffusion+s1;Montérégie;Soccer;Primaire;Soccer M M Ouvert A;;Moustique;Masculin;20;;;;;;0;;oui;d:9x13 s1:9x13;1fad73ca-9fdd-4e5f-be6c-fe2ec5cf3d6d
2026 - 2027;diffusion+s1;Montérégie;Soccer;Primaire;Soccer M M Ouvert C;;Moustique;Masculin;0;;;;;;0;;oui;d:9x13 s1:9x13;b4709216-c13f-49e4-b20e-cb69546bc9c2
2026 - 2027;s1;Montérégie;Soccer;Secondaire;Soccer O U Sports Inclusifs A;;Ouvert;Mixte;7;0;0;0;0;0;0;;oui;s1:9x13;570ec0d7-6e9a-408d-b2bb-5e47005bb4b5
2026 - 2027;s1;Montérégie;Soccer;Secondaire;Soccer O U Sports Inclusifs B;;Ouvert;Mixte;0;0;0;0;0;0;0;;oui;s1:9x13;aa55e31b-c9e1-4389-9fe0-fa2fc179d5f4
2026 - 2027;s1;Montérégie;Ultimate;Secondaire;Ultimate J U D4 Niveau 1;D4;Juvénile;Mixte;0;0;0;0;0;0;0;;oui;s1:9x25;0e5707c8-ee27-4c72-9830-f85721d46124
2026 - 2027;s1;Montérégie;Volleyball;Secondaire;Volleyball B F D3;D3;Benjamin;Féminin;20;0;0;0;0;0;0;;oui;s1:9x16;c022b33c-3b79-4da4-ba4d-94666e4b4b63
2026 - 2027;s1;Montérégie;Volleyball;Secondaire;Volleyball B F D4 Niveau 1;D4;Benjamin;Féminin;87;0;0;0;0;0;0;;oui;s1:9x16;c592465b-53f7-46fe-8be6-a408afdc6119
2026 - 2027;s1;Montérégie;Volleyball;Secondaire;Volleyball B F D4 Niveau 2;D4;Benjamin;Féminin;35;0;0;0;0;0;0;;oui;s1:9x16;415e5df9-a1c2-43e6-90b2-6e1b7a10be48
2026 - 2027;s1;Montérégie;Volleyball;Secondaire;Volleyball B M D3;D3;Benjamin;Masculin;10;0;0;0;0;0;0;;oui;s1:9x16;e7b96ef3-048d-496b-815e-fa61ad408114
2026 - 2027;s1;Montérégie;Volleyball;Secondaire;Volleyball B M D4 Niveau 1;D4;Benjamin;Masculin;23;0;0;0;0;0;0;;oui;s1:9x16;8894eaf4-5388-4e74-9e36-81003bc766b2
2026 - 2027;s1;Montérégie;Volleyball;Secondaire;Volleyball C F D3;D3;Cadet;Féminin;31;0;0;0;0;0;0;;oui;s1:9x16;550c6a2f-b7d7-4c19-a7dc-63cb1b1344d6
2026 - 2027;s1;Montérégie;Volleyball;Secondaire;Volleyball C F D4 Niveau 1;D4;Cadet;Féminin;77;0;0;0;0;0;0;;oui;s1:9x16;babbac1b-0ed3-4640-93a9-bd8b148899d4
2026 - 2027;s1;Montérégie;Volleyball;Secondaire;Volleyball C F D4 Niveau 2;D4;Cadet;Féminin;18;0;0;0;0;0;0;;oui;s1:9x16;d37b9a12-d8ba-4bba-a7bb-54d24e2222d9
2026 - 2027;s1;Montérégie;Volleyball;Secondaire;Volleyball C M D3;D3;Cadet;Masculin;8;0;0;0;0;0;0;;oui;s1:9x16;ae1acd3c-e023-4def-9f7c-5fb06334f06c
2026 - 2027;s1;Montérégie;Volleyball;Secondaire;Volleyball C M D4 Niveau 1;D4;Cadet;Masculin;26;0;0;0;0;0;0;;oui;s1:9x16;9c0a4d3b-6a9d-4a2d-8d7b-9fc90d965b02
2026 - 2027;s1;Montérégie;Volleyball;Secondaire;Volleyball J F D3;D3;Juvénile;Féminin;20;0;0;0;0;0;0;;oui;s1:9x16;55e60664-32b4-4cfd-8fc4-e052d1b2eab9
2026 - 2027;s1;Montérégie;Volleyball;Secondaire;Volleyball J F D4 Niveau 1;D4;Juvénile;Féminin;42;0;0;0;0;0;0;;oui;s1:9x16;a5a17499-2799-4726-a2f6-160048a75f1a
2026 - 2027;s1;Montérégie;Volleyball;Secondaire;Volleyball J F D4 Niveau 2;D4;Juvénile;Féminin;6;0;0;0;0;0;0;;oui;s1:9x16;ca783829-9aab-4d73-9d31-748fe52e21ad
2026 - 2027;s1;Montérégie;Volleyball;Secondaire;Volleyball J M D3;D3;Juvénile;Masculin;9;0;0;0;0;0;0;;oui;s1:9x16;b43b277c-bca3-4c2e-ab9d-81b58412ace1
2026 - 2027;s1;Montérégie;Volleyball;Secondaire;Volleyball J M D4 Niveau 1;D4;Juvénile;Masculin;21;0;0;0;0;0;0;;oui;s1:9x16;49b6540d-67f9-4e7e-bc45-aa5e181892de
2026 - 2027;s1;Montérégie;Volleyball;Primaire;Volleyball M F Ligue  Compétitif;;Moustique;Féminin;1;;;;;;0;;oui;s1:9x16;44b25687-144c-435e-b23d-32045a3572ca
2026 - 2027;s1;Montérégie;Volleyball;Primaire;Volleyball M F Ligue Participatif;;Moustique;Féminin;4;;;;;;0;;oui;s1:9x16;55d49197-082b-43ab-bb6c-cb7db5a0a531
2026 - 2027;s1;Montérégie;Volleyball;Primaire;Volleyball M M Ligue  Compétitif;;Moustique;Masculin;0;;;;;;0;;oui;s1:9x16;b8bd531f-0e17-4ac9-a135-5160df286f30
2026 - 2027;s1;Montérégie;Volleyball;Primaire;Volleyball M M Ligue  Participatif;;Moustique;Masculin;3;;;;;;0;;oui;s1:9x16;fc07919e-b1ab-49ac-976a-869ab7245635
2026 - 2027;s1;Montérégie;Volleyball;Secondaire;Volleyball O U Sports Inclusifs;;Ouvert;Mixte;4;0;0;0;0;0;0;;oui;s1:9x16;d90f0589-2fc5-409f-9fd2-89aaf659e1a1
2026 - 2027;s1;Montréal;Athlétisme;Primaire;Athlétisme A F Championnat régional de mini athlétisme en salle;;Atome;Féminin;0;;;;;;0;;oui;s1:10x0;cfaa8548-a7ac-4512-b9b3-0d56f81384d7
2026 - 2027;s1;Montréal;Athlétisme;Primaire;Athlétisme A M Championnat régional de mini athlétisme en salle;;Atome;Masculin;0;;;;;;0;;oui;s1:10x0;1bacb0ea-70c5-4371-94d1-feae9b057669
2026 - 2027;s1;Montréal;Athlétisme;Secondaire;Athlétisme B F D3 Ligue régionale d'athlétisme en salle;D3;Benjamin;Féminin;5;0;0;0;0;0;0;;oui;s1:10x0;4991e3f7-6864-4aed-bc15-296977e9d70c
2026 - 2027;s1;Montréal;Athlétisme;Secondaire;Athlétisme B M D3 Ligue régionale d'athlétisme en salle;D3;Benjamin;Masculin;5;0;0;0;0;0;0;;oui;s1:10x0;1b9535fb-de83-4295-b2de-8b33811a8c7f
2026 - 2027;s1;Montréal;Athlétisme;Secondaire;Athlétisme C F D3 Ligue régionale d'athlétisme en salle;D3;Cadet;Féminin;5;0;0;0;0;0;0;;oui;s1:10x0;9519c20b-9532-4ed3-9fdb-c4371a21aaa1
2026 - 2027;s1;Montréal;Athlétisme;Secondaire;Athlétisme C M D3 Ligue régionale d'athlétisme en salle;D3;Cadet;Masculin;5;0;0;0;0;0;0;;oui;s1:10x0;2a3fbb6a-f27f-43e2-a9b0-f9d177c21073
2026 - 2027;s1;Montréal;Athlétisme;Secondaire;Athlétisme J F D3 Ligue régionale d'athlétisme en salle;D3;Juvénile;Féminin;6;0;0;0;0;0;0;;oui;s1:10x0;2fb8c689-1a5d-4a64-a0c8-230b03372e5c
2026 - 2027;s1;Montréal;Athlétisme;Secondaire;Athlétisme J M D3 Ligue régionale d'athlétisme en salle;D3;Juvénile;Masculin;6;0;0;0;0;0;0;;oui;s1:10x0;f003e2b2-99d7-4f7a-9d07-4ae4bf756f6a
2026 - 2027;s1;Montréal;Athlétisme;Primaire;Athlétisme M F Championnat régional de mini athlétisme en salle 5e année;;Moustique;Féminin;0;;;;;;0;;oui;s1:10x0;dfb18d95-445a-4f62-8e32-4d122c66ac8c
2026 - 2027;s1;Montréal;Athlétisme;Primaire;Athlétisme M F Championnat régional de mini athlétisme en salle 6e année;;Moustique;Féminin;0;;;;;;0;;oui;s1:10x0;b5c2bd8c-9798-4788-a9ef-b0b7fb0bc09c
2026 - 2027;s1;Montréal;Athlétisme;Primaire;Athlétisme M M Championnat régional de mini athlétisme en salle 5e année;;Moustique;Masculin;0;;;;;;0;;oui;s1:10x0;d6c770d4-16c9-4cc1-8e9a-fe10eb5d4ecd
2026 - 2027;s1;Montréal;Athlétisme;Primaire;Athlétisme M M Championnat régional de mini athlétisme en salle 6e année;;Moustique;Masculin;0;;;;;;0;;oui;s1:10x0;559657f2-9108-4df9-b8d0-97b9d06ee439
2026 - 2027;s1;Montréal;Badminton;Secondaire;Badminton B U D3;D3;Benjamin;Mixte;17;0;0;0;0;0;0;;oui;s1:10x18;c427fa2e-5c46-484b-aa3d-68db6f735008
2026 - 2027;s1;Montréal;Badminton;Secondaire;Badminton C U D3;D3;Cadet;Mixte;14;0;0;0;0;0;0;;oui;s1:10x18;afd84b38-e1e2-40d0-bee2-a83684e998af
2026 - 2027;s1;Montréal;Badminton;Secondaire;Badminton J U D3;D3;Juvénile;Mixte;13;0;0;0;0;0;0;;oui;s1:10x18;72fa95be-b179-4bcd-9ee1-47b7bc78d9e3
2026 - 2027;diffusion+s1;Montréal;Basketball;Secondaire;Basketball A F D3;D3;Atome;Féminin;10;60;60;0;0;0;60;60;oui;d:10x1 s1:10x1;caeae545-1a93-43ae-bb37-c24b4b21be12
2026 - 2027;diffusion+s1;Montréal;Basketball;Secondaire;Basketball A F D4 Niveau 1;D4;Atome;Féminin;8;40;40;0;0;0;40;40;oui;d:10x1 s1:10x1;33ff78c4-9fc4-4c3a-a859-2d64a452342a
2026 - 2027;s1;Montréal;Basketball;Secondaire;Basketball A F D4 Niveau 2;D4;Atome;Féminin;0;0;0;0;0;0;0;;oui;s1:10x1;d209e2d6-e747-4401-9e9e-d851682487df
2026 - 2027;diffusion+s1;Montréal;Basketball;Secondaire;Basketball A M D3;D3;Atome;Masculin;13;78;78;0;0;0;78;78;oui;d:10x1 s1:10x1;27b0a6d7-dae2-41ce-a8c3-de38ddcce39a
2026 - 2027;diffusion+s1;Montréal;Basketball;Secondaire;Basketball A M D4 Niveau 1;D4;Atome;Masculin;10;50;50;0;0;0;50;50;oui;d:10x1 s1:10x1;3e39acd7-e1cf-46b1-8afa-2b6567b3c5b9
2026 - 2027;diffusion+s1;Montréal;Basketball;Secondaire;Basketball A M D4 Niveau 2;D4;Atome;Masculin;11;55;55;0;0;0;55;55;oui;d:10x1 s1:10x1;c0865d0d-5ba8-4faf-8562-7125737cd561
2026 - 2027;s1;Montréal;Basketball;Secondaire;Basketball A M D4 Niveau 3;D4;Atome;Masculin;0;0;0;0;0;0;0;;oui;s1:10x1;839e7832-50b8-4f84-a178-0301fc2a4397
2026 - 2027;diffusion+s1;Montréal;Basketball;Secondaire;Basketball B F D3;D3;Benjamin;Féminin;5;30;30;0;0;0;30;30;oui;d:10x1 s1:10x1;ee419487-6702-4dd4-bd26-b263f7296e37
2026 - 2027;diffusion+s1;Montréal;Basketball;Secondaire;Basketball B F D4 Niveau 1;D4;Benjamin;Féminin;6;36;36;0;0;0;36;36;oui;d:10x1 s1:10x1;5e80b37e-3ef9-4e9b-a00c-78f63c7ceb60
2026 - 2027;diffusion+s1;Montréal;Basketball;Secondaire;Basketball B F D4 Niveau 2;D4;Benjamin;Féminin;13;65;65;0;0;0;65;65;oui;d:10x1 s1:10x1;f74d1742-1ff5-4977-bef3-b02722781195
2026 - 2027;diffusion+s1;Montréal;Basketball;Secondaire;Basketball B M D3;D3;Benjamin;Masculin;8;56;56;0;0;0;56;56;oui;d:10x1 s1:10x1;af723e54-eb90-459a-82a7-ebfd71572a5d
2026 - 2027;diffusion+s1;Montréal;Basketball;Secondaire;Basketball B M D4 Niveau 1;D4;Benjamin;Masculin;10;65;65;0;0;0;65;65;oui;d:10x1 s1:10x1;6f6f71a6-5bde-471f-ac9b-279c1cdc6774
2026 - 2027;diffusion+s1;Montréal;Basketball;Secondaire;Basketball B M D4 Niveau 2;D4;Benjamin;Masculin;11;55;55;0;0;0;55;55;oui;d:10x1 s1:10x1;f8463299-028b-4523-bc78-299f49bfc321
2026 - 2027;diffusion+s1;Montréal;Basketball;Secondaire;Basketball B M D4 Niveau 3;D4;Benjamin;Masculin;8;40;40;0;0;0;40;40;oui;d:10x1 s1:10x1;9d18adda-c47f-4867-ab44-9ffc4331f928
2026 - 2027;diffusion+s1;Montréal;Basketball;Secondaire;Basketball C F D3;D3;Cadet;Féminin;7;42;42;0;0;0;42;42;oui;d:10x1 s1:10x1;a298e527-bc51-42f1-9dd3-4744e345fa67
2026 - 2027;s1;Montréal;Basketball;Secondaire;Basketball C F D4 Niveau 1;D4;Cadet;Féminin;0;0;0;0;0;0;0;;oui;s1:10x1;d1959ae4-b891-4df9-b5d8-ada723ac1697
2026 - 2027;diffusion+s1;Montréal;Basketball;Secondaire;Basketball C F D4 Niveau 2;D4;Cadet;Féminin;7;35;35;0;0;0;35;35;oui;d:10x1 s1:10x1;f943ce94-375c-4045-acc2-08b88b62dfec
2026 - 2027;diffusion+s1;Montréal;Basketball;Secondaire;Basketball C M D3;D3;Cadet;Masculin;7;42;42;0;0;0;42;42;oui;d:10x1 s1:10x1;eade09be-73d8-4846-8a72-192eafa84a12
2026 - 2027;diffusion+s1;Montréal;Basketball;Secondaire;Basketball C M D4 Niveau 1;D4;Cadet;Masculin;8;48;48;0;0;0;48;48;oui;d:10x1 s1:10x1;af19b6fc-5163-4ef1-bace-a51acb95ee8d
2026 - 2027;diffusion+s1;Montréal;Basketball;Secondaire;Basketball C M D4 Niveau 2;D4;Cadet;Masculin;6;30;30;0;0;0;30;30;oui;d:10x1 s1:10x1;e97b684b-871c-40c0-82eb-fa469a4159e4
2026 - 2027;diffusion+s1;Montréal;Basketball;Secondaire;Basketball C M D4 Niveau 3;D4;Cadet;Masculin;5;20;20;0;0;0;20;20;oui;d:10x1 s1:10x1;8fd03188-04c9-4662-8236-c0b9beb0fc4c
2026 - 2027;s1;Montréal;Basketball;Primaire;Basketball Co F Festival - Participatif;;Colibri;Féminin;0;;;;;;0;;oui;s1:10x1;3ba59fb0-a276-40ed-9d20-6971f82e0a22
2026 - 2027;s1;Montréal;Basketball;Primaire;Basketball Co F Festival -Récréatif;;Colibri;Féminin;0;;;;;;0;;oui;s1:10x1;b3cb98ed-d2cb-403d-9b21-9fc9f7941664
2026 - 2027;s1;Montréal;Basketball;Primaire;Basketball Co M Festival - Participatif;;Colibri;Masculin;0;;;;;;0;;oui;s1:10x1;474ac69c-be9e-4bbc-a12b-5f320da548e1
2026 - 2027;s1;Montréal;Basketball;Primaire;Basketball Co M Festival -Récréatif;;Colibri;Masculin;0;;;;;;0;;oui;s1:10x1;abb567c9-bd1b-4689-a4c5-3ddddd30d24d
2026 - 2027;s1;Montréal;Basketball;Primaire;Basketball Co U Festival - Participatif;;Colibri;Mixte;0;;;;;;0;;oui;s1:10x1;296c069a-e0ec-4006-9d55-d8c6d2ae7e30
2026 - 2027;s1;Montréal;Basketball;Primaire;Basketball Co U Festival -Récréatif;;Colibri;Mixte;0;;;;;;0;;oui;s1:10x1;006405c2-918c-4fe2-b3cf-ff4b9efa6c13
2026 - 2027;diffusion+s1;Montréal;Basketball;Secondaire;Basketball J F D3;D3;Juvénile;Féminin;7;42;42;0;0;0;42;42;oui;d:10x1 s1:10x1;51c81f06-9d62-4b5d-a5c2-53a216100d09
2026 - 2027;diffusion+s1;Montréal;Basketball;Secondaire;Basketball J F D4 Niveau 1;D4;Juvénile;Féminin;6;36;36;0;0;0;36;36;oui;d:10x1 s1:10x1;88fd59a8-b306-4877-98bf-c25c1fdf61c9
2026 - 2027;diffusion+s1;Montréal;Basketball;Secondaire;Basketball J F D4 Niveau 2;D4;Juvénile;Féminin;10;50;50;0;0;0;50;50;oui;d:10x1 s1:10x1;39f75b85-c8c9-4758-9cec-b4e6028bdb5b
2026 - 2027;diffusion+s1;Montréal;Basketball;Secondaire;Basketball J M D3;D3;Juvénile;Masculin;8;56;56;0;0;0;56;56;oui;d:10x1 s1:10x1;591212b0-67a5-44af-995e-b28ca4a8607f
2026 - 2027;diffusion+s1;Montréal;Basketball;Secondaire;Basketball J M D4 Niveau 1 Est;D4;Juvénile;Masculin;8;56;56;0;0;0;56;56;oui;d:10x1 s1:10x1;871542b0-647d-4ef5-95bb-d20ea01e5d31
2026 - 2027;diffusion+s1;Montréal;Basketball;Secondaire;Basketball J M D4 Niveau 1 Ouest;D4;Juvénile;Masculin;8;56;56;0;0;0;56;56;oui;d:10x1 s1:10x1;2f2ffe70-59aa-429f-8486-3cc7f0ca7986
2026 - 2027;diffusion+s1;Montréal;Basketball;Secondaire;Basketball J M D4 Niveau 2;D4;Juvénile;Masculin;12;66;66;0;0;0;66;66;oui;d:10x1 s1:10x1;af798b73-800e-4dc7-9ded-3f83939baf68
2026 - 2027;diffusion+s1;Montréal;Basketball;Secondaire;Basketball J M D4 Niveau 3;D4;Juvénile;Masculin;10;45;45;0;0;0;45;45;oui;d:10x1 s1:10x1;47ce80a0-b320-4463-a389-b54200424857
2026 - 2027;s1;Montréal;Basketball;Primaire;Basketball M F Festival - Compétitif;;Moustique;Féminin;0;;;;;;0;;oui;s1:10x1;4a3dd4a6-dff3-4c41-b9c1-bb2ecc224b48
2026 - 2027;s1;Montréal;Basketball;Primaire;Basketball M F Festival - Participatif;;Moustique;Féminin;1;;;;;;0;;oui;s1:10x1;1ad87253-e053-47f5-b67e-11a24af988bf
2026 - 2027;s1;Montréal;Basketball;Primaire;Basketball M F Festival - Récréatif;;Moustique;Féminin;0;;;;;;0;;oui;s1:10x1;298f4c32-ad8c-438c-864e-ed5560654396
2026 - 2027;s1;Montréal;Basketball;Primaire;Basketball M M Festival - compétitif;;Moustique;Masculin;0;;;;;;0;;oui;s1:10x1;80b1e3dd-44cf-4c29-a1a6-d94ac4d62c78
2026 - 2027;s1;Montréal;Basketball;Primaire;Basketball M M Festival - Participatif;;Moustique;Masculin;0;;;;;;0;;oui;s1:10x1;45c0392f-1257-402e-9cbc-3a1e4722941e
2026 - 2027;s1;Montréal;Basketball;Primaire;Basketball M M Festival - Récréatif;;Moustique;Masculin;1;;;;;;0;;oui;s1:10x1;649a17bf-0211-432c-a2f7-a199b6859de2
2026 - 2027;s1;Montréal;Basketball;Primaire;Basketball M U Festival - participatif;;Moustique;Mixte;1;;;;;;0;;oui;s1:10x1;5932d459-2d2a-4ff7-b621-b0dfcfe590d6
2026 - 2027;s1;Montréal;Basketball;Primaire;Basketball M U Festival - récréatif;;Moustique;Mixte;0;;;;;;0;;oui;s1:10x1;37545751-589f-4dae-ba5d-c1f25ca283ac
2026 - 2027;s1;Montréal;Cheerleading;Secondaire;Cheerleading O U Niveau 1 AMICALE;;Ouvert;Mixte;2;0;0;0;0;0;0;;oui;s1:10x2;7f783b33-5853-450a-b3cd-e46f7a74a87a
2026 - 2027;s1;Montréal;Cheerleading;Secondaire;Cheerleading O U Niveau 1 RÉGIONAL;;Ouvert;Mixte;2;0;0;0;0;0;0;;oui;s1:10x2;9434d3e5-cdbf-47c0-995f-dc797e47497a
2026 - 2027;s1;Montréal;Cheerleading;Secondaire;Cheerleading O U Niveau 2 AMCIALE;;Ouvert;Mixte;0;0;0;0;0;0;0;;oui;s1:10x2;2d17dd0a-7ca3-4803-ad07-a1be0195af22
2026 - 2027;s1;Montréal;Cheerleading;Secondaire;Cheerleading O U Niveau 2 AMICALE Sans tumbling ;;Ouvert;Mixte;1;0;0;0;0;0;0;;oui;s1:10x2;19b40797-fa5d-4912-b101-ee6536eb14da
2026 - 2027;s1;Montréal;Cheerleading;Secondaire;Cheerleading O U Niveau 2 RÉGIONAL;;Ouvert;Mixte;0;0;0;0;0;0;0;;oui;s1:10x2;0420a0bb-c412-480f-bb76-a8bbb32ec353
2026 - 2027;s1;Montréal;Cheerleading;Secondaire;Cheerleading O U Niveau 2 RÉGIONAL Sans tumbling;;Ouvert;Mixte;0;0;0;0;0;0;0;;oui;s1:10x2;416001f6-447d-4af7-84d3-46acd9b644e6
2026 - 2027;s1;Montréal;Cheerleading;Secondaire;Cheerleading O U Niveau 3 AMICALE;;Ouvert;Mixte;1;0;0;0;0;0;0;;oui;s1:10x2;11cb507c-0ce7-4da2-bfd0-4fbace2ae742
2026 - 2027;s1;Montréal;Cheerleading;Secondaire;Cheerleading O U Niveau 3 AMICALE Sans tumbling;;Ouvert;Mixte;0;0;0;0;0;0;0;;oui;s1:10x2;faca66f5-245b-4f6e-aa74-f1e8de2ad5e2
2026 - 2027;s1;Montréal;Cheerleading;Secondaire;Cheerleading O U Niveau 3 RÉGIONAL;;Ouvert;Mixte;1;0;0;0;0;0;0;;oui;s1:10x2;0163cf53-942f-4e40-a9f1-12601d2f216b
2026 - 2027;s1;Montréal;Cheerleading;Secondaire;Cheerleading O U Niveau 3 RÉGIONAL Sans tumbing;;Ouvert;Mixte;0;0;0;0;0;0;0;;oui;s1:10x2;914be48c-ff4a-4900-8962-bfcd352e8b1b
2026 - 2027;s1;Montréal;Cheerleading;Primaire;Cheerleading P U Niveau 1 AMICALE;;Primaire;Mixte;1;;;;;;0;;oui;s1:10x2;17370bb9-223c-4561-a3d2-63736ca3261a
2026 - 2027;s1;Montréal;Cheerleading;Primaire;Cheerleading P U Niveau 1 RÉGIONAL;;Primaire;Mixte;0;;;;;;0;;oui;s1:10x2;018bdc65-2bd7-423e-9ab9-1a09d8a96d84
2026 - 2027;s1;Montréal;Cross-country;Secondaire;Cross-country B F D3 Élite;D3;Benjamin;Féminin;18;0;0;0;0;0;0;;oui;s1:10x3;e8c6ee32-d590-4401-8b59-947eb4c8aee8
2026 - 2027;s1;Montréal;Cross-country;Secondaire;Cross-country B F D4 Participation;D4;Benjamin;Féminin;26;0;0;0;0;0;0;;oui;s1:10x3;58ea8230-66e2-4d3c-8adc-822812d6241b
2026 - 2027;s1;Montréal;Cross-country;Secondaire;Cross-country B M D3 Élite;D3;Benjamin;Masculin;21;0;0;0;0;0;0;;oui;s1:10x3;0fb3c268-17e5-4f85-88a4-e66077f1acd8
2026 - 2027;s1;Montréal;Cross-country;Secondaire;Cross-country B M D4 Participation;D4;Benjamin;Masculin;25;0;0;0;0;0;0;;oui;s1:10x3;f48548d0-5c74-4fa1-8cd2-86c48f1e9191
2026 - 2027;s1;Montréal;Cross-country;Secondaire;Cross-country C F D3 Élite;D3;Cadet;Féminin;16;0;0;0;0;0;0;;oui;s1:10x3;cac35e06-3d75-42e5-bb97-d690c09e7a3d
2026 - 2027;s1;Montréal;Cross-country;Secondaire;Cross-country C F D4 Participation;D4;Cadet;Féminin;26;0;0;0;0;0;0;;oui;s1:10x3;f9b03893-2bfa-4f70-8a0b-749448932e5c
2026 - 2027;s1;Montréal;Cross-country;Secondaire;Cross-country C M D3 Élite;D3;Cadet;Masculin;19;0;0;0;0;0;0;;oui;s1:10x3;ae599e39-4eca-4295-bb30-becff81b63a8
2026 - 2027;s1;Montréal;Cross-country;Secondaire;Cross-country C M D4 Participation;D4;Cadet;Masculin;25;0;0;0;0;0;0;;oui;s1:10x3;964b1389-1dc0-4ce0-b842-ebecacbad9ce
2026 - 2027;s1;Montréal;Cross-country;Secondaire;Cross-country J F D3 Élite;D3;Juvénile;Féminin;17;0;0;0;0;0;0;;oui;s1:10x3;986d5b65-92a6-4ba6-86bd-86223fea4618
2026 - 2027;s1;Montréal;Cross-country;Secondaire;Cross-country J F D4 Participation;D4;Juvénile;Féminin;21;0;0;0;0;0;0;;oui;s1:10x3;95b58811-7616-45a9-8738-ea216f2227ac
2026 - 2027;s1;Montréal;Cross-country;Secondaire;Cross-country J M D3 Élite;D3;Juvénile;Masculin;18;0;0;0;0;0;0;;oui;s1:10x3;becc1be1-84e1-4aa1-a499-bcc7dbce62c1
2026 - 2027;s1;Montréal;Cross-country;Secondaire;Cross-country J M D4 Participation;D4;Juvénile;Masculin;25;0;0;0;0;0;0;;oui;s1:10x3;2a71c06e-f8a4-4097-bb9c-f0ad2736e745
2026 - 2027;s1;Montréal;Cross-country;Primaire;Cross-country O F ADAPTATION SCOLAIRE;;Ouvert;Féminin;2;;;;;;0;;oui;s1:10x3;c4b44c46-001c-4ab2-af72-fe23cf84f870
2026 - 2027;s1;Montréal;Cross-country;Secondaire;Cross-country O F D3 Élite ADAPTATION SCOLAIRE;D3;Ouvert;Féminin;0;0;0;0;0;0;0;;oui;s1:10x3;1c0b750d-5a10-47d6-bc5e-9ad35a14a3b3
2026 - 2027;s1;Montréal;Cross-country;Secondaire;Cross-country O F D4 Participation ADAPTATION SCOLAIRE;D4;Ouvert;Féminin;2;0;0;0;0;0;0;;oui;s1:10x3;6de1dedc-c704-4285-a249-3a696f941166
2026 - 2027;s1;Montréal;Cross-country;Secondaire;Cross-country O F FAUTEUIL ROULANT;;Ouvert;Féminin;0;0;0;0;0;0;0;;oui;s1:10x3;7bbb0dc2-3f45-4905-9fa9-0c20b3cdc64f
2026 - 2027;s1;Montréal;Cross-country;Primaire;Cross-country O F FAUTEUIL ROULANT;;Ouvert;Féminin;0;;;;;;0;;oui;s1:10x3;9ab199fa-0d3a-4015-82bb-7d825627662d
2026 - 2027;s1;Montréal;Cross-country;Secondaire;Cross-country O F MARCHETTE;;Ouvert;Féminin;0;0;0;0;0;0;0;;oui;s1:10x3;56de701c-dcc5-4c19-b892-02eef2bd1033
2026 - 2027;s1;Montréal;Cross-country;Primaire;Cross-country O F MARCHETTE;;Ouvert;Féminin;0;;;;;;0;;oui;s1:10x3;5380beca-3b46-4772-86df-a3e79ffc62fd
2026 - 2027;s1;Montréal;Cross-country;Primaire;Cross-country O M ADAPTATION SCOLAIRE;;Ouvert;Masculin;3;;;;;;0;;oui;s1:10x3;1c899cb5-87ea-486b-a971-adfe06edda05
2026 - 2027;s1;Montréal;Cross-country;Secondaire;Cross-country O M D3 Élite ADAPTATION SCOLAIRE;D3;Ouvert;Masculin;0;0;0;0;0;0;0;;oui;s1:10x3;6ac00f0c-580d-4885-ba3e-a524265f32c6
2026 - 2027;s1;Montréal;Cross-country;Secondaire;Cross-country O M D4 Participation ADAPTATION SCOLAIRE;D4;Ouvert;Masculin;2;0;0;0;0;0;0;;oui;s1:10x3;ec3ae82d-f743-483b-bfaf-39342aef6d7a
2026 - 2027;s1;Montréal;Cross-country;Secondaire;Cross-country O M FAUTEUIL ROULANT;;Ouvert;Masculin;0;0;0;0;0;0;0;;oui;s1:10x3;52d6561a-697c-4d3d-9869-469226b023b2
2026 - 2027;s1;Montréal;Cross-country;Primaire;Cross-country O M FAUTEUIL ROULANT;;Ouvert;Masculin;0;;;;;;0;;oui;s1:10x3;78db44ef-a331-4156-9b3d-3b20af857145
2026 - 2027;s1;Montréal;Cross-country;Secondaire;Cross-country O M MARCHETTE;;Ouvert;Masculin;0;0;0;0;0;0;0;;oui;s1:10x3;3f546ca4-747c-44a9-9047-b2c8cc0cf48a
2026 - 2027;s1;Montréal;Cross-country;Primaire;Cross-country O M MARCHETTE;;Ouvert;Masculin;0;;;;;;0;;oui;s1:10x3;9f44a134-032e-4277-bba7-6115468743ea
2026 - 2027;s1;Montréal;Cross-country;Secondaire;Cross-country O U D4 Participation Hors concours;D4;Ouvert;Mixte;2;0;0;0;0;0;0;;oui;s1:10x3;47d2ee20-59cb-4c70-9b6d-6705ba6f9178
2026 - 2027;s1;Montréal;Cross-country;Primaire;Cross-country P5 F;;Primaire 5;Féminin;51;;;;;;0;;oui;s1:10x3;8a898d21-ec5d-434c-9f61-3166ff1591aa
2026 - 2027;s1;Montréal;Cross-country;Primaire;Cross-country P5 M;;Primaire 5;Masculin;51;;;;;;0;;oui;s1:10x3;47876413-22cc-41e4-8602-2cac8e9c8469
2026 - 2027;s1;Montréal;Cross-country;Primaire;Cross-country P6 F;;Primaire 6;Féminin;54;;;;;;0;;oui;s1:10x3;aeb1e975-562c-4888-b655-b64e67528f07
2026 - 2027;s1;Montréal;Cross-country;Primaire;Cross-country P6 M;;Primaire 6;Masculin;55;;;;;;0;;oui;s1:10x3;c3ec5ca8-16b9-436f-a41d-307084d8fbfe
2026 - 2027;s1;Montréal;Échecs;Secondaire;Échecs O U D3;D3;Ouvert;Mixte;3;0;0;0;0;0;0;;oui;s1:10x26;c1a3a706-62b6-425d-afee-e9dd008b97e7
2026 - 2027;s1;Montréal;Échecs;Secondaire;Échecs O U D4 Niveau 1;D4;Ouvert;Mixte;6;0;0;0;0;0;0;;oui;s1:10x26;ecbb1260-c84b-4506-91f9-b0c30e2d7943
2026 - 2027;s1;Montréal;Échecs;Secondaire;Échecs O U D4 Niveau 2;D4;Ouvert;Mixte;5;0;0;0;0;0;0;;oui;s1:10x26;11c912b9-0953-4ea6-bf3a-fa4ce1a72333
2026 - 2027;diffusion+s1;Montréal;Flag football;Secondaire;Flag football B F D3 AUTOMNE;D3;Benjamin;Féminin;4;12;12;0;0;0;12;6;oui;d:10x4 s1:10x4;a635f96b-6721-425e-b8d2-075069a8555e
2026 - 2027;diffusion+s1;Montréal;Flag football;Secondaire;Flag football B F D4 AUTOMNE Est;D4;Benjamin;Féminin;6;18;18;0;0;0;18;18;oui;d:10x4 s1:10x4;e4a8b60b-6b03-40b7-b5f1-565c8a371cbb
2026 - 2027;diffusion+s1;Montréal;Flag football;Secondaire;Flag football B F D4 AUTOMNE Ouest;D4;Benjamin;Féminin;5;15;15;0;0;0;15;15;oui;d:10x4 s1:10x4;48e2dcca-a4d6-4e28-911c-38939b1ae5cd
2026 - 2027;diffusion+s1;Montréal;Flag football;Secondaire;Flag football B M D3 AUTOMNE;D3;Benjamin;Masculin;9;27;27;0;0;0;27;23;oui;d:10x4 s1:10x4;faa72759-e69b-45f2-8fe0-c1450f10374c
2026 - 2027;s1;Montréal;Flag football;Secondaire;Flag football B M D4 AUTOMNE;D4;Benjamin;Masculin;0;0;0;0;0;0;0;;oui;s1:10x4;4c6fe786-181b-4430-b37d-816349d0d24b
2026 - 2027;s1;Montréal;Flag football;Secondaire;Flag football C F D3 AUTOMNE;D3;Cadet;Féminin;0;0;0;0;0;0;0;;oui;s1:10x4;42c2f43b-3c1f-4d6d-b283-75d285a49591
2026 - 2027;diffusion+s1;Montréal;Flag football;Secondaire;Flag football C F D4 AUTOMNE Est;D4;Cadet;Féminin;8;24;24;0;0;0;24;24;oui;d:10x4 s1:10x4;c9a90197-59ba-467c-aefd-1233cd3952b8
2026 - 2027;diffusion+s1;Montréal;Flag football;Secondaire;Flag football C F D4 AUTOMNE Ouest;D4;Cadet;Féminin;8;24;24;0;0;0;24;24;oui;d:10x4 s1:10x4;5ed74380-dcf5-48a3-9d0b-e9636ba6d7a5
2026 - 2027;diffusion+s1;Montréal;Flag football;Secondaire;Flag football C M D3 AUTOMNE;D3;Cadet;Masculin;7;21;21;0;0;0;21;18;oui;d:10x4 s1:10x4;60035864-6e2e-4c31-ae7d-6d4920844a31
2026 - 2027;s1;Montréal;Flag football;Secondaire;Flag football C M D4 AUTOMNE;D4;Cadet;Masculin;0;0;0;0;0;0;0;;oui;s1:10x4;ce595315-c10a-4e61-a24a-636374a8cc2c
2026 - 2027;diffusion+s1;Montréal;Flag football;Secondaire;Flag football J F D3 AUTOMNE;D3;Juvénile;Féminin;5;15;15;0;0;0;15;11;oui;d:10x4 s1:10x4;96b4c68f-4a36-4383-a1ea-6bd68f99b8a4
2026 - 2027;diffusion+s1;Montréal;Flag football;Secondaire;Flag football J F D4 AUTOMNE Est;D4;Juvénile;Féminin;8;24;24;0;0;0;24;24;oui;d:10x4 s1:10x4;ce14d2d6-b6ec-4e32-a9e5-0b6fee43b0dc
2026 - 2027;diffusion+s1;Montréal;Flag football;Secondaire;Flag football J F D4 AUTOMNE ouest;D4;Juvénile;Féminin;8;24;24;0;0;0;24;24;oui;d:10x4 s1:10x4;b4467e5e-b122-4740-b801-66456acef019
2026 - 2027;diffusion+s1;Montréal;Flag football;Secondaire;Flag football J M D3 AUTOMNE;D3;Juvénile;Masculin;5;15;15;0;0;0;15;13;oui;d:10x4 s1:10x4;5274f6dc-6c26-449a-87d5-9be9137c24a6
2026 - 2027;diffusion+s1;Montréal;Flag football;Secondaire;Flag football J M D4 AUTOMNE;D4;Juvénile;Masculin;5;15;15;0;0;0;15;10;oui;d:10x4 s1:10x4;f3578ef9-596b-4f68-8a28-725445f9800f
2026 - 2027;s1;Montréal;Flag football;Primaire;Flag football M U Championnat régional - Compétitif;;Moustique;Mixte;0;;;;;;0;;oui;s1:10x4;aec75f8f-3eb0-418f-923e-f8d73d443035
2026 - 2027;s1;Montréal;Flag football;Primaire;Flag football M U Championnat régional - Participatif;;Moustique;Mixte;0;;;;;;0;;oui;s1:10x4;58059c51-c6f1-473a-a8b1-d387a0bf785e
2026 - 2027;s1;Montréal;Flag football;Primaire;Flag football M U Championnat régional - Récréatif;;Moustique;Mixte;0;;;;;;0;;oui;s1:10x4;5823f3ed-8868-4352-8b35-e811a31978b3
2026 - 2027;s1;Montréal;Flag football;Primaire;Flag football M U Festival - Compétitif;;Moustique;Mixte;0;;;;;;0;;oui;s1:10x4;baf349ac-391c-4e60-a2e0-883338a950bb
2026 - 2027;s1;Montréal;Flag football;Primaire;Flag football M U Festival - Participatif;;Moustique;Mixte;0;;;;;;0;;oui;s1:10x4;6bc395be-377a-4f41-a7f4-3e562287bd6e
2026 - 2027;s1;Montréal;Flag football;Primaire;Flag football M U Festival - Récréatif;;Moustique;Mixte;0;;;;;;0;;oui;s1:10x4;17581a71-30b0-4518-8c3b-23d6078b15d9
2026 - 2027;diffusion+s1;Montréal;Futsal;Secondaire;Futsal A F D3;D3;Atome;Féminin;4;18;18;0;0;0;18;18;oui;d:10x30 s1:10x30;0b417905-e75a-462e-9ab7-bba34ecbf5b2
2026 - 2027;diffusion+s1;Montréal;Futsal;Secondaire;Futsal A M D3;D3;Atome;Masculin;9;36;36;0;0;0;36;36;oui;d:10x30 s1:10x30;77d6a6c1-019e-4bc4-8984-6ac959fc08fb
2026 - 2027;diffusion+s1;Montréal;Futsal;Secondaire;Futsal A M D4 Niveau 1;D4;Atome;Masculin;9;36;36;0;0;0;36;36;oui;d:10x30 s1:10x30;30f3450c-24eb-49f6-8067-6300e847056d
2026 - 2027;diffusion+s1;Montréal;Futsal;Secondaire;Futsal A M D4 Niveau 2;D4;Atome;Masculin;10;45;45;0;0;0;45;45;oui;d:10x30 s1:10x30;4d254f0d-cc4b-468b-9520-2ba51be032e9
2026 - 2027;diffusion+s1;Montréal;Futsal;Secondaire;Futsal A M D4 Niveau 3;D4;Atome;Masculin;7;42;42;0;0;0;42;42;oui;d:10x30 s1:10x30;47dca466-721d-442a-8726-f8160a39dfbb
2026 - 2027;diffusion+s1;Montréal;Futsal;Secondaire;Futsal B F D3;D3;Benjamin;Féminin;7;42;42;0;0;0;42;42;oui;d:10x30 s1:10x30;ef5c0ffc-6d26-4be5-8774-d48bd26ac79a
2026 - 2027;diffusion+s1;Montréal;Futsal;Secondaire;Futsal B F D3 Ligue des champions;D3;Benjamin;Féminin;4;15;12;3;0;0;15;15;oui;d:10x30 s1:10x30;4d458c74-4ccd-4b31-ab9e-48c0328b45a1
2026 - 2027;diffusion+s1;Montréal;Futsal;Secondaire;Futsal B F D4 Niveau 1;D4;Benjamin;Féminin;7;42;42;0;0;0;42;42;oui;d:10x30 s1:10x30;23ee869f-ddc5-4836-80bf-458c280a0745
2026 - 2027;diffusion+s1;Montréal;Futsal;Secondaire;Futsal B M D3;D3;Benjamin;Masculin;8;56;56;0;0;0;56;56;oui;d:10x30 s1:10x30;3a67af4c-2d13-4d95-8609-370ea3dd57bb
2026 - 2027;diffusion+s1;Montréal;Futsal;Secondaire;Futsal B M D3 Ligue des champions;D3;Benjamin;Masculin;8;31;28;3;0;0;31;31;oui;d:10x30 s1:10x30;21b01679-de58-4b23-a9be-1c33e9345b7a
2026 - 2027;diffusion+s1;Montréal;Futsal;Secondaire;Futsal B M D4 Niveau 1 EST;D4;Benjamin;Masculin;8;56;56;0;0;0;56;56;oui;d:10x30 s1:10x30;0ea240b4-52b1-47e2-bc1f-58bc9209a5c8
2026 - 2027;diffusion+s1;Montréal;Futsal;Secondaire;Futsal B M D4 Niveau 1 OUEST;D4;Benjamin;Masculin;8;56;56;0;0;0;56;56;oui;d:10x30 s1:10x30;445bbb02-dc68-4a40-b4fa-cda1b41b1636
2026 - 2027;diffusion+s1;Montréal;Futsal;Secondaire;Futsal B M D4 Niveau 2;D4;Benjamin;Masculin;8;56;56;0;0;0;56;56;oui;d:10x30 s1:10x30;89b8091a-ebd7-4b48-8d15-cbe8e60a60a4
2026 - 2027;diffusion+s1;Montréal;Futsal;Secondaire;Futsal B M D4 Niveau 3;D4;Benjamin;Masculin;10;45;45;0;0;0;45;45;oui;d:10x30 s1:10x30;51d4ac46-a7eb-4789-8c1f-c1e19a473d3c
2026 - 2027;diffusion+s1;Montréal;Futsal;Secondaire;Futsal C F D3;D3;Cadet;Féminin;12;45;45;0;0;0;45;45;oui;d:10x30 s1:10x30;ace68c64-4643-4db8-b5e1-474a6878ae33
2026 - 2027;diffusion+s1;Montréal;Futsal;Secondaire;Futsal C F D3 Ligue des champions;D3;Cadet;Féminin;6;18;15;3;0;0;18;18;oui;d:10x30 s1:10x30;f6c95bfa-252b-48a9-a4df-63d855e7a6c3
2026 - 2027;diffusion+s1;Montréal;Futsal;Secondaire;Futsal C F D4 Niveau 1;D4;Cadet;Féminin;12;66;66;0;0;0;66;66;oui;d:10x30 s1:10x30;103b4c72-1647-479c-ab35-fe6fcef8e846
2026 - 2027;diffusion+s1;Montréal;Futsal;Secondaire;Futsal C M D3;D3;Cadet;Masculin;8;56;56;0;3;0;56;56;oui;d:10x30 s1:10x30;a920189c-7b4e-4f1e-ba77-278e9757e324
2026 - 2027;diffusion+s1;Montréal;Futsal;Secondaire;Futsal C M D3 Ligue des champions Groupe A;D3;Cadet;Masculin;5;28;25;3;0;0;28;28;oui;d:10x30 s1:10x30;38b47e76-5bcf-437c-b0e6-329c536e6004
2026 - 2027;s1;Montréal;Futsal;Secondaire;Futsal C M D3 Ligue des champions Groupe B;D3;Cadet;Masculin;5;28;25;3;0;0;0;;oui;s1:10x30;7227d463-cd07-4736-834c-bb5484f005e9
2026 - 2027;diffusion+s1;Montréal;Futsal;Secondaire;Futsal C M D4 Niveau 1 EST;D4;Cadet;Masculin;9;36;36;0;0;0;36;36;oui;d:10x30 s1:10x30;21f8863b-69aa-48c1-b4eb-8cbab5d5552e
2026 - 2027;diffusion+s1;Montréal;Futsal;Secondaire;Futsal C M D4 Niveau 1 OUEST;D4;Cadet;Masculin;9;36;36;0;0;0;36;36;oui;d:10x30 s1:10x30;d3785f13-ee2e-43d9-ade5-ab8f4a2d5683
2026 - 2027;diffusion+s1;Montréal;Futsal;Secondaire;Futsal C M D4 Niveau 2;D4;Cadet;Masculin;10;45;45;0;0;0;45;45;oui;d:10x30 s1:10x30;5e320145-1e68-4918-9687-9e5c0242c69f
2026 - 2027;diffusion+s1;Montréal;Futsal;Secondaire;Futsal C M D4 Niveau 3;D4;Cadet;Masculin;9;36;36;0;0;0;36;36;oui;d:10x30 s1:10x30;e74adf8b-6192-48a5-bbda-f48e50ff39cd
2026 - 2027;s1;Montréal;Futsal;Primaire;Futsal Co F Récréatif;;Colibri;Féminin;0;;;;;;0;;oui;s1:10x30;f850bf63-c4ae-46e2-b500-ed2ec31cf1c3
2026 - 2027;s1;Montréal;Futsal;Primaire;Futsal Co M Récréatif;;Colibri;Masculin;3;;;;;;0;;oui;s1:10x30;d7865599-4fe6-4344-8e9f-8d7e38f04e48
2026 - 2027;diffusion+s1;Montréal;Futsal;Secondaire;Futsal J F D3;D3;Juvénile;Féminin;5;30;30;0;0;0;30;30;oui;d:10x30 s1:10x30;4970872f-16ac-45d0-ae07-5a8c0a4a2ae4
2026 - 2027;diffusion+s1;Montréal;Futsal;Secondaire;Futsal J F D3 Ligue des champions;D3;Juvénile;Féminin;4;14;11;3;0;0;14;14;oui;d:10x30 s1:10x30;8670ba8f-3e08-42aa-bff1-bda7374ab3e6
2026 - 2027;diffusion+s1;Montréal;Futsal;Secondaire;Futsal J F D4 Niveau 1;D4;Juvénile;Féminin;9;36;36;0;0;0;36;36;oui;d:10x30 s1:10x30;def377bc-1095-44fa-8412-16b70de16d4c
2026 - 2027;diffusion+s1;Montréal;Futsal;Secondaire;Futsal J M D3;D3;Juvénile;Masculin;7;42;42;0;0;0;42;42;oui;d:10x30 s1:10x30;35405a9d-cadd-496e-af18-3ae60585de5c
2026 - 2027;diffusion+s1;Montréal;Futsal;Secondaire;Futsal J M D3 Ligue des champions Groupe A;D3;Juvénile;Masculin;6;18;15;3;0;0;18;18;oui;d:10x30 s1:10x30;14b7a9e0-4d16-4261-850b-402b175efd3a
2026 - 2027;diffusion+s1;Montréal;Futsal;Secondaire;Futsal J M D3 Ligue des champions Groupe B;D3;Juvénile;Masculin;6;18;15;3;0;0;15;15;oui;d:10x30 s1:10x30;997c73ad-4419-46fc-a64a-37cde7ff6aab
2026 - 2027;diffusion+s1;Montréal;Futsal;Secondaire;Futsal J M D4 Niveau 1;D4;Juvénile;Masculin;13;78;78;0;0;0;78;78;oui;d:10x30 s1:10x30;379390a8-2767-42a6-9787-538b5ee5d25b
2026 - 2027;diffusion+s1;Montréal;Futsal;Secondaire;Futsal J M D4 Niveau 2;D4;Juvénile;Masculin;5;18;18;0;0;0;18;18;oui;d:10x30 s1:10x30;07da2fea-801f-4ada-a454-ee1805fadc7f
2026 - 2027;diffusion+s1;Montréal;Futsal;Secondaire;Futsal J M D4 Niveau 3;D4;Juvénile;Masculin;8;56;56;0;0;0;56;56;oui;d:10x30 s1:10x30;67d01540-f81e-4c27-895d-26644c0ffbeb
2026 - 2027;s1;Montréal;Futsal;Primaire;Futsal M F Championnat régional - Compétitif;;Moustique;Féminin;0;;;;;;0;;oui;s1:10x30;99f63b08-a36f-4c63-96b6-24fdf26c8d2b
2026 - 2027;s1;Montréal;Futsal;Primaire;Futsal M F Championnat régional - Participatif;;Moustique;Féminin;0;;;;;;0;;oui;s1:10x30;eb5ef047-92c1-40d0-97c9-d8a676076118
2026 - 2027;s1;Montréal;Futsal;Primaire;Futsal M F Championnat régional - Récréatif;;Moustique;Féminin;0;;;;;;0;;oui;s1:10x30;f0071ad1-8308-4cbb-9b99-a37c69d44612
2026 - 2027;s1;Montréal;Futsal;Primaire;Futsal M F Festival - Compétitif;;Moustique;Féminin;0;;;;;;0;;oui;s1:10x30;6fb1dce3-2085-42db-b7f0-84ca62ebe1e8
2026 - 2027;s1;Montréal;Futsal;Primaire;Futsal M F Festival - Particpaitif;;Moustique;Féminin;0;;;;;;0;;oui;s1:10x30;19431baa-e9da-4361-980e-9731bf07471e
2026 - 2027;s1;Montréal;Futsal;Primaire;Futsal M F Festival - Récréatif;;Moustique;Féminin;2;;;;;;0;;oui;s1:10x30;c2954d11-fc89-49c7-8fc2-b15d31d3582d
2026 - 2027;s1;Montréal;Futsal;Primaire;Futsal M M Championnat régional - Compétitif;;Moustique;Masculin;0;;;;;;0;;oui;s1:10x30;47df0525-5821-4c2e-a066-6516d9273cc9
2026 - 2027;s1;Montréal;Futsal;Primaire;Futsal M M Championnat régional - Participatif;;Moustique;Masculin;0;;;;;;0;;oui;s1:10x30;b0f6e1bc-a68c-4841-9401-df67a6736280
2026 - 2027;s1;Montréal;Futsal;Primaire;Futsal M M Championnat régional - Récréatif;;Moustique;Masculin;0;;;;;;0;;oui;s1:10x30;8febf52a-8647-4db1-b8d8-228dd81ad01b
2026 - 2027;s1;Montréal;Futsal;Primaire;Futsal M M Festival - Compétitif;;Moustique;Masculin;1;;;;;;0;;oui;s1:10x30;6f3bd8a2-c615-4159-adb4-1d02c1a1a902
2026 - 2027;s1;Montréal;Futsal;Primaire;Futsal M M Festival - Participatif;;Moustique;Masculin;4;;;;;;0;;oui;s1:10x30;43658bb6-dec1-4c2d-b26a-af144ee4c233
2026 - 2027;s1;Montréal;Futsal;Primaire;Futsal M M Festival - Récréatif;;Moustique;Masculin;2;;;;;;0;;oui;s1:10x30;a2747484-fb66-4867-8acf-4dd2808cee95
2026 - 2027;s1;Montréal;Futsal;Primaire;Futsal M U Championnat régional - Participatif;;Moustique;Mixte;0;;;;;;0;;oui;s1:10x30;ad63e763-4f1d-411d-88c1-ed488333ea77
2026 - 2027;s1;Montréal;Futsal;Primaire;Futsal M U Championnat régional - Récréatif;;Moustique;Mixte;0;;;;;;0;;oui;s1:10x30;1d1a9392-8085-4e78-8eb0-a07afb1138d5
2026 - 2027;s1;Montréal;Futsal;Primaire;Futsal M U Festival - Participatif;;Moustique;Mixte;0;;;;;;0;;oui;s1:10x30;1ba49c3c-e043-49e4-b3fd-ffe630623b41
2026 - 2027;s1;Montréal;Futsal;Primaire;Futsal M U Festival - Récréatif;;Moustique;Mixte;0;;;;;;0;;oui;s1:10x30;85c06da3-e1fc-460e-960d-b702aac0ab19
2026 - 2027;s1;Montréal;Hockey cosom;Primaire;Hockey cosom Co M Festival - Récréatif;;Colibri;Masculin;0;;;;;;0;;oui;s1:10x7;248a123b-1c5f-445f-9632-5bbc04cc08a2
2026 - 2027;s1;Montréal;Hockey cosom;Primaire;Hockey cosom M F Championnat régional - Participatif;;Moustique;Féminin;0;;;;;;0;;oui;s1:10x7;aa5523de-00b0-4039-87e6-8e186cad1647
2026 - 2027;s1;Montréal;Hockey cosom;Primaire;Hockey cosom M M Championnat régional - Compétitif;;Moustique;Masculin;0;;;;;;0;;oui;s1:10x7;8e5475b6-4ee9-4700-8248-0836beefbb7f
2026 - 2027;s1;Montréal;Hockey cosom;Primaire;Hockey cosom M M Championnat régional - Participatif;;Moustique;Masculin;0;;;;;;0;;oui;s1:10x7;981aae3e-459f-4bb1-a5a4-60b09c4bfd1e
2026 - 2027;s1;Montréal;Hockey;Secondaire;Hockey M14 M D3 EST;D3;M14;Masculin;8;0;0;0;0;0;0;;oui;s1:10x9;1f4e489d-4e0a-4a6b-8a07-447dcf60de31
2026 - 2027;s1;Montréal;Hockey;Secondaire;Hockey M14 M D3 OUEST;D3;M14;Masculin;8;0;0;0;0;0;0;;oui;s1:10x9;0916db9c-3a68-42dd-8dc0-1a6f740db523
2026 - 2027;s1;Montréal;Hockey;Secondaire;Hockey M15 M D3 EST;D3;M15;Masculin;8;0;0;0;0;0;0;;oui;s1:10x9;d30c19e7-a99a-4c26-91fe-0cceaa5db02e
2026 - 2027;s1;Montréal;Hockey;Secondaire;Hockey M15 M D3 OUEST;D3;M15;Masculin;8;0;0;0;0;0;0;;oui;s1:10x9;a59d39de-7b2b-464d-b645-7a36bef2bfac
2026 - 2027;s1;Montréal;Hockey;Secondaire;Hockey M18 M D3 EST;D3;M18;Masculin;8;0;0;0;0;0;0;;oui;s1:10x9;f444a176-42a5-474e-b3fe-8844cdba734c
2026 - 2027;s1;Montréal;Hockey;Secondaire;Hockey M18 M D3 OUEST;D3;M18;Masculin;9;0;0;0;0;0;0;;oui;s1:10x9;cd152d99-458c-40e3-9035-a673f224d866
2026 - 2027;s1;Montréal;Improvisation;Secondaire;Improvisation B U D3;D3;Benjamin;Mixte;11;0;0;0;0;0;0;;oui;s1:10x27;f9e39fdc-986e-4d2b-a399-10b6f9419bb6
2026 - 2027;s1;Montréal;Improvisation;Secondaire;Improvisation B U D4;D4;Benjamin;Mixte;5;0;0;0;0;0;0;;oui;s1:10x27;8e8e912f-fcb9-411e-bc8e-982ca2965836
2026 - 2027;s1;Montréal;Improvisation;Secondaire;Improvisation C U D3;D3;Cadet;Mixte;5;0;0;0;0;0;0;;oui;s1:10x27;ddde05a2-3455-4574-ad07-cf4047b34e84
2026 - 2027;s1;Montréal;Improvisation;Secondaire;Improvisation C U D4;D4;Cadet;Mixte;11;0;0;0;0;0;0;;oui;s1:10x27;f73faf08-4d57-46e4-abf6-6155a1df912f
2026 - 2027;s1;Montréal;Improvisation;Secondaire;Improvisation J U D3;D3;Juvénile;Mixte;7;0;0;0;0;0;0;;oui;s1:10x27;ce4ed960-5870-4c9d-8346-769059b2e350
2026 - 2027;s1;Montréal;Improvisation;Secondaire;Improvisation J U D4;D4;Juvénile;Mixte;14;0;0;0;0;0;0;;oui;s1:10x27;99447c71-2bc3-4f05-8c73-19f9115b1ab0
2026 - 2027;diffusion+s1;Montréal;Natation;Secondaire;Natation B F D3;D3;Benjamin;Féminin;3;0;0;0;0;0;0;;oui;d:10x10 s1:10x10;33ee0e1e-006f-47df-a946-d8d9eb9098eb
2026 - 2027;diffusion+s1;Montréal;Natation;Secondaire;Natation B F D4;D4;Benjamin;Féminin;3;0;0;0;0;0;0;;oui;d:10x10 s1:10x10;978c3007-0236-4a5b-ad96-e5c491fc1050
2026 - 2027;diffusion+s1;Montréal;Natation;Secondaire;Natation B M D3;D3;Benjamin;Masculin;2;0;0;0;0;0;0;;oui;d:10x10 s1:10x10;50e222ec-4476-47e2-a0ef-cc0a4aa0cf52
2026 - 2027;diffusion+s1;Montréal;Natation;Secondaire;Natation B M D4;D4;Benjamin;Masculin;3;0;0;0;0;0;0;;oui;d:10x10 s1:10x10;538300a3-4563-43fe-a684-dc99261d2699
2026 - 2027;diffusion+s1;Montréal;Natation;Secondaire;Natation C F D3;D3;Cadet;Féminin;2;0;0;0;0;0;0;;oui;d:10x10 s1:10x10;30bc2c13-3fd2-48f5-8c52-08eef12aca0a
2026 - 2027;diffusion+s1;Montréal;Natation;Secondaire;Natation C F D4;D4;Cadet;Féminin;3;0;0;0;0;0;0;;oui;d:10x10 s1:10x10;3ec831b6-bc45-48fe-81c1-0167bb8b9d1b
2026 - 2027;diffusion+s1;Montréal;Natation;Secondaire;Natation C M D3;D3;Cadet;Masculin;2;0;0;0;0;0;0;;oui;d:10x10 s1:10x10;41a4f4e4-d51b-4bc3-88f4-ae9d194f70d9
2026 - 2027;diffusion+s1;Montréal;Natation;Secondaire;Natation C M D4;D4;Cadet;Masculin;3;0;0;0;0;0;0;;oui;d:10x10 s1:10x10;9206f00f-f416-4e13-b799-091cf60fe69e
2026 - 2027;diffusion+s1;Montréal;Natation;Secondaire;Natation J F D3;D3;Juvénile;Féminin;2;0;0;0;0;0;0;;oui;d:10x10 s1:10x10;bf70344f-a8ee-4d04-aa34-345292c1b159
2026 - 2027;diffusion+s1;Montréal;Natation;Secondaire;Natation J F D4;D4;Juvénile;Féminin;3;0;0;0;0;0;0;;oui;d:10x10 s1:10x10;31b6cc6a-5a1b-493d-a070-48567f4dfcd8
2026 - 2027;diffusion+s1;Montréal;Natation;Secondaire;Natation J M D3;D3;Juvénile;Masculin;2;0;0;0;0;0;0;;oui;d:10x10 s1:10x10;c459aa63-f68c-4438-9caf-4256a0ee9915
2026 - 2027;diffusion+s1;Montréal;Natation;Secondaire;Natation J M D4;D4;Juvénile;Masculin;3;0;0;0;0;0;0;;oui;d:10x10 s1:10x10;f6d6735e-1d21-4e9f-870f-d7265d37b844
2026 - 2027;s1;Montréal;Soccer;Primaire;Soccer M F Championnat régional - Féminin Compétitif;;Moustique;Féminin;2;;;;;;0;;oui;s1:10x13;266c4f90-1379-4df7-99b4-c833367c28f4
2026 - 2027;s1;Montréal;Soccer;Primaire;Soccer M F Championnat régional - Féminin Participatif;;Moustique;Féminin;2;;;;;;0;;oui;s1:10x13;250ca95e-eb21-4fe1-8667-962f8b9e036a
2026 - 2027;s1;Montréal;Soccer;Primaire;Soccer M F Championnat régional - Féminin Récréatif;;Moustique;Féminin;2;;;;;;0;;oui;s1:10x13;1cf3ab35-e6ce-4159-b653-a106f6725083
2026 - 2027;s1;Montréal;Soccer;Primaire;Soccer M M Championnat régional - Masculin Compétitif;;Moustique;Masculin;4;;;;;;0;;oui;s1:10x13;78a31d07-63a7-4ca0-94c9-f7a407a09849
2026 - 2027;s1;Montréal;Soccer;Primaire;Soccer M M Championnat régional - Masculin Participatif;;Moustique;Masculin;9;;;;;;0;;oui;s1:10x13;bf357f68-7c9a-49d8-988b-30ce5b922ae3
2026 - 2027;s1;Montréal;Soccer;Primaire;Soccer M M Championnat régional - Masculin Récréatif;;Moustique;Masculin;4;;;;;;0;;oui;s1:10x13;f7ea0e7a-c038-41bb-a880-c638225b8889
2026 - 2027;s1;Montréal;Soccer;Primaire;Soccer M U Championnat régional - Mixte Participatif;;Moustique;Mixte;0;;;;;;0;;oui;s1:10x13;034738ef-d964-49ce-bd06-500962f7e394
2026 - 2027;s1;Montréal;Soccer;Primaire;Soccer M U Championnat régional - Mixte Récréatif;;Moustique;Mixte;0;;;;;;0;;oui;s1:10x13;7c3bf3b2-1211-48d4-b5da-942657ba9374
2026 - 2027;s1;Montréal;Ultimate;Secondaire;Ultimate C M D3 CHAMPIONNAT RÉGIONAL;D3;Cadet;Masculin;1;0;0;0;0;0;0;;oui;s1:10x25;26427df8-6471-4a4c-a870-387df19f2af5
2026 - 2027;s1;Montréal;Ultimate;Secondaire;Ultimate C M D3 FESTIVAL;D3;Cadet;Masculin;6;0;0;0;0;0;0;;oui;s1:10x25;48cfa579-b754-45b9-b9a9-2df824091430
2026 - 2027;s1;Montréal;Ultimate;Secondaire;Ultimate C U D3 CHAMPIONNAT RÉGIONAL;D3;Cadet;Mixte;2;0;0;0;0;0;0;;oui;s1:10x25;b0ea6228-f45a-4231-b5b8-4d61bbc57737
2026 - 2027;s1;Montréal;Ultimate;Secondaire;Ultimate C U D3 FESTIVAL;D3;Cadet;Mixte;7;0;0;0;0;0;0;;oui;s1:10x25;9799ba46-a13b-4481-b775-4a3630c447de
2026 - 2027;s1;Montréal;Ultimate;Secondaire;Ultimate J M D3 CHAMPIONNAT RÉGIONAL;D3;Juvénile;Masculin;1;0;0;0;0;0;0;;oui;s1:10x25;ac10c762-3d47-495d-b32c-72d1d3186140
2026 - 2027;s1;Montréal;Ultimate;Secondaire;Ultimate J M D3 FESTIVAL;D3;Juvénile;Masculin;7;0;0;0;0;0;0;;oui;s1:10x25;6be4ad6f-4312-45ba-97f1-7248ddb164fc
2026 - 2027;s1;Montréal;Ultimate;Secondaire;Ultimate J U D3 CHAMPIONNAT RÉGIONAL;D3;Juvénile;Mixte;3;0;0;0;0;0;0;;oui;s1:10x25;2b0ab154-7833-4fc6-9568-e9568eb9ca25
2026 - 2027;s1;Montréal;Ultimate;Secondaire;Ultimate J U D3 FESTIVAL;D3;Juvénile;Mixte;3;0;0;0;0;0;0;;oui;s1:10x25;c7d6f42c-480c-4744-bf85-3617322d3348
2026 - 2027;diffusion+s1;Montréal;Ultimate;Primaire;Ultimate M U Festival - participatif;;Moustique;Mixte;5;;;;;;0;;oui;d:10x25 s1:10x25;ece43f94-a27b-4e1b-8dff-a6ed7f7e270b
2026 - 2027;diffusion+s1;Montréal;Volleyball;Secondaire;Volleyball A F D3;D3;Atome;Féminin;11;55;55;0;0;0;55;55;oui;d:10x16 s1:10x16;4a8441fb-8ab2-4e94-af61-f88f41ceb202
2026 - 2027;diffusion+s1;Montréal;Volleyball;Secondaire;Volleyball A F D4 Niveau 1;D4;Atome;Féminin;7;35;35;0;0;0;35;35;oui;d:10x16 s1:10x16;96f472ea-0a7d-4157-a3a6-500ec6f1ae13
2026 - 2027;diffusion+s1;Montréal;Volleyball;Secondaire;Volleyball A F D4 Niveau 2;D4;Atome;Féminin;15;75;75;0;0;0;75;75;oui;d:10x16 s1:10x16;cac63950-38e2-457c-b21c-ba00046877be
2026 - 2027;diffusion+s1;Montréal;Volleyball;Secondaire;Volleyball B F D3;D3;Benjamin;Féminin;9;45;45;0;0;0;45;45;oui;d:10x16 s1:10x16;5ee02242-bb5a-4c3d-9d0a-cae4aa1edfab
2026 - 2027;diffusion+s1;Montréal;Volleyball;Secondaire;Volleyball B F D4 Niveau 1;D4;Benjamin;Féminin;8;40;40;0;0;0;40;40;oui;d:10x16 s1:10x16;8339d053-9ed2-4724-890c-40b3364a96fc
2026 - 2027;diffusion+s1;Montréal;Volleyball;Secondaire;Volleyball B F D4 Niveau 2;D4;Benjamin;Féminin;9;45;45;0;0;0;45;45;oui;d:10x16 s1:10x16;b3dad545-2825-4d94-9409-bb441de72fd0
2026 - 2027;diffusion+s1;Montréal;Volleyball;Secondaire;Volleyball B F D4 Niveau 3 EST;D4;Benjamin;Féminin;7;35;35;0;0;0;35;35;oui;d:10x16 s1:10x16;497b77b3-bd68-4593-b4f6-ddc5977806bc
2026 - 2027;diffusion+s1;Montréal;Volleyball;Secondaire;Volleyball B F D4 Niveau 3 OUEST;D4;Benjamin;Féminin;7;35;35;0;0;0;35;35;oui;d:10x16 s1:10x16;11836e0b-f927-4900-a78e-0aef4bf518ba
2026 - 2027;s1;Montréal;Volleyball;Secondaire;Volleyball B M D3;D3;Benjamin;Masculin;5;0;0;0;0;0;0;;oui;s1:10x16;f2d9daf2-291a-42f4-a9a8-76f7395a149b
2026 - 2027;s1;Montréal;Volleyball;Secondaire;Volleyball B M D4;D4;Benjamin;Masculin;7;0;0;0;0;0;0;;oui;s1:10x16;ac124fd7-4d13-467d-a29b-9f8e204ea19a
2026 - 2027;diffusion+s1;Montréal;Volleyball;Secondaire;Volleyball C F D3;D3;Cadet;Féminin;10;65;65;0;0;0;65;65;oui;d:10x16 s1:10x16;64b4cb1e-c5ad-463e-9c19-4c3a8b88a0db
2026 - 2027;diffusion+s1;Montréal;Volleyball;Secondaire;Volleyball C F D4 Niveau 1;D4;Cadet;Féminin;13;78;78;0;0;0;78;78;oui;d:10x16 s1:10x16;5eab163e-3896-4834-91ff-9b0c00052bb8
2026 - 2027;diffusion+s1;Montréal;Volleyball;Secondaire;Volleyball C F D4 Niveau 2;D4;Cadet;Féminin;11;55;55;0;0;0;55;55;oui;d:10x16 s1:10x16;c0c8ca43-2467-4e66-9c71-8a1d6da239cf
2026 - 2027;diffusion+s1;Montréal;Volleyball;Secondaire;Volleyball C F D4 Niveau 3 EST;D4;Cadet;Féminin;10;45;45;0;0;0;45;45;oui;d:10x16 s1:10x16;97cf243d-3559-4695-9dfa-7f9ef8a6ad86
2026 - 2027;diffusion+s1;Montréal;Volleyball;Secondaire;Volleyball C F D4 Niveau 3 OUEST;D4;Cadet;Féminin;10;45;45;0;0;0;45;45;oui;d:10x16 s1:10x16;3aa62089-66ff-4ae3-a6ce-5afd22c8351b
2026 - 2027;s1;Montréal;Volleyball;Secondaire;Volleyball C M D3;D3;Cadet;Masculin;0;0;0;0;0;0;0;;oui;s1:10x16;51fd9473-88ce-4605-a43b-9eda5897286a
2026 - 2027;s1;Montréal;Volleyball;Secondaire;Volleyball C M D3 (D3 \ D4);D3;Cadet;Masculin;11;0;0;0;0;0;0;;oui;s1:10x16;8e38d4d5-08ad-4471-97c0-1328fbdbb238
2026 - 2027;diffusion+s1;Montréal;Volleyball;Secondaire;Volleyball J F D3;D3;Juvénile;Féminin;10;65;65;0;0;0;65;65;oui;d:10x16 s1:10x16;3f8adab8-bd5c-4281-a81f-1bea0c6d1719
2026 - 2027;diffusion+s1;Montréal;Volleyball;Secondaire;Volleyball J F D4 Niveau 1;D4;Juvénile;Féminin;11;66;66;0;0;0;66;66;oui;d:10x16 s1:10x16;aa6eda09-7f20-4248-981e-28da6b7d2730
2026 - 2027;diffusion+s1;Montréal;Volleyball;Secondaire;Volleyball J F D4 Niveau 2;D4;Juvénile;Féminin;12;66;66;0;0;0;66;66;oui;d:10x16 s1:10x16;6e887006-ea37-470a-8177-c0fe804362b4
2026 - 2027;diffusion+s1;Montréal;Volleyball;Secondaire;Volleyball J F D4 Niveau 3;D4;Juvénile;Féminin;11;55;55;0;0;0;55;55;oui;d:10x16 s1:10x16;2c2f4560-f285-4e8f-91c3-f6461d55548d
2026 - 2027;s1;Montréal;Volleyball;Secondaire;Volleyball J M D3;D3;Juvénile;Masculin;4;0;0;0;0;0;0;;oui;s1:10x16;27922f55-1089-4693-8750-1bc3213211c7
2026 - 2027;s1;Montréal;Volleyball;Secondaire;Volleyball J M D4 Section 1;D4;Juvénile;Masculin;8;0;0;0;0;0;0;;oui;s1:10x16;309c6b79-4c6d-4e78-98a9-cfa9026047e9
2026 - 2027;s1;Montréal;Volleyball;Secondaire;Volleyball J M D4 Section 2;D4;Juvénile;Masculin;8;0;0;0;0;0;0;;oui;s1:10x16;4660e1db-3873-4097-8051-71fbf462b9db
2026 - 2027;s1;Montréal;Volleyball;Primaire;Volleyball M F Championnat régional - Participatif;;Moustique;Féminin;0;;;;;;0;;oui;s1:10x16;dc3b715a-c4ac-4a9a-be80-73c9203a2319
2026 - 2027;s1;Montréal;Volleyball;Primaire;Volleyball M F Championnat régional - Récréatif;;Moustique;Féminin;0;;;;;;0;;oui;s1:10x16;d26920c2-1113-4fe7-a23d-5c67cec27a53
2026 - 2027;s1;Montréal;Volleyball;Primaire;Volleyball M F Festival - Participatif;;Moustique;Féminin;0;;;;;;0;;oui;s1:10x16;7adc0f8f-ae5b-4e7b-8684-ad2abbacc5de
2026 - 2027;s1;Montréal;Volleyball;Primaire;Volleyball M F Festival - Récréatif;;Moustique;Féminin;0;;;;;;0;;oui;s1:10x16;0005c0da-21d0-471f-a1cd-7954ff9aa514
2026 - 2027;s1;Montréal;Volleyball;Primaire;Volleyball M M Championnat régional - Participatif;;Moustique;Masculin;0;;;;;;0;;oui;s1:10x16;64ca9b1c-3e07-4ab5-9272-f6cca6a753d0
2026 - 2027;s1;Montréal;Volleyball;Primaire;Volleyball M M Championnat régional - Récéatif;;Moustique;Masculin;0;;;;;;0;;oui;s1:10x16;56f97ec6-3d65-4b7d-97ac-63424e2b3ecf
2026 - 2027;s1;Montréal;Volleyball;Primaire;Volleyball M M Festival - Participatif;;Moustique;Masculin;0;;;;;;0;;oui;s1:10x16;a7658a2f-4627-4560-a160-fb664538e1a7
2026 - 2027;s1;Montréal;Volleyball;Primaire;Volleyball M M Festival - Récéatif;;Moustique;Masculin;0;;;;;;0;;oui;s1:10x16;f6a52488-c469-4f59-b671-24027db298ae
2026 - 2027;s1;Montréal;Volleyball;Primaire;Volleyball M U Championnat régional - Participatif;;Moustique;Mixte;0;;;;;;0;;oui;s1:10x16;8bed01f7-5c5e-4b3e-9931-de21cea6795d
2026 - 2027;s1;Montréal;Volleyball;Primaire;Volleyball M U Championnat régional - Récréatif;;Moustique;Mixte;0;;;;;;0;;oui;s1:10x16;90260f1f-da90-44ff-ac79-19e8e27a225a
2026 - 2027;s1;Montréal;Volleyball;Primaire;Volleyball M U Festival - Participatif;;Moustique;Mixte;0;;;;;;0;;oui;s1:10x16;6baa6d4f-c923-4a11-ae83-4b4bb0d37748
2026 - 2027;s1;Montréal;Volleyball;Primaire;Volleyball M U Festival - Récréatif;;Moustique;Mixte;0;;;;;;0;;oui;s1:10x16;2e5f944e-b471-4468-b75d-2b67efb80d5a
2026 - 2027;s1;Outaouais;Badminton;Secondaire;Badminton B F D3;D3;Benjamin;Féminin;10;0;0;0;0;0;0;;oui;s1:11x18;0e8231e9-19b7-4131-be60-1199aafd176f
2026 - 2027;s1;Outaouais;Badminton;Secondaire;Badminton B M D3;D3;Benjamin;Masculin;10;0;0;0;0;0;0;;oui;s1:11x18;183608e6-4108-4b0a-8b68-5c8bbfe7332d
2026 - 2027;s1;Outaouais;Badminton;Secondaire;Badminton C F D3;D3;Cadet;Féminin;9;0;0;0;0;0;0;;oui;s1:11x18;31f2ece5-a996-42e5-a4ed-d92bafb660c7
2026 - 2027;s1;Outaouais;Badminton;Secondaire;Badminton C M D3;D3;Cadet;Masculin;8;0;0;0;0;0;0;;oui;s1:11x18;c46aad8d-279d-42af-a7ee-b546663c7608
2026 - 2027;s1;Outaouais;Badminton;Secondaire;Badminton J F D3;D3;Juvénile;Féminin;10;0;0;0;0;0;0;;oui;s1:11x18;47362ef3-c260-4593-8a15-a40b76461cf5
2026 - 2027;s1;Outaouais;Badminton;Secondaire;Badminton J M D3;D3;Juvénile;Masculin;9;0;0;0;0;0;0;;oui;s1:11x18;7de798f5-cf5f-4d41-b3fc-4703a426e9e0
2026 - 2027;diffusion+s1;Outaouais;Baseball;Secondaire;Baseball B U D3 Automne 2026;D3;Benjamin;Mixte;9;32;27;5;0;0;32;32;oui;d:11x23 s1:11x23;5eb7a93e-6a68-4502-be2c-d689999cd465
2026 - 2027;s1;Outaouais;Baseball;Secondaire;Baseball B U D4 Automne 2026;D4;Benjamin;Mixte;4;3;0;3;0;0;0;;oui;s1:11x23;5ba852ce-23fb-45fb-9fba-b03bc6b4e09e
2026 - 2027;diffusion+s1;Outaouais;Baseball;Secondaire;Baseball J U D3 Automne 2026;D3;Juvénile;Mixte;7;25;21;4;0;0;25;25;oui;d:11x23 s1:11x23;34e06053-7c29-4059-aade-ddcae2a1e744
2026 - 2027;s1;Outaouais;Baseball;Secondaire;Baseball J U D4 Automne 2026;D4;Juvénile;Mixte;3;2;0;2;0;0;0;;oui;s1:11x23;f74eebe9-761c-4c6e-9327-4cdfd1737e8a
2026 - 2027;s1;Outaouais;Basketball;Secondaire;Basketball A F;;Atome;Féminin;0;0;0;0;0;0;0;;oui;s1:11x1;fe3df8bc-eece-4062-bae9-b71c21f3ea52
2026 - 2027;s1;Outaouais;Basketball;Secondaire;Basketball A M;;Atome;Masculin;0;0;0;0;0;0;0;;oui;s1:11x1;0285eb39-94c8-4d67-b5e8-ba1ca14a8fe6
2026 - 2027;s1;Outaouais;Basketball;Secondaire;Basketball B F D3;D3;Benjamin;Féminin;8;0;0;0;0;0;0;;oui;s1:11x1;c643d8c2-878c-4d64-be6b-d7984e0564d7
2026 - 2027;s1;Outaouais;Basketball;Secondaire;Basketball B F D4;D4;Benjamin;Féminin;11;0;0;0;0;0;0;;oui;s1:11x1;675d7a3d-c9e9-482e-8ec5-cfa09a09cea1
2026 - 2027;s1;Outaouais;Basketball;Secondaire;Basketball B M D3;D3;Benjamin;Masculin;9;0;0;0;0;0;0;;oui;s1:11x1;6152e082-44e1-4e79-a4f3-238d4cc3ae87
2026 - 2027;s1;Outaouais;Basketball;Secondaire;Basketball B M D4 Niveau 1;D4;Benjamin;Masculin;5;0;0;0;0;0;0;;oui;s1:11x1;8a1923a6-9015-4af3-b67c-97bedffd5889
2026 - 2027;s1;Outaouais;Basketball;Secondaire;Basketball B M D4 Niveau 2;D4;Benjamin;Masculin;5;0;0;0;0;0;0;;oui;s1:11x1;2f717033-e370-41be-bd7a-f9170cb579d4
2026 - 2027;s1;Outaouais;Basketball;Secondaire;Basketball B M D4 Niveau 3;D4;Benjamin;Masculin;5;0;0;0;0;0;0;;oui;s1:11x1;6015590a-a511-4249-a1d3-8c0d24cf5f05
2026 - 2027;s1;Outaouais;Basketball;Secondaire;Basketball B M D4 Niveau 4;D4;Benjamin;Masculin;4;0;0;0;0;0;0;;oui;s1:11x1;58dddc85-e43e-4cec-a341-de922e796677
2026 - 2027;s1;Outaouais;Basketball;Secondaire;Basketball C F D3;D3;Cadet;Féminin;0;0;0;0;0;0;0;;oui;s1:11x1;ba7046f8-fcd5-4f84-a20b-129384120075
2026 - 2027;s1;Outaouais;Basketball;Secondaire;Basketball C F D4;D4;Cadet;Féminin;6;0;0;0;0;0;0;;oui;s1:11x1;e3c59720-d0c7-49e9-8fb4-ec2fc892e29d
2026 - 2027;s1;Outaouais;Basketball;Secondaire;Basketball C M D3;D3;Cadet;Masculin;8;0;0;0;0;0;0;;oui;s1:11x1;7d006445-124f-4655-8f21-5a2350f5f968
2026 - 2027;s1;Outaouais;Basketball;Secondaire;Basketball C M D4;D4;Cadet;Masculin;8;0;0;0;0;0;0;;oui;s1:11x1;66a9377c-032f-4b19-91ec-9a51f50707fe
2026 - 2027;s1;Outaouais;Basketball;Secondaire;Basketball J F D3;D3;Juvénile;Féminin;7;0;0;0;0;0;0;;oui;s1:11x1;885c1929-0936-4d91-aab7-e71533ed9085
2026 - 2027;s1;Outaouais;Basketball;Secondaire;Basketball J F D4;D4;Juvénile;Féminin;11;0;0;0;0;0;0;;oui;s1:11x1;b0b682e6-4c5b-4185-986a-b39a42d458e1
2026 - 2027;s1;Outaouais;Basketball;Secondaire;Basketball J M D3;D3;Juvénile;Masculin;12;0;0;0;0;0;0;;oui;s1:11x1;fb00b7b3-5cc5-49cd-921a-e5abeee22a5f
2026 - 2027;s1;Outaouais;Basketball;Secondaire;Basketball J M D4;D4;Juvénile;Masculin;11;0;0;0;0;0;0;;oui;s1:11x1;8e305e21-a788-472c-b36a-7672a84cbccb
2026 - 2027;s1;Outaouais;Cheerleading;Secondaire;Cheerleading B U Niveau 1;;Benjamin;Mixte;0;0;0;0;0;0;0;;oui;s1:11x2;05209381-e778-42d3-a1e7-edc515b5479e
2026 - 2027;s1;Outaouais;Cheerleading;Secondaire;Cheerleading B U Niveau 2;;Benjamin;Mixte;0;0;0;0;0;0;0;;oui;s1:11x2;f45bfe4f-d391-4993-bb01-8cda3a6b9417
2026 - 2027;s1;Outaouais;Cheerleading;Secondaire;Cheerleading B U Niveau 3;;Benjamin;Mixte;0;0;0;0;0;0;0;;oui;s1:11x2;aadbca2f-cbc2-4fa9-a6db-c3575522df14
2026 - 2027;s1;Outaouais;Cheerleading;Secondaire;Cheerleading C F Niveau 1;;Cadet;Féminin;0;0;0;0;0;0;0;;oui;s1:11x2;74565e0f-3239-44ac-acc7-3506831aac4b
2026 - 2027;s1;Outaouais;Cheerleading;Secondaire;Cheerleading C F Niveau 2;;Cadet;Féminin;0;0;0;0;0;0;0;;oui;s1:11x2;d0d47537-b5f7-4ba2-bcc1-0c0b94223c16
2026 - 2027;s1;Outaouais;Cheerleading;Secondaire;Cheerleading C F Niveau 3;;Cadet;Féminin;0;0;0;0;0;0;0;;oui;s1:11x2;78557fca-bfd6-4acc-9e49-d267633ed153
2026 - 2027;s1;Outaouais;Cheerleading;Secondaire;Cheerleading C U Niveau 1;;Cadet;Mixte;0;0;0;0;0;0;0;;oui;s1:11x2;4afdec29-3559-4ed7-8074-1af0d53c2c5d
2026 - 2027;s1;Outaouais;Cheerleading;Secondaire;Cheerleading C U Niveau 2;;Cadet;Mixte;0;0;0;0;0;0;0;;oui;s1:11x2;57d1b0c5-a133-4021-8547-07000353af15
2026 - 2027;s1;Outaouais;Cheerleading;Secondaire;Cheerleading C U Niveau 3;;Cadet;Mixte;0;0;0;0;0;0;0;;oui;s1:11x2;a1be54d9-d7c0-43f5-9443-7771c2081d0f
2026 - 2027;s1;Outaouais;Cheerleading;Secondaire;Cheerleading J F Niveau 2;;Juvénile;Féminin;0;0;0;0;0;0;0;;oui;s1:11x2;e0ec6fc0-5688-4585-b5ae-dd8ad3cb57a6
2026 - 2027;s1;Outaouais;Cheerleading;Secondaire;Cheerleading J F Niveau 3;;Juvénile;Féminin;0;0;0;0;0;0;0;;oui;s1:11x2;c6492536-38ee-4513-ac74-ac7b491701e4
2026 - 2027;s1;Outaouais;Cheerleading;Secondaire;Cheerleading J U Niveau 2;;Juvénile;Mixte;0;0;0;0;0;0;0;;oui;s1:11x2;b77f5d49-842c-4b40-9690-ceb125dc3444
2026 - 2027;s1;Outaouais;Cheerleading;Secondaire;Cheerleading J U Niveau 3;;Juvénile;Mixte;0;0;0;0;0;0;0;;oui;s1:11x2;83c22d0b-fdef-4712-be68-fbf5340775ff
2026 - 2027;s1;Outaouais;Cheerleading;Secondaire;Cheerleading O U 2.0 sans tumbling;;Ouvert;Mixte;2;0;0;0;0;0;0;;oui;s1:11x2;1b1d8870-c6be-4b0f-b940-28793e1cabf0
2026 - 2027;s1;Outaouais;Cheerleading;Secondaire;Cheerleading O U 3.0 sans tumbling;;Ouvert;Mixte;0;0;0;0;0;0;0;;oui;s1:11x2;f8e24a59-2e69-4ce0-b939-bf0eb5e0e928
2026 - 2027;s1;Outaouais;Cheerleading;Secondaire;Cheerleading O U Niveau 1;;Ouvert;Mixte;1;0;0;0;0;0;0;;oui;s1:11x2;6ba6328c-83ce-4581-9223-a54eadfe9f8b
2026 - 2027;s1;Outaouais;Cheerleading;Secondaire;Cheerleading O U Niveau 2;;Ouvert;Mixte;0;0;0;0;0;0;0;;oui;s1:11x2;09d115c2-04e4-436c-993e-8e581c987c68
2026 - 2027;s1;Outaouais;Cheerleading;Secondaire;Cheerleading O U Niveau 3;;Ouvert;Mixte;0;0;0;0;0;0;0;;oui;s1:11x2;f8df0d37-b647-4f0f-8655-d7849cf67360
2026 - 2027;s1;Outaouais;Cheerleading;Primaire;Cheerleading P U;;Primaire;Mixte;1;;;;;;0;;oui;s1:11x2;62473b52-3e6e-4c99-af89-ee9022958fb2
2026 - 2027;s1;Outaouais;Cross-country;Secondaire;Cross-country B F D3;D3;Benjamin;Féminin;19;0;0;0;0;0;0;;oui;s1:11x3;d3620aeb-30da-4601-82db-1d40fce2b03c
2026 - 2027;s1;Outaouais;Cross-country;Secondaire;Cross-country B M D3;D3;Benjamin;Masculin;18;0;0;0;0;0;0;;oui;s1:11x3;61d30a45-8465-44ae-adac-4a44570b34d1
2026 - 2027;s1;Outaouais;Cross-country;Secondaire;Cross-country C F D3;D3;Cadet;Féminin;20;0;0;0;0;0;0;;oui;s1:11x3;a1e1e4e3-5a13-4f6a-a63c-1e63625aa111
2026 - 2027;s1;Outaouais;Cross-country;Secondaire;Cross-country C M D3;D3;Cadet;Masculin;18;0;0;0;0;0;0;;oui;s1:11x3;36cb284d-aaff-4972-b028-a5e6bd4e0b78
2026 - 2027;s1;Outaouais;Cross-country;Secondaire;Cross-country J F D3;D3;Juvénile;Féminin;14;0;0;0;0;0;0;;oui;s1:11x3;cb352104-9775-4963-bd22-246725bf1968
2026 - 2027;s1;Outaouais;Cross-country;Secondaire;Cross-country J F J7;;Juvénile;Féminin;1;0;0;0;0;0;0;;oui;s1:11x3;5e9344f5-e8cb-4fbd-8adc-ec6815651939
2026 - 2027;s1;Outaouais;Cross-country;Secondaire;Cross-country J M D3;D3;Juvénile;Masculin;16;0;0;0;0;0;0;;oui;s1:11x3;78f6a5fc-fcb8-4360-be11-95b47ab9e51d
2026 - 2027;s1;Outaouais;Cross-country;Secondaire;Cross-country J M J7;;Juvénile;Masculin;1;0;0;0;0;0;0;;oui;s1:11x3;91c23a89-4c53-490f-bf4b-601941f593d1
2026 - 2027;s1;Outaouais;Cross-country;Secondaire;Cross-country O U Para O.S;;Ouvert;Mixte;1;0;0;0;0;0;0;;oui;s1:11x3;33577d99-3519-4c2b-ac92-9485ff2ef5d8
2026 - 2027;s1;Outaouais;Cross-country;Primaire;Cross-country P F P7;;Primaire;Féminin;15;;;;;;0;;oui;s1:11x3;5ed971d8-e784-44cd-8871-8d9669e7d69c
2026 - 2027;s1;Outaouais;Cross-country;Primaire;Cross-country P M P7;;Primaire;Masculin;13;;;;;;0;;oui;s1:11x3;76c91947-5b64-46da-8a03-b0600ef283cf
2026 - 2027;s1;Outaouais;Cross-country;Primaire;Cross-country P U Para O.S.;;Primaire;Mixte;1;;;;;;0;;oui;s1:11x3;d0c312ab-8cda-405c-b4e8-7189c4bc5a64
2026 - 2027;s1;Outaouais;Cross-country;Primaire;Cross-country P3 F;;Primaire 3;Féminin;41;;;;;;0;;oui;s1:11x3;0b17bdae-c6b1-43df-b70a-938a8fefbb16
2026 - 2027;s1;Outaouais;Cross-country;Primaire;Cross-country P3 M;;Primaire 3;Masculin;42;;;;;;0;;oui;s1:11x3;bcfe113c-4a32-43a9-888c-ddbfcaaf1274
2026 - 2027;s1;Outaouais;Cross-country;Primaire;Cross-country P4 F;;Primaire 4;Féminin;46;;;;;;0;;oui;s1:11x3;344887ba-91f8-4175-acba-9096aee322cb
2026 - 2027;s1;Outaouais;Cross-country;Primaire;Cross-country P4 M;;Primaire 4;Masculin;49;;;;;;0;;oui;s1:11x3;0b787d60-1d29-444a-ae54-40dcc64bf6fd
2026 - 2027;s1;Outaouais;Cross-country;Primaire;Cross-country P5 F D3;D3;Primaire 5;Féminin;52;;;;;;0;;oui;s1:11x3;b75ab494-1de4-4bfa-84af-bcb154dab48d
2026 - 2027;s1;Outaouais;Cross-country;Primaire;Cross-country P5 M D3;D3;Primaire 5;Masculin;54;;;;;;0;;oui;s1:11x3;9ae2f87d-7162-48d9-a363-7697cc0ec46b
2026 - 2027;s1;Outaouais;Cross-country;Primaire;Cross-country P6 F D3;D3;Primaire 6;Féminin;48;;;;;;0;;oui;s1:11x3;a4090b66-a695-4dbf-a805-e6be18121fb1
2026 - 2027;s1;Outaouais;Cross-country;Primaire;Cross-country P6 M D3;D3;Primaire 6;Masculin;50;;;;;;0;;oui;s1:11x3;6b917a0c-1a79-4ccf-bbd2-e623c53e8d63
2026 - 2027;s1;Outaouais;Flag football;Secondaire;Flag football B F D3;D3;Benjamin;Féminin;0;0;0;0;0;0;0;;oui;s1:11x4;46da6915-8e72-49e9-bcdb-e908261ccd03
2026 - 2027;s1;Outaouais;Flag football;Secondaire;Flag football B F D4;D4;Benjamin;Féminin;1;0;0;0;0;0;0;;oui;s1:11x4;781e355e-3d45-449b-aa44-6ef53b1c2c73
2026 - 2027;s1;Outaouais;Flag football;Secondaire;Flag football B M D3;D3;Benjamin;Masculin;0;0;0;0;0;0;0;;oui;s1:11x4;7515e7ea-6b8e-4406-ac61-e523b058ac77
2026 - 2027;s1;Outaouais;Flag football;Secondaire;Flag football B M D4;D4;Benjamin;Masculin;0;0;0;0;0;0;0;;oui;s1:11x4;5a34b46b-bdec-408c-ab16-3b8ebc216698
2026 - 2027;s1;Outaouais;Flag football;Secondaire;Flag football C F D3;D3;Cadet;Féminin;0;0;0;0;0;0;0;;oui;s1:11x4;f83da598-3c8a-4c00-97d7-77798b1716c3
2026 - 2027;s1;Outaouais;Flag football;Secondaire;Flag football C F D4;D4;Cadet;Féminin;1;0;0;0;0;0;0;;oui;s1:11x4;6c50c6ee-6605-4a9d-8aca-bc94b941c01d
2026 - 2027;diffusion+s1;Outaouais;Flag football;Secondaire;Flag football C M D3;D3;Cadet;Masculin;6;18;18;0;0;0;18;14;oui;d:11x4 s1:11x4;1131f052-b706-4655-b95c-6415f1c19398
2026 - 2027;s1;Outaouais;Flag football;Secondaire;Flag football C M D4;D4;Cadet;Masculin;0;0;0;0;0;0;0;;oui;s1:11x4;4a6ba971-7c50-4b16-8980-916222bd383b
2026 - 2027;s1;Outaouais;Flag football;Primaire;Flag football Co U;;Colibri;Mixte;0;;;;;;0;;oui;s1:11x4;f94da253-5810-4ff6-be72-d6c78d42fcb2
2026 - 2027;s1;Outaouais;Flag football;Secondaire;Flag football J F D3;D3;Juvénile;Féminin;0;0;0;0;0;0;0;;oui;s1:11x4;32cff234-6bbc-4d93-bec0-653dfdfc67ef
2026 - 2027;s1;Outaouais;Flag football;Secondaire;Flag football J F D4;D4;Juvénile;Féminin;1;0;0;0;0;0;0;;oui;s1:11x4;a5fcbc60-7d2f-49bf-9286-4a4d898efe9c
2026 - 2027;diffusion+s1;Outaouais;Flag football;Secondaire;Flag football J M D3;D3;Juvénile;Masculin;6;18;18;0;0;0;18;18;oui;d:11x4 s1:11x4;3a0f584a-8079-488a-b5f3-3ce7863512fd
2026 - 2027;s1;Outaouais;Flag football;Secondaire;Flag football J M D4 7v7;D4;Juvénile;Masculin;1;0;0;0;0;0;0;;oui;s1:11x4;b07dbdb5-bbb3-448c-b3cb-264067806e25
2026 - 2027;s1;Outaouais;Flag football;Primaire;Flag football M U;;Moustique;Mixte;1;;;;;;0;;oui;s1:11x4;960059c3-0b27-47e3-b1a6-5ad588370cf5
2026 - 2027;diffusion+s1;Outaouais;Football;Secondaire;Football B U D3 9vs9;D3;Benjamin;Mixte;5;20;20;0;0;0;20;0;oui;d:11x5 s1:11x5;46cf5949-7170-4254-9c22-727913ccea0c
2026 - 2027;s1;Outaouais;Football;Secondaire;Football C U D3;D3;Cadet;Mixte;0;0;0;0;0;0;0;;oui;s1:11x5;1ea76c26-a60b-45ff-8bcd-935cc447824d
2026 - 2027;s1;Outaouais;Football;Secondaire;Football J U D3;D3;Juvénile;Mixte;0;0;0;0;0;0;0;;oui;s1:11x5;af16dba4-e970-43a9-b917-d233c9ec2b04
2026 - 2027;s1;Outaouais;Futsal;Secondaire;Futsal A F;;Atome;Féminin;0;0;0;0;0;0;0;;oui;s1:11x30;bd7032ad-6f63-487f-8452-a873b38003d1
2026 - 2027;s1;Outaouais;Futsal;Secondaire;Futsal A M;;Atome;Masculin;5;0;0;0;0;0;0;;oui;s1:11x30;e6fb9e12-052a-45e6-8664-afe234a6ef6f
2026 - 2027;s1;Outaouais;Futsal;Secondaire;Futsal B F D3;D3;Benjamin;Féminin;8;0;0;0;0;0;0;;oui;s1:11x30;0fa71a1e-39e4-4b5f-9284-5968ca5ab4c3
2026 - 2027;s1;Outaouais;Futsal;Secondaire;Futsal B F D4;D4;Benjamin;Féminin;3;0;0;0;0;0;0;;oui;s1:11x30;fdf97370-c09f-4a54-a4ad-a41b521e34b4
2026 - 2027;s1;Outaouais;Futsal;Secondaire;Futsal B F D4 Niveau B;D4;Benjamin;Féminin;0;0;0;0;0;0;0;;oui;s1:11x30;00630d56-1808-4b9d-b3b3-12f16e98d6b9
2026 - 2027;s1;Outaouais;Futsal;Secondaire;Futsal B M D3;D3;Benjamin;Masculin;13;0;0;0;0;0;0;;oui;s1:11x30;26b27240-2161-4140-84b9-0953d1dde053
2026 - 2027;s1;Outaouais;Futsal;Secondaire;Futsal B M D4;D4;Benjamin;Masculin;11;0;0;0;0;0;0;;oui;s1:11x30;8d3e3fed-e31c-4049-83e2-287de8037e32
2026 - 2027;s1;Outaouais;Futsal;Secondaire;Futsal B M D4 Niveau B;D4;Benjamin;Masculin;4;0;0;0;0;0;0;;oui;s1:11x30;d1287f8f-1fab-4e2c-9bff-9e8c84142ecf
2026 - 2027;s1;Outaouais;Futsal;Secondaire;Futsal C F D3;D3;Cadet;Féminin;7;0;0;0;0;0;0;;oui;s1:11x30;29d02435-9c2a-4ab3-b9a2-d6cfb915f8d4
2026 - 2027;s1;Outaouais;Futsal;Secondaire;Futsal C F D4;D4;Cadet;Féminin;2;0;0;0;0;0;0;;oui;s1:11x30;2ef442ec-4356-4b86-802e-883a8d633e48
2026 - 2027;s1;Outaouais;Futsal;Secondaire;Futsal C M D3;D3;Cadet;Masculin;9;0;0;0;0;0;0;;oui;s1:11x30;4133e23c-6a7a-4877-b790-3bb556c4246f
2026 - 2027;s1;Outaouais;Futsal;Secondaire;Futsal C M D4;D4;Cadet;Masculin;9;0;0;0;0;0;0;;oui;s1:11x30;a2c6053c-92f8-47e2-8032-4d0a81268a3d
2026 - 2027;s1;Outaouais;Futsal;Primaire;Futsal Co F Niveau 2;;Colibri;Féminin;0;;;;;;0;;oui;s1:11x30;53f7e1bf-3d6f-4765-a224-fe01805495b1
2026 - 2027;s1;Outaouais;Futsal;Primaire;Futsal Co M Niveau 2;;Colibri;Masculin;13;;;;;;0;;oui;s1:11x30;d0fc0a8e-00c5-4d63-b50f-56175938ada8
2026 - 2027;s1;Outaouais;Futsal;Primaire;Futsal Co U Niveau 3;;Colibri;Mixte;0;;;;;;0;;oui;s1:11x30;ca582421-36fe-40e3-9760-c64f6c6f934e
2026 - 2027;s1;Outaouais;Futsal;Secondaire;Futsal J F D3;D3;Juvénile;Féminin;7;0;0;0;0;0;0;;oui;s1:11x30;100262ce-76ac-4c8e-8b76-7e1d53e58051
2026 - 2027;s1;Outaouais;Futsal;Secondaire;Futsal J F D4;D4;Juvénile;Féminin;3;0;0;0;0;0;0;;oui;s1:11x30;4c2114c2-3bed-46e5-899f-3d6b98170386
2026 - 2027;s1;Outaouais;Futsal;Secondaire;Futsal J M D3;D3;Juvénile;Masculin;9;0;0;0;0;0;0;;oui;s1:11x30;e04b7167-7155-489d-a485-767595dfbbc1
2026 - 2027;s1;Outaouais;Futsal;Secondaire;Futsal J M D4;D4;Juvénile;Masculin;7;0;0;0;0;0;0;;oui;s1:11x30;b96c2559-ac05-4c62-9d78-4fff1de0fd86
2026 - 2027;s1;Outaouais;Futsal;Primaire;Futsal M F Niveau 1;;Moustique;Féminin;2;;;;;;0;;oui;s1:11x30;d788381f-f05f-4de6-b2ec-5a4b4bb5225f
2026 - 2027;s1;Outaouais;Futsal;Primaire;Futsal M F Niveau 2;;Moustique;Féminin;8;;;;;;0;;oui;s1:11x30;0f7bae53-e23b-4dcc-a530-913a727a31af
2026 - 2027;s1;Outaouais;Futsal;Primaire;Futsal M M Niveau 1;;Moustique;Masculin;8;;;;;;0;;oui;s1:11x30;1fd92fed-f066-455b-898e-6676fda8efe4
2026 - 2027;s1;Outaouais;Futsal;Primaire;Futsal M M Niveau 2;;Moustique;Masculin;21;;;;;;0;;oui;s1:11x30;662a5ea1-547b-4b69-9ed9-12ecfabeeb2f
2026 - 2027;s1;Outaouais;Futsal;Primaire;Futsal M U Niveau 3;;Moustique;Mixte;0;;;;;;0;;oui;s1:11x30;5c4b3c4b-cd4f-4147-953a-07cede1ac316
2026 - 2027;s1;Outaouais;Hockey sans contact;Secondaire;Hockey sans contact M14 U D4;D4;M14;Mixte;2;0;0;0;0;0;0;;oui;s1:11x8;c9e84978-333e-42d0-ae03-544448acba14
2026 - 2027;s1;Outaouais;Hockey sans contact;Secondaire;Hockey sans contact M14 U D4 Niveau 1;D4;M14;Mixte;0;0;0;0;0;0;0;;oui;s1:11x8;0984c08d-11c4-4dd0-84bb-043556593c53
2026 - 2027;s1;Outaouais;Hockey sans contact;Secondaire;Hockey sans contact M15 U D4;D4;M15;Mixte;4;0;0;0;0;0;0;;oui;s1:11x8;29a52d70-d7a5-4d12-82d5-b7a3701eb75b
2026 - 2027;s1;Outaouais;Hockey sans contact;Secondaire;Hockey sans contact M15 U D4 Niveau 1;D4;M15;Mixte;0;0;0;0;0;0;0;;oui;s1:11x8;5c98fcb7-b634-472e-8162-70ffac983c6a
2026 - 2027;s1;Outaouais;Hockey sans contact;Secondaire;Hockey sans contact M18 U D4;D4;M18;Mixte;6;0;0;0;0;0;0;;oui;s1:11x8;c733f7a8-5928-4666-a3a8-284f35d54360
2026 - 2027;s1;Outaouais;Hockey sans contact;Secondaire;Hockey sans contact M18 U D4 Niveau 1;D4;M18;Mixte;0;0;0;0;0;0;0;;oui;s1:11x8;baf69f15-c739-4670-b9dd-4160aca259d3
2026 - 2027;s1;Outaouais;Natation;Secondaire;Natation B F D3;D3;Benjamin;Féminin;2;0;0;0;0;0;0;;oui;s1:11x10;9edfc949-42c9-41d0-bc2d-6f19445d6b93
2026 - 2027;s1;Outaouais;Natation;Secondaire;Natation B M D3;D3;Benjamin;Masculin;2;0;0;0;0;0;0;;oui;s1:11x10;71b4975c-b8a9-4d00-a028-3b9b0006e62e
2026 - 2027;s1;Outaouais;Natation;Secondaire;Natation C F D3;D3;Cadet;Féminin;2;0;0;0;0;0;0;;oui;s1:11x10;716d3787-f75d-471c-9c83-fb4e0cc6ee09
2026 - 2027;s1;Outaouais;Natation;Secondaire;Natation C M D3;D3;Cadet;Masculin;2;0;0;0;0;0;0;;oui;s1:11x10;8e0e3cec-ed24-4c45-8734-976b75191013
2026 - 2027;s1;Outaouais;Natation;Secondaire;Natation J F D3;D3;Juvénile;Féminin;2;0;0;0;0;0;0;;oui;s1:11x10;7b044f50-7271-43a8-9fcc-08aac237148e
2026 - 2027;s1;Outaouais;Natation;Secondaire;Natation J M D3;D3;Juvénile;Masculin;2;0;0;0;0;0;0;;oui;s1:11x10;6c29fb06-8bf6-4823-b518-24b08395b014
2026 - 2027;diffusion+s1;Outaouais;Rugby;Secondaire;Rugby J F D3 Automne 2026;D3;Juvénile;Féminin;5;20;20;0;10;0;20;18;oui;d:11x11 s1:11x11;1133efff-efb6-4ccc-addb-b7cbb65fc90b
2026 - 2027;s1;Outaouais;Rugby;Secondaire;Rugby J M D3 Printemps 2027;D3;Juvénile;Masculin;0;0;0;0;0;0;0;;oui;s1:11x11;8241c3ca-7ee9-4a82-b8cb-117623652f9d
2026 - 2027;s1;Outaouais;Ultimate;Secondaire;Ultimate J F D4;D4;Juvénile;Féminin;0;0;0;0;0;0;0;;oui;s1:11x25;4dce0832-cbe4-4110-ac9c-f70300eff993
2026 - 2027;s1;Outaouais;Volleyball de plage;Secondaire;Volleyball de plage B F D3 4 x 4;D3;Benjamin;Féminin;0;0;0;0;0;0;0;;oui;s1:11x17;900fe5db-6c79-433c-ab18-7fac92810823
2026 - 2027;s1;Outaouais;Volleyball de plage;Secondaire;Volleyball de plage B M D3 4 x 4;D3;Benjamin;Masculin;0;0;0;0;0;0;0;;oui;s1:11x17;20b33418-1d97-4a5b-aa5e-b7bc810eb474
2026 - 2027;s1;Outaouais;Volleyball de plage;Secondaire;Volleyball de plage B U D3 4 x 4;D3;Benjamin;Mixte;0;0;0;0;0;0;0;;oui;s1:11x17;b7622425-ba1a-4e63-9c6b-39a801a66317
2026 - 2027;s1;Outaouais;Volleyball de plage;Secondaire;Volleyball de plage C F D3 2 vs 2;D3;Cadet;Féminin;0;0;0;0;0;0;0;;oui;s1:11x17;36159d82-ddb2-442f-92db-be09bc614b1e
2026 - 2027;s1;Outaouais;Volleyball de plage;Secondaire;Volleyball de plage C F D3 4 x 4;D3;Cadet;Féminin;0;0;0;0;0;0;0;;oui;s1:11x17;b7753c19-8b18-4d3b-9307-f50671b77990
2026 - 2027;s1;Outaouais;Volleyball de plage;Secondaire;Volleyball de plage C M D3 2 x 2;D3;Cadet;Masculin;0;0;0;0;0;0;0;;oui;s1:11x17;6973b862-41f2-4f03-b8a9-ca4854f479b5
2026 - 2027;s1;Outaouais;Volleyball de plage;Secondaire;Volleyball de plage C M D3 4 x 4;D3;Cadet;Masculin;0;0;0;0;0;0;0;;oui;s1:11x17;3de8ab0c-6fff-4a50-8ec0-f2f859ab24e7
2026 - 2027;s1;Outaouais;Volleyball de plage;Secondaire;Volleyball de plage C U D3 4 x 4;D3;Cadet;Mixte;0;0;0;0;0;0;0;;oui;s1:11x17;6313f5d1-0b01-4c9e-821e-792b73835fca
2026 - 2027;s1;Outaouais;Volleyball de plage;Secondaire;Volleyball de plage J F D3 2 x 2;D3;Juvénile;Féminin;0;0;0;0;0;0;0;;oui;s1:11x17;26e09bf7-94a5-43a9-9d87-d7a5364e6344
2026 - 2027;s1;Outaouais;Volleyball de plage;Secondaire;Volleyball de plage J F D3 4 x 4;D3;Juvénile;Féminin;0;0;0;0;0;0;0;;oui;s1:11x17;ac09e914-d5a8-43b4-956c-07d575557d26
2026 - 2027;s1;Outaouais;Volleyball de plage;Secondaire;Volleyball de plage J M D3 2 x 2;D3;Juvénile;Masculin;0;0;0;0;0;0;0;;oui;s1:11x17;2d982254-067e-4d10-8817-4742d1ecfc63
2026 - 2027;s1;Outaouais;Volleyball de plage;Secondaire;Volleyball de plage J M D3 4 x 4;D3;Juvénile;Masculin;0;0;0;0;0;0;0;;oui;s1:11x17;0d579d63-c5db-4ebf-b74f-001bab2434ef
2026 - 2027;s1;Outaouais;Volleyball de plage;Secondaire;Volleyball de plage J U D3 4 x 4;D3;Juvénile;Mixte;0;0;0;0;0;0;0;;oui;s1:11x17;4aa19959-1c86-49cb-90f4-5781be75bda8
2026 - 2027;s1;Outaouais;Volleyball;Secondaire;Volleyball B F D3;D3;Benjamin;Féminin;46;0;0;0;0;0;0;;oui;s1:11x16;faacfe45-ecc8-4692-9d1d-ab7ed3c86dc9
2026 - 2027;s1;Outaouais;Volleyball;Secondaire;Volleyball B M D3;D3;Benjamin;Masculin;9;0;0;0;0;0;0;;oui;s1:11x16;a701efcb-8b13-4166-b615-eb0022484638
2026 - 2027;s1;Outaouais;Volleyball;Secondaire;Volleyball C F D3;D3;Cadet;Féminin;19;0;0;0;0;0;0;;oui;s1:11x16;81d2a808-5818-41ce-83fb-9312c237ae02
2026 - 2027;s1;Outaouais;Volleyball;Secondaire;Volleyball C F D4;D4;Cadet;Féminin;8;0;0;0;0;0;0;;oui;s1:11x16;f148f230-02d3-4d92-89d4-5aa0057d91b9
2026 - 2027;s1;Outaouais;Volleyball;Secondaire;Volleyball C M D3;D3;Cadet;Masculin;11;0;0;0;0;0;0;;oui;s1:11x16;1d1a95cf-8b40-4ac4-96c0-a6836f8100c2
2026 - 2027;s1;Outaouais;Volleyball;Secondaire;Volleyball J F D3;D3;Juvénile;Féminin;14;0;0;0;0;0;0;;oui;s1:11x16;d29e76cb-4692-466f-b9bc-cf8fb013f50d
2026 - 2027;s1;Outaouais;Volleyball;Secondaire;Volleyball J F D4;D4;Juvénile;Féminin;6;0;0;0;0;0;0;;oui;s1:11x16;4eae819b-1ff6-4919-87f0-66775f8b2081
2026 - 2027;s1;Outaouais;Volleyball;Secondaire;Volleyball J M D3;D3;Juvénile;Masculin;13;0;0;0;0;0;0;;oui;s1:11x16;a2313fb9-4d8e-43c8-9f83-dbdda5a571f4
2026 - 2027;s1;Outaouais;Volleyball;Primaire;Volleyball M U Niveau 1;;Moustique;Mixte;0;;;;;;0;;oui;s1:11x16;3e1ba43a-7e40-447f-9f55-f5c32cad2365
2026 - 2027;s1;Outaouais;Volleyball;Primaire;Volleyball M U Niveau 2;;Moustique;Mixte;0;;;;;;0;;oui;s1:11x16;3b65d73f-6820-4b05-8f2e-3f1da1c82ac0
2026 - 2027;s1;Outaouais;Volleyball;Primaire;Volleyball M U Niveau 3;;Moustique;Mixte;0;;;;;;0;;oui;s1:11x16;23df1ebd-183d-4ae9-a3b3-89ad81bb6d11
2026 - 2027;s1;Provincial;Athlétisme;Universitaire;Athlétisme U F;;Universitaire;Féminin;10;0;0;0;0;0;0;;NON;s1:14x0*;1e6e37eb-bbd3-4c47-8afb-d2247eb95803
2026 - 2027;s1;Provincial;Athlétisme;Universitaire;Athlétisme U M;;Universitaire;Masculin;10;0;0;0;0;0;0;;NON;s1:14x0*;6b486662-44cb-4d5d-99f1-aa18e34a1c0f
2026 - 2027;s1;Provincial;Badminton;Collégial;Badminton C U D1;D1;Collégial;Mixte;0;0;0;0;0;0;0;;NON;s1:14x18*;34e0a86a-0a41-446e-80c9-f992215d68cf
2026 - 2027;s1;Provincial;Badminton;Collégial;Badminton C U D2 Nord-Est CQ;D2;Collégial;Mixte;5;20;20;0;0;12;0;;NON;s1:14x18*;cf8a85ed-70a7-4760-8066-52d8a8daea87
2026 - 2027;s1;Provincial;Badminton;Collégial;Badminton C U D2 Nord-Est CQ - hc;D2;Collégial;Mixte;4;0;0;0;0;0;0;;NON;s1:14x18*;486253ea-7470-4138-9a06-de327e6bf172
2026 - 2027;s1;Provincial;Badminton;Collégial;Badminton C U D2 Nord-Est QCA-EDQ;D2;Collégial;Mixte;7;42;42;0;0;12;0;;NON;s1:14x18*;49d51761-fadd-4c28-800b-63815289eb53
2026 - 2027;s1;Provincial;Badminton;Collégial;Badminton C U D2 Sud-Ouest;D2;Collégial;Mixte;6;63;60;3;0;12;0;;NON;s1:14x18*;2649fbf2-7d0e-42e8-bcfe-e76125a1798c
2026 - 2027;s1;Provincial;Badminton;Collégial;Badminton C U D3 Sud-Ouest;D3;Collégial;Mixte;8;90;84;6;0;0;0;;NON;s1:14x18*;eb5ee4f9-3860-4efd-b535-2024284dec68
2026 - 2027;s1;Provincial;Badminton;Universitaire;Badminton U U;;Universitaire;Mixte;6;0;0;0;0;0;0;;NON;s1:14x18*;931a996f-95a4-489d-b81d-0b2a781374f3
2026 - 2027;s1;Provincial;Baseball;Collégial;Baseball C M Sud-Ouest;;Collégial;Masculin;8;59;56;3;0;0;59;3;NON;s1:14x23*;b30acc8a-4be1-4d58-917e-59d7d3aa4a88
2026 - 2027;s1;Provincial;Basketball;Secondaire;Basketball B F D1;D1;Benjamin;Féminin;11;70;70;0;0;0;70;35;NON;s1:14x1*;a03d0765-07de-4eba-8fd8-f4ecccad32d3
2026 - 2027;s1;Provincial;Basketball;Secondaire;Basketball B F D2;D2;Benjamin;Féminin;8;56;56;0;0;0;56;26;NON;s1:14x1*;c524da7b-9108-496f-a19c-245eef27b972
2026 - 2027;s1;Provincial;Basketball;Secondaire;Basketball B M D1;D1;Benjamin;Masculin;13;78;78;0;0;0;78;12;NON;s1:14x1*;fce24664-03d4-4345-a185-bcba6e5a88c7
2026 - 2027;s1;Provincial;Basketball;Secondaire;Basketball B M D2 A;D2;Benjamin;Masculin;7;72;72;0;0;0;72;54;NON;s1:14x1*;c8aebc66-5de3-4387-b468-2415f62914c7
2026 - 2027;s1;Provincial;Basketball;Secondaire;Basketball B M D2 B;D2;Benjamin;Masculin;6;72;72;0;0;0;0;;NON;s1:14x1*;6278069d-ff2e-441e-a110-d0e9ee9e18f5
2026 - 2027;s1;Provincial;Basketball;Secondaire;Basketball C F D1;D1;Cadet;Féminin;11;70;70;0;0;0;70;63;NON;s1:14x1*;19f23263-6113-403c-8108-57b2ceb1dc14
2026 - 2027;s1;Provincial;Basketball;Collégial;Basketball C F D1 Provincial;D1;Collégial;Féminin;9;80;72;8;0;0;80;8;NON;s1:14x1*;501c476d-a72e-4bef-afb8-0501680559c3
2026 - 2027;s1;Provincial;Basketball;Secondaire;Basketball C F D2 A;D2;Cadet;Féminin;7;72;72;0;0;0;72;52;NON;s1:14x1*;0d4e410a-8cef-42c8-abd0-4b74bceafd40
2026 - 2027;s1;Provincial;Basketball;Secondaire;Basketball C F D2 B;D2;Cadet;Féminin;6;72;72;0;0;0;0;;NON;s1:14x1*;8c2a3bc2-e416-4a28-bd67-6140d60283d8
2026 - 2027;s1;Provincial;Basketball;Collégial;Basketball C F D2 Nord-Est CQ A;D2;Collégial;Féminin;5;68;65;3;0;12;0;;NON;s1:14x1*;c4149f03-48a2-48f0-9400-2d6459eaa0c5
2026 - 2027;s1;Provincial;Basketball;Collégial;Basketball C F D2 Nord-Est CQ B;D2;Collégial;Féminin;5;68;65;3;0;12;0;;NON;s1:14x1*;9816d17c-843e-423a-b2ee-93a8864a529e
2026 - 2027;s1;Provincial;Basketball;Collégial;Basketball C F D2 Nord-Est QCA-EDQ-SLSJ;D2;Collégial;Féminin;7;51;49;2;0;12;51;2;NON;s1:14x1*;112f19a5-e775-4ea7-8a4d-d290e89be80f
2026 - 2027;s1;Provincial;Basketball;Collégial;Basketball C F D2 Sud-Ouest;D2;Collégial;Féminin;6;45;45;0;0;12;45;0;NON;s1:14x1*;bc41537a-452b-4284-b2ba-9d5cff758cba
2026 - 2027;s1;Provincial;Basketball;Collégial;Basketball C F D3 Nord-Est;D3;Collégial;Féminin;8;53;48;5;0;0;0;;NON;s1:14x1*;b54a8411-0eed-4ec4-853d-68f7451e6691
2026 - 2027;s1;Provincial;Basketball;Collégial;Basketball C F D3 Sud-Ouest;D3;Collégial;Féminin;11;96;88;8;0;0;96;8;NON;s1:14x1*;fa4cdca6-cd02-4808-96b3-2ff546cb4ac5
2026 - 2027;s1;Provincial;Basketball;Secondaire;Basketball C M D1;D1;Cadet;Masculin;16;120;120;0;0;0;120;54;NON;s1:14x1*;fc327b8b-98c5-4a6e-8e19-c96dd7b2107c
2026 - 2027;s1;Provincial;Basketball;Collégial;Basketball C M D1 Provincial;D1;Collégial;Masculin;12;106;96;10;0;0;106;10;NON;s1:14x1*;03379141-30ad-4961-aa29-0d9c0e1692f9
2026 - 2027;s1;Provincial;Basketball;Secondaire;Basketball C M D2 A;D2;Cadet;Masculin;9;114;114;0;0;0;114;58;NON;s1:14x1*;5b5b005f-1de0-4f7c-8077-8c8f2fc3c1a3
2026 - 2027;s1;Provincial;Basketball;Secondaire;Basketball C M D2 B;D2;Cadet;Masculin;7;114;114;0;0;0;0;;NON;s1:14x1*;a113d970-ce84-4e96-ab2b-fc0a51981841
2026 - 2027;s1;Provincial;Basketball;Collégial;Basketball C M D2 Nord-Est CQ A;D2;Collégial;Masculin;5;68;65;3;0;12;0;;NON;s1:14x1*;e7a44a26-71f6-4d1b-a0d8-3205f0e816d5
2026 - 2027;s1;Provincial;Basketball;Collégial;Basketball C M D2 Nord-Est CQ B;D2;Collégial;Masculin;5;68;65;3;0;12;0;;NON;s1:14x1*;25fb9faf-6c04-4c60-b83c-155bf7de7d7a
2026 - 2027;s1;Provincial;Basketball;Collégial;Basketball C M D2 Nord-Est QCA-EDQ-SLSJ;D2;Collégial;Masculin;8;58;56;2;0;12;58;2;NON;s1:14x1*;3b9e2e05-e4d7-44ae-8720-5a3b6ee601a9
2026 - 2027;s1;Provincial;Basketball;Collégial;Basketball C M D2 Sud-Ouest;D2;Collégial;Masculin;9;72;72;0;0;12;72;0;NON;s1:14x1*;7ffb692b-a74c-4eb7-b4e5-a0bb8f5b07ee
2026 - 2027;s1;Provincial;Basketball;Collégial;Basketball C M D3 Nord-Est QCA-EDQ;D3;Collégial;Masculin;8;53;48;5;0;0;0;;NON;s1:14x1*;b789a3e0-33ed-400b-87cc-287ab9819540
2026 - 2027;s1;Provincial;Basketball;Collégial;Basketball C M D3 Nord-Est SLSJ-CN;D3;Collégial;Masculin;6;36;36;0;0;0;0;;NON;s1:14x1*;d6728720-cf42-4c9f-83cd-568b5ddd1f27
2026 - 2027;s1;Provincial;Basketball;Collégial;Basketball C M D3 Sud-Ouest A;D3;Collégial;Masculin;9;82;72;10;0;0;82;10;NON;s1:14x1*;60f78173-5961-4507-8726-0c1fc362af91
2026 - 2027;s1;Provincial;Basketball;Collégial;Basketball C M D3 Sud-Ouest B;D3;Collégial;Masculin;6;55;45;10;0;0;0;;NON;s1:14x1*;69d65ae8-d390-45a8-8b69-f0080287bef2
2026 - 2027;s1;Provincial;Basketball;Secondaire;Basketball J F D1;D1;Juvénile;Féminin;9;52;52;0;0;0;52;46;NON;s1:14x1*;81caf850-916e-4a7a-818d-f85c64fa9c32
2026 - 2027;s1;Provincial;Basketball;Secondaire;Basketball J F D2 A1;D2;Juvénile;Féminin;6;96;96;0;0;0;96;66;NON;s1:14x1*;4cfd0cc6-ec82-40b9-8be1-7d1be9570a6b
2026 - 2027;s1;Provincial;Basketball;Secondaire;Basketball J F D2 A2;D2;Juvénile;Féminin;6;96;96;0;0;0;0;;NON;s1:14x1*;007a79b0-e04d-49b6-b646-54aafbcb5221
2026 - 2027;s1;Provincial;Basketball;Secondaire;Basketball J F D2 B;D2;Juvénile;Féminin;9;72;72;0;0;0;72;72;NON;s1:14x1*;0275e932-100d-447a-9ff7-1bde1947e896
2026 - 2027;s1;Provincial;Basketball;Secondaire;Basketball J M D1;D1;Juvénile;Masculin;17;136;136;0;0;0;136;31;NON;s1:14x1*;8be0bd4c-fce6-43cf-b2cf-48101d0c25a3
2026 - 2027;s1;Provincial;Basketball;Secondaire;Basketball J M D2 A1;D2;Juvénile;Masculin;5;80;80;0;0;0;80;28;NON;s1:14x1*;c69881b9-328d-4d40-bf38-190ffd373cbe
2026 - 2027;s1;Provincial;Basketball;Secondaire;Basketball J M D2 A2;D2;Juvénile;Masculin;6;80;80;0;0;0;0;;NON;s1:14x1*;c7fe10c0-85e3-4f11-b35c-c0b1d6b8a736
2026 - 2027;s1;Provincial;Basketball;Secondaire;Basketball J M D2 B;D2;Juvénile;Masculin;9;72;72;0;0;0;72;72;NON;s1:14x1*;6063a0bf-5160-4c36-8fc9-16984458d648
2026 - 2027;s1;Provincial;Basketball;Universitaire;Basketball U F;;Universitaire;Féminin;5;43;40;3;0;0;0;;NON;s1:14x1*;2ba7cfa8-5e21-4351-b179-f6adf08f053e
2026 - 2027;s1;Provincial;Basketball;Universitaire;Basketball U M;;Universitaire;Masculin;5;43;40;3;0;0;0;;NON;s1:14x1*;b1f083ac-4748-4563-b3bf-b3369204417b
2026 - 2027;s1;Provincial;Cheerleading;Collégial;Cheerleading C U Nord-Est;;Collégial;Mixte;10;0;0;0;0;0;0;;NON;s1:14x2*;0dd4e9bb-cec2-4c8f-8868-78acc54a572c
2026 - 2027;s1;Provincial;Cheerleading;Universitaire;Cheerleading U U;;Universitaire;Mixte;6;0;0;0;0;0;0;;NON;s1:14x2*;8c98e70e-83c5-4f01-a013-d91c4eb8e82e
2026 - 2027;diffusion+s1;Provincial;Cross-country;Secondaire;Cross-country B F D3 Championnat provincial;D3;Benjamin;Féminin;14;0;0;0;0;0;0;;oui;d:14x3 s1:14x3;c08bdbe0-8411-452d-a560-61d5997c4f9c
2026 - 2027;diffusion+s1;Provincial;Cross-country;Secondaire;Cross-country B M D3 Championnat provincial;D3;Benjamin;Masculin;14;0;0;0;0;0;0;;oui;d:14x3 s1:14x3;e7e9428a-5904-451e-8c2c-2217f150aadb
2026 - 2027;diffusion+s1;Provincial;Cross-country;Secondaire;Cross-country C F D3 Championnat provincial;D3;Cadet;Féminin;14;0;0;0;0;0;0;;oui;d:14x3 s1:14x3;42d74eb6-31ef-4431-ba64-387186991b2e
2026 - 2027;diffusion+s1;Provincial;Cross-country;Secondaire;Cross-country C M D3 Championnat provincial;D3;Cadet;Masculin;14;0;0;0;0;0;0;;oui;d:14x3 s1:14x3;ae572b57-f59e-493d-8bbb-642ee44fb230
2026 - 2027;s1;Provincial;Cross-country;Collégial;Cross-country C U Nord-Est;;Collégial;Mixte;25;0;0;0;0;0;0;;oui;s1:14x3;bcb2a117-9b55-4781-9d1d-e86e799c1d9d
2026 - 2027;s1;Provincial;Cross-country;Collégial;Cross-country C U Sud-Ouest;;Collégial;Mixte;21;0;0;0;0;0;0;;oui;s1:14x3;5973efde-0184-4bdc-baa5-57d460b756d0
2026 - 2027;diffusion+s1;Provincial;Cross-country;Secondaire;Cross-country J F D3 Championnat provincial;D3;Juvénile;Féminin;14;0;0;0;0;0;0;;oui;d:14x3 s1:14x3;207926c5-cdc4-4dac-a646-3762783f8caa
2026 - 2027;diffusion+s1;Provincial;Cross-country;Secondaire;Cross-country J M D3 Championnat provincial;D3;Juvénile;Masculin;14;0;0;0;0;0;0;;oui;d:14x3 s1:14x3;361d74f1-1f7c-4870-85fc-d1f1cfc28c83
2026 - 2027;diffusion+s1;Provincial;Cross-country;Secondaire;Cross-country M F D3 Championnat provincial;D3;Moustique;Féminin;14;0;0;0;0;0;0;;oui;d:14x3 s1:14x3;35f98d4c-e366-46fa-8c34-07ed21198144
2026 - 2027;diffusion+s1;Provincial;Cross-country;Secondaire;Cross-country M M D3 Championnat provincial;D3;Moustique;Masculin;14;0;0;0;0;0;0;;oui;d:14x3 s1:14x3;cb36ff0f-1973-4028-8c15-5cab2d9d5798
2026 - 2027;s1;Provincial;Cross-country;Universitaire;Cross-country U F;;Universitaire;Féminin;11;0;0;0;0;0;0;;oui;s1:14x3;d5c1b71b-8741-4485-90e4-7c28666a2270
2026 - 2027;s1;Provincial;Cross-country;Universitaire;Cross-country U M;;Universitaire;Masculin;11;0;0;0;0;0;0;;oui;s1:14x3;263716c3-348b-4a18-8ebd-a81ced5cbd80
2026 - 2027;s1;Provincial;Flag football;Collégial;Flag football C F D2 Nord-Est CQ A;D2;Collégial;Féminin;5;55;55;0;0;4;55;0;NON;s1:14x4*;9b8a3ee0-667b-43ba-9377-30176c5f5ce3
2026 - 2027;s1;Provincial;Flag football;Collégial;Flag football C F D2 Nord-Est CQ B;D2;Collégial;Féminin;6;55;55;0;0;4;0;;NON;s1:14x4*;bb172f86-5983-4fab-9cdc-5be7f33cadca
2026 - 2027;s1;Provincial;Flag football;Collégial;Flag football C F D2 Sud-Ouest;D2;Collégial;Féminin;10;48;45;3;0;4;48;3;NON;s1:14x4*;4e5998ab-0f02-4601-b4da-a656fb5dd6d8
2026 - 2027;s1;Provincial;Flag football;Collégial;Flag football C F D3 Nord-Est QCA-EDQ;D3;Collégial;Féminin;8;54;48;6;0;0;54;6;NON;s1:14x4*;a8084a9c-3ef1-43a4-a5e5-aaffea92224a
2026 - 2027;s1;Provincial;Flag football;Collégial;Flag football C F D3 Sud-Ouest A;D3;Collégial;Féminin;11;61;55;6;0;0;61;6;NON;s1:14x4*;42502722-0306-48e4-a178-00ed129c282d
2026 - 2027;s1;Provincial;Flag football;Collégial;Flag football C F D3 Sud-Ouest B;D3;Collégial;Féminin;5;24;20;4;0;0;0;;NON;s1:14x4*;48369892-577a-4679-9308-5f7cf91168b7
2026 - 2027;s1;Provincial;Flag football;Collégial;Flag football C F D3 Sud-Ouest C;D3;Collégial;Féminin;6;28;24;4;0;0;0;;NON;s1:14x4*;34b10d25-6e4b-48ae-b7e0-aed1d1fff2c4
2026 - 2027;s1;Provincial;Flag football;Collégial;Flag football C M D3 Sud-Ouest;D3;Collégial;Masculin;8;45;40;5;0;0;45;5;NON;s1:14x4*;045ac13a-79e2-4505-8c90-bf29697756c1
2026 - 2027;s1;Provincial;Flag football;Universitaire;Flag football U F A;;Universitaire;Féminin;4;46;40;6;0;0;0;;NON;s1:14x4*;80719be9-fa12-46c2-acbf-ad3cfb1fcfc6
2026 - 2027;s1;Provincial;Flag football;Universitaire;Flag football U F B;;Universitaire;Féminin;4;46;40;6;0;0;0;;NON;s1:14x4*;52f20c0c-f4b7-4974-899c-3063218cd0ff
2026 - 2027;s1;Provincial;Football;Secondaire;Football C M D1;D1;Cadet;Masculin;8;38;32;6;0;0;38;6;NON;s1:14x5*;4dd70f89-da36-4522-a9a7-858113548e67
2026 - 2027;s1;Provincial;Football;Collégial;Football C M D1 Provincial;D1;Collégial;Masculin;8;37;32;5;0;0;37;5;NON;s1:14x5*;357ee497-0d4f-4152-a7a4-b3a6a2c3cf8f
2026 - 2027;s1;Provincial;Football;Collégial;Football C M D2 Provincial;D2;Collégial;Masculin;10;51;45;6;0;0;51;6;NON;s1:14x5*;e0cda4d1-7f2b-43fa-bf3d-b68166903237
2026 - 2027;s1;Provincial;Football;Collégial;Football C M D3 Provincial Nord-Est;D3;Collégial;Masculin;6;31;24;7;0;0;0;;NON;s1:14x5*;717b5738-88ea-4949-a696-839be500ea98
2026 - 2027;s1;Provincial;Football;Collégial;Football C M D3 Provincial Sud-Ouest;D3;Collégial;Masculin;7;35;28;7;0;0;35;7;NON;s1:14x5*;be17a08f-052f-4337-8936-013aeef9718c
2026 - 2027;s1;Provincial;Football;Secondaire;Football J M D1;D1;Juvénile;Masculin;8;38;32;6;0;0;38;6;NON;s1:14x5*;e3e61ac3-6c2c-4987-ac8e-78e587ebe919
2026 - 2027;s1;Provincial;Football;Secondaire;Football J M D2;D2;Juvénile;Masculin;10;51;45;6;0;0;51;15;NON;s1:14x5*;277af8d7-1a53-4bb3-bd94-4432be324894
2026 - 2027;s1;Provincial;Football;Universitaire;Football U M;;Universitaire;Masculin;6;27;24;3;0;0;0;;NON;s1:14x5*;d9538539-2732-439b-8521-02da4f3da6e8
2026 - 2027;s1;Provincial;Futsal;Collégial;Futsal C F Sud-Ouest;;Collégial;Féminin;6;39;36;3;0;0;39;3;NON;s1:14x30*;7545bc51-3808-4c5f-9f53-bbca3bef19be
2026 - 2027;s1;Provincial;Golf;Collégial;Golf C U Sud-Ouest;;Collégial;Mixte;13;0;0;0;0;0;0;;NON;s1:14x6*;7c9bb99b-eccb-4cbc-b00c-a54a9b6467ab
2026 - 2027;s1;Provincial;Golf;Universitaire;Golf U F;;Universitaire;Féminin;8;0;0;0;0;0;0;;NON;s1:14x6*;8f8ced03-0793-447c-ba65-d971989beb59
2026 - 2027;s1;Provincial;Golf;Universitaire;Golf U M;;Universitaire;Masculin;8;0;0;0;0;0;0;;NON;s1:14x6*;bc5cd47a-0555-4f19-a500-f789fd7710dd
2026 - 2027;s1;Provincial;Hockey;Collégial;Hockey C F D1 Provincial;D1;Collégial;Féminin;5;0;0;0;0;0;0;;NON;s1:14x9*;e7c3c5fe-1a92-4ed3-b1db-83fa54431c0e
2026 - 2027;s1;Provincial;Hockey;Collégial;Hockey C F D2 Provincial;D2;Collégial;Féminin;7;0;0;0;0;0;0;;NON;s1:14x9*;c6aecd01-6f5c-4eec-82d3-6efada2630d0
2026 - 2027;s1;Provincial;Hockey;Collégial;Hockey C M D1 Provincial;D1;Collégial;Masculin;12;0;0;0;0;0;0;;NON;s1:14x9*;0eb377a9-a360-45a3-be85-795cf9cc1821
2026 - 2027;s1;Provincial;Hockey;Collégial;Hockey C M D2 Nord-Est;D2;Collégial;Masculin;9;0;0;0;0;0;0;;NON;s1:14x9*;65e8e886-3739-4ae5-b7f1-7790b80d5f1f
2026 - 2027;s1;Provincial;Hockey;Collégial;Hockey C M D2 Sud-Ouest;D2;Collégial;Masculin;8;0;0;0;0;0;0;;NON;s1:14x9*;a21361ab-0928-4796-a8e5-7a97d6d8bd5f
2026 - 2027;s1;Provincial;Hockey;Universitaire;Hockey U F;;Universitaire;Féminin;5;0;0;0;0;0;0;;NON;s1:14x9*;925f3f12-3eb4-49ef-8479-891af559b304
2026 - 2027;s1;Provincial;Hockey;Universitaire;Hockey U M D2;D2;Universitaire;Masculin;4;0;0;0;0;0;0;;NON;s1:14x9*;cfe8425a-7d16-48a1-a14b-07583a698043
2026 - 2027;s1;Provincial;Natation;Collégial;Natation C U Nord-Est;;Collégial;Mixte;18;0;0;0;0;0;0;;NON;s1:14x10*;53c229f4-e28a-4ab1-b760-1d21fd7f9a40
2026 - 2027;s1;Provincial;Natation;Collégial;Natation C U Sud-Ouest;;Collégial;Mixte;7;0;0;0;0;0;0;;NON;s1:14x10*;724883dd-1d7c-4002-89f6-0c28fd199a71
2026 - 2027;s1;Provincial;Natation;Universitaire;Natation U F;;Universitaire;Féminin;7;0;0;0;0;0;0;;NON;s1:14x10*;20ea298e-21bc-472d-9fcc-8ef8144e06d9
2026 - 2027;s1;Provincial;Natation;Universitaire;Natation U M;;Universitaire;Masculin;7;0;0;0;0;0;0;;NON;s1:14x10*;03320c93-fabd-4321-873a-0f99425b3715
2026 - 2027;s1;Provincial;Rugby;Collégial;Rugby C F Nord-Est CQ (à 12);;Collégial;Féminin;5;36;33;3;0;0;0;;NON;s1:14x11*;d033d605-4c74-43cb-8031-c7a6bab625ed
2026 - 2027;s1;Provincial;Rugby;Collégial;Rugby C F Nord-Est QCA (à 12);;Collégial;Féminin;6;36;33;3;0;0;36;3;NON;s1:14x11*;7ae4e0f5-26d4-4f52-ba86-55bbf72e3cf2
2026 - 2027;s1;Provincial;Rugby;Collégial;Rugby C F Sud-Ouest;;Collégial;Féminin;4;14;12;2;0;0;14;2;NON;s1:14x11*;d1b45e06-6062-4871-b493-9222051bdbea
2026 - 2027;s1;Provincial;Rugby;Collégial;Rugby C M Nord-Est;;Collégial;Masculin;6;33;27;6;0;0;0;;NON;s1:14x11*;42769eb7-e97f-4587-9e08-c291c2b5a775
2026 - 2027;s1;Provincial;Rugby;Collégial;Rugby C M Sud-Ouest;;Collégial;Masculin;5;18;15;3;0;0;18;3;NON;s1:14x11*;8c753c49-dbd6-496f-b942-12a75f0b29f8
2026 - 2027;s1;Provincial;Rugby;Universitaire;Rugby U F;;Universitaire;Féminin;7;25;21;4;0;0;0;;NON;s1:14x11*;0a7e0d5f-8aa1-4d4e-b372-277c9cca2975
2026 - 2027;s1;Provincial;Rugby;Universitaire;Rugby U M;;Universitaire;Masculin;7;24;21;3;0;0;0;;NON;s1:14x11*;78bfcec5-326b-4f30-b1a1-eb7c7dccebb1
2026 - 2027;s1;Provincial;Soccer intérieur;Collégial;Soccer intérieur C F D3 Nord-Est CQ;D3;Collégial;Féminin;0;0;0;0;0;0;0;;NON;s1:14x12*;570f3a72-4499-4cfe-bf01-1631981e6564
2026 - 2027;s1;Provincial;Soccer intérieur;Collégial;Soccer intérieur C F Sud-Ouest;;Collégial;Féminin;10;74;65;9;0;0;0;;NON;s1:14x12*;1160bdb7-7fe8-442c-a06e-ad8078ef66c1
2026 - 2027;s1;Provincial;Soccer intérieur;Collégial;Soccer intérieur C M D3 Nord-Est CQ;D3;Collégial;Masculin;0;0;0;0;0;0;0;;NON;s1:14x12*;ff7a7991-9a28-4f20-a677-140bbaed0f7d
2026 - 2027;s1;Provincial;Soccer intérieur;Collégial;Soccer intérieur C M Sud-Ouest;;Collégial;Masculin;8;60;56;4;0;0;0;;NON;s1:14x12*;1545a853-8f2b-483c-a3f3-785a014d5228
2026 - 2027;s1;Provincial;Soccer intérieur;Universitaire;Soccer intérieur U F;;Universitaire;Féminin;8;7;0;7;0;0;0;;NON;s1:14x12*;8905d390-9e09-4fd4-be6d-a48eebaf23b8
2026 - 2027;s1;Provincial;Soccer intérieur;Universitaire;Soccer intérieur U M;;Universitaire;Masculin;7;6;0;6;0;0;0;;NON;s1:14x12*;84699232-640e-4940-be07-1f02779e701d
2026 - 2027;s1;Provincial;Soccer;Collégial;Soccer C F D1 Provincial;D1;Collégial;Féminin;8;46;40;6;0;0;46;6;NON;s1:14x13*;d774ba9e-7528-45fc-82e6-f71151013f01
2026 - 2027;s1;Provincial;Soccer;Collégial;Soccer C F D2 Nord-Est CQ;D2;Collégial;Féminin;6;25;24;1;0;4;0;;NON;s1:14x13*;48a59be5-0904-4b5c-b52b-1ef4cf1e8d8c
2026 - 2027;s1;Provincial;Soccer;Collégial;Soccer C F D2 Nord-Est QCA-EDQ-SLSJ (A);D2;Collégial;Féminin;5;40;36;4;0;4;48;12;NON;s1:14x13*;48f1f0c8-7f9b-410d-91f9-56bfb62a5aa3
2026 - 2027;s1;Provincial;Soccer;Collégial;Soccer C F D2 Nord-Est QCA-EDQ-SLSJ (B);D2;Collégial;Féminin;4;40;36;4;0;4;0;;NON;s1:14x13*;09897279-c580-4cad-a924-1831c67ce2c1
2026 - 2027;s1;Provincial;Soccer;Collégial;Soccer C F D2 Sud-Ouest;D2;Collégial;Féminin;5;20;20;0;0;4;20;0;NON;s1:14x13*;a30bab57-36e9-42d7-8c63-e0a7778c5faa
2026 - 2027;s1;Provincial;Soccer;Collégial;Soccer C F D3 Sud-Ouest;D3;Collégial;Féminin;9;41;36;5;0;0;41;5;NON;s1:14x13*;415ca649-0fd3-4bda-8163-c8c0013c37a9
2026 - 2027;s1;Provincial;Soccer;Collégial;Soccer C M D1 Provincial;D1;Collégial;Masculin;9;51;45;6;0;0;52;7;NON;s1:14x13*;3f4585ce-0bbf-41b0-a726-7a294098a074
2026 - 2027;s1;Provincial;Soccer;Collégial;Soccer C M D2 Nord-Est CQ;D2;Collégial;Masculin;5;21;20;1;0;4;0;;NON;s1:14x13*;6a4c0503-f883-4012-b1c8-1b1a019bf5ae
2026 - 2027;s1;Provincial;Soccer;Collégial;Soccer C M D2 Nord-Est QCA-EDQ-SLSJ (A);D2;Collégial;Masculin;5;52;48;4;0;4;52;4;NON;s1:14x13*;9111db6c-1311-475e-8c71-1cefd7cd9082
2026 - 2027;s1;Provincial;Soccer;Collégial;Soccer C M D2 Nord-Est QCA-EDQ-SLSJ (B);D2;Collégial;Masculin;7;52;48;4;0;4;0;;NON;s1:14x13*;21c736b9-df07-4c83-a58e-c444ad22252c
2026 - 2027;s1;Provincial;Soccer;Collégial;Soccer C M D2 Sud-Ouest;D2;Collégial;Masculin;9;38;36;2;0;4;38;2;NON;s1:14x13*;5321a38c-ee53-42b8-b27f-62411bc2707b
2026 - 2027;s1;Provincial;Soccer;Collégial;Soccer C M D3 Sud-Ouest;D3;Collégial;Masculin;9;41;36;5;0;0;41;5;NON;s1:14x13*;05798bd7-130d-4b88-ae8d-8f934e7963ed
2026 - 2027;s1;Provincial;Soccer;Universitaire;Soccer U F;;Universitaire;Féminin;8;59;56;3;0;0;0;;NON;s1:14x13*;56d5b9e4-84d5-4622-9cd4-f89b41ce9f2b
2026 - 2027;s1;Provincial;Soccer;Universitaire;Soccer U M;;Universitaire;Masculin;7;45;42;3;0;0;0;;NON;s1:14x13*;bf91ad12-b8fc-4259-92a2-551a8da949e7
2026 - 2027;s1;Provincial;Ultimate;Collégial;Ultimate C U Sud-Ouest;;Collégial;Mixte;9;56;45;11;0;0;56;11;NON;s1:14x25*;90c38605-00c0-4854-b5e3-7ae47fdcecd7
2026 - 2027;s1;Provincial;Volleyball;Secondaire;Volleyball B F D1;D1;Benjamin;Féminin;13;130;100;30;0;0;130;59;NON;s1:14x16*;02271746-44ee-4aad-b833-09272e2b185c
2026 - 2027;s1;Provincial;Volleyball;Secondaire;Volleyball C F D1;D1;Cadet;Féminin;15;174;135;39;0;0;174;158;NON;s1:14x16*;2afdaa44-5db3-4ca4-83f6-72320d6cb5c6
2026 - 2027;s1;Provincial;Volleyball;Collégial;Volleyball C F D1 Provincial;D1;Collégial;Féminin;9;80;72;8;0;0;80;8;NON;s1:14x16*;7bb98e00-cc04-43d2-adc6-5a98fb65218b
2026 - 2027;s1;Provincial;Volleyball;Collégial;Volleyball C F D2 Nord-Est CQ;D2;Collégial;Féminin;9;117;108;9;0;14;0;;NON;s1:14x16*;e259fb75-dbc2-4f8c-987a-d13ea29babaa
2026 - 2027;s1;Provincial;Volleyball;Collégial;Volleyball C F D2 Nord-Est QCA-EDQ;D2;Collégial;Féminin;12;131;120;11;0;14;131;11;NON;s1:14x16*;fda0f61c-4599-4e59-82e2-b1966fbe382e
2026 - 2027;s1;Provincial;Volleyball;Collégial;Volleyball C F D2 Nord-Est SLSJ-CN;D2;Collégial;Féminin;6;64;60;4;0;14;0;;NON;s1:14x16*;e8391cd3-1e36-473b-b1c3-9a4b63236121
2026 - 2027;s1;Provincial;Volleyball;Collégial;Volleyball C F D2 Sud-Ouest;D2;Collégial;Féminin;12;132;132;0;0;14;132;0;NON;s1:14x16*;beb8b2c0-e453-4553-a003-62e120e6e9db
2026 - 2027;s1;Provincial;Volleyball;Collégial;Volleyball C F D3 Nord-Est CQ;D3;Collégial;Féminin;8;64;64;0;0;0;0;;NON;s1:14x16*;136322b9-e510-49c5-ae4a-cc01c5fa21de
2026 - 2027;s1;Provincial;Volleyball;Collégial;Volleyball C F D3 Nord-Est QCA #1;D3;Collégial;Féminin;6;0;0;0;0;0;0;;NON;s1:14x16*;3ee75d69-3d70-44cd-9f75-f3847ba89dcf
2026 - 2027;s1;Provincial;Volleyball;Collégial;Volleyball C F D3 Nord-Est QCA #2;D3;Collégial;Féminin;7;0;0;0;0;0;0;;NON;s1:14x16*;51caab24-24ed-4115-ae38-1121b560d797
2026 - 2027;s1;Provincial;Volleyball;Collégial;Volleyball C F D3 Nord-Est SLSJ- CN;D3;Collégial;Féminin;10;0;0;0;0;0;0;;NON;s1:14x16*;e3685a9f-3213-4e86-9463-a3813b164ebe
2026 - 2027;s1;Provincial;Volleyball;Collégial;Volleyball C F D3 Sud-Ouest A;D3;Collégial;Féminin;10;126;105;21;0;0;126;21;NON;s1:14x16*;d004d42a-8c7d-4c4e-8188-a598adfd0235
2026 - 2027;s1;Provincial;Volleyball;Collégial;Volleyball C F D3 Sud-Ouest B;D3;Collégial;Féminin;10;126;105;21;0;0;0;;NON;s1:14x16*;d883756d-6bf5-47f4-b4af-2089d5541795
2026 - 2027;s1;Provincial;Volleyball;Collégial;Volleyball C M D1 Provincial;D1;Collégial;Masculin;6;65;60;5;0;0;65;5;NON;s1:14x16*;e37ad3ba-0089-455e-8b95-4d0198962b3e
2026 - 2027;s1;Provincial;Volleyball;Collégial;Volleyball C M D2 Nord-Est CQ;D2;Collégial;Masculin;8;106;96;10;0;14;0;;NON;s1:14x16*;fb11f53d-0bbe-4f21-9184-86ac2e449321
2026 - 2027;s1;Provincial;Volleyball;Collégial;Volleyball C M D2 Nord-Est QCA-EDQ-SLSJ-CN;D2;Collégial;Masculin;10;109;100;9;0;14;109;9;NON;s1:14x16*;93e5bddb-f244-40e4-8fd7-e271ae5c4210
2026 - 2027;s1;Provincial;Volleyball;Collégial;Volleyball C M D2 Sud-Ouest;D2;Collégial;Masculin;10;90;90;0;0;14;90;0;NON;s1:14x16*;2fb66060-04f8-44be-9f90-b0ac2395f329
2026 - 2027;s1;Provincial;Volleyball;Collégial;Volleyball C M D3 Nord-Est;D3;Collégial;Masculin;6;58;48;10;0;0;0;;NON;s1:14x16*;d861da39-450c-4724-96e0-6011f0c37d9f
2026 - 2027;s1;Provincial;Volleyball;Collégial;Volleyball C M D3 Sud-Ouest A;D3;Collégial;Masculin;8;105;84;21;0;0;105;21;NON;s1:14x16*;511ebd90-0670-47d7-bf8a-603e5ecd2c99
2026 - 2027;s1;Provincial;Volleyball;Collégial;Volleyball C M D3 Sud-Ouest B;D3;Collégial;Masculin;8;105;84;21;0;0;0;;NON;s1:14x16*;3cbc7b32-c76c-442e-a26c-bdebef055218
2026 - 2027;s1;Provincial;Volleyball;Secondaire;Volleyball J F D1;D1;Juvénile;Féminin;15;174;135;39;0;0;174;74;NON;s1:14x16*;744e0e01-68ba-4f54-aec0-386a2bc01155
2026 - 2027;s1;Provincial;Volleyball;Secondaire;Volleyball J M D1;D1;Juvénile;Masculin;9;92;72;20;0;0;92;92;NON;s1:14x16*;8306c7cb-2bee-49f5-ad89-b420b38d5ed8
2026 - 2027;s1;Provincial;Volleyball;Universitaire;Volleyball U F;;Universitaire;Féminin;8;93;84;9;0;0;0;;NON;s1:14x16*;2e9fb0a7-6241-4242-9f32-6d6a34b5c1f7
2026 - 2027;s1;Provincial;Volleyball;Universitaire;Volleyball U M;;Universitaire;Masculin;5;49;40;9;0;0;0;;NON;s1:14x16*;f4fb2dca-6430-474a-b04a-659273456e79
2026 - 2027;s1;Québec-Chaudière-Appalaches;Badminton;Secondaire;Badminton B F D3;D3;Benjamin;Féminin;55;0;0;0;0;0;0;;oui;s1:12x18;665987a2-cb37-43bd-87cd-e60d8e40f870
2026 - 2027;s1;Québec-Chaudière-Appalaches;Badminton;Secondaire;Badminton B M D3;D3;Benjamin;Masculin;55;0;0;0;0;0;0;;oui;s1:12x18;ca32cbc1-e129-4e74-ae60-bee7f2af1caa
2026 - 2027;s1;Québec-Chaudière-Appalaches;Badminton;Secondaire;Badminton C F D3;D3;Cadet;Féminin;55;0;0;0;0;0;0;;oui;s1:12x18;6d712989-86d1-4ff3-ae18-cd95bcb4661d
2026 - 2027;s1;Québec-Chaudière-Appalaches;Badminton;Secondaire;Badminton C M D3;D3;Cadet;Masculin;55;0;0;0;0;0;0;;oui;s1:12x18;9d50d543-4107-407f-ba57-86f764b0709e
2026 - 2027;s1;Québec-Chaudière-Appalaches;Badminton;Secondaire;Badminton J F D3;D3;Juvénile;Féminin;55;0;0;0;0;0;0;;oui;s1:12x18;69bcc01d-383d-4a12-ad46-bee7f017fe12
2026 - 2027;s1;Québec-Chaudière-Appalaches;Badminton;Secondaire;Badminton J M D3;D3;Juvénile;Masculin;55;0;0;0;0;0;0;;oui;s1:12x18;9b9242cc-fda5-4b94-86ac-d3bdd7172662
2026 - 2027;s1;Québec-Chaudière-Appalaches;Cross-country;Secondaire;Cross-country B F;;Benjamin;Féminin;15;0;0;0;0;0;0;;oui;s1:12x3;23cf4830-61ff-4edb-a6a7-29de6b1ee172
2026 - 2027;s1;Québec-Chaudière-Appalaches;Cross-country;Secondaire;Cross-country B M;;Benjamin;Masculin;15;0;0;0;0;0;0;;oui;s1:12x3;9896e936-d13b-4e2e-8525-d6efd453319c
2026 - 2027;s1;Québec-Chaudière-Appalaches;Cross-country;Secondaire;Cross-country C F;;Cadet;Féminin;15;0;0;0;0;0;0;;oui;s1:12x3;c8ea06a7-d4b6-47b9-88f2-19c90e20c8f6
2026 - 2027;s1;Québec-Chaudière-Appalaches;Cross-country;Secondaire;Cross-country C M;;Cadet;Masculin;15;0;0;0;0;0;0;;oui;s1:12x3;bb099f11-4b44-49fe-a46d-8524a22549b7
2026 - 2027;s1;Québec-Chaudière-Appalaches;Cross-country;Secondaire;Cross-country J F;;Juvénile;Féminin;15;0;0;0;0;0;0;;oui;s1:12x3;21876fec-0382-4b68-aa04-e36a348ab839
2026 - 2027;s1;Québec-Chaudière-Appalaches;Cross-country;Secondaire;Cross-country J M;;Juvénile;Masculin;15;0;0;0;0;0;0;;oui;s1:12x3;81d9b4e8-dff0-446d-9a8f-bff941b774a7
2026 - 2027;s1;Québec-Chaudière-Appalaches;Cross-country;Primaire;Cross-country M F;;Moustique;Féminin;15;;;;;;0;;oui;s1:12x3;5d840dcc-1b76-4ced-9c7d-c6dd0baaf03c
2026 - 2027;s1;Québec-Chaudière-Appalaches;Cross-country;Primaire;Cross-country M M;;Moustique;Masculin;16;;;;;;0;;oui;s1:12x3;6a08fab7-6de7-4e4d-9055-4b87969d689e
2026 - 2027;diffusion+s1;Québec-Chaudière-Appalaches;Football;Secondaire;Football A U D3 à 9;D3;Atome;Mixte;8;28;28;0;1;0;28;7;oui;d:12x5 s1:12x5;ae163727-c2f2-49bb-af7e-94afb0c588c5
2026 - 2027;diffusion+s1;Québec-Chaudière-Appalaches;Football;Secondaire;Football A U D4 à 9;D4;Atome;Mixte;6;18;18;0;1;0;18;3;oui;d:12x5 s1:12x5;234d30dc-5527-4f6d-a6fa-680fc69b9c64
2026 - 2027;diffusion+s1;Québec-Chaudière-Appalaches;Football;Secondaire;Football B U D3 à 9;D3;Benjamin;Mixte;8;28;28;0;1;0;28;7;oui;d:12x5 s1:12x5;09c98f7a-5c0b-4ab8-9e65-f137ae8c1278
2026 - 2027;diffusion+s1;Québec-Chaudière-Appalaches;Football;Secondaire;Football B U D4 à 9 Blanc A;D4;Benjamin;Mixte;5;30;30;0;2;0;30;5;oui;d:12x5 s1:12x5;37479ced-8074-4353-bbe3-11aa52c8e63c
2026 - 2027;diffusion+s1;Québec-Chaudière-Appalaches;Football;Secondaire;Football B U D4 à 9 Blanc B;D4;Benjamin;Mixte;5;15;15;0;1;0;0;;oui;d:12x5 s1:12x5;e096014c-d8ca-4cd1-9211-8d9d711b1241
2026 - 2027;diffusion+s1;Québec-Chaudière-Appalaches;Football;Secondaire;Football B U D4 à 9 Bleu;D4;Benjamin;Mixte;11;28;28;0;2;0;34;0;oui;d:12x5 s1:12x5;1de1dd38-cad2-4423-a672-e703705822d3
2026 - 2027;diffusion+s1;Québec-Chaudière-Appalaches;Football;Secondaire;Football C U D3 à 12;D3;Cadet;Mixte;10;48;40;8;0;0;48;16;oui;d:12x5 s1:12x5;e1960c78-f4ce-409c-aef1-9383c0aaa7aa
2026 - 2027;diffusion+s1;Québec-Chaudière-Appalaches;Football;Secondaire;Football C U D3 à 9;D3;Cadet;Mixte;9;40;36;4;0;0;40;4;oui;d:12x5 s1:12x5;2ec71dc5-cb47-45f6-9a3c-e8bcd1863944
2026 - 2027;diffusion+s1;Québec-Chaudière-Appalaches;Football;Secondaire;Football C U D4 à 9;D4;Cadet;Mixte;7;26;21;5;0;0;26;5;oui;d:12x5 s1:12x5;5c62c6e5-e763-4941-8e7e-1153b7ae2438
2026 - 2027;diffusion+s1;Québec-Chaudière-Appalaches;Football;Secondaire;Football J U D3 à 12;D3;Juvénile;Mixte;7;28;21;7;0;0;28;7;oui;d:12x5 s1:12x5;af6bfcf9-97a1-40ed-b838-c67f185f3b60
2026 - 2027;diffusion+s1;Québec-Chaudière-Appalaches;Football;Secondaire;Football J U D3 Mineur à 9 A;D3;Juvénile;Mixte;3;27;21;6;0;0;27;6;oui;d:12x5 s1:12x5;478ce4c3-faf7-46ab-989b-8cd25c658425
2026 - 2027;diffusion+s1;Québec-Chaudière-Appalaches;Football;Secondaire;Football J U D3 Mineur à 9 B;D3;Juvénile;Mixte;3;27;21;6;0;0;0;;oui;d:12x5 s1:12x5;dc3be8ba-fbf7-4541-9d0d-a2218c453ebd
2026 - 2027;diffusion+s1;Québec-Chaudière-Appalaches;Football;Secondaire;Football J U D4 à 12;D4;Juvénile;Mixte;8;33;28;5;0;0;33;5;oui;d:12x5 s1:12x5;b17d499c-770d-4741-b2dd-d7801a27cb82
2026 - 2027;diffusion+s1;Québec-Chaudière-Appalaches;Football;Secondaire;Football J U D4 Mineur à 9;D4;Juvénile;Mixte;7;26;21;5;0;0;26;5;oui;d:12x5 s1:12x5;b2e9f4a5-a598-4a90-b34f-ead34f95c296
2026 - 2027;s1;Québec-Chaudière-Appalaches;Golf;Secondaire;Golf B F;;Benjamin;Féminin;19;0;0;0;0;0;0;;oui;s1:12x6;76c0c32f-02e1-488a-a23d-4dcea38c4b36
2026 - 2027;s1;Québec-Chaudière-Appalaches;Golf;Secondaire;Golf B M;;Benjamin;Masculin;19;0;0;0;0;0;0;;oui;s1:12x6;7aab6779-cc02-48b8-a9a2-943c0d1fbac0
2026 - 2027;s1;Québec-Chaudière-Appalaches;Golf;Secondaire;Golf C F;;Cadet;Féminin;19;0;0;0;0;0;0;;oui;s1:12x6;8b6b780a-c830-4ee8-a816-91678db92892
2026 - 2027;s1;Québec-Chaudière-Appalaches;Golf;Secondaire;Golf C M;;Cadet;Masculin;19;0;0;0;0;0;0;;oui;s1:12x6;6d04593e-e4f0-46a6-bc29-4b64ae169d3b
2026 - 2027;s1;Québec-Chaudière-Appalaches;Golf;Secondaire;Golf J F;;Juvénile;Féminin;19;0;0;0;0;0;0;;oui;s1:12x6;593a1a30-7dc2-4f7a-914e-b776e07d435d
2026 - 2027;s1;Québec-Chaudière-Appalaches;Golf;Secondaire;Golf J M;;Juvénile;Masculin;19;0;0;0;0;0;0;;oui;s1:12x6;51e280ed-d087-48f7-99dd-262128cfaed6
2026 - 2027;diffusion+s1;Québec-Chaudière-Appalaches;Soccer;Secondaire;Soccer B F D3;D3;Benjamin;Féminin;4;14;12;2;0;0;14;12;oui;d:12x13 s1:12x13;58cda522-92e1-472d-85a8-0bd89813675e
2026 - 2027;diffusion+s1;Québec-Chaudière-Appalaches;Soccer;Secondaire;Soccer B F D4;D4;Benjamin;Féminin;6;17;15;2;0;0;17;15;oui;d:12x13 s1:12x13;c1632f9a-2600-4ec0-a0e4-387dac941744
2026 - 2027;diffusion+s1;Québec-Chaudière-Appalaches;Soccer;Secondaire;Soccer B M D3;D3;Benjamin;Masculin;8;27;24;3;0;0;27;11;oui;d:12x13 s1:12x13;fd6c22dd-402c-48e6-8235-f95bae8cb5fb
2026 - 2027;diffusion+s1;Québec-Chaudière-Appalaches;Soccer;Secondaire;Soccer B M D4 Niveau 1;D4;Benjamin;Masculin;8;27;24;3;0;0;27;26;oui;d:12x13 s1:12x13;54a0c704-cbb9-469c-aa08-d49089e9f43b
2026 - 2027;diffusion+s1;Québec-Chaudière-Appalaches;Soccer;Secondaire;Soccer B M D4 Niveau 2 Blanc;D4;Benjamin;Masculin;8;48;45;3;0;0;48;48;oui;d:12x13 s1:12x13;96fc2984-7172-4046-8d5e-d221c0a52108
2026 - 2027;diffusion+s1;Québec-Chaudière-Appalaches;Soccer;Secondaire;Soccer B M D4 Niveau 2 Bleu;D4;Benjamin;Masculin;8;48;45;3;0;0;0;;oui;d:12x13 s1:12x13;db8caebe-aefe-47c6-abde-ec4d4be71446
2026 - 2027;diffusion+s1;Québec-Chaudière-Appalaches;Soccer;Secondaire;Soccer B M D4 Niveau 3;D4;Benjamin;Masculin;6;21;18;3;0;0;21;21;oui;d:12x13 s1:12x13;6cc4c042-0de4-45ea-9306-1d96aa396f72
2026 - 2027;diffusion+s1;Québec-Chaudière-Appalaches;Soccer;Secondaire;Soccer C F D3;D3;Cadet;Féminin;5;17;15;2;0;0;17;17;oui;d:12x13 s1:12x13;a9cebd5a-7c4b-4ca0-9f16-0e97bf477e63
2026 - 2027;diffusion+s1;Québec-Chaudière-Appalaches;Soccer;Secondaire;Soccer C F D4;D4;Cadet;Féminin;6;21;18;3;0;0;21;21;oui;d:12x13 s1:12x13;82b8a467-4fe8-44ae-98af-d502b8e3ed49
2026 - 2027;diffusion+s1;Québec-Chaudière-Appalaches;Soccer;Secondaire;Soccer C M D3;D3;Cadet;Masculin;7;24;21;3;0;0;24;12;oui;d:12x13 s1:12x13;8a4d2c3a-d83c-4992-8a36-e3e6a20d44e0
2026 - 2027;diffusion+s1;Québec-Chaudière-Appalaches;Soccer;Secondaire;Soccer C M D4;D4;Cadet;Masculin;7;21;18;3;0;0;21;19;oui;d:12x13 s1:12x13;767641aa-e948-4df8-b9a8-2285b4b34a1f
2026 - 2027;diffusion+s1;Québec-Chaudière-Appalaches;Soccer;Secondaire;Soccer J F D3;D3;Juvénile;Féminin;7;24;21;3;0;0;24;20;oui;d:12x13 s1:12x13;ac5c03b3-bbb8-4b55-aa89-1a1944f140e5
2026 - 2027;diffusion+s1;Québec-Chaudière-Appalaches;Soccer;Secondaire;Soccer J F D4;D4;Juvénile;Féminin;7;24;21;3;0;0;24;24;oui;d:12x13 s1:12x13;efdc6d36-4d4d-4be2-a5d6-c4b57234bc55
2026 - 2027;diffusion+s1;Québec-Chaudière-Appalaches;Soccer;Secondaire;Soccer J M D3;D3;Juvénile;Masculin;7;21;18;3;0;0;21;17;oui;d:12x13 s1:12x13;8281f7ee-9291-4df5-8996-042545111b8b
2026 - 2027;diffusion+s1;Québec-Chaudière-Appalaches;Soccer;Secondaire;Soccer J M D4 Niveau 1;D4;Juvénile;Masculin;6;21;18;3;0;0;21;21;oui;d:12x13 s1:12x13;f889abff-e331-467b-bb63-e334a1ec1ac2
2026 - 2027;diffusion+s1;Québec-Chaudière-Appalaches;Soccer;Secondaire;Soccer J M D4 Niveau 2;D4;Juvénile;Masculin;7;24;21;3;0;0;24;21;oui;d:12x13 s1:12x13;11fba79b-a4a7-4083-be50-cbc08485651e
2026 - 2027;s1;Québec-Chaudière-Appalaches;Volleyball;Secondaire;Volleyball B F;;Benjamin;Féminin;202;0;0;0;0;0;0;;oui;s1:12x16;a9fbc9a8-2b42-446f-a042-9da0485a61a0
2026 - 2027;s1;Québec-Chaudière-Appalaches;Volleyball;Secondaire;Volleyball B M;;Benjamin;Masculin;21;0;0;0;0;0;0;;oui;s1:12x16;5000a6b9-280c-4491-9d8a-42ef1db9ef45
2026 - 2027;s1;Québec-Chaudière-Appalaches;Volleyball;Secondaire;Volleyball C F;;Cadet;Féminin;162;0;0;0;0;0;0;;oui;s1:12x16;841bc27c-afd7-4162-a48b-edb7ced6d175
2026 - 2027;s1;Québec-Chaudière-Appalaches;Volleyball;Secondaire;Volleyball C M;;Cadet;Masculin;22;0;0;0;0;0;0;;oui;s1:12x16;77dd4e37-0ad8-4991-b392-75f360cdce38
2026 - 2027;s1;Québec-Chaudière-Appalaches;Volleyball;Secondaire;Volleyball J F;;Juvénile;Féminin;89;0;0;0;0;0;0;;oui;s1:12x16;14b845d8-e340-487d-8379-6b87f4086ba3
2026 - 2027;s1;Québec-Chaudière-Appalaches;Volleyball;Secondaire;Volleyball J M;;Juvénile;Masculin;30;0;0;0;0;0;0;;oui;s1:12x16;a3454f88-7b67-4ee9-91e2-0ab2b1352db8
2026 - 2027;s1;Saguenay-Lac-Saint-Jean;Badminton;Secondaire;Badminton B U;;Benjamin;Mixte;7;0;0;0;0;0;0;;oui;s1:13x18;a801957d-c9d5-4970-8102-f7df59ea71a9
2026 - 2027;s1;Saguenay-Lac-Saint-Jean;Badminton;Secondaire;Badminton C U;;Cadet;Mixte;7;0;0;0;0;0;0;;oui;s1:13x18;03774f9a-ca48-4938-a2db-74f3c4030168
2026 - 2027;s1;Saguenay-Lac-Saint-Jean;Badminton;Secondaire;Badminton J U;;Juvénile;Mixte;5;0;0;0;0;0;0;;oui;s1:13x18;571aece5-695f-434a-b9c2-d2324212cd98
2026 - 2027;s1;Saguenay-Lac-Saint-Jean;Badminton;Primaire;Badminton M U;;Moustique;Mixte;2;;;;;;0;;oui;s1:13x18;08a8f90f-f392-473a-933f-dee17f762c90
2026 - 2027;s1;Saguenay-Lac-Saint-Jean;Basketball;Secondaire;Basketball B F D3;D3;Benjamin;Féminin;3;0;0;0;0;0;0;;oui;s1:13x1;fd6bd167-36cd-4f3e-83b3-de7c6ac986f7
2026 - 2027;s1;Saguenay-Lac-Saint-Jean;Basketball;Secondaire;Basketball B F D4;D4;Benjamin;Féminin;7;0;0;0;0;0;0;;oui;s1:13x1;153d5796-ee83-4a30-97f1-deb8038eb6b6
2026 - 2027;s1;Saguenay-Lac-Saint-Jean;Basketball;Secondaire;Basketball B M D3;D3;Benjamin;Masculin;3;0;0;0;0;0;0;;oui;s1:13x1;686eabb1-dd8f-4f95-81db-074d60706bf5
2026 - 2027;s1;Saguenay-Lac-Saint-Jean;Basketball;Secondaire;Basketball B M D4 Niveau 1;D4;Benjamin;Masculin;7;0;0;0;0;0;0;;oui;s1:13x1;c6bfac7c-9d22-47b5-814d-7144cae40377
2026 - 2027;s1;Saguenay-Lac-Saint-Jean;Basketball;Secondaire;Basketball B M D4 Niveau 2 Lac-St-Jean;D4;Benjamin;Masculin;4;0;0;0;0;0;0;;oui;s1:13x1;bcfdef26-69ce-4797-89e7-28c26ed0575e
2026 - 2027;s1;Saguenay-Lac-Saint-Jean;Basketball;Secondaire;Basketball B M D4 Niveau 2 Saguenay;D4;Benjamin;Masculin;8;0;0;0;0;0;0;;oui;s1:13x1;ade62b27-c3b2-4eb7-8016-a68108e2669b
2026 - 2027;s1;Saguenay-Lac-Saint-Jean;Basketball;Secondaire;Basketball C M D4;D4;Cadet;Masculin;8;0;0;0;0;0;0;;oui;s1:13x1;2ce1aebf-9ef6-4957-91f1-a9302e95f96d
2026 - 2027;s1;Saguenay-Lac-Saint-Jean;Basketball;Secondaire;Basketball J F D3;D3;Juvénile;Féminin;3;0;0;0;0;0;0;;oui;s1:13x1;47148ea5-6e2f-410f-894c-832b04afa7bb
2026 - 2027;s1;Saguenay-Lac-Saint-Jean;Basketball;Secondaire;Basketball J F D4;D4;Juvénile;Féminin;5;0;0;0;0;0;0;;oui;s1:13x1;c86b8c88-aca8-4d1c-b1a8-0b20d773521b
2026 - 2027;s1;Saguenay-Lac-Saint-Jean;Basketball;Secondaire;Basketball J M D3;D3;Juvénile;Masculin;4;0;0;0;0;0;0;;oui;s1:13x1;9a467d61-5f26-43f3-ba25-c53e32196f6e
2026 - 2027;s1;Saguenay-Lac-Saint-Jean;Basketball;Secondaire;Basketball J M D4 Niveau 1;D4;Juvénile;Masculin;9;0;0;0;0;0;0;;oui;s1:13x1;f0ebecaa-50a3-4a52-980e-1529cf428cc5
2026 - 2027;s1;Saguenay-Lac-Saint-Jean;Basketball;Secondaire;Basketball J M D4 Niveau 2;D4;Juvénile;Masculin;11;0;0;0;0;0;0;;oui;s1:13x1;a5fb8354-c40b-42e0-8018-adacedfd1f89
2026 - 2027;s1;Saguenay-Lac-Saint-Jean;Cheerleading;Secondaire;Cheerleading B U Niveau 1;;Benjamin;Mixte;3;0;0;0;0;0;0;;oui;s1:13x2;9a3ee926-550c-4635-8c45-7c171286359e
2026 - 2027;s1;Saguenay-Lac-Saint-Jean;Cheerleading;Secondaire;Cheerleading B U Niveau 2;;Benjamin;Mixte;1;0;0;0;0;0;0;;oui;s1:13x2;6d28716b-f79d-4e40-8315-b3258887b01c
2026 - 2027;s1;Saguenay-Lac-Saint-Jean;Cheerleading;Secondaire;Cheerleading C U Niveau 3;;Cadet;Mixte;1;0;0;0;0;0;0;;oui;s1:13x2;7a3398bf-4ae1-40f6-90db-88dc4a01df0f
2026 - 2027;s1;Saguenay-Lac-Saint-Jean;Cheerleading;Secondaire;Cheerleading J U Niveau 3;;Juvénile;Mixte;0;0;0;0;0;0;0;;oui;s1:13x2;12aba90f-3836-4c35-ae88-868abe49f7cd
2026 - 2027;s1;Saguenay-Lac-Saint-Jean;Cheerleading;Secondaire;Cheerleading O U Niveau 1;;Ouvert;Mixte;5;0;0;0;0;0;0;;oui;s1:13x2;93c5640c-0651-4585-a677-11cb0bbaaeef
2026 - 2027;s1;Saguenay-Lac-Saint-Jean;Cheerleading;Secondaire;Cheerleading O U Niveau 2;;Ouvert;Mixte;1;0;0;0;0;0;0;;oui;s1:13x2;d1b31c08-b2a6-464e-8bb8-e8078569bce0
2026 - 2027;s1;Saguenay-Lac-Saint-Jean;Cheerleading;Secondaire;Cheerleading O U Niveau 2 .0;;Ouvert;Mixte;4;0;0;0;0;0;0;;oui;s1:13x2;be0447e5-5dd6-4384-aa98-c3232af3adfa
2026 - 2027;s1;Saguenay-Lac-Saint-Jean;Cheerleading;Secondaire;Cheerleading O U Niveau 3;;Ouvert;Mixte;0;0;0;0;0;0;0;;oui;s1:13x2;700bf698-4dd2-4009-9af6-5661c2c0a4cb
2026 - 2027;s1;Saguenay-Lac-Saint-Jean;Cheerleading;Secondaire;Cheerleading O U Niveau 3 .0;;Ouvert;Mixte;2;0;0;0;0;0;0;;oui;s1:13x2;71c2880d-5bc3-40b8-a82e-319269986e4a
2026 - 2027;s1;Saguenay-Lac-Saint-Jean;Cross-country;Primaire;Cross-country A F;;Atome;Féminin;54;;;;;;0;;oui;s1:13x3;3219139e-b79d-4969-b5b6-ff1490057137
2026 - 2027;s1;Saguenay-Lac-Saint-Jean;Cross-country;Primaire;Cross-country A M;;Atome;Masculin;51;;;;;;0;;oui;s1:13x3;0f23cfe2-49e1-43d1-b83a-ccdca36eed65
2026 - 2027;s1;Saguenay-Lac-Saint-Jean;Cross-country;Secondaire;Cross-country B F;;Benjamin;Féminin;22;0;0;0;0;0;0;;oui;s1:13x3;689f543e-b812-44b7-9141-fd332a3445d4
2026 - 2027;s1;Saguenay-Lac-Saint-Jean;Cross-country;Secondaire;Cross-country B M;;Benjamin;Masculin;29;0;0;0;0;0;0;;oui;s1:13x3;f93d0670-3733-40a4-a09b-c72a000a7e5c
2026 - 2027;s1;Saguenay-Lac-Saint-Jean;Cross-country;Secondaire;Cross-country C F;;Cadet;Féminin;16;0;0;0;0;0;0;;oui;s1:13x3;ca6c3bea-37f9-4d7d-a348-a09888886d5b
2026 - 2027;s1;Saguenay-Lac-Saint-Jean;Cross-country;Secondaire;Cross-country C M;;Cadet;Masculin;17;0;0;0;0;0;0;;oui;s1:13x3;95d4248a-3f3e-42e4-a2b4-b8eda2ffbf42
2026 - 2027;s1;Saguenay-Lac-Saint-Jean;Cross-country;Primaire;Cross-country Co F;;Colibri;Féminin;11;;;;;;0;;oui;s1:13x3;979c7fe1-c4fe-4155-b0fa-a34a26f79318
2026 - 2027;s1;Saguenay-Lac-Saint-Jean;Cross-country;Primaire;Cross-country Co M;;Colibri;Masculin;10;;;;;;0;;oui;s1:13x3;90641e34-99bf-4c9a-8cb6-a144e2b8b5c6
2026 - 2027;s1;Saguenay-Lac-Saint-Jean;Cross-country;Secondaire;Cross-country J F;;Juvénile;Féminin;15;0;0;0;0;0;0;;oui;s1:13x3;17e7baaa-777b-448e-a86c-05aa26b819c3
2026 - 2027;s1;Saguenay-Lac-Saint-Jean;Cross-country;Secondaire;Cross-country J M;;Juvénile;Masculin;19;0;0;0;0;0;0;;oui;s1:13x3;5251493b-a4c8-4d42-850b-d3f98946d3fe
2026 - 2027;s1;Saguenay-Lac-Saint-Jean;Cross-country;Primaire;Cross-country M F;;Moustique;Féminin;64;;;;;;0;;oui;s1:13x3;5c069f8d-743d-425a-b24c-9fe7e5f73b8a
2026 - 2027;s1;Saguenay-Lac-Saint-Jean;Cross-country;Primaire;Cross-country M M;;Moustique;Masculin;65;;;;;;0;;oui;s1:13x3;185ee37a-387c-4f6a-940a-31363c7cbf31
2026 - 2027;s1;Saguenay-Lac-Saint-Jean;Dek Hockey;Primaire;Dek Hockey M U;;Moustique;Mixte;10;;;;;;0;;oui;s1:13x53;e6b077b6-dda6-4fab-a78f-9c03f7896540
2026 - 2027;diffusion+s1;Saguenay-Lac-Saint-Jean;Football;Secondaire;Football B M D4;D4;Benjamin;Masculin;5;18;15;3;0;0;18;14;oui;d:13x5 s1:13x5;61f607be-dca6-4e92-9e60-4be70d844912
2026 - 2027;diffusion+s1;Saguenay-Lac-Saint-Jean;Football;Secondaire;Football J M D4;D4;Juvénile;Masculin;5;18;15;3;0;0;18;14;oui;d:13x5 s1:13x5;29567391-3f0a-4e41-b132-f018c5acdd9a
2026 - 2027;s1;Saguenay-Lac-Saint-Jean;Golf;Secondaire;Golf B U;;Benjamin;Mixte;7;0;0;0;0;0;0;;oui;s1:13x6;dd8ae51d-d863-4b55-9bcd-60aa76780099
2026 - 2027;s1;Saguenay-Lac-Saint-Jean;Golf;Secondaire;Golf C U;;Cadet;Mixte;8;0;0;0;0;0;0;;oui;s1:13x6;e7a29bf7-f1fd-4015-adbe-14e4af52a594
2026 - 2027;s1;Saguenay-Lac-Saint-Jean;Golf;Secondaire;Golf J U;;Juvénile;Mixte;8;0;0;0;0;0;0;;oui;s1:13x6;fb85fcc4-ad45-49d4-8e88-c7f0f06d6151
2026 - 2027;s1;Saguenay-Lac-Saint-Jean;Hockey;Secondaire;Hockey B M D4;D4;Benjamin;Masculin;8;0;0;0;0;0;0;;oui;s1:13x9;275cbda2-fcc8-4c15-9ebf-1ee054831e6d
2026 - 2027;s1;Saguenay-Lac-Saint-Jean;Hockey;Secondaire;Hockey C M D4;D4;Cadet;Masculin;5;0;0;0;0;0;0;;oui;s1:13x9;c4d8823f-4896-43b1-b285-8e74c6b4c786
2026 - 2027;s1;Saguenay-Lac-Saint-Jean;Hockey;Secondaire;Hockey J M D4;D4;Juvénile;Masculin;9;0;0;0;0;0;0;;oui;s1:13x9;60107b07-17d4-47dc-b6e7-a9ee703985c2
2026 - 2027;s1;Saguenay-Lac-Saint-Jean;Soccer;Secondaire;Soccer B U;;Benjamin;Mixte;8;0;0;0;0;0;0;;oui;s1:13x13;c776887c-f80e-48cb-b9d9-d06db2f752f5
2026 - 2027;s1;Saguenay-Lac-Saint-Jean;Soccer;Secondaire;Soccer J U;;Juvénile;Mixte;4;0;0;0;0;0;0;;oui;s1:13x13;7a818fc9-0776-47f2-a0d2-cd1501c43367
2026 - 2027;s1;Saguenay-Lac-Saint-Jean;Volleyball;Secondaire;Volleyball B F D3;D3;Benjamin;Féminin;10;0;0;0;0;0;0;;oui;s1:13x16;675d8388-b647-4232-afcc-2ec350455844
2026 - 2027;s1;Saguenay-Lac-Saint-Jean;Volleyball;Secondaire;Volleyball B F D4 Niveau 1;D4;Benjamin;Féminin;32;0;0;0;0;0;0;;oui;s1:13x16;9bfb062e-9bd0-4ab3-ab67-c6c9eab7e11e
2026 - 2027;s1;Saguenay-Lac-Saint-Jean;Volleyball;Secondaire;Volleyball B M D4 4x4;D4;Benjamin;Masculin;0;0;0;0;0;0;0;;oui;s1:13x16;ef8ab25b-9b95-4860-9c58-78c7fa68abfc
2026 - 2027;s1;Saguenay-Lac-Saint-Jean;Volleyball;Secondaire;Volleyball C F D3;D3;Cadet;Féminin;11;0;0;0;0;0;0;;oui;s1:13x16;609d8a07-06d0-4a36-b4c4-ebb11c0302ce
2026 - 2027;s1;Saguenay-Lac-Saint-Jean;Volleyball;Secondaire;Volleyball C F D4 Niveau 1;D4;Cadet;Féminin;34;0;0;0;0;0;0;;oui;s1:13x16;d668e2f9-c534-4035-a666-025e3d5fe8fe
2026 - 2027;s1;Saguenay-Lac-Saint-Jean;Volleyball;Secondaire;Volleyball C M D4 4x4;D4;Cadet;Masculin;0;0;0;0;0;0;0;;oui;s1:13x16;32b51bcb-427a-4eec-a14e-fab2416480d5
2026 - 2027;diffusion+s1;Saguenay-Lac-Saint-Jean;Volleyball;Secondaire;Volleyball J F D3;D3;Juvénile;Féminin;9;0;0;0;0;0;0;;oui;d:13x16 s1:13x16;2c64bde1-0deb-4717-ad64-15114757d70c
2026 - 2027;diffusion+s1;Saguenay-Lac-Saint-Jean;Volleyball;Secondaire;Volleyball J F D4;D4;Juvénile;Féminin;15;0;0;0;0;0;0;;oui;d:13x16 s1:13x16;e3fffbfb-5a81-4a03-8d44-1e1a3707502f
2026 - 2027;s1;Saguenay-Lac-Saint-Jean;Volleyball;Secondaire;Volleyball J M D4 4x4;D4;Juvénile;Masculin;16;0;0;0;0;0;0;;oui;s1:13x16;070b7af9-0d11-45ba-8602-1062f048326f
