a_creer;confiance;secteur;sport;sport_nexus;sexe_nexus;region;nom_rseq;ecole;ville;categorie;division;sexe;rseq_team_id;ecole_id;comment;doublon_2026;athletes_restes_2025;matchs;matchs_en_base;source;ligues
oui;haute;Collégial;Badminton;Badminton;Mixte;Provincial;Abitibi-Témisc.;Cégep de l'Abitibi-Témiscamingue;Rouyn-Noranda;Collégial;D2;Mixte;39c4e62e-c5d5-44d5-afcc-3553aa07aaa3;e55589cc-4ac2-409e-bcab-60bd531f8186;InstitutionId RSEQ;;;20;0;ligue absente;Badminton C U D2 Sud-Ouest
oui;haute;Collégial;Badminton;Badminton;Mixte;Provincial;Beauce-Appalaches;Cégep Beauce-Appalaches;Saint-Georges;Collégial;D2;Mixte;32ac5fff-5a0e-4597-9165-5be3b4b817d0;eab74df7-0aa6-438d-b5d8-2bcca8f6048a;InstitutionId RSEQ;;;12;0;ligue absente;Badminton C U D2 Nord-Est QCA-EDQ
oui;haute;Collégial;Badminton;Badminton;Mixte;Provincial;Bois-de-Boulogne;Collège de Bois-de-Boulogne;Montréal;Collégial;D2;Mixte;e40a772f-04fe-4286-874d-ff7e9a2cd49c;38b003b6-be02-4f7a-a548-d26e103f7e97;InstitutionId RSEQ;;;20;0;ligue absente;Badminton C U D2 Sud-Ouest
oui;haute;Collégial;Badminton;Badminton;Mixte;Provincial;Ch.-St-Lambert;Champlain College Saint-Lambert;Saint-Lambert;Collégial;D3;Mixte;ad986bf1-3ed5-43fa-8398-424e0254cfa2;8a2f3c2b-0e78-47ee-b6cc-bb9a80c6ca2d;InstitutionId RSEQ;;;21;0;ligue absente;Badminton C U D3 Sud-Ouest
oui;haute;Collégial;Badminton;Badminton;Mixte;Provincial;Dawson;Dawson College;Montréal;Collégial;D3;Mixte;86e9a25b-9e94-462b-b4c9-27064fa228ee;6a9c6dce-7521-4bb9-b8c7-1af4671e9889;InstitutionId RSEQ;;;21;0;ligue absente;Badminton C U D3 Sud-Ouest
oui;haute;Collégial;Badminton;Badminton;Mixte;Provincial;Drummondville;Cégep de Drummondville;Drummondville;Collégial;D2;Mixte;588dfa95-36af-47e4-8684-f4024875b431;3cfd174c-95fe-4b82-b96c-61a045e8e5d9;InstitutionId RSEQ;;;8;0;ligue absente;Badminton C U D2 Nord-Est CQ
oui;haute;Collégial;Badminton;Badminton;Mixte;Provincial;Édouard-Montpetit;Cégep Édouard-Montpetit;Montréal;Collégial;D2;Mixte;69767a19-b7d7-4693-92a3-e6c8765fd76e;197886cf-3948-4c69-afa8-0d24de26c37f;InstitutionId RSEQ;;;20;0;ligue absente;Badminton C U D2 Sud-Ouest
oui;haute;Collégial;Badminton;Badminton;Mixte;Provincial;Garneau;Cégep Garneau;Québec;Collégial;D2;Mixte;5d3d6acf-e986-473e-a4fc-e60816220f91;eade6d14-a725-409f-a6d9-47f4770eda4a;InstitutionId RSEQ;;;12;0;ligue absente;Badminton C U D2 Nord-Est QCA-EDQ
oui;haute;Collégial;Badminton;Badminton;Mixte;Provincial;Gérald-Godin;Cégep Gérald-Godin;Montréal;Collégial;D3;Mixte;2aa07ff1-7d3d-4a84-ba1d-cc5a1dc608f8;d49956fe-488a-4caa-9428-6de29f2cb5a1;InstitutionId RSEQ;;;21;0;ligue absente;Badminton C U D3 Sud-Ouest
oui;haute;Collégial;Badminton;Badminton;Mixte;Provincial;Granby;Cégep de Granby;Granby;Collégial;D2;Mixte;c88074ce-bad0-4ad3-b384-d80368b7c422;98332099-2968-4b11-83ac-fdfe064d3079;InstitutionId RSEQ;;;8;0;ligue absente;Badminton C U D2 Nord-Est CQ
oui;haute;Collégial;Badminton;Badminton;Mixte;Provincial;Jean-de-Brébeuf;Collège Jean-de-Brébeuf;Montréal;Collégial;D3;Mixte;9a7dc9f2-d2cc-4b1d-86f2-81a292544ddb;53c3d88d-452a-4e2e-8e4d-aeab3b6b14a5;InstitutionId RSEQ;;;21;0;ligue absente;Badminton C U D3 Sud-Ouest
oui;haute;Collégial;Badminton;Badminton;Mixte;Provincial;La Pocatière;Cégep de La Pocatière;La Pocatière;Collégial;D2;Mixte;ef075248-ffed-4ac4-b165-70621926912f;4927bfc9-4003-4ce3-ba80-df53343d15ad;InstitutionId RSEQ;;;12;0;ligue absente;Badminton C U D2 Nord-Est QCA-EDQ
oui;haute;Collégial;Badminton;Badminton;Mixte;Provincial;Lévis;Cégep de Lévis;Lévis;Collégial;D2;Mixte;9cd62fc0-31bc-4a88-aea7-845c69758fd1;de1f23ea-a64e-483a-b7a6-7e2c2fdf053a;InstitutionId RSEQ;;;12;0;ligue absente;Badminton C U D2 Nord-Est QCA-EDQ
oui;haute;Collégial;Badminton;Badminton;Mixte;Provincial;Lionel-Groulx;Collège Lionel-Groulx;Sainte-Thérèse;Collégial;D2;Mixte;20ad934d-c313-43dd-9967-c5e8897fa8bb;f7fafd77-a20b-4f96-8db5-afb999e7e4d9;InstitutionId RSEQ;;;20;0;ligue absente;Badminton C U D2 Sud-Ouest
oui;haute;Collégial;Badminton;Badminton;Mixte;Provincial;Marianopolis;Collège Marianopolis;Westmount;Collégial;D2;Mixte;7a335aea-b32b-4f69-b484-388ad888c6ad;c0b63557-8768-44cd-b9d6-2160ab90a6cb;InstitutionId RSEQ;;;20;0;ligue absente;Badminton C U D2 Sud-Ouest
oui;haute;Collégial;Badminton;Badminton;Mixte;Provincial;Marie-Victorin;Cégep Marie-Victorin;Montréal;Collégial;D3;Mixte;bd55ed19-4682-4347-954a-5771a2b239f1;35ed7851-535d-4620-8673-13e71a7c3dc3;InstitutionId RSEQ;;;21;0;ligue absente;Badminton C U D3 Sud-Ouest
oui;"confirmée BP (École secondaire de Matane, pas le cégep)";Collégial;Badminton;Badminton;Mixte;Provincial;Matane;École secondaire de Matane;Rimouski;Collégial;D2;Mixte;16742cae-1883-4c4d-93dd-df4735c4741c;da845de0-6698-4110-98bb-15c0e7c35bfd;décision BP;;;12;0;ligue absente;Badminton C U D2 Nord-Est QCA-EDQ
oui;haute;Collégial;Badminton;Badminton;Mixte;Provincial;Montmorency;Collège Montmorency;Laval;Collégial;D3;Mixte;5de5989a-3eb0-431e-9ba2-bc76c6bbcf56;ee2d611c-d140-417c-bbaf-d6353a7a1229;InstitutionId RSEQ;;;21;0;ligue absente;Badminton C U D3 Sud-Ouest
oui;haute;Collégial;Badminton;Badminton;Mixte;Provincial;Outaouais;Cégep de l'Outaouais;Gatineau;Collégial;D2;Mixte;4d1c22e9-6d1b-4ef7-a867-e579d18fb03b;103c0ac1-9e07-4341-a5a2-af799d0879a8;InstitutionId RSEQ;;;20;0;ligue absente;Badminton C U D2 Sud-Ouest
oui;haute;Collégial;Badminton;Badminton;Mixte;Provincial;Rimouski;Cégep de Rimouski;Rimouski;Collégial;D2;Mixte;3db6b273-09ae-4f73-a010-79afe1397cdb;3ab3f7ad-4396-4c57-b823-27c8b105d2b0;InstitutionId RSEQ;;;12;0;ligue absente;Badminton C U D2 Nord-Est QCA-EDQ
oui;haute;Collégial;Badminton;Badminton;Mixte;Provincial;Sainte-Anne;Collégial international Sainte-Anne;Montréal;Collégial;D3;Mixte;f72018be-2052-4c2e-8778-bd3e4d8255bd;e3f40209-09ce-4384-ab12-df1c8e12b034;InstitutionId RSEQ;;;21;0;ligue absente;Badminton C U D3 Sud-Ouest
oui;haute;Collégial;Badminton;Badminton;Mixte;Provincial;Sainte-Foy;Cégep de Sainte-Foy;Québec;Collégial;D2;Mixte;21ffe7f2-0a59-4785-bd5c-d660584d889e;9bff70c3-f656-44e7-9566-79355ea716bd;InstitutionId RSEQ;;;12;0;ligue absente;Badminton C U D2 Nord-Est QCA-EDQ
oui;haute;Collégial;Badminton;Badminton;Mixte;Provincial;Sherbrooke;Cégep de Sherbrooke;Sherbrooke;Collégial;D2;Mixte;e4184f05-2c9b-42d1-90e3-840d50fc03b9;8a330cf7-76fa-4761-8cbd-df223e6c4cbd;InstitutionId RSEQ;;;8;0;ligue absente;Badminton C U D2 Nord-Est CQ
oui;haute;Collégial;Badminton;Badminton;Mixte;Provincial;Trois-Rivières;Cégep de Trois-Rivières;Trois-Rivières;Collégial;D2;Mixte;1203ef51-0888-4c63-9edd-8eda9e4583af;61ed3f9a-f089-4983-87e9-85bab65e1693;InstitutionId RSEQ;;;8;0;ligue absente;Badminton C U D2 Nord-Est CQ
oui;haute;Collégial;Badminton;Badminton;Mixte;Provincial;Valleyfield;Collège de Valleyfield;Salaberry-de-Valleyfield;Collégial;D3;Mixte;95902150-8251-4e8e-817e-b3c5954ffb88;24c038d8-0a12-4516-8404-bca92543cb6a;InstitutionId RSEQ;;;21;0;ligue absente;Badminton C U D3 Sud-Ouest
oui;haute;Collégial;Badminton;Badminton;Mixte;Provincial;Victoriaville;Cégep de Victoriaville;Victoriaville;Collégial;D2;Mixte;ec32ba96-b1a9-4052-994a-e1816ca5fb96;e8c0094e-10c1-43d5-810b-e8048a5c2e87;InstitutionId RSEQ;;;8;0;ligue absente;Badminton C U D2 Nord-Est CQ
oui;haute;Collégial;Basketball;Basketball;Masculin;Provincial;Alma;Cégep d'Alma;Alma;Collégial;D3;Masculin;7ad33e01-ef9b-4d01-9d35-ba387bb09e2e;fda8a4a6-5a48-4a75-8d6e-fb8140dc419a;InstitutionId RSEQ;;;12;0;ligue absente;Basketball C M D3 Nord-Est SLSJ-CN
oui;haute;Collégial;Basketball;Basketball;Masculin;Provincial;André-Grasset;Collège André-Grasset;Montréal;Collégial;D3;Masculin;01d9f693-ef0a-44e2-a3d7-4e13d6b945e2;05841265-fd61-466e-b431-2caa7ec06de9;InstitutionId RSEQ;;;15;0;ligue absente;Basketball C M D3 Sud-Ouest B
oui;haute;Collégial;Basketball;Basketball;Féminin;Provincial;Baie-Comeau;Cégep de Baie-Comeau;Baie-Comeau;Collégial;D3;Féminin;40b4ae81-74a9-4330-b792-f86dcce4541c;a262966a-6210-4c13-8c76-7edfc288b31e;InstitutionId RSEQ;;;12;0;ligue absente;Basketball C F D3 Nord-Est
oui;haute;Collégial;Basketball;Basketball;Masculin;Provincial;Baie-Comeau;Cégep de Baie-Comeau;Baie-Comeau;Collégial;D3;Masculin;46427217-e1a3-418d-bda2-ea000a25e647;a262966a-6210-4c13-8c76-7edfc288b31e;InstitutionId RSEQ;;;12;0;ligue absente;Basketball C M D3 Nord-Est SLSJ-CN
oui;haute;Collégial;Basketball;Basketball;Masculin;Provincial;Beauce-Appalaches;Cégep Beauce-Appalaches;Saint-Georges;Collégial;D3;Masculin;b575bd03-5678-4112-8bfa-ea21516e4092;eab74df7-0aa6-438d-b5d8-2bcca8f6048a;InstitutionId RSEQ;;;12;0;ligue absente;Basketball C M D3 Nord-Est QCA-EDQ
oui;haute;Collégial;Basketball;Basketball;Masculin;Provincial;Bois-de-Boulogne;Collège de Bois-de-Boulogne;Montréal;Collégial;D3;Masculin;e24a6336-f0ef-42f1-9d23-ac25c3be786d;38b003b6-be02-4f7a-a548-d26e103f7e97;InstitutionId RSEQ;;;15;0;ligue absente;Basketball C M D3 Sud-Ouest B
oui;haute;Collégial;Basketball;Basketball;Masculin;Provincial;Ch.-Lennoxville;Champlain College Lennoxville;Sherbrooke;Collégial;D2;Masculin;73e3a35a-e00a-41d9-828a-ac7ef5ac7214;85419c0f-03e8-4e4e-accb-8a30cc4b52c0;InstitutionId RSEQ;;;26;0;ligue absente;Basketball C M D2 Nord-Est CQ A / Basketball C M D2 Nord-Est CQ B
oui;haute;Collégial;Basketball;Basketball;Féminin;Provincial;Ch.-St-Lawrence;Champlain College St-Lawrence;Québec;Collégial;D3;Féminin;4055809d-7cea-4f87-9bb7-63350b1cb670;3c5d9f7d-8188-4b9a-8209-cd0a262c0bca;InstitutionId RSEQ;;;12;0;ligue absente;Basketball C F D3 Nord-Est
oui;haute;Collégial;Basketball;Basketball;Masculin;Provincial;Chicoutimi;Cégep de Chicoutimi;Saguenay;Collégial;D3;Masculin;e540153a-2b6f-45fe-bda4-9922fa336f02;039bb660-34c4-4065-af23-63437d1fcbba;InstitutionId RSEQ;;;12;0;ligue absente;Basketball C M D3 Nord-Est SLSJ-CN
oui;haute;Collégial;Basketball;Basketball;Féminin;Provincial;Drummondville;Cégep de Drummondville;Drummondville;Collégial;D2;Féminin;9465d0c7-810a-455d-b6f9-454238866818;3cfd174c-95fe-4b82-b96c-61a045e8e5d9;InstitutionId RSEQ;;;26;0;ligue absente;Basketball C F D2 Nord-Est CQ A / Basketball C F D2 Nord-Est CQ B
oui;haute;Collégial;Basketball;Basketball;Masculin;Provincial;Drummondville;Cégep de Drummondville;Drummondville;Collégial;D2;Masculin;7aa13584-7f16-4501-ae58-e2ed1a8fc1a7;3cfd174c-95fe-4b82-b96c-61a045e8e5d9;InstitutionId RSEQ;;;26;0;ligue absente;Basketball C M D2 Nord-Est CQ A / Basketball C M D2 Nord-Est CQ B
oui;haute;Collégial;Basketball;Basketball;Féminin;Provincial;Garneau;Cégep Garneau;Québec;Collégial;D3;Féminin;56c73753-8949-47ec-88a9-8c4c471299d8;eade6d14-a725-409f-a6d9-47f4770eda4a;InstitutionId RSEQ;;;12;0;ligue absente;Basketball C F D3 Nord-Est
oui;haute;Collégial;Basketball;Basketball;Masculin;Provincial;Garneau;Cégep Garneau;Québec;Collégial;D3;Masculin;bc6ab59c-ebbc-4363-9f21-17779e03b94e;eade6d14-a725-409f-a6d9-47f4770eda4a;InstitutionId RSEQ;;;12;0;ligue absente;Basketball C M D3 Nord-Est QCA-EDQ
oui;haute;Collégial;Basketball;Basketball;Féminin;Provincial;Granby;Cégep de Granby;Granby;Collégial;D2;Féminin;e065b589-421a-4ce7-833f-f6e0b9cb6acd;98332099-2968-4b11-83ac-fdfe064d3079;InstitutionId RSEQ;;;26;0;ligue absente;Basketball C F D2 Nord-Est CQ A / Basketball C F D2 Nord-Est CQ B
oui;haute;Collégial;Basketball;Basketball;Masculin;Provincial;Granby;Cégep de Granby;Granby;Collégial;D2;Masculin;49982f3f-0175-4959-be05-8bbb04688404;98332099-2968-4b11-83ac-fdfe064d3079;InstitutionId RSEQ;;;26;0;ligue absente;Basketball C M D2 Nord-Est CQ A / Basketball C M D2 Nord-Est CQ B
oui;haute;Collégial;Basketball;Basketball;Masculin;Provincial;Jonquière;Cégep de Jonquière;Saguenay;Collégial;D3;Masculin;d0daf331-b76d-4491-9668-cf9064a98f94;1031135c-56eb-4ce9-8bc0-01a42b7707f4;InstitutionId RSEQ;;;12;0;ligue absente;Basketball C M D3 Nord-Est SLSJ-CN
oui;haute;Collégial;Basketball;Basketball;Masculin;Provincial;La Pocatière;Cégep de La Pocatière;La Pocatière;Collégial;D3;Masculin;cb283ac0-1042-44aa-885f-8edaa57fe413;4927bfc9-4003-4ce3-ba80-df53343d15ad;InstitutionId RSEQ;;;12;0;ligue absente;Basketball C M D3 Nord-Est QCA-EDQ
oui;haute;Collégial;Basketball;Basketball;Féminin;Provincial;Laflèche;Collège Laflèche;Trois-Rivières;Collégial;D2;Féminin;fda2c13a-ae9f-40e4-bb6a-be5f793f37a5;c900fdce-f25b-4d03-8915-ceffc75d62c3;InstitutionId RSEQ;;;26;0;ligue absente;Basketball C F D2 Nord-Est CQ A / Basketball C F D2 Nord-Est CQ B
oui;haute;Collégial;Basketball;Basketball;Féminin;Provincial;Lévis;Cégep de Lévis;Lévis;Collégial;D3;Féminin;182e0e5e-7d8a-4e71-a415-ff4bc692ae2a;de1f23ea-a64e-483a-b7a6-7e2c2fdf053a;InstitutionId RSEQ;;;12;0;ligue absente;Basketball C F D3 Nord-Est
oui;haute;Collégial;Basketball;Basketball;Masculin;Provincial;Lévis;Cégep de Lévis;Lévis;Collégial;D3;Masculin;7bdf8b29-6fbe-411f-a439-190689e42197;de1f23ea-a64e-483a-b7a6-7e2c2fdf053a;InstitutionId RSEQ;;;12;0;ligue absente;Basketball C M D3 Nord-Est QCA-EDQ
oui;haute;Collégial;Basketball;Basketball;Féminin;Provincial;Limoilou;Cégep de Limoilou;Québec;Collégial;D3;Féminin;c73a02fc-b491-49f1-8982-e9cababed363;03bd95e3-3c3c-4161-ae63-5b0678545a66;InstitutionId RSEQ;;;12;0;ligue absente;Basketball C F D3 Nord-Est
oui;haute;Collégial;Basketball;Basketball;Masculin;Provincial;Limoilou;Cégep de Limoilou;Québec;Collégial;D3;Masculin;fb665473-1f5a-4875-9b32-35c332ffa8d4;03bd95e3-3c3c-4161-ae63-5b0678545a66;InstitutionId RSEQ;;;12;0;ligue absente;Basketball C M D3 Nord-Est QCA-EDQ
oui;haute;Collégial;Basketball;Basketball;Masculin;Provincial;Marianopolis;Collège Marianopolis;Westmount;Collégial;D3;Masculin;bfe9daa9-6493-48bc-be79-38ad987eaeee;c0b63557-8768-44cd-b9d6-2160ab90a6cb;InstitutionId RSEQ;;;15;0;ligue absente;Basketball C M D3 Sud-Ouest B
oui;haute;Collégial;Basketball;Basketball;Masculin;Provincial;Marie-Victorin;Cégep Marie-Victorin;Montréal;Collégial;D3;Masculin;39a61fee-635e-4d50-b924-03b3291498ef;35ed7851-535d-4620-8673-13e71a7c3dc3;InstitutionId RSEQ;;;15;0;ligue absente;Basketball C M D3 Sud-Ouest B
oui;haute;Collégial;Basketball;Basketball;Féminin;Provincial;Mérici;Mérici Collégial Privé;Québec;Collégial;D3;Féminin;4f03810c-2e7d-4079-99e0-92979bbfff34;742dc634-7cf6-4a41-b296-1f37c35a3610;InstitutionId RSEQ;;;12;0;ligue absente;Basketball C F D3 Nord-Est
oui;haute;Collégial;Basketball;Basketball;Masculin;Provincial;Mérici;Mérici Collégial Privé;Québec;Collégial;D3;Masculin;94670618-7830-4756-a411-69801454df57;742dc634-7cf6-4a41-b296-1f37c35a3610;InstitutionId RSEQ;;;12;0;ligue absente;Basketball C M D3 Nord-Est QCA-EDQ
oui;haute;Collégial;Basketball;Basketball;Féminin;Provincial;Notre-Dame;Campus Notre-Dame-de-Foy;Saint-Augustin-de-Desmaures;Collégial;D3;Féminin;9d861da0-ac92-4eae-af71-6343385fbd9d;fbe59ef8-99b1-4be6-a72d-2d7768f92299;InstitutionId RSEQ;;;12;0;ligue absente;Basketball C F D3 Nord-Est
oui;haute;Collégial;Basketball;Basketball;Masculin;Provincial;Notre-Dame;Campus Notre-Dame-de-Foy;Saint-Augustin-de-Desmaures;Collégial;D3;Masculin;6be2958a-4d63-40b0-a9b4-4066f084a19f;fbe59ef8-99b1-4be6-a72d-2d7768f92299;InstitutionId RSEQ;;;12;0;ligue absente;Basketball C M D3 Nord-Est QCA-EDQ
oui;haute;Collégial;Basketball;Basketball;Masculin;Provincial;Rosemont;Collège de Rosemont;Montréal;Collégial;D3;Masculin;99056790-8669-4efe-8565-7f3ef6c8a71b;e9276c29-1aee-4bee-a5fc-8a5a9e554f37;InstitutionId RSEQ;;;15;0;ligue absente;Basketball C M D3 Sud-Ouest B
oui;haute;Collégial;Basketball;Basketball;Masculin;Provincial;Saint-Félicien;Cégep de Saint-Félicien;Saint-Félicien;Collégial;D3;Masculin;a2067e2b-6606-4dba-b49e-d4a0773cb31b;a6bca573-294c-4959-b5e7-530b58c2ad4f;InstitutionId RSEQ;;;12;0;ligue absente;Basketball C M D3 Nord-Est SLSJ-CN
oui;haute;Collégial;Basketball;Basketball;Féminin;Provincial;Saint-Hyacinthe;Cégep de Saint-Hyacinthe;Saint-Hyacinthe;Collégial;D2;Féminin;ca0983e7-85d6-4d8b-9684-89eef3418a9a;dfad9036-0d54-4304-906f-91f19542a882;InstitutionId RSEQ;;;26;0;ligue absente;Basketball C F D2 Nord-Est CQ A / Basketball C F D2 Nord-Est CQ B
oui;haute;Collégial;Basketball;Basketball;Masculin;Provincial;Saint-Hyacinthe;Cégep de Saint-Hyacinthe;Saint-Hyacinthe;Collégial;D2;Masculin;8d15b218-9005-4513-b2d8-17a5ed4fbd71;dfad9036-0d54-4304-906f-91f19542a882;InstitutionId RSEQ;;;26;0;ligue absente;Basketball C M D2 Nord-Est CQ A / Basketball C M D2 Nord-Est CQ B
oui;haute;Collégial;Basketball;Basketball;Féminin;Provincial;Sainte-Foy;Cégep de Sainte-Foy;Québec;Collégial;D3;Féminin;912c82da-1671-4f88-9ca5-8f4e1e5a3397;9bff70c3-f656-44e7-9566-79355ea716bd;InstitutionId RSEQ;;;12;0;ligue absente;Basketball C F D3 Nord-Est
oui;haute;Collégial;Basketball;Basketball;Masculin;Provincial;Sainte-Foy;Cégep de Sainte-Foy;Québec;Collégial;D3;Masculin;24c9c6bd-69da-424a-b310-a9019f4fe011;9bff70c3-f656-44e7-9566-79355ea716bd;InstitutionId RSEQ;;;12;0;ligue absente;Basketball C M D3 Nord-Est QCA-EDQ
oui;haute;Collégial;Basketball;Basketball;Féminin;Provincial;Séminaire de Sherbrooke;Séminaire de Sherbrooke;Sherbrooke;Collégial;D2;Féminin;965299e0-f613-49eb-a01b-3ba6824a3202;7adaa8e9-015b-4d5b-869e-3646d072935a;InstitutionId RSEQ;;;26;0;ligue absente;Basketball C F D2 Nord-Est CQ A / Basketball C F D2 Nord-Est CQ B
oui;haute;Collégial;Basketball;Basketball;Masculin;Provincial;Séminaire de Sherbrooke;Séminaire de Sherbrooke;Sherbrooke;Collégial;D2;Masculin;028950e6-34ca-4f08-b8b5-7337529be45c;7adaa8e9-015b-4d5b-869e-3646d072935a;InstitutionId RSEQ;;;26;0;ligue absente;Basketball C M D2 Nord-Est CQ A / Basketball C M D2 Nord-Est CQ B
oui;haute;Collégial;Basketball;Basketball;Masculin;Provincial;Sept-Îles;Cégep de Sept-Îles;Sept-Îles;Collégial;D3;Masculin;5a3b64c6-2639-4675-8868-572202ea2c90;e9aed637-e75d-4393-89c9-649498cea8b1;InstitutionId RSEQ;;;12;0;ligue absente;Basketball C M D3 Nord-Est SLSJ-CN
oui;haute;Collégial;Basketball;Basketball;Féminin;Provincial;Shawinigan;Cégep de Shawinigan;Shawinigan;Collégial;D2;Féminin;931b39c9-12d8-4df9-8072-01ace9ee1ce5;613aaadc-0947-43fa-8f89-84f73fdaf8b0;InstitutionId RSEQ;;;26;0;ligue absente;Basketball C F D2 Nord-Est CQ A / Basketball C F D2 Nord-Est CQ B
oui;haute;Collégial;Basketball;Basketball;Masculin;Provincial;Shawinigan;Cégep de Shawinigan;Shawinigan;Collégial;D2;Masculin;893301a6-f8e0-4263-bc82-d0a026fd1b24;613aaadc-0947-43fa-8f89-84f73fdaf8b0;InstitutionId RSEQ;;;26;0;ligue absente;Basketball C M D2 Nord-Est CQ A / Basketball C M D2 Nord-Est CQ B
oui;haute;Collégial;Basketball;Basketball;Féminin;Provincial;Sherbrooke;Cégep de Sherbrooke;Sherbrooke;Collégial;D2;Féminin;68599a7b-b6d7-4b1b-bce7-caa55600af22;8a330cf7-76fa-4761-8cbd-df223e6c4cbd;InstitutionId RSEQ;;;26;0;ligue absente;Basketball C F D2 Nord-Est CQ A / Basketball C F D2 Nord-Est CQ B
oui;haute;Collégial;Basketball;Basketball;Masculin;Provincial;Sherbrooke;Cégep de Sherbrooke;Sherbrooke;Collégial;D2;Masculin;9f7f1bf2-11a8-4a56-ab47-6561f199989d;8a330cf7-76fa-4761-8cbd-df223e6c4cbd;InstitutionId RSEQ;;;26;0;ligue absente;Basketball C M D2 Nord-Est CQ A / Basketball C M D2 Nord-Est CQ B
oui;haute;Collégial;Basketball;Basketball;Féminin;Provincial;Sorel-Tracy;Cégep de Sorel-Tracy;Sorel-Tracy;Collégial;D2;Féminin;8c0749c7-13a0-4d3a-928a-cba989ca65ec;55f424c0-d740-43e5-99f6-38a8fb73e03b;InstitutionId RSEQ;;;26;0;ligue absente;Basketball C F D2 Nord-Est CQ A / Basketball C F D2 Nord-Est CQ B
oui;haute;Collégial;Basketball;Basketball;Masculin;Provincial;Sorel-Tracy;Cégep de Sorel-Tracy;Sorel-Tracy;Collégial;D2;Masculin;d56b4e0a-d4a4-4c68-9423-2a4675378eb4;55f424c0-d740-43e5-99f6-38a8fb73e03b;InstitutionId RSEQ;;;26;0;ligue absente;Basketball C M D2 Nord-Est CQ A / Basketball C M D2 Nord-Est CQ B
oui;haute;Collégial;Basketball;Basketball;Féminin;Provincial;Trois-Rivières;Cégep de Trois-Rivières;Trois-Rivières;Collégial;D2;Féminin;f4c5f91f-2ae4-4b71-a90d-52f160af3ef4;61ed3f9a-f089-4983-87e9-85bab65e1693;InstitutionId RSEQ;;;26;0;ligue absente;Basketball C F D2 Nord-Est CQ A / Basketball C F D2 Nord-Est CQ B
oui;haute;Collégial;Basketball;Basketball;Masculin;Provincial;Trois-Rivières;Cégep de Trois-Rivières;Trois-Rivières;Collégial;D2;Masculin;2a991ddd-1782-4bbb-993e-d16c67db5e84;61ed3f9a-f089-4983-87e9-85bab65e1693;InstitutionId RSEQ;;;26;0;ligue absente;Basketball C M D2 Nord-Est CQ A / Basketball C M D2 Nord-Est CQ B
oui;haute;Collégial;Basketball;Basketball;Masculin;Provincial;Valleyfield;Collège de Valleyfield;Salaberry-de-Valleyfield;Collégial;D3;Masculin;92eaa0b1-0b55-4e38-abfb-5df0b21f72db;24c038d8-0a12-4516-8404-bca92543cb6a;InstitutionId RSEQ;;;15;0;ligue absente;Basketball C M D3 Sud-Ouest B
oui;haute;Collégial;Basketball;Basketball;Féminin;Provincial;Victoriaville;Cégep de Victoriaville;Victoriaville;Collégial;D2;Féminin;1ade5725-9bf4-4e63-bbae-bb8ff6f0ca6e;e8c0094e-10c1-43d5-810b-e8048a5c2e87;InstitutionId RSEQ;;;26;0;ligue absente;Basketball C F D2 Nord-Est CQ A / Basketball C F D2 Nord-Est CQ B
oui;haute;Collégial;Basketball;Basketball;Masculin;Provincial;Victoriaville;Cégep de Victoriaville;Victoriaville;Collégial;D2;Masculin;3a3bc42a-323b-4c83-968e-309541f46058;e8c0094e-10c1-43d5-810b-e8048a5c2e87;InstitutionId RSEQ;;;26;0;ligue absente;Basketball C M D2 Nord-Est CQ A / Basketball C M D2 Nord-Est CQ B
oui;haute;Collégial;Flag football;Flag football;Féminin;Provincial;Gérald-Godin;Cégep Gérald-Godin;Montréal;Collégial;D3;Féminin;d4ade005-332e-46c0-85b2-b1f313c8d646;d49956fe-488a-4caa-9428-6de29f2cb5a1;InstitutionId RSEQ;;;8;0;ligue absente;Flag football C F D3 Sud-Ouest B
oui;haute;Collégial;Flag football;Flag football;Féminin;Provincial;Héritage;Heritage College;Gatineau;Collégial;D3;Féminin;2f2b6a0b-aacd-4d81-b6aa-7ab77f17fb0f;64786fab-69f4-4c57-b910-558cd2cbb58e;InstitutionId RSEQ;;;8;0;ligue absente;Flag football C F D3 Sud-Ouest C
oui;haute;Collégial;Flag football;Flag football;Féminin;Provincial;Jean-de-Brébeuf;Collège Jean-de-Brébeuf;Montréal;Collégial;D3;Féminin;8c144d3e-5f3e-49aa-aa89-a6396431b50a;53c3d88d-452a-4e2e-8e4d-aeab3b6b14a5;InstitutionId RSEQ;;;8;0;ligue absente;Flag football C F D3 Sud-Ouest B
oui;haute;Collégial;Flag football;Flag football;Féminin;Provincial;Joliette;Cégep régional de Lanaudière à Joliette;Joliette;Collégial;D3;Féminin;b7c0e77d-76f5-401e-a3ea-beacbf8d27a8;c8cb3c98-2744-47fa-957b-a00245dbc54d;InstitutionId RSEQ;;;8;0;ligue absente;Flag football C F D3 Sud-Ouest C
oui;haute;Collégial;Flag football;Flag football;Féminin;Provincial;Lionel-Groulx;Collège Lionel-Groulx;Sainte-Thérèse;Collégial;D3;Féminin;b96f844d-43a5-4854-8bb8-f08ebb6fd830;f7fafd77-a20b-4f96-8db5-afb999e7e4d9;InstitutionId RSEQ;;;8;0;ligue absente;Flag football C F D3 Sud-Ouest B
oui;haute;Collégial;Flag football;Flag football;Féminin;Provincial;Maisonneuve;Collège de Maisonneuve;Montréal;Collégial;D3;Féminin;d7c71683-d3c1-4e57-ab50-9eba999ff2d6;af3e3ada-eadb-41ff-8d9f-2f34dd149317;InstitutionId RSEQ;;;8;0;ligue absente;Flag football C F D3 Sud-Ouest B
oui;haute;Collégial;Flag football;Flag football;Féminin;Provincial;Marianopolis;Collège Marianopolis;Westmount;Collégial;D3;Féminin;80c76d27-c8dc-46d0-a1cf-2d96fc51f190;c0b63557-8768-44cd-b9d6-2160ab90a6cb;InstitutionId RSEQ;;;8;0;ligue absente;Flag football C F D3 Sud-Ouest C
oui;haute;Collégial;Flag football;Flag football;Féminin;Provincial;Rosemont;Collège de Rosemont;Montréal;Collégial;D3;Féminin;2f69bb56-abb4-488c-a584-3c0ea9777293;e9276c29-1aee-4bee-a5fc-8a5a9e554f37;InstitutionId RSEQ;;;8;0;ligue absente;Flag football C F D3 Sud-Ouest C
oui;haute;Collégial;Flag football;Flag football;Féminin;Provincial;Sainte-Anne;Collégial international Sainte-Anne;Montréal;Collégial;D3;Féminin;cfc4b2fc-a29a-4c23-a58b-b6b51837c84b;e3f40209-09ce-4384-ab12-df1c8e12b034;InstitutionId RSEQ;;;8;0;ligue absente;Flag football C F D3 Sud-Ouest C
oui;haute;Collégial;Flag football;Flag football;Féminin;Provincial;Universel;Collège Universel;Gatineau;Collégial;D3;Féminin;0f334a4e-c3e0-4f54-99cb-e58c2b2905a2;429211f4-7aad-4903-816d-227eb325ed35;InstitutionId RSEQ;;;8;0;ligue absente;Flag football C F D3 Sud-Ouest C
oui;haute;Collégial;Flag football;Flag football;Féminin;Provincial;Vieux Montréal;Cégep du Vieux Montréal;Montréal;Collégial;D3;Féminin;65edf9cc-e1a6-4a0c-b020-8a0e44831166;2ecca369-433b-402d-9c35-3eaba59e0563;InstitutionId RSEQ;;;8;0;ligue absente;Flag football C F D3 Sud-Ouest B
oui;haute;Collégial;Football;Football;Masculin;Provincial;Chicoutimi;Cégep de Chicoutimi;Saguenay;Collégial;D3;Masculin;ab2aa041-5c5c-4d6d-8c17-794c9f08fd22;039bb660-34c4-4065-af23-63437d1fcbba;InstitutionId RSEQ;;;8;0;ligue absente;Football C M D3 Provincial Nord-Est
oui;haute;Collégial;Football;Football;Masculin;Provincial;Jonquière;Cégep de Jonquière;Saguenay;Collégial;D3;Masculin;adaa126e-f3aa-4e44-96ae-054a2cb73c94;1031135c-56eb-4ce9-8bc0-01a42b7707f4;InstitutionId RSEQ;;;8;0;ligue absente;Football C M D3 Provincial Nord-Est
oui;haute;Collégial;Football;Football;Masculin;Provincial;La Pocatière;Cégep de La Pocatière;La Pocatière;Collégial;D3;Masculin;c54735b4-f2e5-4186-9184-31a5c695127f;4927bfc9-4003-4ce3-ba80-df53343d15ad;InstitutionId RSEQ;;;8;0;ligue absente;Football C M D3 Provincial Nord-Est
oui;haute;Collégial;Football;Football;Masculin;Provincial;Mérici;Mérici Collégial Privé;Québec;Collégial;D3;Masculin;abbb8d0e-36b2-49fd-8a1d-9bb359e473b8;742dc634-7cf6-4a41-b296-1f37c35a3610;InstitutionId RSEQ;;;8;0;ligue absente;Football C M D3 Provincial Nord-Est
oui;haute;Collégial;Football;Football;Masculin;Provincial;Rimouski;Cégep de Rimouski;Rimouski;Collégial;D3;Masculin;222f7996-13bd-4a80-9091-ceea8344c417;3ab3f7ad-4396-4c57-b823-27c8b105d2b0;InstitutionId RSEQ;;;8;0;ligue absente;Football C M D3 Provincial Nord-Est
oui;haute;Collégial;Football;Football;Masculin;Provincial;Thetford;Cégep de Thetford;Thetford Mines;Collégial;D3;Masculin;9d370408-f809-4bfc-a659-d2cae8cba0fe;55925e8f-3575-4c5b-8b4c-7a018e3cee7e;InstitutionId RSEQ;;;8;0;ligue absente;Football C M D3 Provincial Nord-Est
oui;haute;Collégial;Rugby;Rugby;Masculin;Provincial;Baie-Comeau;Cégep de Baie-Comeau;Baie-Comeau;Collégial;;Masculin;3bfc3c88-442b-490c-ad4d-2f210d0e3418;a262966a-6210-4c13-8c76-7edfc288b31e;InstitutionId RSEQ;;;9;0;ligue absente;Rugby C M Nord-Est
oui;haute;Collégial;Rugby;Rugby;Masculin;Provincial;Garneau;Cégep Garneau;Québec;Collégial;;Masculin;507b9449-50fa-447a-83d3-daaea453823f;eade6d14-a725-409f-a6d9-47f4770eda4a;InstitutionId RSEQ;;;9;0;ligue absente;Rugby C M Nord-Est
oui;haute;Collégial;Rugby;Rugby;Masculin;Provincial;Limoilou;Cégep de Limoilou;Québec;Collégial;;Masculin;bff44987-e6b2-4828-9b33-d71be3550ac0;03bd95e3-3c3c-4161-ae63-5b0678545a66;InstitutionId RSEQ;;;9;0;ligue absente;Rugby C M Nord-Est
oui;haute;Collégial;Rugby;Rugby;Masculin;Provincial;Notre-Dame;Campus Notre-Dame-de-Foy;Saint-Augustin-de-Desmaures;Collégial;;Masculin;4f406f20-9f10-427c-8bba-5d7df4eb6808;fbe59ef8-99b1-4be6-a72d-2d7768f92299;InstitutionId RSEQ;;;9;0;ligue absente;Rugby C M Nord-Est
oui;haute;Collégial;Rugby;Rugby;Masculin;Provincial;Sainte-Foy;Cégep de Sainte-Foy;Québec;Collégial;;Masculin;75dfcdbc-65bd-4c8a-8172-ac9c69774ecc;9bff70c3-f656-44e7-9566-79355ea716bd;InstitutionId RSEQ;;;9;0;ligue absente;Rugby C M Nord-Est
oui;haute;Collégial;Rugby;Rugby;Masculin;Provincial;Victoriaville;Cégep de Victoriaville;Victoriaville;Collégial;;Masculin;4b467cce-2989-4ffb-9ae4-f310598fdb2b;e8c0094e-10c1-43d5-810b-e8048a5c2e87;InstitutionId RSEQ;;;9;0;ligue absente;Rugby C M Nord-Est
oui;haute;Collégial;Soccer intérieur;Soccer intérieur;Féminin;Provincial;Abitibi-Témisc.;Cégep de l'Abitibi-Témiscamingue;Rouyn-Noranda;Collégial;;Féminin;2c022f86-04be-4e29-906a-b58a742223c4;e55589cc-4ac2-409e-bcab-60bd531f8186;InstitutionId RSEQ;;;13;0;ligue absente;Soccer intérieur C F Sud-Ouest
oui;haute;Collégial;Soccer intérieur;Soccer intérieur;Masculin;Provincial;Abitibi-Témisc.;Cégep de l'Abitibi-Témiscamingue;Rouyn-Noranda;Collégial;;Masculin;e533ce93-b10f-4690-b1ff-a648a2b91538;e55589cc-4ac2-409e-bcab-60bd531f8186;InstitutionId RSEQ;;;14;0;ligue absente;Soccer intérieur C M Sud-Ouest
oui;haute;Collégial;Soccer intérieur;Soccer intérieur;Féminin;Provincial;Ahuntsic;Collège Ahuntsic;Montréal;Collégial;;Féminin;b6fc1bf3-48a1-4a77-abc3-00b18ad98457;f6ffbe4c-8d82-411a-8188-8b8256816ec6;InstitutionId RSEQ;;;13;0;ligue absente;Soccer intérieur C F Sud-Ouest
oui;haute;Collégial;Soccer intérieur;Soccer intérieur;Féminin;Provincial;André-Grasset;Collège André-Grasset;Montréal;Collégial;;Féminin;0b4e3947-e020-4fa7-b77d-8ea191a7dfad;05841265-fd61-466e-b431-2caa7ec06de9;InstitutionId RSEQ;;;13;0;ligue absente;Soccer intérieur C F Sud-Ouest
oui;haute;Collégial;Soccer intérieur;Soccer intérieur;Masculin;Provincial;André-Grasset;Collège André-Grasset;Montréal;Collégial;;Masculin;2c30cbf4-5246-4a03-920b-a7248ab9bc9b;05841265-fd61-466e-b431-2caa7ec06de9;InstitutionId RSEQ;;;14;0;ligue absente;Soccer intérieur C M Sud-Ouest
oui;haute;Collégial;Soccer intérieur;Soccer intérieur;Masculin;Provincial;Gérald-Godin;Cégep Gérald-Godin;Montréal;Collégial;;Masculin;77fc7e03-a5ec-4fc4-ab1f-b17cf79d05c8;d49956fe-488a-4caa-9428-6de29f2cb5a1;InstitutionId RSEQ;;;14;0;ligue absente;Soccer intérieur C M Sud-Ouest
oui;haute;Collégial;Soccer intérieur;Soccer intérieur;Féminin;Provincial;Jean-de-Brébeuf;Collège Jean-de-Brébeuf;Montréal;Collégial;;Féminin;14c02c76-a881-4f3b-ad84-20dd40bcff09;53c3d88d-452a-4e2e-8e4d-aeab3b6b14a5;InstitutionId RSEQ;;;13;0;ligue absente;Soccer intérieur C F Sud-Ouest
oui;haute;Collégial;Soccer intérieur;Soccer intérieur;Masculin;Provincial;Jean-de-Brébeuf;Collège Jean-de-Brébeuf;Montréal;Collégial;;Masculin;9d7433d9-7950-421e-a2a4-9e9aa44f6dce;53c3d88d-452a-4e2e-8e4d-aeab3b6b14a5;InstitutionId RSEQ;;;14;0;ligue absente;Soccer intérieur C M Sud-Ouest
oui;haute;Collégial;Soccer intérieur;Soccer intérieur;Féminin;Provincial;Joliette;Cégep régional de Lanaudière à Joliette;Joliette;Collégial;;Féminin;23a657c1-7232-4758-9ecf-c030f3a907fc;c8cb3c98-2744-47fa-957b-a00245dbc54d;InstitutionId RSEQ;;;13;0;ligue absente;Soccer intérieur C F Sud-Ouest
oui;haute;Collégial;Soccer intérieur;Soccer intérieur;Féminin;Provincial;Marie-Victorin;Cégep Marie-Victorin;Montréal;Collégial;;Féminin;974e5d04-571a-4996-a6e5-6f4d5faf005a;35ed7851-535d-4620-8673-13e71a7c3dc3;InstitutionId RSEQ;;;13;0;ligue absente;Soccer intérieur C F Sud-Ouest
oui;haute;Collégial;Soccer intérieur;Soccer intérieur;Masculin;Provincial;Marie-Victorin;Cégep Marie-Victorin;Montréal;Collégial;;Masculin;48fc5d96-475d-40d1-ba81-9794be273517;35ed7851-535d-4620-8673-13e71a7c3dc3;InstitutionId RSEQ;;;14;0;ligue absente;Soccer intérieur C M Sud-Ouest
oui;haute;Collégial;Soccer intérieur;Soccer intérieur;Féminin;Provincial;Outaouais;Cégep de l'Outaouais;Gatineau;Collégial;;Féminin;2f14ba85-4803-4843-ba17-4d83f24e81f3;103c0ac1-9e07-4341-a5a2-af799d0879a8;InstitutionId RSEQ;;;13;0;ligue absente;Soccer intérieur C F Sud-Ouest
oui;haute;Collégial;Soccer intérieur;Soccer intérieur;Féminin;Provincial;Saint-Jérôme;Cégep de Saint-Jérôme;Saint-Jérôme;Collégial;;Féminin;68f303d4-e2a0-40cb-ac14-d05ece7bf1db;20d2b5d3-0916-4fd0-b645-1b604a3c4877;InstitutionId RSEQ;;;13;0;ligue absente;Soccer intérieur C F Sud-Ouest
oui;haute;Collégial;Soccer intérieur;Soccer intérieur;Féminin;Provincial;Terrebonne;Cégep régional de Lanaudière à Terrebonne;Terrebonne;Collégial;;Féminin;9dee648b-dc8f-417f-859e-6daf168e1064;12500ceb-c937-4529-b284-d3433b931326;InstitutionId RSEQ;;;13;0;ligue absente;Soccer intérieur C F Sud-Ouest
oui;haute;Collégial;Soccer intérieur;Soccer intérieur;Masculin;Provincial;Terrebonne;Cégep régional de Lanaudière à Terrebonne;Terrebonne;Collégial;;Masculin;b73e9855-57d6-4e56-a83b-7194439907e5;12500ceb-c937-4529-b284-d3433b931326;InstitutionId RSEQ;;;14;0;ligue absente;Soccer intérieur C M Sud-Ouest
oui;haute;Collégial;Soccer intérieur;Soccer intérieur;Masculin;Provincial;Universel;Collège Universel;Gatineau;Collégial;;Masculin;195d3cb2-487d-44ea-9281-2a59d4577376;429211f4-7aad-4903-816d-227eb325ed35;InstitutionId RSEQ;;;14;0;ligue absente;Soccer intérieur C M Sud-Ouest
oui;haute;Collégial;Soccer intérieur;Soccer intérieur;Féminin;Provincial;Valleyfield;Collège de Valleyfield;Salaberry-de-Valleyfield;Collégial;;Féminin;56aa48e3-4de2-4435-b3be-e300e92c5c01;24c038d8-0a12-4516-8404-bca92543cb6a;InstitutionId RSEQ;;;13;0;ligue absente;Soccer intérieur C F Sud-Ouest
oui;haute;Collégial;Soccer intérieur;Soccer intérieur;Masculin;Provincial;Valleyfield;Collège de Valleyfield;Salaberry-de-Valleyfield;Collégial;;Masculin;525fc1a1-e98c-47b0-a43f-73dc1846a4f7;24c038d8-0a12-4516-8404-bca92543cb6a;InstitutionId RSEQ;;;14;0;ligue absente;Soccer intérieur C M Sud-Ouest
oui;haute;Collégial;Soccer;Soccer;Féminin;Provincial;Ch.-Lennoxville;Champlain College Lennoxville;Sherbrooke;Collégial;D2;Féminin;4f4983e8-5e8b-48b0-a3ff-491bbda96b03;85419c0f-03e8-4e4e-accb-8a30cc4b52c0;InstitutionId RSEQ;;;8;0;ligue absente;Soccer C F D2 Nord-Est CQ
oui;haute;Collégial;Soccer;Soccer;Masculin;Provincial;Drummondville;Cégep de Drummondville;Drummondville;Collégial;D2;Masculin;910fc45a-571f-46e5-8c46-95e6ec71f0b0;3cfd174c-95fe-4b82-b96c-61a045e8e5d9;InstitutionId RSEQ;;;8;0;ligue absente;Soccer C M D2 Nord-Est CQ
oui;haute;Collégial;Soccer;Soccer;Féminin;Provincial;Granby;Cégep de Granby;Granby;Collégial;D2;Féminin;6ba50c57-09cc-4375-aef9-c36df6db1022;98332099-2968-4b11-83ac-fdfe064d3079;InstitutionId RSEQ;;;8;0;ligue absente;Soccer C F D2 Nord-Est CQ
oui;haute;Collégial;Soccer;Soccer;Masculin;Provincial;Granby;Cégep de Granby;Granby;Collégial;D2;Masculin;35aacf87-b30c-4c41-9c8e-0241191c7dbf;98332099-2968-4b11-83ac-fdfe064d3079;InstitutionId RSEQ;;;8;0;ligue absente;Soccer C M D2 Nord-Est CQ
oui;moyenne;Collégial;Soccer;Soccer;Féminin;Provincial;Jonquière;Cégep de Jonquière;Saguenay;Collégial;D2;Féminin;ad6b3368-7dbf-4163-a90e-8fb7d2026546;1031135c-56eb-4ce9-8bc0-01a42b7707f4;même nom RSEQ qu'une équipe 2025;;;8;8;base;Soccer C F D2 Nord-Est QCA-EDQ-SLSJ (A) (2026-2027)
oui;haute;Collégial;Soccer;Soccer;Féminin;Provincial;Saint-Hyacinthe;Cégep de Saint-Hyacinthe;Saint-Hyacinthe;Collégial;D2;Féminin;725dcd50-001d-436b-baad-6a8573b8ddad;dfad9036-0d54-4304-906f-91f19542a882;InstitutionId RSEQ;;;8;0;ligue absente;Soccer C F D2 Nord-Est CQ
oui;haute;Collégial;Soccer;Soccer;Féminin;Provincial;Sherbrooke;Cégep de Sherbrooke;Sherbrooke;Collégial;D2;Féminin;7b6aef49-441b-4b43-b75c-31bd79d34ab8;8a330cf7-76fa-4761-8cbd-df223e6c4cbd;InstitutionId RSEQ;;;8;0;ligue absente;Soccer C F D2 Nord-Est CQ
oui;haute;Collégial;Soccer;Soccer;Masculin;Provincial;Sherbrooke;Cégep de Sherbrooke;Sherbrooke;Collégial;D2;Masculin;ac231607-b0b8-48d2-a46b-b3a957c898ee;8a330cf7-76fa-4761-8cbd-df223e6c4cbd;InstitutionId RSEQ;;;8;0;ligue absente;Soccer C M D2 Nord-Est CQ
oui;haute;Collégial;Soccer;Soccer;Féminin;Provincial;Trois-Rivières;Cégep de Trois-Rivières;Trois-Rivières;Collégial;D2;Féminin;8c00b4cc-c53b-490d-8b85-6a40462d1aec;61ed3f9a-f089-4983-87e9-85bab65e1693;InstitutionId RSEQ;;;8;0;ligue absente;Soccer C F D2 Nord-Est CQ
oui;haute;Collégial;Soccer;Soccer;Masculin;Provincial;Trois-Rivières;Cégep de Trois-Rivières;Trois-Rivières;Collégial;D2;Masculin;f182dddb-5a8c-489d-a124-99f70415fae3;61ed3f9a-f089-4983-87e9-85bab65e1693;InstitutionId RSEQ;;;8;0;ligue absente;Soccer C M D2 Nord-Est CQ
oui;haute;Collégial;Soccer;Soccer;Féminin;Provincial;Victoriaville;Cégep de Victoriaville;Victoriaville;Collégial;D2;Féminin;5130a735-0804-40e9-be98-9ca5940f494c;e8c0094e-10c1-43d5-810b-e8048a5c2e87;InstitutionId RSEQ;;;8;0;ligue absente;Soccer C F D2 Nord-Est CQ
oui;haute;Collégial;Soccer;Soccer;Masculin;Provincial;Victoriaville;Cégep de Victoriaville;Victoriaville;Collégial;D2;Masculin;610832dd-eb86-4681-849f-8a67cec1971b;e8c0094e-10c1-43d5-810b-e8048a5c2e87;InstitutionId RSEQ;;;8;0;ligue absente;Soccer C M D2 Nord-Est CQ
oui;haute;Collégial;Volleyball;Volleyball;Féminin;Provincial;Alma;Cégep d'Alma;Alma;Collégial;D2;Féminin;3ca40f35-c42d-4f46-ae34-99f1842a073e;fda8a4a6-5a48-4a75-8d6e-fb8140dc419a;InstitutionId RSEQ;;;20;0;ligue absente;Volleyball C F D2 Nord-Est SLSJ-CN
oui;haute;Collégial;Volleyball;Volleyball;Masculin;Provincial;André-Grasset;Collège André-Grasset;Montréal;Collégial;D3;Masculin;28e6258b-f96c-4eb5-ad32-6fbf830060bf;05841265-fd61-466e-b431-2caa7ec06de9;InstitutionId RSEQ;;;21;0;ligue absente;Volleyball C M D3 Sud-Ouest B
oui;haute;Collégial;Volleyball;Volleyball;Féminin;Provincial;André-Laurendeau;Cégep André-Laurendeau;Montréal;Collégial;D3;Féminin;e0183435-6ddc-43a0-9311-7789bcd63fa0;442b3b2a-fe74-4443-ad92-feb9988c39b5;InstitutionId RSEQ;;;21;0;ligue absente;Volleyball C F D3 Sud-Ouest B
oui;haute;Collégial;Volleyball;Volleyball;Féminin;Provincial;Baie-Comeau;Cégep de Baie-Comeau;Baie-Comeau;Collégial;D2;Féminin;3c8467fd-93a3-4fa1-8028-f6d36b6e97bc;a262966a-6210-4c13-8c76-7edfc288b31e;InstitutionId RSEQ;;;20;0;ligue absente;Volleyball C F D2 Nord-Est SLSJ-CN
oui;haute;Collégial;Volleyball;Volleyball;Masculin;Provincial;Beauce-Appalaches;Cégep Beauce-Appalaches;Saint-Georges;Collégial;D3;Masculin;175bdf5a-e02d-45fe-80fb-00b64c2ce6e4;eab74df7-0aa6-438d-b5d8-2bcca8f6048a;InstitutionId RSEQ;;;16;0;ligue absente;Volleyball C M D3 Nord-Est
oui;haute;Collégial;Volleyball;Volleyball;Masculin;Provincial;Charlevoix;Cégep de Charlevoix;La Malbaie;Collégial;D3;Masculin;e310b227-3aa5-46ed-873a-5d8901f8a9bb;e2080e16-943b-41b3-8411-628908531666;InstitutionId RSEQ;;;16;0;ligue absente;Volleyball C M D3 Nord-Est
oui;haute;Collégial;Volleyball;Volleyball;Féminin;Provincial;Chicoutimi;Cégep de Chicoutimi;Saguenay;Collégial;D2;Féminin;52ddf56a-ada6-4e95-8615-ec6325c9497a;039bb660-34c4-4065-af23-63437d1fcbba;InstitutionId RSEQ;;;20;0;ligue absente;Volleyball C F D2 Nord-Est SLSJ-CN
oui;haute;Collégial;Volleyball;Volleyball;Féminin;Provincial;Drummondville;Cégep de Drummondville;Drummondville;Collégial;D2;Féminin;eb63ff68-5f89-4dc9-89dd-34d95c53d8ab;3cfd174c-95fe-4b82-b96c-61a045e8e5d9;InstitutionId RSEQ;;;24;0;ligue absente;Volleyball C F D2 Nord-Est CQ
oui;haute;Collégial;Volleyball;Volleyball;Masculin;Provincial;Drummondville;Cégep de Drummondville;Drummondville;Collégial;D2;Masculin;628105a9-01b9-4be7-bab4-9b34f8bc3f35;3cfd174c-95fe-4b82-b96c-61a045e8e5d9;InstitutionId RSEQ;;;24;0;ligue absente;Volleyball C M D2 Nord-Est CQ
oui;haute;Collégial;Volleyball;Volleyball;Féminin;Provincial;Gérald-Godin;Cégep Gérald-Godin;Montréal;Collégial;D3;Féminin;de1e886c-f35f-4a4a-8be3-9dbc97efbce6;d49956fe-488a-4caa-9428-6de29f2cb5a1;InstitutionId RSEQ;;;21;0;ligue absente;Volleyball C F D3 Sud-Ouest B
oui;haute;Collégial;Volleyball;Volleyball;Féminin;Provincial;Granby;Cégep de Granby;Granby;Collégial;D2;Féminin;9f8d1a9d-ad3f-4121-bb64-fb8a85cffcce;98332099-2968-4b11-83ac-fdfe064d3079;InstitutionId RSEQ;;;24;0;ligue absente;Volleyball C F D2 Nord-Est CQ
oui;haute;Collégial;Volleyball;Volleyball;Masculin;Provincial;Granby;Cégep de Granby;Granby;Collégial;D2;Masculin;2554209a-f7fc-4540-b5f9-3ea108df893e;98332099-2968-4b11-83ac-fdfe064d3079;InstitutionId RSEQ;;;24;0;ligue absente;Volleyball C M D2 Nord-Est CQ
oui;haute;Collégial;Volleyball;Volleyball;Féminin;Provincial;Héritage;Heritage College;Gatineau;Collégial;D3;Féminin;7f634f47-f77b-4084-912c-8ac282960202;64786fab-69f4-4c57-b910-558cd2cbb58e;InstitutionId RSEQ;;;21;0;ligue absente;Volleyball C F D3 Sud-Ouest B
oui;haute;Collégial;Volleyball;Volleyball;Masculin;Provincial;Joliette;Cégep régional de Lanaudière à Joliette;Joliette;Collégial;D3;Masculin;656a9dff-3510-45ce-a32e-5c80d1933548;c8cb3c98-2744-47fa-957b-a00245dbc54d;InstitutionId RSEQ;;;21;0;ligue absente;Volleyball C M D3 Sud-Ouest B
oui;haute;Collégial;Volleyball;Volleyball;Féminin;Provincial;Jonquière;Cégep de Jonquière;Saguenay;Collégial;D2;Féminin;67652c52-66af-47e2-9f5f-d771db1ec0ea;1031135c-56eb-4ce9-8bc0-01a42b7707f4;InstitutionId RSEQ;;;20;0;ligue absente;Volleyball C F D2 Nord-Est SLSJ-CN
oui;haute;Collégial;Volleyball;Volleyball;Masculin;Provincial;La Pocatière;Cégep de La Pocatière;La Pocatière;Collégial;D3;Masculin;db30e05a-454b-4070-8283-c9c442b96c48;4927bfc9-4003-4ce3-ba80-df53343d15ad;InstitutionId RSEQ;;;16;0;ligue absente;Volleyball C M D3 Nord-Est
oui;haute;Collégial;Volleyball;Volleyball;Féminin;Provincial;Laflèche;Collège Laflèche;Trois-Rivières;Collégial;D2;Féminin;92a8a2a2-f2e0-4ca2-97c6-3ba88af9e992;c900fdce-f25b-4d03-8915-ceffc75d62c3;InstitutionId RSEQ;;;24;0;ligue absente;Volleyball C F D2 Nord-Est CQ
oui;haute;Collégial;Volleyball;Volleyball;Féminin;Provincial;Laflèche;Collège Laflèche;Trois-Rivières;Collégial;D3;Féminin;9b7c992f-e1ab-4c24-9cf7-06d085f49df0;c900fdce-f25b-4d03-8915-ceffc75d62c3;InstitutionId RSEQ;;;16;0;ligue absente;Volleyball C F D3 Nord-Est CQ
oui;haute;Collégial;Volleyball;Volleyball;Féminin;Provincial;Lionel-Groulx;Collège Lionel-Groulx;Sainte-Thérèse;Collégial;D3;Féminin;04df76e4-56d7-4ccf-906d-360298ae7f4f;f7fafd77-a20b-4f96-8db5-afb999e7e4d9;InstitutionId RSEQ;;;21;0;ligue absente;Volleyball C F D3 Sud-Ouest B
oui;haute;Collégial;Volleyball;Volleyball;Masculin;Provincial;Maisonneuve;Collège de Maisonneuve;Montréal;Collégial;D3;Masculin;57e41db0-e4f2-4bb2-8cbf-84c6f6d9f9e8;af3e3ada-eadb-41ff-8d9f-2f34dd149317;InstitutionId RSEQ;;;21;0;ligue absente;Volleyball C M D3 Sud-Ouest B
oui;haute;Collégial;Volleyball;Volleyball;Féminin;Provincial;Marianopolis;Collège Marianopolis;Westmount;Collégial;D3;Féminin;336628d2-df21-4399-8ca3-3e8f56cc4e64;c0b63557-8768-44cd-b9d6-2160ab90a6cb;InstitutionId RSEQ;;;21;0;ligue absente;Volleyball C F D3 Sud-Ouest B
oui;haute;Collégial;Volleyball;Volleyball;Masculin;Provincial;Marianopolis;Collège Marianopolis;Westmount;Collégial;D3;Masculin;e502ca9f-73d9-4382-a0b3-4dfc7df4f74a;c0b63557-8768-44cd-b9d6-2160ab90a6cb;InstitutionId RSEQ;;;21;0;ligue absente;Volleyball C M D3 Sud-Ouest B
oui;haute;Collégial;Volleyball;Volleyball;Masculin;Provincial;Marie-Victorin;Cégep Marie-Victorin;Montréal;Collégial;D3;Masculin;b6ab0647-1f19-45c5-8e8b-71a214ee33de;35ed7851-535d-4620-8673-13e71a7c3dc3;InstitutionId RSEQ;;;21;0;ligue absente;Volleyball C M D3 Sud-Ouest B
oui;"confirmée BP (École secondaire de Matane, pas le cégep)";Collégial;Volleyball;Volleyball;Masculin;Provincial;Matane;École secondaire de Matane;Rimouski;Collégial;D3;Masculin;1fdbedff-c2b6-4e3e-9fa1-c3a179bfe5a8;da845de0-6698-4110-98bb-15c0e7c35bfd;décision BP;;;16;0;ligue absente;Volleyball C M D3 Nord-Est
oui;haute;Collégial;Volleyball;Volleyball;Masculin;Provincial;Mérici;Mérici Collégial Privé;Québec;Collégial;D3;Masculin;d00882ff-e70e-40a4-a4c1-3f55b4cb1d89;742dc634-7cf6-4a41-b296-1f37c35a3610;InstitutionId RSEQ;;;16;0;ligue absente;Volleyball C M D3 Nord-Est
oui;haute;Collégial;Volleyball;Volleyball;Féminin;Provincial;Rosemont;Collège de Rosemont;Montréal;Collégial;D3;Féminin;733e3183-1d22-49e7-a7f3-245746ed77ed;e9276c29-1aee-4bee-a5fc-8a5a9e554f37;InstitutionId RSEQ;;;21;0;ligue absente;Volleyball C F D3 Sud-Ouest B
oui;haute;Collégial;Volleyball;Volleyball;Masculin;Provincial;Rosemont;Collège de Rosemont;Montréal;Collégial;D3;Masculin;e5de3d3a-86a1-43d4-b2c8-19e8c2d1d68e;e9276c29-1aee-4bee-a5fc-8a5a9e554f37;InstitutionId RSEQ;;;21;0;ligue absente;Volleyball C M D3 Sud-Ouest B
oui;haute;Collégial;Volleyball;Volleyball;Féminin;Provincial;Saint-Félicien;Cégep de Saint-Félicien;Saint-Félicien;Collégial;D2;Féminin;2001cd84-dae9-4d5f-829a-cc290bfa97ba;a6bca573-294c-4959-b5e7-530b58c2ad4f;InstitutionId RSEQ;;;20;0;ligue absente;Volleyball C F D2 Nord-Est SLSJ-CN
oui;haute;Collégial;Volleyball;Volleyball;Féminin;Provincial;Saint-Hyacinthe;Cégep de Saint-Hyacinthe;Saint-Hyacinthe;Collégial;D2;Féminin;f885eead-6861-4ba7-a2d6-9c3ec201d476;dfad9036-0d54-4304-906f-91f19542a882;InstitutionId RSEQ;;;24;0;ligue absente;Volleyball C F D2 Nord-Est CQ
oui;haute;Collégial;Volleyball;Volleyball;Féminin;Provincial;Saint-Hyacinthe;Cégep de Saint-Hyacinthe;Saint-Hyacinthe;Collégial;D3;Féminin;28b5f6e2-d5ee-4d98-a6fd-8db2beadfadd;dfad9036-0d54-4304-906f-91f19542a882;InstitutionId RSEQ;;;16;0;ligue absente;Volleyball C F D3 Nord-Est CQ
oui;haute;Collégial;Volleyball;Volleyball;Masculin;Provincial;Saint-Hyacinthe;Cégep de Saint-Hyacinthe;Saint-Hyacinthe;Collégial;D2;Masculin;174f7b18-6cc1-4f95-bc65-b500b8f23828;dfad9036-0d54-4304-906f-91f19542a882;InstitutionId RSEQ;;;24;0;ligue absente;Volleyball C M D2 Nord-Est CQ
oui;haute;Collégial;Volleyball;Volleyball;Féminin;Provincial;Saint-Laurent;Cégep de Saint-Laurent;Montréal;Collégial;D3;Féminin;c178e8bb-7dbf-4e4d-bd21-ebc18dcd700a;90d2fe15-c4ce-4340-8c94-394f5fd15233;InstitutionId RSEQ;;;21;0;ligue absente;Volleyball C F D3 Sud-Ouest B
oui;haute;Collégial;Volleyball;Volleyball;Féminin;Provincial;Sainte-Anne;Collégial international Sainte-Anne;Montréal;Collégial;D3;Féminin;c0b974c8-3c62-4174-836d-79214509067c;e3f40209-09ce-4384-ab12-df1c8e12b034;InstitutionId RSEQ;;;21;0;ligue absente;Volleyball C F D3 Sud-Ouest B
oui;haute;Collégial;Volleyball;Volleyball;Masculin;Provincial;Sainte-Anne;Collégial international Sainte-Anne;Montréal;Collégial;D3;Masculin;a027cd25-1059-4772-b4e0-1e6ccc0166f7;e3f40209-09ce-4384-ab12-df1c8e12b034;InstitutionId RSEQ;;;21;0;ligue absente;Volleyball C M D3 Sud-Ouest B
oui;haute;Collégial;Volleyball;Volleyball;Féminin;Provincial;Séminaire de Sherbrooke;Séminaire de Sherbrooke;Sherbrooke;Collégial;D2;Féminin;e2fbc9c8-663d-4f20-947e-f8e20df3e3c6;7adaa8e9-015b-4d5b-869e-3646d072935a;InstitutionId RSEQ;;;24;0;ligue absente;Volleyball C F D2 Nord-Est CQ
oui;haute;Collégial;Volleyball;Volleyball;Féminin;Provincial;Séminaire de Sherbrooke;Séminaire de Sherbrooke;Sherbrooke;Collégial;D3;Féminin;65cbfd38-2ba8-46ad-bdeb-e7f407562e6a;7adaa8e9-015b-4d5b-869e-3646d072935a;InstitutionId RSEQ;;;16;0;ligue absente;Volleyball C F D3 Nord-Est CQ
oui;haute;Collégial;Volleyball;Volleyball;Masculin;Provincial;Séminaire de Sherbrooke;Séminaire de Sherbrooke;Sherbrooke;Collégial;D3;Masculin;0e4d7a10-f890-4636-a874-f6c07f62d09e;7adaa8e9-015b-4d5b-869e-3646d072935a;InstitutionId RSEQ;;;16;0;ligue absente;Volleyball C M D3 Nord-Est
oui;haute;Collégial;Volleyball;Volleyball;Féminin;Provincial;Sept-Îles;Cégep de Sept-Îles;Sept-Îles;Collégial;D2;Féminin;ec3a1b8d-0d64-428e-af60-337d8ec22b54;e9aed637-e75d-4393-89c9-649498cea8b1;InstitutionId RSEQ;;;20;0;ligue absente;Volleyball C F D2 Nord-Est SLSJ-CN
oui;haute;Collégial;Volleyball;Volleyball;Masculin;Provincial;Shawinigan;Cégep de Shawinigan;Shawinigan;Collégial;D2;Masculin;44c4bb05-e7f8-4821-b410-055634d1ba59;613aaadc-0947-43fa-8f89-84f73fdaf8b0;InstitutionId RSEQ;;;24;0;ligue absente;Volleyball C M D2 Nord-Est CQ
oui;haute;Collégial;Volleyball;Volleyball;Féminin;Provincial;Shawinigan Blanc;Cégep de Shawinigan;Shawinigan;Collégial;D3;Féminin;375c54c7-5e21-419e-9513-c9cd57eb1c26;613aaadc-0947-43fa-8f89-84f73fdaf8b0;InstitutionId RSEQ;;;16;0;ligue absente;Volleyball C F D3 Nord-Est CQ
oui;haute;Collégial;Volleyball;Volleyball;Féminin;Provincial;Shawinigan Noir;Cégep de Shawinigan;Shawinigan;Collégial;D3;Féminin;b0b96fc8-04b3-4228-a642-33a87c953e03;613aaadc-0947-43fa-8f89-84f73fdaf8b0;InstitutionId RSEQ;;;16;0;ligue absente;Volleyball C F D3 Nord-Est CQ
oui;haute;Collégial;Volleyball;Volleyball;Féminin;Provincial;Sherbrooke;Cégep de Sherbrooke;Sherbrooke;Collégial;D2;Féminin;76619078-d11c-4bb5-bf4b-d7bbd28d79cd;8a330cf7-76fa-4761-8cbd-df223e6c4cbd;InstitutionId RSEQ;;;24;0;ligue absente;Volleyball C F D2 Nord-Est CQ
oui;haute;Collégial;Volleyball;Volleyball;Masculin;Provincial;Sherbrooke;Cégep de Sherbrooke;Sherbrooke;Collégial;D2;Masculin;6ced806d-c877-4f7d-b2af-65368bc85ee7;8a330cf7-76fa-4761-8cbd-df223e6c4cbd;InstitutionId RSEQ;;;24;0;ligue absente;Volleyball C M D2 Nord-Est CQ
oui;haute;Collégial;Volleyball;Volleyball;Féminin;Provincial;Sorel-Tracy;Cégep de Sorel-Tracy;Sorel-Tracy;Collégial;D2;Féminin;d28da799-a7b3-4cac-8d79-f0bcaed4f8bf;55f424c0-d740-43e5-99f6-38a8fb73e03b;InstitutionId RSEQ;;;24;0;ligue absente;Volleyball C F D2 Nord-Est CQ
oui;haute;Collégial;Volleyball;Volleyball;Masculin;Provincial;Sorel-Tracy;Cégep de Sorel-Tracy;Sorel-Tracy;Collégial;D2;Masculin;ffc9e367-b7e0-402b-b797-458e09550192;55f424c0-d740-43e5-99f6-38a8fb73e03b;InstitutionId RSEQ;;;24;0;ligue absente;Volleyball C M D2 Nord-Est CQ
oui;haute;Collégial;Volleyball;Volleyball;Féminin;Provincial;Thetford;Cégep de Thetford;Thetford Mines;Collégial;D3;Féminin;8cc9d8a2-ba3f-49f6-a5b2-ae655d7d3302;55925e8f-3575-4c5b-8b4c-7a018e3cee7e;InstitutionId RSEQ;;;16;0;ligue absente;Volleyball C F D3 Nord-Est CQ
oui;haute;Collégial;Volleyball;Volleyball;Féminin;Provincial;Trois-Rivières;Cégep de Trois-Rivières;Trois-Rivières;Collégial;D2;Féminin;b49a8b8d-50f9-4bdf-a377-d512cfec0319;61ed3f9a-f089-4983-87e9-85bab65e1693;InstitutionId RSEQ;;;24;0;ligue absente;Volleyball C F D2 Nord-Est CQ
oui;haute;Collégial;Volleyball;Volleyball;Féminin;Provincial;Trois-Rivières;Cégep de Trois-Rivières;Trois-Rivières;Collégial;D3;Féminin;79faf204-2cad-42d2-8425-0851dcfcc639;61ed3f9a-f089-4983-87e9-85bab65e1693;InstitutionId RSEQ;;;16;0;ligue absente;Volleyball C F D3 Nord-Est CQ
oui;haute;Collégial;Volleyball;Volleyball;Masculin;Provincial;Trois-Rivières;Cégep de Trois-Rivières;Trois-Rivières;Collégial;D2;Masculin;5689503a-d3bb-4e9e-bacb-18b5bf8ff184;61ed3f9a-f089-4983-87e9-85bab65e1693;InstitutionId RSEQ;;;24;0;ligue absente;Volleyball C M D2 Nord-Est CQ
oui;haute;Collégial;Volleyball;Volleyball;Féminin;Provincial;Universel;Collège Universel;Gatineau;Collégial;D3;Féminin;163aa084-e90e-46fb-8a03-29a16fd0858f;429211f4-7aad-4903-816d-227eb325ed35;InstitutionId RSEQ;;;21;0;ligue absente;Volleyball C F D3 Sud-Ouest B
oui;haute;Collégial;Volleyball;Volleyball;Masculin;Provincial;Vanier;Vanier College;Montréal;Collégial;D3;Masculin;31273809-eb77-4373-83b3-6f7916bd2353;968ed36e-bca7-45d0-b63e-3b41ba385f6b;InstitutionId RSEQ;;;21;0;ligue absente;Volleyball C M D3 Sud-Ouest B
oui;haute;Collégial;Volleyball;Volleyball;Féminin;Provincial;Victoriaville;Cégep de Victoriaville;Victoriaville;Collégial;D2;Féminin;55fbcd37-d4ef-43c7-b0ba-3d50a92b7640;e8c0094e-10c1-43d5-810b-e8048a5c2e87;InstitutionId RSEQ;;;24;0;ligue absente;Volleyball C F D2 Nord-Est CQ
oui;haute;Collégial;Volleyball;Volleyball;Féminin;Provincial;Victoriaville;Cégep de Victoriaville;Victoriaville;Collégial;D3;Féminin;dcfc051a-014c-4f07-ad40-d551d4910313;e8c0094e-10c1-43d5-810b-e8048a5c2e87;InstitutionId RSEQ;;;16;0;ligue absente;Volleyball C F D3 Nord-Est CQ
oui;haute;Collégial;Volleyball;Volleyball;Masculin;Provincial;Victoriaville;Cégep de Victoriaville;Victoriaville;Collégial;D2;Masculin;41d897b8-3126-4088-92b9-93d8a571e836;e8c0094e-10c1-43d5-810b-e8048a5c2e87;InstitutionId RSEQ;;;24;0;ligue absente;Volleyball C M D2 Nord-Est CQ
oui;haute;Collégial;Volleyball;Volleyball;Féminin;Provincial;Vieux Montréal;Cégep du Vieux Montréal;Montréal;Collégial;D3;Féminin;34cbb3c7-43b2-4020-9fc6-44b0c68d34cc;2ecca369-433b-402d-9c35-3eaba59e0563;InstitutionId RSEQ;;;21;0;ligue absente;Volleyball C F D3 Sud-Ouest B
non (sport absent de Nexus);haute;Secondaire;Balle molle;ABSENT de sports;Féminin;GMAA;Beaconsfield HS;École secondaire Beaconsfield;Beaconsfield;Ouvert;D3;Filles;19463c14-3ad0-4460-a519-cf19cfb5d4c2;d35768e1-b37d-4488-9f7b-171753bdf6fb;InstitutionId RSEQ;;;4;4;base;Balle molle O Filles D3
non (sport absent de Nexus);haute;Secondaire;Balle molle;ABSENT de sports;Féminin;GMAA;Billings;École secondaire régionale Howard S. Billings;Châteauguay;Ouvert;D3;Filles;5e4053f0-68a3-436e-9558-5cd4db079fb0;e4613552-b565-4d75-ab0f-1655ab932cc5;InstitutionId RSEQ;;;4;4;base;Balle molle O Filles D3
non (sport absent de Nexus);haute;Secondaire;Balle molle;ABSENT de sports;Féminin;GMAA;John-Rennie;École secondaire John-Rennie;Pointe-Claire;Ouvert;D3;Filles;1234a92d-d15e-4dd8-bb31-1948a660d20b;f13cf9cd-59c6-45aa-9388-f3622398f870;InstitutionId RSEQ;;;4;4;base;Balle molle O Filles D3
non (sport absent de Nexus);haute;Secondaire;Balle molle;ABSENT de sports;Féminin;GMAA;Kahnawake Survival;Kahnawake Survival School;Châteauguay;Ouvert;D3;Filles;3c5698d4-ac34-437e-b4ab-87d1692b8027;7c2689d3-440f-4951-adaa-d8536e2a8e5c;InstitutionId RSEQ;;;4;4;base;Balle molle O Filles D3
non (sport absent de Nexus);haute;Secondaire;Balle molle;ABSENT de sports;Féminin;GMAA;KUP;Académie Kuper;Kirkland;Ouvert;D3;Filles;f6d6dcee-d2dd-4553-8360-bc26edfed8f8;5f2f489a-2079-41a7-b1cf-441a38ffdd9c;InstitutionId RSEQ;;;4;4;base;Balle molle O Filles D3
oui;haute;Secondaire;Baseball;Baseball;Mixte;Outaouais;D'Arcy McGee;École secondaire Hormisdas-Gamelin;Gatineau;Juvénile;D3;Mixte;ce59066f-0de3-4e57-a0ec-aa755a4c1556;340e1305-f065-49a5-8675-a700df1ceff3;InstitutionId RSEQ;;;6;6;base;Baseball J U D3 Automne 2026
oui;haute;Secondaire;Baseball;Baseball;Mixte;Outaouais;D'Arcy McGee D4;École secondaire D'Arcy McGee;Gatineau;Benjamin;D3;Mixte;cee2a792-a44b-43d5-9afa-e5ba2fc63417;4ff23758-f846-4e3a-b99e-fc1809ab7875;InstitutionId RSEQ;;;6;6;base;Baseball B U D3 Automne 2026
oui;haute;Secondaire;Baseball;Baseball;Mixte;Outaouais;D'Arcy McGee D4;École secondaire D'Arcy McGee;Gatineau;Benjamin;D4;Mixte;cc855df4-6664-41ea-9083-b1fe2311f7cc;4ff23758-f846-4e3a-b99e-fc1809ab7875;InstitutionId RSEQ;;;1;0;ligue absente;Baseball B U D4 Automne 2026
oui;haute;Secondaire;Baseball;Baseball;Mixte;Outaouais;É.S. Nouvelle-Ère D4;École secondaire Mont-Bleu;Gatineau;Benjamin;D3;Mixte;64c5e9bd-9789-4441-a7c8-c1e880cb21ea;b13c9087-012c-41a1-b6bc-f00294d48302;InstitutionId RSEQ;;;6;6;base;Baseball B U D3 Automne 2026
oui;haute;Secondaire;Baseball;Baseball;Mixte;Outaouais;É.S. Nouvelle-Ère D4;École secondaire de la Nouvelle-Ère;Gatineau;Benjamin;D3;Mixte;e51220b4-3b46-4a82-83c8-db4a228a5d55;313b8c82-8c87-4757-a997-bd94039de104;InstitutionId RSEQ;;;6;6;base;Baseball B U D3 Automne 2026
oui;haute;Secondaire;Baseball;Baseball;Mixte;Outaouais;É.S. Nouvelle-Ère D4;École secondaire de la Nouvelle-Ère;Gatineau;Benjamin;D4;Mixte;3f39c0f3-3c0b-4263-bc4c-4a094f93b713;313b8c82-8c87-4757-a997-bd94039de104;InstitutionId RSEQ;;;1;0;ligue absente;Baseball B U D4 Automne 2026
oui;haute;Secondaire;Baseball;Baseball;Mixte;Outaouais;Grande-Rivière;École secondaire Saint-Michael;Low;Juvénile;D3;Mixte;edfb006f-90df-41b1-a056-44ff75d9ac56;76564f55-9eda-46c1-9c51-5e6e0ed89a4d;InstitutionId RSEQ;;;6;6;base;Baseball J U D3 Automne 2026
oui;haute;Secondaire;Baseball;Baseball;Mixte;Outaouais;Grande-Rivière;École secondaire Pontiac;Shawville;Benjamin;D3;Mixte;1e845758-236e-4669-be4f-ba9a61b915d1;9ba37454-7ef4-4576-98db-099cba1a2a9b;InstitutionId RSEQ;;;6;6;base;Baseball B U D3 Automne 2026
oui;haute;Secondaire;Baseball;Baseball;Mixte;Outaouais;Nouvelles Frontières;École secondaire D'Arcy McGee;Gatineau;Benjamin;D3;Mixte;04c3296e-6b67-4a8a-8bf4-db76fe7b8080;4ff23758-f846-4e3a-b99e-fc1809ab7875;InstitutionId RSEQ;;;6;6;base;Baseball B U D3 Automne 2026
oui;haute;Secondaire;Baseball;Baseball;Mixte;Outaouais;Nouvelles Frontières;Collège Nouvelles Frontières;Gatineau;Benjamin;D3;Mixte;5a3a2797-dd01-4c22-a838-ab361571aced;cd897593-d53a-4394-9f76-11f8ad7b929b;InstitutionId RSEQ;;;6;6;base;Baseball B U D3 Automne 2026
oui;haute;Secondaire;Baseball;Baseball;Mixte;Outaouais;Nouvelles Frontières;École secondaire Hormisdas-Gamelin;Gatineau;Benjamin;D3;Mixte;8d88b52c-3f0c-4ca3-ad17-6b86b3e49836;340e1305-f065-49a5-8675-a700df1ceff3;InstitutionId RSEQ;;;6;6;base;Baseball B U D3 Automne 2026
oui;haute;Secondaire;Baseball;Baseball;Mixte;Outaouais;Philemon Wright;École secondaire Philemon Wright;Gatineau;Juvénile;D3;Mixte;047af42f-bfe6-4ff5-b558-5a6f034665fe;8866285d-392b-4c8d-ac36-c11fd4d6b905;InstitutionId RSEQ;;;6;6;base;Baseball J U D3 Automne 2026
oui;haute;Secondaire;Baseball;Baseball;Mixte;Outaouais;Philemon Wright;École secondaire Philemon Wright;Gatineau;Juvénile;D4;Mixte;86a36904-c599-4598-b84c-47ff1b89e245;8866285d-392b-4c8d-ac36-c11fd4d6b905;InstitutionId RSEQ;;;1;0;ligue absente;Baseball J U D4 Automne 2026
oui;haute;Secondaire;Baseball;Baseball;Mixte;Outaouais;Pontiac D4;École secondaire Grande-Rivière;Gatineau;Benjamin;D3;Mixte;16f75bb9-5fdd-4ba1-b24e-a312cfb691a2;a5829a18-e8b1-4d8d-8aec-09c7e26798e7;InstitutionId RSEQ;;;6;6;base;Baseball B U D3 Automne 2026
oui;haute;Secondaire;Baseball;Baseball;Mixte;Outaouais;Pontiac D4;École secondaire Pontiac;Shawville;Juvénile;D3;Mixte;2c695741-f28d-4a80-b03d-3313d6c88a9e;9ba37454-7ef4-4576-98db-099cba1a2a9b;InstitutionId RSEQ;;;6;6;base;Baseball J U D3 Automne 2026
oui;haute;Secondaire;Baseball;Baseball;Mixte;Outaouais;Pontiac D4;École secondaire Pontiac;Shawville;Benjamin;D4;Mixte;24419968-fbb9-41db-812e-3190a24bed5c;9ba37454-7ef4-4576-98db-099cba1a2a9b;InstitutionId RSEQ;;;1;0;ligue absente;Baseball B U D4 Automne 2026
oui;haute;Secondaire;Baseball;Baseball;Mixte;Outaouais;Pontiac D4;École secondaire Pontiac;Shawville;Juvénile;D4;Mixte;38ef5f89-e098-4d4b-b084-13484018b5c4;9ba37454-7ef4-4576-98db-099cba1a2a9b;InstitutionId RSEQ;;;1;0;ligue absente;Baseball J U D4 Automne 2026
oui;haute;Secondaire;Baseball;Baseball;Mixte;Outaouais;St-Michael's D4;École secondaire Grande-Rivière;Gatineau;Juvénile;D3;Mixte;dda1449e-b482-4b31-9cb7-bc64ca613f18;a5829a18-e8b1-4d8d-8aec-09c7e26798e7;InstitutionId RSEQ;;;6;6;base;Baseball J U D3 Automne 2026
oui;haute;Secondaire;Baseball;Baseball;Mixte;Outaouais;St-Michael's D4;École secondaire D'Arcy McGee;Gatineau;Juvénile;D3;Mixte;fb4ecfd4-2718-4960-9ab8-f59282221048;4ff23758-f846-4e3a-b99e-fc1809ab7875;InstitutionId RSEQ;;;6;6;base;Baseball J U D3 Automne 2026
oui;haute;Secondaire;Baseball;Baseball;Mixte;Outaouais;St-Michael's D4;École secondaire Saint-Michael;Low;Benjamin;D3;Mixte;8281ef6b-29a5-474c-b5e7-6a70b1c8e768;76564f55-9eda-46c1-9c51-5e6e0ed89a4d;InstitutionId RSEQ;;;6;6;base;Baseball B U D3 Automne 2026
oui;haute;Secondaire;Baseball;Baseball;Mixte;Outaouais;St-Michael's D4;École secondaire Saint-Michael;Low;Benjamin;D4;Mixte;8004301d-472e-46ac-9f65-5ad92fc1fb41;76564f55-9eda-46c1-9c51-5e6e0ed89a4d;InstitutionId RSEQ;;;1;0;ligue absente;Baseball B U D4 Automne 2026
oui;haute;Secondaire;Baseball;Baseball;Mixte;Outaouais;St-Michael's D4;École secondaire Saint-Michael;Low;Juvénile;D4;Mixte;22e33382-07bc-4af2-b8a9-52afd6d60d8e;76564f55-9eda-46c1-9c51-5e6e0ed89a4d;InstitutionId RSEQ;;;1;0;ligue absente;Baseball J U D4 Automne 2026
oui;haute;Secondaire;Basketball;Basketball;Féminin;Laval;Citoyen;Collège Citoyen;Laval;Benjamin;D4;Féminin;e781a30d-da31-4d74-877d-6084f0fd009b;961e8af0-53a1-4487-9be8-7d99177d33e0;InstitutionId RSEQ;;;14;14;base;Basketball B F D4
oui;haute;Secondaire;Basketball;Basketball;Masculin;Laval;Citoyen;Collège Citoyen;Laval;Cadet;D3;Masculin;4c95e0bb-1d0b-48dc-a4eb-96da270d11a9;961e8af0-53a1-4487-9be8-7d99177d33e0;InstitutionId RSEQ;;;11;11;base;Basketball C M D3
oui;haute;Secondaire;Basketball;Basketball;Masculin;Laval;Citoyen;Collège Citoyen;Laval;Benjamin;D4;Masculin;b4d339de-d1ba-4e6d-a7d1-d34e91c01987;961e8af0-53a1-4487-9be8-7d99177d33e0;InstitutionId RSEQ;;;13;13;base;Basketball B M D4
oui;haute;Secondaire;Basketball;Basketball;Masculin;Laval;Citoyen;Collège Citoyen;Laval;Juvénile;D4;Masculin;01e77a5b-45c3-487d-933d-f332ad27f17f;961e8af0-53a1-4487-9be8-7d99177d33e0;InstitutionId RSEQ;;;10;10;base;Basketball J M D4
oui;haute;Secondaire;Basketball;Basketball;Masculin;Laval;Citoyen 2;Collège Citoyen;Laval;Benjamin;D4;Masculin;c23c3900-f43e-420c-b56a-19645f6b039a;961e8af0-53a1-4487-9be8-7d99177d33e0;InstitutionId RSEQ;;;13;13;base;Basketball B M D4
oui;haute;Secondaire;Basketball;Basketball;Féminin;Laval;Collège Laval;Collège Laval;Laval;Benjamin;D3;Féminin;c2972d9b-59a6-4482-bd14-29f06d2ce77e;bb250d92-fb4f-476a-a9cb-1b3176ccaa84;InstitutionId RSEQ;;;12;12;base;Basketball B F D3
oui;haute;Secondaire;Basketball;Basketball;Masculin;Laval;Collège Laval;Collège Laval;Laval;Benjamin;D4;Masculin;6165a724-c2c5-454e-adef-031f2d135005;bb250d92-fb4f-476a-a9cb-1b3176ccaa84;InstitutionId RSEQ;;;13;13;base;Basketball B M D4
oui;haute;Secondaire;Basketball;Basketball;Masculin;Laval;Collège Laval;Collège Laval;Laval;Benjamin;D3;Masculin;231654d1-2e78-418e-b0de-64b40f43d4cb;bb250d92-fb4f-476a-a9cb-1b3176ccaa84;InstitutionId RSEQ;;;14;14;base;Basketball B M D3
oui;haute;Secondaire;Basketball;Basketball;Féminin;Laval;Collège Laval;Collège Laval;Laval;Juvénile;D3;Féminin;35a01ffd-477c-4c01-ac36-4807f1bcf402;bb250d92-fb4f-476a-a9cb-1b3176ccaa84;InstitutionId RSEQ;;;10;10;base;Basketball J F D3
oui;haute;Secondaire;Basketball;Basketball;Masculin;Laval;Collège Laval;Collège Laval;Laval;Juvénile;D3;Masculin;72482ced-c7dd-4402-a461-f0c59adb3167;bb250d92-fb4f-476a-a9cb-1b3176ccaa84;InstitutionId RSEQ;;;11;11;base;Basketball J M D3
oui;haute;Secondaire;Basketball;Basketball;Féminin;Laval;Collège Laval 2;Collège Laval;Laval;Benjamin;D3;Féminin;b92e0d54-6f7d-4c29-867e-22c8ef10a50c;bb250d92-fb4f-476a-a9cb-1b3176ccaa84;InstitutionId RSEQ;;;12;12;base;Basketball B F D3
non (école introuvable);introuvable;Secondaire;Basketball;Basketball;Masculin;Laval;CQPEL;;;Juvénile;D4;Masculin;578df40c-54d7-40b8-bacb-c2cac8d010a2;;InstitutionId e3df8fb1-2b02-49c0-bcf5-c6bcc1d47a15 sans école Nexus;;;10;10;base;Basketball J M D4
oui;haute;Secondaire;Basketball;Basketball;Masculin;Laval;Curé-Antoine-Labelle;École Curé-Antoine-Labelle;Laval;Benjamin;D4;Masculin;f2d99b1c-21b0-4f56-81ea-96617f36b52a;3ba46ee6-bec7-43b4-becd-dde3d36306dc;InstitutionId RSEQ;;;13;13;base;Basketball B M D4
oui;haute;Secondaire;Basketball;Basketball;Féminin;Laval;Curé-Antoine-Labelle;École Curé-Antoine-Labelle;Laval;Juvénile;D4;Féminin;389e5739-9455-4fac-9627-c3ccc02c5f52;3ba46ee6-bec7-43b4-becd-dde3d36306dc;InstitutionId RSEQ;;;12;12;base;Basketball J F D4
oui;haute;Secondaire;Basketball;Basketball;Masculin;Laval;Curé-Antoine-Labelle;École Curé-Antoine-Labelle;Laval;Juvénile;D3;Masculin;84cff53b-a29f-406f-a87f-f6dccd273849;3ba46ee6-bec7-43b4-becd-dde3d36306dc;InstitutionId RSEQ;;;11;11;base;Basketball J M D3
oui;haute;Secondaire;Basketball;Basketball;Féminin;Laval;Curé-Antoine-Labelle;École Curé-Antoine-Labelle;Laval;Benjamin;D4;Féminin;036e672a-8493-48d6-b2f5-ea07b3dae30d;3ba46ee6-bec7-43b4-becd-dde3d36306dc;InstitutionId RSEQ;;;14;14;base;Basketball B F D4
oui;haute;Secondaire;Basketball;Basketball;Masculin;Laval;Curé-Antoine-Labelle;École Curé-Antoine-Labelle;Laval;Cadet;D3;Masculin;d816ab96-4e35-46c1-ae76-cff0c2043b5b;3ba46ee6-bec7-43b4-becd-dde3d36306dc;InstitutionId RSEQ;;;11;11;base;Basketball C M D3
oui;haute;Secondaire;Basketball;Basketball;Masculin;Laval;De la Croisée;École de la Croisée;Laval;Juvénile;D3;Masculin;d5007076-7076-44c8-9b45-3b0cf27bb2da;09b413d7-572c-495b-a58e-69d1c0d5f28b;InstitutionId RSEQ;;;11;11;base;Basketball J M D3
oui;haute;Secondaire;Basketball;Basketball;Féminin;Laval;De la Croisée;École de la Croisée;Laval;Benjamin;D4;Féminin;5aeef572-10f8-4d5e-a641-2cc603ab5e49;09b413d7-572c-495b-a58e-69d1c0d5f28b;InstitutionId RSEQ;;;14;14;base;Basketball B F D4
oui;haute;Secondaire;Basketball;Basketball;Masculin;Laval;De la Croisée;École de la Croisée;Laval;Cadet;D3;Masculin;20ac3306-0972-488a-8662-b7432a134438;09b413d7-572c-495b-a58e-69d1c0d5f28b;InstitutionId RSEQ;;;11;11;base;Basketball C M D3
oui;haute;Secondaire;Basketball;Basketball;Masculin;Laval;De la Croisée;École de la Croisée;Laval;Benjamin;D4;Masculin;28b1ef81-6db8-4773-8c04-99738f0b8549;09b413d7-572c-495b-a58e-69d1c0d5f28b;InstitutionId RSEQ;;;13;13;base;Basketball B M D4
oui;haute;Secondaire;Basketball;Basketball;Masculin;Laval;De la Croisée;École de la Croisée;Laval;Benjamin;D3;Masculin;0d8847c8-cc88-445c-96f7-bde03dcd0b79;09b413d7-572c-495b-a58e-69d1c0d5f28b;InstitutionId RSEQ;;;14;14;base;Basketball B M D3
oui;haute;Secondaire;Basketball;Basketball;Féminin;Laval;De la Croisée;École de la Croisée;Laval;Juvénile;D4;Féminin;a68440ea-e528-4e16-82b5-4e189a9bc576;09b413d7-572c-495b-a58e-69d1c0d5f28b;InstitutionId RSEQ;;;12;12;base;Basketball J F D4
oui;haute;Secondaire;Basketball;Basketball;Masculin;Laval;EEIL;École d'éducation internationale de Laval;Laval;Cadet;D3;Masculin;95e1198c-7673-4276-b175-6364c69de5f4;62c1f9bb-3d7f-43de-be3a-0c2d54ca7fab;InstitutionId RSEQ;;;11;11;base;Basketball C M D3
oui;haute;Secondaire;Basketball;Basketball;Masculin;Laval;EEIL;École d'éducation internationale de Laval;Laval;Benjamin;D3;Masculin;4cf78977-e509-47c8-ac4f-584d7b79e415;62c1f9bb-3d7f-43de-be3a-0c2d54ca7fab;InstitutionId RSEQ;;;14;14;base;Basketball B M D3
oui;haute;Secondaire;Basketball;Basketball;Féminin;Laval;EEIL;École d'éducation internationale de Laval;Laval;Juvénile;D4;Féminin;ec11ff24-2822-4a57-a180-5c19069b9aa3;62c1f9bb-3d7f-43de-be3a-0c2d54ca7fab;InstitutionId RSEQ;;;12;12;base;Basketball J F D4
oui;haute;Secondaire;Basketball;Basketball;Masculin;Laval;EEIL;École d'éducation internationale de Laval;Laval;Juvénile;D3;Masculin;aa306038-c9d4-4561-8176-16e55e2353c3;62c1f9bb-3d7f-43de-be3a-0c2d54ca7fab;InstitutionId RSEQ;;;11;11;base;Basketball J M D3
oui;haute;Secondaire;Basketball;Basketball;Masculin;Laval;Georges-Vanier;École Georges-Vanier;Montréal;Benjamin;D4;Masculin;4b3852eb-cbbd-4938-a664-e2dc10287692;ee3ebf0e-f309-4168-96c6-2c9b45433dee;InstitutionId RSEQ;;;13;13;base;Basketball B M D4
oui;haute;Secondaire;Basketball;Basketball;Masculin;Laval;Georges-Vanier;École Georges-Vanier;Montréal;Juvénile;D3;Masculin;c5a34d3f-b533-45b9-a5fd-781eee0c6d67;ee3ebf0e-f309-4168-96c6-2c9b45433dee;InstitutionId RSEQ;;;11;11;base;Basketball J M D3
oui;haute;Secondaire;Basketball;Basketball;Masculin;Laval;Georges-Vanier;École Georges-Vanier;Montréal;Cadet;D3;Masculin;e856f1a9-07ba-4224-8fb5-e41540ebaf80;ee3ebf0e-f309-4168-96c6-2c9b45433dee;InstitutionId RSEQ;;;11;11;base;Basketball C M D3
oui;haute;Secondaire;Basketball;Basketball;Masculin;Laval;Horizon Jeunesse;École Horizon Jeunesse;Laval;Benjamin;D3;Masculin;4439ed59-f711-4db7-977b-dd5dd3c29cc5;b902aa93-cd2d-4c1a-bcd4-68d8bd442a8a;InstitutionId RSEQ;;;14;14;base;Basketball B M D3
oui;haute;Secondaire;Basketball;Basketball;Féminin;Laval;Horizon Jeunesse;École Horizon Jeunesse;Laval;Juvénile;D3;Féminin;5e933f27-515d-472a-9d81-70f1bf49c445;b902aa93-cd2d-4c1a-bcd4-68d8bd442a8a;InstitutionId RSEQ;;;10;10;base;Basketball J F D3
oui;haute;Secondaire;Basketball;Basketball;Masculin;Laval;Horizon Jeunesse;École Horizon Jeunesse;Laval;Juvénile;D3;Masculin;bcd8e328-8b69-41ae-a113-c5e205f7e975;b902aa93-cd2d-4c1a-bcd4-68d8bd442a8a;InstitutionId RSEQ;;;11;11;base;Basketball J M D3
oui;haute;Secondaire;Basketball;Basketball;Masculin;Laval;Horizon Jeunesse;École Horizon Jeunesse;Laval;Cadet;D3;Masculin;93671e48-99df-4d7a-83f0-527b1228055b;b902aa93-cd2d-4c1a-bcd4-68d8bd442a8a;InstitutionId RSEQ;;;11;11;base;Basketball C M D3
oui;haute;Secondaire;Basketball;Basketball;Masculin;Laval;L'Odyssée-Des-Jeunes;École l'Odyssée-des-Jeunes;Laval;Cadet;D3;Masculin;8fe30bc8-cd4c-4fb8-bf60-443e0a1e38eb;f5ffdc96-8fff-45a2-a319-4cc724bb8fe3;InstitutionId RSEQ;;;11;11;base;Basketball C M D3
oui;haute;Secondaire;Basketball;Basketball;Masculin;Laval;L'Odyssée-Des-Jeunes;École l'Odyssée-des-Jeunes;Laval;Benjamin;D4;Masculin;8f3912a5-200a-49a7-a1fd-d98e854d8192;f5ffdc96-8fff-45a2-a319-4cc724bb8fe3;InstitutionId RSEQ;;;13;13;base;Basketball B M D4
oui;confirmée BP (École secondaire Laval Junior);Secondaire;Basketball;Basketball;Masculin;Laval;Laval Jr. Academy;École secondaire Laval Junior;Laval;Benjamin;D4;Masculin;3a72e1aa-4051-4a7a-8a23-b7212d12f7e6;f3401c79-bc55-4ff5-ac85-d368b6eb88f2;décision BP;;;13;13;base;Basketball B M D4
oui;confirmée BP (École secondaire Laval Junior);Secondaire;Basketball;Basketball;Masculin;Laval;Laval Jr. Academy;École secondaire Laval Junior;Laval;Benjamin;D3;Masculin;f12bed27-5bde-47b2-ae96-9538636d89df;f3401c79-bc55-4ff5-ac85-d368b6eb88f2;décision BP;;;14;14;base;Basketball B M D3
oui;confirmée BP (École secondaire Laval Junior);Secondaire;Basketball;Basketball;Féminin;Laval;Laval Jr. Academy;École secondaire Laval Junior;Laval;Benjamin;D4;Féminin;24b5cb21-47a6-4d44-a74e-3d15913b5fbf;f3401c79-bc55-4ff5-ac85-d368b6eb88f2;décision BP;;;14;14;base;Basketball B F D4
oui;haute;Secondaire;Basketball;Basketball;Féminin;Laval;Laval Sr. Academy;École secondaire Laval Senior;Laval;Juvénile;D4;Féminin;4fd68acd-582f-4dfd-b4c2-ee0cfe524d35;ffe0eb63-f851-4032-933b-45eacd6f7220;InstitutionId RSEQ;;;12;12;base;Basketball J F D4
oui;haute;Secondaire;Basketball;Basketball;Masculin;Laval;Laval Sr. Academy;École secondaire Laval Senior;Laval;Juvénile;D3;Masculin;8f5e1836-19ef-455d-9129-e4fb3846dead;ffe0eb63-f851-4032-933b-45eacd6f7220;InstitutionId RSEQ;;;11;11;base;Basketball J M D3
oui;haute;Secondaire;Basketball;Basketball;Masculin;Laval;Laval Sr. Academy;École secondaire Laval Senior;Laval;Juvénile;D4;Masculin;dd7e3457-8a4a-4288-8bc6-0092bb963724;ffe0eb63-f851-4032-933b-45eacd6f7220;InstitutionId RSEQ;;;10;10;base;Basketball J M D4
oui;haute;Secondaire;Basketball;Basketball;Féminin;Laval;Leblanc;École Leblanc;Laval;Benjamin;D3;Féminin;b9ef73d0-ee78-4cff-9c41-ef804f33094c;0567fa57-1cf1-48ea-90f8-6d0921084532;InstitutionId RSEQ;;;12;12;base;Basketball B F D3
oui;haute;Secondaire;Basketball;Basketball;Masculin;Laval;Leblanc;École Leblanc;Laval;Cadet;D3;Masculin;53b12905-2514-4b84-9e8e-3f1516226784;0567fa57-1cf1-48ea-90f8-6d0921084532;InstitutionId RSEQ;;;11;11;base;Basketball C M D3
oui;haute;Secondaire;Basketball;Basketball;Féminin;Laval;Leblanc;École Leblanc;Laval;Juvénile;D3;Féminin;fa9cc5df-c98c-4ba7-99ee-db066c518a91;0567fa57-1cf1-48ea-90f8-6d0921084532;InstitutionId RSEQ;;;10;10;base;Basketball J F D3
oui;haute;Secondaire;Basketball;Basketball;Masculin;Laval;Leblanc;École Leblanc;Laval;Juvénile;D3;Masculin;9b92604b-6221-4448-b5f8-1ec4f3525186;0567fa57-1cf1-48ea-90f8-6d0921084532;InstitutionId RSEQ;;;11;11;base;Basketball J M D3
oui;haute;Secondaire;Basketball;Basketball;Masculin;Laval;Leblanc;École Leblanc;Laval;Benjamin;D3;Masculin;525977d0-dcd3-4561-acc1-0f426eaab440;0567fa57-1cf1-48ea-90f8-6d0921084532;InstitutionId RSEQ;;;14;14;base;Basketball B M D3
oui;haute;Secondaire;Basketball;Basketball;Masculin;Laval;Letendre;École Letendre;Laval;Benjamin;D3;Masculin;23985d03-97ae-4508-9069-12817044ed4b;0da0d452-74ee-4073-b1f2-d4e352f60b99;InstitutionId RSEQ;;;14;14;base;Basketball B M D3
oui;haute;Secondaire;Basketball;Basketball;Masculin;Laval;Letendre;École Letendre;Laval;Cadet;D3;Masculin;29b4cd4a-d064-4476-84ee-2c1d066a51bf;0da0d452-74ee-4073-b1f2-d4e352f60b99;InstitutionId RSEQ;;;11;11;base;Basketball C M D3
oui;haute;Secondaire;Basketball;Basketball;Féminin;Laval;Letendre;École Letendre;Laval;Juvénile;D3;Féminin;8e997358-d0f9-4371-8c64-6f836cebde8d;0da0d452-74ee-4073-b1f2-d4e352f60b99;InstitutionId RSEQ;;;10;10;base;Basketball J F D3
oui;haute;Secondaire;Basketball;Basketball;Masculin;Laval;Letendre;École Letendre;Laval;Juvénile;D3;Masculin;ad43ff8d-ce61-4b9d-a987-3a6b4b93daa3;0da0d452-74ee-4073-b1f2-d4e352f60b99;InstitutionId RSEQ;;;11;11;base;Basketball J M D3
oui;haute;Secondaire;Basketball;Basketball;Masculin;Laval;Letendre;École Letendre;Laval;Benjamin;D4;Masculin;fd58b317-3293-466c-ac19-166d986b3051;0da0d452-74ee-4073-b1f2-d4e352f60b99;InstitutionId RSEQ;;;13;13;base;Basketball B M D4
oui;haute;Secondaire;Basketball;Basketball;Féminin;Laval;Letendre;École Letendre;Laval;Benjamin;D3;Féminin;d930d67a-3474-426a-98e0-e8f85afc1800;0da0d452-74ee-4073-b1f2-d4e352f60b99;InstitutionId RSEQ;;;12;12;base;Basketball B F D3
oui;haute;Secondaire;Basketball;Basketball;Féminin;Laval;Letendre (surclassé);École Letendre;Laval;Juvénile;D4;Féminin;ade353e4-2d6f-4b3f-9f47-85d6ce5768b4;0da0d452-74ee-4073-b1f2-d4e352f60b99;InstitutionId RSEQ;;;12;12;base;Basketball J F D4
oui;haute;Secondaire;Basketball;Basketball;Féminin;Laval;Mont-de-La Salle;École Mont-de-La Salle;Laval;Benjamin;D4;Féminin;6fda2c15-1744-490d-94ec-748336b50de4;c9979949-6add-4829-94e4-84a22135f5af;InstitutionId RSEQ;;;14;14;base;Basketball B F D4
oui;haute;Secondaire;Basketball;Basketball;Féminin;Laval;Mont-de-La Salle;École Mont-de-La Salle;Laval;Juvénile;D4;Féminin;6e6af629-7b7e-4f8b-855d-27f1fc491622;c9979949-6add-4829-94e4-84a22135f5af;InstitutionId RSEQ;;;12;12;base;Basketball J F D4
oui;haute;Secondaire;Basketball;Basketball;Féminin;Laval;Mont-de-La Salle;École Mont-de-La Salle;Laval;Juvénile;D3;Féminin;6421a104-380d-4270-8126-47dac58b4283;c9979949-6add-4829-94e4-84a22135f5af;InstitutionId RSEQ;;;10;10;base;Basketball J F D3
oui;haute;Secondaire;Basketball;Basketball;Masculin;Laval;Mont-de-La Salle;École Mont-de-La Salle;Laval;Juvénile;D3;Masculin;3536217a-a4b4-4feb-8d28-9595ce38d7d9;c9979949-6add-4829-94e4-84a22135f5af;InstitutionId RSEQ;;;11;11;base;Basketball J M D3
oui;haute;Secondaire;Basketball;Basketball;Masculin;Laval;Mont-de-La Salle;École Mont-de-La Salle;Laval;Benjamin;D4;Masculin;03aa8ba9-bd85-4c8c-a913-e8ee19bc6fcb;c9979949-6add-4829-94e4-84a22135f5af;InstitutionId RSEQ;;;13;13;base;Basketball B M D4
oui;haute;Secondaire;Basketball;Basketball;Masculin;Laval;Mont-de-La Salle 2;École Mont-de-La Salle;Laval;Benjamin;D4;Masculin;360a6e2f-9127-4fb3-8690-5a791fce58ca;c9979949-6add-4829-94e4-84a22135f5af;InstitutionId RSEQ;;;13;13;base;Basketball B M D4
oui;haute;Secondaire;Basketball;Basketball;Masculin;Laval;Mosaïque;École de la Mosaïque;Laval;Juvénile;D4;Masculin;b1401fd7-470a-4f58-b4ef-3399e39afcd7;7371397b-9972-4ff3-bbc6-acf92470c318;InstitutionId RSEQ;;;10;10;base;Basketball J M D4
oui;haute;Secondaire;Basketball;Basketball;Masculin;Laval;North Star Academy;North Star Academy Laval;Laval;Juvénile;D4;Masculin;37cb453e-8a58-4b97-ac4b-2834b85785cc;6ad0052c-a6ed-4537-8d72-ca94750ad80d;InstitutionId RSEQ;;;10;10;base;Basketball J M D4
oui;haute;Secondaire;Basketball;Basketball;Masculin;Laval;Poly-Jeunesse;École Poly-Jeunesse;Laval;Juvénile;D3;Masculin;d6b5d3c4-c8af-4c22-a0cf-c91f727a6709;99b1f4b8-b563-48ef-b384-a07ad721b376;InstitutionId RSEQ;;;11;11;base;Basketball J M D3
oui;haute;Secondaire;Basketball;Basketball;Féminin;Laval;Poly-Jeunesse;École Poly-Jeunesse;Laval;Benjamin;D4;Féminin;750f81be-1f4a-48e6-b6cc-d8bd9edf454a;99b1f4b8-b563-48ef-b384-a07ad721b376;InstitutionId RSEQ;;;14;14;base;Basketball B F D4
oui;haute;Secondaire;Basketball;Basketball;Féminin;Laval;Poly-Jeunesse;École Poly-Jeunesse;Laval;Juvénile;D4;Féminin;0f33b8b4-b158-4422-bb35-fb09e6ed8a2e;99b1f4b8-b563-48ef-b384-a07ad721b376;InstitutionId RSEQ;;;12;12;base;Basketball J F D4
oui;haute;Secondaire;Basketball;Basketball;Masculin;Laval;Poly-Jeunesse;École Poly-Jeunesse;Laval;Cadet;D3;Masculin;7aa2792d-b906-43aa-a786-009ab94213bb;99b1f4b8-b563-48ef-b384-a07ad721b376;InstitutionId RSEQ;;;11;11;base;Basketball C M D3
oui;haute;Secondaire;Basketball;Basketball;Masculin;Laval;Poly-Jeunesse;École Poly-Jeunesse;Laval;Benjamin;D4;Masculin;720cc470-6dd7-458e-bc69-a7c595a07311;99b1f4b8-b563-48ef-b384-a07ad721b376;InstitutionId RSEQ;;;13;13;base;Basketball B M D4
oui;haute;Secondaire;Basketball;Basketball;Féminin;Laval;St-Martin;École Saint-Martin;Laval;Benjamin;D4;Féminin;8fb4ff2c-0366-46b1-92c9-ef54c1bd13ee;aa7ef915-e171-40f0-8da0-f947bb65dcf2;InstitutionId RSEQ;;;14;14;base;Basketball B F D4
oui;haute;Secondaire;Basketball;Basketball;Masculin;Laval;St-Martin;École Saint-Martin;Laval;Benjamin;D4;Masculin;414f7fb2-d504-4fdd-a8c1-b2312fe4fde3;aa7ef915-e171-40f0-8da0-f947bb65dcf2;InstitutionId RSEQ;;;13;13;base;Basketball B M D4
oui;haute;Secondaire;Basketball;Basketball;Masculin;Laval;St-Martin;École Saint-Martin;Laval;Cadet;D3;Masculin;3a8b12a5-df7f-49c2-9d08-9c2b01337cc0;aa7ef915-e171-40f0-8da0-f947bb65dcf2;InstitutionId RSEQ;;;11;11;base;Basketball C M D3
oui;haute;Secondaire;Basketball;Basketball;Masculin;Laval;St-Martin;École Saint-Martin;Laval;Juvénile;D4;Masculin;b8fd41cd-1d3d-4a9c-b26e-811c76ad57e1;aa7ef915-e171-40f0-8da0-f947bb65dcf2;InstitutionId RSEQ;;;10;10;base;Basketball J M D4
oui;haute;Secondaire;Basketball;Basketball;Féminin;Laval;St-Martin (surclassé);École Saint-Martin;Laval;Juvénile;D4;Féminin;a91417d6-33fb-4968-9b4d-35301a5c782a;aa7ef915-e171-40f0-8da0-f947bb65dcf2;InstitutionId RSEQ;;;12;12;base;Basketball J F D4
oui;haute;Secondaire;Basketball;Basketball;Masculin;Laval;St-Maxime;École Saint-Maxime;Laval;Juvénile;D3;Masculin;5f527956-4faf-48af-b063-e256e42a03ce;d530f0cf-dafe-45ca-bb97-295a0597688e;InstitutionId RSEQ;;;11;11;base;Basketball J M D3
oui;haute;Secondaire;Basketball;Basketball;Féminin;Laval;St-Maxime;École Saint-Maxime;Laval;Juvénile;D3;Féminin;bad55a70-79ab-417a-bf21-c54b9fd5090e;d530f0cf-dafe-45ca-bb97-295a0597688e;InstitutionId RSEQ;;;10;10;base;Basketball J F D3
oui;haute;Secondaire;Basketball;Basketball;Masculin;Laval;St-Maxime;École Saint-Maxime;Laval;Cadet;D3;Masculin;295a99d5-51f9-495e-a2f6-525ad8089136;d530f0cf-dafe-45ca-bb97-295a0597688e;InstitutionId RSEQ;;;11;11;base;Basketball C M D3
oui;haute;Secondaire;Basketball;Basketball;Féminin;Laval;St-Maxime;École Saint-Maxime;Laval;Benjamin;D3;Féminin;b3e7a580-fa74-4de2-8ac2-04e2eb08ee2d;d530f0cf-dafe-45ca-bb97-295a0597688e;InstitutionId RSEQ;;;12;12;base;Basketball B F D3
oui;haute;Secondaire;Basketball;Basketball;Masculin;Laval;St-Maxime;École Saint-Maxime;Laval;Benjamin;D3;Masculin;cacb950c-1db2-44ad-8f8b-0eb74d66fb0d;d530f0cf-dafe-45ca-bb97-295a0597688e;InstitutionId RSEQ;;;14;14;base;Basketball B M D3
oui;haute;Secondaire;Basketball;Basketball;Féminin;Laval;St-Maxime;École Saint-Maxime;Laval;Benjamin;D4;Féminin;08d7eb8b-18d5-4331-ac69-bf4b38d55df6;d530f0cf-dafe-45ca-bb97-295a0597688e;InstitutionId RSEQ;;;14;14;base;Basketball B F D4
oui;haute;Secondaire;Basketball;Basketball;Masculin;Laval;St-Maxime;École Saint-Maxime;Laval;Benjamin;D4;Masculin;3ed8c360-48ae-4164-abf5-2c752ef4b01a;d530f0cf-dafe-45ca-bb97-295a0597688e;InstitutionId RSEQ;;;13;13;base;Basketball B M D4
oui;haute;Secondaire;Basketball;Basketball;Féminin;Laval;St-Maxime (surclassé);École Saint-Maxime;Laval;Juvénile;D4;Féminin;67cdec3d-35e1-47b9-a320-25569f36ffd3;d530f0cf-dafe-45ca-bb97-295a0597688e;InstitutionId RSEQ;;;12;12;base;Basketball J F D4
oui;haute;Secondaire;Basketball;Basketball;Féminin;Montréal;Académie Dunton;Académie Dunton;Montréal;Benjamin;D4;Féminin;67580e91-fd5f-4b51-b8c1-c564e2a66031;c1c0dec8-8a84-4682-89d2-784ed18cd5c6;InstitutionId RSEQ;;;10;10;base;Basketball B F D4 Niveau 2
oui;haute;Secondaire;Basketball;Basketball;Féminin;Montréal;Académie Dunton;Académie Dunton;Montréal;Juvénile;D4;Féminin;e8d1ab88-aa39-4adc-913c-8efe7f942177;c1c0dec8-8a84-4682-89d2-784ed18cd5c6;InstitutionId RSEQ;;;12;12;base;Basketball J F D4 Niveau 1
oui;haute;Secondaire;Basketball;Basketball;Masculin;Montréal;Académie Dunton;Académie Dunton;Montréal;Atome;D4;Masculin;d2e9e327-e3c4-4862-8bd2-6a333c138839;c1c0dec8-8a84-4682-89d2-784ed18cd5c6;InstitutionId RSEQ;;;10;10;base;Basketball A M D4 Niveau 2
oui;haute;Secondaire;Basketball;Basketball;Masculin;Montréal;Académie Dunton;Académie Dunton;Montréal;Juvénile;D4;Masculin;c78695f8-0383-4351-908b-43b2df3d7336;c1c0dec8-8a84-4682-89d2-784ed18cd5c6;InstitutionId RSEQ;;;14;14;base;Basketball J M D4 Niveau 1 Est
oui;haute;Secondaire;Basketball;Basketball;Masculin;Montréal;Académie Michèle-Provost (S);Académie Michèle-Provost;Montréal;Juvénile;D4;Masculin;656c94d4-d67b-4c4d-b259-4c49a2e2feca;ec4eabf1-a21d-47cd-9c81-10b2c6542b50;InstitutionId RSEQ;;;9;9;base;Basketball J M D4 Niveau 3
oui;haute;Secondaire;Basketball;Basketball;Féminin;Montréal;Coll. Notre-Dame-de-Lourdes;Collège Notre-Dame-de-Lourdes;Longueuil;Atome;D3;Féminin;436b257c-5797-4220-9e95-7ca8e9740225;649030c8-e01d-48cc-aca7-4efde967cdb4;InstitutionId RSEQ;;;12;12;base;Basketball A F D3
oui;haute;Secondaire;Basketball;Basketball;Masculin;Montréal;Coll. Notre-Dame-de-Lourdes;Collège Notre-Dame-de-Lourdes;Longueuil;Atome;D3;Masculin;da1b2d18-8556-4669-9c0c-6c376ea5c71b;649030c8-e01d-48cc-aca7-4efde967cdb4;InstitutionId RSEQ;;;12;12;base;Basketball A M D3
oui;haute;Secondaire;Basketball;Basketball;Masculin;Montréal;Collège d'Anjou;Collège d'Anjou;Montréal;Juvénile;D4;Masculin;ea58d3d0-8a7e-4455-b4d6-84dae7b07f8c;1f32b1be-3ecf-45f1-89aa-87883256711b;InstitutionId RSEQ;;;11;11;base;Basketball J M D4 Niveau 2
oui;haute;Secondaire;Basketball;Basketball;Féminin;Montréal;Collège d'Anjou;Collège d'Anjou;Montréal;Benjamin;D4;Féminin;ab6c812c-c04d-4f8f-b5a3-039b75181466;1f32b1be-3ecf-45f1-89aa-87883256711b;InstitutionId RSEQ;;;10;10;base;Basketball B F D4 Niveau 2
oui;haute;Secondaire;Basketball;Basketball;Masculin;Montréal;Collège d'Anjou;Collège d'Anjou;Montréal;Benjamin;D4;Masculin;76949c6e-426a-4d20-b881-7dbe043d7edf;1f32b1be-3ecf-45f1-89aa-87883256711b;InstitutionId RSEQ;;;10;10;base;Basketball B M D4 Niveau 2
oui;haute;Secondaire;Basketball;Basketball;Masculin;Montréal;Collège de Montréal;Collège de Montréal;Montréal;Cadet;D4;Masculin;f6d17546-d589-49b5-b1e0-8fb186e2ba09;9f948e9b-0b6a-4280-9feb-8ca39c1f51c0;InstitutionId RSEQ;;;10;10;base;Basketball C M D4 Niveau 2
oui;haute;Secondaire;Basketball;Basketball;Féminin;Montréal;Collège de Montréal;Collège de Montréal;Montréal;Benjamin;D4;Féminin;331d9a26-c6ee-418a-af6a-f558f59c2e2b;9f948e9b-0b6a-4280-9feb-8ca39c1f51c0;InstitutionId RSEQ;;;10;10;base;Basketball B F D4 Niveau 2
oui;haute;Secondaire;Basketball;Basketball;Masculin;Montréal;Collège de Montréal;Collège de Montréal;Montréal;Atome;D4;Masculin;6511f11b-8a71-4bc0-b3af-682ac54737de;9f948e9b-0b6a-4280-9feb-8ca39c1f51c0;InstitutionId RSEQ;;;10;10;base;Basketball A M D4 Niveau 1
oui;haute;Secondaire;Basketball;Basketball;Masculin;Montréal;Collège de Montréal;Collège de Montréal;Montréal;Juvénile;D3;Masculin;42435ad3-c7a0-4be5-a25b-1a2a7f839c7f;9f948e9b-0b6a-4280-9feb-8ca39c1f51c0;InstitutionId RSEQ;;;14;14;base;Basketball J M D3
oui;haute;Secondaire;Basketball;Basketball;Masculin;Montréal;Collège de Montréal;Collège de Montréal;Montréal;Benjamin;D4;Masculin;e0ccd877-9789-4a95-9130-90867466eaa2;9f948e9b-0b6a-4280-9feb-8ca39c1f51c0;InstitutionId RSEQ;;;13;13;base;Basketball B M D4 Niveau 1
oui;haute;Secondaire;Basketball;Basketball;Masculin;Montréal;Collège Durocher;Collège Durocher Saint-Lambert;Saint-Lambert;Atome;D3;Masculin;b5d17f16-59c6-4c4a-bfb2-c8addc7ad6d4;4a3e8e63-4bd3-407a-b4bd-84b04b607a88;InstitutionId RSEQ;;;12;12;base;Basketball A M D3
oui;haute;Secondaire;Basketball;Basketball;Masculin;Montréal;Collège Français de Montréal;Collège Français Secondaire Montréal;Montréal;Cadet;D3;Masculin;6f9370c2-de18-40e3-95fc-417feac74cae;4028bcd7-fb5c-408e-b0f6-821f238d2101;InstitutionId RSEQ;;;12;12;base;Basketball C M D3
oui;haute;Secondaire;Basketball;Basketball;Masculin;Montréal;Collège Français de Montréal;Collège Français Secondaire Montréal;Montréal;Juvénile;D3;Masculin;598e64e7-6a70-4754-b22a-6f107ed21fa1;4028bcd7-fb5c-408e-b0f6-821f238d2101;InstitutionId RSEQ;;;14;14;base;Basketball J M D3
oui;haute;Secondaire;Basketball;Basketball;Féminin;Montréal;Collège Français de Montréal;Collège Français Secondaire Montréal;Montréal;Juvénile;D4;Féminin;fa2fa7fc-f70f-4d57-bcf1-f639df851660;4028bcd7-fb5c-408e-b0f6-821f238d2101;InstitutionId RSEQ;;;12;12;base;Basketball J F D4 Niveau 1
oui;haute;Secondaire;Basketball;Basketball;Masculin;Montréal;Collège Français de Montréal;Collège Français Secondaire Montréal;Montréal;Benjamin;D3;Masculin;0978672c-fb56-420b-a4e7-46b1cec37ee2;4028bcd7-fb5c-408e-b0f6-821f238d2101;InstitutionId RSEQ;;;14;14;base;Basketball B M D3
oui;haute;Secondaire;Basketball;Basketball;Féminin;Montréal;Collège International Marie-de-France;Collège international Marie de France;Montréal;Juvénile;D4;Féminin;1c4e7a41-ff08-4dac-a102-3b277f6068db;6d36b5dd-fbb2-430b-a55f-a3eae0b782ab;InstitutionId RSEQ;;;10;10;base;Basketball J F D4 Niveau 2
oui;haute;Secondaire;Basketball;Basketball;Féminin;Montréal;Collège International Marie-de-France;Collège international Marie de France;Montréal;Benjamin;D4;Féminin;50e4376d-e870-468b-9dc7-8a25411a43e9;6d36b5dd-fbb2-430b-a55f-a3eae0b782ab;InstitutionId RSEQ;;;10;10;base;Basketball B F D4 Niveau 2
oui;haute;Secondaire;Basketball;Basketball;Masculin;Montréal;Collège International Marie-de-France;Collège international Marie de France;Montréal;Benjamin;D4;Masculin;ba2aa6eb-3cc7-455f-8f5b-8f3553fc1866;6d36b5dd-fbb2-430b-a55f-a3eae0b782ab;InstitutionId RSEQ;;;10;10;base;Basketball B M D4 Niveau 3
oui;haute;Secondaire;Basketball;Basketball;Masculin;Montréal;Collège International Marie-de-France;Collège international Marie de France;Montréal;Cadet;D4;Masculin;310691e9-4c58-4f35-a25e-9719b472c13f;6d36b5dd-fbb2-430b-a55f-a3eae0b782ab;InstitutionId RSEQ;;;8;8;base;Basketball C M D4 Niveau 3
oui;haute;Secondaire;Basketball;Basketball;Masculin;Montréal;Collège Jean-de-Brébeuf;Collège Jean-de-Brébeuf;Montréal;Atome;D3;Masculin;56ff4e9d-f83a-415a-afaa-1190b27b6ce3;506408d1-a176-4744-bb57-687bc9a41a1e;InstitutionId RSEQ;;;12;12;base;Basketball A M D3
oui;haute;Secondaire;Basketball;Basketball;Masculin;Montréal;Collège Jean-de-Brébeuf;Collège Jean-de-Brébeuf;Montréal;Cadet;D4;Masculin;39124397-c2ba-481e-9e79-933f614ff631;506408d1-a176-4744-bb57-687bc9a41a1e;InstitutionId RSEQ;;;12;12;base;Basketball C M D4 Niveau 1
oui;haute;Secondaire;Basketball;Basketball;Masculin;Montréal;Collège Jean-de-Brébeuf;Collège Jean-de-Brébeuf;Montréal;Benjamin;D4;Masculin;234911d7-a082-4418-a339-56586851b60e;506408d1-a176-4744-bb57-687bc9a41a1e;InstitutionId RSEQ;;;13;13;base;Basketball B M D4 Niveau 1
oui;haute;Secondaire;Basketball;Basketball;Masculin;Montréal;Collège Jean-de-Brébeuf;Collège Jean-de-Brébeuf;Montréal;Juvénile;D4;Masculin;6d723808-0684-4514-b42c-09675fbdc0b2;506408d1-a176-4744-bb57-687bc9a41a1e;InstitutionId RSEQ;;;14;14;base;Basketball J M D4 Niveau 1 Ouest
oui;haute;Secondaire;Basketball;Basketball;Masculin;Montréal;Collège Jean-de-Brébeuf;Collège Jean-de-Brébeuf;Montréal;Atome;D4;Masculin;4b074b20-3f97-433f-a374-342403237240;506408d1-a176-4744-bb57-687bc9a41a1e;InstitutionId RSEQ;;;10;10;base;Basketball A M D4 Niveau 1
oui;haute;Secondaire;Basketball;Basketball;Féminin;Montréal;Collège Jean-Eudes;Collège Jean-Eudes;Montréal;Atome;D3;Féminin;b6fed190-ce46-4f97-877f-8482e0cd711a;ea11a9e0-aad9-4294-8ac2-2a6302317e0c;InstitutionId RSEQ;;;12;12;base;Basketball A F D3
oui;haute;Secondaire;Basketball;Basketball;Masculin;Montréal;Collège Jean-Eudes;Collège Jean-Eudes;Montréal;Atome;D4;Masculin;31968bd4-7135-4cc6-8f58-2471898ced89;ea11a9e0-aad9-4294-8ac2-2a6302317e0c;InstitutionId RSEQ;;;10;10;base;Basketball A M D4 Niveau 1
oui;haute;Secondaire;Basketball;Basketball;Féminin;Montréal;Collège Jean-Eudes;Collège Jean-Eudes;Montréal;Benjamin;D3;Féminin;9bf19db7-7164-49f8-965a-7103038c7547;ea11a9e0-aad9-4294-8ac2-2a6302317e0c;InstitutionId RSEQ;;;12;12;base;Basketball B F D3
oui;haute;Secondaire;Basketball;Basketball;Masculin;Montréal;Collège Jean-Eudes;Collège Jean-Eudes;Montréal;Benjamin;D3;Masculin;89f2c129-1690-4044-92cf-43997ee54b2c;ea11a9e0-aad9-4294-8ac2-2a6302317e0c;InstitutionId RSEQ;;;14;14;base;Basketball B M D3
oui;haute;Secondaire;Basketball;Basketball;Masculin;Montréal;Collège Jean-Eudes;Collège Jean-Eudes;Montréal;Atome;D3;Masculin;25701987-7031-431a-a5bb-0c6dd340d705;ea11a9e0-aad9-4294-8ac2-2a6302317e0c;InstitutionId RSEQ;;;12;12;base;Basketball A M D3
oui;haute;Secondaire;Basketball;Basketball;Masculin;Montréal;Collège Mont-St-Louis;Collège Mont-Saint-Louis;Montréal;Juvénile;D4;Masculin;7ce4a87a-77f0-43f0-9923-03beedae8d02;c628744d-935f-49c9-9fdb-f7b985be384f;InstitutionId RSEQ;;;11;11;base;Basketball J M D4 Niveau 2
oui;haute;Secondaire;Basketball;Basketball;Féminin;Montréal;Collège Mont-St-Louis;Collège Mont-Saint-Louis;Montréal;Atome;D4;Féminin;26e8a71c-f951-4d8c-af60-b698be98c9ff;c628744d-935f-49c9-9fdb-f7b985be384f;InstitutionId RSEQ;;;10;10;base;Basketball A F D4 Niveau 1
oui;haute;Secondaire;Basketball;Basketball;Féminin;Montréal;Collège Mont-St-Louis;Collège Mont-Saint-Louis;Montréal;Cadet;D4;Féminin;022baab6-8a24-438d-870e-87762468f439;c628744d-935f-49c9-9fdb-f7b985be384f;InstitutionId RSEQ;;;10;10;base;Basketball C F D4 Niveau 2
oui;haute;Secondaire;Basketball;Basketball;Masculin;Montréal;Collège Mont-St-Louis;Collège Mont-Saint-Louis;Montréal;Juvénile;D4;Masculin;63501d33-3850-4030-883f-327a8f356cb4;c628744d-935f-49c9-9fdb-f7b985be384f;InstitutionId RSEQ;;;14;14;base;Basketball J M D4 Niveau 1 Ouest
oui;haute;Secondaire;Basketball;Basketball;Masculin;Montréal;Collège Mont-St-Louis;Collège Mont-Saint-Louis;Montréal;Benjamin;D4;Masculin;2d855c10-411a-4e51-9164-d9baa80da693;c628744d-935f-49c9-9fdb-f7b985be384f;InstitutionId RSEQ;;;13;13;base;Basketball B M D4 Niveau 1
oui;haute;Secondaire;Basketball;Basketball;Masculin;Montréal;Collège Mont-St-Louis;Collège Mont-Saint-Louis;Montréal;Cadet;D4;Masculin;86b53b9e-da21-40f9-aaa4-7ed8f7c76c5d;c628744d-935f-49c9-9fdb-f7b985be384f;InstitutionId RSEQ;;;10;10;base;Basketball C M D4 Niveau 2
oui;haute;Secondaire;Basketball;Basketball;Féminin;Montréal;Collège Mont-St-Louis;Collège Mont-Saint-Louis;Montréal;Juvénile;D4;Féminin;18c06740-0b6b-462f-88a2-74f7243c6b30;c628744d-935f-49c9-9fdb-f7b985be384f;InstitutionId RSEQ;;;10;10;base;Basketball J F D4 Niveau 2
oui;haute;Secondaire;Basketball;Basketball;Féminin;Montréal;Collège Mont-St-Louis;Collège Mont-Saint-Louis;Montréal;Benjamin;D4;Féminin;d51a8c4d-1472-40e5-964d-2c1a0b66b45a;c628744d-935f-49c9-9fdb-f7b985be384f;InstitutionId RSEQ;;;10;10;base;Basketball B F D4 Niveau 2
oui;haute;Secondaire;Basketball;Basketball;Masculin;Montréal;Collège Mont-St-Louis;Collège Mont-Saint-Louis;Montréal;Atome;D4;Masculin;c1bcf4c4-5dd3-45d4-908f-f7f82ab77559;c628744d-935f-49c9-9fdb-f7b985be384f;InstitutionId RSEQ;;;10;10;base;Basketball A M D4 Niveau 2
oui;haute;Secondaire;Basketball;Basketball;Masculin;Montréal;Collège Notre-Dame;Collège Notre-Dame;Montréal;Juvénile;D4;Masculin;71d4ca7a-c9f1-4bdc-bb61-80d04a4d493c;f7a54b0e-698f-4bc2-9bba-5ee28c91ede6;InstitutionId RSEQ;;;14;14;base;Basketball J M D4 Niveau 1 Ouest
oui;haute;Secondaire;Basketball;Basketball;Masculin;Montréal;Collège Notre-Dame;Collège Notre-Dame;Montréal;Atome;D4;Masculin;7f8cc964-9714-4274-9574-326871a47577;f7a54b0e-698f-4bc2-9bba-5ee28c91ede6;InstitutionId RSEQ;;;10;10;base;Basketball A M D4 Niveau 1
oui;haute;Secondaire;Basketball;Basketball;Masculin;Montréal;Collège Notre-Dame;Collège Notre-Dame;Montréal;Benjamin;D4;Masculin;0dc32eeb-81c4-4a62-b2b8-b02d72b3acc5;f7a54b0e-698f-4bc2-9bba-5ee28c91ede6;InstitutionId RSEQ;;;10;10;base;Basketball B M D4 Niveau 2
oui;haute;Secondaire;Basketball;Basketball;Masculin;Montréal;Collège Notre-Dame;Collège Notre-Dame;Montréal;Benjamin;D3;Masculin;af28ce86-bab5-4e26-83c5-41f28796f70d;f7a54b0e-698f-4bc2-9bba-5ee28c91ede6;InstitutionId RSEQ;;;14;14;base;Basketball B M D3
oui;haute;Secondaire;Basketball;Basketball;Masculin;Montréal;Collège Notre-Dame;Collège Notre-Dame;Montréal;Cadet;D3;Masculin;40abf39e-36f7-4bc6-88f3-068930fb1a28;f7a54b0e-698f-4bc2-9bba-5ee28c91ede6;InstitutionId RSEQ;;;12;12;base;Basketball C M D3
oui;haute;Secondaire;Basketball;Basketball;Féminin;Montréal;Collège Notre-Dame;Collège Notre-Dame;Montréal;Juvénile;D4;Féminin;f71af0be-f592-439a-82fd-5df45b7cab71;f7a54b0e-698f-4bc2-9bba-5ee28c91ede6;InstitutionId RSEQ;;;12;12;base;Basketball J F D4 Niveau 1
oui;haute;Secondaire;Basketball;Basketball;Féminin;Montréal;Collège Regina Assumpta;Collège Regina Assumpta;Montréal;Juvénile;D4;Féminin;7b2c317d-dc9e-4d3e-8d39-239d957a0d49;d911ac4b-e71e-47df-949c-2a42d6407ef7;InstitutionId RSEQ;;;12;12;base;Basketball J F D4 Niveau 1
oui;haute;Secondaire;Basketball;Basketball;Masculin;Montréal;Collège Regina Assumpta;Collège Regina Assumpta;Montréal;Juvénile;D3;Masculin;2999dda4-6fdf-4256-8a81-5bec94951522;d911ac4b-e71e-47df-949c-2a42d6407ef7;InstitutionId RSEQ;;;14;14;base;Basketball J M D3
oui;haute;Secondaire;Basketball;Basketball;Masculin;Montréal;Collège Regina Assumpta;Collège Regina Assumpta;Montréal;Benjamin;D3;Masculin;fe977ed6-155c-4bf8-8dba-ffdf14c65538;d911ac4b-e71e-47df-949c-2a42d6407ef7;InstitutionId RSEQ;;;14;14;base;Basketball B M D3
oui;haute;Secondaire;Basketball;Basketball;Féminin;Montréal;Collège Regina Assumpta;Collège Regina Assumpta;Montréal;Benjamin;D4;Féminin;63fe6b4d-b0da-41ed-bf33-3c6abfd61472;d911ac4b-e71e-47df-949c-2a42d6407ef7;InstitutionId RSEQ;;;12;12;base;Basketball B F D4 Niveau 1
oui;haute;Secondaire;Basketball;Basketball;Féminin;Montréal;Collège Regina Assumpta;Collège Regina Assumpta;Montréal;Atome;D3;Féminin;c3983cf3-dea3-4a95-84fd-41a71247aed6;d911ac4b-e71e-47df-949c-2a42d6407ef7;InstitutionId RSEQ;;;12;12;base;Basketball A F D3
oui;haute;Secondaire;Basketball;Basketball;Masculin;Montréal;Collège Regina Assumpta;Collège Regina Assumpta;Montréal;Atome;D3;Masculin;2ab1238c-ba20-4dc8-b3ae-5018cfb49d0b;d911ac4b-e71e-47df-949c-2a42d6407ef7;InstitutionId RSEQ;;;12;12;base;Basketball A M D3
oui;haute;Secondaire;Basketball;Basketball;Masculin;Montréal;Collège Regina Assumpta;Collège Regina Assumpta;Montréal;Benjamin;D4;Masculin;6a174adf-de4f-4696-98d6-1debec6f213f;d911ac4b-e71e-47df-949c-2a42d6407ef7;InstitutionId RSEQ;;;10;10;base;Basketball B M D4 Niveau 2
oui;haute;Secondaire;Basketball;Basketball;Masculin;Montréal;Collège Regina Assumpta;Collège Regina Assumpta;Montréal;Cadet;D3;Masculin;b47a0919-3465-4846-8fe3-426afaf5d81a;d911ac4b-e71e-47df-949c-2a42d6407ef7;InstitutionId RSEQ;;;12;12;base;Basketball C M D3
oui;haute;Secondaire;Basketball;Basketball;Masculin;Montréal;Collège Regina Assumpta;Collège Regina Assumpta;Montréal;Atome;D4;Masculin;9413b092-b982-4908-b051-8739351b22de;d911ac4b-e71e-47df-949c-2a42d6407ef7;InstitutionId RSEQ;;;10;10;base;Basketball A M D4 Niveau 2
oui;haute;Secondaire;Basketball;Basketball;Masculin;Montréal;Collège Regina Assumpta;Collège Regina Assumpta;Montréal;Juvénile;D4;Masculin;1efeb6cb-57f4-447e-8183-ec301713e09c;d911ac4b-e71e-47df-949c-2a42d6407ef7;InstitutionId RSEQ;;;14;14;base;Basketball J M D4 Niveau 1 Ouest
oui;haute;Secondaire;Basketball;Basketball;Féminin;Montréal;Collège Regina Assumpta;Collège Regina Assumpta;Montréal;Cadet;D3;Féminin;662af18c-e01e-4601-8d05-d2aa29ec6cd9;d911ac4b-e71e-47df-949c-2a42d6407ef7;InstitutionId RSEQ;;;12;12;base;Basketball C F D3
oui;haute;Secondaire;Basketball;Basketball;Masculin;Montréal;Collège Regina Assumpta;Collège Regina Assumpta;Montréal;Juvénile;D4;Masculin;98d7754a-0c69-4fd3-8d2f-18f246a7816c;d911ac4b-e71e-47df-949c-2a42d6407ef7;InstitutionId RSEQ;;;11;11;base;Basketball J M D4 Niveau 2
oui;haute;Secondaire;Basketball;Basketball;Masculin;Montréal;Collège Reine-Marie;Collège Reine-Marie;Montréal;Juvénile;D3;Masculin;a19e5a62-59f9-49f1-9cac-1b4a4dc17fd2;9b6961c4-6b05-44ee-8272-7a1835aaa8ce;InstitutionId RSEQ;;;14;14;base;Basketball J M D3
oui;haute;Secondaire;Basketball;Basketball;Masculin;Montréal;Collège Reine-Marie;Collège Reine-Marie;Montréal;Juvénile;D4;Masculin;8c62909c-ad10-45de-94d4-8bbc85a2f67d;9b6961c4-6b05-44ee-8272-7a1835aaa8ce;InstitutionId RSEQ;;;11;11;base;Basketball J M D4 Niveau 2
oui;haute;Secondaire;Basketball;Basketball;Masculin;Montréal;Collège Reine-Marie;Collège Reine-Marie;Montréal;Cadet;D4;Masculin;1da81b83-6a79-43f9-a4db-1bb1d8f51490;9b6961c4-6b05-44ee-8272-7a1835aaa8ce;InstitutionId RSEQ;;;8;8;base;Basketball C M D4 Niveau 3
oui;haute;Secondaire;Basketball;Basketball;Masculin;Montréal;Collège Reine-Marie;Collège Reine-Marie;Montréal;Atome;D4;Masculin;dc252a16-e9d3-4dec-a507-284ea6996b0e;9b6961c4-6b05-44ee-8272-7a1835aaa8ce;InstitutionId RSEQ;;;10;10;base;Basketball A M D4 Niveau 1
oui;haute;Secondaire;Basketball;Basketball;Féminin;Montréal;Collège Reine-Marie;Collège Reine-Marie;Montréal;Cadet;D4;Féminin;c8d963ad-5250-416c-b769-6c1179c13880;9b6961c4-6b05-44ee-8272-7a1835aaa8ce;InstitutionId RSEQ;;;10;10;base;Basketball C F D4 Niveau 2
oui;haute;Secondaire;Basketball;Basketball;Féminin;Montréal;Collège Reine-Marie;Collège Reine-Marie;Montréal;Benjamin;D4;Féminin;d11a7060-d7c5-4947-bfad-ec21d314b481;9b6961c4-6b05-44ee-8272-7a1835aaa8ce;InstitutionId RSEQ;;;10;10;base;Basketball B F D4 Niveau 2
oui;haute;Secondaire;Basketball;Basketball;Masculin;Montréal;Collège Reine-Marie;Collège Reine-Marie;Montréal;Benjamin;D4;Masculin;d1036e7a-ba86-40ba-93f8-62408eab6222;9b6961c4-6b05-44ee-8272-7a1835aaa8ce;InstitutionId RSEQ;;;10;10;base;Basketball B M D4 Niveau 2
oui;haute;Secondaire;Basketball;Basketball;Féminin;Montréal;Collège St-Jean-Vianney;Collège St-Jean-Vianney;Montréal;Atome;D3;Féminin;8a6aa551-8f70-4965-a2c7-c2092f08e95d;24ee7ebf-fede-47dd-b666-bd1530b303ad;InstitutionId RSEQ;;;12;12;base;Basketball A F D3
oui;haute;Secondaire;Basketball;Basketball;Masculin;Montréal;Collège St-Jean-Vianney;Collège St-Jean-Vianney;Montréal;Atome;D3;Masculin;3d6c0e4f-ebb2-4f8d-ad77-f717acb7caee;24ee7ebf-fede-47dd-b666-bd1530b303ad;InstitutionId RSEQ;;;12;12;base;Basketball A M D3
oui;haute;Secondaire;Basketball;Basketball;Féminin;Montréal;Collège Stanislas;Collège Stanislas (Montréal);Montréal;Atome;D4;Féminin;1d55fab7-8f13-40d9-843d-d72d54e9ced5;88edd83d-c05e-4c1a-9583-9a5a9603f3be;InstitutionId RSEQ;;;10;10;base;Basketball A F D4 Niveau 1
oui;haute;Secondaire;Basketball;Basketball;Féminin;Montréal;Collège Stanislas - D4;Collège Stanislas (Montréal);Montréal;Cadet;D3;Féminin;622c0963-d4f5-45a1-aea5-308ebc9d827b;88edd83d-c05e-4c1a-9583-9a5a9603f3be;InstitutionId RSEQ;;;12;12;base;Basketball C F D3
oui;haute;Secondaire;Basketball;Basketball;Masculin;Montréal;Collège Ville-Marie;Collège Ville-Marie;Montréal;Benjamin;D4;Masculin;be1c9fe8-e5d4-4879-be64-7bdc5a367d02;543b4810-5154-4292-afc2-47730f5ba788;InstitutionId RSEQ;;;10;10;base;Basketball B M D4 Niveau 3
oui;haute;Secondaire;Basketball;Basketball;Masculin;Montréal;Collège Ville-Marie;Collège Ville-Marie;Montréal;Juvénile;D4;Masculin;cddf6c01-04ce-478c-a31a-191e008c9707;543b4810-5154-4292-afc2-47730f5ba788;InstitutionId RSEQ;;;9;9;base;Basketball J M D4 Niveau 3
oui;haute;Secondaire;Basketball;Basketball;Masculin;Montréal;École Internationale de Montréal (S);École internationale de Montréal;Westmount;Juvénile;D4;Masculin;7b0d88c9-14f9-4ca6-8c70-ce6c4126d351;db78678b-c4dd-4725-a94c-5be424984b17;InstitutionId RSEQ;;;9;9;base;Basketball J M D4 Niveau 3
oui;haute;Secondaire;Basketball;Basketball;Féminin;Montréal;École Internationale de Montréal (S);École internationale de Montréal;Westmount;Juvénile;D4;Féminin;3cfcd5ee-2343-4307-bb07-2cd7d79fd49a;db78678b-c4dd-4725-a94c-5be424984b17;InstitutionId RSEQ;;;10;10;base;Basketball J F D4 Niveau 2
oui;haute;Secondaire;Basketball;Basketball;Féminin;Montréal;École Marie-Clarac (S);École Marie-Clarac;Montréal;Cadet;D4;Féminin;da3f52da-5a1b-48b7-98df-bf4ddfb5303c;cdbb5d41-2bbd-4451-aa2b-10c1489f2495;InstitutionId RSEQ;;;10;10;base;Basketball C F D4 Niveau 2
oui;haute;Secondaire;Basketball;Basketball;Féminin;Montréal;École Sourp Hagop (S);L'École arménienne Sourp Hagop;Montréal;Juvénile;D4;Féminin;2868a902-c237-4812-97a6-5918ffa0a9e3;f406d5a4-f21c-47f0-946f-33eb0c3b3fc3;InstitutionId RSEQ;;;10;10;base;Basketball J F D4 Niveau 2
oui;haute;Secondaire;Basketball;Basketball;Masculin;Montréal;École Sourp Hagop (S);L'École arménienne Sourp Hagop;Montréal;Benjamin;D4;Masculin;968e8d23-89d8-40fc-bd5e-84655970c0a3;f406d5a4-f21c-47f0-946f-33eb0c3b3fc3;InstitutionId RSEQ;;;10;10;base;Basketball B M D4 Niveau 2
oui;haute;Secondaire;Basketball;Basketball;Féminin;Montréal;École Sourp Hagop (S);L'École arménienne Sourp Hagop;Montréal;Benjamin;D4;Féminin;07b48198-c96d-4641-82f5-e5e0d1808f14;f406d5a4-f21c-47f0-946f-33eb0c3b3fc3;InstitutionId RSEQ;;;10;10;base;Basketball B F D4 Niveau 2
non (école introuvable);introuvable;Secondaire;Basketball;Basketball;Féminin;Montréal;ÉS Anjou;;;Benjamin;D4;Féminin;573c8b83-1986-47f6-a192-4331d6480390;;InstitutionId c3abb092-36c8-43e8-8d51-6f83a37e7c21 sans école Nexus;;;10;10;base;Basketball B F D4 Niveau 2
non (école introuvable);introuvable;Secondaire;Basketball;Basketball;Masculin;Montréal;ÉS Anjou;;;Benjamin;D4;Masculin;237fbf8f-fc88-4cde-a1a5-0f5ddfe5caa8;;InstitutionId c3abb092-36c8-43e8-8d51-6f83a37e7c21 sans école Nexus;;;10;10;base;Basketball B M D4 Niveau 2
non (école introuvable);introuvable;Secondaire;Basketball;Basketball;Masculin;Montréal;ÉS Anjou;;;Juvénile;D4;Masculin;bc8b2c68-9a77-44aa-ae46-47c7ef151ff8;;InstitutionId c3abb092-36c8-43e8-8d51-6f83a37e7c21 sans école Nexus;;;11;11;base;Basketball J M D4 Niveau 2
non (école introuvable);introuvable;Secondaire;Basketball;Basketball;Féminin;Montréal;ÉS Anjou;;;Juvénile;D4;Féminin;72e36974-dcb6-481d-8a99-dda41c58146e;;InstitutionId c3abb092-36c8-43e8-8d51-6f83a37e7c21 sans école Nexus;;;10;10;base;Basketball J F D4 Niveau 2
oui;haute;Secondaire;Basketball;Basketball;Masculin;Montréal;ÉS Antoine-de-Saint-Exupéry;École secondaire Antoine-de-Saint-Exupéry;Montréal;Atome;D3;Masculin;9a31731c-b871-4525-811c-e9b1d1adebce;b7aa9702-a73c-4664-98cf-9efc50c1273e;InstitutionId RSEQ;;;12;12;base;Basketball A M D3
oui;haute;Secondaire;Basketball;Basketball;Masculin;Montréal;ÉS Antoine-de-Saint-Exupéry;École secondaire Antoine-de-Saint-Exupéry;Montréal;Juvénile;D3;Masculin;f449f947-1ac0-4665-b4bd-0c8fade71120;b7aa9702-a73c-4664-98cf-9efc50c1273e;InstitutionId RSEQ;;;14;14;base;Basketball J M D3
oui;haute;Secondaire;Basketball;Basketball;Féminin;Montréal;ÉS Antoine-de-Saint-Exupéry;École secondaire Antoine-de-Saint-Exupéry;Montréal;Atome;D3;Féminin;522f12d3-0891-466d-b7e8-ce25e82acd66;b7aa9702-a73c-4664-98cf-9efc50c1273e;InstitutionId RSEQ;;;12;12;base;Basketball A F D3
oui;haute;Secondaire;Basketball;Basketball;Féminin;Montréal;ÉS aux Mille Voix;École secondaire aux Mille-Voix;Montréal;Cadet;D4;Féminin;02637d7f-8c60-45b3-a94c-b5808c4d431c;6f5920b0-b101-437f-9ff7-6cf0dd7f4082;InstitutionId RSEQ;;;10;10;base;Basketball C F D4 Niveau 2
oui;haute;Secondaire;Basketball;Basketball;Masculin;Montréal;ÉS aux Mille Voix;École secondaire aux Mille-Voix;Montréal;Cadet;D4;Masculin;e1f60159-a352-4105-84ab-86600685aeec;6f5920b0-b101-437f-9ff7-6cf0dd7f4082;InstitutionId RSEQ;;;12;12;base;Basketball C M D4 Niveau 1
oui;haute;Secondaire;Basketball;Basketball;Féminin;Montréal;ÉS aux Mille Voix;École secondaire aux Mille-Voix;Montréal;Atome;D4;Féminin;5512a517-76d5-445f-be65-ad8a63b46c06;6f5920b0-b101-437f-9ff7-6cf0dd7f4082;InstitutionId RSEQ;;;10;10;base;Basketball A F D4 Niveau 1
oui;haute;Secondaire;Basketball;Basketball;Masculin;Montréal;ÉS aux Mille Voix;École secondaire aux Mille-Voix;Montréal;Cadet;D4;Masculin;018360b6-f9e8-424e-8dd2-eae6e5205fa4;6f5920b0-b101-437f-9ff7-6cf0dd7f4082;InstitutionId RSEQ;;;8;8;base;Basketball C M D4 Niveau 3
oui;haute;Secondaire;Basketball;Basketball;Masculin;Montréal;ÉS aux Mille Voix;École secondaire aux Mille-Voix;Montréal;Benjamin;D4;Masculin;374e238e-6b2f-406f-8060-aaffc93292b8;6f5920b0-b101-437f-9ff7-6cf0dd7f4082;InstitutionId RSEQ;;;10;10;base;Basketball B M D4 Niveau 2
oui;haute;Secondaire;Basketball;Basketball;Féminin;Montréal;ÉS aux Mille Voix;École secondaire aux Mille-Voix;Montréal;Benjamin;D4;Féminin;07449822-2649-4f29-abf2-e788b9354a3c;6f5920b0-b101-437f-9ff7-6cf0dd7f4082;InstitutionId RSEQ;;;10;10;base;Basketball B F D4 Niveau 2
oui;haute;Secondaire;Basketball;Basketball;Masculin;Montréal;ÉS aux Mille Voix;École secondaire aux Mille-Voix;Montréal;Atome;D4;Masculin;caefc1c0-70b1-474e-80e2-611fb860d1a9;6f5920b0-b101-437f-9ff7-6cf0dd7f4082;InstitutionId RSEQ;;;10;10;base;Basketball A M D4 Niveau 2
oui;haute;Secondaire;Basketball;Basketball;Masculin;Montréal;ÉS aux Mille Voix;École secondaire aux Mille-Voix;Montréal;Juvénile;D4;Masculin;a332a3d3-78b3-4812-9e14-6fdbf75f94a0;6f5920b0-b101-437f-9ff7-6cf0dd7f4082;InstitutionId RSEQ;;;11;11;base;Basketball J M D4 Niveau 2
oui;haute;Secondaire;Basketball;Basketball;Masculin;Montréal;ÉS aux Mille Voix -2;École secondaire aux Mille-Voix;Montréal;Atome;D4;Masculin;00dd2a1b-9aab-434d-88a4-48cfcdb6e9f7;6f5920b0-b101-437f-9ff7-6cf0dd7f4082;InstitutionId RSEQ;;;10;10;base;Basketball A M D4 Niveau 2
oui;haute;Secondaire;Basketball;Basketball;Masculin;Montréal;ÉS Calixa-Lavallée;École secondaire Calixa-Lavallée;Montréal;Atome;D4;Masculin;ef81188a-9099-4a47-bc6e-26a44b2affb8;a1ffb968-68a3-4d5e-874a-d889dd433026;InstitutionId RSEQ;;;10;10;base;Basketball A M D4 Niveau 2
oui;haute;Secondaire;Basketball;Basketball;Féminin;Montréal;ÉS Calixa-Lavallée;École secondaire Calixa-Lavallée;Montréal;Juvénile;D4;Féminin;6ec7175b-62ea-4feb-a296-99de9a5e1edc;a1ffb968-68a3-4d5e-874a-d889dd433026;InstitutionId RSEQ;;;10;10;base;Basketball J F D4 Niveau 2
oui;haute;Secondaire;Basketball;Basketball;Masculin;Montréal;ÉS Calixa-Lavallée;École secondaire Calixa-Lavallée;Montréal;Juvénile;D4;Masculin;b2488ca2-45e2-4a5e-9034-0024c624e15b;a1ffb968-68a3-4d5e-874a-d889dd433026;InstitutionId RSEQ;;;14;14;base;Basketball J M D4 Niveau 1 Est
oui;haute;Secondaire;Basketball;Basketball;Masculin;Montréal;ÉS Calixa-Lavallée;École secondaire Calixa-Lavallée;Montréal;Cadet;D4;Masculin;33159ed5-787c-4b5a-9f7a-3b8f66b7b801;a1ffb968-68a3-4d5e-874a-d889dd433026;InstitutionId RSEQ;;;12;12;base;Basketball C M D4 Niveau 1
oui;haute;Secondaire;Basketball;Basketball;Masculin;Montréal;ÉS Calixa-Lavallée;École secondaire Calixa-Lavallée;Montréal;Benjamin;D4;Masculin;9c178c90-7f75-4c07-9fcb-3cea7d908062;a1ffb968-68a3-4d5e-874a-d889dd433026;InstitutionId RSEQ;;;10;10;base;Basketball B M D4 Niveau 2
oui;haute;Secondaire;Basketball;Basketball;Féminin;Montréal;ÉS Chomedey-De Maisonneuve;École Chomedey-De Maisonneuve;Montréal;Juvénile;D4;Féminin;b2187f5d-07b9-4a6c-abeb-b8ce3eee92d8;45f15340-1c3d-4f14-960d-1ca5d9cbf39a;InstitutionId RSEQ;;;10;10;base;Basketball J F D4 Niveau 2
oui;haute;Secondaire;Basketball;Basketball;Masculin;Montréal;ÉS Chomedey-De Maisonneuve;École Chomedey-De Maisonneuve;Montréal;Juvénile;D4;Masculin;2b9ba527-cc64-42ab-8b99-17077c588c83;45f15340-1c3d-4f14-960d-1ca5d9cbf39a;InstitutionId RSEQ;;;9;9;base;Basketball J M D4 Niveau 3
oui;haute;Secondaire;Basketball;Basketball;Féminin;Montréal;ÉS Chomedey-De Maisonneuve;École Chomedey-De Maisonneuve;Montréal;Benjamin;D4;Féminin;c38d58c1-6da6-4b78-9e56-fce7e43b8c4e;45f15340-1c3d-4f14-960d-1ca5d9cbf39a;InstitutionId RSEQ;;;10;10;base;Basketball B F D4 Niveau 2
oui;haute;Secondaire;Basketball;Basketball;Masculin;Montréal;ÉS Chomedey-De Maisonneuve;École Chomedey-De Maisonneuve;Montréal;Atome;D4;Masculin;cfbdef62-ece3-48e6-bb0e-fa30107263e5;45f15340-1c3d-4f14-960d-1ca5d9cbf39a;InstitutionId RSEQ;;;10;10;base;Basketball A M D4 Niveau 2
oui;haute;Secondaire;Basketball;Basketball;Masculin;Montréal;ÉS Chomedey-De Maisonneuve;École Chomedey-De Maisonneuve;Montréal;Benjamin;D4;Masculin;e1def00c-5188-46eb-81a5-a78681270739;45f15340-1c3d-4f14-960d-1ca5d9cbf39a;InstitutionId RSEQ;;;10;10;base;Basketball B M D4 Niveau 3
oui;haute;Secondaire;Basketball;Basketball;Masculin;Montréal;ÉS Chomedey-De Maisonneuve;École Chomedey-De Maisonneuve;Montréal;Cadet;D4;Masculin;97b7b8b7-1bfd-4f02-8d96-7c089dff8e70;45f15340-1c3d-4f14-960d-1ca5d9cbf39a;InstitutionId RSEQ;;;8;8;base;Basketball C M D4 Niveau 3
oui;haute;Secondaire;Basketball;Basketball;Féminin;Montréal;ÉS Daniel-Johnson;École secondaire Daniel-Johnson;Montréal;Atome;D3;Féminin;cc4f8347-dca9-495a-aad2-385a8c453eec;98e2ad03-18ef-48a9-996c-15ab7e291098;InstitutionId RSEQ;;;12;12;base;Basketball A F D3
oui;haute;Secondaire;Basketball;Basketball;Masculin;Montréal;ÉS Daniel-Johnson;École secondaire Daniel-Johnson;Montréal;Juvénile;D4;Masculin;7efaaa10-f813-40c6-b873-90ce67acbfd1;98e2ad03-18ef-48a9-996c-15ab7e291098;InstitutionId RSEQ;;;14;14;base;Basketball J M D4 Niveau 1 Est
oui;haute;Secondaire;Basketball;Basketball;Masculin;Montréal;ÉS Daniel-Johnson;École secondaire Daniel-Johnson;Montréal;Benjamin;D4;Masculin;c5389f16-c6cc-4f0f-b0a5-b370fc6fe283;98e2ad03-18ef-48a9-996c-15ab7e291098;InstitutionId RSEQ;;;13;13;base;Basketball B M D4 Niveau 1
oui;haute;Secondaire;Basketball;Basketball;Masculin;Montréal;ÉS Daniel-Johnson;École secondaire Daniel-Johnson;Montréal;Atome;D4;Masculin;cd091f9b-7533-4f72-943c-a1e589c08e53;98e2ad03-18ef-48a9-996c-15ab7e291098;InstitutionId RSEQ;;;10;10;base;Basketball A M D4 Niveau 1
oui;haute;Secondaire;Basketball;Basketball;Féminin;Montréal;ÉS Daniel-Johnson;École secondaire Daniel-Johnson;Montréal;Benjamin;D3;Féminin;8aa88da9-62e3-48f0-a372-54205f8a04ce;98e2ad03-18ef-48a9-996c-15ab7e291098;InstitutionId RSEQ;;;12;12;base;Basketball B F D3
oui;haute;Secondaire;Basketball;Basketball;Féminin;Montréal;ÉS Daniel-Johnson;École secondaire Daniel-Johnson;Montréal;Juvénile;D3;Féminin;2903ec71-83a4-4af2-bec0-5b61e67f5f36;98e2ad03-18ef-48a9-996c-15ab7e291098;InstitutionId RSEQ;;;12;12;base;Basketball J F D3
oui;haute;Secondaire;Basketball;Basketball;Masculin;Montréal;ÉS Daniel-Johnson;École secondaire Daniel-Johnson;Montréal;Cadet;D3;Masculin;20a54afb-ea49-4b4b-8364-7bf9131ace48;98e2ad03-18ef-48a9-996c-15ab7e291098;InstitutionId RSEQ;;;12;12;base;Basketball C M D3
oui;haute;Secondaire;Basketball;Basketball;Féminin;Montréal;ÉS de la Pointe-aux-Trembles;École secondaire de la Pointe-aux-Trembles;Montréal;Benjamin;D4;Féminin;8756c808-a560-4da9-8078-f4a0227941ba;15898bf7-a1e6-4ff6-a0f8-34f26733a16d;InstitutionId RSEQ;;;12;12;base;Basketball B F D4 Niveau 1
oui;haute;Secondaire;Basketball;Basketball;Féminin;Montréal;ÉS de la Pointe-aux-Trembles;École secondaire de la Pointe-aux-Trembles;Montréal;Cadet;D3;Féminin;b25e358e-e0c7-4fed-bd51-29aad13fc131;15898bf7-a1e6-4ff6-a0f8-34f26733a16d;InstitutionId RSEQ;;;12;12;base;Basketball C F D3
oui;haute;Secondaire;Basketball;Basketball;Masculin;Montréal;ÉS de la Pointe-aux-Trembles;École secondaire de la Pointe-aux-Trembles;Montréal;Atome;D4;Masculin;24a2b01e-7929-4e2d-b041-2a5892b4ec45;15898bf7-a1e6-4ff6-a0f8-34f26733a16d;InstitutionId RSEQ;;;10;10;base;Basketball A M D4 Niveau 1
oui;haute;Secondaire;Basketball;Basketball;Masculin;Montréal;ÉS de la Pointe-aux-Trembles;École secondaire de la Pointe-aux-Trembles;Montréal;Cadet;D4;Masculin;cac8d8b4-9301-49eb-bd4f-ae970e2e416a;15898bf7-a1e6-4ff6-a0f8-34f26733a16d;InstitutionId RSEQ;;;12;12;base;Basketball C M D4 Niveau 1
oui;haute;Secondaire;Basketball;Basketball;Masculin;Montréal;ÉS de la Pointe-aux-Trembles;École secondaire de la Pointe-aux-Trembles;Montréal;Benjamin;D3;Masculin;6b73dc83-19b2-4c04-ba22-ea85dacb24f5;15898bf7-a1e6-4ff6-a0f8-34f26733a16d;InstitutionId RSEQ;;;14;14;base;Basketball B M D3
oui;haute;Secondaire;Basketball;Basketball;Masculin;Montréal;ÉS de la Pointe-aux-Trembles;École secondaire de la Pointe-aux-Trembles;Montréal;Juvénile;D4;Masculin;87e00c9e-0de7-46d3-89fe-376a1f3664cd;15898bf7-a1e6-4ff6-a0f8-34f26733a16d;InstitutionId RSEQ;;;14;14;base;Basketball J M D4 Niveau 1 Est
oui;haute;Secondaire;Basketball;Basketball;Féminin;Montréal;ÉS de la Pointe-aux-Trembles;École secondaire de la Pointe-aux-Trembles;Montréal;Atome;D4;Féminin;2920c4ed-dd34-4643-970b-a0e51423e732;15898bf7-a1e6-4ff6-a0f8-34f26733a16d;InstitutionId RSEQ;;;10;10;base;Basketball A F D4 Niveau 1
oui;haute;Secondaire;Basketball;Basketball;Masculin;Montréal;ÉS Édouard-Montpetit;École secondaire Édouard-Montpetit;Montréal;Juvénile;D4;Masculin;08ae3e22-5a94-4256-89af-b1ffc9569e8a;3165d005-c38e-4bea-9300-f5f26755c2dd;InstitutionId RSEQ;;;11;11;base;Basketball J M D4 Niveau 2
oui;haute;Secondaire;Basketball;Basketball;Masculin;Montréal;ÉS Édouard-Montpetit;École secondaire Édouard-Montpetit;Montréal;Cadet;D4;Masculin;8e5fae19-961c-464f-bf49-4342c722792c;3165d005-c38e-4bea-9300-f5f26755c2dd;InstitutionId RSEQ;;;10;10;base;Basketball C M D4 Niveau 2
oui;haute;Secondaire;Basketball;Basketball;Masculin;Montréal;ÉS Édouard-Montpetit 2;École secondaire Édouard-Montpetit;Montréal;Benjamin;D4;Masculin;e25b2909-1db2-4045-9201-5a63f1238ff4;3165d005-c38e-4bea-9300-f5f26755c2dd;InstitutionId RSEQ;;;10;10;base;Basketball B M D4 Niveau 3
oui;haute;Secondaire;Basketball;Basketball;Masculin;Montréal;ÉS Georges-Vanier;École Georges-Vanier;Laval;Juvénile;D4;Masculin;97ab5a51-b6bb-4cf8-ab29-6c4dbc937644;c3b4c853-f663-4c8e-8293-3eeb131bacf4;InstitutionId RSEQ;;;14;14;base;Basketball J M D4 Niveau 1 Est
oui;haute;Secondaire;Basketball;Basketball;Masculin;Montréal;ÉS Georges-Vanier;École Georges-Vanier;Laval;Juvénile;D4;Masculin;d89402a3-73bb-4bbb-adae-51e09719a4b3;c3b4c853-f663-4c8e-8293-3eeb131bacf4;InstitutionId RSEQ;;;11;11;base;Basketball J M D4 Niveau 2
oui;haute;Secondaire;Basketball;Basketball;Féminin;Montréal;ÉS Georges-Vanier;École Georges-Vanier;Laval;Atome;D4;Féminin;93fff2ab-1a50-4531-b299-4b8b3f3d2df1;c3b4c853-f663-4c8e-8293-3eeb131bacf4;InstitutionId RSEQ;;;10;10;base;Basketball A F D4 Niveau 1
oui;haute;Secondaire;Basketball;Basketball;Féminin;Montréal;ÉS Georges-Vanier;École Georges-Vanier;Laval;Juvénile;D3;Féminin;a606f35d-2065-4326-ac4c-04f7d4fbb4f9;c3b4c853-f663-4c8e-8293-3eeb131bacf4;InstitutionId RSEQ;;;12;12;base;Basketball J F D3
oui;haute;Secondaire;Basketball;Basketball;Masculin;Montréal;ÉS Georges-Vanier;École Georges-Vanier;Laval;Benjamin;D4;Masculin;bcfc6f63-70bf-4f33-8a0c-c3abc4325352;c3b4c853-f663-4c8e-8293-3eeb131bacf4;InstitutionId RSEQ;;;13;13;base;Basketball B M D4 Niveau 1
oui;haute;Secondaire;Basketball;Basketball;Masculin;Montréal;ÉS Georges-Vanier;École Georges-Vanier;Laval;Benjamin;D4;Masculin;b6dd985f-76c2-4402-80d1-86db4b3b9705;c3b4c853-f663-4c8e-8293-3eeb131bacf4;InstitutionId RSEQ;;;10;10;base;Basketball B M D4 Niveau 2
oui;haute;Secondaire;Basketball;Basketball;Féminin;Montréal;ÉS Georges-Vanier;École Georges-Vanier;Laval;Benjamin;D4;Féminin;1090322f-e0aa-4bdb-926b-34ce35728e22;c3b4c853-f663-4c8e-8293-3eeb131bacf4;InstitutionId RSEQ;;;12;12;base;Basketball B F D4 Niveau 1
oui;haute;Secondaire;Basketball;Basketball;Masculin;Montréal;ÉS Henri-Bourassa;École secondaire Henri-Bourassa;Montréal;Atome;D3;Masculin;d3f3d190-7da5-487b-8562-49731ffb23f5;eb6b9a6d-3190-4724-a0ad-51385bd821a0;InstitutionId RSEQ;;;12;12;base;Basketball A M D3
oui;haute;Secondaire;Basketball;Basketball;Féminin;Montréal;ÉS Henri-Bourassa;École secondaire Henri-Bourassa;Montréal;Atome;D3;Féminin;ca0376cb-5f13-4830-9f40-b02daf27d77f;eb6b9a6d-3190-4724-a0ad-51385bd821a0;InstitutionId RSEQ;;;12;12;base;Basketball A F D3
oui;haute;Secondaire;Basketball;Basketball;Masculin;Montréal;ÉS Honoré-Mercier;École Honoré-Mercier;Montréal;Juvénile;D4;Masculin;1cb39a39-fa84-4b18-82f5-067c39248abb;d0d953a3-5c78-4efe-89aa-70657482e37a;InstitutionId RSEQ;;;11;11;base;Basketball J M D4 Niveau 2
oui;haute;Secondaire;Basketball;Basketball;Masculin;Montréal;ÉS Honoré-Mercier;École Honoré-Mercier;Montréal;Juvénile;D4;Masculin;85c7b155-d50a-4665-9679-bbb63d7e4047;d0d953a3-5c78-4efe-89aa-70657482e37a;InstitutionId RSEQ;;;9;9;base;Basketball J M D4 Niveau 3
oui;haute;Secondaire;Basketball;Basketball;Masculin;Montréal;ÉS Honoré-Mercier;École Honoré-Mercier;Montréal;Benjamin;D4;Masculin;7f79bb35-c919-4823-922e-7c41576e777f;d0d953a3-5c78-4efe-89aa-70657482e37a;InstitutionId RSEQ;;;10;10;base;Basketball B M D4 Niveau 3
oui;haute;Secondaire;Basketball;Basketball;Féminin;Montréal;ÉS Honoré-Mercier;École Honoré-Mercier;Montréal;Cadet;D4;Féminin;d8f0d36b-ab34-41d9-89e1-abeb44c1a0b9;d0d953a3-5c78-4efe-89aa-70657482e37a;InstitutionId RSEQ;;;10;10;base;Basketball C F D4 Niveau 2
oui;haute;Secondaire;Basketball;Basketball;Féminin;Montréal;ÉS Honoré-Mercier;École Honoré-Mercier;Montréal;Juvénile;D4;Féminin;3846434d-4965-4753-a8c1-f11910e51a9f;d0d953a3-5c78-4efe-89aa-70657482e37a;InstitutionId RSEQ;;;10;10;base;Basketball J F D4 Niveau 2
oui;haute;Secondaire;Basketball;Basketball;Masculin;Montréal;ÉS Irma LeVasseur;École secondaire Irma-LeVasseur;Montréal;Juvénile;D4;Masculin;24adedbc-64ae-4d09-a01f-1a9668c5df2a;18da0deb-ab64-4856-bdfe-dcba70ff18f4;InstitutionId RSEQ;;;11;11;base;Basketball J M D4 Niveau 2
oui;haute;Secondaire;Basketball;Basketball;Masculin;Montréal;ÉS Irma LeVasseur;École secondaire Irma-LeVasseur;Montréal;Cadet;D4;Masculin;24315b5e-4f9e-4b05-a731-7fe4d0de32e9;18da0deb-ab64-4856-bdfe-dcba70ff18f4;InstitutionId RSEQ;;;12;12;base;Basketball C M D4 Niveau 1
oui;haute;Secondaire;Basketball;Basketball;Féminin;Montréal;ÉS Irma LeVasseur;École secondaire Irma-LeVasseur;Montréal;Atome;D4;Féminin;bd6c728c-08e0-410e-bb4d-2d2d1754d6b3;18da0deb-ab64-4856-bdfe-dcba70ff18f4;InstitutionId RSEQ;;;10;10;base;Basketball A F D4 Niveau 1
oui;haute;Secondaire;Basketball;Basketball;Féminin;Montréal;ÉS Irma LeVasseur;École secondaire Irma-LeVasseur;Montréal;Benjamin;D3;Féminin;ad37d553-2da6-4848-923a-5860d4a13800;18da0deb-ab64-4856-bdfe-dcba70ff18f4;InstitutionId RSEQ;;;12;12;base;Basketball B F D3
oui;haute;Secondaire;Basketball;Basketball;Masculin;Montréal;ÉS Irma LeVasseur;École secondaire Irma-LeVasseur;Montréal;Benjamin;D4;Masculin;60905d2f-8a1d-4b59-bec5-b824c19222b4;18da0deb-ab64-4856-bdfe-dcba70ff18f4;InstitutionId RSEQ;;;13;13;base;Basketball B M D4 Niveau 1
oui;haute;Secondaire;Basketball;Basketball;Féminin;Montréal;ÉS Irma LeVasseur;École secondaire Irma-LeVasseur;Montréal;Juvénile;D3;Féminin;21cdbd9d-1467-4dd2-bbd8-4ae92e0b7383;18da0deb-ab64-4856-bdfe-dcba70ff18f4;InstitutionId RSEQ;;;12;12;base;Basketball J F D3
oui;haute;Secondaire;Basketball;Basketball;Masculin;Montréal;ÉS Irma LeVasseur;École secondaire Irma-LeVasseur;Montréal;Atome;D4;Masculin;e02cd125-1560-41f6-bb75-7d82b9aabee5;18da0deb-ab64-4856-bdfe-dcba70ff18f4;InstitutionId RSEQ;;;10;10;base;Basketball A M D4 Niveau 1
oui;haute;Secondaire;Basketball;Basketball;Féminin;Montréal;ÉS Irma LeVasseur;École secondaire Irma-LeVasseur;Montréal;Cadet;D3;Féminin;51ce8b61-f21a-4e18-8190-0f570a1e2a7c;18da0deb-ab64-4856-bdfe-dcba70ff18f4;InstitutionId RSEQ;;;12;12;base;Basketball C F D3
oui;haute;Secondaire;Basketball;Basketball;Masculin;Montréal;ÉS Jean-Grou;École secondaire Jean-Grou;Montréal;Atome;D3;Masculin;1a159987-b6cf-43a4-9cdc-b8ed848da379;0a884190-2dc9-4373-a035-5fb193a070f0;InstitutionId RSEQ;;;12;12;base;Basketball A M D3
oui;haute;Secondaire;Basketball;Basketball;Féminin;Montréal;ÉS Jean-Grou;École secondaire Jean-Grou;Montréal;Atome;D3;Féminin;49edcce8-946f-49d1-822e-71644b0dbfc3;0a884190-2dc9-4373-a035-5fb193a070f0;InstitutionId RSEQ;;;12;12;base;Basketball A F D3
oui;haute;Secondaire;Basketball;Basketball;Féminin;Montréal;ÉS Jean-Grou;École secondaire Jean-Grou;Montréal;Benjamin;D3;Féminin;fea7f4b5-235e-4bc1-b76c-0496b74ae398;0a884190-2dc9-4373-a035-5fb193a070f0;InstitutionId RSEQ;;;12;12;base;Basketball B F D3
oui;haute;Secondaire;Basketball;Basketball;Féminin;Montréal;ÉS Jeanne-Mance;École Jeanne-Mance;Montréal;Benjamin;D4;Féminin;0e72cd07-0f82-41cd-817e-6875551e0f48;a6084c1b-0e93-4a75-9ae5-804ded4ca267;InstitutionId RSEQ;;;12;12;base;Basketball B F D4 Niveau 1
oui;haute;Secondaire;Basketball;Basketball;Féminin;Montréal;ÉS Jeanne-Mance;École Jeanne-Mance;Montréal;Juvénile;D4;Féminin;a04f0f78-919c-4b20-9add-9ef7154f01b8;a6084c1b-0e93-4a75-9ae5-804ded4ca267;InstitutionId RSEQ;;;12;12;base;Basketball J F D4 Niveau 1
oui;haute;Secondaire;Basketball;Basketball;Féminin;Montréal;ÉS Jeanne-Mance;École Jeanne-Mance;Montréal;Atome;D4;Féminin;a4f3df8e-011d-478d-90f1-fafd05266888;a6084c1b-0e93-4a75-9ae5-804ded4ca267;InstitutionId RSEQ;;;10;10;base;Basketball A F D4 Niveau 1
oui;haute;Secondaire;Basketball;Basketball;Masculin;Montréal;ÉS Jeanne-Mance;École Jeanne-Mance;Montréal;Juvénile;D4;Masculin;19eff0a3-8d2a-4a28-99a3-6f8adfc3dd7e;a6084c1b-0e93-4a75-9ae5-804ded4ca267;InstitutionId RSEQ;;;14;14;base;Basketball J M D4 Niveau 1 Est
oui;haute;Secondaire;Basketball;Basketball;Masculin;Montréal;ÉS Jeanne-Mance;École Jeanne-Mance;Montréal;Cadet;D4;Masculin;e7bf37f6-6208-400e-b8d0-9aeb105bd9ba;a6084c1b-0e93-4a75-9ae5-804ded4ca267;InstitutionId RSEQ;;;10;10;base;Basketball C M D4 Niveau 2
oui;haute;Secondaire;Basketball;Basketball;Masculin;Montréal;ÉS Jeanne-Mance;École Jeanne-Mance;Montréal;Atome;D4;Masculin;83bfdf59-1f9f-42fa-9d0d-5a02dc110414;a6084c1b-0e93-4a75-9ae5-804ded4ca267;InstitutionId RSEQ;;;10;10;base;Basketball A M D4 Niveau 2
oui;haute;Secondaire;Basketball;Basketball;Masculin;Montréal;ÉS Jeanne-Mance;École Jeanne-Mance;Montréal;Atome;D4;Masculin;ecb8ce35-20ca-4e60-9d8c-924848fc4cc5;a6084c1b-0e93-4a75-9ae5-804ded4ca267;InstitutionId RSEQ;;;10;10;base;Basketball A M D4 Niveau 1
oui;haute;Secondaire;Basketball;Basketball;Masculin;Montréal;ÉS Jeanne-Mance;École Jeanne-Mance;Montréal;Juvénile;D4;Masculin;b0f22a5f-9635-47ae-acca-470efe584ab4;a6084c1b-0e93-4a75-9ae5-804ded4ca267;InstitutionId RSEQ;;;11;11;base;Basketball J M D4 Niveau 2
oui;haute;Secondaire;Basketball;Basketball;Masculin;Montréal;ÉS Jeanne-Mance;École Jeanne-Mance;Montréal;Cadet;D3;Masculin;e5842e20-4c81-4bd8-a09e-53bdb757db2e;a6084c1b-0e93-4a75-9ae5-804ded4ca267;InstitutionId RSEQ;;;12;12;base;Basketball C M D3
oui;haute;Secondaire;Basketball;Basketball;Masculin;Montréal;ÉS Jeanne-Mance;École Jeanne-Mance;Montréal;Benjamin;D3;Masculin;f0a50070-1567-4e57-b44f-7aa59d4e2b44;a6084c1b-0e93-4a75-9ae5-804ded4ca267;InstitutionId RSEQ;;;14;14;base;Basketball B M D3
oui;haute;Secondaire;Basketball;Basketball;Féminin;Montréal;ÉS Jeanne-Mance -D4;École Jeanne-Mance;Montréal;Cadet;D3;Féminin;08074486-f112-4bc9-89ed-68a02d1a07f4;a6084c1b-0e93-4a75-9ae5-804ded4ca267;InstitutionId RSEQ;;;12;12;base;Basketball C F D3
oui;haute;Secondaire;Basketball;Basketball;Masculin;Montréal;ÉS Joseph-François-Perrault;École Joseph-François-Perrault;Montréal;Cadet;D4;Masculin;4f050f45-c3d5-4487-ac7f-4aebb5ea2540;817d5888-ccd6-4d52-b348-c6b818ab2ddc;InstitutionId RSEQ;;;12;12;base;Basketball C M D4 Niveau 1
oui;haute;Secondaire;Basketball;Basketball;Masculin;Montréal;ÉS Joseph-François-Perrault;École Joseph-François-Perrault;Montréal;Benjamin;D4;Masculin;2eee7fdc-18cf-404b-a2b9-b718768fc2d4;817d5888-ccd6-4d52-b348-c6b818ab2ddc;InstitutionId RSEQ;;;13;13;base;Basketball B M D4 Niveau 1
oui;haute;Secondaire;Basketball;Basketball;Masculin;Montréal;ÉS Joseph-François-Perrault;École Joseph-François-Perrault;Montréal;Juvénile;D4;Masculin;48cf5406-a757-4dbc-9b79-b4d26c53f7f0;817d5888-ccd6-4d52-b348-c6b818ab2ddc;InstitutionId RSEQ;;;14;14;base;Basketball J M D4 Niveau 1 Est
oui;haute;Secondaire;Basketball;Basketball;Féminin;Montréal;ÉS Joseph-François-Perrault;École Joseph-François-Perrault;Montréal;Benjamin;D4;Féminin;e582e2b6-d3f4-4ebc-8dc7-40c8cdb58ad8;817d5888-ccd6-4d52-b348-c6b818ab2ddc;InstitutionId RSEQ;;;10;10;base;Basketball B F D4 Niveau 2
oui;haute;Secondaire;Basketball;Basketball;Masculin;Montréal;ÉS Joseph-François-Perrault;École Joseph-François-Perrault;Montréal;Atome;D4;Masculin;a2fb9ac2-ca27-454b-9b2a-565ef418f9e1;817d5888-ccd6-4d52-b348-c6b818ab2ddc;InstitutionId RSEQ;;;10;10;base;Basketball A M D4 Niveau 1
oui;haute;Secondaire;Basketball;Basketball;Féminin;Montréal;ÉS Joseph-François-Perrault;École Joseph-François-Perrault;Montréal;Juvénile;D4;Féminin;fb5e3df8-1299-44bc-b03c-063d3485a3a6;817d5888-ccd6-4d52-b348-c6b818ab2ddc;InstitutionId RSEQ;;;10;10;base;Basketball J F D4 Niveau 2
oui;haute;Secondaire;Basketball;Basketball;Féminin;Montréal;ÉS Joseph-François-Perrault - D4;École Joseph-François-Perrault;Montréal;Cadet;D3;Féminin;a846d40f-810a-4bf7-8eda-c5f21c1a4114;817d5888-ccd6-4d52-b348-c6b818ab2ddc;InstitutionId RSEQ;;;12;12;base;Basketball C F D3
oui;haute;Secondaire;Basketball;Basketball;Masculin;Montréal;ÉS La Voie;École La Voie;Montréal;Juvénile;D4;Masculin;191667cc-8873-4282-87ac-edb2806207ba;13413415-2558-41fc-b5f9-e1a957608fce;InstitutionId RSEQ;;;14;14;base;Basketball J M D4 Niveau 1 Ouest
oui;haute;Secondaire;Basketball;Basketball;Féminin;Montréal;ÉS La Voie;École La Voie;Montréal;Cadet;D4;Féminin;36030e72-f3c0-42c2-b958-3bd6a5aaa9ee;13413415-2558-41fc-b5f9-e1a957608fce;InstitutionId RSEQ;;;10;10;base;Basketball C F D4 Niveau 2
oui;haute;Secondaire;Basketball;Basketball;Masculin;Montréal;ÉS La Voie;École La Voie;Montréal;Cadet;D4;Masculin;76f29e56-7c6d-4f36-b94f-ce2b2fc5842a;13413415-2558-41fc-b5f9-e1a957608fce;InstitutionId RSEQ;;;12;12;base;Basketball C M D4 Niveau 1
oui;haute;Secondaire;Basketball;Basketball;Masculin;Montréal;ÉS La Voie;École La Voie;Montréal;Benjamin;D4;Masculin;fcbf9f81-1226-4708-aa20-3383e03b5a8f;13413415-2558-41fc-b5f9-e1a957608fce;InstitutionId RSEQ;;;10;10;base;Basketball B M D4 Niveau 2
oui;haute;Secondaire;Basketball;Basketball;Masculin;Montréal;ÉS La Voie;École La Voie;Montréal;Atome;D4;Masculin;ea1d2c17-f93a-4063-b9fa-76a3fca10432;13413415-2558-41fc-b5f9-e1a957608fce;InstitutionId RSEQ;;;10;10;base;Basketball A M D4 Niveau 2
oui;haute;Secondaire;Basketball;Basketball;Féminin;Montréal;ÉS Louis-Joseph-Papineau;École Louis-Joseph-Papineau;Montréal;Cadet;D4;Féminin;9e2e24eb-1456-47d0-8c86-123030fba051;9ab417f8-0dc8-4f92-8040-691f496fbf1d;InstitutionId RSEQ;;;10;10;base;Basketball C F D4 Niveau 2
oui;haute;Secondaire;Basketball;Basketball;Masculin;Montréal;ÉS Louis-Joseph-Papineau;École Louis-Joseph-Papineau;Montréal;Juvénile;D4;Masculin;18cbcb65-0514-41b8-a741-9e3a3969f6e6;9ab417f8-0dc8-4f92-8040-691f496fbf1d;InstitutionId RSEQ;;;9;9;base;Basketball J M D4 Niveau 3
oui;haute;Secondaire;Basketball;Basketball;Masculin;Montréal;ÉS Louis-Joseph-Papineau;École Louis-Joseph-Papineau;Montréal;Atome;D4;Masculin;4444b1a5-1b10-4258-bd3c-77700898ad03;9ab417f8-0dc8-4f92-8040-691f496fbf1d;InstitutionId RSEQ;;;10;10;base;Basketball A M D4 Niveau 2
oui;haute;Secondaire;Basketball;Basketball;Masculin;Montréal;ÉS Louis-Joseph-Papineau;École Louis-Joseph-Papineau;Montréal;Benjamin;D4;Masculin;405b5935-adc3-40eb-a559-2106cc401678;9ab417f8-0dc8-4f92-8040-691f496fbf1d;InstitutionId RSEQ;;;10;10;base;Basketball B M D4 Niveau 3
oui;haute;Secondaire;Basketball;Basketball;Féminin;Montréal;ÉS Louis-Joseph-Papineau;École Louis-Joseph-Papineau;Montréal;Benjamin;D4;Féminin;6bc7b1fe-b3c1-42cb-b914-a11e1251b0f4;9ab417f8-0dc8-4f92-8040-691f496fbf1d;InstitutionId RSEQ;;;12;12;base;Basketball B F D4 Niveau 1
oui;haute;Secondaire;Basketball;Basketball;Masculin;Montréal;ÉS Louis-Joseph-Papineau;École Louis-Joseph-Papineau;Montréal;Cadet;D3;Masculin;b3699e57-2213-43a9-a03b-17f791711c00;9ab417f8-0dc8-4f92-8040-691f496fbf1d;InstitutionId RSEQ;;;12;12;base;Basketball C M D3
oui;haute;Secondaire;Basketball;Basketball;Masculin;Montréal;ÉS Louis-Joseph-Papineau;École Louis-Joseph-Papineau;Montréal;Juvénile;D3;Masculin;637f5161-1f6f-4f62-803d-1f6f45397144;9ab417f8-0dc8-4f92-8040-691f496fbf1d;InstitutionId RSEQ;;;14;14;base;Basketball J M D3
oui;haute;Secondaire;Basketball;Basketball;Féminin;Montréal;ÉS Louis-Riel;École Louis-Riel;Montréal;Benjamin;D4;Féminin;2bb2ae72-4ca8-419a-81fb-318f795c3061;4a016316-858f-436c-864f-3c749ee1c92e;InstitutionId RSEQ;;;10;10;base;Basketball B F D4 Niveau 2
oui;haute;Secondaire;Basketball;Basketball;Masculin;Montréal;ÉS Louis-Riel;École Louis-Riel;Montréal;Benjamin;D4;Masculin;3840f003-dd18-4978-94e4-61075231aa09;4a016316-858f-436c-864f-3c749ee1c92e;InstitutionId RSEQ;;;10;10;base;Basketball B M D4 Niveau 2
oui;haute;Secondaire;Basketball;Basketball;Féminin;Montréal;ÉS Louis-Riel;École Louis-Riel;Montréal;Juvénile;D4;Féminin;f57072c8-c5bd-48e9-9e99-e7328f02cdc2;4a016316-858f-436c-864f-3c749ee1c92e;InstitutionId RSEQ;;;12;12;base;Basketball J F D4 Niveau 1
oui;haute;Secondaire;Basketball;Basketball;Masculin;Montréal;ÉS Louis-Riel;École Louis-Riel;Montréal;Cadet;D4;Masculin;06b356f1-383c-4b37-8c35-b64c17ea8283;4a016316-858f-436c-864f-3c749ee1c92e;InstitutionId RSEQ;;;10;10;base;Basketball C M D4 Niveau 2
oui;haute;Secondaire;Basketball;Basketball;Masculin;Montréal;ÉS Louis-Riel;École Louis-Riel;Montréal;Juvénile;D4;Masculin;f5d14eef-fd6b-4e14-b320-4fa45b607425;4a016316-858f-436c-864f-3c749ee1c92e;InstitutionId RSEQ;;;11;11;base;Basketball J M D4 Niveau 2
oui;haute;Secondaire;Basketball;Basketball;Masculin;Montréal;ÉS Lucien-Pagé;École Lucien-Pagé;Montréal;Benjamin;D3;Masculin;3933d297-d273-454f-a6e2-e56ae874dc21;7912f085-27c0-4b5a-abd0-dd1bdb337cc8;InstitutionId RSEQ;;;14;14;base;Basketball B M D3
oui;haute;Secondaire;Basketball;Basketball;Féminin;Montréal;ÉS Lucien-Pagé;École Lucien-Pagé;Montréal;Juvénile;D3;Féminin;3df91903-74dc-4e06-8f7d-7ab4aa1bc694;7912f085-27c0-4b5a-abd0-dd1bdb337cc8;InstitutionId RSEQ;;;12;12;base;Basketball J F D3
oui;haute;Secondaire;Basketball;Basketball;Féminin;Montréal;ÉS Lucien-Pagé;École Lucien-Pagé;Montréal;Benjamin;D3;Féminin;a63097a5-8bc8-4fd0-8bd5-03d2e0b91578;7912f085-27c0-4b5a-abd0-dd1bdb337cc8;InstitutionId RSEQ;;;12;12;base;Basketball B F D3
oui;haute;Secondaire;Basketball;Basketball;Masculin;Montréal;ÉS Lucien-Pagé;École Lucien-Pagé;Montréal;Juvénile;D3;Masculin;29598344-52fc-40a6-a098-6c05ec10871b;7912f085-27c0-4b5a-abd0-dd1bdb337cc8;InstitutionId RSEQ;;;14;14;base;Basketball J M D3
oui;haute;Secondaire;Basketball;Basketball;Féminin;Montréal;ÉS Marcelin-Wilson;École La Dauversière-Évangéline;Montréal;Juvénile;D3;Féminin;87606903-49b3-4b31-b57b-05cbdbe01f0b;1414acce-2b5d-4a38-9848-a3d3dd11e7b4;InstitutionId RSEQ;;;12;12;base;Basketball J F D3
oui;haute;Secondaire;Basketball;Basketball;Féminin;Montréal;ÉS Marcelin-Wilson;École La Dauversière-Évangéline;Montréal;Atome;D4;Féminin;abf3f2f6-2c61-4af8-8008-aefbe0f514ea;1414acce-2b5d-4a38-9848-a3d3dd11e7b4;InstitutionId RSEQ;;;10;10;base;Basketball A F D4 Niveau 1
oui;haute;Secondaire;Basketball;Basketball;Féminin;Montréal;ÉS Marcelin-Wilson;École La Dauversière-Évangéline;Montréal;Benjamin;D4;Féminin;16490277-7154-41ad-8665-55d19b941e4d;1414acce-2b5d-4a38-9848-a3d3dd11e7b4;InstitutionId RSEQ;;;12;12;base;Basketball B F D4 Niveau 1
oui;haute;Secondaire;Basketball;Basketball;Masculin;Montréal;ÉS Marcelin-Wilson;École La Dauversière-Évangéline;Montréal;Juvénile;D4;Masculin;d9edd9b0-3ae5-4e75-af08-c968d97d4752;1414acce-2b5d-4a38-9848-a3d3dd11e7b4;InstitutionId RSEQ;;;9;9;base;Basketball J M D4 Niveau 3
oui;haute;Secondaire;Basketball;Basketball;Masculin;Montréal;ÉS Marcelin-Wilson;École La Dauversière-Évangéline;Montréal;Juvénile;D4;Masculin;39884b0d-9cf2-4422-91a6-e4dcac497d4b;1414acce-2b5d-4a38-9848-a3d3dd11e7b4;InstitutionId RSEQ;;;14;14;base;Basketball J M D4 Niveau 1 Ouest
oui;haute;Secondaire;Basketball;Basketball;Masculin;Montréal;ÉS Marcelin-Wilson;École La Dauversière-Évangéline;Montréal;Benjamin;D4;Masculin;267c9bb3-1961-4126-a9eb-7f44051cf9d1;1414acce-2b5d-4a38-9848-a3d3dd11e7b4;InstitutionId RSEQ;;;13;13;base;Basketball B M D4 Niveau 1
oui;haute;Secondaire;Basketball;Basketball;Masculin;Montréal;ÉS Marcelin-Wilson;École La Dauversière-Évangéline;Montréal;Atome;D4;Masculin;8cb85805-bdfd-40ef-a4bb-e09e6d9d58dc;1414acce-2b5d-4a38-9848-a3d3dd11e7b4;InstitutionId RSEQ;;;10;10;base;Basketball A M D4 Niveau 2
oui;haute;Secondaire;Basketball;Basketball;Féminin;Montréal;ÉS Marcelin-Wilson - D4;École La Dauversière-Évangéline;Montréal;Cadet;D3;Féminin;01d8037c-9988-4fe5-9dc1-d523d4c8c5dd;1414acce-2b5d-4a38-9848-a3d3dd11e7b4;InstitutionId RSEQ;;;12;12;base;Basketball C F D3
oui;haute;Secondaire;Basketball;Basketball;Masculin;Montréal;ÉS Marguerite-De Lajemmerais;École Marguerite-De Lajemmerais;Montréal;Cadet;D4;Masculin;9d3299bc-0c72-401d-b53b-64ae377a6084;82a131ba-1a0e-4332-839f-95fd86c88e62;InstitutionId RSEQ;;;8;8;base;Basketball C M D4 Niveau 3
oui;haute;Secondaire;Basketball;Basketball;Masculin;Montréal;ÉS Marguerite-De Lajemmerais;École Marguerite-De Lajemmerais;Montréal;Benjamin;D4;Masculin;f65ece83-f15b-40e9-84a0-4481eadcf6ed;82a131ba-1a0e-4332-839f-95fd86c88e62;InstitutionId RSEQ;;;10;10;base;Basketball B M D4 Niveau 3
oui;haute;Secondaire;Basketball;Basketball;Masculin;Montréal;ÉS Marguerite-De Lajemmerais;École Marguerite-De Lajemmerais;Montréal;Juvénile;D4;Masculin;fbb99bbe-6352-4e28-bccf-ac56736e6d29;82a131ba-1a0e-4332-839f-95fd86c88e62;InstitutionId RSEQ;;;9;9;base;Basketball J M D4 Niveau 3
oui;haute;Secondaire;Basketball;Basketball;Masculin;Montréal;ÉS Père-Marquette;École Père-Marquette;Montréal;Atome;D3;Masculin;515cc48b-4a72-448c-948b-dbdc6c67123d;596096bc-70b2-468d-b2ea-d6f09849825f;InstitutionId RSEQ;;;12;12;base;Basketball A M D3
oui;haute;Secondaire;Basketball;Basketball;Masculin;Montréal;ÉS Père-Marquette;École Père-Marquette;Montréal;Benjamin;D4;Masculin;6ac08bb9-fe51-484f-8154-29bebc521bfb;596096bc-70b2-468d-b2ea-d6f09849825f;InstitutionId RSEQ;;;13;13;base;Basketball B M D4 Niveau 1
oui;haute;Secondaire;Basketball;Basketball;Masculin;Montréal;ÉS Père-Marquette;École Père-Marquette;Montréal;Juvénile;D4;Masculin;1de35664-e499-402c-9999-57b5e2496f7c;596096bc-70b2-468d-b2ea-d6f09849825f;InstitutionId RSEQ;;;14;14;base;Basketball J M D4 Niveau 1 Est
oui;haute;Secondaire;Basketball;Basketball;Masculin;Montréal;ÉS Père-Marquette;École Père-Marquette;Montréal;Cadet;D4;Masculin;c88b0ad5-b7fd-456f-b946-3177f2589cf0;596096bc-70b2-468d-b2ea-d6f09849825f;InstitutionId RSEQ;;;12;12;base;Basketball C M D4 Niveau 1
oui;haute;Secondaire;Basketball;Basketball;Féminin;Montréal;ÉS Père-Marquette;École Père-Marquette;Montréal;Juvénile;D4;Féminin;72e84eec-7a78-45e6-b223-2b2ff6c21719;596096bc-70b2-468d-b2ea-d6f09849825f;InstitutionId RSEQ;;;10;10;base;Basketball J F D4 Niveau 2
oui;haute;Secondaire;Basketball;Basketball;Masculin;Montréal;ÉS Robert-Gravel;École Robert-Gravel;Montréal;Juvénile;D4;Masculin;1119034b-e68f-4ac8-bf82-12118f65ef86;27869e4d-3918-4b2f-bb62-ae6843d9b481;InstitutionId RSEQ;;;9;9;base;Basketball J M D4 Niveau 3
oui;haute;Secondaire;Basketball;Basketball;Masculin;Montréal;ÉS Robert-Gravel;École Robert-Gravel;Montréal;Benjamin;D4;Masculin;0277ee98-f9e7-41bd-8f3a-dda3d3b0555f;27869e4d-3918-4b2f-bb62-ae6843d9b481;InstitutionId RSEQ;;;10;10;base;Basketball B M D4 Niveau 3
oui;haute;Secondaire;Basketball;Basketball;Masculin;Montréal;ÉS Saint-Henri;École Saint-Henri;Montréal;Cadet;D4;Masculin;2b9d9e96-616b-455f-887e-9f258ba58314;f7eb5322-6413-4dc3-a5b1-4946a41ee85c;InstitutionId RSEQ;;;10;10;base;Basketball C M D4 Niveau 2
oui;haute;Secondaire;Basketball;Basketball;Masculin;Montréal;ÉS Saint-Henri;École Saint-Henri;Montréal;Benjamin;D4;Masculin;260251b6-35b7-4a45-a985-99c08cb14a3c;f7eb5322-6413-4dc3-a5b1-4946a41ee85c;InstitutionId RSEQ;;;13;13;base;Basketball B M D4 Niveau 1
oui;haute;Secondaire;Basketball;Basketball;Féminin;Montréal;ÉS Saint-Henri;École Saint-Henri;Montréal;Juvénile;D3;Féminin;69527b08-d339-4066-87fc-23bd308fe570;f7eb5322-6413-4dc3-a5b1-4946a41ee85c;InstitutionId RSEQ;;;12;12;base;Basketball J F D3
oui;haute;Secondaire;Basketball;Basketball;Masculin;Montréal;ÉS Saint-Henri;École Saint-Henri;Montréal;Juvénile;D4;Masculin;c8db5c50-d9e4-4bde-aa04-9ec9b365c2d0;f7eb5322-6413-4dc3-a5b1-4946a41ee85c;InstitutionId RSEQ;;;14;14;base;Basketball J M D4 Niveau 1 Ouest
oui;haute;Secondaire;Basketball;Basketball;Masculin;Montréal;ÉS Saint-Luc;École Saint-Luc;Montréal;Atome;D3;Masculin;347d8389-06ea-4df8-a400-fffce76b02ac;fa97d37f-e16d-412a-a9c1-87ad580ad19e;InstitutionId RSEQ;;;12;12;base;Basketball A M D3
oui;haute;Secondaire;Basketball;Basketball;Masculin;Montréal;ÉS Saint-Luc;École Saint-Luc;Montréal;Cadet;D3;Masculin;7bc2833d-fbb5-45e5-8a78-64365f21f8fc;fa97d37f-e16d-412a-a9c1-87ad580ad19e;InstitutionId RSEQ;;;12;12;base;Basketball C M D3
oui;haute;Secondaire;Basketball;Basketball;Masculin;Montréal;ÉS Saint-Luc;École Saint-Luc;Montréal;Benjamin;D3;Masculin;403a93e5-0b53-40ba-963d-c43533b4a864;fa97d37f-e16d-412a-a9c1-87ad580ad19e;InstitutionId RSEQ;;;14;14;base;Basketball B M D3
oui;haute;Secondaire;Basketball;Basketball;Masculin;Montréal;ÉS Saint-Luc;École Saint-Luc;Montréal;Juvénile;D3;Masculin;1ff1c456-de90-4f06-aba5-d8840aa522e5;fa97d37f-e16d-412a-a9c1-87ad580ad19e;InstitutionId RSEQ;;;14;14;base;Basketball J M D3
oui;haute;Secondaire;Basketball;Basketball;Masculin;Montréal;ÉS Vanguard;École Vanguard;Montréal;Juvénile;D4;Masculin;9df7b8bb-e8f8-4d64-8351-dd549d83f711;0c657854-8237-40f1-b9c6-6f1563d5d03e;InstitutionId RSEQ;;;9;9;base;Basketball J M D4 Niveau 3
oui;haute;Secondaire;Basketball;Basketball;Masculin;Montréal;Félix-Leclerc;École secondaire Félix-Leclerc;Repentigny;Atome;D3;Masculin;17025ce8-11e7-48b6-a0d6-2507b7d21763;61f47ab5-0b59-4983-8885-e0a8eada1663;InstitutionId RSEQ;;;12;12;base;Basketball A M D3
oui;haute;Secondaire;Basketball;Basketball;Féminin;Montréal;Félix-Leclerc;École secondaire Félix-Leclerc;Repentigny;Atome;D3;Féminin;03b633cc-783e-4e74-839d-6a16f6e04145;61f47ab5-0b59-4983-8885-e0a8eada1663;InstitutionId RSEQ;;;12;12;base;Basketball A F D3
oui;haute;Secondaire;Basketball;Basketball;Masculin;Montréal;Letendre;École Letendre;Laval;Juvénile;D4;Masculin;0e71a5c9-e95d-41b7-b370-4783dba979de;0da0d452-74ee-4073-b1f2-d4e352f60b99;InstitutionId RSEQ;;;14;14;base;Basketball J M D4 Niveau 1 Ouest
oui;haute;Secondaire;Basketball;Basketball;Féminin;Montréal;Letendre;École Letendre;Laval;Juvénile;D3;Féminin;8579769d-e824-4589-91c0-1e2edf01c7d0;0da0d452-74ee-4073-b1f2-d4e352f60b99;InstitutionId RSEQ;;;12;12;base;Basketball J F D3
oui;haute;Secondaire;Basketball;Basketball;Féminin;Montréal;PSNM;Pensionnat du Saint-Nom-de-Marie;Montréal;Benjamin;D4;Féminin;31cd326e-db9a-47c3-acbc-6e7353f7b9ae;ea84458c-7d4f-4fd5-b267-c876eb027d09;InstitutionId RSEQ;;;10;10;base;Basketball B F D4 Niveau 2
oui;haute;Secondaire;Basketball;Basketball;Féminin;Montréal;Saint-Laurent;Saint-Laurent;Dollard-des-Ormeaux;Atome;D3;Féminin;389c5c97-0707-4619-a241-8114e6606144;2096dba4-e54f-46c6-a5bc-31cb3a88d85a;InstitutionId RSEQ;;;12;12;base;Basketball A F D3
oui;haute;Secondaire;Basketball;Basketball;Masculin;Montréal;Saint-Laurent;Saint-Laurent;Dollard-des-Ormeaux;Atome;D3;Masculin;da986f03-77a1-49a9-bcc9-973753878673;2096dba4-e54f-46c6-a5bc-31cb3a88d85a;InstitutionId RSEQ;;;12;12;base;Basketball A M D3
oui;haute;Secondaire;Basketball;Basketball;Masculin;Provincial;Académie les Estacades;Académie les Estacades;Trois-Rivières;Juvénile;D2;Masculin;7c9aef77-bff8-41e7-b367-f037a90e1ed7;84cc3b3b-8582-48e8-9eb0-a7c917bf058f;InstitutionId RSEQ;;;30;15;base+ligue absente;Basketball J M D2 A1 / Basketball J M D2 A2
oui;haute;Secondaire;Basketball;Basketball;Féminin;Provincial;Académie les Estacades;Académie les Estacades;Trois-Rivières;Cadet;D2;Féminin;bf0e41f3-049d-41af-9482-3c2a681eee73;84cc3b3b-8582-48e8-9eb0-a7c917bf058f;InstitutionId RSEQ;;;24;12;base+ligue absente;Basketball C F D2 A / Basketball C F D2 B
oui;haute;Secondaire;Basketball;Basketball;Féminin;Provincial;Académie les Estacades;Académie les Estacades;Trois-Rivières;Juvénile;D2;Féminin;b178b211-2bb3-4f2c-811d-eea5c5c0b00f;84cc3b3b-8582-48e8-9eb0-a7c917bf058f;InstitutionId RSEQ;;;32;16;base+ligue absente;Basketball J F D2 A1 / Basketball J F D2 A2
oui;haute;Secondaire;Basketball;Basketball;Masculin;Provincial;Académie Saint-Louis;Académie Saint-Louis;Québec;Benjamin;D2;Masculin;98f37fd9-863b-406b-9a29-77fc6b5bdc62;2c79f18c-9e49-411e-ace9-7bb54dc68438;InstitutionId RSEQ;;;24;12;base+ligue absente;Basketball B M D2 A / Basketball B M D2 B
oui;haute;Secondaire;Basketball;Basketball;Féminin;Provincial;Coll. Durocher Saint-Lambert;Collège Durocher Saint-Lambert;Saint-Lambert;Juvénile;D2;Féminin;45e2f9d2-28e8-4a54-8cca-7ff4a8e007e3;4a3e8e63-4bd3-407a-b4bd-84b04b607a88;InstitutionId RSEQ;;;16;16;base;Basketball J F D2 B
oui;haute;Secondaire;Basketball;Basketball;Féminin;Provincial;Coll. Notre-Dame-de-Lourdes;Collège Notre-Dame-de-Lourdes;Longueuil;Juvénile;D1;Féminin;79a11eb9-9e8c-4e05-9939-db031cd4ec09;649030c8-e01d-48cc-aca7-4efde967cdb4;InstitutionId RSEQ;;;12;12;base;Basketball J F D1
oui;haute;Secondaire;Basketball;Basketball;Féminin;Provincial;Coll. Notre-Dame-de-Lourdes;Collège Notre-Dame-de-Lourdes;Longueuil;Cadet;D1;Féminin;c1b815eb-a6e4-4fbe-91c6-a58d543ae77a;649030c8-e01d-48cc-aca7-4efde967cdb4;InstitutionId RSEQ;;;13;13;base;Basketball C F D1
oui;haute;Secondaire;Basketball;Basketball;Féminin;Provincial;Collège Charles-Lemoyne;Collège Charles-Lemoyne;Longueuil;Cadet;D1;Féminin;b0d1992d-f795-4cbe-ab2e-a2616a2f18bc;7a577203-fe75-4f57-b569-ec9c05be9ffd;InstitutionId RSEQ;;;13;13;base;Basketball C F D1
oui;haute;Secondaire;Basketball;Basketball;Féminin;Provincial;Collège Charles-Lemoyne;Collège Charles-Lemoyne;Longueuil;Benjamin;D1;Féminin;c39fb183-a9dc-44c2-9913-b24527825e21;7a577203-fe75-4f57-b569-ec9c05be9ffd;InstitutionId RSEQ;;;13;13;base;Basketball B F D1
oui;haute;Secondaire;Basketball;Basketball;Féminin;Provincial;Collège Charles-Lemoyne;Collège Charles-Lemoyne;Longueuil;Juvénile;D1;Féminin;e114ce2d-1fbf-441c-9a25-cbc2d8e1b4c6;7a577203-fe75-4f57-b569-ec9c05be9ffd;InstitutionId RSEQ;;;12;12;base;Basketball J F D1
oui;haute;Secondaire;Basketball;Basketball;Masculin;Provincial;Collège Charles-Lemoyne;Collège Charles-Lemoyne;Longueuil;Juvénile;D2;Masculin;ee1a0315-4f94-4805-bbf4-064be219b9b8;7a577203-fe75-4f57-b569-ec9c05be9ffd;InstitutionId RSEQ;;;16;16;base;Basketball J M D2 B
oui;haute;Secondaire;Basketball;Basketball;Masculin;Provincial;Collège Jean-Eudes;Collège Jean-Eudes;Montréal;Cadet;D2;Masculin;a0ba307d-dfed-4490-940e-1b706840ba28;ea11a9e0-aad9-4294-8ac2-2a6302317e0c;InstitutionId RSEQ;;;24;12;base+ligue absente;Basketball C M D2 A / Basketball C M D2 B
oui;haute;Secondaire;Basketball;Basketball;Féminin;Provincial;Collège Jean-Eudes;Collège Jean-Eudes;Montréal;Cadet;D2;Féminin;52c2e7ce-37d2-4df7-b86c-1e4667b14618;ea11a9e0-aad9-4294-8ac2-2a6302317e0c;InstitutionId RSEQ;;;20;10;base+ligue absente;Basketball C F D2 A / Basketball C F D2 B
oui;haute;Secondaire;Basketball;Basketball;Féminin;Provincial;Collège Jean-Eudes;Collège Jean-Eudes;Montréal;Juvénile;D2;Féminin;57e65597-f0c1-4a66-b470-e87ee6117f9d;ea11a9e0-aad9-4294-8ac2-2a6302317e0c;InstitutionId RSEQ;;;16;16;base;Basketball J F D2 B
oui;haute;Secondaire;Basketball;Basketball;Masculin;Provincial;Collège Jean-Eudes;Collège Jean-Eudes;Montréal;Juvénile;D2;Masculin;c5c6e61e-734e-4987-b5e7-bd5b4e9eeb78;ea11a9e0-aad9-4294-8ac2-2a6302317e0c;InstitutionId RSEQ;;;16;16;base;Basketball J M D2 B
oui;haute;Secondaire;Basketball;Basketball;Masculin;Provincial;Collège Laval;Collège Laval;Laval;Benjamin;D2;Masculin;49ebda2f-68ea-47d1-9b27-291be579507b;bb250d92-fb4f-476a-a9cb-1b3176ccaa84;InstitutionId RSEQ;;;20;10;base+ligue absente;Basketball B M D2 A / Basketball B M D2 B
oui;haute;Secondaire;Basketball;Basketball;Féminin;Provincial;Collège St-Jean-Vianney;Collège St-Jean-Vianney;Montréal;Juvénile;D2;Féminin;06233e0f-681b-482a-b187-416fa3bb5330;24ee7ebf-fede-47dd-b666-bd1530b303ad;InstitutionId RSEQ;;;16;16;base;Basketball J F D2 B
oui;haute;Secondaire;Basketball;Basketball;Féminin;Provincial;Collège St-Jean-Vianney;Collège St-Jean-Vianney;Montréal;Cadet;D1;Féminin;2be2fbe0-5530-41c0-a59a-c25b051a4c10;24ee7ebf-fede-47dd-b666-bd1530b303ad;InstitutionId RSEQ;;;13;13;base;Basketball C F D1
oui;haute;Secondaire;Basketball;Basketball;Féminin;Provincial;É. pol. Nicolas-Gatineau;École Polyvalente Nicolas-Gatineau;Gatineau;Cadet;D2;Féminin;a8979506-e685-47c5-b915-6f0b6029dabc;e2a80888-3531-4cf9-b1ab-58fd69d17394;InstitutionId RSEQ;;;20;10;base+ligue absente;Basketball C F D2 A / Basketball C F D2 B
oui;haute;Secondaire;Basketball;Basketball;Féminin;Provincial;É. pol. Nicolas-Gatineau;École Polyvalente Nicolas-Gatineau;Gatineau;Juvénile;D2;Féminin;35b36ac9-15b7-467f-9048-9ce6a58987ea;e2a80888-3531-4cf9-b1ab-58fd69d17394;InstitutionId RSEQ;;;16;16;base;Basketball J F D2 B
oui;haute;Secondaire;Basketball;Basketball;Féminin;Provincial;É. pol. Nicolas-Gatineau;École Polyvalente Nicolas-Gatineau;Gatineau;Benjamin;D2;Féminin;b24b115e-4b57-4fc1-b659-b2e3f4d92c66;e2a80888-3531-4cf9-b1ab-58fd69d17394;InstitutionId RSEQ;;;14;14;base;Basketball B F D2
oui;haute;Secondaire;Basketball;Basketball;Féminin;Provincial;É. pol. Saint-Jérôme;École polyvalente Saint-Jérôme;Saint-Jérôme;Cadet;D2;Féminin;32c65e21-e1b8-4065-b2d5-776e1f802eb6;4f2e7be8-cece-4405-a103-7ca37ffddc40;InstitutionId RSEQ;;;20;10;base+ligue absente;Basketball C F D2 A / Basketball C F D2 B
oui;haute;Secondaire;Basketball;Basketball;Féminin;Provincial;É. pol. Saint-Jérôme;École polyvalente Saint-Jérôme;Saint-Jérôme;Juvénile;D2;Féminin;0bf7352f-19e2-4111-a570-1b6842c8acce;4f2e7be8-cece-4405-a103-7ca37ffddc40;InstitutionId RSEQ;;;16;16;base;Basketball J F D2 B
oui;haute;Secondaire;Basketball;Basketball;Féminin;Provincial;É. sec. Antoine-de-St-Exupéry;École secondaire Antoine-de-Saint-Exupéry;Montréal;Juvénile;D1;Féminin;e33ca447-282e-4fbb-bcaa-82a69d5d80ba;b7aa9702-a73c-4664-98cf-9efc50c1273e;InstitutionId RSEQ;;;12;12;base;Basketball J F D1
oui;haute;Secondaire;Basketball;Basketball;Masculin;Provincial;É. sec. Antoine-de-St-Exupéry;École secondaire Antoine-de-Saint-Exupéry;Montréal;Cadet;D1;Masculin;ee092c13-3752-4b9e-b9f7-534b9a1c0806;b7aa9702-a73c-4664-98cf-9efc50c1273e;InstitutionId RSEQ;;;15;15;base;Basketball C M D1
oui;haute;Secondaire;Basketball;Basketball;Féminin;Provincial;É. sec. Antoine-de-St-Exupéry;École secondaire Antoine-de-Saint-Exupéry;Montréal;Cadet;D1;Féminin;5bd10cd0-d845-43d5-951e-6ee17c428618;b7aa9702-a73c-4664-98cf-9efc50c1273e;InstitutionId RSEQ;;;13;13;base;Basketball C F D1
oui;haute;Secondaire;Basketball;Basketball;Masculin;Provincial;É. sec. Antoine-de-St-Exupéry;École secondaire Antoine-de-Saint-Exupéry;Montréal;Juvénile;D1;Masculin;bd36e403-8b7a-4c1e-85c2-bdf96091590f;b7aa9702-a73c-4664-98cf-9efc50c1273e;InstitutionId RSEQ;;;16;16;base;Basketball J M D1
oui;haute;Secondaire;Basketball;Basketball;Masculin;Provincial;É. sec. d'Amos;École secondaire d'Amos;Amos;Cadet;D2;Masculin;3444ea0f-c0a4-4660-867b-a5f06c88c2bb;9bde8e7e-fdfe-4e8c-9916-549d28feab27;InstitutionId RSEQ;;;24;12;base+ligue absente;Basketball C M D2 A / Basketball C M D2 B
oui;haute;Secondaire;Basketball;Basketball;Féminin;Provincial;É. sec. d'Amos;École secondaire d'Amos;Amos;Cadet;D2;Féminin;26f7295a-673d-4959-bdb7-3c03e4c6533e;9bde8e7e-fdfe-4e8c-9916-549d28feab27;InstitutionId RSEQ;;;20;10;base+ligue absente;Basketball C F D2 A / Basketball C F D2 B
oui;haute;Secondaire;Basketball;Basketball;Féminin;Provincial;É. sec. d'Amos;École secondaire d'Amos;Amos;Juvénile;D2;Féminin;0e568866-6566-4ad8-8b40-ab93a87df4d2;9bde8e7e-fdfe-4e8c-9916-549d28feab27;InstitutionId RSEQ;;;16;16;base;Basketball J F D2 B
oui;haute;Secondaire;Basketball;Basketball;Masculin;Provincial;É. sec. d'Amos;École secondaire d'Amos;Amos;Juvénile;D2;Masculin;652f5722-6eb6-4422-bfaa-9869b73d0fa6;9bde8e7e-fdfe-4e8c-9916-549d28feab27;InstitutionId RSEQ;;;16;16;base;Basketball J M D2 B
oui;haute;Secondaire;Basketball;Basketball;Masculin;Provincial;É. sec. de la Seigneurie;École de la Seigneurie;Québec;Benjamin;D2;Masculin;b84efa16-4c4d-47d2-867d-d7bffa3e7f75;deeb91d4-d07f-4100-b8aa-6008da51004f;InstitutionId RSEQ;;;24;12;base+ligue absente;Basketball B M D2 A / Basketball B M D2 B
non (doublon à trancher);haute;Secondaire;Basketball;Basketball;Féminin;Provincial;É. sec. Du Rocher;École secondaire du Rocher;Shawinigan;Juvénile;D2;Féminin;94862428-7063-472b-a517-40267036e1d5;5853b2af-23a6-4884-a5b7-cebe7c043f97;InstitutionId RSEQ;"7e24a76c-acb8-40d4-aacb-0f89c9fa1099 (Pionniers, sans rseq)";;32;16;base+ligue absente;Basketball J F D2 A1 / Basketball J F D2 A2
oui;haute;Secondaire;Basketball;Basketball;Masculin;Provincial;É. sec. du Triolet;École du Triolet;Sherbrooke;Cadet;D2;Masculin;d2f91a73-90bb-4592-97bb-272927abd1ed;7d59545c-415c-48d1-8a1e-3e02554247f0;InstitutionId RSEQ;;;24;12;base+ligue absente;Basketball C M D2 A / Basketball C M D2 B
oui;haute;Secondaire;Basketball;Basketball;Féminin;Provincial;É. sec. du Triolet;École du Triolet;Sherbrooke;Cadet;D2;Féminin;0de02e1b-af63-4ee4-80ff-a8ab65e73be9;7d59545c-415c-48d1-8a1e-3e02554247f0;InstitutionId RSEQ;;;24;12;base+ligue absente;Basketball C F D2 A / Basketball C F D2 B
oui;haute;Secondaire;Basketball;Basketball;Masculin;Provincial;É. sec. du Triolet;École du Triolet;Sherbrooke;Juvénile;D2;Masculin;8eaa69d2-1a92-42f2-8859-28d6f832d532;7d59545c-415c-48d1-8a1e-3e02554247f0;InstitutionId RSEQ;;;16;16;base;Basketball J M D2 B
oui;haute;Secondaire;Basketball;Basketball;Féminin;Provincial;É. sec. du Triolet;École du Triolet;Sherbrooke;Juvénile;D2;Féminin;f24f8d71-b190-4305-9729-1aea373840a0;7d59545c-415c-48d1-8a1e-3e02554247f0;InstitutionId RSEQ;;;32;16;base+ligue absente;Basketball J F D2 A1 / Basketball J F D2 A2
oui;haute;Secondaire;Basketball;Basketball;Féminin;Provincial;É. sec. Félix-Leclerc;École secondaire Félix-Leclerc;Repentigny;Juvénile;D2;Féminin;69c28d97-608b-4e1a-a9d2-193614f6b16b;61f47ab5-0b59-4983-8885-e0a8eada1663;InstitutionId RSEQ;;;16;16;base;Basketball J F D2 B
oui;haute;Secondaire;Basketball;Basketball;Masculin;Provincial;É. sec. Félix-Leclerc;École secondaire Félix-Leclerc;Repentigny;Juvénile;D2;Masculin;758628ab-4aa9-4f46-846b-80e63c67db1c;61f47ab5-0b59-4983-8885-e0a8eada1663;InstitutionId RSEQ;;;16;16;base;Basketball J M D2 B
oui;haute;Secondaire;Basketball;Basketball;Masculin;Provincial;É. sec. Félix-Leclerc;École secondaire Félix-Leclerc;Repentigny;Cadet;D1;Masculin;36528b74-2936-4518-a535-2b8bd13a5855;61f47ab5-0b59-4983-8885-e0a8eada1663;InstitutionId RSEQ;;;15;15;base;Basketball C M D1
oui;haute;Secondaire;Basketball;Basketball;Féminin;Provincial;É. sec. Félix-Leclerc;École secondaire Félix-Leclerc;Repentigny;Cadet;D2;Féminin;f04770bf-90a0-4987-a3f0-2826f9649fb7;61f47ab5-0b59-4983-8885-e0a8eada1663;InstitutionId RSEQ;;;20;10;base+ligue absente;Basketball C F D2 A / Basketball C F D2 B
oui;haute;Secondaire;Basketball;Basketball;Féminin;Provincial;É. sec. Gérard-Filion;École Gérard-Filion;Longueuil;Juvénile;D1;Féminin;f06efe97-dc56-49db-9aa0-c98bdb6f1eaa;a149d738-3794-4271-809b-c2f99ad59c6e;InstitutionId RSEQ;;;12;12;base;Basketball J F D1
oui;haute;Secondaire;Basketball;Basketball;Féminin;Provincial;É. sec. Gérard-Filion;École Gérard-Filion;Longueuil;Cadet;D1;Féminin;84e5be31-0bf0-41c4-8584-4ae0bbbfdede;a149d738-3794-4271-809b-c2f99ad59c6e;InstitutionId RSEQ;;;13;13;base;Basketball C F D1
oui;haute;Secondaire;Basketball;Basketball;Féminin;Provincial;É. sec. Henri-Bourassa;École secondaire Henri-Bourassa;Montréal;Juvénile;D2;Féminin;5a5cbce4-3f42-41e9-999b-2c6138621311;eb6b9a6d-3190-4724-a0ad-51385bd821a0;InstitutionId RSEQ;;;16;16;base;Basketball J F D2 B
oui;haute;Secondaire;Basketball;Basketball;Féminin;Provincial;É. sec. Henri-Bourassa;École secondaire Henri-Bourassa;Montréal;Cadet;D1;Féminin;f56d4b99-f10c-4a8d-b244-b08a7f2d20dc;eb6b9a6d-3190-4724-a0ad-51385bd821a0;InstitutionId RSEQ;;;12;12;base;Basketball C F D1
oui;haute;Secondaire;Basketball;Basketball;Masculin;Provincial;É. sec. Henri-Bourassa;École secondaire Henri-Bourassa;Montréal;Cadet;D1;Masculin;a3865902-2f5d-4057-b05a-7b2c255f980b;eb6b9a6d-3190-4724-a0ad-51385bd821a0;InstitutionId RSEQ;;;15;15;base;Basketball C M D1
oui;haute;Secondaire;Basketball;Basketball;Féminin;Provincial;É. sec. Jean-Grou;École secondaire Jean-Grou;Montréal;Juvénile;D2;Féminin;ce7259b6-ded6-463c-8747-3a51a6d5a864;0a884190-2dc9-4373-a035-5fb193a070f0;InstitutionId RSEQ;;;16;16;base;Basketball J F D2 B
oui;haute;Secondaire;Basketball;Basketball;Masculin;Provincial;É. sec. Le Boisé;École secondaire Le boisé;Victoriaville;Cadet;D2;Masculin;e5922580-754b-4ab6-a976-a58b861a51de;54c10224-313b-4fb7-98fd-36f28f3bfcd5;InstitutionId RSEQ;;;24;12;base+ligue absente;Basketball C M D2 A / Basketball C M D2 B
oui;haute;Secondaire;Basketball;Basketball;Masculin;Provincial;É. sec. Le Boisé;École secondaire Le boisé;Victoriaville;Juvénile;D2;Masculin;bd3d4db0-0337-4e85-8e1e-fbd5f12ce1b7;54c10224-313b-4fb7-98fd-36f28f3bfcd5;InstitutionId RSEQ;;;16;16;base;Basketball J M D2 B
oui;haute;Secondaire;Basketball;Basketball;Masculin;Provincial;É. sec. Marie-Rivier;École Marie-Rivier;Drummondville;Juvénile;D2;Masculin;8826adb3-4d9a-42c4-b890-1e9bffe482cb;f54909d5-fbad-43cd-bd7b-4324e661be82;InstitutionId RSEQ;;;16;16;base;Basketball J M D2 B
oui;haute;Secondaire;Basketball;Basketball;Masculin;Provincial;É. sec. Marie-Rivier;École Marie-Rivier;Drummondville;Cadet;D2;Masculin;d4dd41eb-4e77-4f94-9cb2-bdf43c50d429;f54909d5-fbad-43cd-bd7b-4324e661be82;InstitutionId RSEQ;;;24;12;base+ligue absente;Basketball C M D2 A / Basketball C M D2 B
oui;haute;Secondaire;Basketball;Basketball;Féminin;Provincial;É. sec. Marie-Rivier;École Marie-Rivier;Drummondville;Juvénile;D2;Féminin;41d5a2cc-cb34-45c6-a1c2-3612c551e1f9;f54909d5-fbad-43cd-bd7b-4324e661be82;InstitutionId RSEQ;;;32;16;base+ligue absente;Basketball J F D2 A1 / Basketball J F D2 A2
oui;haute;Secondaire;Basketball;Basketball;Masculin;Provincial;É. sec. Paul-Hubert;École Paul-Hubert;Rimouski;Benjamin;D2;Masculin;2e96f261-c9f9-4c78-9c8a-c0158d9f04fc;46453351-3337-44c3-936f-c45c4bcfd8be;InstitutionId RSEQ;;;24;12;base+ligue absente;Basketball B M D2 A / Basketball B M D2 B
oui;haute;Secondaire;Basketball;Basketball;Féminin;Provincial;É. sec. Paul-Hubert;École Paul-Hubert;Rimouski;Juvénile;D2;Féminin;dbff5193-fb94-4f68-aec0-b2d661a7307d;46453351-3337-44c3-936f-c45c4bcfd8be;InstitutionId RSEQ;;;32;16;base+ligue absente;Basketball J F D2 A1 / Basketball J F D2 A2
oui;haute;Secondaire;Basketball;Basketball;Féminin;Provincial;É. sec. Paul-Hubert;École Paul-Hubert;Rimouski;Benjamin;D2;Féminin;5fe8f9df-a7e3-4958-8cf4-2909a29f324b;46453351-3337-44c3-936f-c45c4bcfd8be;InstitutionId RSEQ;;;14;14;base;Basketball B F D2
oui;haute;Secondaire;Basketball;Basketball;Masculin;Provincial;É. sec. Polybel;École secondaire Polybel;Beloeil;Cadet;D2;Masculin;70c47643-2367-49bd-a6e5-0a53f3f7ca10;8454c46c-fe61-4d94-aaec-9b60a4cbabd9;InstitutionId RSEQ;;;24;12;base+ligue absente;Basketball C M D2 A / Basketball C M D2 B
oui;haute;Secondaire;Basketball;Basketball;Masculin;Provincial;É. sec. Polybel;École secondaire Polybel;Beloeil;Benjamin;D2;Masculin;c69bccbe-2a28-4d8f-946c-9696980004cc;8454c46c-fe61-4d94-aaec-9b60a4cbabd9;InstitutionId RSEQ;;;20;10;base+ligue absente;Basketball B M D2 A / Basketball B M D2 B
oui;haute;Secondaire;Basketball;Basketball;Masculin;Provincial;É. sec. Polybel;École secondaire Polybel;Beloeil;Juvénile;D2;Masculin;94178a29-e99e-4c45-a5e0-32a4f9029bf6;8454c46c-fe61-4d94-aaec-9b60a4cbabd9;InstitutionId RSEQ;;;16;16;base;Basketball J M D2 B
oui;haute;Secondaire;Basketball;Basketball;Masculin;Provincial;É. sec. Saint-Gabriel;École Saint-Gabriel;Sainte-Thérèse;Juvénile;D2;Masculin;12935b3b-3f17-47a9-937e-e472d024881f;4927ac57-2a5a-4c8f-a197-47ed0991c86e;InstitutionId RSEQ;;;16;16;base;Basketball J M D2 B
oui;haute;Secondaire;Basketball;Basketball;Masculin;Provincial;É. sec. Saint-Gabriel;École Saint-Gabriel;Sainte-Thérèse;Cadet;D2;Masculin;264ac8cf-00db-4e23-90b2-85ababf81cd5;4927ac57-2a5a-4c8f-a197-47ed0991c86e;InstitutionId RSEQ;;;24;12;base+ligue absente;Basketball C M D2 A / Basketball C M D2 B
oui;haute;Secondaire;Basketball;Basketball;Masculin;Provincial;É. sec. Saint-Laurent;Saint-Laurent;Dollard-des-Ormeaux;Juvénile;D1;Masculin;0b45d523-9607-4541-8e71-066c7013ce47;2096dba4-e54f-46c6-a5bc-31cb3a88d85a;InstitutionId RSEQ;;;16;16;base;Basketball J M D1
oui;haute;Secondaire;Basketball;Basketball;Féminin;Provincial;É. sec. Saint-Laurent;Saint-Laurent;Dollard-des-Ormeaux;Juvénile;D1;Féminin;a7738008-4a7f-433e-8e49-19611420c455;2096dba4-e54f-46c6-a5bc-31cb3a88d85a;InstitutionId RSEQ;;;12;12;base;Basketball J F D1
oui;haute;Secondaire;Basketball;Basketball;Masculin;Provincial;É. sec. Saint-Laurent;Saint-Laurent;Dollard-des-Ormeaux;Benjamin;D1;Masculin;34f39a51-a981-4d9d-aba7-0afb7b7996e8;2096dba4-e54f-46c6-a5bc-31cb3a88d85a;InstitutionId RSEQ;;;12;12;base;Basketball B M D1
oui;haute;Secondaire;Basketball;Basketball;Féminin;Provincial;É. sec. Saint-Laurent;Saint-Laurent;Dollard-des-Ormeaux;Benjamin;D1;Féminin;78e5eb5b-b7d2-4a86-a56c-2d290790b073;2096dba4-e54f-46c6-a5bc-31cb3a88d85a;InstitutionId RSEQ;;;13;13;base;Basketball B F D1
oui;haute;Secondaire;Basketball;Basketball;Féminin;Provincial;É. sec. Saint-Laurent;Saint-Laurent;Dollard-des-Ormeaux;Cadet;D2;Féminin;2df6f43a-d9ac-439a-a309-182bf69599b8;2096dba4-e54f-46c6-a5bc-31cb3a88d85a;InstitutionId RSEQ;;;20;10;base+ligue absente;Basketball C F D2 A / Basketball C F D2 B
oui;haute;Secondaire;Basketball;Basketball;Masculin;Provincial;É. sec. Saint-Laurent;Saint-Laurent;Dollard-des-Ormeaux;Cadet;D1;Masculin;db57d041-0f2e-4514-8ce0-2522704c8a2c;2096dba4-e54f-46c6-a5bc-31cb3a88d85a;InstitutionId RSEQ;;;15;15;base;Basketball C M D1
oui;haute;Secondaire;Basketball;Basketball;Féminin;Provincial;Institut sec. Keranna;Institut Secondaire Keranna;Trois-Rivières;Juvénile;D2;Féminin;bbebbd92-f1f8-4950-a480-8967f34e3626;12982d7e-831e-47c1-8d08-f0ea614f5e52;InstitutionId RSEQ;;;32;16;base+ligue absente;Basketball J F D2 A1 / Basketball J F D2 A2
après confirmation BP;à confirmer BP;Secondaire;Basketball;Basketball;Féminin;Provincial;Séminaire Saint-Joseph;Séminaire Saint-Joseph de Trois-Rivières;Trois-Rivières;Juvénile;D1;Féminin;72f447c1-4d11-4029-8a26-3547245bea95;5c286b8c-e9f9-43ab-8f70-0633fc36ed9d;piste par le nom (InstitutionId RSEQ 6b997ca4-5bb1-49c5-8e25-d327dc27d52b inconnu chez nous);;;11;11;base;Basketball J F D1
après confirmation BP;à confirmer BP;Secondaire;Basketball;Basketball;Féminin;Provincial;Séminaire Saint-Joseph;Séminaire Saint-Joseph de Trois-Rivières;Trois-Rivières;Cadet;D1;Féminin;1b93485c-8016-49c8-8dc6-9a196370e1d7;5c286b8c-e9f9-43ab-8f70-0633fc36ed9d;piste par le nom (InstitutionId RSEQ 6b997ca4-5bb1-49c5-8e25-d327dc27d52b inconnu chez nous);;;12;12;base;Basketball C F D1
après confirmation BP;à confirmer BP;Secondaire;Basketball;Basketball;Masculin;Provincial;Séminaire Saint-Joseph;Séminaire Saint-Joseph de Trois-Rivières;Trois-Rivières;Cadet;D2;Masculin;a99f17d9-c106-413e-a000-110aeaf05b24;5c286b8c-e9f9-43ab-8f70-0633fc36ed9d;piste par le nom (InstitutionId RSEQ 6b997ca4-5bb1-49c5-8e25-d327dc27d52b inconnu chez nous);;;32;16;base+ligue absente;Basketball C M D2 A / Basketball C M D2 B
après confirmation BP;à confirmer BP;Secondaire;Basketball;Basketball;Masculin;Provincial;Séminaire Saint-Joseph;Séminaire Saint-Joseph de Trois-Rivières;Trois-Rivières;Juvénile;D2;Masculin;f8972c25-a170-4f49-ad0a-a894c247263d;5c286b8c-e9f9-43ab-8f70-0633fc36ed9d;piste par le nom (InstitutionId RSEQ 6b997ca4-5bb1-49c5-8e25-d327dc27d52b inconnu chez nous);;;30;15;base+ligue absente;Basketball J M D2 A1 / Basketball J M D2 A2
après confirmation BP;à confirmer BP;Secondaire;Basketball;Basketball;Féminin;Provincial;Séminaire Saint-Joseph;Séminaire Saint-Joseph de Trois-Rivières;Trois-Rivières;Benjamin;D1;Féminin;4bd4a9fe-2eb3-4064-b503-518f1c1acd2b;5c286b8c-e9f9-43ab-8f70-0633fc36ed9d;piste par le nom (InstitutionId RSEQ 6b997ca4-5bb1-49c5-8e25-d327dc27d52b inconnu chez nous);;;12;12;base;Basketball B F D1
après confirmation BP;à confirmer BP;Secondaire;Basketball;Basketball;Masculin;Provincial;Séminaire Saint-Joseph;Séminaire Saint-Joseph de Trois-Rivières;Trois-Rivières;Benjamin;D2;Masculin;62887a26-c9fd-4d73-a423-e110199e78ca;5c286b8c-e9f9-43ab-8f70-0633fc36ed9d;piste par le nom (InstitutionId RSEQ 6b997ca4-5bb1-49c5-8e25-d327dc27d52b inconnu chez nous);;;24;12;base+ligue absente;Basketball B M D2 A / Basketball B M D2 B
oui;haute;Secondaire;Flag football;Flag football;Féminin;Cantons-de-l'Est;C. Clarétain;Le Salesien;Sherbrooke;Juvénile;D3;Féminin;7a8a75b5-eba7-41a9-9730-ae48feabcc66;5051a5f3-1529-40ea-8a9a-403f670e42a1;InstitutionId RSEQ;;;10;10;base;Flag football J F D3
oui;haute;Secondaire;Flag football;Flag football;Féminin;Cantons-de-l'Est;C. Mont Notre-Dame;Collège Mont Notre-Dame de Sherbrooke;Sherbrooke;Juvénile;D4;Féminin;6733bb2f-0f87-41a7-9ff0-76237951abdf;b002d831-eae1-4ae9-ae8b-c92a2aeda524;InstitutionId RSEQ;;;8;8;base;Flag football J F D4
oui;haute;Secondaire;Flag football;Flag football;Féminin;Cantons-de-l'Est;C. St-Bernard;Collège Saint-Bernard;Drummondville;Juvénile;D4;Féminin;47c44091-98f3-4939-b23c-64207cfa5002;1fb7dab1-fab1-4478-963c-3151e22612dc;InstitutionId RSEQ;;;8;8;base;Flag football J F D4
oui;haute;Secondaire;Flag football;Flag football;Féminin;Cantons-de-l'Est;É. sec. du Bosquet;École du Bosquet;Drummondville;Juvénile;D4;Féminin;fc426dc7-e679-4bf2-bfc1-a78b1ae2235f;495a4e15-6562-413d-923a-be6ead69d791;InstitutionId RSEQ;;;16;8;base+ligue absente;Flag football J F D4 Niveau 1 Section A / Flag football J F D4 Niveau 1 Section B
oui;haute;Secondaire;Flag football;Flag football;Féminin;Cantons-de-l'Est;É. sec. La Poudrière;École La Poudrière;Drummondville;Juvénile;D4;Féminin;09b8e345-0828-41b7-924f-7b7be4f60fb7;6cd868c6-da1c-4840-9759-f4a42c8c62a0;InstitutionId RSEQ;;;16;8;base+ligue absente;Flag football J F D4 Niveau 1 Section A / Flag football J F D4 Niveau 1 Section B
après confirmation BP;à confirmer BP;Secondaire;Flag football;Flag football;Féminin;Cantons-de-l'Est;É.I. Du Phare;École internationale du Phare;Sherbrooke;Juvénile;D4;Féminin;12460003-4b8a-4ec8-9003-5f0e1e00d844;c1d6d080-a8e4-47b9-bc3b-a1f1e34fa75b;piste par le nom (InstitutionId RSEQ 54d3ef90-e086-4c17-bb8d-4dafd9e6f806 inconnu chez nous);;;8;8;base;Flag football J F D4
oui;haute;Secondaire;Flag football;Flag football;Féminin;Cantons-de-l'Est;É.S. Alexander Galt;École secondaire régionale Alexander Galt;Sherbrooke;Juvénile;D4;Féminin;0d17e388-1819-40e1-afbe-0756b37ecaac;7be484ff-3ec0-43bf-bfc1-c7aeb30753d3;InstitutionId RSEQ;;;8;8;base;Flag football J F D4
oui;haute;Secondaire;Flag football;Flag football;Féminin;Cantons-de-l'Est;É.S. Bromptonville;École secondaire de Bromptonville;Sherbrooke;Juvénile;D4;Féminin;c1361efd-0d20-4fb1-b69b-1c5103ac3bff;bb8fc4fc-0a43-4fc2-b606-bd3e6d389c44;InstitutionId RSEQ;;;8;8;base;Flag football J F D4
oui;haute;Secondaire;Flag football;Flag football;Féminin;Cantons-de-l'Est;É.S. du Triolet;École du Triolet;Sherbrooke;Juvénile;D3;Féminin;ba050acd-21eb-45d9-862a-5d9e873f3a86;7d59545c-415c-48d1-8a1e-3e02554247f0;InstitutionId RSEQ;;;10;10;base;Flag football J F D3
oui;haute;Secondaire;Flag football;Flag football;Féminin;Cantons-de-l'Est;É.S. Jean-Raimbault;École Jeanne-Mance;Drummondville;Juvénile;D4;Féminin;195e87bd-b67b-4887-8648-870d070a67a9;e5937de1-036b-475f-b64e-4d4b44fc2471;InstitutionId RSEQ;;;16;8;base+ligue absente;Flag football J F D4 Niveau 1 Section A / Flag football J F D4 Niveau 1 Section B
oui;haute;Secondaire;Flag football;Flag football;Féminin;Cantons-de-l'Est;É.S. Jeanne-Mance;École Jean-Raimbault;Drummondville;Juvénile;D4;Féminin;563d025c-a117-4d5d-ba3b-9a274cfdf7de;018075eb-d4c6-43e8-a066-067de95f9061;InstitutionId RSEQ;;;16;8;base+ligue absente;Flag football J F D4 Niveau 1 Section A / Flag football J F D4 Niveau 1 Section B
oui;haute;Secondaire;Flag football;Flag football;Féminin;Cantons-de-l'Est;É.S. Jeanne-Mance;École secondaire Le boisé;Victoriaville;Juvénile;D4;Féminin;46295a48-d419-4df2-92f8-0b60fe3e3745;54c10224-313b-4fb7-98fd-36f28f3bfcd5;InstitutionId RSEQ;;;16;8;base+ligue absente;Flag football J F D4 Niveau 1 Section A / Flag football J F D4 Niveau 1 Section B
oui;haute;Secondaire;Flag football;Flag football;Féminin;Cantons-de-l'Est;É.S. La Frontalière;École La Frontalière;Coaticook;Juvénile;D4;Féminin;ea1d214b-5654-41b4-8350-12e0c5863578;05c846a0-52c6-4a1c-818b-6f8e22b2cb89;InstitutionId RSEQ;;;8;8;base;Flag football J F D4
oui;haute;Secondaire;Flag football;Flag football;Féminin;Cantons-de-l'Est;É.S. La Ruche;École secondaire de la Ruche;Magog;Juvénile;D4;Féminin;d85c8d02-e15d-46b8-b999-8f73bc7bb669;7f256637-7ad2-4306-8324-c72049a43f62;InstitutionId RSEQ;;;8;8;base;Flag football J F D4
oui;haute;Secondaire;Flag football;Flag football;Féminin;Cantons-de-l'Est;É.S. Marie-Rivier;École Marie-Rivier;Drummondville;Juvénile;D3;Féminin;5b20310d-d415-4bf0-a364-930a075fd64d;f54909d5-fbad-43cd-bd7b-4324e661be82;InstitutionId RSEQ;;;10;10;base;Flag football J F D3
oui;haute;Secondaire;Flag football;Flag football;Féminin;Cantons-de-l'Est;É.S. Marie-Rivier;Collège Clarétain de Victoriaville;Victoriaville;Juvénile;D3;Féminin;cfaaaeef-5c01-4661-9b41-b107275909b0;8dbb6f3a-b683-4c96-9088-c5b5168dd970;InstitutionId RSEQ;;;10;10;base;Flag football J F D3
après confirmation BP;à confirmer BP;Secondaire;Flag football;Flag football;Féminin;Cantons-de-l'Est;É.S. Montcalm;École Mitchell - Montcalm;Sherbrooke;Juvénile;D4;Féminin;1713e0b2-9baa-484f-a745-132a9d7da06f;5c7076bb-1b2c-4376-90ed-f1a323a5e6f4;piste par le nom (InstitutionId RSEQ ac25565c-43cd-4d87-94ea-94cb5bddbf4c inconnu chez nous);;;16;8;base+ligue absente;Flag football J F D4 Niveau 1 Section A / Flag football J F D4 Niveau 1 Section B
oui;haute;Secondaire;Flag football;Flag football;Féminin;Cantons-de-l'Est;É.S. St-Marie;École Sainte-Marie;Princeville;Juvénile;D4;Féminin;0ffa991a-eb39-4ebd-b499-dc5bef1be901;469ea7bd-344b-4e09-b338-6cf060e1d74c;InstitutionId RSEQ;;;16;8;base+ligue absente;Flag football J F D4 Niveau 1 Section A / Flag football J F D4 Niveau 1 Section B
oui;confirmée BP (Le Ber = École de la Montée);Secondaire;Flag football;Flag football;Féminin;Cantons-de-l'Est;Le Ber;École de la Montée;Sherbrooke;Juvénile;D4;Féminin;547c4bbf-d459-4b56-a1dd-b44d093ce2d5;eebf1ac9-ee89-4430-969a-6dc5992d6a3d;décision BP;;;8;8;base;Flag football J F D4
oui;confirmée BP (Le Ber = École de la Montée);Secondaire;Flag football;Flag football;Féminin;Cantons-de-l'Est;Le Ber 1;École de la Montée;Sherbrooke;Juvénile;D4;Féminin;b0912c8b-f460-4529-928a-7554025da3aa;eebf1ac9-ee89-4430-969a-6dc5992d6a3d;décision BP;;;16;8;base+ligue absente;Flag football J F D4 Niveau 1 Section A / Flag football J F D4 Niveau 1 Section B
oui;confirmée BP (Le Ber = École de la Montée);Secondaire;Flag football;Flag football;Féminin;Cantons-de-l'Est;Le Ber 2;École de la Montée;Sherbrooke;Juvénile;D4;Féminin;55227327-6a8a-4a0d-8f6f-45928195709f;eebf1ac9-ee89-4430-969a-6dc5992d6a3d;décision BP;;;16;8;base+ligue absente;Flag football J F D4 Niveau 1 Section A / Flag football J F D4 Niveau 1 Section B
oui;haute;Secondaire;Flag football;Flag football;Féminin;Cantons-de-l'Est;Le Boisé;École secondaire Le boisé;Victoriaville;Juvénile;D4;Féminin;25895b11-49cc-4b77-9b6f-33ecdbf4fc12;54c10224-313b-4fb7-98fd-36f28f3bfcd5;InstitutionId RSEQ;;;8;8;base;Flag football J F D4
oui;haute;Secondaire;Flag football;Flag football;Féminin;Cantons-de-l'Est;P. Montignac;Polyvalente Montignac;Lac-Mégantic;Juvénile;D4;Féminin;09d4461d-842c-4676-a7b4-a3d93c6f0673;4090e900-d790-4d0a-9c3c-e5935a7cb62e;InstitutionId RSEQ;;;8;8;base;Flag football J F D4
oui;haute;Secondaire;Flag football;Flag football;Féminin;Cantons-de-l'Est;P. Montignac;Polyvalente Montignac;Lac-Mégantic;Juvénile;D4;Féminin;f92a4a18-5f68-467f-af03-0efed1563f9c;4090e900-d790-4d0a-9c3c-e5935a7cb62e;InstitutionId RSEQ;;;16;8;base+ligue absente;Flag football J F D4 Niveau 1 Section A / Flag football J F D4 Niveau 1 Section B
oui;haute;Secondaire;Flag football;Flag football;Féminin;Cantons-de-l'Est;P. Montignac;Polyvalente Montignac;Lac-Mégantic;Juvénile;D3;Féminin;838a5687-1638-4122-90fc-6165b35ff73c;4090e900-d790-4d0a-9c3c-e5935a7cb62e;InstitutionId RSEQ;;;10;10;base;Flag football J F D3
oui;"confirmée BP (Séminaire de Sherbrooke secondaire, pas le cégep)";Secondaire;Flag football;Flag football;Féminin;Cantons-de-l'Est;S. de Sherbrooke;Séminaire de Sherbrooke;Sherbrooke;Juvénile;D4;Féminin;8b36f163-5ad8-484d-8d17-5738c6a262b7;5d8885c8-037d-4e82-84eb-e6822b59c543;décision BP;;;8;8;base;Flag football J F D4
oui;haute;Secondaire;Flag football;Flag football;Masculin;GMAA;Beaconsfield HS;École secondaire Beaconsfield;Beaconsfield;Benjamin;D4;Garçons;df318a52-2b7a-4f47-9366-b0b9f621d2ae;d35768e1-b37d-4488-9f7b-171753bdf6fb;InstitutionId RSEQ;;;5;5;base;Flag football B Garçons D4 A Fall
oui;haute;Secondaire;Flag football;Flag football;Masculin;GMAA;Beaconsfield HS;École secondaire Beaconsfield;Beaconsfield;Juvénile;D4;Garçons;3f4a3d3c-55ee-4578-91f3-16c371a096b2;d35768e1-b37d-4488-9f7b-171753bdf6fb;InstitutionId RSEQ;;;4;4;base;Flag football J Garçons D4 A Fall
oui;haute;Secondaire;Flag football;Flag football;Masculin;GMAA;Bialik;Bialik High School;Côte-Saint-Luc;Juvénile;D4;Garçons;edae3923-6a6e-430c-b096-d451c2cd352a;e738f48d-11aa-4527-ad76-fe38b3d0bd1a;InstitutionId RSEQ;;;4;4;base;Flag football J Garçons D4 A Fall
oui;haute;Secondaire;Flag football;Flag football;Masculin;GMAA;Bialik;Bialik High School;Côte-Saint-Luc;Cadet;D3;Garçons;0bb6d6f4-b1c1-411b-96ba-001f558e1d47;e738f48d-11aa-4527-ad76-fe38b3d0bd1a;InstitutionId RSEQ;;;6;6;base;Flag football C Garçons D3 B Fall
oui;haute;Secondaire;Flag football;Flag football;Masculin;GMAA;Bialik;Bialik High School;Côte-Saint-Luc;Benjamin;D4;Garçons;53c9a17b-9076-412b-9f78-9a063713b603;e738f48d-11aa-4527-ad76-fe38b3d0bd1a;InstitutionId RSEQ;;;5;5;base;Flag football B Garçons D4 B Fall
oui;haute;Secondaire;Flag football;Flag football;Masculin;GMAA;Billings;École secondaire régionale Howard S. Billings;Châteauguay;Juvénile;D3;Garçons;af842774-69d6-4acd-ae43-49f509462bdf;e4613552-b565-4d75-ab0f-1655ab932cc5;InstitutionId RSEQ;;;4;4;base;Flag football J Garçons D3 A Fall
oui;haute;Secondaire;Flag football;Flag football;Masculin;GMAA;HA;Académie hébraïque inc.;Côte-Saint-Luc;Benjamin;D4;Garçons;c322f889-8026-4b29-b925-249de374b2fb;2a5c01e4-78b4-4c59-9e72-ccf2a27aa4d5;InstitutionId RSEQ;;;5;5;base;Flag football B Garçons D4 B Fall
oui;haute;Secondaire;Flag football;Flag football;Masculin;GMAA;JFKHS;École John-F.- Kennedy;Montréal;Juvénile;D4;Garçons;76f64bd8-c0ab-482c-8e23-50868c1eec92;d0eb0d14-ab1a-4024-b2e3-98a5d4511737;InstitutionId RSEQ;;;5;5;base;Flag football J Garçons D4 B Fall
oui;haute;Secondaire;Flag football;Flag football;Masculin;GMAA;John-Rennie;École secondaire John-Rennie;Pointe-Claire;Juvénile;D4;Garçons;905c9648-713d-4d26-a605-028a83f35d83;f13cf9cd-59c6-45aa-9388-f3622398f870;InstitutionId RSEQ;;;4;4;base;Flag football J Garçons D4 A Fall
oui;haute;Secondaire;Flag football;Flag football;Masculin;GMAA;John-Rennie;École secondaire John-Rennie;Pointe-Claire;Benjamin;D4;Garçons;67ae428d-521f-49d0-90d1-b70da267858e;f13cf9cd-59c6-45aa-9388-f3622398f870;InstitutionId RSEQ;;;5;5;base;Flag football B Garçons D4 A Fall
oui;haute;Secondaire;Flag football;Flag football;Masculin;GMAA;KELLS;Académie Kells;Montréal;Juvénile;D4;Garçons;90d9a1ea-d4fe-4c63-9db8-aae33f24a64f;14d6f138-e08c-449f-9278-1b242b47a4e7;InstitutionId RSEQ;;;5;5;base;Flag football J Garçons D4 B Fall
oui;haute;Secondaire;Flag football;Flag football;Masculin;GMAA;LA;École secondaire Lakeside Academy;Montréal;Benjamin;D4;Garçons;fa5688c4-799d-4cfd-9d86-6ccdae2155cd;4ea8e12b-4b05-4cde-b008-49c36706a54b;InstitutionId RSEQ;;;5;5;base;Flag football B Garçons D4 A Fall
oui;haute;Secondaire;Flag football;Flag football;Masculin;GMAA;LaSalle CCHS;Nouvelle école secondaire LaSalle;Montréal;Juvénile;D4;Garçons;0d0da364-6b73-4f4a-8813-a5f0d5a6c4fa;be771fe1-2f25-41ea-8e4e-6d51f2656963;InstitutionId RSEQ;;;4;4;base;Flag football J Garçons D4 A Fall
oui;haute;Secondaire;Flag football;Flag football;Masculin;GMAA;LAURN;Académie LaurenHill;Montréal;Cadet;D3;Garçons;bcdf1ed8-003c-46b8-b98a-90c397d72d9c;8d31a73c-ab71-4d5c-9aaa-816ca0746659;InstitutionId RSEQ;;;6;6;base;Flag football C Garçons D3 B Fall
oui;haute;Secondaire;Flag football;Flag football;Masculin;GMAA;LCC;Lower Canada College;Montréal;Benjamin;D4;Garçons;a2ab0ba4-73d8-47ec-b31a-100008fd8d43;6213dfb4-19f6-4c9f-a43d-63c0b5d89e59;InstitutionId RSEQ;;;5;5;base;Flag football B Garçons D4 B Fall
oui;haute;Secondaire;Flag football;Flag football;Masculin;GMAA;Loyola;École secondaire Loyola;Montréal;Cadet;D3;Garçons;0e10be2a-e1ba-4064-ad8d-1f4d1ae86ca9;3cea1ea3-4485-4588-ac4d-48efc95cb399;InstitutionId RSEQ;;;6;6;base;Flag football C Garçons D3 B Fall
oui;haute;Secondaire;Flag football;Flag football;Masculin;GMAA;MACD;École secondaire Macdonald;Sainte-Anne-de-Bellevue;Benjamin;D4;Garçons;62ad4cc2-c7e6-4d74-9a3c-00ea3cc462ac;9da1dcdf-6fe7-48c5-8dd8-c7e289382461;InstitutionId RSEQ;;;5;5;base;Flag football B Garçons D4 A Fall
oui;haute;Secondaire;Flag football;Flag football;Masculin;GMAA;MACD;École secondaire Macdonald;Sainte-Anne-de-Bellevue;Cadet;D3;Garçons;39bacba0-fb37-4162-b684-e44f64debeac;9da1dcdf-6fe7-48c5-8dd8-c7e289382461;InstitutionId RSEQ;;;6;6;base;Flag football C Garçons D3 A Fall
oui;haute;Secondaire;Flag football;Flag football;Masculin;GMAA;PCHS;École secondaire Pierrefonds;Montréal;Benjamin;D3;Garçons;9edceb9c-629e-413f-bd15-fca72674947c;4f318633-a0c4-4bd0-ac1f-0587106d50ff;InstitutionId RSEQ;;;6;6;base;Flag football B Garçons D3 A Fall
oui;haute;Secondaire;Flag football;Flag football;Masculin;GMAA;PCHS;École secondaire Pierrefonds;Montréal;Juvénile;D3;Garçons;6ad7948b-fd40-4a9c-8808-df612f655967;4f318633-a0c4-4bd0-ac1f-0587106d50ff;InstitutionId RSEQ;;;4;4;base;Flag football J Garçons D3 A Fall
oui;haute;Secondaire;Flag football;Flag football;Masculin;GMAA;PCHS;École secondaire Pierrefonds;Montréal;Cadet;D3;Garçons;cad05687-0ff6-4c7a-961c-e2517895c335;4f318633-a0c4-4bd0-ac1f-0587106d50ff;InstitutionId RSEQ;;;6;6;base;Flag football C Garçons D3 A Fall
oui;haute;Secondaire;Flag football;Flag football;Masculin;GMAA;Royal;Académie Royal West;Montréal-Ouest;Benjamin;D4;Garçons;f197ae35-31fb-48b7-a13c-8a5501894dca;ac594d8e-5628-455d-a375-3b94d0f5106f;InstitutionId RSEQ;;;5;5;base;Flag football B Garçons D4 B Fall
oui;haute;Secondaire;Flag football;Flag football;Masculin;GMAA;Royal;Académie Royal West;Montréal-Ouest;Juvénile;D4;Garçons;ccb95b5e-4933-471d-9316-998f4e04f3b3;ac594d8e-5628-455d-a375-3b94d0f5106f;InstitutionId RSEQ;;;4;4;base;Flag football J Garçons D4 A Fall
oui;haute;Secondaire;Flag football;Flag football;Masculin;GMAA;RVALE;École Royal Vale;Montréal;Juvénile;D4;Garçons;79705edc-6edb-47e3-846d-aeb7b1b2bab6;882225d5-7097-4c09-8903-73f16c949282;InstitutionId RSEQ;;;5;5;base;Flag football J Garçons D4 B Fall
oui;haute;Secondaire;Flag football;Flag football;Masculin;GMAA;RVALE;École Royal Vale;Montréal;Benjamin;D4;Garçons;11cd5230-1adf-4738-85a3-d194e1dbbe46;882225d5-7097-4c09-8903-73f16c949282;InstitutionId RSEQ;;;5;5;base;Flag football B Garçons D4 B Fall
oui;haute;Secondaire;Flag football;Flag football;Masculin;GMAA;St. Georges;St. Georges High School;Westmount;Juvénile;D4;Garçons;3ebe123f-ec1b-4814-b8b4-34ea8baf0e5a;4593550d-fdd9-4659-8061-b01ff8234895;InstitutionId RSEQ;;;5;5;base;Flag football J Garçons D4 B Fall
oui;haute;Secondaire;Flag football;Flag football;Masculin;GMAA;St. Georges;St. Georges High School;Westmount;Benjamin;D4;Garçons;690702f5-754b-4a66-a002-21037e29f491;4593550d-fdd9-4659-8061-b01ff8234895;InstitutionId RSEQ;;;5;5;base;Flag football B Garçons D4 B Fall
oui;haute;Secondaire;Flag football;Flag football;Masculin;GMAA;St. Thomas;École secondaire Saint-Thomas;Pointe-Claire;Cadet;D3;Garçons;bcb007fa-6c38-4826-84c6-6c66c143e460;b47c1d8c-4263-4616-a4f1-7681955de19c;InstitutionId RSEQ;;;6;6;base;Flag football C Garçons D3 A Fall
oui;haute;Secondaire;Flag football;Flag football;Masculin;GMAA;St. Thomas;École secondaire Saint-Thomas;Pointe-Claire;Benjamin;D4;Garçons;577d0645-fa7e-4a15-a9ef-8ee8ca8a8329;b47c1d8c-4263-4616-a4f1-7681955de19c;InstitutionId RSEQ;;;5;5;base;Flag football B Garçons D4 A Fall
oui;haute;Secondaire;Flag football;Flag football;Masculin;GMAA;Villa-Maria;Villa Maria;Montréal;Juvénile;D4;Garçons;50c92a37-6ee6-45f4-87ed-8e524cd386e3;4cb4b962-e10c-4c5a-a116-9e3f834a9d6d;InstitutionId RSEQ;;;5;5;base;Flag football J Garçons D4 B Fall
oui;haute;Secondaire;Flag football;Flag football;Masculin;GMAA;Vincent Massey;Collège Vincent Massey;Montréal;Juvénile;D3;Garçons;ce5a4d3f-b7e5-42e6-bde0-acab9edfeef8;1d63f9f8-d0fc-4750-8344-7f2bdd6aee64;InstitutionId RSEQ;;;4;4;base;Flag football J Garçons D3 A Fall
oui;haute;Secondaire;Flag football;Flag football;Masculin;GMAA;Westmount HS;École secondaire Westmount;Westmount;Cadet;D3;Garçons;7dcf807a-d4fa-42b6-9119-2cc3f0dad8ed;56a79a3f-3fac-4719-a35b-ddd8116648ea;InstitutionId RSEQ;;;6;6;base;Flag football C Garçons D3 B Fall
oui;haute;Secondaire;Flag football;Flag football;Masculin;GMAA;Westmount HS;École secondaire Westmount;Westmount;Juvénile;D4;Garçons;f3a7c204-d679-48c5-85c6-be77867f93f5;56a79a3f-3fac-4719-a35b-ddd8116648ea;InstitutionId RSEQ;;;5;5;base;Flag football J Garçons D4 B Fall
oui;haute;Secondaire;Flag football;Flag football;Masculin;GMAA;WIC;West Island College;Dollard-des-Ormeaux;Benjamin;D3;Garçons;5d870336-075c-48d0-ba83-7065c6786d50;ea66f367-c55a-496f-a257-fb9032493455;InstitutionId RSEQ;;;6;6;base;Flag football B Garçons D3 A Fall
oui;haute;Secondaire;Flag football;Flag football;Masculin;GMAA;WIC;West Island College;Dollard-des-Ormeaux;Juvénile;D3;Garçons;73e55101-9881-426f-85ea-9c5ea7aa1fc3;ea66f367-c55a-496f-a257-fb9032493455;InstitutionId RSEQ;;;4;4;base;Flag football J Garçons D3 A Fall
oui;haute;Secondaire;Flag football;Flag football;Masculin;GMAA;WWHS Sr;École secondaire Westwood Senior;Hudson;Benjamin;D4;Garçons;2667b727-f873-4ef0-97e5-b6e54370052b;1fd7ac22-adb2-48bd-9904-d8ffdc9b0a29;InstitutionId RSEQ;;;5;5;base;Flag football B Garçons D4 A Fall
oui;haute;Secondaire;Flag football;Flag football;Masculin;GMAA;WWHS Sr;École secondaire Westwood Senior;Hudson;Cadet;D3;Garçons;2ee66fbd-6ef7-482e-aea6-b05859f4710e;1fd7ac22-adb2-48bd-9904-d8ffdc9b0a29;InstitutionId RSEQ;;;6;6;base;Flag football C Garçons D3 A Fall
oui;haute;Secondaire;Flag football;Flag football;Féminin;Lac-Saint-Louis;Caroline-Dawson;École Caroline-Dawson;Saint-Zotique;Juvénile;;Féminin;3e485043-c5fb-4474-8e02-363892cdabeb;bea81937-0eaf-4270-85c4-67018797c90e;InstitutionId RSEQ;;;6;6;base;Flag football J F EST Automne
oui;haute;Secondaire;Flag football;Flag football;Féminin;Lac-Saint-Louis;Chêne-Bleu;École secondaire du Chêne-Bleu;Pincourt;Juvénile;;Féminin;69afe5b6-c735-44e3-b8b7-74ff25433386;c091b5ba-23da-45d2-86a2-a362dcc68e97;InstitutionId RSEQ;;;5;5;base;Flag football J F OUEST Automne
oui;haute;Secondaire;Flag football;Flag football;Féminin;Lac-Saint-Louis;Chêne-Bleu;École secondaire du Chêne-Bleu;Pincourt;Cadet;;Féminin;662152c3-2545-4ae5-9c9d-afa61e64721c;c091b5ba-23da-45d2-86a2-a362dcc68e97;InstitutionId RSEQ;;;6;6;base;Flag football C F OUEST Automne
oui;haute;Secondaire;Flag football;Flag football;Féminin;Lac-Saint-Louis;Chêne-Bleu;École secondaire du Chêne-Bleu;Pincourt;Benjamin;;Féminin;794f5629-7f1c-43b3-b32c-ac833eb90760;c091b5ba-23da-45d2-86a2-a362dcc68e97;InstitutionId RSEQ;;;6;6;base;Flag football B F OUEST Automne
oui;haute;Secondaire;Flag football;Flag football;Féminin;Lac-Saint-Louis;Chêne-Bleu 2;École secondaire du Chêne-Bleu;Pincourt;Juvénile;;Féminin;652cfa97-d048-4801-b485-71599882197b;c091b5ba-23da-45d2-86a2-a362dcc68e97;InstitutionId RSEQ;;;6;6;base;Flag football J F EST Automne
oui;haute;Secondaire;Flag football;Flag football;Féminin;Lac-Saint-Louis;Cité-des-Jeunes;École secondaire de la Cité-des-Jeunes;Vaudreuil-Dorion;Juvénile;;Féminin;d53d4ca7-fd27-409f-bab1-864baf631e19;c85f3df9-7510-4c5b-9ce3-68a011767c35;InstitutionId RSEQ;;;5;5;base;Flag football J F OUEST Automne
oui;haute;Secondaire;Flag football;Flag football;Féminin;Lac-Saint-Louis;Cité-des-Jeunes 1;École secondaire de la Cité-des-Jeunes;Vaudreuil-Dorion;Benjamin;;Féminin;bb31030c-6fce-4485-8626-fd3f7e5c020e;c85f3df9-7510-4c5b-9ce3-68a011767c35;InstitutionId RSEQ;;;6;6;base;Flag football B F OUEST Automne
oui;haute;Secondaire;Flag football;Flag football;Féminin;Lac-Saint-Louis;Cité-des-Jeunes 1;École secondaire de la Cité-des-Jeunes;Vaudreuil-Dorion;Cadet;;Féminin;cf58c297-87e6-4082-be3e-c0db52957195;c85f3df9-7510-4c5b-9ce3-68a011767c35;InstitutionId RSEQ;;;6;6;base;Flag football C F OUEST Automne
oui;haute;Secondaire;Flag football;Flag football;Féminin;Lac-Saint-Louis;Cité-des-Jeunes 2;École secondaire de la Cité-des-Jeunes;Vaudreuil-Dorion;Benjamin;;Féminin;c3057cac-6299-494e-b95d-537786298988;c85f3df9-7510-4c5b-9ce3-68a011767c35;InstitutionId RSEQ;;;6;6;base;Flag football B F OUEST Automne
oui;haute;Secondaire;Flag football;Flag football;Féminin;Lac-Saint-Louis;Cité-des-Jeunes 2;École secondaire de la Cité-des-Jeunes;Vaudreuil-Dorion;Cadet;;Féminin;e81c3541-fe6f-4bbf-93cb-25bd8e677bed;c85f3df9-7510-4c5b-9ce3-68a011767c35;InstitutionId RSEQ;;;6;6;base;Flag football C F EST Automne
oui;haute;Secondaire;Flag football;Flag football;Féminin;Lac-Saint-Louis;Collège Bourget;Collège Bourget;Rigaud;Atome;;Féminin;d234e1be-3112-4ee4-9d63-70a128002ecc;a2350c7e-b58f-48eb-841b-8d2249b50c05;InstitutionId RSEQ;;;6;6;base;Flag football A F Automne
oui;haute;Secondaire;Flag football;Flag football;Féminin;Lac-Saint-Louis;Collège Bourget;Collège Bourget;Rigaud;Juvénile;;Féminin;f6844c36-a5d4-4e92-a841-f9a838d990f5;a2350c7e-b58f-48eb-841b-8d2249b50c05;InstitutionId RSEQ;;;5;5;base;Flag football J F OUEST Automne
oui;haute;Secondaire;Flag football;Flag football;Féminin;Lac-Saint-Louis;Collège Bourget;Collège Bourget;Rigaud;Cadet;;Féminin;427a8195-429f-451d-933f-434960e3284f;a2350c7e-b58f-48eb-841b-8d2249b50c05;InstitutionId RSEQ;;;6;6;base;Flag football C F OUEST Automne
oui;haute;Secondaire;Flag football;Flag football;Féminin;Lac-Saint-Louis;Collège Bourget;Collège Bourget;Rigaud;Benjamin;;Féminin;3cfac061-4d96-4064-8cd7-de1be5e5a2f2;a2350c7e-b58f-48eb-841b-8d2249b50c05;InstitutionId RSEQ;;;6;6;base;Flag football B F OUEST Automne
oui;haute;Secondaire;Flag football;Flag football;Féminin;Lac-Saint-Louis;Collège Bourget 2;Collège Bourget;Rigaud;Benjamin;;Féminin;ff259dfc-0566-4057-99d6-44b2e8a5d71e;a2350c7e-b58f-48eb-841b-8d2249b50c05;InstitutionId RSEQ;;;6;6;base;Flag football B F EST Automne
oui;haute;Secondaire;Flag football;Flag football;Féminin;Lac-Saint-Louis;Collège Bourget 2;Collège Bourget;Rigaud;Cadet;;Féminin;1b11dc6f-a5e0-413f-b07e-4d9a9b387182;a2350c7e-b58f-48eb-841b-8d2249b50c05;InstitutionId RSEQ;;;6;6;base;Flag football C F EST Automne
oui;haute;Secondaire;Flag football;Flag football;Féminin;Lac-Saint-Louis;Collège Bourget 3;Collège Bourget;Rigaud;Benjamin;;Féminin;9fdc211a-821f-407c-ba8f-5c6ab0ad5af3;a2350c7e-b58f-48eb-841b-8d2249b50c05;InstitutionId RSEQ;;;6;6;base;Flag football B F EST Automne
oui;haute;Secondaire;Flag football;Flag football;Féminin;Lac-Saint-Louis;Collège Saint-Louis;Collège Saint-Louis;Montréal;Atome;;Féminin;c3219ce6-6ba7-42f2-8f2a-991946e57491;33b30605-17f9-4d92-ac05-561a2419ca28;InstitutionId RSEQ;;;6;6;base;Flag football A F Automne
oui;haute;Secondaire;Flag football;Flag football;Féminin;Lac-Saint-Louis;Collège Saint-Louis;Collège Saint-Louis;Montréal;Benjamin;;Féminin;36b399a5-fcd4-43ab-a1a0-6333be7a45db;33b30605-17f9-4d92-ac05-561a2419ca28;InstitutionId RSEQ;;;6;6;base;Flag football B F EST Automne
oui;haute;Secondaire;Flag football;Flag football;Féminin;Lac-Saint-Louis;Collège Saint-Louis;Collège Saint-Louis;Montréal;Cadet;;Féminin;4a9c6fe8-cdbf-4d86-a014-818bf0f29a4c;33b30605-17f9-4d92-ac05-561a2419ca28;InstitutionId RSEQ;;;6;6;base;Flag football C F EST Automne
oui;haute;Secondaire;Flag football;Flag football;Féminin;Lac-Saint-Louis;Collège Saint-Louis;Collège Saint-Louis;Montréal;Juvénile;;Féminin;09e49129-6915-4377-91e8-13083d5c761f;33b30605-17f9-4d92-ac05-561a2419ca28;InstitutionId RSEQ;;;6;6;base;Flag football J F EST Automne
oui;haute;Secondaire;Flag football;Flag football;Féminin;Lac-Saint-Louis;Collège Sainte-Anne;Collège Sainte-Anne;Montréal;Cadet;;Féminin;fbbc2d58-6a61-4926-bc72-fdf1a9e72810;3d98b714-fbdf-45ad-bb8f-ec24e3a824fd;InstitutionId RSEQ;;;6;6;base;Flag football C F EST Automne
oui;haute;Secondaire;Flag football;Flag football;Féminin;Lac-Saint-Louis;Collège Sainte-Anne;Collège Sainte-Anne;Montréal;Benjamin;;Féminin;e03595cf-cbdf-4147-9826-de52c2b7fd4f;3d98b714-fbdf-45ad-bb8f-ec24e3a824fd;InstitutionId RSEQ;;;6;6;base;Flag football B F OUEST Automne
oui;haute;Secondaire;Flag football;Flag football;Féminin;Lac-Saint-Louis;Collège Sainte-Anne 2;Collège Sainte-Anne;Montréal;Benjamin;;Féminin;e06f505f-7cc8-410f-a4e1-467e3d0ea551;3d98b714-fbdf-45ad-bb8f-ec24e3a824fd;InstitutionId RSEQ;;;6;6;base;Flag football B F EST Automne
oui;haute;Secondaire;Flag football;Flag football;Féminin;Lac-Saint-Louis;Dalbé-Viau;École Dalbé-Viau;Montréal;Cadet;;Féminin;659681d7-ec93-4fb8-a478-21aedd775d5b;d7c74852-89d5-4cfa-a767-852f085c9a31;InstitutionId RSEQ;;;6;6;base;Flag football C F EST Automne
oui;haute;Secondaire;Flag football;Flag football;Féminin;Lac-Saint-Louis;Dalbé-Viau;École Dalbé-Viau;Montréal;Benjamin;;Féminin;4f2203f0-1bed-4680-b179-70bb91f30036;d7c74852-89d5-4cfa-a767-852f085c9a31;InstitutionId RSEQ;;;6;6;base;Flag football B F OUEST Automne
oui;haute;Secondaire;Flag football;Flag football;Féminin;Lac-Saint-Louis;Dalbé-Viau;École Dalbé-Viau;Montréal;Juvénile;;Féminin;50f9a52b-0c57-4132-86ba-2ab5a89f319a;d7c74852-89d5-4cfa-a767-852f085c9a31;InstitutionId RSEQ;;;6;6;base;Flag football J F EST Automne
oui;haute;Secondaire;Flag football;Flag football;Féminin;Lac-Saint-Louis;Dalbé-Viau 2;École Dalbé-Viau;Montréal;Benjamin;;Féminin;61b44fd9-864e-49eb-be98-02bbd670b20a;d7c74852-89d5-4cfa-a767-852f085c9a31;InstitutionId RSEQ;;;6;6;base;Flag football B F EST Automne
oui;haute;Secondaire;Flag football;Flag football;Féminin;Lac-Saint-Louis;Des Échos;École secondaire des Échos;Vaudreuil-Dorion;Cadet;;Féminin;8ba84053-8959-46d0-a29e-277f32ae20dd;f8b2cb11-6df5-44a1-bed2-d18779ff8760;InstitutionId RSEQ;;;6;6;base;Flag football C F OUEST Automne
oui;haute;Secondaire;Flag football;Flag football;Féminin;Lac-Saint-Louis;Des Échos;École secondaire des Échos;Vaudreuil-Dorion;Juvénile;;Féminin;c018afbc-4793-4eda-8248-12ca0ddcb35b;f8b2cb11-6df5-44a1-bed2-d18779ff8760;InstitutionId RSEQ;;;5;5;base;Flag football J F OUEST Automne
oui;haute;Secondaire;Flag football;Flag football;Féminin;Lac-Saint-Louis;Des Sources;École des Sources;Dollard-des-Ormeaux;Juvénile;;Féminin;4c5daf3b-f5b8-4a9e-aa2c-818aa54150a2;b7ec8d16-b75e-42c7-b6b4-1915a28e227c;InstitutionId RSEQ;;;6;6;base;Flag football J F EST Automne
oui;haute;Secondaire;Flag football;Flag football;Féminin;Lac-Saint-Louis;Félix-Leclerc;École Félix-Leclerc;Pointe-Claire;Benjamin;;Féminin;af41e875-b2d9-4cdd-871b-933e7dca733b;7a7b806e-d10b-4ab8-b78d-593a39622dd8;InstitutionId RSEQ;;;6;6;base;Flag football B F EST Automne
oui;haute;Secondaire;Flag football;Flag football;Féminin;Lac-Saint-Louis;Félix-Leclerc;École Félix-Leclerc;Pointe-Claire;Juvénile;;Féminin;55fd361c-86be-4281-92b9-a079aeee6867;7a7b806e-d10b-4ab8-b78d-593a39622dd8;InstitutionId RSEQ;;;6;6;base;Flag football J F EST Automne
oui;haute;Secondaire;Flag football;Flag football;Féminin;Lac-Saint-Louis;Félix-Leclerc;École Félix-Leclerc;Pointe-Claire;Cadet;;Féminin;9f552f0d-b2e2-4285-916f-6d3c2c6955e6;7a7b806e-d10b-4ab8-b78d-593a39622dd8;InstitutionId RSEQ;;;6;6;base;Flag football C F EST Automne
oui;haute;Secondaire;Flag football;Flag football;Féminin;Lac-Saint-Louis;Mont-Bleu;École secondaire Mont-Bleu;Gatineau;Juvénile;;Féminin;2c75f44c-8c69-43a4-b0d8-90b2a33df42e;b13c9087-012c-41a1-b6bc-f00294d48302;InstitutionId RSEQ;;;5;5;base;Flag football J F OUEST Automne
oui;haute;Secondaire;Flag football;Flag football;Féminin;Lac-Saint-Louis;Navigateurs;École secondaire des Navigateurs;Saint-Zotique;Juvénile;;Féminin;f8f842e4-885a-407b-a6df-421cd27a440d;9b5be0c3-ebda-46a4-8043-b72c28c2d525;InstitutionId RSEQ;;;5;5;base;Flag football J F OUEST Automne
oui;haute;Secondaire;Flag football;Flag football;Féminin;Lac-Saint-Louis;Navigateurs;École secondaire des Navigateurs;Saint-Zotique;Cadet;;Féminin;c154dd42-4f10-44e7-8202-d7c40f81a0c2;9b5be0c3-ebda-46a4-8043-b72c28c2d525;InstitutionId RSEQ;;;6;6;base;Flag football C F OUEST Automne
oui;haute;Secondaire;Flag football;Flag football;Féminin;Lac-Saint-Louis;Navigateurs;École secondaire des Navigateurs;Saint-Zotique;Atome;;Féminin;4927c8d2-e1b8-4495-90f4-67867267be57;9b5be0c3-ebda-46a4-8043-b72c28c2d525;InstitutionId RSEQ;;;6;6;base;Flag football A F Automne
oui;haute;Secondaire;Flag football;Flag football;Féminin;Lac-Saint-Louis;PSNM;Pensionnat du Saint-Nom-de-Marie;Montréal;Cadet;;Féminin;6af4fff5-9af9-4708-986a-ccbc3bfa5f99;ea84458c-7d4f-4fd5-b267-c876eb027d09;InstitutionId RSEQ;;;6;6;base;Flag football C F OUEST Automne
oui;haute;Secondaire;Flag football;Flag football;Féminin;Lac-Saint-Louis;PSNM;Pensionnat du Saint-Nom-de-Marie;Montréal;Benjamin;;Féminin;94232157-d1fb-406e-95fc-5ffaa0e6a1cd;ea84458c-7d4f-4fd5-b267-c876eb027d09;InstitutionId RSEQ;;;6;6;base;Flag football B F OUEST Automne
oui;haute;Secondaire;Flag football;Flag football;Féminin;Lac-Saint-Louis;PSNM;Pensionnat du Saint-Nom-de-Marie;Montréal;Atome;;Féminin;0ffe2e61-5453-43bf-a5d5-36997025ff1c;ea84458c-7d4f-4fd5-b267-c876eb027d09;InstitutionId RSEQ;;;6;6;base;Flag football A F Automne
oui;haute;Secondaire;Flag football;Flag football;Féminin;Lac-Saint-Louis;PSNM;Pensionnat du Saint-Nom-de-Marie;Montréal;Juvénile;;Féminin;eb85ef9d-fa1d-4533-a667-cf16d2902376;ea84458c-7d4f-4fd5-b267-c876eb027d09;InstitutionId RSEQ;;;6;6;base;Flag football J F EST Automne
oui;haute;Secondaire;Flag football;Flag football;Féminin;Lac-Saint-Louis;PSNM 2;Pensionnat du Saint-Nom-de-Marie;Montréal;Cadet;;Féminin;339c2e79-c869-4bfd-b470-e16096d42f7f;ea84458c-7d4f-4fd5-b267-c876eb027d09;InstitutionId RSEQ;;;6;6;base;Flag football C F EST Automne
oui;haute;Secondaire;Flag football;Flag football;Féminin;Lac-Saint-Louis;PSNM 2;Pensionnat du Saint-Nom-de-Marie;Montréal;Atome;;Féminin;45226053-e1ec-4859-8d8c-fa51e217dff6;ea84458c-7d4f-4fd5-b267-c876eb027d09;InstitutionId RSEQ;;;6;6;base;Flag football A F Automne
oui;haute;Secondaire;Flag football;Flag football;Féminin;Lac-Saint-Louis;PSNM 2;Pensionnat du Saint-Nom-de-Marie;Montréal;Benjamin;;Féminin;429e5ce0-705c-4647-ba88-80a2ce066dd2;ea84458c-7d4f-4fd5-b267-c876eb027d09;InstitutionId RSEQ;;;6;6;base;Flag football B F EST Automne
oui;haute;Secondaire;Flag football;Flag football;Féminin;Lac-Saint-Louis;PSNM 3;Pensionnat du Saint-Nom-de-Marie;Montréal;Cadet;;Féminin;96b84c75-1db1-4ad7-bd34-0cff648b4f5f;ea84458c-7d4f-4fd5-b267-c876eb027d09;InstitutionId RSEQ;;;6;6;base;Flag football C F EST Automne
oui;haute;Secondaire;Flag football;Flag football;Féminin;Lac-Saint-Louis;Soulanges;École secondaire Soulanges;Saint-Polycarpe;Cadet;;Féminin;1e5c88f9-1c2e-4560-8a19-dc0cdac59554;fd0717d2-6853-46de-9ac4-7f201aa2b57c;InstitutionId RSEQ;;;6;6;base;Flag football C F OUEST Automne
oui;haute;Secondaire;Flag football;Flag football;Féminin;Lac-Saint-Louis;Soulanges;École secondaire Soulanges;Saint-Polycarpe;Benjamin;;Féminin;f0d8df64-063b-451c-83b4-50c76d9a048b;fd0717d2-6853-46de-9ac4-7f201aa2b57c;InstitutionId RSEQ;;;6;6;base;Flag football B F OUEST Automne
oui;haute;Secondaire;Flag football;Flag football;Féminin;Laurentides-Lanaudière;Académie Lafontaine;Académie Lafontaine;Saint-Jérôme;Juvénile;;Féminin;32311850-64e8-40b7-bd33-ae81ca8c0fe7;94bfa2ac-c7ac-4564-8703-422c3881729a;InstitutionId RSEQ;;;6;6;base;Flag football J F Compétitif Automne
oui;haute;Secondaire;Flag football;Flag football;Féminin;Laurentides-Lanaudière;Académie Lafontaine;Académie Lafontaine;Saint-Jérôme;Juvénile;D4;Féminin;8b4d3222-3487-457c-a70d-5d2666149538;94bfa2ac-c7ac-4564-8703-422c3881729a;InstitutionId RSEQ;;;6;6;base;Flag football J F D4 Niveau 2 Automne
oui;haute;Secondaire;Flag football;Flag football;Féminin;Laurentides-Lanaudière;Académie Lafontaine;Académie Lafontaine;Saint-Jérôme;Cadet;;Féminin;fd1c87d4-1af7-4b55-8768-5a7e325a0614;94bfa2ac-c7ac-4564-8703-422c3881729a;InstitutionId RSEQ;;;6;6;base;Flag football C F Compétitif (26 sept - 10 oct - 24 oct)
oui;haute;Secondaire;Flag football;Flag football;Masculin;Laurentides-Lanaudière;Académie Ste-Thérèse;Externat Sacré-Coeur;Rosemère;Cadet;;Masculin;e4132d5e-c3b8-47c2-996c-4aa31b97bfe8;22d72b1d-60a3-42c2-8f05-e10b0f4d963e;InstitutionId RSEQ;;;6;6;base;Flag football C M Compétitif (26 sept - 10 oct - 24 oct)
oui;haute;Secondaire;Flag football;Flag football;Féminin;Laurentides-Lanaudière;Académie Ste-Thérèse;Académie Ste-Thérèse;Sainte-Thérèse;Juvénile;;Féminin;bcec8657-f004-4a78-b9c1-4256b2646fd8;f965dd47-d107-4f2e-b1f6-fc43700b30ca;InstitutionId RSEQ;;;6;6;base;Flag football J F Compétitif Automne
oui;haute;Secondaire;Flag football;Flag football;Féminin;Laurentides-Lanaudière;Académie Ste-Thérèse;Académie Ste-Thérèse;Sainte-Thérèse;Cadet;D4;Féminin;d30b5fa1-d90d-41bb-82eb-2c2939ba58fd;f965dd47-d107-4f2e-b1f6-fc43700b30ca;InstitutionId RSEQ;;;6;6;base;Flag football C F D4 Niveau 2 (3 oct - 17 oct - 31 oct)
oui;haute;Secondaire;Flag football;Flag football;Masculin;Laurentides-Lanaudière;Académie Ste-Thérèse;Académie Ste-Thérèse;Sainte-Thérèse;Juvénile;;Masculin;f18889d2-5753-4dc2-9cad-27bf266e0d19;f965dd47-d107-4f2e-b1f6-fc43700b30ca;InstitutionId RSEQ;;;6;6;base;Flag football J M Compétitif Automne
oui;haute;Secondaire;Flag football;Flag football;Masculin;Laurentides-Lanaudière;Académie Ste-Thérèse;Académie Ste-Thérèse;Sainte-Thérèse;Benjamin;;Masculin;62245907-dddc-4231-b61a-74a8eef49100;f965dd47-d107-4f2e-b1f6-fc43700b30ca;InstitutionId RSEQ;;;6;6;base;Flag football B M Compétitif (27 sept - 11 oct - 25 oct)
oui;haute;Secondaire;Flag football;Flag football;Féminin;Laurentides-Lanaudière;Achigan;École secondaire de l'Achigan;Saint-Roch-de-l'Achigan;Juvénile;D4;Féminin;4127af5b-16b8-4b76-9c14-67b677efdc4b;695d57aa-9ea5-48d3-8159-6cb1136b1a11;InstitutionId RSEQ;;;6;6;base;Flag football J F D4 Niveau 2 Automne
oui;haute;Secondaire;Flag football;Flag football;Masculin;Laurentides-Lanaudière;Achigan;École secondaire de l'Achigan;Saint-Roch-de-l'Achigan;Cadet;;Masculin;acb9d6ba-2834-49af-9fd9-18c9680521f0;695d57aa-9ea5-48d3-8159-6cb1136b1a11;InstitutionId RSEQ;;;6;6;base;Flag football C M Compétitif (26 sept - 10 oct - 24 oct)
oui;haute;Secondaire;Flag football;Flag football;Masculin;Laurentides-Lanaudière;Achigan;École secondaire de l'Achigan;Saint-Roch-de-l'Achigan;Benjamin;;Masculin;004e77ef-8c8e-41b8-8631-26b7e1a357e0;695d57aa-9ea5-48d3-8159-6cb1136b1a11;InstitutionId RSEQ;;;6;6;base;Flag football B M Compétitif (27 sept - 11 oct - 25 oct)
oui;haute;Secondaire;Flag football;Flag football;Féminin;Laurentides-Lanaudière;Achigan;École secondaire de l'Achigan;Saint-Roch-de-l'Achigan;Benjamin;D4;Féminin;fb4ce7a3-8762-4a61-bd1a-e9681d0ef4c8;695d57aa-9ea5-48d3-8159-6cb1136b1a11;InstitutionId RSEQ;;;6;6;base;Flag football B F D4 Niveau 2 (4 oct- 18 oct - 1er nov)
oui;haute;Secondaire;Flag football;Flag football;Féminin;Laurentides-Lanaudière;Amitié;École secondaire de l'Amitié;L'Assomption;Benjamin;;Féminin;3d2a1142-a0a6-47d3-99bf-529539ffb50c;650ddac6-b43d-4403-8452-8d03fef699e7;InstitutionId RSEQ;;;6;6;base;Flag football B F Compétitif (4 oct- 18 oct - 1er nov)
oui;haute;Secondaire;Flag football;Flag football;Féminin;Laurentides-Lanaudière;Amitié;École secondaire de l'Amitié;L'Assomption;Juvénile;D4;Féminin;feef6c13-6920-4c03-ac44-fb027407f7b1;650ddac6-b43d-4403-8452-8d03fef699e7;InstitutionId RSEQ;;;6;6;base;Flag football J F D4 Niveau 2 Automne
oui;haute;Secondaire;Flag football;Flag football;Féminin;Laurentides-Lanaudière;Antoine-Manseau;Académie Antoine-Manseau;Joliette;Juvénile;;Féminin;4c09387a-3048-498b-9f64-1e0c3f0f3174;59ff9e48-65a4-40f7-a8da-793bc7da1e98;InstitutionId RSEQ;;;6;6;base;Flag football J F Compétitif Automne
oui;haute;Secondaire;Flag football;Flag football;Masculin;Laurentides-Lanaudière;Antoine-Manseau;Académie Antoine-Manseau;Joliette;Benjamin;;Masculin;f1a29c32-fe8e-4b60-b9a1-d50062cb20b2;59ff9e48-65a4-40f7-a8da-793bc7da1e98;InstitutionId RSEQ;;;6;6;base;Flag football B M Compétitif (27 sept - 11 oct - 25 oct)
oui;haute;Secondaire;Flag football;Flag football;Masculin;Laurentides-Lanaudière;Antoine-Manseau;Académie Antoine-Manseau;Joliette;Juvénile;;Masculin;3e40c37c-808b-4ac6-9498-28f7ab2c8799;59ff9e48-65a4-40f7-a8da-793bc7da1e98;InstitutionId RSEQ;;;6;6;base;Flag football J M Compétitif Automne
oui;haute;Secondaire;Flag football;Flag football;Féminin;Laurentides-Lanaudière;Antoine-Manseau;Académie Antoine-Manseau;Joliette;Cadet;;Féminin;4a4a4aab-c2e9-41f1-8782-e70346485693;59ff9e48-65a4-40f7-a8da-793bc7da1e98;InstitutionId RSEQ;;;6;6;base;Flag football C F Compétitif (26 sept - 10 oct - 24 oct)
oui;haute;Secondaire;Flag football;Flag football;Féminin;Laurentides-Lanaudière;Antoine-Manseau;Académie Antoine-Manseau;Joliette;Benjamin;;Féminin;b77319d2-61e8-4261-89ca-695bf4e6c011;59ff9e48-65a4-40f7-a8da-793bc7da1e98;InstitutionId RSEQ;;;6;6;base;Flag football B F Compétitif (4 oct- 18 oct - 1er nov)
oui;haute;Secondaire;Flag football;Flag football;Masculin;Laurentides-Lanaudière;Antoine-Manseau;Académie Antoine-Manseau;Joliette;Cadet;;Masculin;e56867c0-93c6-4367-a0b5-970185bbb9b4;59ff9e48-65a4-40f7-a8da-793bc7da1e98;InstitutionId RSEQ;;;6;6;base;Flag football C M Compétitif (26 sept - 10 oct - 24 oct)
oui;haute;Secondaire;Flag football;Flag football;Féminin;Laurentides-Lanaudière;Barthélemy-Joliette;École Barthélemy-Joliette;Joliette;Juvénile;;Féminin;d9885fbd-a2f9-4001-b1d4-b41ae9c1eecf;4f5a2756-d89d-44f7-9f68-127b348c4cf1;InstitutionId RSEQ;;;6;6;base;Flag football J F Compétitif Automne
oui;haute;Secondaire;Flag football;Flag football;Féminin;Laurentides-Lanaudière;Barthélemy-Joliette;École Barthélemy-Joliette;Joliette;Cadet;;Féminin;98193026-92e4-4ec0-91b6-7fab6e931bf7;4f5a2756-d89d-44f7-9f68-127b348c4cf1;InstitutionId RSEQ;;;6;6;base;Flag football C F Compétitif (26 sept - 10 oct - 24 oct)
oui;haute;Secondaire;Flag football;Flag football;Masculin;Laurentides-Lanaudière;Bermon;École secondaire Bermon;Saint-Gabriel-de-Brandon;Cadet;;Masculin;53ba9f40-5b08-4494-9e4e-337617d1a0c8;44acc028-f737-4dae-9c69-dc3aac83ddc5;InstitutionId RSEQ;;;6;6;base;Flag football C M Compétitif (26 sept - 10 oct - 24 oct)
oui;haute;Secondaire;Flag football;Flag football;Féminin;Laurentides-Lanaudière;Cap-Jeunesse;École secondaire Cap-Jeunesse;Saint-Jérôme;Juvénile;;Féminin;83b63e95-66ba-4543-9d7e-9d0677726630;9d4eb165-bf91-4195-8737-d98b069532f9;InstitutionId RSEQ;;;6;6;base;Flag football J F Compétitif Automne
oui;haute;Secondaire;Flag football;Flag football;Féminin;Laurentides-Lanaudière;Champagneur;Collège Champagneur;Rawdon;Cadet;;Féminin;cc174397-0b8d-4717-a6c2-d37dbd021ff0;bcfeadfb-81a4-4dd2-bc45-6b2d6294c116;InstitutionId RSEQ;;;6;6;base;Flag football C F Compétitif (26 sept - 10 oct - 24 oct)
oui;haute;Secondaire;Flag football;Flag football;Féminin;Laurentides-Lanaudière;Champagneur;Collège Champagneur;Rawdon;Benjamin;;Féminin;bf6f96d0-1dc6-463c-aeb3-5782e9df024b;bcfeadfb-81a4-4dd2-bc45-6b2d6294c116;InstitutionId RSEQ;;;6;6;base;Flag football B F Compétitif (4 oct- 18 oct - 1er nov)
oui;haute;Secondaire;Flag football;Flag football;Masculin;Laurentides-Lanaudière;Champagneur;Collège Champagneur;Rawdon;Benjamin;;Masculin;988bc900-4848-43a9-be59-1fd61450beea;bcfeadfb-81a4-4dd2-bc45-6b2d6294c116;InstitutionId RSEQ;;;6;6;base;Flag football B M Compétitif (27 sept - 11 oct - 25 oct)
oui;haute;Secondaire;Flag football;Flag football;Féminin;Laurentides-Lanaudière;Champagneur;Collège Champagneur;Rawdon;Juvénile;;Féminin;834acb63-6303-48cf-b869-0ceb66a75fe0;bcfeadfb-81a4-4dd2-bc45-6b2d6294c116;InstitutionId RSEQ;;;6;6;base;Flag football J F Compétitif Automne
oui;haute;Secondaire;Flag football;Flag football;Masculin;Laurentides-Lanaudière;Champagneur 2;Collège Champagneur;Rawdon;Benjamin;;Masculin;1f301c6f-4d0f-46e9-bfc6-663803fc09d5;bcfeadfb-81a4-4dd2-bc45-6b2d6294c116;InstitutionId RSEQ;;;6;6;base;Flag football B M Compétitif (27 sept - 11 oct - 25 oct)
oui;haute;Secondaire;Flag football;Flag football;Féminin;Laurentides-Lanaudière;Curé-Mercure;École secondaire Curé-Mercure;Mont-Tremblant;Juvénile;;Féminin;02311347-8607-43e1-92d8-35f65ace4fca;763438a7-7488-4fb7-ad2d-9fe2166ce944;InstitutionId RSEQ;;;6;6;base;Flag football J F Compétitif Automne
oui;haute;Secondaire;Flag football;Flag football;Féminin;Laurentides-Lanaudière;De la Rive;École secondaire de la Rive;Lavaltrie;Cadet;;Féminin;b35e6023-a8fe-4c98-94ec-47e9c21f51e0;0f64437e-e32d-44e8-b4d0-ca6b86740f96;InstitutionId RSEQ;;;6;6;base;Flag football C F Compétitif (26 sept - 10 oct - 24 oct)
oui;haute;Secondaire;Flag football;Flag football;Féminin;Laurentides-Lanaudière;De la Rive;École secondaire de la Rive;Lavaltrie;Juvénile;;Féminin;fbc2720d-0796-411e-9e92-448ce68b839b;0f64437e-e32d-44e8-b4d0-ca6b86740f96;InstitutionId RSEQ;;;6;6;base;Flag football J F Compétitif Automne
oui;haute;Secondaire;Flag football;Flag football;Féminin;Laurentides-Lanaudière;Des Chutes;École secondaire des Chutes;Rawdon;Benjamin;;Féminin;09d04895-d5fb-45b2-9535-8a87a6bcc0c9;f4eb23e3-a188-441d-afbf-502c854be6cd;InstitutionId RSEQ;;;6;6;base;Flag football B F Compétitif (4 oct- 18 oct - 1er nov)
oui;haute;Secondaire;Flag football;Flag football;Féminin;Laurentides-Lanaudière;Des Chutes;École secondaire des Chutes;Rawdon;Cadet;;Féminin;f467da60-d157-4b3f-bfb1-457f004e2863;f4eb23e3-a188-441d-afbf-502c854be6cd;InstitutionId RSEQ;;;6;6;base;Flag football C F Compétitif (3 oct - 17 oct - 31 oct)
oui;haute;Secondaire;Flag football;Flag football;Féminin;Laurentides-Lanaudière;Des Chutes;École secondaire des Chutes;Rawdon;Juvénile;;Féminin;441c2ff9-280e-43a2-92a7-9b4e1978efcf;f4eb23e3-a188-441d-afbf-502c854be6cd;InstitutionId RSEQ;;;6;6;base;Flag football J F Compétitif Automne
oui;haute;Secondaire;Flag football;Flag football;Masculin;Laurentides-Lanaudière;Des Chutes;École secondaire des Chutes;Rawdon;Juvénile;;Masculin;bc33dca6-9b30-4943-be99-9130e197a3d0;f4eb23e3-a188-441d-afbf-502c854be6cd;InstitutionId RSEQ;;;6;6;base;Flag football J M Compétitif Automne
oui;haute;Secondaire;Flag football;Flag football;Masculin;Laurentides-Lanaudière;Des Chutes;École secondaire des Chutes;Rawdon;Benjamin;;Masculin;e1ec4b70-cc49-4716-af74-93c71efff5c4;f4eb23e3-a188-441d-afbf-502c854be6cd;InstitutionId RSEQ;;;6;6;base;Flag football B M Compétitif (27 sept - 11 oct - 25 oct)
oui;haute;Secondaire;Flag football;Flag football;Féminin;Laurentides-Lanaudière;Des Hauts-Sommets;École secondaire des Hauts-Sommets;Saint-Jérôme;Juvénile;D4;Féminin;c8f6083d-7d31-4cab-93e7-11b8a614ad5b;21d9c1bf-ae24-49f9-a67e-54de37938d89;InstitutionId RSEQ;;;6;6;base;Flag football J F D4 Niveau 2 Automne
oui;haute;Secondaire;Flag football;Flag football;Masculin;Laurentides-Lanaudière;Des Patriotes;École secondaire des Patriotes;Saint-Eustache;Juvénile;;Masculin;da3b174d-fdb7-4851-b3c3-867f8eb4fdbb;fcb665a0-6206-4e57-bca6-48e7ecb705f4;InstitutionId RSEQ;;;6;6;base;Flag football J M Compétitif Automne
oui;haute;Secondaire;Flag football;Flag football;Féminin;Laurentides-Lanaudière;Des Patriotes;École secondaire des Patriotes;Saint-Eustache;Cadet;D4;Féminin;8874cb88-2685-413c-8891-8602b4fc263c;fcb665a0-6206-4e57-bca6-48e7ecb705f4;InstitutionId RSEQ;;;6;6;base;Flag football C F D4 Niveau 2 (3 oct - 17 oct - 31 oct)
oui;haute;Secondaire;Flag football;Flag football;Féminin;Laurentides-Lanaudière;Des Rives;École secondaire Des Rives;Terrebonne;Cadet;;Féminin;61416437-f2b6-42d8-a5c4-2535f75b2ecd;f215dbf0-d14a-4b92-96bd-2a65b2842a72;InstitutionId RSEQ;;;6;6;base;Flag football C F Compétitif (3 oct - 17 oct - 31 oct)
oui;haute;Secondaire;Flag football;Flag football;Féminin;Laurentides-Lanaudière;Du Havre;École secondaire du Havre;Terrebonne;Benjamin;D4;Féminin;b1f3eaef-a63c-4fe6-ad6a-3723c72a7ece;6ba02d40-2e9d-4fb0-9afc-d43974052363;InstitutionId RSEQ;;;6;6;base;Flag football B F D4 Niveau 2 (4 oct- 18 oct - 1er nov)
oui;haute;Secondaire;Flag football;Flag football;Féminin;Laurentides-Lanaudière;Du Havre;École secondaire du Havre;Terrebonne;Cadet;D4;Féminin;f4582880-d9bf-43f7-9aa5-85a4c40e0f2b;6ba02d40-2e9d-4fb0-9afc-d43974052363;InstitutionId RSEQ;;;6;6;base;Flag football C F D4 Niveau 2 (3 oct - 17 oct - 31 oct)
oui;haute;Secondaire;Flag football;Flag football;Féminin;Laurentides-Lanaudière;du Havre-Jeunesse;École secondaire du Havre-Jeunesse;Sainte-Julienne;Cadet;;Féminin;68040b42-275b-4bcd-8e7e-c801a4d84a84;0129c7e5-98f0-40c5-9ed1-0279ff291b68;InstitutionId RSEQ;;;6;6;base;Flag football C F Compétitif (3 oct - 17 oct - 31 oct)
oui;haute;Secondaire;Flag football;Flag football;Féminin;Laurentides-Lanaudière;du Havre-Jeunesse;École secondaire du Havre-Jeunesse;Sainte-Julienne;Juvénile;D4;Féminin;c4ef23d9-a439-4c3e-ad65-d103fd51247e;0129c7e5-98f0-40c5-9ed1-0279ff291b68;InstitutionId RSEQ;;;6;6;base;Flag football J F D4 Niveau 2 Automne
oui;haute;Secondaire;Flag football;Flag football;Féminin;Laurentides-Lanaudière;Esther-Blondin;Collège Esther-Blondin;Saint-Jacques;Cadet;;Féminin;f4db61b1-832a-4b51-b240-ee942d9339b8;d65fbc2b-221a-4b6d-a31d-305457c021f9;InstitutionId RSEQ;;;6;6;base;Flag football C F Compétitif (3 oct - 17 oct - 31 oct)
oui;haute;Secondaire;Flag football;Flag football;Féminin;Laurentides-Lanaudière;Esther-Blondin;Collège Esther-Blondin;Saint-Jacques;Cadet;;Féminin;a15cf913-a994-4d12-9d37-816d97173986;d65fbc2b-221a-4b6d-a31d-305457c021f9;InstitutionId RSEQ;;;6;6;base;Flag football C F Compétitif (26 sept - 10 oct - 24 oct)
oui;haute;Secondaire;Flag football;Flag football;Féminin;Laurentides-Lanaudière;Esther-Blondin;Collège Esther-Blondin;Saint-Jacques;Juvénile;;Féminin;2c7b7dcf-9fa3-4e8e-8221-15c05eebdd38;d65fbc2b-221a-4b6d-a31d-305457c021f9;InstitutionId RSEQ;;;6;6;base;Flag football J F Compétitif Automne
oui;haute;Secondaire;Flag football;Flag football;Féminin;Laurentides-Lanaudière;Esther-Blondin;Collège Esther-Blondin;Saint-Jacques;Benjamin;;Féminin;044abaa0-134c-4d75-9f1e-52f23e98cd04;d65fbc2b-221a-4b6d-a31d-305457c021f9;InstitutionId RSEQ;;;6;6;base;Flag football B F Compétitif (4 oct- 18 oct - 1er nov)
oui;haute;Secondaire;Flag football;Flag football;Féminin;Laurentides-Lanaudière;Externat Sacré-Coeur;Externat Sacré-Coeur;Rosemère;Cadet;;Féminin;f6cb1626-fbe6-4bac-ae66-85d807dd87dd;22d72b1d-60a3-42c2-8f05-e10b0f4d963e;InstitutionId RSEQ;;;6;6;base;Flag football C F Compétitif (26 sept - 10 oct - 24 oct)
oui;haute;Secondaire;Flag football;Flag football;Féminin;Laurentides-Lanaudière;Externat Sacré-Coeur;Externat Sacré-Coeur;Rosemère;Cadet;;Féminin;6814b0d1-b863-43aa-8f58-48ae9d6b5e1c;22d72b1d-60a3-42c2-8f05-e10b0f4d963e;InstitutionId RSEQ;;;6;6;base;Flag football C F Compétitif (3 oct - 17 oct - 31 oct)
oui;haute;Secondaire;Flag football;Flag football;Féminin;Laurentides-Lanaudière;Externat Sacré-Coeur;Externat Sacré-Coeur;Rosemère;Benjamin;;Féminin;eb106004-e44b-4962-a380-bcd6952cca4c;22d72b1d-60a3-42c2-8f05-e10b0f4d963e;InstitutionId RSEQ;;;6;6;base;Flag football B F Compétitif (27 sept - 11 oct - 25 oct)
oui;haute;Secondaire;Flag football;Flag football;Masculin;Laurentides-Lanaudière;Externat Sacré-Coeur;Externat Sacré-Coeur;Rosemère;Benjamin;;Masculin;f1798f29-e10c-4912-a125-9d0f71e6ec69;22d72b1d-60a3-42c2-8f05-e10b0f4d963e;InstitutionId RSEQ;;;6;6;base;Flag football B M Compétitif (27 sept - 11 oct - 25 oct)
oui;haute;Secondaire;Flag football;Flag football;Masculin;Laurentides-Lanaudière;Externat Sacré-Coeur;Académie Ste-Thérèse;Sainte-Thérèse;Cadet;;Masculin;ebb36773-ee8a-4e01-98c1-16c5d763ad07;f965dd47-d107-4f2e-b1f6-fc43700b30ca;InstitutionId RSEQ;;;6;6;base;Flag football C M Compétitif (26 sept - 10 oct - 24 oct)
oui;haute;Secondaire;Flag football;Flag football;Féminin;Laurentides-Lanaudière;Externat Sacré-Coeur;Externat Sacré-Coeur;Rosemère;Juvénile;;Féminin;e124a4fa-f8c0-44b1-82cd-44343b7c20b0;22d72b1d-60a3-42c2-8f05-e10b0f4d963e;InstitutionId RSEQ;;;6;6;base;Flag football J F Compétitif Automne
oui;haute;Secondaire;Flag football;Flag football;Féminin;Laurentides-Lanaudière;Externat Sacré-Coeur 2;Externat Sacré-Coeur;Rosemère;Cadet;;Féminin;433559ce-8ab9-43ca-bf8c-25cf980e52e5;22d72b1d-60a3-42c2-8f05-e10b0f4d963e;InstitutionId RSEQ;;;6;6;base;Flag football C F Compétitif (26 sept - 10 oct - 24 oct)
oui;haute;Secondaire;Flag football;Flag football;Masculin;Laurentides-Lanaudière;Félix-Leclerc;École secondaire Félix-Leclerc;Repentigny;Cadet;;Masculin;a17694c4-342c-4bf6-970e-9ef824d3f733;61f47ab5-0b59-4983-8885-e0a8eada1663;InstitutionId RSEQ;;;6;6;base;Flag football C M Compétitif (26 sept - 10 oct - 24 oct)
oui;haute;Secondaire;Flag football;Flag football;Masculin;Laurentides-Lanaudière;Félix-Leclerc;Collège Champagneur;Rawdon;Cadet;;Masculin;89db9683-11c4-43d0-ae1d-187543744c75;bcfeadfb-81a4-4dd2-bc45-6b2d6294c116;InstitutionId RSEQ;;;6;6;base;Flag football C M Compétitif (26 sept - 10 oct - 24 oct)
oui;haute;Secondaire;Flag football;Flag football;Féminin;Laurentides-Lanaudière;Félix-Leclerc;École secondaire Félix-Leclerc;Repentigny;Benjamin;;Féminin;4067bf93-272b-4b1b-9122-80be2c97b350;61f47ab5-0b59-4983-8885-e0a8eada1663;InstitutionId RSEQ;;;6;6;base;Flag football B F Compétitif (4 oct- 18 oct - 1er nov)
oui;haute;Secondaire;Flag football;Flag football;Féminin;Laurentides-Lanaudière;Félix-Leclerc;École secondaire Félix-Leclerc;Repentigny;Cadet;;Féminin;39a50de6-cb90-45f8-9b6b-89b4d50768aa;61f47ab5-0b59-4983-8885-e0a8eada1663;InstitutionId RSEQ;;;6;6;base;Flag football C F Compétitif (3 oct - 17 oct - 31 oct)
oui;haute;Secondaire;Flag football;Flag football;Féminin;Laurentides-Lanaudière;Félix-Leclerc;École secondaire Félix-Leclerc;Repentigny;Juvénile;;Féminin;89a85c87-a151-494a-b88a-4231c8cdcb70;61f47ab5-0b59-4983-8885-e0a8eada1663;InstitutionId RSEQ;;;6;6;base;Flag football J F Compétitif Automne
oui;haute;Secondaire;Flag football;Flag football;Féminin;Laurentides-Lanaudière;Horizon;École secondaire l'Horizon;Repentigny;Cadet;D4;Féminin;159d6ea8-deb1-4442-97a9-6f6ce6dfb3d4;ae25a9e2-948d-4522-816b-b4dad0e08072;InstitutionId RSEQ;;;6;6;base;Flag football C F D4 Niveau 2 (3 oct - 17 oct - 31 oct)
oui;haute;Secondaire;Flag football;Flag football;Féminin;Laurentides-Lanaudière;Jean-Baptiste-Meilleur;École secondaire Jean-Baptiste-Meilleur;Repentigny;Benjamin;;Féminin;83814702-843a-4b46-a1d5-555f12a8607e;b961d680-4177-4345-9b8a-3feb0cdb813a;InstitutionId RSEQ;;;6;6;base;Flag football B F Compétitif (4 oct- 18 oct - 1er nov)
oui;haute;Secondaire;Flag football;Flag football;Masculin;Laurentides-Lanaudière;Jean-Baptiste-Meilleur;École secondaire Jean-Baptiste-Meilleur;Repentigny;Benjamin;;Masculin;c84a6e5b-b63c-45ae-ab30-13060940a2a6;b961d680-4177-4345-9b8a-3feb0cdb813a;InstitutionId RSEQ;;;6;6;base;Flag football B M Compétitif (27 sept - 11 oct - 25 oct)
oui;haute;Secondaire;Flag football;Flag football;Féminin;Laurentides-Lanaudière;Jean-Baptiste-Meilleur;École secondaire Jean-Baptiste-Meilleur;Repentigny;Cadet;;Féminin;107ad433-22a6-48fd-a589-7b3e65397c0f;b961d680-4177-4345-9b8a-3feb0cdb813a;InstitutionId RSEQ;;;6;6;base;Flag football C F Compétitif (3 oct - 17 oct - 31 oct)
oui;haute;Secondaire;Flag football;Flag football;Masculin;Laurentides-Lanaudière;Jean-Baptiste-Meilleur;École secondaire Jean-Baptiste-Meilleur;Repentigny;Juvénile;;Masculin;c5fb96c1-fb52-467f-9510-b167922f9d76;b961d680-4177-4345-9b8a-3feb0cdb813a;InstitutionId RSEQ;;;6;6;base;Flag football J M Compétitif Automne
oui;haute;Secondaire;Flag football;Flag football;Féminin;Laurentides-Lanaudière;L'Assomption;Collège de l'Assomption;L'Assomption;Cadet;D4;Féminin;89614afb-51af-476f-bbe0-f1ddecd041ff;64d62dd8-0a96-4f23-9ee7-b6fdc735fcde;InstitutionId RSEQ;;;6;6;base;Flag football C F D4 Niveau 2 (3 oct - 17 oct - 31 oct)
oui;haute;Secondaire;Flag football;Flag football;Féminin;Laurentides-Lanaudière;L'Assomption;Collège de l'Assomption;L'Assomption;Cadet;;Féminin;009feb05-2276-46e7-a7b4-48446f6dac51;64d62dd8-0a96-4f23-9ee7-b6fdc735fcde;InstitutionId RSEQ;;;6;6;base;Flag football C F Compétitif (26 sept - 10 oct - 24 oct)
oui;haute;Secondaire;Flag football;Flag football;Féminin;Laurentides-Lanaudière;L'Assomption;Collège de l'Assomption;L'Assomption;Juvénile;D4;Féminin;b3dc51da-e9d6-4d3c-b00b-68cc66a86f3b;64d62dd8-0a96-4f23-9ee7-b6fdc735fcde;InstitutionId RSEQ;;;6;6;base;Flag football J F D4 Niveau 2 Automne
oui;haute;Secondaire;Flag football;Flag football;Féminin;Laurentides-Lanaudière;L'Assomption;Collège de l'Assomption;L'Assomption;Juvénile;;Féminin;33800970-4fca-467c-9974-7d49231a5f3b;64d62dd8-0a96-4f23-9ee7-b6fdc735fcde;InstitutionId RSEQ;;;6;6;base;Flag football J F Compétitif Automne
oui;haute;Secondaire;Flag football;Flag football;Féminin;Laurentides-Lanaudière;L'Assomption;Collège de l'Assomption;L'Assomption;Benjamin;;Féminin;c8a9c909-3e46-47e5-8e35-4054f6f7453c;64d62dd8-0a96-4f23-9ee7-b6fdc735fcde;InstitutionId RSEQ;;;6;6;base;Flag football B F Compétitif (27 sept - 11 oct - 25 oct)
oui;haute;Secondaire;Flag football;Flag football;Masculin;Laurentides-Lanaudière;Lake Of Two-Mountains High School;École secondaire Lake of Two Mountains;Deux-Montagnes;Cadet;;Masculin;4b95f5cc-13c6-4eb2-96f4-c3523e150e1c;88dc052c-f9a5-427d-a422-e482164a5530;InstitutionId RSEQ;;;6;6;base;Flag football C M Compétitif (26 sept - 10 oct - 24 oct)
oui;haute;Secondaire;Flag football;Flag football;Féminin;Laurentides-Lanaudière;Lake Of Two-Mountains High School;École secondaire Lake of Two Mountains;Deux-Montagnes;Cadet;D4;Féminin;30d42772-1d28-414c-bdf7-22d269b93773;88dc052c-f9a5-427d-a422-e482164a5530;InstitutionId RSEQ;;;6;6;base;Flag football C F D4 Niveau 2 (3 oct - 17 oct - 31 oct)
oui;haute;Secondaire;Flag football;Flag football;Masculin;Laurentides-Lanaudière;Laurentian Regional;École secondaire régionale Laurentian;Lachute;Cadet;;Masculin;61afb1bb-9027-44d3-b531-3191efc132e3;aae16820-bb6f-4f6b-83df-c32f86bbcc26;InstitutionId RSEQ;;;6;6;base;Flag football C M Compétitif (26 sept - 10 oct - 24 oct)
oui;haute;Secondaire;Flag football;Flag football;Féminin;Laurentides-Lanaudière;Laurentian Regional;École secondaire régionale Laurentian;Lachute;Juvénile;;Féminin;e9dbf867-8d2f-4cfd-a20a-1f0cd9b0cbfd;aae16820-bb6f-4f6b-83df-c32f86bbcc26;InstitutionId RSEQ;;;6;6;base;Flag football J F Compétitif Automne
oui;haute;Secondaire;Flag football;Flag football;Féminin;Laurentides-Lanaudière;Laurentian Regional;École secondaire régionale Laurentian;Lachute;Cadet;;Féminin;34657f5e-8927-436b-8fd0-272390e89ebe;aae16820-bb6f-4f6b-83df-c32f86bbcc26;InstitutionId RSEQ;;;6;6;base;Flag football C F Compétitif (3 oct - 17 oct - 31 oct)
oui;haute;Secondaire;Flag football;Flag football;Masculin;Laurentides-Lanaudière;Laurentian Regional;École secondaire régionale Laurentian;Lachute;Juvénile;;Masculin;cfca4960-493c-45e5-890c-cf339b805f64;aae16820-bb6f-4f6b-83df-c32f86bbcc26;InstitutionId RSEQ;;;6;6;base;Flag football J M Compétitif Automne
oui;haute;Secondaire;Flag football;Flag football;Féminin;Laurentides-Lanaudière;Laurentian Regional;École secondaire régionale Laurentian;Lachute;Benjamin;;Féminin;655b1c86-0a63-472c-a383-688bfa87ffd6;aae16820-bb6f-4f6b-83df-c32f86bbcc26;InstitutionId RSEQ;;;6;6;base;Flag football B F Compétitif (27 sept - 11 oct - 25 oct)
oui;haute;Secondaire;Flag football;Flag football;Féminin;Laurentides-Lanaudière;Lavigne;École polyvalente Lavigne;Lachute;Cadet;;Féminin;b6f890e9-9dec-49d0-994b-dba54dc4e2e4;4b54c555-6d15-4662-8fb7-c9496121c00e;InstitutionId RSEQ;;;6;6;base;Flag football C F Compétitif (3 oct - 17 oct - 31 oct)
oui;haute;Secondaire;Flag football;Flag football;Féminin;Laurentides-Lanaudière;Lavigne;École polyvalente Lavigne;Lachute;Juvénile;;Féminin;8445de9e-c35e-4100-ae79-744b2c62cacf;4b54c555-6d15-4662-8fb7-c9496121c00e;InstitutionId RSEQ;;;6;6;base;Flag football J F Compétitif Automne
oui;haute;Secondaire;Flag football;Flag football;Féminin;Laurentides-Lanaudière;Lavigne;École polyvalente Lavigne;Lachute;Benjamin;;Féminin;5652abe3-6d02-456f-8e8f-b967b9335840;4b54c555-6d15-4662-8fb7-c9496121c00e;InstitutionId RSEQ;;;6;6;base;Flag football B F Compétitif (4 oct- 18 oct - 1er nov)
oui;haute;Secondaire;Flag football;Flag football;Féminin;Laurentides-Lanaudière;Lucille-Teasdale;École secondaire Lucille-Teasdale;Blainville;Cadet;D4;Féminin;840ccb8b-e711-4784-b27d-b99497cfc7a8;c2097a71-4a8a-4e3b-b373-9c280d7b2661;InstitutionId RSEQ;;;6;6;base;Flag football C F D4 Niveau 2 (3 oct - 17 oct - 31 oct)
oui;haute;Secondaire;Flag football;Flag football;Féminin;Laurentides-Lanaudière;Lucille-Teasdale;École secondaire Lucille-Teasdale;Blainville;Juvénile;;Féminin;bf952a99-b229-474a-aa97-4f68ca73e0c8;c2097a71-4a8a-4e3b-b373-9c280d7b2661;InstitutionId RSEQ;;;6;6;base;Flag football J F Compétitif Automne
oui;haute;Secondaire;Flag football;Flag football;Masculin;Laurentides-Lanaudière;Lucille-Teasdale;École secondaire Lucille-Teasdale;Blainville;Cadet;;Masculin;4f60a45c-3496-4df2-b9af-32ae00441664;c2097a71-4a8a-4e3b-b373-9c280d7b2661;InstitutionId RSEQ;;;6;6;base;Flag football C M Compétitif (26 sept - 10 oct - 24 oct)
oui;haute;Secondaire;Flag football;Flag football;Féminin;Laurentides-Lanaudière;Maréchal;École secondaire du Maréchal;Mirabel;Juvénile;D4;Féminin;eb5e0c36-3de8-4f18-a7a2-9ccac2e8e840;b26bc8aa-f24c-466d-a226-dff890d6d99f;InstitutionId RSEQ;;;6;6;base;Flag football J F D4 Niveau 2 Automne
oui;haute;Secondaire;Flag football;Flag football;Féminin;Laurentides-Lanaudière;Maréchal;École secondaire du Maréchal;Mirabel;Benjamin;;Féminin;5fbea519-ef6e-4cee-9538-b77f43b7acfe;b26bc8aa-f24c-466d-a226-dff890d6d99f;InstitutionId RSEQ;;;6;6;base;Flag football B F Compétitif (27 sept - 11 oct - 25 oct)
oui;haute;Secondaire;Flag football;Flag football;Féminin;Laurentides-Lanaudière;Maréchal;École secondaire du Maréchal;Mirabel;Benjamin;;Féminin;fef77532-123d-4ebd-b1f4-02b61e78ca7b;b26bc8aa-f24c-466d-a226-dff890d6d99f;InstitutionId RSEQ;;;6;6;base;Flag football B F Compétitif (4 oct- 18 oct - 1er nov)
oui;haute;Secondaire;Flag football;Flag football;Féminin;Laurentides-Lanaudière;Maréchal;École secondaire du Maréchal;Mirabel;Cadet;;Féminin;ef293a71-839f-4b66-b38b-a3aeef319049;b26bc8aa-f24c-466d-a226-dff890d6d99f;InstitutionId RSEQ;;;6;6;base;Flag football C F Compétitif (3 oct - 17 oct - 31 oct)
oui;haute;Secondaire;Flag football;Flag football;Féminin;Laurentides-Lanaudière;Oka;École secondaire d'Oka;Oka;Cadet;D4;Féminin;841151b9-b25f-46b4-a85b-589c79cc6630;e17b4b2b-b148-4db6-8871-6224981efb39;InstitutionId RSEQ;;;6;6;base;Flag football C F D4 Niveau 2 (3 oct - 17 oct - 31 oct)
oui;haute;Secondaire;Flag football;Flag football;Féminin;Laurentides-Lanaudière;Paul-Arseneau;École secondaire Paul-Arseneau;L'Assomption;Benjamin;;Féminin;0157e6dd-b5f7-4819-a8cf-81f11c33b59a;f04256c9-36e1-4bc6-a6d2-764fe3f2d7f1;InstitutionId RSEQ;;;6;6;base;Flag football B F Compétitif (27 sept - 11 oct - 25 oct)
oui;haute;Secondaire;Flag football;Flag football;Masculin;Laurentides-Lanaudière;Paul-Arseneau;École secondaire Paul-Arseneau;L'Assomption;Juvénile;;Masculin;a1ed55c3-0e71-4e4e-bee8-a87517306a8b;f04256c9-36e1-4bc6-a6d2-764fe3f2d7f1;InstitutionId RSEQ;;;6;6;base;Flag football J M Compétitif Automne
oui;haute;Secondaire;Flag football;Flag football;Féminin;Laurentides-Lanaudière;Paul-Arseneau;École secondaire Paul-Arseneau;L'Assomption;Cadet;;Féminin;4debe46c-0fe8-4449-afd5-cf47ae33f70c;f04256c9-36e1-4bc6-a6d2-764fe3f2d7f1;InstitutionId RSEQ;;;6;6;base;Flag football C F Compétitif (3 oct - 17 oct - 31 oct)
oui;haute;Secondaire;Flag football;Flag football;Féminin;Laurentides-Lanaudière;Paul-Arseneau;École secondaire Paul-Arseneau;L'Assomption;Juvénile;;Féminin;2a8fdba4-3102-497d-9baa-8e5cd6e6f2f6;f04256c9-36e1-4bc6-a6d2-764fe3f2d7f1;InstitutionId RSEQ;;;6;6;base;Flag football J F Compétitif Automne
oui;haute;Secondaire;Flag football;Flag football;Féminin;Laurentides-Lanaudière;Paul-Arseneau;École secondaire Paul-Arseneau;L'Assomption;Benjamin;D4;Féminin;9ec72b84-e8c5-42eb-829d-e76638745dc4;f04256c9-36e1-4bc6-a6d2-764fe3f2d7f1;InstitutionId RSEQ;;;6;6;base;Flag football B F D4 Niveau 2 (4 oct- 18 oct - 1er nov)
oui;haute;Secondaire;Flag football;Flag football;Masculin;Laurentides-Lanaudière;Paul-Arseneau;École secondaire Paul-Arseneau;L'Assomption;Benjamin;;Masculin;47a4ecd8-a499-4319-a0f0-936e4a4f5303;f04256c9-36e1-4bc6-a6d2-764fe3f2d7f1;InstitutionId RSEQ;;;6;6;base;Flag football B M Compétitif (27 sept - 11 oct - 25 oct)
oui;haute;Secondaire;Flag football;Flag football;Féminin;Laurentides-Lanaudière;Paul-Arseneau2;École secondaire Paul-Arseneau;L'Assomption;Cadet;;Féminin;2e17d4cf-0463-4bda-aa91-e8c8125a7733;f04256c9-36e1-4bc6-a6d2-764fe3f2d7f1;InstitutionId RSEQ;;;6;6;base;Flag football C F Compétitif (3 oct - 17 oct - 31 oct)
oui;haute;Secondaire;Flag football;Flag football;Féminin;Laurentides-Lanaudière;Pierre-de-Lestage;École secondaire Pierre-de-Lestage;Berthierville;Cadet;D4;Féminin;a7b3073b-9f1b-436e-a558-a94fffc8f598;3d500bb8-04b4-42cc-882c-a2498ca3adef;InstitutionId RSEQ;;;6;6;base;Flag football C F D4 Niveau 2 (3 oct - 17 oct - 31 oct)
oui;haute;Secondaire;Flag football;Flag football;Masculin;Laurentides-Lanaudière;Prélude;École secondaire Le Prélude;Mascouche;Benjamin;;Masculin;06b74a17-a1ee-49ad-96b8-7bdd89b72e68;243b5e0c-7da1-4148-ae6e-11bc993c2b34;InstitutionId RSEQ;;;6;6;base;Flag football B M Compétitif (27 sept - 11 oct - 25 oct)
oui;haute;Secondaire;Flag football;Flag football;Féminin;Laurentides-Lanaudière;Rive-Nord;École secondaire Rive-Nord;Bois-des-Filion;Cadet;D4;Féminin;45304838-d9b4-4880-b5b2-f8ab7e121a98;56cb9168-faf5-420e-8fdc-829c55e9f3a7;InstitutionId RSEQ;;;6;6;base;Flag football C F D4 Niveau 2 (3 oct - 17 oct - 31 oct)
oui;haute;Secondaire;Flag football;Flag football;Masculin;Laurentides-Lanaudière;Rive-Nord;École secondaire Rive-Nord;Bois-des-Filion;Juvénile;;Masculin;150e4a8c-f1fc-492a-8def-9c8a6b0b5a60;56cb9168-faf5-420e-8fdc-829c55e9f3a7;InstitutionId RSEQ;;;6;6;base;Flag football J M Compétitif Automne
oui;haute;Secondaire;Flag football;Flag football;Féminin;Laurentides-Lanaudière;Rive-Nord;École secondaire Rive-Nord;Bois-des-Filion;Juvénile;D4;Féminin;a2162dfd-8922-45f0-848b-4fec22a0a404;56cb9168-faf5-420e-8fdc-829c55e9f3a7;InstitutionId RSEQ;;;6;6;base;Flag football J F D4 Niveau 2 Automne
oui;haute;Secondaire;Flag football;Flag football;Féminin;Laurentides-Lanaudière;Rosemere High;École secondaire de Rosemère;Rosemère;Juvénile;D4;Féminin;5ef3b2ee-c335-4365-a804-efb00568c031;820e782a-b66f-4999-90f6-ec507418814f;InstitutionId RSEQ;;;6;6;base;Flag football J F D4 Niveau 2 Automne
oui;haute;Secondaire;Flag football;Flag football;Féminin;Laurentides-Lanaudière;Rosemere High;École secondaire de Rosemère;Rosemère;Benjamin;;Féminin;4460ca30-1422-499d-af4a-4aa55ff0b7e6;820e782a-b66f-4999-90f6-ec507418814f;InstitutionId RSEQ;;;6;6;base;Flag football B F Compétitif (4 oct- 18 oct - 1er nov)
oui;haute;Secondaire;Flag football;Flag football;Masculin;Laurentides-Lanaudière;Rosemere High;École secondaire de Rosemère;Rosemère;Benjamin;;Masculin;ca3c4edc-de67-4954-be27-90e4f68ca4b7;820e782a-b66f-4999-90f6-ec507418814f;InstitutionId RSEQ;;;6;6;base;Flag football B M Compétitif (27 sept - 11 oct - 25 oct)
oui;haute;Secondaire;Flag football;Flag football;Masculin;Laurentides-Lanaudière;Rosemere High;École secondaire de Rosemère;Rosemère;Juvénile;;Masculin;e6550af1-35d5-4421-a88e-1d2ce22979db;820e782a-b66f-4999-90f6-ec507418814f;InstitutionId RSEQ;;;6;6;base;Flag football J M Compétitif Automne
oui;haute;Secondaire;Flag football;Flag football;Féminin;Laurentides-Lanaudière;Saint-Jérôme;École polyvalente Saint-Jérôme;Saint-Jérôme;Juvénile;D4;Féminin;d4339535-7c29-40b7-b955-a7841ef31ab9;4f2e7be8-cece-4405-a103-7ca37ffddc40;InstitutionId RSEQ;;;6;6;base;Flag football J F D4 Niveau 2 Automne
oui;haute;Secondaire;Flag football;Flag football;Féminin;Laurentides-Lanaudière;Saint-Sacrement;Collège Saint-Sacrement;Terrebonne;Benjamin;;Féminin;b530f720-6a94-4908-a699-9f7dc82cea2f;eb93d173-d9a7-4631-a494-b1dc467342ec;InstitutionId RSEQ;;;6;6;base;Flag football B F Compétitif (27 sept - 11 oct - 25 oct)
oui;haute;Secondaire;Flag football;Flag football;Féminin;Laurentides-Lanaudière;Saint-Sacrement;Collège Saint-Sacrement;Terrebonne;Cadet;;Féminin;f49ff782-77d1-46d5-814d-887510fe47c7;eb93d173-d9a7-4631-a494-b1dc467342ec;InstitutionId RSEQ;;786a4865-5e74-4133-a011-4c3e0b32dc1c: 1 (9fa1fc6c);6;6;base;Flag football C F Compétitif (26 sept - 10 oct - 24 oct)
oui;haute;Secondaire;Flag football;Flag football;Féminin;Laurentides-Lanaudière;Saint-Sacrement;Collège Saint-Sacrement;Terrebonne;Benjamin;D4;Féminin;b283e655-f962-460b-9a3f-ece095408d60;eb93d173-d9a7-4631-a494-b1dc467342ec;InstitutionId RSEQ;;;6;6;base;Flag football B F D4 Niveau 2 (4 oct- 18 oct - 1er nov)
oui;haute;Secondaire;Flag football;Flag football;Féminin;Laurentides-Lanaudière;Saint-Sacrement 1;Collège Saint-Sacrement;Terrebonne;Juvénile;;Féminin;360033d2-14c0-4e47-a23a-3b90f171ef67;eb93d173-d9a7-4631-a494-b1dc467342ec;InstitutionId RSEQ;;;6;6;base;Flag football J F Compétitif Automne
oui;haute;Secondaire;Flag football;Flag football;Féminin;Laurentides-Lanaudière;Saint-Sacrement 2;Collège Saint-Sacrement;Terrebonne;Cadet;;Féminin;35ff1555-900d-4d9a-a6ab-b1238b9e12b0;eb93d173-d9a7-4631-a494-b1dc467342ec;InstitutionId RSEQ;;786a4865-5e74-4133-a011-4c3e0b32dc1c: 1 (9fa1fc6c);6;6;base;Flag football C F Compétitif (26 sept - 10 oct - 24 oct)
oui;haute;Secondaire;Flag football;Flag football;Féminin;Laurentides-Lanaudière;Saint-Sacrement 2;Collège Saint-Sacrement;Terrebonne;Juvénile;;Féminin;20318f95-43ea-482d-9982-2c85987d9e5a;eb93d173-d9a7-4631-a494-b1dc467342ec;InstitutionId RSEQ;;;6;6;base;Flag football J F Compétitif Automne
oui;haute;Secondaire;Flag football;Flag football;Féminin;Laurentides-Lanaudière;Saint-Sacrement 2;Collège Saint-Sacrement;Terrebonne;Benjamin;;Féminin;847f434e-9797-4d94-838c-c02562a569c9;eb93d173-d9a7-4631-a494-b1dc467342ec;InstitutionId RSEQ;;;6;6;base;Flag football B F Compétitif (4 oct- 18 oct - 1er nov)
oui;haute;Secondaire;Flag football;Flag football;Féminin;Laurentides-Lanaudière;Thérèse-Martin;École secondaire Thérèse-Martin;Joliette;Juvénile;;Féminin;e26019d4-9a72-4a04-a25b-689682eb083b;0c6da500-9a8e-44cc-9e8e-485ee4460b09;InstitutionId RSEQ;;;6;6;base;Flag football J F Compétitif Automne
oui;haute;Secondaire;Flag football;Flag football;Féminin;Laurentides-Lanaudière;Thérèse-Martin;École secondaire Thérèse-Martin;Joliette;Benjamin;;Féminin;37db3b29-e0ee-49b8-9386-16451aaffa1b;0c6da500-9a8e-44cc-9e8e-485ee4460b09;InstitutionId RSEQ;;;6;6;base;Flag football B F Compétitif (27 sept - 11 oct - 25 oct)
oui;haute;Secondaire;Flag football;Flag football;Féminin;Laurentides-Lanaudière;Thérèse-Martin 2;École secondaire Thérèse-Martin;Joliette;Juvénile;;Féminin;de8407c1-8c2d-494e-995a-b5d5fd3c39eb;0c6da500-9a8e-44cc-9e8e-485ee4460b09;InstitutionId RSEQ;;;6;6;base;Flag football J F Compétitif Automne
oui;haute;Secondaire;Flag football;Flag football;Féminin;Laval;Collège Mont-St-Louis;Collège Mont-Saint-Louis;Montréal;Benjamin;D3;Féminin;db9e694b-9118-4125-bbb8-7fe7002c4f4a;c628744d-935f-49c9-9fdb-f7b985be384f;InstitutionId RSEQ;;;6;6;base;Flag football B F D3 Automne 
oui;haute;Secondaire;Flag football;Flag football;Féminin;Laval;Collège Mont-St-Louis;Collège Mont-Saint-Louis;Montréal;Cadet;D3;Féminin;e27dd3c8-7a12-42ef-9e6c-742df9d6fff5;c628744d-935f-49c9-9fdb-f7b985be384f;InstitutionId RSEQ;;;6;6;base;Flag football C F D3 Automne
oui;haute;Secondaire;Flag football;Flag football;Féminin;Mauricie;C. Clarétain;Collège Clarétain de Victoriaville;Victoriaville;Cadet;D4;Féminin;1d6d374a-038c-4b0d-afe5-ab7f658a8843;8dbb6f3a-b683-4c96-9088-c5b5168dd970;InstitutionId RSEQ;;;8;8;base;Flag football C F D4 Niveau 1
oui;haute;Secondaire;Flag football;Flag football;Féminin;Mauricie;C. Clarétain 1;Collège Clarétain de Victoriaville;Victoriaville;Cadet;D3;Féminin;bad66c1b-cf66-44e9-8f90-d88da30af583;8dbb6f3a-b683-4c96-9088-c5b5168dd970;InstitutionId RSEQ;;;8;8;base;Flag football C F D3
oui;haute;Secondaire;Flag football;Flag football;Féminin;Mauricie;C. Clarétain 2;Collège Clarétain de Victoriaville;Victoriaville;Cadet;D3;Féminin;07c6c331-bac4-4d2d-ae00-551069404373;8dbb6f3a-b683-4c96-9088-c5b5168dd970;InstitutionId RSEQ;;;8;8;base;Flag football C F D3
oui;haute;Secondaire;Flag football;Flag football;Féminin;Mauricie;Champagnat;École secondaire Champagnat;La Tuque;Cadet;D4;Féminin;a2dfcc8b-589a-4e43-ad1b-d8a446abc398;27f70800-5009-4e6c-a6b0-bbfc17d4b8d0;InstitutionId RSEQ;;;8;8;base;Flag football C F D4 Niveau 2 B
oui;haute;Secondaire;Flag football;Flag football;Masculin;Mauricie;Champagnat;École secondaire Champagnat;La Tuque;Cadet;D3;Masculin;c653777f-fa84-4452-b938-954bfa4dd0d8;27f70800-5009-4e6c-a6b0-bbfc17d4b8d0;InstitutionId RSEQ;;;8;8;base;Flag football C M D3
oui;haute;Secondaire;Flag football;Flag football;Féminin;Mauricie;Champagnat;École secondaire Champagnat;La Tuque;Cadet;D4;Féminin;d97e09cd-bcc0-418d-9561-ec9702c246b7;27f70800-5009-4e6c-a6b0-bbfc17d4b8d0;InstitutionId RSEQ;;;8;8;base;Flag football C F D4 Niveau 1
oui;haute;Secondaire;Flag football;Flag football;Masculin;Mauricie;Champagnat;École secondaire Champagnat;La Tuque;Cadet;D4;Masculin;86d57cde-54a4-43a7-8f11-11b8a72aab4e;27f70800-5009-4e6c-a6b0-bbfc17d4b8d0;InstitutionId RSEQ;;;16;16;base;Flag football C M D4
oui;haute;Secondaire;Flag football;Flag football;Féminin;Mauricie;Chavigny;École Chavigny;Trois-Rivières;Cadet;D3;Féminin;a6963d0c-c117-4873-8c7e-2b75794d6cbb;70b6ebd9-888c-4fbd-b07f-768a3bfc2e18;InstitutionId RSEQ;;;8;8;base;Flag football C F D3
oui;haute;Secondaire;Flag football;Flag football;Féminin;Mauricie;Chavigny;École Chavigny;Trois-Rivières;Cadet;D4;Féminin;781bc63c-1768-42e9-b0d9-4e93e92b52ff;70b6ebd9-888c-4fbd-b07f-768a3bfc2e18;InstitutionId RSEQ;;;8;8;base;Flag football C F D4 Niveau 1
oui;haute;Secondaire;Flag football;Flag football;Féminin;Mauricie;Chavigny;École Chavigny;Trois-Rivières;Juvénile;D4;Féminin;fea8f3b2-7ec6-4957-b6fa-a4b1efca3bb8;70b6ebd9-888c-4fbd-b07f-768a3bfc2e18;InstitutionId RSEQ;;;8;8;base;Flag football J F D4 Niveau 1
oui;haute;Secondaire;Flag football;Flag football;Féminin;Mauricie;Chavigny 1;École Chavigny;Trois-Rivières;Cadet;D4;Féminin;a4501eb2-3db4-436c-aa6c-4ddc292610dd;70b6ebd9-888c-4fbd-b07f-768a3bfc2e18;InstitutionId RSEQ;;;8;8;base;Flag football C F D4 Niveau 2 A
oui;haute;Secondaire;Flag football;Flag football;Féminin;Mauricie;Chavigny 2;École Chavigny;Trois-Rivières;Cadet;D4;Féminin;b3912fa4-07ad-4ad2-9e2a-d1a963b966c7;70b6ebd9-888c-4fbd-b07f-768a3bfc2e18;InstitutionId RSEQ;;;8;8;base;Flag football C F D4 Niveau 2 B
oui;haute;Secondaire;Flag football;Flag football;Féminin;Mauricie;CNDA;Collège Notre-Dame-de-l'Assomption;Nicolet;Cadet;D4;Féminin;7857c601-c9d2-4379-82eb-b7289d270279;f749ea8b-5e95-4ed9-8d27-1d6245f65a0e;InstitutionId RSEQ;;;8;8;base;Flag football C F D4 Niveau 1
oui;haute;Secondaire;Flag football;Flag football;Masculin;Mauricie;CNDA;Collège Notre-Dame-de-l'Assomption;Nicolet;Cadet;D3;Masculin;a2ee3c3c-0583-4457-8e49-1ced0f9a9872;f749ea8b-5e95-4ed9-8d27-1d6245f65a0e;InstitutionId RSEQ;;;8;8;base;Flag football C M D3
oui;haute;Secondaire;Flag football;Flag football;Féminin;Mauricie;CNDA;Collège Notre-Dame-de-l'Assomption;Nicolet;Cadet;D3;Féminin;9994350f-a74a-4855-ba55-c6cf0b522c10;f749ea8b-5e95-4ed9-8d27-1d6245f65a0e;InstitutionId RSEQ;;;8;8;base;Flag football C F D3
oui;haute;Secondaire;Flag football;Flag football;Masculin;Mauricie;CNDA;Collège Notre-Dame-de-l'Assomption;Nicolet;Cadet;D4;Masculin;205c76bc-ed01-4040-8461-5cf928e75229;f749ea8b-5e95-4ed9-8d27-1d6245f65a0e;InstitutionId RSEQ;;;14;14;base;Flag football C M D4
oui;haute;Secondaire;Flag football;Flag football;Féminin;Mauricie;CNDA;Collège Notre-Dame-de-l'Assomption;Nicolet;Juvénile;D4;Féminin;19908668-8fcc-4094-80bd-ae654c05ffd7;f749ea8b-5e95-4ed9-8d27-1d6245f65a0e;InstitutionId RSEQ;;;8;8;base;Flag football J F D4 Niveau 1
oui;haute;Secondaire;Flag football;Flag football;Féminin;Mauricie;Des Chutes;École secondaire des Chutes;Shawinigan;Cadet;D4;Féminin;9d6ed382-ff7f-4e6e-a594-2936beaea1a9;48aa4031-2122-4e14-87da-4cc18c4c0f83;InstitutionId RSEQ;;;8;8;base;Flag football C F D4 Niveau 2 B
oui;haute;Secondaire;Flag football;Flag football;Féminin;Mauricie;Des Chutes;École secondaire des Chutes;Shawinigan;Juvénile;D4;Féminin;3569258d-8158-438a-8ce8-6549b0a78a11;48aa4031-2122-4e14-87da-4cc18c4c0f83;InstitutionId RSEQ;;;8;8;base;Flag football J F D4 Niveau 2
oui;haute;Secondaire;Flag football;Flag football;Féminin;Mauricie;Des Pionniers;École secondaire des Pionniers;Trois-Rivières;Cadet;D4;Féminin;252f75e9-2e33-4ab2-b221-c16149ce1cbd;08764a9c-5e4d-40cb-b096-0544d71830ea;InstitutionId RSEQ;;;8;8;base;Flag football C F D4 Niveau 2 A
oui;haute;Secondaire;Flag football;Flag football;Féminin;Mauricie;Du Rocher;École secondaire du Rocher;Shawinigan;Cadet;D4;Féminin;8155f881-9565-43ba-846b-e322aace6f38;5853b2af-23a6-4884-a5b7-cebe7c043f97;InstitutionId RSEQ;;;8;8;base;Flag football C F D4 Niveau 2 B
oui;haute;Secondaire;Flag football;Flag football;Féminin;Mauricie;Du Rocher;École secondaire du Rocher;Shawinigan;Juvénile;D3;Féminin;490d7fa5-2951-48d1-8473-62c63b882bee;5853b2af-23a6-4884-a5b7-cebe7c043f97;InstitutionId RSEQ;;;8;8;base;Flag football J F D3
oui;haute;Secondaire;Flag football;Flag football;Féminin;Mauricie;Du Rocher;École secondaire du Rocher;Shawinigan;Cadet;D4;Féminin;bd5d54af-7871-45ab-80fb-353026c3d195;5853b2af-23a6-4884-a5b7-cebe7c043f97;InstitutionId RSEQ;;;8;8;base;Flag football C F D4 Niveau 1
oui;haute;Secondaire;Flag football;Flag football;Féminin;Mauricie;Jean-Nicolet M;École secondaire Jean-Nicolet;Nicolet;Cadet;D4;Féminin;eee78ec4-e857-4c68-98ed-1067bca29a19;08aa42cb-d7dc-4298-9daa-b46bd14fe737;InstitutionId RSEQ;;;8;8;base;Flag football C F D4 Niveau 2 B
oui;haute;Secondaire;Flag football;Flag football;Féminin;Mauricie;Jean-Nicolet P;École secondaire Jean-Nicolet;Nicolet;Cadet;D4;Féminin;b01a2d28-ed71-4125-9438-d052c7abb5c4;08aa42cb-d7dc-4298-9daa-b46bd14fe737;InstitutionId RSEQ;;;8;8;base;Flag football C F D4 Niveau 2 A
oui;haute;Secondaire;Flag football;Flag football;Féminin;Mauricie;Jean-Nicolet s3;École secondaire Jean-Nicolet;Nicolet;Cadet;D3;Féminin;39999c20-575c-4409-b8e5-fdc5fad267ae;08aa42cb-d7dc-4298-9daa-b46bd14fe737;InstitutionId RSEQ;;;8;8;base;Flag football C F D3
oui;haute;Secondaire;Flag football;Flag football;Féminin;Mauricie;Jean-Nicolet s4;École secondaire Jean-Nicolet;Nicolet;Cadet;D3;Féminin;164668b7-7a0f-408b-b4d7-4d1c05adf913;08aa42cb-d7dc-4298-9daa-b46bd14fe737;InstitutionId RSEQ;;;8;8;base;Flag football C F D3
oui;haute;Secondaire;Flag football;Flag football;Féminin;Mauricie;Keranna L;Institut Secondaire Keranna;Trois-Rivières;Cadet;D4;Féminin;f82311c5-25c7-4e5b-8e40-8e4ed590b155;12982d7e-831e-47c1-8d08-f0ea614f5e52;InstitutionId RSEQ;;;8;8;base;Flag football C F D4 Niveau 2 B
oui;haute;Secondaire;Flag football;Flag football;Féminin;Mauricie;Keranna SL;Institut Secondaire Keranna;Trois-Rivières;Cadet;D4;Féminin;05580556-acec-41fc-9b5e-116b68ea79c7;12982d7e-831e-47c1-8d08-f0ea614f5e52;InstitutionId RSEQ;;;8;8;base;Flag football C F D4 Niveau 2 A
oui;haute;Secondaire;Flag football;Flag football;Féminin;Mauricie;L'Escale;École secondaire l'Escale;Louiseville;Cadet;D4;Féminin;66efd227-8be7-4427-a9ec-89c5ac1f1737;7538be19-d890-4db3-a55c-8d9cd3a8a348;InstitutionId RSEQ;;;8;8;base;Flag football C F D4 Niveau 2 A
oui;haute;Secondaire;Flag football;Flag football;Féminin;Mauricie;L'Escale;École secondaire l'Escale;Louiseville;Cadet;D4;Féminin;d1321b7a-e597-4085-8833-0264c8d740e8;7538be19-d890-4db3-a55c-8d9cd3a8a348;InstitutionId RSEQ;;;8;8;base;Flag football C F D4 Niveau 1
oui;haute;Secondaire;Flag football;Flag football;Féminin;Mauricie;L'Escale;École secondaire l'Escale;Louiseville;Juvénile;D4;Féminin;1d3b5c88-4ff8-409d-9d6f-942c1531007f;7538be19-d890-4db3-a55c-8d9cd3a8a348;InstitutionId RSEQ;;;8;8;base;Flag football J F D4 Niveau 1
oui;haute;Secondaire;Flag football;Flag football;Féminin;Mauricie;La Découverte;École secondaire la Découverte;Saint-Léonard-d'Aston;Cadet;D4;Féminin;fc7ec52a-af96-4f23-95b6-1b7a44a13027;e2dc4084-622e-4fd3-a35b-fab03d9809d5;InstitutionId RSEQ;;;8;8;base;Flag football C F D4 Niveau 1
oui;haute;Secondaire;Flag football;Flag football;Féminin;Mauricie;Les Estacades;Académie les Estacades;Trois-Rivières;Cadet;D4;Féminin;75687434-cb95-4660-94c4-90338fade280;84cc3b3b-8582-48e8-9eb0-a7c917bf058f;InstitutionId RSEQ;;;8;8;base;Flag football C F D4 Niveau 2 A
oui;haute;Secondaire;Flag football;Flag football;Masculin;Mauricie;Les Seigneuries;École secondaire les Seigneuries;Saint-Pierre-les-Becquets;Cadet;D3;Masculin;e5a5a058-da1c-4402-b105-7c7a77dc5640;08ad5779-c1f5-427a-9044-f63dffa41c26;InstitutionId RSEQ;;;8;8;base;Flag football C M D3
oui;haute;Secondaire;Flag football;Flag football;Féminin;Mauricie;Les Seigneuries;École secondaire les Seigneuries;Saint-Pierre-les-Becquets;Juvénile;D4;Féminin;6290613e-de97-4e46-bba7-6e7c73ce4bff;08ad5779-c1f5-427a-9044-f63dffa41c26;InstitutionId RSEQ;;;8;8;base;Flag football J F D4 Niveau 1
oui;haute;Secondaire;Flag football;Flag football;Féminin;Mauricie;Les Seigneuries;École secondaire les Seigneuries;Saint-Pierre-les-Becquets;Cadet;D4;Féminin;49d3f3a9-f6c5-4581-8441-5bcf81adf1f2;08ad5779-c1f5-427a-9044-f63dffa41c26;InstitutionId RSEQ;;;8;8;base;Flag football C F D4 Niveau 1
oui;haute;Secondaire;Flag football;Flag football;Féminin;Mauricie;Les Seigneuries;École secondaire les Seigneuries;Saint-Pierre-les-Becquets;Cadet;D4;Féminin;5c81550d-1657-4530-a028-d65339ed5918;08ad5779-c1f5-427a-9044-f63dffa41c26;InstitutionId RSEQ;;;8;8;base;Flag football C F D4 Niveau 2 A
oui;haute;Secondaire;Flag football;Flag football;Féminin;Mauricie;Marie-de-l'Incarnation;Collège Marie-de-l'Incarnation;Trois-Rivières;Juvénile;D4;Féminin;56c84c5b-f22e-4f2c-b8a8-758567bf11b9;1831414e-8a2e-43f5-9777-853ebae7f928;InstitutionId RSEQ;;;8;8;base;Flag football J F D4 Niveau 2
oui;haute;Secondaire;Flag football;Flag football;Féminin;Mauricie;Marie-de-l'Incarnation;Collège Marie-de-l'Incarnation;Trois-Rivières;Cadet;D4;Féminin;7740ed56-8212-4f77-a92c-11d2147f6f0e;1831414e-8a2e-43f5-9777-853ebae7f928;InstitutionId RSEQ;;;8;8;base;Flag football C F D4 Niveau 2 A
oui;haute;Secondaire;Flag football;Flag football;Féminin;Mauricie;Paul-Le Jeune;École secondaire Paul-Le Jeune;Saint-Tite;Cadet;D4;Féminin;d5f0c317-d2f0-4763-ad0e-44f1c2eae7f4;ac691ad2-128e-4d7e-a152-0abf4e9afc59;InstitutionId RSEQ;;;8;8;base;Flag football C F D4 Niveau 1
oui;haute;Secondaire;Flag football;Flag football;Masculin;Mauricie;Paul-Le Jeune;École secondaire Paul-Le Jeune;Saint-Tite;Cadet;D4;Masculin;3bdadf9f-1e4a-4832-a4cc-5e561a735298;ac691ad2-128e-4d7e-a152-0abf4e9afc59;InstitutionId RSEQ;;;15;15;base;Flag football C M D4
oui;haute;Secondaire;Flag football;Flag football;Féminin;Mauricie;Salésien;Le Salesien;Sherbrooke;Cadet;D3;Féminin;31ed68d3-40f6-403a-abc7-1e34f444518d;5051a5f3-1529-40ea-8a9a-403f670e42a1;InstitutionId RSEQ;;;8;8;base;Flag football C F D3
après confirmation BP;à confirmer BP;Secondaire;Flag football;Flag football;Féminin;Mauricie;Séminaire Saint-Joseph;Séminaire Saint-Joseph de Trois-Rivières;Trois-Rivières;Cadet;D4;Féminin;ce2972a4-ed9e-4bbe-a757-c525e25de8f7;5c286b8c-e9f9-43ab-8f70-0633fc36ed9d;piste par le nom (InstitutionId RSEQ 6b997ca4-5bb1-49c5-8e25-d327dc27d52b inconnu chez nous);;;8;8;base;Flag football C F D4 Niveau 1
après confirmation BP;à confirmer BP;Secondaire;Flag football;Flag football;Féminin;Mauricie;Séminaire Saint-Joseph;Séminaire Saint-Joseph de Trois-Rivières;Trois-Rivières;Juvénile;D4;Féminin;388930fb-ff8c-4cce-8dcd-6b865d7b5bd8;5c286b8c-e9f9-43ab-8f70-0633fc36ed9d;piste par le nom (InstitutionId RSEQ 6b997ca4-5bb1-49c5-8e25-d327dc27d52b inconnu chez nous);;;8;8;base;Flag football J F D4 Niveau 1
après confirmation BP;à confirmer BP;Secondaire;Flag football;Flag football;Féminin;Mauricie;Séminaire Saint-Joseph;Séminaire Saint-Joseph de Trois-Rivières;Trois-Rivières;Juvénile;D3;Féminin;c15e752e-15f9-41ef-b06f-fead867b4ce9;5c286b8c-e9f9-43ab-8f70-0633fc36ed9d;piste par le nom (InstitutionId RSEQ 6b997ca4-5bb1-49c5-8e25-d327dc27d52b inconnu chez nous);;;8;8;base;Flag football J F D3
après confirmation BP;à confirmer BP;Secondaire;Flag football;Flag football;Féminin;Mauricie;Séminaire Saint-Joseph;Séminaire Saint-Joseph de Trois-Rivières;Trois-Rivières;Cadet;D4;Féminin;db0c5caf-884e-4355-8154-646d97fc3977;5c286b8c-e9f9-43ab-8f70-0633fc36ed9d;piste par le nom (InstitutionId RSEQ 6b997ca4-5bb1-49c5-8e25-d327dc27d52b inconnu chez nous);;;8;8;base;Flag football C F D4 Niveau 2 B
après confirmation BP;à confirmer BP;Secondaire;Flag football;Flag football;Féminin;Mauricie;Séminaire Saint-Joseph;Séminaire Saint-Joseph de Trois-Rivières;Trois-Rivières;Cadet;D3;Féminin;f6ba8843-a285-408d-aefd-77c4c824e071;5c286b8c-e9f9-43ab-8f70-0633fc36ed9d;piste par le nom (InstitutionId RSEQ 6b997ca4-5bb1-49c5-8e25-d327dc27d52b inconnu chez nous);;;8;8;base;Flag football C F D3
oui;haute;Secondaire;Flag football;Flag football;Masculin;Mauricie;SSM;Séminaire Sainte-Marie;Shawinigan;Cadet;D3;Masculin;fe0bad94-c31f-40d2-b2a0-b10a87f70e39;7e114ee9-ab4d-4317-b578-8cec94f4d748;InstitutionId RSEQ;;;8;8;base;Flag football C M D3
oui;haute;Secondaire;Flag football;Flag football;Masculin;Mauricie;SSM;Séminaire Sainte-Marie;Shawinigan;Cadet;D4;Masculin;ccff9ef5-b207-49a6-bc2f-61e344470d34;7e114ee9-ab4d-4317-b578-8cec94f4d748;InstitutionId RSEQ;;;16;16;base;Flag football C M D4
oui;haute;Secondaire;Flag football;Flag football;Féminin;Mauricie;SSM;Séminaire Sainte-Marie;Shawinigan;Cadet;D4;Féminin;da9c6a85-e892-49eb-aba3-0a09e0452119;7e114ee9-ab4d-4317-b578-8cec94f4d748;InstitutionId RSEQ;;;8;8;base;Flag football C F D4 Niveau 2 B
oui;haute;Secondaire;Flag football;Flag football;Féminin;Mauricie;SSM;Séminaire Sainte-Marie;Shawinigan;Cadet;D4;Féminin;a223fa02-cc37-41a0-b6b5-6281257e149c;7e114ee9-ab4d-4317-b578-8cec94f4d748;InstitutionId RSEQ;;;8;8;base;Flag football C F D4 Niveau 1
oui;haute;Secondaire;Flag football;Flag football;Féminin;Mauricie;SSM;Séminaire Sainte-Marie;Shawinigan;Juvénile;D4;Féminin;915e2ca4-c612-4590-b16c-8e58ccdc0111;7e114ee9-ab4d-4317-b578-8cec94f4d748;InstitutionId RSEQ;;;8;8;base;Flag football J F D4 Niveau 1
oui;haute;Secondaire;Flag football;Flag football;Féminin;Mauricie;Val-Mauricie;École secondaire Val-Mauricie;Shawinigan;Juvénile;D4;Féminin;c996295d-3864-475f-931b-9aca052233e4;bc0fcca2-c4ce-47d0-bb78-c8727e285810;InstitutionId RSEQ;;;8;8;base;Flag football J F D4 Niveau 1
oui;haute;Secondaire;Flag football;Flag football;Féminin;Mauricie;Val-Mauricie;École secondaire Val-Mauricie;Shawinigan;Cadet;D4;Féminin;b8791b49-f669-41c8-b915-7a3c5f2504c7;bc0fcca2-c4ce-47d0-bb78-c8727e285810;InstitutionId RSEQ;;;8;8;base;Flag football C F D4 Niveau 1
oui;haute;Secondaire;Flag football;Flag football;Féminin;Montérégie;Arthur-Pigeon;École Arthur-Pigeon;Huntingdon;Juvénile;D4;Féminin;80f95e06-c57e-4063-9ca6-95c7def29904;724fa25e-3e05-4d53-a069-603de46279e1;InstitutionId RSEQ;;;4;4;base;Flag football J F D4 Niveau 2 automne
oui;haute;Secondaire;Flag football;Flag football;Féminin;Montérégie;Baie-St-François;École de la Baie-Saint-François;Salaberry-de-Valleyfield;Juvénile;D4;Féminin;a71c11c8-53c4-4d07-ab55-c10a4869521a;c445fa1d-32f3-4ec4-a8f0-143b20e2b8f9;InstitutionId RSEQ;;;4;4;base;Flag football J F D4 Niveau 1 Automne B
oui;haute;Secondaire;Flag football;Flag football;Féminin;Montérégie;Baie-St-François;École de la Baie-Saint-François;Salaberry-de-Valleyfield;Benjamin;;Féminin;987a62bd-918b-479a-a131-88624de1b6fd;c445fa1d-32f3-4ec4-a8f0-143b20e2b8f9;InstitutionId RSEQ;;;4;4;base;Flag football B F Automne D
oui;haute;Secondaire;Flag football;Flag football;Féminin;Montérégie;Baie-St-François 2;École de la Baie-Saint-François;Salaberry-de-Valleyfield;Benjamin;D4;Féminin;33b29a98-42c5-4fa2-9047-6c1297589562;c445fa1d-32f3-4ec4-a8f0-143b20e2b8f9;InstitutionId RSEQ;;;4;4;base;Flag football B F D4 Niveau 2 automne
oui;haute;Secondaire;Flag football;Flag football;Féminin;Montérégie;Coll. Charles-Lemoyne;Collège Charles-Lemoyne;Longueuil;Benjamin;;Féminin;2123566f-852e-49d0-9b95-3f81cd215f89;7a577203-fe75-4f57-b569-ec9c05be9ffd;InstitutionId RSEQ;;;4;4;base;Flag football B F Automne D
oui;haute;Secondaire;Flag football;Flag football;Féminin;Montérégie;Coll. Charles-Lemoyne;Collège Charles-Lemoyne;Longueuil;Cadet;D4;Féminin;01f01fe7-5031-42fe-aa0f-287b55d6e897;7a577203-fe75-4f57-b569-ec9c05be9ffd;InstitutionId RSEQ;;;4;4;base;Flag football C F D4 Niveau 1 Automne C
oui;haute;Secondaire;Flag football;Flag football;Féminin;Montérégie;Coll. Charles-Lemoyne;Collège Charles-Lemoyne;Longueuil;Juvénile;D3;Féminin;0c74e8f3-5f07-4e4c-ba7a-b39bbab13182;7a577203-fe75-4f57-b569-ec9c05be9ffd;InstitutionId RSEQ;;;4;4;base;Flag football J F D3 automne
oui;haute;Secondaire;Flag football;Flag football;Féminin;Montérégie;Coll. Charles-Lemoyne LSL;Collège Charles-Lemoyne;Longueuil;Juvénile;D4;Féminin;eba497c4-ddf6-4446-b4a6-9fa33ec1096e;7a577203-fe75-4f57-b569-ec9c05be9ffd;InstitutionId RSEQ;;;4;4;base;Flag football J F D4 Niveau 1 Automne B
oui;haute;Secondaire;Flag football;Flag football;Féminin;Montérégie;Coll. Charles-Lemoyne LSL;Collège Charles-Lemoyne;Longueuil;Cadet;D4;Féminin;c3a40be7-b740-4dd4-9901-55c3306a13ab;7a577203-fe75-4f57-b569-ec9c05be9ffd;InstitutionId RSEQ;;;4;4;base;Flag football C F D4 Niveau 2 automne A
après confirmation BP;à confirmer BP;Secondaire;Flag football;Flag football;Féminin;Montérégie;Coll. Héritage;Collège Héritage de Châteauguay;Châteauguay;Benjamin;;Féminin;6751f18a-1299-4a8b-befb-65af87c829ef;b85d8831-7f88-466a-a02e-7e6019fd40af;piste par le nom (InstitutionId RSEQ e11bbca8-6ad4-4e52-a715-5949d2d8b76f inconnu chez nous);;;4;4;base;Flag football B F Automne D
après confirmation BP;à confirmer BP;Secondaire;Flag football;Flag football;Féminin;Montérégie;Coll. Héritage;Collège Héritage de Châteauguay;Châteauguay;Cadet;D4;Féminin;9d5f0af4-083b-490c-b197-20a67581c6a5;b85d8831-7f88-466a-a02e-7e6019fd40af;piste par le nom (InstitutionId RSEQ e11bbca8-6ad4-4e52-a715-5949d2d8b76f inconnu chez nous);;;4;4;base;Flag football C F D4 Niveau 1 Automne C
oui;haute;Secondaire;Flag football;Flag football;Féminin;Montérégie;Coll. Mont-Sacré-Coeur;Collège Mont-Sacré-Coeur;Granby;Juvénile;D4;Féminin;a2183868-0a3e-44b4-bca4-1317eb37bf98;8adc77a6-ad4c-4fd8-a1d5-147421a14ebc;InstitutionId RSEQ;;;4;4;base;Flag football J F D4 Niveau 1 automne A
oui;haute;Secondaire;Flag football;Flag football;Féminin;Montérégie;Coll. Mont-Sacré-Coeur;Collège Mont-Sacré-Coeur;Granby;Benjamin;;Féminin;2c0e218e-5f0c-45d2-a6a8-0a24557b0127;8adc77a6-ad4c-4fd8-a1d5-147421a14ebc;InstitutionId RSEQ;;;4;4;base;Flag football B F Automne C
oui;haute;Secondaire;Flag football;Flag football;Féminin;Montérégie;Coll. Mont-Sacré-Coeur;Collège Mont-Sacré-Coeur;Granby;Cadet;D4;Féminin;e0441969-f877-49c5-84fe-cad25706eed8;8adc77a6-ad4c-4fd8-a1d5-147421a14ebc;InstitutionId RSEQ;;;4;4;base;Flag football C F D4 Niveau 1 automne A
oui;haute;Secondaire;Flag football;Flag football;Féminin;Montérégie;Coll. Mont-Sacré-Coeur 2;Collège Mont-Sacré-Coeur;Granby;Benjamin;;Féminin;b5995128-5cde-4d56-8368-1e9aefd1f285;8adc77a6-ad4c-4fd8-a1d5-147421a14ebc;InstitutionId RSEQ;;;4;4;base;Flag football B F Automne C
oui;haute;Secondaire;Flag football;Flag football;Féminin;Montérégie;Coll. St-Hilaire;Collège Saint-Hilaire;Mont-Saint-Hilaire;Benjamin;;Féminin;2f282ec5-4c1c-4324-a140-4f2968611262;2942d4c0-53b2-4f94-9a06-ef35851d964f;InstitutionId RSEQ;;;4;4;base;Flag football B F automne A
oui;haute;Secondaire;Flag football;Flag football;Masculin;Montérégie;Coll. St-Hilaire;Collège Saint-Hilaire;Mont-Saint-Hilaire;Benjamin;;Masculin;5567799d-7a67-48c3-9294-25da9c4d8166;2942d4c0-53b2-4f94-9a06-ef35851d964f;InstitutionId RSEQ;;;4;4;base;Flag football B M automne
oui;haute;Secondaire;Flag football;Flag football;Féminin;Montérégie;Coll. St-Hilaire;Collège Saint-Hilaire;Mont-Saint-Hilaire;Cadet;D4;Féminin;6c688b57-7174-45fc-a08c-638176400446;2942d4c0-53b2-4f94-9a06-ef35851d964f;InstitutionId RSEQ;;;4;4;base;Flag football C F D4 Niveau 2 Automne B
oui;haute;Secondaire;Flag football;Flag football;Féminin;Montérégie;Coll. St-Hilaire;Collège Saint-Hilaire;Mont-Saint-Hilaire;Cadet;D3;Féminin;4fdaa339-8464-4835-8708-3da1605f1e1f;2942d4c0-53b2-4f94-9a06-ef35851d964f;InstitutionId RSEQ;;;4;4;base;Flag football C F D3 automne
oui;haute;Secondaire;Flag football;Flag football;Féminin;Montérégie;Coll. St-Paul;Collège Saint-Paul;Varennes;Juvénile;D3;Féminin;0a68340f-de67-497e-ab6e-bfed4bf5f880;68a96652-c52f-4268-b656-22765f824b55;InstitutionId RSEQ;;;4;4;base;Flag football J F D3 automne
oui;haute;Secondaire;Flag football;Flag football;Féminin;Montérégie;Coll. St-Paul;Collège Saint-Paul;Varennes;Cadet;D3;Féminin;32776e6e-d3b0-479d-ad82-182550b21c99;68a96652-c52f-4268-b656-22765f824b55;InstitutionId RSEQ;;;4;4;base;Flag football C F D3 automne
oui;haute;Secondaire;Flag football;Flag football;Féminin;Montérégie;Coll. St-Paul;Collège Saint-Paul;Varennes;Cadet;D4;Féminin;9dac789d-5581-46fd-ac23-4e29a84149df;68a96652-c52f-4268-b656-22765f824b55;InstitutionId RSEQ;;;4;4;base;Flag football C F D4 Niveau 1 Automne B
oui;haute;Secondaire;Flag football;Flag football;Masculin;Montérégie;Coll. St-Paul;Collège Saint-Paul;Varennes;Benjamin;;Masculin;f870a646-f3bd-426d-9b7c-a689cb49cfd4;68a96652-c52f-4268-b656-22765f824b55;InstitutionId RSEQ;;;4;4;base;Flag football B M automne
oui;haute;Secondaire;Flag football;Flag football;Féminin;Montérégie;Coll. St-Paul 1;Collège Saint-Paul;Varennes;Benjamin;;Féminin;45fb896b-fa5b-4419-b3be-de5217f48d70;68a96652-c52f-4268-b656-22765f824b55;InstitutionId RSEQ;;;4;4;base;Flag football B F automne A
oui;haute;Secondaire;Flag football;Flag football;Féminin;Montérégie;Coll. St-Paul 2;Collège Saint-Paul;Varennes;Cadet;D3;Féminin;72d783a3-5558-46a8-953b-df686484dd80;68a96652-c52f-4268-b656-22765f824b55;InstitutionId RSEQ;;;4;4;base;Flag football C F D3 automne
oui;haute;Secondaire;Flag football;Flag football;Féminin;Montérégie;Coll. St-Paul 2;Collège Saint-Paul;Varennes;Benjamin;;Féminin;40acf039-dc87-4207-8af5-0a4d8264cebc;68a96652-c52f-4268-b656-22765f824b55;InstitutionId RSEQ;;;4;4;base;Flag football B F Automne B
oui;haute;Secondaire;Flag football;Flag football;Masculin;Montérégie;Coll. St-Paul_Cad;Collège Saint-Paul;Varennes;Juvénile;;Masculin;6e74cd62-dc95-4d35-bec7-dc1ad729c287;68a96652-c52f-4268-b656-22765f824b55;InstitutionId RSEQ;;;4;4;base;Flag football J M automne
oui;haute;Secondaire;Flag football;Flag football;Féminin;Montérégie;Coll. Trinité;Collège Trinité;Saint-Bruno-de-Montarville;Juvénile;D3;Féminin;27e9ebfe-a158-43cf-ac3a-c5e05ceefa35;5ef36160-2540-4282-a8b0-32fc4c3921ac;InstitutionId RSEQ;;;4;4;base;Flag football J F D3 automne
oui;haute;Secondaire;Flag football;Flag football;Masculin;Montérégie;Coll. Trinité;Collège Trinité;Saint-Bruno-de-Montarville;Benjamin;;Masculin;3d76fc8e-8035-49a4-a3c3-7bd6016778d9;5ef36160-2540-4282-a8b0-32fc4c3921ac;InstitutionId RSEQ;;;4;4;base;Flag football B M automne
oui;haute;Secondaire;Flag football;Flag football;Féminin;Montérégie;Coll. Trinité;Collège Trinité;Saint-Bruno-de-Montarville;Benjamin;;Féminin;178811c1-a1b3-4b78-baa8-c7998c9702d4;5ef36160-2540-4282-a8b0-32fc4c3921ac;InstitutionId RSEQ;;;4;4;base;Flag football B F automne A
oui;haute;Secondaire;Flag football;Flag football;Féminin;Montérégie;Coll. Trinité;Collège Trinité;Saint-Bruno-de-Montarville;Cadet;D4;Féminin;afbc8781-8f42-489a-b4c6-ac49b44bd37c;5ef36160-2540-4282-a8b0-32fc4c3921ac;InstitutionId RSEQ;;;4;4;base;Flag football C F D4 Niveau 1 Automne B
oui;haute;Secondaire;Flag football;Flag football;Masculin;Montérégie;Coll. Trinité_Cad;Collège Trinité;Saint-Bruno-de-Montarville;Juvénile;;Masculin;1efcc7f0-1e5a-4cd4-9c20-88d24abc526c;5ef36160-2540-4282-a8b0-32fc4c3921ac;InstitutionId RSEQ;;;4;4;base;Flag football J M automne
oui;haute;Secondaire;Flag football;Flag football;Masculin;Montérégie;Coll. Trinité_Juv;Collège Trinité;Saint-Bruno-de-Montarville;Juvénile;;Masculin;eeb8720c-ae1d-4614-aa8e-137e10898729;5ef36160-2540-4282-a8b0-32fc4c3921ac;InstitutionId RSEQ;;;4;4;base;Flag football J M automne
oui;haute;Secondaire;Flag football;Flag football;Féminin;Montérégie;Collège Durocher;Collège Durocher Saint-Lambert;Saint-Lambert;Cadet;D4;Féminin;475e5921-9b5d-4364-b787-1a7fd8357822;4a3e8e63-4bd3-407a-b4bd-84b04b607a88;InstitutionId RSEQ;;;4;4;base;Flag football C F D4 Niveau 1 Automne C
oui;haute;Secondaire;Flag football;Flag football;Féminin;Montérégie;Collège Durocher;Collège Durocher Saint-Lambert;Saint-Lambert;Cadet;D3;Féminin;79344e74-300c-4b47-ae91-f9c7d979e461;4a3e8e63-4bd3-407a-b4bd-84b04b607a88;InstitutionId RSEQ;;;4;4;base;Flag football C F D3 automne
oui;haute;Secondaire;Flag football;Flag football;Féminin;Montérégie;Collège Durocher;Collège Durocher Saint-Lambert;Saint-Lambert;Juvénile;D3;Féminin;1823c81f-31cd-4f0e-ab7f-3897b49de3af;4a3e8e63-4bd3-407a-b4bd-84b04b607a88;InstitutionId RSEQ;;;4;4;base;Flag football J F D3 automne
oui;haute;Secondaire;Flag football;Flag football;Féminin;Montérégie;Collège Durocher 1;Collège Durocher Saint-Lambert;Saint-Lambert;Benjamin;;Féminin;1dd94761-f088-4653-a6f6-bd8a9841234c;4a3e8e63-4bd3-407a-b4bd-84b04b607a88;InstitutionId RSEQ;;;4;4;base;Flag football B F Automne B
oui;haute;Secondaire;Flag football;Flag football;Féminin;Montérégie;Collège Durocher 2;Collège Durocher Saint-Lambert;Saint-Lambert;Benjamin;;Féminin;f0d66c0a-d271-4ca5-98b9-d12aa0a037ec;4a3e8e63-4bd3-407a-b4bd-84b04b607a88;InstitutionId RSEQ;;;4;4;base;Flag football B F automne A
oui;haute;Secondaire;Flag football;Flag football;Féminin;Montérégie;De Chambly;École secondaire de Chambly;Chambly;Juvénile;D4;Féminin;f738bc46-305d-4429-8bfe-6c61657193a2;3caf3727-4be2-4d43-b2a6-865b35677f1c;InstitutionId RSEQ;;;4;4;base;Flag football J F D4 Niveau 2 automne
oui;haute;Secondaire;Flag football;Flag football;Féminin;Montérégie;De Chambly;École secondaire de Chambly;Chambly;Benjamin;D4;Féminin;fdea689d-dafc-4590-9974-c94716b76861;3caf3727-4be2-4d43-b2a6-865b35677f1c;InstitutionId RSEQ;;;4;4;base;Flag football B F D4 Niveau 2 automne
oui;haute;Secondaire;Flag football;Flag football;Féminin;Montérégie;De Mortagne;École secondaire De Mortagne;Boucherville;Juvénile;D4;Féminin;bbafcbc2-993e-4d64-94b9-ac052c8bb80c;aea73880-b3ed-48d0-a2ba-291b9e055bd6;InstitutionId RSEQ;;;4;4;base;Flag football J F D4 Niveau 2 automne
oui;haute;Secondaire;Flag football;Flag football;Féminin;Montérégie;De Mortagne;École secondaire De Mortagne;Boucherville;Cadet;D4;Féminin;d2ee5297-59c3-45b5-98f2-8bd0b53a49ed;aea73880-b3ed-48d0-a2ba-291b9e055bd6;InstitutionId RSEQ;;;4;4;base;Flag football C F D4 Niveau 2 automne A
oui;haute;Secondaire;Flag football;Flag football;Masculin;Montérégie;Dr-Alexis-Bouthillier;École Docteur-Alexis-Bouthillier;Saint-Jean-sur-Richelieu;Benjamin;;Masculin;8d005179-4e3d-4aa8-85a7-7d7866ab3688;40df9a43-5fdf-47f9-b672-e4abb6066aae;InstitutionId RSEQ;;;4;4;base;Flag football B M automne
oui;haute;Secondaire;Flag football;Flag football;Masculin;Montérégie;Dr-Alexis-Bouthillier 2;École Docteur-Alexis-Bouthillier;Saint-Jean-sur-Richelieu;Benjamin;;Masculin;ea66329d-00de-4d94-8a71-b4f505f843c4;40df9a43-5fdf-47f9-b672-e4abb6066aae;InstitutionId RSEQ;;;4;4;base;Flag football B M automne
oui;haute;Secondaire;Flag football;Flag football;Féminin;Montérégie;Envolée;École l'Envolée;Granby;Cadet;D4;Féminin;b5d74d57-aaa6-4655-8b86-255adac54c37;7175b8d8-96fe-4ad3-b9cf-68afe63c07b4;InstitutionId RSEQ;;;4;4;base;Flag football C F D4 Niveau 2 Automne B
oui;haute;Secondaire;Flag football;Flag football;Féminin;Montérégie;Fernand-Lefebvre;École secondaire Fernand-Lefebvre;Sorel-Tracy;Juvénile;D4;Féminin;7a669fbc-874d-4a15-b702-4db3bb4b3f0a;4422352f-1e88-43de-8de8-f27117b9ad62;InstitutionId RSEQ;;;4;4;base;Flag football J F D4 Niveau 2 automne
oui;haute;Secondaire;Flag football;Flag football;Féminin;Montérégie;Fernand-Lefebvre;École secondaire Fernand-Lefebvre;Sorel-Tracy;Cadet;D4;Féminin;ac7cabc4-e9d1-4236-b4f2-46830ce27f3b;4422352f-1e88-43de-8de8-f27117b9ad62;InstitutionId RSEQ;;;4;4;base;Flag football C F D4 Niveau 2 automne A
oui;haute;Secondaire;Flag football;Flag football;Féminin;Montérégie;Fernand-Lefebvre;École secondaire Fernand-Lefebvre;Sorel-Tracy;Benjamin;D4;Féminin;1e9a957f-757a-464d-8e78-cdfaea06c9a0;4422352f-1e88-43de-8de8-f27117b9ad62;InstitutionId RSEQ;;;4;4;base;Flag football B F D4 Niveau 2 automne
oui;haute;Secondaire;Flag football;Flag football;Masculin;Montérégie;François-Williams;École secondaire François-Williams;Saint-Amable;Benjamin;;Masculin;47b0d5f8-46ad-49db-b355-808b1ac6ee36;0b14a183-4e21-4c32-855e-69924e348627;InstitutionId RSEQ;;;4;4;base;Flag football B M automne
oui;haute;Secondaire;Flag football;Flag football;Féminin;Montérégie;Hyacinthe-Delorme;Polyvalente Hyacinthe-Delorme;Saint-Hyacinthe;Juvénile;D4;Féminin;3bad903a-0a19-4967-8906-973a976b032e;afe552fe-dde3-4cc6-9ebf-a7a17b170808;InstitutionId RSEQ;;;4;4;base;Flag football J F D4 Niveau 1 automne A
oui;haute;Secondaire;Flag football;Flag football;Féminin;Montérégie;J.-J.-Bertrand;École Jean-Jacques-Bertrand;Farnham;Benjamin;;Féminin;d8d912fe-39f6-4609-8004-3f37c10e0d77;464146a3-a4d7-45ea-902b-7587860b1358;InstitutionId RSEQ;;;4;4;base;Flag football B F Automne C
oui;haute;Secondaire;Flag football;Flag football;Féminin;Montérégie;J.-J.-Bertrand;École Jean-Jacques-Bertrand;Farnham;Juvénile;D4;Féminin;cdb15621-8c16-463f-a69f-0c83a88b08ee;464146a3-a4d7-45ea-902b-7587860b1358;InstitutionId RSEQ;;;4;4;base;Flag football J F D4 Niveau 1 automne A
oui;haute;Secondaire;Flag football;Flag football;Féminin;Montérégie;J.-J.-Bertrand;École Jean-Jacques-Bertrand;Farnham;Cadet;D4;Féminin;32b3caad-b99d-43c8-bd27-78f800ced15d;464146a3-a4d7-45ea-902b-7587860b1358;InstitutionId RSEQ;;;4;4;base;Flag football C F D4 Niveau 1 automne A
oui;haute;Secondaire;Flag football;Flag football;Féminin;Montérégie;J.-J.-Bertrand 2;École Jean-Jacques-Bertrand;Farnham;Cadet;D4;Féminin;615a2ace-85db-4735-87f8-9deb33f6ffff;464146a3-a4d7-45ea-902b-7587860b1358;InstitutionId RSEQ;;;4;4;base;Flag football C F D4 Niveau 1 Automne B
oui;haute;Secondaire;Flag football;Flag football;Féminin;Montérégie;Joséphine-Dandurand;École Joséphine-Dandurand;Saint-Jean-sur-Richelieu;Juvénile;D4;Féminin;6bac5bb3-904d-4384-9bc5-f37b578bc178;64f96a58-d9db-44fe-9984-979bb9c4e20b;InstitutionId RSEQ;;;4;4;base;Flag football J F D4 Niveau 1 Automne B
oui;haute;Secondaire;Flag football;Flag football;Féminin;Montérégie;Joséphine-Dandurand;École Joséphine-Dandurand;Saint-Jean-sur-Richelieu;Cadet;D4;Féminin;5f17f2ec-997c-4305-9e92-65a05d487505;64f96a58-d9db-44fe-9984-979bb9c4e20b;InstitutionId RSEQ;;;4;4;base;Flag football C F D4 Niveau 1 automne A
oui;haute;Secondaire;Flag football;Flag football;Féminin;Montérégie;Magdeleine;École de la Magdeleine;La Prairie;Juvénile;D4;Féminin;93b0928d-a0d4-4d31-9b5a-32e0a03521a3;47eb2407-0cca-48f0-bfb5-64bc0a9eeaf8;InstitutionId RSEQ;;;4;4;base;Flag football J F D4 Niveau 1 Automne B
oui;haute;Secondaire;Flag football;Flag football;Féminin;Montérégie;Marcel-Landry;Polyvalente Marcel-Landry;Saint-Jean-sur-Richelieu;Benjamin;;Féminin;7a90c088-6135-4429-bfb3-d88a03ffaa82;cebedc2f-1c6a-4100-b99b-952bdbaba883;InstitutionId RSEQ;;;4;4;base;Flag football B F Automne C
oui;haute;Secondaire;Flag football;Flag football;Féminin;Montérégie;Marcellin-Champagnat;École secondaire Marcellin-Champagnat;Saint-Jean-sur-Richelieu;Cadet;D4;Féminin;d3c8b9e1-a7a3-4041-96da-b62e07f9200f;3c625f02-1840-4b9b-8efe-3066439736ce;InstitutionId RSEQ;;;4;4;base;Flag football C F D4 Niveau 1 automne A
oui;haute;Secondaire;Flag football;Flag football;Féminin;Montérégie;Marcellin-Champagnat;École secondaire Marcellin-Champagnat;Saint-Jean-sur-Richelieu;Cadet;D3;Féminin;e099361d-06e7-40a9-95ca-52e176cfd734;3c625f02-1840-4b9b-8efe-3066439736ce;InstitutionId RSEQ;;;4;4;base;Flag football C F D3 automne
oui;haute;Secondaire;Flag football;Flag football;Féminin;Montérégie;Marcellin-Champagnat;École secondaire Marcellin-Champagnat;Saint-Jean-sur-Richelieu;Juvénile;D3;Féminin;e1dfff5c-2abd-426d-989f-125e80477db2;3c625f02-1840-4b9b-8efe-3066439736ce;InstitutionId RSEQ;;;4;4;base;Flag football J F D3 automne
oui;haute;Secondaire;Flag football;Flag football;Féminin;Montérégie;Marguerite-Bourgeoys STJ;École Marguerite-Bourgeoys;Saint-Jean-sur-Richelieu;Benjamin;;Féminin;9f40fcb6-b750-4d1a-b0aa-17dd371bfcf5;aab993e8-4ee1-42ce-95d6-04049833b71f;InstitutionId RSEQ;;;4;4;base;Flag football B F Automne C
oui;haute;Secondaire;Flag football;Flag football;Féminin;Montérégie;Mgr-Euclide-Théberge;École Monseigneur-Euclide-Théberge;Marieville;Cadet;D4;Féminin;ebb9b26a-1346-4a7e-8133-d027d2b3704c;60a23d25-6f93-4220-953c-4e40b63e06c2;InstitutionId RSEQ;;;4;4;base;Flag football C F D4 Niveau 2 Automne B
oui;haute;Secondaire;Flag football;Flag football;Féminin;Montérégie;Mgr-Euclide-Théberge;École Monseigneur-Euclide-Théberge;Marieville;Cadet;D4;Féminin;6afffa9a-c4de-4630-a1e8-232336379138;60a23d25-6f93-4220-953c-4e40b63e06c2;InstitutionId RSEQ;;;4;4;base;Flag football C F D4 Niveau 1 automne A
oui;haute;Secondaire;Flag football;Flag football;Féminin;Montérégie;Mgr-Euclide-Théberge;École Monseigneur-Euclide-Théberge;Marieville;Benjamin;D4;Féminin;862366a5-b7e8-4bfa-988b-cb8f5e20d957;60a23d25-6f93-4220-953c-4e40b63e06c2;InstitutionId RSEQ;;;4;4;base;Flag football B F D4 Niveau 2 automne
oui;haute;Secondaire;Flag football;Flag football;Féminin;Montérégie;Mgr-Euclide-Théberge;École Monseigneur-Euclide-Théberge;Marieville;Juvénile;D4;Féminin;5c5dbbad-b234-411e-97be-aa074c45022d;60a23d25-6f93-4220-953c-4e40b63e06c2;InstitutionId RSEQ;;;4;4;base;Flag football J F D4 Niveau 1 automne A
oui;haute;Secondaire;Flag football;Flag football;Féminin;Montérégie;Ozias-Leduc;École secondaire Ozias-Leduc;Mont-Saint-Hilaire;Cadet;D4;Féminin;9ed6c5ca-4253-4976-bfb0-63043020665a;100c16f4-6d69-453a-87cd-12e6918c1763;InstitutionId RSEQ;;;4;4;base;Flag football C F D4 Niveau 1 Automne B
oui;haute;Secondaire;Flag football;Flag football;Féminin;Montérégie;Ozias-Leduc;École secondaire Ozias-Leduc;Mont-Saint-Hilaire;Benjamin;;Féminin;5e4a9283-9ad1-441c-a9b8-cddce704465b;100c16f4-6d69-453a-87cd-12e6918c1763;InstitutionId RSEQ;;;4;4;base;Flag football B F Automne B
oui;haute;Secondaire;Flag football;Flag football;Féminin;Montérégie;P.-G.-Ostiguy;École Paul-Germain-Ostiguy;Saint-Césaire;Benjamin;D4;Féminin;4fa054c0-8890-4e77-9bbf-5ffcaf5c2396;09608675-9e54-4d00-9cb1-66648c9193df;InstitutionId RSEQ;;;4;4;base;Flag football B F D4 Niveau 2 automne
oui;haute;Secondaire;Flag football;Flag football;Féminin;Montérégie;P.-G.-Ostiguy;École Paul-Germain-Ostiguy;Saint-Césaire;Juvénile;D3;Féminin;95fcd993-4c06-4ea1-b274-ea4d16896a01;09608675-9e54-4d00-9cb1-66648c9193df;InstitutionId RSEQ;;;4;4;base;Flag football J F D3 automne
oui;haute;Secondaire;Flag football;Flag football;Féminin;Montérégie;P.-G.-Ostiguy;École Paul-Germain-Ostiguy;Saint-Césaire;Benjamin;;Féminin;ec8a66a0-a705-43b8-9fdf-f45d0fcfc25f;09608675-9e54-4d00-9cb1-66648c9193df;InstitutionId RSEQ;;;4;4;base;Flag football B F Automne B
oui;haute;Secondaire;Flag football;Flag football;Féminin;Montérégie;P.-G.-Ostiguy 1;École Paul-Germain-Ostiguy;Saint-Césaire;Cadet;D4;Féminin;2c1c81e5-89e7-4eb1-b936-722207982121;09608675-9e54-4d00-9cb1-66648c9193df;InstitutionId RSEQ;;;4;4;base;Flag football C F D4 Niveau 1 automne A
oui;haute;Secondaire;Flag football;Flag football;Féminin;Montérégie;P.-G.-Ostiguy 2;École Paul-Germain-Ostiguy;Saint-Césaire;Cadet;D4;Féminin;5eb309c4-dff9-4b97-b636-ba6375f3c0f2;09608675-9e54-4d00-9cb1-66648c9193df;InstitutionId RSEQ;;;4;4;base;Flag football C F D4 Niveau 1 Automne B
oui;haute;Secondaire;Flag football;Flag football;Féminin;Montérégie;Patriotes;École secondaire des Patriotes-de-Beauharnois;Beauharnois;Juvénile;D4;Féminin;c5bf6304-d3ba-4ea6-8156-da359b993803;688e8725-13ba-4bc5-9410-b488c2844636;InstitutionId RSEQ;;;4;4;base;Flag football J F D4 Niveau 1 Automne B
oui;haute;Secondaire;Flag football;Flag football;Féminin;Montérégie;Patriotes 1;École secondaire des Patriotes-de-Beauharnois;Beauharnois;Benjamin;;Féminin;8b7d6adb-3810-49d3-b75f-2ac1aea52f59;688e8725-13ba-4bc5-9410-b488c2844636;InstitutionId RSEQ;;;4;4;base;Flag football B F Automne D
oui;haute;Secondaire;Flag football;Flag football;Féminin;Montérégie;Patriotes 1;École secondaire des Patriotes-de-Beauharnois;Beauharnois;Cadet;D4;Féminin;fefa6299-a91e-4076-8c5d-4b5228d55cb6;688e8725-13ba-4bc5-9410-b488c2844636;InstitutionId RSEQ;;;4;4;base;Flag football C F D4 Niveau 1 Automne C
oui;haute;Secondaire;Flag football;Flag football;Féminin;Montérégie;Patriotes 2;École secondaire des Patriotes-de-Beauharnois;Beauharnois;Benjamin;;Féminin;ee9d6735-d8d4-4aea-95d6-61a5af7411e1;688e8725-13ba-4bc5-9410-b488c2844636;InstitutionId RSEQ;;;4;4;base;Flag football B F Automne D
oui;haute;Secondaire;Flag football;Flag football;Féminin;Montérégie;Patriotes 2;École secondaire des Patriotes-de-Beauharnois;Beauharnois;Cadet;D4;Féminin;4f0969ba-b216-40dd-a2a5-b013d7984932;688e8725-13ba-4bc5-9410-b488c2844636;InstitutionId RSEQ;;;4;4;base;Flag football C F D4 Niveau 1 Automne C
oui;haute;Secondaire;Flag football;Flag football;Masculin;Montérégie;Robert-Ouimet;Polyvalente Robert-Ouimet;Acton Vale;Benjamin;;Masculin;5d2104cc-3d87-45fc-831b-2c24fefc6c0b;6aabb8fd-3fbc-409d-b77b-9f7bf562a94f;InstitutionId RSEQ;;;4;4;base;Flag football B M automne
oui;haute;Secondaire;Flag football;Flag football;Masculin;Montérégie;Robert-Ouimet_Cad;Polyvalente Robert-Ouimet;Acton Vale;Juvénile;;Masculin;9aedca31-9932-4ad7-9111-08c867cc2032;6aabb8fd-3fbc-409d-b77b-9f7bf562a94f;InstitutionId RSEQ;;;4;4;base;Flag football J M automne
oui;haute;Secondaire;Flag football;Flag football;Masculin;Montérégie;Robert-Ouimet_Juv;Polyvalente Robert-Ouimet;Acton Vale;Juvénile;;Masculin;81d4e298-c177-4527-84d2-8899adda4903;6aabb8fd-3fbc-409d-b77b-9f7bf562a94f;InstitutionId RSEQ;;;4;4;base;Flag football J M automne
oui;haute;Secondaire;Flag football;Flag football;Féminin;Montérégie;Saint-Johns High School;École Saint-Johns;Saint-Jean-sur-Richelieu;Benjamin;D4;Féminin;2610d712-fb5e-4c5e-9aeb-6d6aa4066b93;91baca6b-9aee-4bee-b111-6637aa6ab71c;InstitutionId RSEQ;;;4;4;base;Flag football B F D4 Niveau 2 automne
oui;haute;Secondaire;Flag football;Flag football;Féminin;Montérégie;Saint-Joseph;École secondaire Saint-Joseph;Saint-Hyacinthe;Benjamin;;Féminin;06a9bc0f-5aa5-40f0-a05f-fec061c3163a;12e2819f-0f85-4af0-875a-990ce00b4735;InstitutionId RSEQ;;;4;4;base;Flag football B F automne A
oui;haute;Secondaire;Flag football;Flag football;Féminin;Montérégie;Saint-Joseph;École secondaire Saint-Joseph;Saint-Hyacinthe;Juvénile;D4;Féminin;6367900c-a482-48d3-8090-7755cb1e57cf;12e2819f-0f85-4af0-875a-990ce00b4735;InstitutionId RSEQ;;;4;4;base;Flag football J F D4 Niveau 1 automne A
oui;haute;Secondaire;Flag football;Flag football;Féminin;Montérégie;Saint-Joseph;École secondaire Saint-Joseph;Saint-Hyacinthe;Cadet;D3;Féminin;522baf20-49e2-4e92-affd-047da28dc069;12e2819f-0f85-4af0-875a-990ce00b4735;InstitutionId RSEQ;;;4;4;base;Flag football C F D3 automne
oui;haute;Secondaire;Flag football;Flag football;Féminin;Montérégie;St-Edmond;École secondaire Saint-Edmond;Longueuil;Benjamin;;Féminin;d8f485bb-0900-474b-895a-91ac5d80bf50;abde56a3-ef58-41d6-bbd4-040cb63a336b;InstitutionId RSEQ;;;4;4;base;Flag football B F Automne B
oui;haute;Secondaire;Flag football;Flag football;Féminin;Montérégie;St-Edmond;École secondaire Saint-Edmond;Longueuil;Cadet;D4;Féminin;adce20a1-dedf-4595-8058-48c24d1ce09b;abde56a3-ef58-41d6-bbd4-040cb63a336b;InstitutionId RSEQ;;;4;4;base;Flag football C F D4 Niveau 1 Automne B
oui;haute;Secondaire;Flag football;Flag football;Féminin;Montérégie;St-Edmond;École secondaire Saint-Edmond;Longueuil;Juvénile;D3;Féminin;71e301c2-fc4d-421c-bf5e-4e0fdc7219d0;abde56a3-ef58-41d6-bbd4-040cb63a336b;InstitutionId RSEQ;;;4;4;base;Flag football J F D3 automne
oui;haute;Secondaire;Flag football;Flag football;Masculin;Montérégie;Timoniers;École des Timoniers;Sainte-Catherine;Benjamin;;Masculin;8469a5c1-a5ea-4be4-9347-2b590baee556;336e63f5-fbe8-4b9e-a1bc-12aba36832bb;InstitutionId RSEQ;;;4;4;base;Flag football B M automne
oui;haute;Secondaire;Flag football;Flag football;Féminin;Montérégie;Timoniers;École des Timoniers;Sainte-Catherine;Cadet;D4;Féminin;f2002d26-643a-4441-8672-efd07ff8d9dd;336e63f5-fbe8-4b9e-a1bc-12aba36832bb;InstitutionId RSEQ;;;4;4;base;Flag football C F D4 Niveau 2 automne A
oui;haute;Secondaire;Flag football;Flag football;Féminin;Montérégie;Verbe-Divin;École secondaire du Verbe Divin;Granby;Cadet;D4;Féminin;69254ba9-28a5-4c7e-8d06-50f7dd085d70;ef0e0997-674b-4ee0-a913-8fd32c0146b8;InstitutionId RSEQ;;;4;4;base;Flag football C F D4 Niveau 2 Automne B
oui;haute;Secondaire;Flag football;Flag football;Féminin;Montérégie;Verbe-Divin;École secondaire du Verbe Divin;Granby;Juvénile;D4;Féminin;e958f9b7-f266-41d9-a123-681691d88d6e;ef0e0997-674b-4ee0-a913-8fd32c0146b8;InstitutionId RSEQ;;;4;4;base;Flag football J F D4 Niveau 2 automne
oui;haute;Secondaire;Flag football;Flag football;Féminin;Montérégie;Verbe-Divin 2;École secondaire du Verbe Divin;Granby;Cadet;D4;Féminin;00e3d966-9914-4496-99f8-16364b29e86a;ef0e0997-674b-4ee0-a913-8fd32c0146b8;InstitutionId RSEQ;;;4;4;base;Flag football C F D4 Niveau 2 Automne B
oui;haute;Secondaire;Flag football;Flag football;Masculin;Montréal;Académie de Roberval;Académie De Roberval;Montréal;Juvénile;D4;Masculin;bfd6c0c3-b205-4360-9406-4fb551f03363;f906e673-b56e-4f94-b4b5-7e28c7a25d9e;InstitutionId RSEQ;;;6;6;base;Flag football J M D4 AUTOMNE
oui;haute;Secondaire;Flag football;Flag football;Féminin;Montréal;Académie de Roberval;Académie De Roberval;Montréal;Juvénile;D4;Féminin;a6a839b6-b65f-4dd3-ab11-12fea802d5ee;f906e673-b56e-4f94-b4b5-7e28c7a25d9e;InstitutionId RSEQ;;;6;6;base;Flag football J F D4 AUTOMNE ouest
oui;haute;Secondaire;Flag football;Flag football;Féminin;Montréal;Collège d'Anjou;Collège d'Anjou;Montréal;Cadet;D4;Féminin;bd4224eb-873c-46e2-887b-1d585d1f66d0;1f32b1be-3ecf-45f1-89aa-87883256711b;InstitutionId RSEQ;;;6;6;base;Flag football C F D4 AUTOMNE Est
oui;haute;Secondaire;Flag football;Flag football;Féminin;Montréal;Collège Jean-Eudes;Collège Jean-Eudes;Montréal;Juvénile;D4;Féminin;d8496d67-f8a3-490a-b860-fadd20f736d4;ea11a9e0-aad9-4294-8ac2-2a6302317e0c;InstitutionId RSEQ;;;6;6;base;Flag football J F D4 AUTOMNE ouest
oui;haute;Secondaire;Flag football;Flag football;Féminin;Montréal;Collège Jean-Eudes;Collège Jean-Eudes;Montréal;Benjamin;D4;Féminin;e196213b-1c62-4b38-9337-a239f74b9538;ea11a9e0-aad9-4294-8ac2-2a6302317e0c;InstitutionId RSEQ;;;6;6;base;Flag football B F D4 AUTOMNE Ouest
oui;haute;Secondaire;Flag football;Flag football;Féminin;Montréal;Collège Jean-Eudes 1;Collège Jean-Eudes;Montréal;Cadet;D4;Féminin;220ab86e-4020-40ee-ac38-e17c103af133;ea11a9e0-aad9-4294-8ac2-2a6302317e0c;InstitutionId RSEQ;;;6;6;base;Flag football C F D4 AUTOMNE Ouest
oui;haute;Secondaire;Flag football;Flag football;Féminin;Montréal;Collège Jean-Eudes 2;Collège Jean-Eudes;Montréal;Cadet;D4;Féminin;b3c3f8d2-d286-4736-8ec4-d7faa18fc20a;ea11a9e0-aad9-4294-8ac2-2a6302317e0c;InstitutionId RSEQ;;;6;6;base;Flag football C F D4 AUTOMNE Ouest
oui;haute;Secondaire;Flag football;Flag football;Féminin;Montréal;Collège Mont-Royal;Collège Mont-Royal;Montréal;Juvénile;D4;Féminin;cc43c3d3-ff16-4ff6-a563-f47685c3c1ac;86780e0f-370b-4656-9215-e898c9ebcf42;InstitutionId RSEQ;;;6;6;base;Flag football J F D4 AUTOMNE Est
oui;haute;Secondaire;Flag football;Flag football;Féminin;Montréal;Collège Mont-St-Louis;Collège Mont-Saint-Louis;Montréal;Benjamin;D4;Féminin;0de1957e-1391-4258-aa9c-57a2669c3bd9;c628744d-935f-49c9-9fdb-f7b985be384f;InstitutionId RSEQ;;;6;6;base;Flag football B F D4 AUTOMNE Est
oui;haute;Secondaire;Flag football;Flag football;Féminin;Montréal;Collège Mont-St-Louis ;Collège Mont-Saint-Louis;Montréal;Cadet;D4;Féminin;507f9085-5304-4623-9724-62aa7b20ade8;c628744d-935f-49c9-9fdb-f7b985be384f;InstitutionId RSEQ;;;6;6;base;Flag football C F D4 AUTOMNE Est
oui;haute;Secondaire;Flag football;Flag football;Masculin;Montréal;Collège Mont-St-Louis -1;Collège Mont-Saint-Louis;Montréal;Benjamin;D3;Masculin;7465c62b-2d1f-4221-be86-c3ce3555fdd3;c628744d-935f-49c9-9fdb-f7b985be384f;InstitutionId RSEQ;;;6;6;base;Flag football B M D3 AUTOMNE
oui;haute;Secondaire;Flag football;Flag football;Masculin;Montréal;Collège Mont-St-Louis -D3;Collège Mont-Saint-Louis;Montréal;Cadet;D3;Masculin;a31ae7c3-ac0e-4433-8dd3-8d0ba7e1e905;c628744d-935f-49c9-9fdb-f7b985be384f;InstitutionId RSEQ;;;6;6;base;Flag football C M D3 AUTOMNE
oui;haute;Secondaire;Flag football;Flag football;Féminin;Montréal;Collège Mont-St-Louis -D3;Collège Mont-Saint-Louis;Montréal;Juvénile;D4;Féminin;a6b8c96a-baff-4901-a234-959fcb22925b;c628744d-935f-49c9-9fdb-f7b985be384f;InstitutionId RSEQ;;;6;6;base;Flag football J F D4 AUTOMNE Est
oui;haute;Secondaire;Flag football;Flag football;Masculin;Montréal;Collège Mont-St-Louis -D3;Collège Mont-Saint-Louis;Montréal;Benjamin;D3;Masculin;342f5f5b-4d66-447d-aaaa-84c9370b335d;c628744d-935f-49c9-9fdb-f7b985be384f;InstitutionId RSEQ;;;6;6;base;Flag football B M D3 AUTOMNE
oui;haute;Secondaire;Flag football;Flag football;Masculin;Montréal;Collège Mont-St-Louis 2;Collège Mont-Saint-Louis;Montréal;Benjamin;D3;Masculin;1a71ba6a-3011-4915-b8e3-9ebf500a2c90;c628744d-935f-49c9-9fdb-f7b985be384f;InstitutionId RSEQ;;;6;6;base;Flag football B M D3 AUTOMNE
oui;haute;Secondaire;Flag football;Flag football;Féminin;Montréal;Collège Mont-St-Louis 2;Collège Mont-Saint-Louis;Montréal;Benjamin;D4;Féminin;ca1cef8a-93c6-4b92-b5f6-e2724a0afee9;c628744d-935f-49c9-9fdb-f7b985be384f;InstitutionId RSEQ;;;6;6;base;Flag football B F D4 AUTOMNE Est
oui;haute;Secondaire;Flag football;Flag football;Féminin;Montréal;Collège Notre-Dame;Collège Notre-Dame;Montréal;Benjamin;D4;Féminin;7924e1e5-2542-48b7-b9b0-0abd0bbf87e6;f7a54b0e-698f-4bc2-9bba-5ee28c91ede6;InstitutionId RSEQ;;;6;6;base;Flag football B F D4 AUTOMNE Ouest
oui;haute;Secondaire;Flag football;Flag football;Féminin;Montréal;Collège Notre-Dame;Collège Notre-Dame;Montréal;Cadet;D4;Féminin;c73e54dc-6e0d-4ba4-a89b-58bd8dbe42f2;f7a54b0e-698f-4bc2-9bba-5ee28c91ede6;InstitutionId RSEQ;;;6;6;base;Flag football C F D4 AUTOMNE Ouest
oui;haute;Secondaire;Flag football;Flag football;Féminin;Montréal;Collège Notre-Dame - D3;Collège Notre-Dame;Montréal;Juvénile;D4;Féminin;1ddcbd2a-cef3-48e4-a379-504dc8d879a2;f7a54b0e-698f-4bc2-9bba-5ee28c91ede6;InstitutionId RSEQ;;;6;6;base;Flag football J F D4 AUTOMNE Est
oui;haute;Secondaire;Flag football;Flag football;Féminin;Montréal;Collège Regina Assumpta;Collège Regina Assumpta;Montréal;Juvénile;D4;Féminin;d4f319e6-5215-48de-ae46-9557972c5a7e;d911ac4b-e71e-47df-949c-2a42d6407ef7;InstitutionId RSEQ;;;6;6;base;Flag football J F D4 AUTOMNE Est
oui;haute;Secondaire;Flag football;Flag football;Féminin;Montréal;Collège Regina Assumpta;Collège Regina Assumpta;Montréal;Cadet;D4;Féminin;6ab0f140-027f-44f1-8065-0b333c600f2f;d911ac4b-e71e-47df-949c-2a42d6407ef7;InstitutionId RSEQ;;;6;6;base;Flag football C F D4 AUTOMNE Est
oui;haute;Secondaire;Flag football;Flag football;Masculin;Montréal;Collège Regina Assumpta;Collège Regina Assumpta;Montréal;Benjamin;D3;Masculin;2cb0b08d-c42c-4533-9187-6ec5361ba160;d911ac4b-e71e-47df-949c-2a42d6407ef7;InstitutionId RSEQ;;;6;6;base;Flag football B M D3 AUTOMNE
oui;haute;Secondaire;Flag football;Flag football;Féminin;Montréal;Collège Regina Assumpta;Collège Regina Assumpta;Montréal;Benjamin;D4;Féminin;b6bfce75-741d-43dc-91c6-38fbff1a33ff;d911ac4b-e71e-47df-949c-2a42d6407ef7;InstitutionId RSEQ;;;6;6;base;Flag football B F D4 AUTOMNE Est
oui;haute;Secondaire;Flag football;Flag football;Masculin;Montréal;Collège Regina Assumpta;Collège Regina Assumpta;Montréal;Cadet;D3;Masculin;5ecbd3e8-224e-4871-a84f-e06e0fd3adca;d911ac4b-e71e-47df-949c-2a42d6407ef7;InstitutionId RSEQ;;;6;6;base;Flag football C M D3 AUTOMNE
oui;haute;Secondaire;Flag football;Flag football;Féminin;Montréal;Collège Reine-Marie;Collège Reine-Marie;Montréal;Benjamin;D4;Féminin;f83f9025-83e0-4d9b-91c0-b5fb5ecec78e;9b6961c4-6b05-44ee-8272-7a1835aaa8ce;InstitutionId RSEQ;;;6;6;base;Flag football B F D4 AUTOMNE Est
oui;haute;Secondaire;Flag football;Flag football;Féminin;Montréal;Collège Reine-Marie;Collège Reine-Marie;Montréal;Cadet;D4;Féminin;0bb10b59-74c2-42d2-aa8d-729bc26c9e16;9b6961c4-6b05-44ee-8272-7a1835aaa8ce;InstitutionId RSEQ;;;6;6;base;Flag football C F D4 AUTOMNE Est
oui;haute;Secondaire;Flag football;Flag football;Féminin;Montréal;Collège St-Jean-Vianney;Collège St-Jean-Vianney;Montréal;Cadet;D4;Féminin;8c427e3d-8af6-409c-b0b2-7ed149fb6a35;24ee7ebf-fede-47dd-b666-bd1530b303ad;InstitutionId RSEQ;;;6;6;base;Flag football C F D4 AUTOMNE Est
oui;haute;Secondaire;Flag football;Flag football;Féminin;Montréal;Collège St-Jean-Vianney;Collège St-Jean-Vianney;Montréal;Benjamin;D4;Féminin;b68db737-e1d2-4908-b173-68ed0ff042ab;24ee7ebf-fede-47dd-b666-bd1530b303ad;InstitutionId RSEQ;;;6;6;base;Flag football B F D4 AUTOMNE Est
oui;haute;Secondaire;Flag football;Flag football;Féminin;Montréal;Collège St-Jean-Vianney -D3;Collège St-Jean-Vianney;Montréal;Juvénile;D4;Féminin;0f8e79fd-2423-45a0-b208-9792108da90e;24ee7ebf-fede-47dd-b666-bd1530b303ad;InstitutionId RSEQ;;;6;6;base;Flag football J F D4 AUTOMNE Est
oui;haute;Secondaire;Flag football;Flag football;Féminin;Montréal;Collège St-Jean-Vianney 2;Collège St-Jean-Vianney;Montréal;Cadet;D4;Féminin;e2cbc303-8792-45e7-ae51-730021e5398f;24ee7ebf-fede-47dd-b666-bd1530b303ad;InstitutionId RSEQ;;;6;6;base;Flag football C F D4 AUTOMNE Est
oui;haute;Secondaire;Flag football;Flag football;Féminin;Montréal;Collège Ville-Marie;Collège Ville-Marie;Montréal;Benjamin;D4;Féminin;9c68aa08-4dd6-447d-bbc5-844d73a431c0;543b4810-5154-4292-afc2-47730f5ba788;InstitutionId RSEQ;;;6;6;base;Flag football B F D4 AUTOMNE Ouest
oui;haute;Secondaire;Flag football;Flag football;Masculin;Montréal;Collège Ville-Marie;Collège Ville-Marie;Montréal;Cadet;D3;Masculin;cde3a3a8-bbc4-4398-81fb-362665fab201;543b4810-5154-4292-afc2-47730f5ba788;InstitutionId RSEQ;;;6;6;base;Flag football C M D3 AUTOMNE
oui;haute;Secondaire;Flag football;Flag football;Féminin;Montréal;Collège Ville-Marie;Collège Ville-Marie;Montréal;Juvénile;D4;Féminin;264512d7-0ab6-4002-a1cf-9f8849ea1649;543b4810-5154-4292-afc2-47730f5ba788;InstitutionId RSEQ;;;6;6;base;Flag football J F D4 AUTOMNE ouest
oui;haute;Secondaire;Flag football;Flag football;Féminin;Montréal;ÉS de la Pointe-aux-Trembles;École secondaire de la Pointe-aux-Trembles;Montréal;Juvénile;D4;Féminin;fa069081-3b07-4b9a-b578-e5b29d17bdc7;15898bf7-a1e6-4ff6-a0f8-34f26733a16d;InstitutionId RSEQ;;;6;6;base;Flag football J F D4 AUTOMNE Est
oui;haute;Secondaire;Flag football;Flag football;Féminin;Montréal;ÉS de la Pointe-aux-Trembles;École secondaire de la Pointe-aux-Trembles;Montréal;Cadet;D4;Féminin;47cbc860-2f68-4bd5-8c17-58e83c6c8bb2;15898bf7-a1e6-4ff6-a0f8-34f26733a16d;InstitutionId RSEQ;;;6;6;base;Flag football C F D4 AUTOMNE Est
oui;haute;Secondaire;Flag football;Flag football;Masculin;Montréal;ÉS de la Pointe-aux-Trembles;École secondaire de la Pointe-aux-Trembles;Montréal;Juvénile;D3;Masculin;f06eb50b-81db-4b0b-be1b-9588581d5be5;15898bf7-a1e6-4ff6-a0f8-34f26733a16d;InstitutionId RSEQ;;;6;6;base;Flag football J M D3 AUTOMNE
oui;haute;Secondaire;Flag football;Flag football;Masculin;Montréal;ÉS de la Pointe-aux-Trembles;École secondaire de la Pointe-aux-Trembles;Montréal;Cadet;D3;Masculin;ac1a32c5-8242-4327-86b8-86f385b9824e;15898bf7-a1e6-4ff6-a0f8-34f26733a16d;InstitutionId RSEQ;;;6;6;base;Flag football C M D3 AUTOMNE
oui;haute;Secondaire;Flag football;Flag football;Féminin;Montréal;ÉS Jean-Grou;École secondaire Jean-Grou;Montréal;Benjamin;D3;Féminin;29db454e-d8af-4c0d-91ca-60312aa9dfcb;0a884190-2dc9-4373-a035-5fb193a070f0;InstitutionId RSEQ;;;6;6;base;Flag football B F D3 AUTOMNE
oui;haute;Secondaire;Flag football;Flag football;Masculin;Montréal;ÉS Jean-Grou;École secondaire Jean-Grou;Montréal;Juvénile;D3;Masculin;629036bc-bd48-4ad8-a392-e25480a70c73;0a884190-2dc9-4373-a035-5fb193a070f0;InstitutionId RSEQ;;;6;6;base;Flag football J M D3 AUTOMNE
oui;haute;Secondaire;Flag football;Flag football;Féminin;Montréal;ÉS Jean-Grou;École secondaire Jean-Grou;Montréal;Juvénile;D3;Féminin;dc4bad0b-c078-4035-9d03-a872cfcf80bd;0a884190-2dc9-4373-a035-5fb193a070f0;InstitutionId RSEQ;;;6;6;base;Flag football J F D3 AUTOMNE
oui;haute;Secondaire;Flag football;Flag football;Masculin;Montréal;ÉS Jean-Grou D3;École secondaire Jean-Grou;Montréal;Benjamin;D3;Masculin;be40218b-dd49-4efc-ab0e-ba79e4a5d842;0a884190-2dc9-4373-a035-5fb193a070f0;InstitutionId RSEQ;;;6;6;base;Flag football B M D3 AUTOMNE
oui;haute;Secondaire;Flag football;Flag football;Féminin;Montréal;ÉS La Voie;École La Voie;Montréal;Cadet;D4;Féminin;4e86fdea-a5fd-43cd-874d-6ad79a1ca5a5;13413415-2558-41fc-b5f9-e1a957608fce;InstitutionId RSEQ;;;6;6;base;Flag football C F D4 AUTOMNE Ouest
oui;haute;Secondaire;Flag football;Flag football;Féminin;Montréal;ÉS Louise-Trichet;École Louise-Trichet;Montréal;Juvénile;D4;Féminin;85ce0e88-d0c2-41f4-b47d-98f73a747968;4a4e7559-eb49-4e2d-8187-371cad1e7751;InstitutionId RSEQ;;;6;6;base;Flag football J F D4 AUTOMNE Est
oui;haute;Secondaire;Flag football;Flag football;Masculin;Montréal;ÉS Marcelin-Wilson;École La Dauversière-Évangéline;Montréal;Juvénile;D4;Masculin;8ab3a805-3358-491b-ace9-015771b3742b;1414acce-2b5d-4a38-9848-a3d3dd11e7b4;InstitutionId RSEQ;;;6;6;base;Flag football J M D4 AUTOMNE
oui;haute;Secondaire;Flag football;Flag football;Féminin;Montréal;ÉS Marguerite-De Lajemmerais;École Marguerite-De Lajemmerais;Montréal;Cadet;D4;Féminin;116f8f23-702d-4981-b2f8-624f4489de9a;82a131ba-1a0e-4332-839f-95fd86c88e62;InstitutionId RSEQ;;;6;6;base;Flag football C F D4 AUTOMNE Ouest
oui;haute;Secondaire;Flag football;Flag football;Féminin;Montréal;ÉS Marguerite-De Lajemmerais;École Marguerite-De Lajemmerais;Montréal;Juvénile;D4;Féminin;dc9a04f2-fe78-49c6-b0e4-90f94ec1cc67;82a131ba-1a0e-4332-839f-95fd86c88e62;InstitutionId RSEQ;;;6;6;base;Flag football J F D4 AUTOMNE ouest
oui;haute;Secondaire;Flag football;Flag football;Féminin;Montréal;ÉS Père-Marquette;École Père-Marquette;Montréal;Juvénile;D4;Féminin;34c15448-3912-47ae-8d7b-092fe49630e3;596096bc-70b2-468d-b2ea-d6f09849825f;InstitutionId RSEQ;;;6;6;base;Flag football J F D4 AUTOMNE ouest
oui;haute;Secondaire;Flag football;Flag football;Féminin;Montréal;ÉS Père-Marquette;École Père-Marquette;Montréal;Benjamin;D4;Féminin;14129de4-625f-4afc-839a-61616d4eb35b;596096bc-70b2-468d-b2ea-d6f09849825f;InstitutionId RSEQ;;;6;6;base;Flag football B F D4 AUTOMNE Ouest
oui;haute;Secondaire;Flag football;Flag football;Féminin;Montréal;ÉS Père-Marquette;École Père-Marquette;Montréal;Cadet;D4;Féminin;8590d97d-ad08-4ce2-8f7f-c1fe3ecdd535;596096bc-70b2-468d-b2ea-d6f09849825f;InstitutionId RSEQ;;;6;6;base;Flag football C F D4 AUTOMNE Ouest
oui;haute;Secondaire;Flag football;Flag football;Féminin;Montréal;ÉS Père-Marquette 2;École Père-Marquette;Montréal;Cadet;D4;Féminin;11abae74-fde1-4040-9ce2-20859fe2842c;596096bc-70b2-468d-b2ea-d6f09849825f;InstitutionId RSEQ;;;6;6;base;Flag football C F D4 AUTOMNE Ouest
oui;haute;Secondaire;Flag football;Flag football;Féminin;Montréal;ÉS Sophie-Barat;École Sophie-Barat;Montréal;Juvénile;D3;Féminin;12554932-ef2f-46c7-beda-823bcc6354d7;7ff24787-4792-4e89-9f1d-6ee8bc77d0c0;InstitutionId RSEQ;;;6;6;base;Flag football J F D3 AUTOMNE
oui;haute;Secondaire;Flag football;Flag football;Masculin;Montréal;ÉS Sophie-Barat;École Sophie-Barat;Montréal;Juvénile;D3;Masculin;837ad823-3278-4d43-846b-e51b1b8db109;7ff24787-4792-4e89-9f1d-6ee8bc77d0c0;InstitutionId RSEQ;;;6;6;base;Flag football J M D3 AUTOMNE
oui;haute;Secondaire;Flag football;Flag football;Féminin;Montréal;Letendre;École Letendre;Laval;Cadet;D4;Féminin;227fdb46-f95d-4285-aec9-a11c1617a11e;0da0d452-74ee-4073-b1f2-d4e352f60b99;InstitutionId RSEQ;;;6;6;base;Flag football C F D4 AUTOMNE Est
oui;haute;Secondaire;Flag football;Flag football;Féminin;Montréal;Letendre;École Letendre;Laval;Benjamin;D4;Féminin;7c65b5db-4ae3-42b9-9dfb-2407b30f71c6;0da0d452-74ee-4073-b1f2-d4e352f60b99;InstitutionId RSEQ;;;6;6;base;Flag football B F D4 AUTOMNE Est
oui;haute;Secondaire;Flag football;Flag football;Féminin;Montréal;Villa Ste-Marcelline (S);Villa Sainte-Marcelline;Westmount;Juvénile;D4;Féminin;fb8ff6d6-8105-4df2-bc1b-022c97df08c6;4ce7fd11-616b-4ca7-9fb4-ecbe34772ce4;InstitutionId RSEQ;;;6;6;base;Flag football J F D4 AUTOMNE ouest
oui;haute;Secondaire;Flag football;Flag football;Féminin;Montréal;Villa Ste-Marcelline (S);Villa Sainte-Marcelline;Westmount;Cadet;D4;Féminin;d81e6a6c-5fc1-4e19-9e61-45ba04d3e0a8;4ce7fd11-616b-4ca7-9fb4-ecbe34772ce4;InstitutionId RSEQ;;;6;6;base;Flag football C F D4 AUTOMNE Ouest
oui;haute;Secondaire;Flag football;Flag football;Féminin;Montréal;Villa Ste-Marcelline (S);Villa Sainte-Marcelline;Westmount;Benjamin;D4;Féminin;3c951edc-6767-419a-bbe6-ea3243a0ad96;4ce7fd11-616b-4ca7-9fb4-ecbe34772ce4;InstitutionId RSEQ;;;6;6;base;Flag football B F D4 AUTOMNE Ouest
oui;haute;Secondaire;Flag football;Flag football;Féminin;Montréal;Villa-Maria;Villa Maria;Montréal;Juvénile;D4;Féminin;2f79b4cf-d3e4-44d7-be31-b23f15575ea4;4cb4b962-e10c-4c5a-a116-9e3f834a9d6d;InstitutionId RSEQ;;;6;6;base;Flag football J F D4 AUTOMNE ouest
oui;haute;Secondaire;Flag football;Flag football;Féminin;Montréal;Vincent Massey;Collège Vincent Massey;Montréal;Juvénile;D4;Féminin;ea8dbfbf-eba7-4ea6-88c8-7ba31f7cb860;1d63f9f8-d0fc-4750-8344-7f2bdd6aee64;InstitutionId RSEQ;;;6;6;base;Flag football J F D4 AUTOMNE ouest
oui;haute;Secondaire;Flag football;Flag football;Masculin;Outaouais;Cité étudiante Haute-Gatineau;École de la Cité étudiante de la Haute-Gatineau;Maniwaki;Juvénile;D3;Masculin;1224b080-ab1b-469a-ba9c-ee839e2b9159;8999d544-ea87-4a98-84c7-5174c3a13805;InstitutionId RSEQ;;;6;6;base;Flag football J M D3
oui;haute;Secondaire;Flag football;Flag football;Masculin;Outaouais;D'Arcy McGee;École secondaire D'Arcy McGee;Gatineau;Juvénile;D3;Masculin;ff9e5090-5705-4cd7-91ac-66a257b4085a;4ff23758-f846-4e3a-b99e-fc1809ab7875;InstitutionId RSEQ;;;6;6;base;Flag football J M D3
oui;haute;Secondaire;Flag football;Flag football;Masculin;Outaouais;Grande-Rivière;École secondaire Grande-Rivière;Gatineau;Juvénile;D3;Masculin;35f955d7-3cbc-4f34-99dc-0d8bd242bed1;a5829a18-e8b1-4d8d-8aec-09c7e26798e7;InstitutionId RSEQ;;;6;6;base;Flag football J M D3
oui;haute;Secondaire;Flag football;Flag football;Masculin;Outaouais;Le Carrefour;Polyvalente Le Carrefour;Gatineau;Cadet;D3;Masculin;d0aa7197-4633-4496-ab37-5395f8f3688a;555c8cee-fe72-45b4-a9c4-2d64db64d6c9;InstitutionId RSEQ;;;6;6;base;Flag football C M D3
oui;haute;Secondaire;Flag football;Flag football;Masculin;Outaouais;Le Carrefour;Polyvalente Le Carrefour;Gatineau;Juvénile;D3;Masculin;d8544094-9cd1-44e8-b9ee-a1930473b7c5;555c8cee-fe72-45b4-a9c4-2d64db64d6c9;InstitutionId RSEQ;;;6;6;base;Flag football J M D3
oui;haute;Secondaire;Flag football;Flag football;Masculin;Outaouais;Mont-Bleu;École secondaire Mont-Bleu;Gatineau;Juvénile;D3;Masculin;cdd92d06-85ea-4716-b1db-ba99f0f51614;b13c9087-012c-41a1-b6bc-f00294d48302;InstitutionId RSEQ;;;6;6;base;Flag football J M D3
oui;haute;Secondaire;Flag football;Flag football;Masculin;Outaouais;Mont-Bleu;École secondaire Mont-Bleu;Gatineau;Cadet;D3;Masculin;0a7b044c-3b67-4b09-9e16-35e99b3f9ab5;b13c9087-012c-41a1-b6bc-f00294d48302;InstitutionId RSEQ;;;6;6;base;Flag football C M D3
oui;haute;Secondaire;Flag football;Flag football;Masculin;Outaouais;Philemon Wright;École secondaire Philemon Wright;Gatineau;Cadet;D3;Masculin;30ed7cf7-9532-4a27-955b-93b428f7ac4c;8866285d-392b-4c8d-ac36-c11fd4d6b905;InstitutionId RSEQ;;;6;6;base;Flag football C M D3
oui;haute;Secondaire;Flag football;Flag football;Masculin;Outaouais;SSCO;Séminaire du Sacré Coeur;Grenville-sur-la-Rouge;Juvénile;D3;Masculin;6bcb635a-33ec-4963-9251-f894da8c7cce;3a99cf0a-ebbb-4b17-8a3f-ecb504acb173;InstitutionId RSEQ;;;6;6;base;Flag football J M D3
oui;haute;Secondaire;Football;Football;Masculin;Cantons-de-l'Est;C. Clarétain;Collège Clarétain de Victoriaville;Victoriaville;Cadet;D3;Masculin;007c4209-29af-43c5-842d-0deeb2f274ef;8dbb6f3a-b683-4c96-9088-c5b5168dd970;InstitutionId RSEQ;;;6;6;base;Football C M D3 9 joueurs
oui;haute;Secondaire;Football;Football;Masculin;Cantons-de-l'Est;C. St-Bernard;Collège Saint-Bernard;Drummondville;Cadet;D3;Masculin;a105718b-7536-4ea0-93fd-f599bc89ad63;1fb7dab1-fab1-4478-963c-3151e22612dc;InstitutionId RSEQ;;0166239a-30b3-47ea-9d4e-f6c870501262: 1 (f40a6241);6;6;base;Football C M D3 9 joueurs
oui;haute;Secondaire;Football;Football;Masculin;Cantons-de-l'Est;Coll. Mont-Sacré-Coeur;Collège Mont-Sacré-Coeur;Granby;Juvénile;D3;Masculin;79ab5d2c-38bc-43fc-87d2-cacc6b40a86e;8adc77a6-ad4c-4fd8-a1d5-147421a14ebc;InstitutionId RSEQ;;"c54a3dd2-43d6-4848-bc62-02c59cbeb553: 2 (c0b5aa20,f2f35218)";14;7;base+ligue absente;Football J M D3 Mineur 9 joueurs Section A / Football J M D3 Mineur 9 joueurs Section B
oui;haute;Secondaire;Football;Football;Masculin;Cantons-de-l'Est;Coll. Mont-Sacré-Coeur;Collège Mont-Sacré-Coeur;Granby;Benjamin;D3;Masculin;7e67a7bb-a0af-4635-972f-bd96706afddb;8adc77a6-ad4c-4fd8-a1d5-147421a14ebc;InstitutionId RSEQ;;;10;5;base+ligue absente;Football B M D3 Sans Plaquage à 9 joueurs Section A / Football B M D3 Sans Plaquage à 9 joueurs Section B
après confirmation BP;à confirmer BP;Secondaire;Football;Football;Masculin;Cantons-de-l'Est;É.I. Du Phare;École internationale du Phare;Sherbrooke;Benjamin;D3;Masculin;088b30d5-a053-40be-81a3-fe98f1cb0eea;c1d6d080-a8e4-47b9-bc3b-a1f1e34fa75b;piste par le nom (InstitutionId RSEQ 54d3ef90-e086-4c17-bb8d-4dafd9e6f806 inconnu chez nous);;;10;5;base+ligue absente;Football B M D3 Sans Plaquage à 9 joueurs Section A / Football B M D3 Sans Plaquage à 9 joueurs Section B
après confirmation BP;à confirmer BP;Secondaire;Football;Football;Masculin;Cantons-de-l'Est;É.I. Du Phare;École internationale du Phare;Sherbrooke;Juvénile;D3;Masculin;93be76f6-402d-4a29-8b62-8691b3d57eec;c1d6d080-a8e4-47b9-bc3b-a1f1e34fa75b;piste par le nom (InstitutionId RSEQ 54d3ef90-e086-4c17-bb8d-4dafd9e6f806 inconnu chez nous);;;14;7;base+ligue absente;Football J M D3 Mineur 9 joueurs Section A / Football J M D3 Mineur 9 joueurs Section B
non (doublon à trancher);haute;Secondaire;Football;Football;Masculin;Cantons-de-l'Est;É.S. du Triolet;École du Triolet;Sherbrooke;Benjamin;D3;Masculin;acf04c14-b482-43b4-a21a-1901f4ce05d2;7d59545c-415c-48d1-8a1e-3e02554247f0;InstitutionId RSEQ;"9988a8f4-10eb-46db-9b74-50372bf5d5d9 (É.S. du Triolet, rseq e878c01d-68c7-468f-a48e-1000ab93e557)";;10;5;base+ligue absente;Football B M D3 Sans Plaquage à 9 joueurs Section A / Football B M D3 Sans Plaquage à 9 joueurs Section B
oui;haute;Secondaire;Football;Football;Masculin;Cantons-de-l'Est;É.S. La Frontalière;École La Frontalière;Coaticook;Juvénile;D3;Masculin;029ac415-47a9-4f3d-a9c6-221ba66c68c9;05c846a0-52c6-4a1c-818b-6f8e22b2cb89;InstitutionId RSEQ;;;14;7;base+ligue absente;Football J M D3 Mineur 9 joueurs Section A / Football J M D3 Mineur 9 joueurs Section B
oui;haute;Secondaire;Football;Football;Masculin;Cantons-de-l'Est;É.S. La Frontalière;École La Frontalière;Coaticook;Cadet;D3;Masculin;f7725413-16ee-4ebe-9740-76e8c600697d;05c846a0-52c6-4a1c-818b-6f8e22b2cb89;InstitutionId RSEQ;;;6;6;base;Football C M D3 9 joueurs
oui;haute;Secondaire;Football;Football;Masculin;Cantons-de-l'Est;É.S. La Ruche;École secondaire de la Ruche;Magog;Juvénile;D3;Masculin;a65940be-f881-4cb7-ab66-8744d4702420;7f256637-7ad2-4306-8324-c72049a43f62;InstitutionId RSEQ;;b7230bab-ff38-4de1-b606-3b840434603f: 1 (fd34bd06);14;7;base+ligue absente;Football J M D3 Mineur 9 joueurs Section A / Football J M D3 Mineur 9 joueurs Section B
oui;haute;Secondaire;Football;Football;Masculin;Cantons-de-l'Est;É.S. La Ruche - Blancs;École secondaire de la Ruche;Magog;Benjamin;D3;Masculin;48f658c3-e845-4b7b-bc94-d6eaff9c5e95;7f256637-7ad2-4306-8324-c72049a43f62;InstitutionId RSEQ;;;10;5;base+ligue absente;Football B M D3 Sans Plaquage à 9 joueurs Section A / Football B M D3 Sans Plaquage à 9 joueurs Section B
oui;haute;Secondaire;Football;Football;Masculin;Cantons-de-l'Est;É.S. La Ruche - Noirs;École secondaire de la Ruche;Magog;Benjamin;D3;Masculin;358b887c-0822-4508-b796-d8ceb50072a5;7f256637-7ad2-4306-8324-c72049a43f62;InstitutionId RSEQ;;;10;5;base+ligue absente;Football B M D3 Sans Plaquage à 9 joueurs Section A / Football B M D3 Sans Plaquage à 9 joueurs Section B
oui;haute;Secondaire;Football;Football;Masculin;Cantons-de-l'Est;É.S. Mitchell;École Mitchell - Montcalm;Sherbrooke;Benjamin;D3;Masculin;656e79d2-69d8-4b7a-97cf-24eebaa78bf8;5c7076bb-1b2c-4376-90ed-f1a323a5e6f4;InstitutionId RSEQ;;;10;5;base+ligue absente;Football B M D3 Sans Plaquage à 9 joueurs Section A / Football B M D3 Sans Plaquage à 9 joueurs Section B
après confirmation BP;à confirmer BP;Secondaire;Football;Football;Masculin;Cantons-de-l'Est;É.S. Montcalm;École Mitchell - Montcalm;Sherbrooke;Juvénile;D3;Masculin;fabb590e-cdc3-499e-98dc-e5580e091102;5c7076bb-1b2c-4376-90ed-f1a323a5e6f4;piste par le nom (InstitutionId RSEQ ac25565c-43cd-4d87-94ea-94cb5bddbf4c inconnu chez nous);;;14;7;base+ligue absente;Football J M D3 Mineur 9 joueurs Section A / Football J M D3 Mineur 9 joueurs Section B
oui;confirmée BP (Le Ber = École de la Montée);Secondaire;Football;Football;Masculin;Cantons-de-l'Est;Le Ber;École de la Montée;Sherbrooke;Juvénile;D3;Masculin;105410f3-fdb6-471d-b173-07c73188d37b;eebf1ac9-ee89-4430-969a-6dc5992d6a3d;décision BP;;;14;7;base+ligue absente;Football J M D3 Mineur 9 joueurs Section A / Football J M D3 Mineur 9 joueurs Section B
oui;confirmée BP (Le Ber = École de la Montée);Secondaire;Football;Football;Masculin;Cantons-de-l'Est;Le Ber;École de la Montée;Sherbrooke;Cadet;D3;Masculin;ace11128-ddee-4e14-84a5-f10cb8ba4747;eebf1ac9-ee89-4430-969a-6dc5992d6a3d;décision BP;;;6;6;base;Football C M D3 9 joueurs
oui;haute;Secondaire;Football;Football;Masculin;Cantons-de-l'Est;P. Montignac;Polyvalente Montignac;Lac-Mégantic;Cadet;D3;Masculin;2ff8c6f8-c892-42ea-a212-4186365b113c;4090e900-d790-4d0a-9c3c-e5935a7cb62e;InstitutionId RSEQ;;;6;6;base;Football C M D3 9 joueurs
oui;"confirmée BP (Séminaire de Sherbrooke secondaire, pas le cégep)";Secondaire;Football;Football;Masculin;Cantons-de-l'Est;S. de Sherbrooke;Séminaire de Sherbrooke;Sherbrooke;Benjamin;D3;Masculin;eb1874fe-8ff4-4cba-ad5c-0e0b04be5c6b;5d8885c8-037d-4e82-84eb-e6822b59c543;décision BP;;;10;5;base+ligue absente;Football B M D3 Sans Plaquage à 9 joueurs Section A / Football B M D3 Sans Plaquage à 9 joueurs Section B
non (école introuvable);introuvable;Secondaire;Football;Football;Masculin;Cantons-de-l'Est;St-François;;;Benjamin;D3;Masculin;f875f264-3425-4ae4-85a2-d13803b0ccf8;;InstitutionId 513729ef-3f70-4279-b0f7-cfa6954762c3 sans école Nexus;;;10;5;base+ligue absente;Football B M D3 Sans Plaquage à 9 joueurs Section A / Football B M D3 Sans Plaquage à 9 joueurs Section B
oui;haute;Secondaire;Football;Football;Mixte;Est-du-Québec;C.-E. Pouliot;École C.-E.-Pouliot;Gaspé;Juvénile;D3;Mixte;4df979c8-afaf-41c9-922f-d83a79edf615;8962bde8-4aa1-4732-aa8f-f289accefc84;InstitutionId RSEQ;;;6;6;base;Football J U D3
oui;haute;Secondaire;Football;Football;Mixte;Est-du-Québec;C.-E. Pouliot;École C.-E.-Pouliot;Gaspé;Benjamin;D3;Mixte;24d8b54f-cf55-4909-b395-f9280ce0c4c7;8962bde8-4aa1-4732-aa8f-f289accefc84;InstitutionId RSEQ;;;6;6;base;Football B U D3
oui;"confirmée BP (École secondaire de Matane, pas le cégep)";Secondaire;Football;Football;Mixte;Est-du-Québec;Matane;École secondaire de Matane;Rimouski;Benjamin;D3;Mixte;80de7610-c415-4510-a8a7-558529b48931;da845de0-6698-4110-98bb-15c0e7c35bfd;décision BP;;;7;7;base;Football B U D3
oui;haute;Secondaire;Football;Football;Mixte;Est-du-Québec;Mistral;École du Mistral;Mont-Joli;Juvénile;D3;Mixte;7147ef6b-00c0-42f0-9489-9c547b24b3a2;cc920671-951a-4f0d-94df-8225bc4b1558;InstitutionId RSEQ;;;6;6;base;Football J U D3
oui;haute;Secondaire;Football;Football;Mixte;Est-du-Québec;Mistral;École du Mistral;Mont-Joli;Benjamin;D3;Mixte;7ed76ca6-d854-4446-8478-f2d3db9fcda8;cc920671-951a-4f0d-94df-8225bc4b1558;InstitutionId RSEQ;;;7;7;base;Football B U D3
oui;haute;Secondaire;Football;Football;Mixte;Est-du-Québec;Paul-Hubert;École Paul-Hubert;Rimouski;Juvénile;D3;Mixte;22db5133-1702-487b-87a3-4d105787b9d1;46453351-3337-44c3-936f-c45c4bcfd8be;InstitutionId RSEQ;;;6;6;base;Football J U D3
après confirmation BP;à confirmer BP;Secondaire;Football;Football;Mixte;Est-du-Québec;Rivière-du-Loup;Collège Notre-Dame de Rivière-du-Loup;Rivière-du-Loup;Benjamin;D3;Mixte;278f82b7-84ba-4bfc-9470-810fa72a29a6;41e6676c-4d83-4dbd-8532-6bb3dd5d459c;piste par le nom (InstitutionId RSEQ 25d74fae-3e6f-439d-8d18-1ba083081320 inconnu chez nous);;;6;6;base;Football B U D3
après confirmation BP;à confirmer BP;Secondaire;Football;Football;Mixte;Est-du-Québec;Rivière-du-Loup;Collège Notre-Dame de Rivière-du-Loup;Rivière-du-Loup;Juvénile;D3;Mixte;8be3b083-578b-4e66-8191-045f29fa77f4;41e6676c-4d83-4dbd-8532-6bb3dd5d459c;piste par le nom (InstitutionId RSEQ 25d74fae-3e6f-439d-8d18-1ba083081320 inconnu chez nous);;;6;6;base;Football J U D3
oui;haute;Secondaire;Football;Football;Masculin;Lac-Saint-Louis;Collège Bourget;Collège Bourget;Rigaud;Benjamin;;Masculin;f5e2875b-85dd-4760-86dc-282f4da7791e;a2350c7e-b58f-48eb-841b-8d2249b50c05;InstitutionId RSEQ;;;4;4;base;Football B M football à 12
oui;haute;Secondaire;Football;Football;Masculin;Lac-Saint-Louis;Collège Jean-Eudes;Collège Jean-Eudes;Montréal;Benjamin;;Masculin;d37ae8d9-7b71-49c7-8be6-5edb4428c2d2;ea11a9e0-aad9-4294-8ac2-2a6302317e0c;InstitutionId RSEQ;;;6;6;base;Football B M football à 9
oui;haute;Secondaire;Football;Football;Masculin;Lac-Saint-Louis;Collège Notre-Dame;Collège Notre-Dame;Montréal;Benjamin;;Masculin;35d3acb8-3abd-43e9-8dfb-a915c1eec0e4;f7a54b0e-698f-4bc2-9bba-5ee28c91ede6;InstitutionId RSEQ;;;4;4;base;Football B M football à 12
oui;haute;Secondaire;Football;Football;Masculin;Lac-Saint-Louis;Curé-Antoine-Labelle;École Curé-Antoine-Labelle;Laval;Benjamin;;Masculin;905bc326-4fa1-407a-ac95-9797a4acbfdc;3ba46ee6-bec7-43b4-becd-dde3d36306dc;InstitutionId RSEQ;;;4;4;base;Football B M football à 12
oui;haute;Secondaire;Football;Football;Masculin;Lac-Saint-Louis;Dalbé-Viau;École Dalbé-Viau;Montréal;Benjamin;;Masculin;17fc9e9a-9af7-4bd6-8fc3-35802e163aea;d7c74852-89d5-4cfa-a767-852f085c9a31;InstitutionId RSEQ;;;6;6;base;Football B M football à 9
oui;confirmée BP (École secondaire Laval Junior);Secondaire;Football;Football;Masculin;Lac-Saint-Louis;Laval Jr. Academy;École secondaire Laval Junior;Laval;Benjamin;;Masculin;94afaa73-eee0-40f4-87cc-f926b51afded;f3401c79-bc55-4ff5-ac85-d368b6eb88f2;décision BP;;;4;4;base;Football B M football à 12
oui;haute;Secondaire;Football;Football;Masculin;Lac-Saint-Louis;Selwyn House;L'École Selwyn House;Westmount;Benjamin;;Masculin;95f2ba7b-74a8-4ec1-87be-2b7352ca61ee;7df9f46a-631a-436e-9c2e-e0cf173eca9e;InstitutionId RSEQ;;;6;6;base;Football B M football à 9
après confirmation BP;à confirmer BP;Secondaire;Football;Football;Masculin;Provincial;Séminaire Saint-Joseph;Séminaire Saint-Joseph de Trois-Rivières;Trois-Rivières;Juvénile;D2;Masculin;2c1af6b7-37b1-4e4a-8a4a-156022894295;5c286b8c-e9f9-43ab-8f70-0633fc36ed9d;piste par le nom (InstitutionId RSEQ 6b997ca4-5bb1-49c5-8e25-d327dc27d52b inconnu chez nous);;;9;9;base;Football J M D2
après confirmation BP;à confirmer BP;Secondaire;Football;Football;Mixte;Québec-Chaudière-Appalaches;Séminaire Saint-Joseph;Séminaire Saint-Joseph de Trois-Rivières;Trois-Rivières;Atome;D3;Mixte;bb9da9d3-78d9-4183-a76b-ac804f96c091;5c286b8c-e9f9-43ab-8f70-0633fc36ed9d;piste par le nom (InstitutionId RSEQ 6b997ca4-5bb1-49c5-8e25-d327dc27d52b inconnu chez nous);;;7;7;base;Football A U D3 à 9
après confirmation BP;à confirmer BP;Secondaire;Football;Football;Mixte;Québec-Chaudière-Appalaches;Séminaire Saint-Joseph;Séminaire Saint-Joseph de Trois-Rivières;Trois-Rivières;Benjamin;D3;Mixte;05b90bde-7dc6-45f4-a3e2-3dbc6359fc0f;5c286b8c-e9f9-43ab-8f70-0633fc36ed9d;piste par le nom (InstitutionId RSEQ 6b997ca4-5bb1-49c5-8e25-d327dc27d52b inconnu chez nous);;;7;7;base;Football B U D3 à 9
après confirmation BP;à confirmer BP;Secondaire;Football;Football;Mixte;Québec-Chaudière-Appalaches;Séminaire Saint-Joseph;Séminaire Saint-Joseph de Trois-Rivières;Trois-Rivières;Cadet;D3;Mixte;03a25533-413e-4491-8b98-f229f1a80f0d;5c286b8c-e9f9-43ab-8f70-0633fc36ed9d;piste par le nom (InstitutionId RSEQ 6b997ca4-5bb1-49c5-8e25-d327dc27d52b inconnu chez nous);;;8;8;base;Football C U D3 à 12
oui;haute;Secondaire;Football;Football;Masculin;Saguenay-Lac-Saint-Jean;É. s. Bâtisseurs;École secondaire des Bâtisseurs;Saguenay;Juvénile;D4;Masculin;56086ee8-99f0-4828-9e0e-832d19b769ca;7a237196-89b0-455a-bdba-c4d248c5a8d0;InstitutionId RSEQ;;;6;6;base;Football J M D4
oui;haute;Secondaire;Football;Football;Masculin;Saguenay-Lac-Saint-Jean;É. s. Bâtisseurs;École secondaire des Bâtisseurs;Saguenay;Benjamin;D4;Masculin;4cd02c22-7bf1-4c0b-b3ea-87e8200bf2f2;7a237196-89b0-455a-bdba-c4d248c5a8d0;InstitutionId RSEQ;;;6;6;base;Football B M D4
oui;haute;Secondaire;Football;Football;Masculin;Saguenay-Lac-Saint-Jean;JDNManikoutai;École Jean-du-Nord / Manikoutai;Sept-Îles;Benjamin;D4;Masculin;c0a15807-d910-4bc8-a83b-8a97b0cd8457;c1ff638c-e834-4fa0-89f5-b9adbf127121;InstitutionId RSEQ;;;6;6;base;Football B M D4
oui;haute;Secondaire;Football;Football;Masculin;Saguenay-Lac-Saint-Jean;JDNManikoutai;École Jean-du-Nord / Manikoutai;Sept-Îles;Juvénile;D4;Masculin;94002818-bc27-4e2e-b185-e5fb1d0c964e;c1ff638c-e834-4fa0-89f5-b9adbf127121;InstitutionId RSEQ;;;6;6;base;Football J M D4
oui;haute;Secondaire;Futsal;Futsal;Masculin;Laval;Citoyen;Collège Citoyen;Laval;Benjamin;D4;Masculin;22ee96d0-2d81-487c-a7c5-d30e49f29d8d;961e8af0-53a1-4487-9be8-7d99177d33e0;InstitutionId RSEQ;;;14;14;base;Futsal B M D4 A
oui;haute;Secondaire;Futsal;Futsal;Masculin;Laval;Citoyen;Collège Citoyen;Laval;Cadet;D3;Masculin;c7b8bd27-632e-4070-988f-a97b1bdcb52c;961e8af0-53a1-4487-9be8-7d99177d33e0;InstitutionId RSEQ;;;12;12;base;Futsal C M D3 B
oui;haute;Secondaire;Futsal;Futsal;Féminin;Laval;Citoyen;Collège Citoyen;Laval;Benjamin;D4;Féminin;03d2304b-cfba-44ef-8dff-79cfd63f5a40;961e8af0-53a1-4487-9be8-7d99177d33e0;InstitutionId RSEQ;;;12;12;base;Futsal B F D4
oui;haute;Secondaire;Futsal;Futsal;Masculin;Laval;Citoyen 2;Collège Citoyen;Laval;Benjamin;D4;Masculin;6bea04df-4511-4a1b-baa9-358e937bd7cc;961e8af0-53a1-4487-9be8-7d99177d33e0;InstitutionId RSEQ;;;14;14;base;Futsal B M D4 B
oui;haute;Secondaire;Futsal;Futsal;Masculin;Laval;Citoyen 3;Collège Citoyen;Laval;Benjamin;D4;Masculin;3dc17e40-dc89-4776-acb5-320bd9a0b6db;961e8af0-53a1-4487-9be8-7d99177d33e0;InstitutionId RSEQ;;;14;14;base;Futsal B M D4 A
oui;haute;Secondaire;Futsal;Futsal;Féminin;Laval;Collège Laval;Collège Laval;Laval;Cadet;D3;Féminin;1ce82e65-6535-4ff8-abac-4a689e817314;bb250d92-fb4f-476a-a9cb-1b3176ccaa84;InstitutionId RSEQ;;;12;12;base;Futsal C F D3
oui;haute;Secondaire;Futsal;Futsal;Masculin;Laval;Collège Laval;Collège Laval;Laval;Benjamin;D4;Masculin;07f80a5d-ac45-41ce-b8da-55df2ac43722;bb250d92-fb4f-476a-a9cb-1b3176ccaa84;InstitutionId RSEQ;;;14;14;base;Futsal B M D4 A
oui;haute;Secondaire;Futsal;Futsal;Masculin;Laval;Collège Laval;Collège Laval;Laval;Juvénile;D3;Masculin;66901fb5-a6fa-40a7-aa41-922317917a72;bb250d92-fb4f-476a-a9cb-1b3176ccaa84;InstitutionId RSEQ;;;12;12;base;Futsal J M D3
oui;haute;Secondaire;Futsal;Futsal;Masculin;Laval;Collège Laval;Collège Laval;Laval;Benjamin;D3;Masculin;efbc6faf-afda-424d-a5ab-ba16d84a9f9e;bb250d92-fb4f-476a-a9cb-1b3176ccaa84;InstitutionId RSEQ;;;11;11;base;Futsal B M D3
oui;haute;Secondaire;Futsal;Futsal;Féminin;Laval;Collège Laval;Collège Laval;Laval;Juvénile;D3;Féminin;19f70bc7-3785-469a-ba93-fcd16a1a3059;bb250d92-fb4f-476a-a9cb-1b3176ccaa84;InstitutionId RSEQ;;;10;10;base;Futsal J F D3
oui;haute;Secondaire;Futsal;Futsal;Féminin;Laval;Collège Laval;Collège Laval;Laval;Benjamin;D3;Féminin;ea2d42e2-da2f-4796-bbf8-edfd459193ec;bb250d92-fb4f-476a-a9cb-1b3176ccaa84;InstitutionId RSEQ;;;9;9;base;Futsal B F D3
oui;haute;Secondaire;Futsal;Futsal;Masculin;Laval;Collège Laval 1;Collège Laval;Laval;Cadet;D3;Masculin;673f8bc3-17e0-44a5-b828-fe16b5562ddb;bb250d92-fb4f-476a-a9cb-1b3176ccaa84;InstitutionId RSEQ;;;14;14;base;Futsal C M D3 A
oui;haute;Secondaire;Futsal;Futsal;Féminin;Laval;Collège Laval 2;Collège Laval;Laval;Benjamin;D4;Féminin;964534e7-38d1-4764-b5ea-e833c258bd76;bb250d92-fb4f-476a-a9cb-1b3176ccaa84;InstitutionId RSEQ;;;12;12;base;Futsal B F D4
oui;haute;Secondaire;Futsal;Futsal;Masculin;Laval;Collège Laval 2;Collège Laval;Laval;Cadet;D3;Masculin;6922c12c-0405-4851-8ce5-92957982dbda;bb250d92-fb4f-476a-a9cb-1b3176ccaa84;InstitutionId RSEQ;;;12;12;base;Futsal C M D3 B
non (école introuvable);introuvable;Secondaire;Futsal;Futsal;Masculin;Laval;CQPEL;;;Juvénile;D4;Masculin;a4e3fbc5-6bdf-432e-9eec-9d9626ffbaa5;;InstitutionId e3df8fb1-2b02-49c0-bcf5-c6bcc1d47a15 sans école Nexus;;;10;10;base;Futsal J M D4
oui;haute;Secondaire;Futsal;Futsal;Féminin;Laval;Curé-Antoine-Labelle;École Curé-Antoine-Labelle;Laval;Benjamin;D3;Féminin;d75356c7-9828-434d-b4a1-3930c2c77eb7;3ba46ee6-bec7-43b4-becd-dde3d36306dc;InstitutionId RSEQ;;;9;9;base;Futsal B F D3
oui;haute;Secondaire;Futsal;Futsal;Masculin;Laval;Curé-Antoine-Labelle;École Curé-Antoine-Labelle;Laval;Juvénile;D3;Masculin;7084826d-5401-4c12-8556-2b4351c557ab;3ba46ee6-bec7-43b4-becd-dde3d36306dc;InstitutionId RSEQ;;;12;12;base;Futsal J M D3
oui;haute;Secondaire;Futsal;Futsal;Masculin;Laval;Curé-Antoine-Labelle;École Curé-Antoine-Labelle;Laval;Benjamin;D3;Masculin;cb1ea2c1-d2b1-43e6-b1af-80f83ddca468;3ba46ee6-bec7-43b4-becd-dde3d36306dc;InstitutionId RSEQ;;;11;11;base;Futsal B M D3
oui;haute;Secondaire;Futsal;Futsal;Féminin;Laval;Curé-Antoine-Labelle;École Curé-Antoine-Labelle;Laval;Juvénile;D3;Féminin;3445eb12-b866-4252-b52c-9c78f501f6ce;3ba46ee6-bec7-43b4-becd-dde3d36306dc;InstitutionId RSEQ;;;10;10;base;Futsal J F D3
oui;haute;Secondaire;Futsal;Futsal;Masculin;Laval;Curé-Antoine-Labelle;École Curé-Antoine-Labelle;Laval;Cadet;D3;Masculin;b093587d-8b9b-47f4-ada4-5fc49a2c236f;3ba46ee6-bec7-43b4-becd-dde3d36306dc;InstitutionId RSEQ;;;14;14;base;Futsal C M D3 A
oui;haute;Secondaire;Futsal;Futsal;Masculin;Laval;De la Croisée;École de la Croisée;Laval;Cadet;D3;Masculin;d82511af-01e7-447a-bc1c-8a861dca0f7c;09b413d7-572c-495b-a58e-69d1c0d5f28b;InstitutionId RSEQ;;;12;12;base;Futsal C M D3 B
oui;haute;Secondaire;Futsal;Futsal;Masculin;Laval;De la Croisée;École de la Croisée;Laval;Benjamin;D4;Masculin;4644b88d-871d-4d74-9861-c9515d444bee;09b413d7-572c-495b-a58e-69d1c0d5f28b;InstitutionId RSEQ;;;14;14;base;Futsal B M D4 B
oui;haute;Secondaire;Futsal;Futsal;Féminin;Laval;De la Croisée;École de la Croisée;Laval;Juvénile;D3;Féminin;3eae62c2-f7d4-40a3-ad8f-cf9c451ba5e2;09b413d7-572c-495b-a58e-69d1c0d5f28b;InstitutionId RSEQ;;;10;10;base;Futsal J F D3
oui;haute;Secondaire;Futsal;Futsal;Masculin;Laval;De la Croisée;École de la Croisée;Laval;Benjamin;D3;Masculin;e6364540-5988-4f8b-ade2-66ed28f58f05;09b413d7-572c-495b-a58e-69d1c0d5f28b;InstitutionId RSEQ;;;11;11;base;Futsal B M D3
oui;haute;Secondaire;Futsal;Futsal;Masculin;Laval;De la Croisée;École de la Croisée;Laval;Juvénile;D3;Masculin;f3fdd4cd-e6c9-46ba-9e69-ce52ecdbdf19;09b413d7-572c-495b-a58e-69d1c0d5f28b;InstitutionId RSEQ;;;12;12;base;Futsal J M D3
oui;haute;Secondaire;Futsal;Futsal;Féminin;Laval;De la Croisée;École de la Croisée;Laval;Benjamin;D4;Féminin;69764fd3-f0c3-46ff-978e-c4d348a42448;09b413d7-572c-495b-a58e-69d1c0d5f28b;InstitutionId RSEQ;;;12;12;base;Futsal B F D4
oui;haute;Secondaire;Futsal;Futsal;Féminin;Laval;EEIL;École d'éducation internationale de Laval;Laval;Cadet;D3;Féminin;1c74fbbf-b32d-49a6-bb4a-d8f375aa3f18;62c1f9bb-3d7f-43de-be3a-0c2d54ca7fab;InstitutionId RSEQ;;;12;12;base;Futsal C F D3
oui;haute;Secondaire;Futsal;Futsal;Masculin;Laval;EEIL;École d'éducation internationale de Laval;Laval;Benjamin;D4;Masculin;6289e581-00f0-4ce1-92f5-21a6503a5f7d;62c1f9bb-3d7f-43de-be3a-0c2d54ca7fab;InstitutionId RSEQ;;;14;14;base;Futsal B M D4 B
oui;haute;Secondaire;Futsal;Futsal;Masculin;Laval;EEIL;École d'éducation internationale de Laval;Laval;Benjamin;D3;Masculin;3eae8e7a-feff-412f-ad12-69b042b0dbb3;62c1f9bb-3d7f-43de-be3a-0c2d54ca7fab;InstitutionId RSEQ;;;11;11;base;Futsal B M D3
oui;haute;Secondaire;Futsal;Futsal;Masculin;Laval;EEIL;École d'éducation internationale de Laval;Laval;Juvénile;D3;Masculin;51c2c072-a3c0-482d-bcdc-89f387f87fad;62c1f9bb-3d7f-43de-be3a-0c2d54ca7fab;InstitutionId RSEQ;;;12;12;base;Futsal J M D3
oui;haute;Secondaire;Futsal;Futsal;Masculin;Laval;EEIL;École d'éducation internationale de Laval;Laval;Cadet;D3;Masculin;46245226-0642-40e7-8f2f-1ae4031858f6;62c1f9bb-3d7f-43de-be3a-0c2d54ca7fab;InstitutionId RSEQ;;;14;14;base;Futsal C M D3 A
oui;haute;Secondaire;Futsal;Futsal;Masculin;Laval;Georges-Vanier;École Georges-Vanier;Montréal;Cadet;D3;Masculin;87afec52-42d6-4416-aadd-92e140f9e0ff;ee3ebf0e-f309-4168-96c6-2c9b45433dee;InstitutionId RSEQ;;;12;12;base;Futsal C M D3 B
oui;haute;Secondaire;Futsal;Futsal;Masculin;Laval;Georges-Vanier;École Georges-Vanier;Montréal;Benjamin;D4;Masculin;b15f3c67-dc36-43ff-8966-1c8383c40b9a;ee3ebf0e-f309-4168-96c6-2c9b45433dee;InstitutionId RSEQ;;;14;14;base;Futsal B M D4 B
oui;haute;Secondaire;Futsal;Futsal;Masculin;Laval;Horizon Jeunesse;École Horizon Jeunesse;Laval;Benjamin;D3;Masculin;fb65b80c-b316-4c98-9a09-94eb4491bc01;b902aa93-cd2d-4c1a-bcd4-68d8bd442a8a;InstitutionId RSEQ;;;11;11;base;Futsal B M D3
oui;haute;Secondaire;Futsal;Futsal;Féminin;Laval;Horizon Jeunesse;École Horizon Jeunesse;Laval;Cadet;D3;Féminin;895fb5e3-d3c0-4cd6-97a4-59e9238fd660;b902aa93-cd2d-4c1a-bcd4-68d8bd442a8a;InstitutionId RSEQ;;;12;12;base;Futsal C F D3
oui;haute;Secondaire;Futsal;Futsal;Masculin;Laval;Horizon Jeunesse;École Horizon Jeunesse;Laval;Juvénile;D3;Masculin;b886b377-ff9b-4660-8514-67cb9de27ca3;b902aa93-cd2d-4c1a-bcd4-68d8bd442a8a;InstitutionId RSEQ;;;12;12;base;Futsal J M D3
oui;haute;Secondaire;Futsal;Futsal;Masculin;Laval;Horizon Jeunesse;École Horizon Jeunesse;Laval;Cadet;D3;Masculin;5ea2ae56-4793-4b7e-a2b7-10cf8f8b3320;b902aa93-cd2d-4c1a-bcd4-68d8bd442a8a;InstitutionId RSEQ;;;14;14;base;Futsal C M D3 A
oui;haute;Secondaire;Futsal;Futsal;Masculin;Laval;L'Odyssée-Des-Jeunes;École l'Odyssée-des-Jeunes;Laval;Benjamin;D4;Masculin;3e4873f3-598c-4e0e-beb5-19298ebc91eb;f5ffdc96-8fff-45a2-a319-4cc724bb8fe3;InstitutionId RSEQ;;;14;14;base;Futsal B M D4 B
oui;haute;Secondaire;Futsal;Futsal;Masculin;Laval;L'Odyssée-Des-Jeunes;École l'Odyssée-des-Jeunes;Laval;Juvénile;D3;Masculin;87a96ca8-5720-4e87-9695-b790b07e7824;f5ffdc96-8fff-45a2-a319-4cc724bb8fe3;InstitutionId RSEQ;;;12;12;base;Futsal J M D3
oui;haute;Secondaire;Futsal;Futsal;Masculin;Laval;L'Odyssée-Des-Jeunes;École l'Odyssée-des-Jeunes;Laval;Cadet;D3;Masculin;d52cb686-238c-427f-97d6-a7a6b89570c9;f5ffdc96-8fff-45a2-a319-4cc724bb8fe3;InstitutionId RSEQ;;;12;12;base;Futsal C M D3 B
oui;confirmée BP (École secondaire Laval Junior);Secondaire;Futsal;Futsal;Masculin;Laval;Laval Jr. Academy;École secondaire Laval Junior;Laval;Benjamin;D3;Masculin;9fd97c2d-06dd-4163-9ec7-9746eb55e8f2;f3401c79-bc55-4ff5-ac85-d368b6eb88f2;décision BP;;;11;11;base;Futsal B M D3
oui;confirmée BP (École secondaire Laval Junior);Secondaire;Futsal;Futsal;Féminin;Laval;Laval Jr. Academy;École secondaire Laval Junior;Laval;Benjamin;D3;Féminin;c0345d22-c08c-464a-8ffb-c53c478e4c6f;f3401c79-bc55-4ff5-ac85-d368b6eb88f2;décision BP;;;9;9;base;Futsal B F D3
oui;confirmée BP (École secondaire Laval Junior);Secondaire;Futsal;Futsal;Masculin;Laval;Laval Jr. Academy;École secondaire Laval Junior;Laval;Benjamin;D4;Masculin;b884800c-8c93-41d2-95b2-5fdff13717a7;f3401c79-bc55-4ff5-ac85-d368b6eb88f2;décision BP;;;14;14;base;Futsal B M D4 A
oui;haute;Secondaire;Futsal;Futsal;Masculin;Laval;Laval Sr. Academy;École secondaire Laval Senior;Laval;Juvénile;D4;Masculin;c28e36db-43a9-48b7-a39d-485b57469808;ffe0eb63-f851-4032-933b-45eacd6f7220;InstitutionId RSEQ;;;10;10;base;Futsal J M D4
oui;haute;Secondaire;Futsal;Futsal;Féminin;Laval;Laval Sr. Academy;École secondaire Laval Senior;Laval;Juvénile;D3;Féminin;a3faeff7-8f49-4242-9b81-a185f3f28de5;ffe0eb63-f851-4032-933b-45eacd6f7220;InstitutionId RSEQ;;;10;10;base;Futsal J F D3
oui;haute;Secondaire;Futsal;Futsal;Féminin;Laval;Laval Sr. Academy;École secondaire Laval Senior;Laval;Cadet;D3;Féminin;c4269a35-d140-456b-b9ca-b42ea18f7340;ffe0eb63-f851-4032-933b-45eacd6f7220;InstitutionId RSEQ;;;12;12;base;Futsal C F D3
oui;haute;Secondaire;Futsal;Futsal;Masculin;Laval;Laval Sr. Academy;École secondaire Laval Senior;Laval;Cadet;D3;Masculin;e8d853be-ac57-41f5-a960-453613b844e0;ffe0eb63-f851-4032-933b-45eacd6f7220;InstitutionId RSEQ;;;14;14;base;Futsal C M D3 A
oui;haute;Secondaire;Futsal;Futsal;Masculin;Laval;Leblanc;École Leblanc;Laval;Benjamin;D4;Masculin;21f0d134-3964-474f-a70a-ee2009bce42f;0567fa57-1cf1-48ea-90f8-6d0921084532;InstitutionId RSEQ;;;14;14;base;Futsal B M D4 A
oui;haute;Secondaire;Futsal;Futsal;Masculin;Laval;Leblanc;École Leblanc;Laval;Cadet;D3;Masculin;70514ec2-d5d7-42c0-a22d-625414295617;0567fa57-1cf1-48ea-90f8-6d0921084532;InstitutionId RSEQ;;;14;14;base;Futsal C M D3 A
oui;haute;Secondaire;Futsal;Futsal;Féminin;Laval;Leblanc;École Leblanc;Laval;Cadet;D3;Féminin;929ee56e-6115-4629-9de1-e2332a4a228a;0567fa57-1cf1-48ea-90f8-6d0921084532;InstitutionId RSEQ;;;12;12;base;Futsal C F D3
oui;haute;Secondaire;Futsal;Futsal;Masculin;Laval;Leblanc;École Leblanc;Laval;Benjamin;D3;Masculin;338b964f-8ace-4e8e-8529-31a1fa4d4e14;0567fa57-1cf1-48ea-90f8-6d0921084532;InstitutionId RSEQ;;;11;11;base;Futsal B M D3
oui;haute;Secondaire;Futsal;Futsal;Féminin;Laval;Letendre;École Letendre;Laval;Benjamin;D4;Féminin;9fe8ff0f-b44a-49a8-b3c6-769a4db4c651;0da0d452-74ee-4073-b1f2-d4e352f60b99;InstitutionId RSEQ;;;12;12;base;Futsal B F D4
oui;haute;Secondaire;Futsal;Futsal;Masculin;Laval;Letendre;École Letendre;Laval;Juvénile;D3;Masculin;800813d1-dbf1-4526-ac20-256002436abe;0da0d452-74ee-4073-b1f2-d4e352f60b99;InstitutionId RSEQ;;;12;12;base;Futsal J M D3
oui;haute;Secondaire;Futsal;Futsal;Féminin;Laval;Letendre;École Letendre;Laval;Juvénile;D3;Féminin;40d09406-ebfe-4e78-94a9-c6b736811077;0da0d452-74ee-4073-b1f2-d4e352f60b99;InstitutionId RSEQ;;;10;10;base;Futsal J F D3
oui;haute;Secondaire;Futsal;Futsal;Masculin;Laval;Letendre;École Letendre;Laval;Benjamin;D3;Masculin;51a1fda4-d607-48f4-b3d5-c47fe0cec838;0da0d452-74ee-4073-b1f2-d4e352f60b99;InstitutionId RSEQ;;;11;11;base;Futsal B M D3
oui;haute;Secondaire;Futsal;Futsal;Féminin;Laval;Letendre;École Letendre;Laval;Benjamin;D3;Féminin;2fc80a9e-a30f-4d3f-9d5b-7a7542d29c78;0da0d452-74ee-4073-b1f2-d4e352f60b99;InstitutionId RSEQ;;;9;9;base;Futsal B F D3
oui;haute;Secondaire;Futsal;Futsal;Masculin;Laval;Letendre;École Letendre;Laval;Benjamin;D4;Masculin;7e5433e1-baaa-42b6-accf-a89c9652b0f3;0da0d452-74ee-4073-b1f2-d4e352f60b99;InstitutionId RSEQ;;;14;14;base;Futsal B M D4 B
oui;haute;Secondaire;Futsal;Futsal;Masculin;Laval;Letendre;École Letendre;Laval;Cadet;D3;Masculin;c5bd78fc-ec11-4eed-b6b6-683c6c5959ea;0da0d452-74ee-4073-b1f2-d4e352f60b99;InstitutionId RSEQ;;;14;14;base;Futsal C M D3 A
oui;haute;Secondaire;Futsal;Futsal;Masculin;Laval;Letendre 2;École Letendre;Laval;Cadet;D3;Masculin;57c0d1f8-6839-4887-9e96-a30eb38aacdb;0da0d452-74ee-4073-b1f2-d4e352f60b99;InstitutionId RSEQ;;;12;12;base;Futsal C M D3 B
oui;haute;Secondaire;Futsal;Futsal;Masculin;Laval;Letendre 2;École Letendre;Laval;Benjamin;D4;Masculin;505026af-157f-4a9a-bea5-da80330b6068;0da0d452-74ee-4073-b1f2-d4e352f60b99;InstitutionId RSEQ;;;14;14;base;Futsal B M D4 A
oui;haute;Secondaire;Futsal;Futsal;Masculin;Laval;Mont-de-La Salle;École Mont-de-La Salle;Laval;Benjamin;D3;Masculin;a6eb219c-b189-4df4-80b5-7ddc1733582d;c9979949-6add-4829-94e4-84a22135f5af;InstitutionId RSEQ;;;11;11;base;Futsal B M D3
oui;haute;Secondaire;Futsal;Futsal;Masculin;Laval;Mont-de-La Salle;École Mont-de-La Salle;Laval;Benjamin;D4;Masculin;cf17a404-c19d-4980-9320-fe267dd09887;c9979949-6add-4829-94e4-84a22135f5af;InstitutionId RSEQ;;;14;14;base;Futsal B M D4 B
oui;haute;Secondaire;Futsal;Futsal;Masculin;Laval;Mont-de-La Salle;École Mont-de-La Salle;Laval;Cadet;D3;Masculin;7c61fead-42fe-488f-8ea2-7724ae70d0a3;c9979949-6add-4829-94e4-84a22135f5af;InstitutionId RSEQ;;;12;12;base;Futsal C M D3 B
oui;haute;Secondaire;Futsal;Futsal;Masculin;Laval;Mont-de-La Salle;École Mont-de-La Salle;Laval;Juvénile;D4;Masculin;e04591d9-5390-4cc9-8873-eef7271a19a9;c9979949-6add-4829-94e4-84a22135f5af;InstitutionId RSEQ;;;10;10;base;Futsal J M D4
oui;haute;Secondaire;Futsal;Futsal;Masculin;Laval;North Star Academy;North Star Academy Laval;Laval;Cadet;D3;Masculin;77ed70ab-507c-4864-83f1-1b0148bc8b04;6ad0052c-a6ed-4537-8d72-ca94750ad80d;InstitutionId RSEQ;;;12;12;base;Futsal C M D3 B
oui;haute;Secondaire;Futsal;Futsal;Masculin;Laval;North Star Academy;North Star Academy Laval;Laval;Juvénile;D4;Masculin;f8ac3d3c-6f44-44dd-b235-77540f3abb61;6ad0052c-a6ed-4537-8d72-ca94750ad80d;InstitutionId RSEQ;;;10;10;base;Futsal J M D4
oui;haute;Secondaire;Futsal;Futsal;Masculin;Laval;Poly-Jeunesse;École Poly-Jeunesse;Laval;Benjamin;D4;Masculin;b1786bd0-04f2-4c0d-baf7-63eca7a5817f;99b1f4b8-b563-48ef-b384-a07ad721b376;InstitutionId RSEQ;;;14;14;base;Futsal B M D4 A
oui;haute;Secondaire;Futsal;Futsal;Masculin;Laval;Poly-Jeunesse;École Poly-Jeunesse;Laval;Benjamin;D3;Masculin;3cc788f7-1ccd-47ad-88ba-6004ead7af1e;99b1f4b8-b563-48ef-b384-a07ad721b376;InstitutionId RSEQ;;;11;11;base;Futsal B M D3
oui;haute;Secondaire;Futsal;Futsal;Masculin;Laval;Poly-Jeunesse;École Poly-Jeunesse;Laval;Juvénile;D4;Masculin;cb8a54f6-bda7-4f75-a546-02a2f13378a6;99b1f4b8-b563-48ef-b384-a07ad721b376;InstitutionId RSEQ;;;10;10;base;Futsal J M D4
oui;haute;Secondaire;Futsal;Futsal;Masculin;Laval;St-Martin;École Saint-Martin;Laval;Benjamin;D4;Masculin;d7372d45-a89f-41e2-8d5b-cd34383e2457;aa7ef915-e171-40f0-8da0-f947bb65dcf2;InstitutionId RSEQ;;;14;14;base;Futsal B M D4 B
oui;haute;Secondaire;Futsal;Futsal;Masculin;Laval;St-Martin;École Saint-Martin;Laval;Juvénile;D3;Masculin;630be3e2-dea4-4eae-ac2f-249a57090d34;aa7ef915-e171-40f0-8da0-f947bb65dcf2;InstitutionId RSEQ;;;12;12;base;Futsal J M D3
oui;haute;Secondaire;Futsal;Futsal;Masculin;Laval;St-Martin;École Saint-Martin;Laval;Cadet;D3;Masculin;cdd47c09-20e8-4239-b70d-c4a3b8e32ed4;aa7ef915-e171-40f0-8da0-f947bb65dcf2;InstitutionId RSEQ;;;14;14;base;Futsal C M D3 A
oui;haute;Secondaire;Futsal;Futsal;Masculin;Laval;St-Martin;École Saint-Martin;Laval;Benjamin;D3;Masculin;cedd854e-8eba-40d5-9fed-686a8dbc9a28;aa7ef915-e171-40f0-8da0-f947bb65dcf2;InstitutionId RSEQ;;;11;11;base;Futsal B M D3
oui;haute;Secondaire;Futsal;Futsal;Masculin;Laval;St-Martin;École Saint-Martin;Laval;Juvénile;D4;Masculin;785a7a5a-17a4-497e-aa20-d57c5114ac35;aa7ef915-e171-40f0-8da0-f947bb65dcf2;InstitutionId RSEQ;;;10;10;base;Futsal J M D4
oui;haute;Secondaire;Futsal;Futsal;Masculin;Laval;St-Maxime;École Saint-Maxime;Laval;Benjamin;D4;Masculin;2c384601-2816-43fe-bd0d-35e70ac5163e;d530f0cf-dafe-45ca-bb97-295a0597688e;InstitutionId RSEQ;;;14;14;base;Futsal B M D4 A
oui;haute;Secondaire;Futsal;Futsal;Féminin;Laval;St-Maxime;École Saint-Maxime;Laval;Juvénile;D3;Féminin;743be5ad-daaf-4c35-beee-adb7d5543ca5;d530f0cf-dafe-45ca-bb97-295a0597688e;InstitutionId RSEQ;;;10;10;base;Futsal J F D3
oui;haute;Secondaire;Futsal;Futsal;Masculin;Laval;St-Maxime;École Saint-Maxime;Laval;Cadet;D3;Masculin;57d0e3f7-f6d8-4b8b-b569-a1821b23d1d3;d530f0cf-dafe-45ca-bb97-295a0597688e;InstitutionId RSEQ;;;12;12;base;Futsal C M D3 B
oui;haute;Secondaire;Futsal;Futsal;Féminin;Laval;St-Maxime;École Saint-Maxime;Laval;Benjamin;D4;Féminin;960718df-a2f9-452d-a07d-c3f14c0aa76c;d530f0cf-dafe-45ca-bb97-295a0597688e;InstitutionId RSEQ;;;12;12;base;Futsal B F D4
oui;haute;Secondaire;Futsal;Futsal;Masculin;Laval;St-Maxime;École Saint-Maxime;Laval;Benjamin;D3;Masculin;daf78297-1e0f-4fa9-8eda-3e6dedbdb759;d530f0cf-dafe-45ca-bb97-295a0597688e;InstitutionId RSEQ;;;11;11;base;Futsal B M D3
oui;haute;Secondaire;Futsal;Futsal;Masculin;Laval;St-Maxime;École Saint-Maxime;Laval;Juvénile;D3;Masculin;9c90cf66-4165-4b1a-905a-5c0cf8076406;d530f0cf-dafe-45ca-bb97-295a0597688e;InstitutionId RSEQ;;;12;12;base;Futsal J M D3
oui;haute;Secondaire;Futsal;Futsal;Féminin;Montréal;Académie de Roberval;Académie De Roberval;Montréal;Cadet;D4;Féminin;00bce773-1482-477d-95c2-61fc1e9a8963;f906e673-b56e-4f94-b4b5-7e28c7a25d9e;InstitutionId RSEQ;;;11;11;base;Futsal C F D4 Niveau 1
oui;haute;Secondaire;Futsal;Futsal;Féminin;Montréal;Académie de Roberval;Académie De Roberval;Montréal;Benjamin;D4;Féminin;dbabc026-10e0-412e-be8f-d1ce6017e63d;f906e673-b56e-4f94-b4b5-7e28c7a25d9e;InstitutionId RSEQ;;;12;12;base;Futsal B F D4 Niveau 1
oui;haute;Secondaire;Futsal;Futsal;Féminin;Montréal;Académie de Roberval;Académie De Roberval;Montréal;Juvénile;D4;Féminin;9ee0fb12-bdc4-4bfc-b823-b6d1e50bc2c4;f906e673-b56e-4f94-b4b5-7e28c7a25d9e;InstitutionId RSEQ;;;8;8;base;Futsal J F D4 Niveau 1
oui;haute;Secondaire;Futsal;Futsal;Masculin;Montréal;Académie Dunton;Académie Dunton;Montréal;Atome;D4;Masculin;8ff60add-e271-45a3-8bb0-32d8e01a755a;c1c0dec8-8a84-4682-89d2-784ed18cd5c6;InstitutionId RSEQ;;;8;8;base;Futsal A M D4 Niveau 1
oui;haute;Secondaire;Futsal;Futsal;Masculin;Montréal;Académie Dunton;Académie Dunton;Montréal;Benjamin;D4;Masculin;6d27c832-ba50-4469-96d8-8589c9424d10;c1c0dec8-8a84-4682-89d2-784ed18cd5c6;InstitutionId RSEQ;;;14;14;base;Futsal B M D4 Niveau 1 EST
oui;haute;Secondaire;Futsal;Futsal;Masculin;Montréal;Académie Dunton;Académie Dunton;Montréal;Cadet;D4;Masculin;1bde40bf-f816-4be3-bec4-f340cf7400f6;c1c0dec8-8a84-4682-89d2-784ed18cd5c6;InstitutionId RSEQ;;;8;8;base;Futsal C M D4 Niveau 1 EST
oui;haute;Secondaire;Futsal;Futsal;Féminin;Montréal;Académie Dunton;Académie Dunton;Montréal;Cadet;D4;Féminin;c5363bdd-98f5-4329-9b29-cfe1b4d71b26;c1c0dec8-8a84-4682-89d2-784ed18cd5c6;InstitutionId RSEQ;;;11;11;base;Futsal C F D4 Niveau 1
oui;haute;Secondaire;Futsal;Futsal;Féminin;Montréal;Académie Lafontaine;Académie Lafontaine;Saint-Jérôme;Cadet;D3;Féminin;d225802f-6be6-44ea-9622-5a9b02c5d67f;94bfa2ac-c7ac-4564-8703-422c3881729a;InstitutionId RSEQ;;82c57789-6a70-4340-a610-05ca67e5006d: 1 (7ebecace);5;5;base;Futsal C F D3 Ligue des champions
oui;haute;Secondaire;Futsal;Futsal;Masculin;Montréal;Académie Michèle-Provost (S);Académie Michèle-Provost;Montréal;Benjamin;D4;Masculin;c5470102-ef6d-4d14-810d-eb45d8e268b5;ec4eabf1-a21d-47cd-9c81-10b2c6542b50;InstitutionId RSEQ;;;9;9;base;Futsal B M D4 Niveau 3
oui;haute;Secondaire;Futsal;Futsal;Masculin;Montréal;Académie Ste-Thérèse;Académie Ste-Thérèse;Sainte-Thérèse;Cadet;D3;Masculin;fdeb94a5-4997-442e-8012-2e3b54148828;f965dd47-d107-4f2e-b1f6-fc43700b30ca;InstitutionId RSEQ;;;10;5;base+ligue absente;Futsal C M D3 Ligue des champions Groupe A / Futsal C M D3 Ligue des champions Groupe B
oui;haute;Secondaire;Futsal;Futsal;Masculin;Montréal;Académie Ste-Thérèse;Académie Ste-Thérèse;Sainte-Thérèse;Juvénile;D3;Masculin;bff47ac7-85c6-4217-af5b-cbe0958fccbf;f965dd47-d107-4f2e-b1f6-fc43700b30ca;InstitutionId RSEQ;;;5;5;base;Futsal J M D3 Ligue des champions Groupe A
oui;haute;Secondaire;Futsal;Futsal;Masculin;Montréal;Coll. Jean de la Mennais;Collège Jean de la Mennais;La Prairie;Juvénile;D3;Masculin;935f2036-8fe3-43ff-a352-0f2858b0dd7d;b711a119-5296-4447-b8f2-ea2e656d441c;InstitutionId RSEQ;;;5;5;base;Futsal J M D3 Ligue des champions Groupe A
oui;haute;Secondaire;Futsal;Futsal;Féminin;Montréal;Coll. Jean de la Mennais;Collège Jean de la Mennais;La Prairie;Juvénile;D3;Féminin;4f746118-4129-4821-a111-769b8350e202;b711a119-5296-4447-b8f2-ea2e656d441c;InstitutionId RSEQ;;;5;5;base;Futsal J F D3 Ligue des champions
oui;haute;Secondaire;Futsal;Futsal;Féminin;Montréal;Collège Bourget;Collège Bourget;Rigaud;Juvénile;D3;Féminin;6e6130e2-3f48-41ef-83fa-1d2a5383b8ac;a2350c7e-b58f-48eb-841b-8d2249b50c05;InstitutionId RSEQ;;;6;6;base;Futsal J F D3 Ligue des champions
oui;haute;Secondaire;Futsal;Futsal;Masculin;Montréal;Collège Bourget;Collège Bourget;Rigaud;Benjamin;D3;Masculin;df920052-e688-4a73-828c-d5de6686f705;a2350c7e-b58f-48eb-841b-8d2249b50c05;InstitutionId RSEQ;;;7;7;base;Futsal B M D3 Ligue des champions
oui;haute;Secondaire;Futsal;Futsal;Masculin;Montréal;Collège d'Anjou;Collège d'Anjou;Montréal;Cadet;D4;Masculin;28abec83-18cb-4a31-91f4-43297611161e;1f32b1be-3ecf-45f1-89aa-87883256711b;InstitutionId RSEQ;;;9;9;base;Futsal C M D4 Niveau 2
oui;haute;Secondaire;Futsal;Futsal;Masculin;Montréal;Collège d'Anjou;Collège d'Anjou;Montréal;Juvénile;D4;Masculin;1bb34974-ad62-4b58-b517-a8032c9a1420;1f32b1be-3ecf-45f1-89aa-87883256711b;InstitutionId RSEQ;;;9;9;base;Futsal J M D4 Niveau 2
oui;haute;Secondaire;Futsal;Futsal;Masculin;Montréal;Collège d'Anjou;Collège d'Anjou;Montréal;Atome;D4;Masculin;1f8375fc-da72-4a4a-922e-67ae3cc406e5;1f32b1be-3ecf-45f1-89aa-87883256711b;InstitutionId RSEQ;;;12;12;base;Futsal A M D4 Niveau 3
oui;haute;Secondaire;Futsal;Futsal;Féminin;Montréal;Collège d'Anjou;Collège d'Anjou;Montréal;Benjamin;D4;Féminin;81b177f5-29eb-4eef-a2ff-32f63cd689c9;1f32b1be-3ecf-45f1-89aa-87883256711b;InstitutionId RSEQ;;;12;12;base;Futsal B F D4 Niveau 1
oui;haute;Secondaire;Futsal;Futsal;Masculin;Montréal;Collège d'Anjou;Collège d'Anjou;Montréal;Benjamin;D4;Masculin;0625513b-d1ac-4b44-8821-1408eabb70b4;1f32b1be-3ecf-45f1-89aa-87883256711b;InstitutionId RSEQ;;;14;14;base;Futsal B M D4 Niveau 2
oui;haute;Secondaire;Futsal;Futsal;Féminin;Montréal;Collège d'Anjou;Collège d'Anjou;Montréal;Juvénile;D3;Féminin;96d8dc5e-e88e-47da-be7c-3299871663fb;1f32b1be-3ecf-45f1-89aa-87883256711b;InstitutionId RSEQ;;;12;12;base;Futsal J F D3
oui;haute;Secondaire;Futsal;Futsal;Masculin;Montréal;Collège de Montréal;Collège de Montréal;Montréal;Benjamin;D3;Masculin;61ceb66d-33cb-4130-97f2-a40e1315fbf2;9f948e9b-0b6a-4280-9feb-8ca39c1f51c0;InstitutionId RSEQ;;;14;14;base;Futsal B M D3
oui;haute;Secondaire;Futsal;Futsal;Masculin;Montréal;Collège de Montréal;Collège de Montréal;Montréal;Cadet;D3;Masculin;cd710d20-061f-4ae0-bf34-f01a7f554162;9f948e9b-0b6a-4280-9feb-8ca39c1f51c0;InstitutionId RSEQ;;;14;14;base;Futsal C M D3
oui;haute;Secondaire;Futsal;Futsal;Masculin;Montréal;Collège de Montréal;Collège de Montréal;Montréal;Juvénile;D3;Masculin;3cf1262f-de18-4aa2-a0d4-86e42019263b;9f948e9b-0b6a-4280-9feb-8ca39c1f51c0;InstitutionId RSEQ;;;12;12;base;Futsal J M D3
oui;haute;Secondaire;Futsal;Futsal;Féminin;Montréal;Collège de Montréal;Collège de Montréal;Montréal;Benjamin;D4;Féminin;b4d2b098-4562-47d5-b7ac-b7376d05cd5c;9f948e9b-0b6a-4280-9feb-8ca39c1f51c0;InstitutionId RSEQ;;;12;12;base;Futsal B F D4 Niveau 1
oui;haute;Secondaire;Futsal;Futsal;Féminin;Montréal;Collège de Montréal;Collège de Montréal;Montréal;Juvénile;D3;Féminin;e0a696e2-4366-4d72-828e-a56207fad6ab;9f948e9b-0b6a-4280-9feb-8ca39c1f51c0;InstitutionId RSEQ;;;12;12;base;Futsal J F D3
oui;haute;Secondaire;Futsal;Futsal;Masculin;Montréal;Collège de Montréal;Collège de Montréal;Montréal;Atome;D3;Masculin;372942d9-a1a4-41e8-ae9e-e5409beb3ea7;9f948e9b-0b6a-4280-9feb-8ca39c1f51c0;InstitutionId RSEQ;;;8;8;base;Futsal A M D3
oui;haute;Secondaire;Futsal;Futsal;Masculin;Montréal;Collège Français de Montréal;Collège Français Secondaire Montréal;Montréal;Atome;D4;Masculin;907c63a1-c617-4145-9bc3-0af09fffe91d;4028bcd7-fb5c-408e-b0f6-821f238d2101;InstitutionId RSEQ;;;9;9;base;Futsal A M D4 Niveau 2
oui;haute;Secondaire;Futsal;Futsal;Masculin;Montréal;Collège Français de Montréal;Collège Français Secondaire Montréal;Montréal;Benjamin;D4;Masculin;7b0ca280-c993-48e5-a093-454c82659e97;4028bcd7-fb5c-408e-b0f6-821f238d2101;InstitutionId RSEQ;;;14;14;base;Futsal B M D4 Niveau 2
oui;haute;Secondaire;Futsal;Futsal;Féminin;Montréal;Collège Français de Montréal;Collège Français Secondaire Montréal;Montréal;Juvénile;D4;Féminin;b1577602-e89e-45c0-b5c3-a69850c338ca;4028bcd7-fb5c-408e-b0f6-821f238d2101;InstitutionId RSEQ;;;8;8;base;Futsal J F D4 Niveau 1
oui;haute;Secondaire;Futsal;Futsal;Masculin;Montréal;Collège Français de Montréal;Collège Français Secondaire Montréal;Montréal;Cadet;D4;Masculin;9d339e46-8fea-4cd4-a598-7373111bc5a5;4028bcd7-fb5c-408e-b0f6-821f238d2101;InstitutionId RSEQ;;;8;8;base;Futsal C M D4 Niveau 1 OUEST
oui;haute;Secondaire;Futsal;Futsal;Masculin;Montréal;Collège International Marie-de-France;Collège international Marie de France;Montréal;Atome;D4;Masculin;a9d5b838-552a-4959-a839-6a4b0358bad0;6d36b5dd-fbb2-430b-a55f-a3eae0b782ab;InstitutionId RSEQ;;;9;9;base;Futsal A M D4 Niveau 2
oui;haute;Secondaire;Futsal;Futsal;Masculin;Montréal;Collège International Marie-de-France;Collège international Marie de France;Montréal;Cadet;D3;Masculin;a29293d0-da75-46b0-85ef-75932e21413b;6d36b5dd-fbb2-430b-a55f-a3eae0b782ab;InstitutionId RSEQ;;;14;14;base;Futsal C M D3
oui;haute;Secondaire;Futsal;Futsal;Masculin;Montréal;Collège International Marie-de-France;Collège international Marie de France;Montréal;Juvénile;D4;Masculin;b5d3a229-f5c5-49fd-a6f5-29b88ac23efe;6d36b5dd-fbb2-430b-a55f-a3eae0b782ab;InstitutionId RSEQ;;;12;12;base;Futsal J M D4 Niveau 1
oui;haute;Secondaire;Futsal;Futsal;Masculin;Montréal;Collège International Marie-de-France;Collège international Marie de France;Montréal;Cadet;D4;Masculin;4afa0ebc-c5dc-44ab-a1c9-81030f4b164a;6d36b5dd-fbb2-430b-a55f-a3eae0b782ab;InstitutionId RSEQ;;;8;8;base;Futsal C M D4 Niveau 3
oui;haute;Secondaire;Futsal;Futsal;Masculin;Montréal;Collège Jean-Eudes;Collège Jean-Eudes;Montréal;Cadet;D3;Masculin;b4def719-7380-4054-85ae-4e1f4782c763;ea11a9e0-aad9-4294-8ac2-2a6302317e0c;InstitutionId RSEQ;;;14;14;base;Futsal C M D3
oui;haute;Secondaire;Futsal;Futsal;Masculin;Montréal;Collège Jean-Eudes;Collège Jean-Eudes;Montréal;Benjamin;D3;Masculin;f2b15a8a-fb18-4fae-a224-97f05550640d;ea11a9e0-aad9-4294-8ac2-2a6302317e0c;InstitutionId RSEQ;;;14;14;base;Futsal B M D3
oui;haute;Secondaire;Futsal;Futsal;Féminin;Montréal;Collège Jean-Eudes;Collège Jean-Eudes;Montréal;Benjamin;D3;Féminin;7e57e7d5-45d7-4677-ba85-bb3290d20c9a;ea11a9e0-aad9-4294-8ac2-2a6302317e0c;InstitutionId RSEQ;;;6;6;base;Futsal B F D3 Ligue des champions
oui;haute;Secondaire;Futsal;Futsal;Masculin;Montréal;Collège Jean-Eudes;Collège Jean-Eudes;Montréal;Cadet;D3;Masculin;ff8301f1-2b50-4bc1-9c5a-637009b4be44;ea11a9e0-aad9-4294-8ac2-2a6302317e0c;InstitutionId RSEQ;;;10;5;base+ligue absente;Futsal C M D3 Ligue des champions Groupe A / Futsal C M D3 Ligue des champions Groupe B
oui;haute;Secondaire;Futsal;Futsal;Masculin;Montréal;Collège Jean-Eudes;Collège Jean-Eudes;Montréal;Benjamin;D4;Masculin;3de75645-eaf1-4f59-9712-f01d38a75c67;ea11a9e0-aad9-4294-8ac2-2a6302317e0c;InstitutionId RSEQ;;;14;14;base;Futsal B M D4 Niveau 1 OUEST
oui;haute;Secondaire;Futsal;Futsal;Masculin;Montréal;Collège Jean-Eudes;Collège Jean-Eudes;Montréal;Juvénile;D3;Masculin;6aa6429f-ab60-4ee2-afed-e577de7b5387;ea11a9e0-aad9-4294-8ac2-2a6302317e0c;InstitutionId RSEQ;;;12;12;base;Futsal J M D3
oui;haute;Secondaire;Futsal;Futsal;Masculin;Montréal;Collège Jean-Eudes;Collège Jean-Eudes;Montréal;Cadet;D4;Masculin;768e695b-4236-4607-b67a-790976aac21a;ea11a9e0-aad9-4294-8ac2-2a6302317e0c;InstitutionId RSEQ;;;9;9;base;Futsal C M D4 Niveau 2
oui;haute;Secondaire;Futsal;Futsal;Féminin;Montréal;Collège Jean-Eudes;Collège Jean-Eudes;Montréal;Atome;D3;Féminin;2d5e8cb3-1ae7-4a5d-8a87-f98345fae292;ea11a9e0-aad9-4294-8ac2-2a6302317e0c;InstitutionId RSEQ;;;9;9;base;Futsal A F D3
oui;haute;Secondaire;Futsal;Futsal;Féminin;Montréal;Collège Jean-Eudes;Collège Jean-Eudes;Montréal;Cadet;D3;Féminin;d79811f5-8b1b-406b-8a82-c597ac3cd5b2;ea11a9e0-aad9-4294-8ac2-2a6302317e0c;InstitutionId RSEQ;;;5;5;base;Futsal C F D3 Ligue des champions
oui;haute;Secondaire;Futsal;Futsal;Masculin;Montréal;Collège Jean-Eudes;Collège Jean-Eudes;Montréal;Juvénile;D3;Masculin;cd818a32-c529-4b40-b471-f5a8029063fb;ea11a9e0-aad9-4294-8ac2-2a6302317e0c;InstitutionId RSEQ;;;5;5;base;Futsal J M D3 Ligue des champions Groupe B
oui;haute;Secondaire;Futsal;Futsal;Féminin;Montréal;Collège Jean-Eudes;Collège Jean-Eudes;Montréal;Cadet;D4;Féminin;cc30b212-1c98-41e3-a6fd-481abce42f19;ea11a9e0-aad9-4294-8ac2-2a6302317e0c;InstitutionId RSEQ;;;11;11;base;Futsal C F D4 Niveau 1
oui;haute;Secondaire;Futsal;Futsal;Masculin;Montréal;Collège Jean-Eudes;Collège Jean-Eudes;Montréal;Benjamin;D3;Masculin;778ede7c-b29f-4177-ab5a-0e09f77c43d3;ea11a9e0-aad9-4294-8ac2-2a6302317e0c;InstitutionId RSEQ;;;7;7;base;Futsal B M D3 Ligue des champions
oui;haute;Secondaire;Futsal;Futsal;Masculin;Montréal;Collège Jean-Eudes;Collège Jean-Eudes;Montréal;Atome;D3;Masculin;e70b7081-1ab5-4d39-b7d8-2c3e41e250e0;ea11a9e0-aad9-4294-8ac2-2a6302317e0c;InstitutionId RSEQ;;;8;8;base;Futsal A M D3
oui;haute;Secondaire;Futsal;Futsal;Féminin;Montréal;Collège Jean-Eudes - D3;Collège Jean-Eudes;Montréal;Cadet;D3;Féminin;bc52a3f7-c846-459e-b8fb-f9ec5221bfd1;ea11a9e0-aad9-4294-8ac2-2a6302317e0c;InstitutionId RSEQ;;;9;9;base;Futsal C F D3
oui;haute;Secondaire;Futsal;Futsal;Féminin;Montréal;Collège Laval;Collège Laval;Laval;Juvénile;D3;Féminin;c4604691-d263-47cf-a593-520e57ab6cec;bb250d92-fb4f-476a-a9cb-1b3176ccaa84;InstitutionId RSEQ;;;5;5;base;Futsal J F D3 Ligue des champions
oui;haute;Secondaire;Futsal;Futsal;Féminin;Montréal;Collège Laval;Collège Laval;Laval;Cadet;D3;Féminin;dcf7b7e9-842d-4cd7-804a-d44949055e29;bb250d92-fb4f-476a-a9cb-1b3176ccaa84;InstitutionId RSEQ;;;5;5;base;Futsal C F D3 Ligue des champions
oui;haute;Secondaire;Futsal;Futsal;Masculin;Montréal;Collège Laval;Collège Laval;Laval;Juvénile;D3;Masculin;e1d5dad8-75ef-40f7-9c34-198dd7b93671;bb250d92-fb4f-476a-a9cb-1b3176ccaa84;InstitutionId RSEQ;;;5;5;base;Futsal J M D3 Ligue des champions Groupe A
oui;haute;Secondaire;Futsal;Futsal;Masculin;Montréal;Collège Laval;Collège Laval;Laval;Benjamin;D3;Masculin;32f8090f-ced0-409d-9a7a-ccd0eeb97e32;bb250d92-fb4f-476a-a9cb-1b3176ccaa84;InstitutionId RSEQ;;;7;7;base;Futsal B M D3 Ligue des champions
oui;haute;Secondaire;Futsal;Futsal;Masculin;Montréal;Collège Laval;Collège Laval;Laval;Cadet;D3;Masculin;eb091576-8813-4d75-a9d6-f51226862f5f;bb250d92-fb4f-476a-a9cb-1b3176ccaa84;InstitutionId RSEQ;;;10;5;base+ligue absente;Futsal C M D3 Ligue des champions Groupe A / Futsal C M D3 Ligue des champions Groupe B
oui;haute;Secondaire;Futsal;Futsal;Féminin;Montréal;Collège Laval;Collège Laval;Laval;Benjamin;D3;Féminin;e08fdcc3-4bef-461b-838b-c93429d517d5;bb250d92-fb4f-476a-a9cb-1b3176ccaa84;InstitutionId RSEQ;;;6;6;base;Futsal B F D3 Ligue des champions
oui;haute;Secondaire;Futsal;Futsal;Masculin;Montréal;Collège Notre-Dame;Collège Notre-Dame;Montréal;Benjamin;D4;Masculin;b428515d-4183-4510-9999-e7ea293b83df;f7a54b0e-698f-4bc2-9bba-5ee28c91ede6;InstitutionId RSEQ;;;14;14;base;Futsal B M D4 Niveau 2
oui;haute;Secondaire;Futsal;Futsal;Masculin;Montréal;Collège Notre-Dame;Collège Notre-Dame;Montréal;Cadet;D3;Masculin;3ee5acea-5b4d-4bc1-b310-54fef5a4bb2e;f7a54b0e-698f-4bc2-9bba-5ee28c91ede6;InstitutionId RSEQ;;;14;14;base;Futsal C M D3
oui;haute;Secondaire;Futsal;Futsal;Féminin;Montréal;Collège Notre-Dame;Collège Notre-Dame;Montréal;Cadet;D3;Féminin;08cfda73-4686-468d-881a-488e324fccbd;f7a54b0e-698f-4bc2-9bba-5ee28c91ede6;InstitutionId RSEQ;;;5;5;base;Futsal C F D3 Ligue des champions
oui;haute;Secondaire;Futsal;Futsal;Masculin;Montréal;Collège Notre-Dame;Collège Notre-Dame;Montréal;Cadet;D3;Masculin;7bc1af38-fdcc-4347-b59f-eaba1763c47c;f7a54b0e-698f-4bc2-9bba-5ee28c91ede6;InstitutionId RSEQ;;;10;5;base+ligue absente;Futsal C M D3 Ligue des champions Groupe A / Futsal C M D3 Ligue des champions Groupe B
oui;haute;Secondaire;Futsal;Futsal;Masculin;Montréal;Collège Notre-Dame;Collège Notre-Dame;Montréal;Juvénile;D4;Masculin;586f6737-8c20-4d6f-bd37-bef3797a37c9;f7a54b0e-698f-4bc2-9bba-5ee28c91ede6;InstitutionId RSEQ;;;12;12;base;Futsal J M D4 Niveau 1
oui;haute;Secondaire;Futsal;Futsal;Masculin;Montréal;Collège Notre-Dame;Collège Notre-Dame;Montréal;Juvénile;D3;Masculin;3ba2fb2e-fe8b-476d-8f5b-1bd6b0dc241c;f7a54b0e-698f-4bc2-9bba-5ee28c91ede6;InstitutionId RSEQ;;;12;12;base;Futsal J M D3
oui;haute;Secondaire;Futsal;Futsal;Féminin;Montréal;Collège Notre-Dame;Collège Notre-Dame;Montréal;Cadet;D4;Féminin;5779c4eb-7d17-4518-8920-9a7026d22d5e;f7a54b0e-698f-4bc2-9bba-5ee28c91ede6;InstitutionId RSEQ;;;11;11;base;Futsal C F D4 Niveau 1
oui;haute;Secondaire;Futsal;Futsal;Féminin;Montréal;Collège Notre-Dame;Collège Notre-Dame;Montréal;Benjamin;D3;Féminin;65269c5d-64f0-4116-b21d-941fc3055e19;f7a54b0e-698f-4bc2-9bba-5ee28c91ede6;InstitutionId RSEQ;;;6;6;base;Futsal B F D3 Ligue des champions
oui;haute;Secondaire;Futsal;Futsal;Masculin;Montréal;Collège Notre-Dame;Collège Notre-Dame;Montréal;Atome;D3;Masculin;3f6517b1-d752-4f48-a2b5-a477a11bb064;f7a54b0e-698f-4bc2-9bba-5ee28c91ede6;InstitutionId RSEQ;;;8;8;base;Futsal A M D3
oui;haute;Secondaire;Futsal;Futsal;Féminin;Montréal;Collège Notre-Dame;Collège Notre-Dame;Montréal;Juvénile;D3;Féminin;642bc1b4-eff4-478d-90bb-312ef2e584a3;f7a54b0e-698f-4bc2-9bba-5ee28c91ede6;InstitutionId RSEQ;;;12;12;base;Futsal J F D3
oui;haute;Secondaire;Futsal;Futsal;Masculin;Montréal;Collège Notre-Dame;Collège Notre-Dame;Montréal;Benjamin;D4;Masculin;2d196538-38b9-4700-a80a-149496089519;f7a54b0e-698f-4bc2-9bba-5ee28c91ede6;InstitutionId RSEQ;;;14;14;base;Futsal B M D4 Niveau 1 OUEST
oui;haute;Secondaire;Futsal;Futsal;Féminin;Montréal;Collège Notre-Dame;Collège Notre-Dame;Montréal;Atome;D3;Féminin;357c3dce-336e-4216-a153-8cdd5e0e4d8b;f7a54b0e-698f-4bc2-9bba-5ee28c91ede6;InstitutionId RSEQ;;;9;9;base;Futsal A F D3
oui;haute;Secondaire;Futsal;Futsal;Masculin;Montréal;Collège Notre-Dame;Collège Notre-Dame;Montréal;Benjamin;D3;Masculin;ef43fa8d-ca9c-4e5e-bac0-fdb9a6e4422d;f7a54b0e-698f-4bc2-9bba-5ee28c91ede6;InstitutionId RSEQ;;;7;7;base;Futsal B M D3 Ligue des champions
oui;haute;Secondaire;Futsal;Futsal;Masculin;Montréal;Collège Notre-Dame;Collège Notre-Dame;Montréal;Cadet;D4;Masculin;8da73333-5600-4c99-8108-7d040730acb2;f7a54b0e-698f-4bc2-9bba-5ee28c91ede6;InstitutionId RSEQ;;;9;9;base;Futsal C M D4 Niveau 2
oui;haute;Secondaire;Futsal;Futsal;Masculin;Montréal;Collège Notre-Dame;Collège Notre-Dame;Montréal;Cadet;D4;Masculin;6b88d1fc-8f3b-4dae-b7cf-253372b49e4a;f7a54b0e-698f-4bc2-9bba-5ee28c91ede6;InstitutionId RSEQ;;;8;8;base;Futsal C M D4 Niveau 1 OUEST
oui;haute;Secondaire;Futsal;Futsal;Masculin;Montréal;Collège Notre-Dame;Collège Notre-Dame;Montréal;Benjamin;D3;Masculin;efb740e5-a86d-477d-a794-063094356956;f7a54b0e-698f-4bc2-9bba-5ee28c91ede6;InstitutionId RSEQ;;;14;14;base;Futsal B M D3
oui;haute;Secondaire;Futsal;Futsal;Féminin;Montréal;Collège Notre-Dame;Collège Notre-Dame;Montréal;Juvénile;D3;Féminin;6f1732d0-00f8-41a9-9a7f-209bde9266da;f7a54b0e-698f-4bc2-9bba-5ee28c91ede6;InstitutionId RSEQ;;;6;6;base;Futsal J F D3 Ligue des champions
oui;haute;Secondaire;Futsal;Futsal;Masculin;Montréal;Collège Notre-Dame;Collège Notre-Dame;Montréal;Juvénile;D3;Masculin;42ae1189-d80d-4b69-9e74-019b32d70038;f7a54b0e-698f-4bc2-9bba-5ee28c91ede6;InstitutionId RSEQ;;;5;5;base;Futsal J M D3 Ligue des champions Groupe A
oui;haute;Secondaire;Futsal;Futsal;Féminin;Montréal;Collège Notre-Dame - D3;Collège Notre-Dame;Montréal;Benjamin;D3;Féminin;6c6c0c5d-d35e-4dd4-a982-9a3712e059ea;f7a54b0e-698f-4bc2-9bba-5ee28c91ede6;InstitutionId RSEQ;;;12;12;base;Futsal B F D3
oui;haute;Secondaire;Futsal;Futsal;Féminin;Montréal;Collège Notre-Dame -D3;Collège Notre-Dame;Montréal;Cadet;D3;Féminin;46799285-998c-432a-86a3-25256fbbd319;f7a54b0e-698f-4bc2-9bba-5ee28c91ede6;InstitutionId RSEQ;;;9;9;base;Futsal C F D3
oui;haute;Secondaire;Futsal;Futsal;Masculin;Montréal;Collège Regina Assumpta;Collège Regina Assumpta;Montréal;Atome;D3;Masculin;2f58c7fa-ee36-4c91-a15c-6f76f4df992f;d911ac4b-e71e-47df-949c-2a42d6407ef7;InstitutionId RSEQ;;;8;8;base;Futsal A M D3
oui;haute;Secondaire;Futsal;Futsal;Féminin;Montréal;Collège Regina Assumpta;Collège Regina Assumpta;Montréal;Benjamin;D3;Féminin;80906249-1e25-4367-9cec-dd2b4dc12490;d911ac4b-e71e-47df-949c-2a42d6407ef7;InstitutionId RSEQ;;;12;12;base;Futsal B F D3
oui;haute;Secondaire;Futsal;Futsal;Féminin;Montréal;Collège Regina Assumpta;Collège Regina Assumpta;Montréal;Cadet;D3;Féminin;57e3cf5d-1f32-47a8-89a4-7fd98a94825d;d911ac4b-e71e-47df-949c-2a42d6407ef7;InstitutionId RSEQ;;;9;9;base;Futsal C F D3
oui;haute;Secondaire;Futsal;Futsal;Masculin;Montréal;Collège Regina Assumpta;Collège Regina Assumpta;Montréal;Cadet;D4;Masculin;9389b75b-9d6b-49eb-9a23-48ccd548999b;d911ac4b-e71e-47df-949c-2a42d6407ef7;InstitutionId RSEQ;;;8;8;base;Futsal C M D4 Niveau 1 OUEST
oui;haute;Secondaire;Futsal;Futsal;Masculin;Montréal;Collège Regina Assumpta;Collège Regina Assumpta;Montréal;Atome;D4;Masculin;211bb32e-26a6-4d33-b71d-6caabee16ffa;d911ac4b-e71e-47df-949c-2a42d6407ef7;InstitutionId RSEQ;;;9;9;base;Futsal A M D4 Niveau 2
oui;haute;Secondaire;Futsal;Futsal;Masculin;Montréal;Collège Regina Assumpta;Collège Regina Assumpta;Montréal;Benjamin;D3;Masculin;cbbad36b-eddc-4712-95a4-a4898e82a0b7;d911ac4b-e71e-47df-949c-2a42d6407ef7;InstitutionId RSEQ;;;14;14;base;Futsal B M D3
oui;haute;Secondaire;Futsal;Futsal;Féminin;Montréal;Collège Regina Assumpta;Collège Regina Assumpta;Montréal;Atome;D3;Féminin;350bc86e-f574-4872-99c0-fbc39fe09aaa;d911ac4b-e71e-47df-949c-2a42d6407ef7;InstitutionId RSEQ;;;9;9;base;Futsal A F D3
oui;haute;Secondaire;Futsal;Futsal;Masculin;Montréal;Collège Regina Assumpta;Collège Regina Assumpta;Montréal;Juvénile;D4;Masculin;dedb1f99-4cbf-4bd8-8782-fa1ad73043a5;d911ac4b-e71e-47df-949c-2a42d6407ef7;InstitutionId RSEQ;;;12;12;base;Futsal J M D4 Niveau 1
oui;haute;Secondaire;Futsal;Futsal;Masculin;Montréal;Collège Reine-Marie;Collège Reine-Marie;Montréal;Juvénile;D4;Masculin;f8778c54-4c1e-48de-bcea-603b76cd9e8a;9b6961c4-6b05-44ee-8272-7a1835aaa8ce;InstitutionId RSEQ;;;9;9;base;Futsal J M D4 Niveau 2
oui;haute;Secondaire;Futsal;Futsal;Masculin;Montréal;Collège Reine-Marie;Collège Reine-Marie;Montréal;Cadet;D4;Masculin;f9ba589f-8d5e-4690-8ffd-73c3f4de31ed;9b6961c4-6b05-44ee-8272-7a1835aaa8ce;InstitutionId RSEQ;;;8;8;base;Futsal C M D4 Niveau 1 EST
oui;haute;Secondaire;Futsal;Futsal;Féminin;Montréal;Collège Reine-Marie;Collège Reine-Marie;Montréal;Cadet;D3;Féminin;4def3a68-ed7c-43ca-be6f-7835f13a4bdf;9b6961c4-6b05-44ee-8272-7a1835aaa8ce;InstitutionId RSEQ;;;9;9;base;Futsal C F D3
oui;haute;Secondaire;Futsal;Futsal;Masculin;Montréal;Collège Sainte-Anne;Collège Sainte-Anne;Montréal;Cadet;D3;Masculin;e74c77f1-e844-4687-ace9-aa5d46f8db69;3d98b714-fbdf-45ad-bb8f-ec24e3a824fd;InstitutionId RSEQ;;;10;5;base+ligue absente;Futsal C M D3 Ligue des champions Groupe A / Futsal C M D3 Ligue des champions Groupe B
oui;haute;Secondaire;Futsal;Futsal;Masculin;Montréal;Collège Sainte-Anne;Collège Sainte-Anne;Montréal;Juvénile;D3;Masculin;890b41b5-d3a2-462e-8c23-41d27be7f84d;3d98b714-fbdf-45ad-bb8f-ec24e3a824fd;InstitutionId RSEQ;;;5;5;base;Futsal J M D3 Ligue des champions Groupe B
oui;haute;Secondaire;Futsal;Futsal;Masculin;Montréal;Collège Sainte-Anne;Collège Sainte-Anne;Montréal;Benjamin;D3;Masculin;90db847f-50ed-47b3-8160-5b4445f2b6ad;3d98b714-fbdf-45ad-bb8f-ec24e3a824fd;InstitutionId RSEQ;;;7;7;base;Futsal B M D3 Ligue des champions
oui;haute;Secondaire;Futsal;Futsal;Masculin;Montréal;Collège St-Jean-Vianney;Collège St-Jean-Vianney;Montréal;Benjamin;D3;Masculin;2ff5612b-fcf9-4cac-b5f8-ecef7de52af2;24ee7ebf-fede-47dd-b666-bd1530b303ad;InstitutionId RSEQ;;;14;14;base;Futsal B M D3
oui;haute;Secondaire;Futsal;Futsal;Masculin;Montréal;Collège St-Jean-Vianney;Collège St-Jean-Vianney;Montréal;Benjamin;D4;Masculin;580407f7-d41d-441e-947c-98eb27e9be77;24ee7ebf-fede-47dd-b666-bd1530b303ad;InstitutionId RSEQ;;;14;14;base;Futsal B M D4 Niveau 1 EST
oui;haute;Secondaire;Futsal;Futsal;Masculin;Montréal;Collège St-Jean-Vianney;Collège St-Jean-Vianney;Montréal;Cadet;D3;Masculin;c8aa34f1-1380-4255-bab9-659ed4a147d9;24ee7ebf-fede-47dd-b666-bd1530b303ad;InstitutionId RSEQ;;;14;14;base;Futsal C M D3
oui;haute;Secondaire;Futsal;Futsal;Masculin;Montréal;Collège St-Jean-Vianney;Collège St-Jean-Vianney;Montréal;Atome;D4;Masculin;c560709a-6e06-4ec6-9c53-c97370be0f99;24ee7ebf-fede-47dd-b666-bd1530b303ad;InstitutionId RSEQ;;;8;8;base;Futsal A M D4 Niveau 1
oui;haute;Secondaire;Futsal;Futsal;Masculin;Montréal;Collège St-Jean-Vianney;Collège St-Jean-Vianney;Montréal;Cadet;D4;Masculin;7b031e73-3571-4f7a-85cb-3bb4560aa928;24ee7ebf-fede-47dd-b666-bd1530b303ad;InstitutionId RSEQ;;;8;8;base;Futsal C M D4 Niveau 1 EST
oui;haute;Secondaire;Futsal;Futsal;Masculin;Montréal;Collège St-Jean-Vianney;Collège St-Jean-Vianney;Montréal;Atome;D3;Masculin;8d68c105-49ea-4548-8b22-f2f16818e7dc;24ee7ebf-fede-47dd-b666-bd1530b303ad;InstitutionId RSEQ;;;8;8;base;Futsal A M D3
oui;haute;Secondaire;Futsal;Futsal;Féminin;Montréal;Collège St-Jean-Vianney - D3;Collège St-Jean-Vianney;Montréal;Benjamin;D3;Féminin;7e4b48ca-0742-4286-970a-83312b3d1b45;24ee7ebf-fede-47dd-b666-bd1530b303ad;InstitutionId RSEQ;;;12;12;base;Futsal B F D3
oui;haute;Secondaire;Futsal;Futsal;Féminin;Montréal;Collège St-Jean-Vianney - D3;Collège St-Jean-Vianney;Montréal;Cadet;D3;Féminin;c50dc26b-e571-4a08-81df-ac24eefbf8ec;24ee7ebf-fede-47dd-b666-bd1530b303ad;InstitutionId RSEQ;;;9;9;base;Futsal C F D3
oui;haute;Secondaire;Futsal;Futsal;Féminin;Montréal;Collège Stanislas;Collège Stanislas (Montréal);Montréal;Atome;D3;Féminin;5f8706a5-d696-449b-b069-5c3463b31c96;88edd83d-c05e-4c1a-9583-9a5a9603f3be;InstitutionId RSEQ;;;9;9;base;Futsal A F D3
oui;haute;Secondaire;Futsal;Futsal;Masculin;Montréal;Collège Ville-Marie;Collège Ville-Marie;Montréal;Juvénile;D4;Masculin;590b8758-2c0b-4a8e-a3f9-a8e88eea31c0;543b4810-5154-4292-afc2-47730f5ba788;InstitutionId RSEQ;;;14;14;base;Futsal J M D4 Niveau 3
oui;haute;Secondaire;Futsal;Futsal;Masculin;Montréal;Collège Ville-Marie;Collège Ville-Marie;Montréal;Cadet;D4;Masculin;db032b41-4e1b-46e9-a711-3e16a00dbf69;543b4810-5154-4292-afc2-47730f5ba788;InstitutionId RSEQ;;;8;8;base;Futsal C M D4 Niveau 3
oui;haute;Secondaire;Futsal;Futsal;Féminin;Montréal;Collège Ville-Marie;Collège Ville-Marie;Montréal;Cadet;D4;Féminin;fc9c512b-f539-43f8-92e9-32b501ca844f;543b4810-5154-4292-afc2-47730f5ba788;InstitutionId RSEQ;;;11;11;base;Futsal C F D4 Niveau 1
oui;haute;Secondaire;Futsal;Futsal;Masculin;Montréal;Collège Ville-Marie;Collège Ville-Marie;Montréal;Benjamin;D4;Masculin;10cfa664-33ee-4047-b59b-326fad416966;543b4810-5154-4292-afc2-47730f5ba788;InstitutionId RSEQ;;;14;14;base;Futsal B M D4 Niveau 2
oui;haute;Secondaire;Futsal;Futsal;Masculin;Montréal;Collège Ville-Marie;Collège Ville-Marie;Montréal;Atome;D4;Masculin;3c9837e1-abc2-4ffb-bbe3-bd6dcd6c2298;543b4810-5154-4292-afc2-47730f5ba788;InstitutionId RSEQ;;;12;12;base;Futsal A M D4 Niveau 3
oui;haute;Secondaire;Futsal;Futsal;Masculin;Montréal;Collège Ville-Marie;Collège Ville-Marie;Montréal;Benjamin;D4;Masculin;12c82c2c-d53c-4777-adfc-c2f0993b18f2;543b4810-5154-4292-afc2-47730f5ba788;InstitutionId RSEQ;;;9;9;base;Futsal B M D4 Niveau 3
oui;haute;Secondaire;Futsal;Futsal;Féminin;Montréal;École Internationale de Montréal (S);École internationale de Montréal;Westmount;Cadet;D4;Féminin;4c175ef0-a65b-41b5-a093-78d39ed05fc6;db78678b-c4dd-4725-a94c-5be424984b17;InstitutionId RSEQ;;;11;11;base;Futsal C F D4 Niveau 1
oui;haute;Secondaire;Futsal;Futsal;Masculin;Montréal;École Internationale de Montréal (S);École internationale de Montréal;Westmount;Cadet;D4;Masculin;a957db78-1552-47b3-a45a-5b0ea4897dc2;db78678b-c4dd-4725-a94c-5be424984b17;InstitutionId RSEQ;;;8;8;base;Futsal C M D4 Niveau 3
oui;haute;Secondaire;Futsal;Futsal;Féminin;Montréal;École Marie-Clarac (S);École Marie-Clarac;Montréal;Benjamin;D4;Féminin;c0847252-c947-4681-863b-97ae15eb6ceb;cdbb5d41-2bbd-4451-aa2b-10c1489f2495;InstitutionId RSEQ;;;12;12;base;Futsal B F D4 Niveau 1
oui;haute;Secondaire;Futsal;Futsal;Féminin;Montréal;École Sourp Hagop (S);L'École arménienne Sourp Hagop;Montréal;Cadet;D4;Féminin;84fd353b-1535-4741-9e29-94721675e2f9;f406d5a4-f21c-47f0-946f-33eb0c3b3fc3;InstitutionId RSEQ;;;11;11;base;Futsal C F D4 Niveau 1
oui;haute;Secondaire;Futsal;Futsal;Masculin;Montréal;École Sourp Hagop (S);L'École arménienne Sourp Hagop;Montréal;Juvénile;D4;Masculin;247a69e3-8df7-4eed-871c-68c4ddf9c5e6;f406d5a4-f21c-47f0-946f-33eb0c3b3fc3;InstitutionId RSEQ;;;14;14;base;Futsal J M D4 Niveau 3
oui;haute;Secondaire;Futsal;Futsal;Masculin;Montréal;École Sourp Hagop (S);L'École arménienne Sourp Hagop;Montréal;Benjamin;D4;Masculin;565c1d1b-253c-4ebd-9144-e1aaa7f47e89;f406d5a4-f21c-47f0-946f-33eb0c3b3fc3;InstitutionId RSEQ;;;9;9;base;Futsal B M D4 Niveau 3
non (école introuvable);introuvable;Secondaire;Futsal;Futsal;Masculin;Montréal;ÉS Anjou;;;Benjamin;D4;Masculin;b424b182-e60c-4ec0-b1d5-ef665582452b;;InstitutionId c3abb092-36c8-43e8-8d51-6f83a37e7c21 sans école Nexus;;;14;14;base;Futsal B M D4 Niveau 1 EST
non (école introuvable);introuvable;Secondaire;Futsal;Futsal;Masculin;Montréal;ÉS Anjou;;;Juvénile;D4;Masculin;fb3281ed-4fe7-4a5f-bdd7-1617f1a76734;;InstitutionId c3abb092-36c8-43e8-8d51-6f83a37e7c21 sans école Nexus;;;12;12;base;Futsal J M D4 Niveau 1
non (école introuvable);introuvable;Secondaire;Futsal;Futsal;Masculin;Montréal;ÉS Anjou;;;Cadet;D4;Masculin;957864cb-ed60-4812-afe9-57349f723334;;InstitutionId c3abb092-36c8-43e8-8d51-6f83a37e7c21 sans école Nexus;;;8;8;base;Futsal C M D4 Niveau 1 EST
oui;haute;Secondaire;Futsal;Futsal;Féminin;Montréal;ÉS Antoine-de-Saint-Exupéry;École secondaire Antoine-de-Saint-Exupéry;Montréal;Juvénile;D4;Féminin;052ac51f-0fc3-4894-9f83-7f6688975671;b7aa9702-a73c-4664-98cf-9efc50c1273e;InstitutionId RSEQ;;;8;8;base;Futsal J F D4 Niveau 1
oui;haute;Secondaire;Futsal;Futsal;Masculin;Montréal;ÉS Antoine-de-Saint-Exupéry;École secondaire Antoine-de-Saint-Exupéry;Montréal;Juvénile;D4;Masculin;c8449cba-51ba-4f55-9d39-492103fb5b82;b7aa9702-a73c-4664-98cf-9efc50c1273e;InstitutionId RSEQ;;;12;12;base;Futsal J M D4 Niveau 1
oui;haute;Secondaire;Futsal;Futsal;Masculin;Montréal;ÉS Antoine-de-Saint-Exupéry;École secondaire Antoine-de-Saint-Exupéry;Montréal;Cadet;D4;Masculin;866a1ee7-71cf-41db-8477-d91d797d2e4c;b7aa9702-a73c-4664-98cf-9efc50c1273e;InstitutionId RSEQ;;;8;8;base;Futsal C M D4 Niveau 1 EST
oui;haute;Secondaire;Futsal;Futsal;Féminin;Montréal;ÉS Antoine-de-Saint-Exupéry;École secondaire Antoine-de-Saint-Exupéry;Montréal;Cadet;D3;Féminin;91edfedb-0412-4240-a1c4-0805b99e3193;b7aa9702-a73c-4664-98cf-9efc50c1273e;InstitutionId RSEQ;;;9;9;base;Futsal C F D3
oui;haute;Secondaire;Futsal;Futsal;Féminin;Montréal;ÉS Antoine-de-Saint-Exupéry;École secondaire Antoine-de-Saint-Exupéry;Montréal;Benjamin;D3;Féminin;884e1725-f281-4823-88cc-1be75b349923;b7aa9702-a73c-4664-98cf-9efc50c1273e;InstitutionId RSEQ;;;12;12;base;Futsal B F D3
oui;haute;Secondaire;Futsal;Futsal;Masculin;Montréal;ÉS Antoine-de-Saint-Exupéry;École secondaire Antoine-de-Saint-Exupéry;Montréal;Benjamin;D4;Masculin;84e12c4a-6825-4e1e-a176-27d1b3eb095e;b7aa9702-a73c-4664-98cf-9efc50c1273e;InstitutionId RSEQ;;;14;14;base;Futsal B M D4 Niveau 1 OUEST
oui;haute;Secondaire;Futsal;Futsal;Masculin;Montréal;ÉS Antoine-de-Saint-Exupéry;École secondaire Antoine-de-Saint-Exupéry;Montréal;Atome;D4;Masculin;7f43288a-df37-4efc-a286-cd43b5135b72;b7aa9702-a73c-4664-98cf-9efc50c1273e;InstitutionId RSEQ;;;8;8;base;Futsal A M D4 Niveau 1
oui;haute;Secondaire;Futsal;Futsal;Masculin;Montréal;ÉS aux Mille Voix;École secondaire aux Mille-Voix;Montréal;Cadet;D4;Masculin;01f043d6-812e-4f89-840c-eb728358541d;6f5920b0-b101-437f-9ff7-6cf0dd7f4082;InstitutionId RSEQ;;;9;9;base;Futsal C M D4 Niveau 2
oui;haute;Secondaire;Futsal;Futsal;Masculin;Montréal;ÉS aux Mille Voix;École secondaire aux Mille-Voix;Montréal;Benjamin;D4;Masculin;4fdc0b05-bc8a-4d84-8c28-01caef163979;6f5920b0-b101-437f-9ff7-6cf0dd7f4082;InstitutionId RSEQ;;;9;9;base;Futsal B M D4 Niveau 3
oui;haute;Secondaire;Futsal;Futsal;Masculin;Montréal;ÉS aux Mille Voix;École secondaire aux Mille-Voix;Montréal;Atome;D3;Masculin;c1ed813d-eac2-4364-86f1-c951bba7fa7c;6f5920b0-b101-437f-9ff7-6cf0dd7f4082;InstitutionId RSEQ;;;8;8;base;Futsal A M D3
oui;haute;Secondaire;Futsal;Futsal;Masculin;Montréal;ÉS aux Mille Voix;École secondaire aux Mille-Voix;Montréal;Juvénile;D4;Masculin;4c18cc55-0a68-44fc-af0f-af9232b8b0c4;6f5920b0-b101-437f-9ff7-6cf0dd7f4082;InstitutionId RSEQ;;;14;14;base;Futsal J M D4 Niveau 3
oui;haute;Secondaire;Futsal;Futsal;Féminin;Montréal;ÉS aux Mille Voix;École secondaire aux Mille-Voix;Montréal;Juvénile;D4;Féminin;3d5762e2-77b1-45a7-b985-1e67d96c6160;6f5920b0-b101-437f-9ff7-6cf0dd7f4082;InstitutionId RSEQ;;;8;8;base;Futsal J F D4 Niveau 1
oui;haute;Secondaire;Futsal;Futsal;Masculin;Montréal;ÉS aux Mille Voix;École secondaire aux Mille-Voix;Montréal;Benjamin;D4;Masculin;88ae4585-a0d2-4034-8494-3be81e0b40c9;6f5920b0-b101-437f-9ff7-6cf0dd7f4082;InstitutionId RSEQ;;;14;14;base;Futsal B M D4 Niveau 1 EST
oui;haute;Secondaire;Futsal;Futsal;Masculin;Montréal;ÉS aux Mille Voix;École secondaire aux Mille-Voix;Montréal;Atome;D4;Masculin;ebc93f70-2c57-4822-83a7-f67bd8219ee2;6f5920b0-b101-437f-9ff7-6cf0dd7f4082;InstitutionId RSEQ;;;9;9;base;Futsal A M D4 Niveau 2
oui;haute;Secondaire;Futsal;Futsal;Masculin;Montréal;ÉS aux Mille Voix;École secondaire aux Mille-Voix;Montréal;Atome;D4;Masculin;14e82663-f205-4b1d-9115-dbace9b4dbe5;6f5920b0-b101-437f-9ff7-6cf0dd7f4082;InstitutionId RSEQ;;;12;12;base;Futsal A M D4 Niveau 3
oui;haute;Secondaire;Futsal;Futsal;Masculin;Montréal;ÉS aux Mille Voix;École secondaire aux Mille-Voix;Montréal;Cadet;D4;Masculin;cad29bea-b96d-4ea3-a9b4-439e966438bd;6f5920b0-b101-437f-9ff7-6cf0dd7f4082;InstitutionId RSEQ;;;8;8;base;Futsal C M D4 Niveau 3
oui;haute;Secondaire;Futsal;Futsal;Masculin;Montréal;ÉS Calixa-Lavallée;École secondaire Calixa-Lavallée;Montréal;Juvénile;D4;Masculin;8ffec6dc-db33-4f8c-bc66-594eff3cc7cc;a1ffb968-68a3-4d5e-874a-d889dd433026;InstitutionId RSEQ;;;12;12;base;Futsal J M D4 Niveau 1
oui;haute;Secondaire;Futsal;Futsal;Masculin;Montréal;ÉS Calixa-Lavallée;École secondaire Calixa-Lavallée;Montréal;Benjamin;D4;Masculin;a4f5d449-3ac7-44ef-97e2-0ae37315bffd;a1ffb968-68a3-4d5e-874a-d889dd433026;InstitutionId RSEQ;;;14;14;base;Futsal B M D4 Niveau 1 EST
oui;haute;Secondaire;Futsal;Futsal;Masculin;Montréal;ÉS Calixa-Lavallée;École secondaire Calixa-Lavallée;Montréal;Cadet;D4;Masculin;f45fdfac-6ec0-4a19-ad91-5c40b1a680fd;a1ffb968-68a3-4d5e-874a-d889dd433026;InstitutionId RSEQ;;;8;8;base;Futsal C M D4 Niveau 1 EST
oui;haute;Secondaire;Futsal;Futsal;Masculin;Montréal;ÉS Calixa-Lavallée;École secondaire Calixa-Lavallée;Montréal;Atome;D4;Masculin;ef81075e-7f87-4c11-9bf5-0c431b4bebe9;a1ffb968-68a3-4d5e-874a-d889dd433026;InstitutionId RSEQ;;;8;8;base;Futsal A M D4 Niveau 1
oui;haute;Secondaire;Futsal;Futsal;Masculin;Montréal;ÉS Daniel-Johnson;École secondaire Daniel-Johnson;Montréal;Cadet;D4;Masculin;f762d9ab-7503-449c-8bde-98859fd1aca5;98e2ad03-18ef-48a9-996c-15ab7e291098;InstitutionId RSEQ;;;8;8;base;Futsal C M D4 Niveau 1 EST
oui;haute;Secondaire;Futsal;Futsal;Féminin;Montréal;ÉS Daniel-Johnson;École secondaire Daniel-Johnson;Montréal;Benjamin;D4;Féminin;8a701be3-ca5a-4d39-b5eb-50673b9caf2d;98e2ad03-18ef-48a9-996c-15ab7e291098;InstitutionId RSEQ;;;12;12;base;Futsal B F D4 Niveau 1
oui;haute;Secondaire;Futsal;Futsal;Masculin;Montréal;ÉS Daniel-Johnson;École secondaire Daniel-Johnson;Montréal;Juvénile;D4;Masculin;02c0d7fe-55bb-41f1-8336-2da049efee54;98e2ad03-18ef-48a9-996c-15ab7e291098;InstitutionId RSEQ;;;14;14;base;Futsal J M D4 Niveau 3
oui;haute;Secondaire;Futsal;Futsal;Masculin;Montréal;ÉS Daniel-Johnson;École secondaire Daniel-Johnson;Montréal;Benjamin;D4;Masculin;ec2d21dd-6e7d-44f2-91a6-9773a119fb29;98e2ad03-18ef-48a9-996c-15ab7e291098;InstitutionId RSEQ;;;14;14;base;Futsal B M D4 Niveau 1 EST
oui;haute;Secondaire;Futsal;Futsal;Féminin;Montréal;ÉS Daniel-Johnson;École secondaire Daniel-Johnson;Montréal;Juvénile;D4;Féminin;1f7cac2f-fbd8-4eca-b54a-193a63e66fc1;98e2ad03-18ef-48a9-996c-15ab7e291098;InstitutionId RSEQ;;;8;8;base;Futsal J F D4 Niveau 1
oui;haute;Secondaire;Futsal;Futsal;Masculin;Montréal;ÉS Daniel-Johnson;École secondaire Daniel-Johnson;Montréal;Atome;D4;Masculin;3d314ceb-09f1-4919-9da5-43db08e59c3a;98e2ad03-18ef-48a9-996c-15ab7e291098;InstitutionId RSEQ;;;8;8;base;Futsal A M D4 Niveau 1
oui;haute;Secondaire;Futsal;Futsal;Masculin;Montréal;ÉS de la Pointe-aux-Trembles;École secondaire de la Pointe-aux-Trembles;Montréal;Juvénile;D4;Masculin;7808f14e-1203-4784-9ca8-af8097bcd385;15898bf7-a1e6-4ff6-a0f8-34f26733a16d;InstitutionId RSEQ;;;9;9;base;Futsal J M D4 Niveau 2
oui;haute;Secondaire;Futsal;Futsal;Féminin;Montréal;ÉS Édouard-Montpetit;École secondaire Édouard-Montpetit;Montréal;Juvénile;D4;Féminin;f5edff6d-0b27-49c8-a32d-86fc5b4657f1;3165d005-c38e-4bea-9300-f5f26755c2dd;InstitutionId RSEQ;;;8;8;base;Futsal J F D4 Niveau 1
oui;haute;Secondaire;Futsal;Futsal;Masculin;Montréal;ÉS Édouard-Montpetit;École secondaire Édouard-Montpetit;Montréal;Juvénile;D4;Masculin;80ddf076-6a04-45e6-88a3-7e7cbcefdf7f;3165d005-c38e-4bea-9300-f5f26755c2dd;InstitutionId RSEQ;;;14;14;base;Futsal J M D4 Niveau 3
oui;haute;Secondaire;Futsal;Futsal;Masculin;Montréal;ÉS Édouard-Montpetit;École secondaire Édouard-Montpetit;Montréal;Juvénile;D4;Masculin;41de3a4b-3f1e-42fa-ba97-58ecdd59bb83;3165d005-c38e-4bea-9300-f5f26755c2dd;InstitutionId RSEQ;;;12;12;base;Futsal J M D4 Niveau 1
oui;haute;Secondaire;Futsal;Futsal;Masculin;Montréal;ÉS Édouard-Montpetit;École secondaire Édouard-Montpetit;Montréal;Benjamin;D4;Masculin;3656f3f9-a84b-44d0-8181-88489ee11c4b;3165d005-c38e-4bea-9300-f5f26755c2dd;InstitutionId RSEQ;;;14;14;base;Futsal B M D4 Niveau 1 OUEST
oui;haute;Secondaire;Futsal;Futsal;Masculin;Montréal;ÉS Georges-Vanier;École Georges-Vanier;Laval;Juvénile;D4;Masculin;dfe52b67-a6cd-4f66-8b75-47dce7d70643;c3b4c853-f663-4c8e-8293-3eeb131bacf4;InstitutionId RSEQ;;;12;12;base;Futsal J M D4 Niveau 1
oui;haute;Secondaire;Futsal;Futsal;Masculin;Montréal;ÉS Georges-Vanier;École Georges-Vanier;Laval;Cadet;D4;Masculin;ddd3e3a9-71a6-4353-bcef-6fff21a59616;c3b4c853-f663-4c8e-8293-3eeb131bacf4;InstitutionId RSEQ;;;8;8;base;Futsal C M D4 Niveau 1 OUEST
oui;haute;Secondaire;Futsal;Futsal;Masculin;Montréal;ÉS Georges-Vanier;École Georges-Vanier;Laval;Atome;D4;Masculin;19840237-8c15-46b6-ad6f-610cd0570673;c3b4c853-f663-4c8e-8293-3eeb131bacf4;InstitutionId RSEQ;;;8;8;base;Futsal A M D4 Niveau 1
oui;haute;Secondaire;Futsal;Futsal;Masculin;Montréal;ÉS Georges-Vanier;École Georges-Vanier;Laval;Benjamin;D4;Masculin;5db8aab9-20e8-41cf-b5e4-a690340a9ed8;c3b4c853-f663-4c8e-8293-3eeb131bacf4;InstitutionId RSEQ;;;14;14;base;Futsal B M D4 Niveau 1 OUEST
oui;haute;Secondaire;Futsal;Futsal;Féminin;Montréal;ÉS Henri-Bourassa;École secondaire Henri-Bourassa;Montréal;Cadet;D3;Féminin;aa0351ff-d721-4972-a162-8a82460459a2;eb6b9a6d-3190-4724-a0ad-51385bd821a0;InstitutionId RSEQ;;;9;9;base;Futsal C F D3
oui;haute;Secondaire;Futsal;Futsal;Masculin;Montréal;ÉS Henri-Bourassa;École secondaire Henri-Bourassa;Montréal;Benjamin;D4;Masculin;f6f814cb-ee4c-4322-98cf-d698022cc41d;eb6b9a6d-3190-4724-a0ad-51385bd821a0;InstitutionId RSEQ;;;14;14;base;Futsal B M D4 Niveau 1 EST
oui;haute;Secondaire;Futsal;Futsal;Masculin;Montréal;ÉS Henri-Bourassa;École secondaire Henri-Bourassa;Montréal;Atome;D3;Masculin;045d5551-939b-460b-b3b6-d366a076adbe;eb6b9a6d-3190-4724-a0ad-51385bd821a0;InstitutionId RSEQ;;;8;8;base;Futsal A M D3
oui;haute;Secondaire;Futsal;Futsal;Féminin;Montréal;ÉS Honoré-Mercier;École Honoré-Mercier;Montréal;Juvénile;D4;Féminin;390a7a0c-033e-42e4-9883-09540edca9e7;d0d953a3-5c78-4efe-89aa-70657482e37a;InstitutionId RSEQ;;;8;8;base;Futsal J F D4 Niveau 1
oui;haute;Secondaire;Futsal;Futsal;Masculin;Montréal;ÉS Honoré-Mercier;École Honoré-Mercier;Montréal;Benjamin;D4;Masculin;569128c8-63cd-4f5d-b07b-0fc05b14c235;d0d953a3-5c78-4efe-89aa-70657482e37a;InstitutionId RSEQ;;;9;9;base;Futsal B M D4 Niveau 3
oui;haute;Secondaire;Futsal;Futsal;Masculin;Montréal;ÉS Honoré-Mercier;École Honoré-Mercier;Montréal;Cadet;D4;Masculin;58a9d2bb-5107-48ec-87b7-a187b2cdb94b;d0d953a3-5c78-4efe-89aa-70657482e37a;InstitutionId RSEQ;;;9;9;base;Futsal C M D4 Niveau 2
oui;haute;Secondaire;Futsal;Futsal;Masculin;Montréal;ÉS Honoré-Mercier;École Honoré-Mercier;Montréal;Juvénile;D4;Masculin;e81ba18a-9266-431c-9301-a83eb498577c;d0d953a3-5c78-4efe-89aa-70657482e37a;InstitutionId RSEQ;;;12;12;base;Futsal J M D4 Niveau 1
oui;haute;Secondaire;Futsal;Futsal;Masculin;Montréal;ÉS Honoré-Mercier;École Honoré-Mercier;Montréal;Atome;D4;Masculin;f9408d4e-902d-4ccc-9894-845f5e6190fb;d0d953a3-5c78-4efe-89aa-70657482e37a;InstitutionId RSEQ;;;9;9;base;Futsal A M D4 Niveau 2
oui;haute;Secondaire;Futsal;Futsal;Masculin;Montréal;ÉS Irma LeVasseur;École secondaire Irma-LeVasseur;Montréal;Atome;D4;Masculin;c864b22a-ac5f-4f4b-9936-5bf296eecf6c;18da0deb-ab64-4856-bdfe-dcba70ff18f4;InstitutionId RSEQ;;;8;8;base;Futsal A M D4 Niveau 1
oui;haute;Secondaire;Futsal;Futsal;Masculin;Montréal;ÉS Irma LeVasseur;École secondaire Irma-LeVasseur;Montréal;Benjamin;D4;Masculin;564e9dd2-056b-491a-afc9-1efa19a896a2;18da0deb-ab64-4856-bdfe-dcba70ff18f4;InstitutionId RSEQ;;;14;14;base;Futsal B M D4 Niveau 1 EST
oui;haute;Secondaire;Futsal;Futsal;Masculin;Montréal;ÉS Irma LeVasseur;École secondaire Irma-LeVasseur;Montréal;Cadet;D4;Masculin;1b8c65b5-d578-4d87-9aff-3898694dc776;18da0deb-ab64-4856-bdfe-dcba70ff18f4;InstitutionId RSEQ;;;8;8;base;Futsal C M D4 Niveau 1 EST
oui;haute;Secondaire;Futsal;Futsal;Féminin;Montréal;ÉS Irma LeVasseur;École secondaire Irma-LeVasseur;Montréal;Benjamin;D3;Féminin;b0dcce4d-ed72-40ad-81b3-76cf731fcfe6;18da0deb-ab64-4856-bdfe-dcba70ff18f4;InstitutionId RSEQ;;;12;12;base;Futsal B F D3
oui;haute;Secondaire;Futsal;Futsal;Masculin;Montréal;ÉS Irma LeVasseur;École secondaire Irma-LeVasseur;Montréal;Juvénile;D4;Masculin;a5227a92-111a-4e1a-a58a-193e6aa5713f;18da0deb-ab64-4856-bdfe-dcba70ff18f4;InstitutionId RSEQ;;;12;12;base;Futsal J M D4 Niveau 1
oui;haute;Secondaire;Futsal;Futsal;Masculin;Montréal;ÉS Jean-Grou;École secondaire Jean-Grou;Montréal;Cadet;D4;Masculin;73e87616-02fd-4875-9d7f-1a5e44226b52;0a884190-2dc9-4373-a035-5fb193a070f0;InstitutionId RSEQ;;;8;8;base;Futsal C M D4 Niveau 3
oui;haute;Secondaire;Futsal;Futsal;Masculin;Montréal;ÉS Jean-Grou;École secondaire Jean-Grou;Montréal;Benjamin;D4;Masculin;fb5719bc-b864-4a5e-b571-dadd9a178246;0a884190-2dc9-4373-a035-5fb193a070f0;InstitutionId RSEQ;;;9;9;base;Futsal B M D4 Niveau 3
oui;haute;Secondaire;Futsal;Futsal;Masculin;Montréal;ÉS Jeanne-Mance;École Jeanne-Mance;Montréal;Juvénile;D4;Masculin;9b482072-e0f9-4177-ad15-ce15dcd967c9;a6084c1b-0e93-4a75-9ae5-804ded4ca267;InstitutionId RSEQ;;;12;12;base;Futsal J M D4 Niveau 1
oui;haute;Secondaire;Futsal;Futsal;Masculin;Montréal;ÉS Jeanne-Mance;École Jeanne-Mance;Montréal;Cadet;D4;Masculin;b4e5b5af-e850-408c-a38d-418bcbb112f2;a6084c1b-0e93-4a75-9ae5-804ded4ca267;InstitutionId RSEQ;;;8;8;base;Futsal C M D4 Niveau 1 OUEST
oui;haute;Secondaire;Futsal;Futsal;Masculin;Montréal;ÉS Jeanne-Mance;École Jeanne-Mance;Montréal;Atome;D4;Masculin;c13cd8b7-d43d-498e-a063-17edc3aed1fc;a6084c1b-0e93-4a75-9ae5-804ded4ca267;InstitutionId RSEQ;;;9;9;base;Futsal A M D4 Niveau 2
oui;haute;Secondaire;Futsal;Futsal;Masculin;Montréal;ÉS Jeanne-Mance;École Jeanne-Mance;Montréal;Benjamin;D4;Masculin;5245b04c-9923-499a-bdb0-7e98a02cdac3;a6084c1b-0e93-4a75-9ae5-804ded4ca267;InstitutionId RSEQ;;;14;14;base;Futsal B M D4 Niveau 2
oui;haute;Secondaire;Futsal;Futsal;Féminin;Montréal;ÉS Joseph-François-Perrault;École Joseph-François-Perrault;Montréal;Cadet;D3;Féminin;1d4f291e-b82e-49a1-b2b2-e951daa53124;817d5888-ccd6-4d52-b348-c6b818ab2ddc;InstitutionId RSEQ;;;9;9;base;Futsal C F D3
oui;haute;Secondaire;Futsal;Futsal;Masculin;Montréal;ÉS Joseph-François-Perrault;École Joseph-François-Perrault;Montréal;Cadet;D4;Masculin;7196fde1-63a4-4c80-a257-d7053d943a5b;817d5888-ccd6-4d52-b348-c6b818ab2ddc;InstitutionId RSEQ;;;8;8;base;Futsal C M D4 Niveau 1 OUEST
oui;haute;Secondaire;Futsal;Futsal;Masculin;Montréal;ÉS Joseph-François-Perrault;École Joseph-François-Perrault;Montréal;Benjamin;D4;Masculin;58cab5c6-695f-4f03-9935-a0bc9da1ba4e;817d5888-ccd6-4d52-b348-c6b818ab2ddc;InstitutionId RSEQ;;;14;14;base;Futsal B M D4 Niveau 1 OUEST
oui;haute;Secondaire;Futsal;Futsal;Masculin;Montréal;ÉS Joseph-François-Perrault;École Joseph-François-Perrault;Montréal;Cadet;D4;Masculin;94c11aa6-03a8-44b2-828e-ac258d8d46b2;817d5888-ccd6-4d52-b348-c6b818ab2ddc;InstitutionId RSEQ;;;9;9;base;Futsal C M D4 Niveau 2
oui;haute;Secondaire;Futsal;Futsal;Masculin;Montréal;ÉS Joseph-François-Perrault;École Joseph-François-Perrault;Montréal;Atome;D4;Masculin;23f173f9-8622-4fc9-a655-f07add5a57dc;817d5888-ccd6-4d52-b348-c6b818ab2ddc;InstitutionId RSEQ;;;8;8;base;Futsal A M D4 Niveau 1
oui;haute;Secondaire;Futsal;Futsal;Féminin;Montréal;ÉS La Voie;École La Voie;Montréal;Cadet;D4;Féminin;4c26a21a-b8f0-421b-8a79-1d49cf532ea7;13413415-2558-41fc-b5f9-e1a957608fce;InstitutionId RSEQ;;;11;11;base;Futsal C F D4 Niveau 1
oui;haute;Secondaire;Futsal;Futsal;Masculin;Montréal;ÉS La Voie;École La Voie;Montréal;Atome;D4;Masculin;d1ffb7e8-78f1-4fd0-9cd6-ff8ebd273bcf;13413415-2558-41fc-b5f9-e1a957608fce;InstitutionId RSEQ;;;9;9;base;Futsal A M D4 Niveau 2
oui;haute;Secondaire;Futsal;Futsal;Masculin;Montréal;ÉS La Voie;École La Voie;Montréal;Cadet;D4;Masculin;8741d3a6-8abf-4509-847e-c3e6c455cf0d;13413415-2558-41fc-b5f9-e1a957608fce;InstitutionId RSEQ;;;8;8;base;Futsal C M D4 Niveau 1 OUEST
oui;haute;Secondaire;Futsal;Futsal;Masculin;Montréal;ÉS La Voie;École La Voie;Montréal;Benjamin;D4;Masculin;f9e300db-aad9-4639-a596-1fe3acdae453;13413415-2558-41fc-b5f9-e1a957608fce;InstitutionId RSEQ;;;14;14;base;Futsal B M D4 Niveau 2
oui;haute;Secondaire;Futsal;Futsal;Masculin;Montréal;ÉS Louis-Joseph-Papineau;École Louis-Joseph-Papineau;Montréal;Juvénile;D3;Masculin;4e5ac138-2609-4374-a275-927ace99d10d;9ab417f8-0dc8-4f92-8040-691f496fbf1d;InstitutionId RSEQ;;;12;12;base;Futsal J M D3
oui;haute;Secondaire;Futsal;Futsal;Féminin;Montréal;ÉS Louis-Joseph-Papineau;École Louis-Joseph-Papineau;Montréal;Benjamin;D4;Féminin;dcdb2e56-e8bb-40e6-810c-5e6385489d40;9ab417f8-0dc8-4f92-8040-691f496fbf1d;InstitutionId RSEQ;;;12;12;base;Futsal B F D4 Niveau 1
oui;haute;Secondaire;Futsal;Futsal;Masculin;Montréal;ÉS Louis-Joseph-Papineau;École Louis-Joseph-Papineau;Montréal;Benjamin;D4;Masculin;739d93a3-87b4-46a3-88d9-d3622eb943c9;9ab417f8-0dc8-4f92-8040-691f496fbf1d;InstitutionId RSEQ;;;9;9;base;Futsal B M D4 Niveau 3
oui;haute;Secondaire;Futsal;Futsal;Masculin;Montréal;ÉS Louis-Joseph-Papineau;École Louis-Joseph-Papineau;Montréal;Cadet;D4;Masculin;5c58e3bd-12e8-42bc-895a-0072f6820fda;9ab417f8-0dc8-4f92-8040-691f496fbf1d;InstitutionId RSEQ;;;8;8;base;Futsal C M D4 Niveau 1 EST
oui;haute;Secondaire;Futsal;Futsal;Masculin;Montréal;ÉS Louis-Joseph-Papineau;École Louis-Joseph-Papineau;Montréal;Atome;D4;Masculin;e0bd96d8-7d4a-4e19-a641-987e8040fc32;9ab417f8-0dc8-4f92-8040-691f496fbf1d;InstitutionId RSEQ;;;8;8;base;Futsal A M D4 Niveau 1
oui;haute;Secondaire;Futsal;Futsal;Masculin;Montréal;ÉS Louis-Joseph-Papineau;École Louis-Joseph-Papineau;Montréal;Cadet;D4;Masculin;f8581af9-6627-43d0-a182-64a5ee21d723;9ab417f8-0dc8-4f92-8040-691f496fbf1d;InstitutionId RSEQ;;;8;8;base;Futsal C M D4 Niveau 3
oui;haute;Secondaire;Futsal;Futsal;Féminin;Montréal;ÉS Louis-Joseph-Papineau;École Louis-Joseph-Papineau;Montréal;Cadet;D4;Féminin;c6a704fb-fcc8-4f3e-b68a-846d1517e659;9ab417f8-0dc8-4f92-8040-691f496fbf1d;InstitutionId RSEQ;;;11;11;base;Futsal C F D4 Niveau 1
oui;haute;Secondaire;Futsal;Futsal;Masculin;Montréal;ÉS Louis-Joseph-Papineau;École Louis-Joseph-Papineau;Montréal;Atome;D4;Masculin;230bea28-4970-4e3c-b4e0-144b3fed5215;9ab417f8-0dc8-4f92-8040-691f496fbf1d;InstitutionId RSEQ;;;12;12;base;Futsal A M D4 Niveau 3
oui;haute;Secondaire;Futsal;Futsal;Masculin;Montréal;ÉS Louis-Joseph-Papineau;École Louis-Joseph-Papineau;Montréal;Benjamin;D3;Masculin;436cbfdb-2415-45c1-89e7-08e0f87f8df5;9ab417f8-0dc8-4f92-8040-691f496fbf1d;InstitutionId RSEQ;;;14;14;base;Futsal B M D3
oui;haute;Secondaire;Futsal;Futsal;Masculin;Montréal;ÉS Louis-Riel;École Louis-Riel;Montréal;Juvénile;D3;Masculin;50796cc5-cf1f-416d-a80c-9a0308b449f1;4a016316-858f-436c-864f-3c749ee1c92e;InstitutionId RSEQ;;;12;12;base;Futsal J M D3
oui;haute;Secondaire;Futsal;Futsal;Masculin;Montréal;ÉS Louis-Riel;École Louis-Riel;Montréal;Cadet;D4;Masculin;22f6f5e7-1769-4128-8001-4e1eb273e5ac;4a016316-858f-436c-864f-3c749ee1c92e;InstitutionId RSEQ;;;9;9;base;Futsal C M D4 Niveau 2
oui;haute;Secondaire;Futsal;Futsal;Masculin;Montréal;ÉS Louis-Riel;École Louis-Riel;Montréal;Atome;D4;Masculin;d3408a75-bbab-41e8-8ace-542adcdb36ef;4a016316-858f-436c-864f-3c749ee1c92e;InstitutionId RSEQ;;;9;9;base;Futsal A M D4 Niveau 2
oui;haute;Secondaire;Futsal;Futsal;Masculin;Montréal;ÉS Louis-Riel;École Louis-Riel;Montréal;Benjamin;D4;Masculin;a8ee10f9-0773-434b-8499-04565fd6c377;4a016316-858f-436c-864f-3c749ee1c92e;InstitutionId RSEQ;;;14;14;base;Futsal B M D4 Niveau 1 OUEST
oui;haute;Secondaire;Futsal;Futsal;Masculin;Montréal;ÉS Louis-Riel;École Louis-Riel;Montréal;Cadet;D3;Masculin;3088f705-dffa-4c31-8119-f6c2786088c1;4a016316-858f-436c-864f-3c749ee1c92e;InstitutionId RSEQ;;;14;14;base;Futsal C M D3
oui;haute;Secondaire;Futsal;Futsal;Masculin;Montréal;ÉS Louis-Riel;École Louis-Riel;Montréal;Juvénile;D3;Masculin;e66fc257-2ebf-42c2-aa73-f32b00aa41b2;4a016316-858f-436c-864f-3c749ee1c92e;InstitutionId RSEQ;;;5;5;base;Futsal J M D3 Ligue des champions Groupe B
oui;haute;Secondaire;Futsal;Futsal;Féminin;Montréal;ÉS Louise-Trichet;École Louise-Trichet;Montréal;Cadet;D4;Féminin;4a0048ca-a42e-4504-ba53-5a04a6e847f0;4a4e7559-eb49-4e2d-8187-371cad1e7751;InstitutionId RSEQ;;;11;11;base;Futsal C F D4 Niveau 1
oui;haute;Secondaire;Futsal;Futsal;Masculin;Montréal;ÉS Louise-Trichet;École Louise-Trichet;Montréal;Cadet;D4;Masculin;0f9bf7b2-d725-4bff-9445-2448769f6203;4a4e7559-eb49-4e2d-8187-371cad1e7751;InstitutionId RSEQ;;;8;8;base;Futsal C M D4 Niveau 3
oui;haute;Secondaire;Futsal;Futsal;Masculin;Montréal;ÉS Louise-Trichet;École Louise-Trichet;Montréal;Benjamin;D4;Masculin;44ed0201-f20f-471d-88bc-92dadcdb5d87;4a4e7559-eb49-4e2d-8187-371cad1e7751;InstitutionId RSEQ;;;9;9;base;Futsal B M D4 Niveau 3
oui;haute;Secondaire;Futsal;Futsal;Féminin;Montréal;ÉS Lucien-Pagé;École Lucien-Pagé;Montréal;Juvénile;D3;Féminin;815c0370-a0c3-498c-a6d4-822c56518ef5;7912f085-27c0-4b5a-abd0-dd1bdb337cc8;InstitutionId RSEQ;;;12;12;base;Futsal J F D3
oui;haute;Secondaire;Futsal;Futsal;Masculin;Montréal;ÉS Lucien-Pagé;École Lucien-Pagé;Montréal;Juvénile;D4;Masculin;f3c3ab47-066a-43f5-8187-23c2e877f0f5;7912f085-27c0-4b5a-abd0-dd1bdb337cc8;InstitutionId RSEQ;;;9;9;base;Futsal J M D4 Niveau 2
oui;haute;Secondaire;Futsal;Futsal;Masculin;Montréal;ÉS Lucien-Pagé;École Lucien-Pagé;Montréal;Cadet;D4;Masculin;336bc70d-9edf-4314-b999-d0bc0893eaaa;7912f085-27c0-4b5a-abd0-dd1bdb337cc8;InstitutionId RSEQ;;;9;9;base;Futsal C M D4 Niveau 2
oui;haute;Secondaire;Futsal;Futsal;Masculin;Montréal;ÉS Lucien-Pagé;École Lucien-Pagé;Montréal;Atome;D4;Masculin;1904ae0c-f2d8-4d87-96b0-8c2656f43755;7912f085-27c0-4b5a-abd0-dd1bdb337cc8;InstitutionId RSEQ;;;12;12;base;Futsal A M D4 Niveau 3
oui;haute;Secondaire;Futsal;Futsal;Masculin;Montréal;ÉS Lucien-Pagé;École Lucien-Pagé;Montréal;Benjamin;D4;Masculin;0cb8e90e-05a2-4233-8cb6-a4cb2fbae8ea;7912f085-27c0-4b5a-abd0-dd1bdb337cc8;InstitutionId RSEQ;;;9;9;base;Futsal B M D4 Niveau 3
oui;haute;Secondaire;Futsal;Futsal;Masculin;Montréal;ÉS Marcelin-Wilson;École La Dauversière-Évangéline;Montréal;Cadet;D3;Masculin;3a2c701c-fb38-4892-a2e0-d064bd98f5ac;1414acce-2b5d-4a38-9848-a3d3dd11e7b4;InstitutionId RSEQ;;;14;14;base;Futsal C M D3
oui;haute;Secondaire;Futsal;Futsal;Féminin;Montréal;ÉS Marcelin-Wilson;École La Dauversière-Évangéline;Montréal;Benjamin;D3;Féminin;ff555a90-9490-47dd-b0f3-1cce64f64aab;1414acce-2b5d-4a38-9848-a3d3dd11e7b4;InstitutionId RSEQ;;;12;12;base;Futsal B F D3
oui;haute;Secondaire;Futsal;Futsal;Masculin;Montréal;ÉS Marcelin-Wilson;École La Dauversière-Évangéline;Montréal;Juvénile;D3;Masculin;adc95103-946b-4c36-99de-a437d501194e;1414acce-2b5d-4a38-9848-a3d3dd11e7b4;InstitutionId RSEQ;;;12;12;base;Futsal J M D3
oui;haute;Secondaire;Futsal;Futsal;Masculin;Montréal;ÉS Marcelin-Wilson;École La Dauversière-Évangéline;Montréal;Juvénile;D3;Masculin;f5f0bc8d-ff9e-4e2c-b8df-171180a0b6dc;1414acce-2b5d-4a38-9848-a3d3dd11e7b4;InstitutionId RSEQ;;;5;5;base;Futsal J M D3 Ligue des champions Groupe A
oui;haute;Secondaire;Futsal;Futsal;Masculin;Montréal;ÉS Marcelin-Wilson;École La Dauversière-Évangéline;Montréal;Cadet;D3;Masculin;f3804e45-a020-41f8-938d-dbff27bb4e14;1414acce-2b5d-4a38-9848-a3d3dd11e7b4;InstitutionId RSEQ;;;10;5;base+ligue absente;Futsal C M D3 Ligue des champions Groupe A / Futsal C M D3 Ligue des champions Groupe B
oui;haute;Secondaire;Futsal;Futsal;Féminin;Montréal;ÉS Marcelin-Wilson;École La Dauversière-Évangéline;Montréal;Cadet;D4;Féminin;f4f3a60d-d8e1-4545-b75b-10f1fcfa0b1f;1414acce-2b5d-4a38-9848-a3d3dd11e7b4;InstitutionId RSEQ;;;11;11;base;Futsal C F D4 Niveau 1
oui;haute;Secondaire;Futsal;Futsal;Féminin;Montréal;ÉS Marcelin-Wilson;École La Dauversière-Évangéline;Montréal;Juvénile;D3;Féminin;223291d6-86a8-4f62-980e-d1dc72a02863;1414acce-2b5d-4a38-9848-a3d3dd11e7b4;InstitutionId RSEQ;;;12;12;base;Futsal J F D3
oui;haute;Secondaire;Futsal;Futsal;Masculin;Montréal;ÉS Marcelin-Wilson;École La Dauversière-Évangéline;Montréal;Benjamin;D3;Masculin;8be252c1-0ff0-4f48-9c3f-0f884f4502cc;1414acce-2b5d-4a38-9848-a3d3dd11e7b4;InstitutionId RSEQ;;;14;14;base;Futsal B M D3
oui;haute;Secondaire;Futsal;Futsal;Masculin;Montréal;ÉS Marcelin-Wilson;École La Dauversière-Évangéline;Montréal;Atome;D3;Masculin;5129dc85-ed93-462a-9097-a1d06265b5d5;1414acce-2b5d-4a38-9848-a3d3dd11e7b4;InstitutionId RSEQ;;;8;8;base;Futsal A M D3
oui;haute;Secondaire;Futsal;Futsal;Masculin;Montréal;ÉS Marguerite-De Lajemmerais;École Marguerite-De Lajemmerais;Montréal;Atome;D4;Masculin;d4726947-f204-47b1-813f-46332a1b5917;82a131ba-1a0e-4332-839f-95fd86c88e62;InstitutionId RSEQ;;;9;9;base;Futsal A M D4 Niveau 2
oui;haute;Secondaire;Futsal;Futsal;Masculin;Montréal;ÉS Marguerite-De Lajemmerais;École Marguerite-De Lajemmerais;Montréal;Juvénile;D4;Masculin;72403cdf-6ddc-4755-b11f-e7d6281eb6b4;82a131ba-1a0e-4332-839f-95fd86c88e62;InstitutionId RSEQ;;;14;14;base;Futsal J M D4 Niveau 3
oui;haute;Secondaire;Futsal;Futsal;Masculin;Montréal;ÉS Marguerite-De Lajemmerais;École Marguerite-De Lajemmerais;Montréal;Cadet;D4;Masculin;9667fba7-2386-4b05-a0a9-0e4753f01ec5;82a131ba-1a0e-4332-839f-95fd86c88e62;InstitutionId RSEQ;;;9;9;base;Futsal C M D4 Niveau 2
oui;haute;Secondaire;Futsal;Futsal;Masculin;Montréal;ÉS Marguerite-De Lajemmerais;École Marguerite-De Lajemmerais;Montréal;Benjamin;D4;Masculin;0de5f4eb-7e96-4e05-b552-a1dc20cc6da6;82a131ba-1a0e-4332-839f-95fd86c88e62;InstitutionId RSEQ;;;14;14;base;Futsal B M D4 Niveau 2
oui;haute;Secondaire;Futsal;Futsal;Féminin;Montréal;ÉS Père-Marquette;École Père-Marquette;Montréal;Benjamin;D4;Féminin;216c49cb-44bb-49d0-871d-3a60cad13442;596096bc-70b2-468d-b2ea-d6f09849825f;InstitutionId RSEQ;;;12;12;base;Futsal B F D4 Niveau 1
oui;haute;Secondaire;Futsal;Futsal;Masculin;Montréal;ÉS Père-Marquette;École Père-Marquette;Montréal;Cadet;D4;Masculin;9cb5e4bf-6bef-4b80-8aab-2ad869641eb3;596096bc-70b2-468d-b2ea-d6f09849825f;InstitutionId RSEQ;;;8;8;base;Futsal C M D4 Niveau 1 OUEST
oui;haute;Secondaire;Futsal;Futsal;Masculin;Montréal;ÉS Père-Marquette;École Père-Marquette;Montréal;Juvénile;D4;Masculin;a2689c72-96de-48af-a176-5bc8adc52600;596096bc-70b2-468d-b2ea-d6f09849825f;InstitutionId RSEQ;;;12;12;base;Futsal J M D4 Niveau 1
oui;haute;Secondaire;Futsal;Futsal;Féminin;Montréal;ÉS Père-Marquette;École Père-Marquette;Montréal;Juvénile;D4;Féminin;e962a035-3f9c-457a-b929-e5ce2fc2a4f4;596096bc-70b2-468d-b2ea-d6f09849825f;InstitutionId RSEQ;;;8;8;base;Futsal J F D4 Niveau 1
oui;haute;Secondaire;Futsal;Futsal;Masculin;Montréal;ÉS Père-Marquette;École Père-Marquette;Montréal;Benjamin;D4;Masculin;f7b73304-ca97-4993-8cc4-74cc3847d80f;596096bc-70b2-468d-b2ea-d6f09849825f;InstitutionId RSEQ;;;14;14;base;Futsal B M D4 Niveau 2
oui;haute;Secondaire;Futsal;Futsal;Masculin;Montréal;ÉS Père-Marquette;École Père-Marquette;Montréal;Atome;D4;Masculin;1076fa34-bb41-4085-bbae-650c57bfd123;596096bc-70b2-468d-b2ea-d6f09849825f;InstitutionId RSEQ;;;9;9;base;Futsal A M D4 Niveau 2
oui;haute;Secondaire;Futsal;Futsal;Masculin;Montréal;ÉS Pierre-Dupuy;École Pierre-Dupuy;Montréal;Benjamin;D4;Masculin;c045b751-78f0-49c9-9e91-dad7206d1c15;e5041fb7-4ed5-4ab9-bdd2-67fa62a76d53;InstitutionId RSEQ;;;9;9;base;Futsal B M D4 Niveau 3
oui;haute;Secondaire;Futsal;Futsal;Masculin;Montréal;ÉS Pierre-Dupuy;École Pierre-Dupuy;Montréal;Juvénile;D4;Masculin;59887b59-3836-45e3-92cc-873231f07282;e5041fb7-4ed5-4ab9-bdd2-67fa62a76d53;InstitutionId RSEQ;;;14;14;base;Futsal J M D4 Niveau 3
oui;haute;Secondaire;Futsal;Futsal;Féminin;Montréal;ÉS Pierre-Dupuy;École Pierre-Dupuy;Montréal;Juvénile;D4;Féminin;5a139723-f103-4fb2-af12-50690a8c6b0e;e5041fb7-4ed5-4ab9-bdd2-67fa62a76d53;InstitutionId RSEQ;;;8;8;base;Futsal J F D4 Niveau 1
oui;haute;Secondaire;Futsal;Futsal;Masculin;Montréal;ÉS Pierre-Dupuy;École Pierre-Dupuy;Montréal;Atome;D4;Masculin;5ea7d283-8bc9-4695-8d71-efedfb137f3f;e5041fb7-4ed5-4ab9-bdd2-67fa62a76d53;InstitutionId RSEQ;;;12;12;base;Futsal A M D4 Niveau 3
oui;haute;Secondaire;Futsal;Futsal;Masculin;Montréal;ÉS Pierre-Dupuy;École Pierre-Dupuy;Montréal;Cadet;D4;Masculin;386fa6e8-5584-4b66-8ed3-ee11357d6324;e5041fb7-4ed5-4ab9-bdd2-67fa62a76d53;InstitutionId RSEQ;;;8;8;base;Futsal C M D4 Niveau 3
oui;haute;Secondaire;Futsal;Futsal;Masculin;Montréal;ÉS Saint-Henri;École Saint-Henri;Montréal;Atome;D4;Masculin;3d686667-08aa-4e75-98cb-7c273908d04f;f7eb5322-6413-4dc3-a5b1-4946a41ee85c;InstitutionId RSEQ;;;12;12;base;Futsal A M D4 Niveau 3
oui;haute;Secondaire;Futsal;Futsal;Masculin;Montréal;ÉS Saint-Luc;École Saint-Luc;Montréal;Benjamin;D4;Masculin;f9cc8f94-64ae-46fb-bcf5-ef33310e7eda;fa97d37f-e16d-412a-a9c1-87ad580ad19e;InstitutionId RSEQ;;;14;14;base;Futsal B M D4 Niveau 1 OUEST
oui;haute;Secondaire;Futsal;Futsal;Féminin;Montréal;ÉS Saint-Luc;École Saint-Luc;Montréal;Cadet;D4;Féminin;63921c24-4192-4922-9bb6-337efff7d256;fa97d37f-e16d-412a-a9c1-87ad580ad19e;InstitutionId RSEQ;;;11;11;base;Futsal C F D4 Niveau 1
oui;haute;Secondaire;Futsal;Futsal;Masculin;Montréal;ÉS Saint-Luc;École Saint-Luc;Montréal;Cadet;D4;Masculin;aa78e217-4ecd-4e55-bddc-c59ca189a58f;fa97d37f-e16d-412a-a9c1-87ad580ad19e;InstitutionId RSEQ;;;8;8;base;Futsal C M D4 Niveau 1 OUEST
oui;haute;Secondaire;Futsal;Futsal;Masculin;Montréal;ÉS Saint-Luc;École Saint-Luc;Montréal;Juvénile;D4;Masculin;b5475c00-4140-46b3-b1e7-49c97b26e654;fa97d37f-e16d-412a-a9c1-87ad580ad19e;InstitutionId RSEQ;;;12;12;base;Futsal J M D4 Niveau 1
oui;haute;Secondaire;Futsal;Futsal;Féminin;Montréal;ÉS Sophie-Barat;École Sophie-Barat;Montréal;Benjamin;D3;Féminin;2b874479-c578-4f97-b580-45365cf3eec5;7ff24787-4792-4e89-9f1d-6ee8bc77d0c0;InstitutionId RSEQ;;;12;12;base;Futsal B F D3
oui;haute;Secondaire;Futsal;Futsal;Féminin;Montréal;ÉS Sophie-Barat;École Sophie-Barat;Montréal;Cadet;D3;Féminin;f9caf9ea-3d68-48e2-a9db-00fe9e692460;7ff24787-4792-4e89-9f1d-6ee8bc77d0c0;InstitutionId RSEQ;;;9;9;base;Futsal C F D3
oui;haute;Secondaire;Futsal;Futsal;Masculin;Montréal;ÉS Sophie-Barat;École Sophie-Barat;Montréal;Benjamin;D3;Masculin;65f1e5ab-76c3-4f1c-8119-8610fafa2ebf;7ff24787-4792-4e89-9f1d-6ee8bc77d0c0;InstitutionId RSEQ;;;7;7;base;Futsal B M D3 Ligue des champions
oui;haute;Secondaire;Futsal;Futsal;Masculin;Montréal;ÉS Sophie-Barat;École Sophie-Barat;Montréal;Atome;D3;Masculin;bf752d85-2497-438d-b9e8-b808a35dd4ed;7ff24787-4792-4e89-9f1d-6ee8bc77d0c0;InstitutionId RSEQ;;;8;8;base;Futsal A M D3
oui;haute;Secondaire;Futsal;Futsal;Masculin;Montréal;ÉS Sophie-Barat;École Sophie-Barat;Montréal;Cadet;D3;Masculin;3ce363c5-b28b-4e37-9eae-fb9153d58520;7ff24787-4792-4e89-9f1d-6ee8bc77d0c0;InstitutionId RSEQ;;;14;14;base;Futsal C M D3
oui;haute;Secondaire;Futsal;Futsal;Masculin;Montréal;ÉS Sophie-Barat;École Sophie-Barat;Montréal;Cadet;D4;Masculin;73380de3-8518-4385-ad43-f6c9737f6381;7ff24787-4792-4e89-9f1d-6ee8bc77d0c0;InstitutionId RSEQ;;;9;9;base;Futsal C M D4 Niveau 2
oui;haute;Secondaire;Futsal;Futsal;Masculin;Montréal;ÉS Sophie-Barat;École Sophie-Barat;Montréal;Juvénile;D3;Masculin;0d996166-7bfc-4397-9833-20813f1442ac;7ff24787-4792-4e89-9f1d-6ee8bc77d0c0;InstitutionId RSEQ;;;12;12;base;Futsal J M D3
oui;haute;Secondaire;Futsal;Futsal;Masculin;Montréal;ÉS Sophie-Barat;École Sophie-Barat;Montréal;Benjamin;D3;Masculin;148a44e6-1f5f-46a3-835e-403c1cf4f914;7ff24787-4792-4e89-9f1d-6ee8bc77d0c0;InstitutionId RSEQ;;;14;14;base;Futsal B M D3
oui;haute;Secondaire;Futsal;Futsal;Masculin;Montréal;ÉS Sophie-Barat;École Sophie-Barat;Montréal;Juvénile;D3;Masculin;b3466930-67eb-4ce0-9208-2cf233c1e543;7ff24787-4792-4e89-9f1d-6ee8bc77d0c0;InstitutionId RSEQ;;;5;5;base;Futsal J M D3 Ligue des champions Groupe B
oui;haute;Secondaire;Futsal;Futsal;Masculin;Montréal;ÉS Sophie-Barat;École Sophie-Barat;Montréal;Cadet;D3;Masculin;8f389096-ead6-43c1-b949-906037cfe923;7ff24787-4792-4e89-9f1d-6ee8bc77d0c0;InstitutionId RSEQ;;;10;5;base+ligue absente;Futsal C M D3 Ligue des champions Groupe A / Futsal C M D3 Ligue des champions Groupe B
oui;haute;Secondaire;Futsal;Futsal;Masculin;Montréal;ÉS Vanguard;École Vanguard;Montréal;Cadet;D4;Masculin;889cbc82-539b-42b5-b464-f009c865906c;0c657854-8237-40f1-b9c6-6f1563d5d03e;InstitutionId RSEQ;;;8;8;base;Futsal C M D4 Niveau 3
oui;haute;Secondaire;Futsal;Futsal;Masculin;Montréal;ÉS Vanguard;École Vanguard;Montréal;Juvénile;D4;Masculin;cfaede50-2966-443d-960b-9224bb294a3b;0c657854-8237-40f1-b9c6-6f1563d5d03e;InstitutionId RSEQ;;;14;14;base;Futsal J M D4 Niveau 3
oui;haute;Secondaire;Futsal;Futsal;Féminin;Montréal;Esther-Blondin;Collège Esther-Blondin;Saint-Jacques;Benjamin;D3;Féminin;0b0264b4-7d3d-4040-ba99-090af63e267e;d65fbc2b-221a-4b6d-a31d-305457c021f9;InstitutionId RSEQ;;;6;6;base;Futsal B F D3 Ligue des champions
oui;haute;Secondaire;Futsal;Futsal;Masculin;Montréal;Le Carrefour;Polyvalente Le Carrefour;Gatineau;Benjamin;D3;Masculin;028e3376-46e3-4a4c-b489-1eb5664777cc;555c8cee-fe72-45b4-a9c4-2d64db64d6c9;InstitutionId RSEQ;;;7;7;base;Futsal B M D3 Ligue des champions
oui;haute;Secondaire;Futsal;Futsal;Masculin;Montréal;Le Carrefour;Polyvalente Le Carrefour;Gatineau;Cadet;D3;Masculin;67290e82-b2bd-4cff-b44c-29af38a31a83;555c8cee-fe72-45b4-a9c4-2d64db64d6c9;InstitutionId RSEQ;;;10;5;base+ligue absente;Futsal C M D3 Ligue des champions Groupe A / Futsal C M D3 Ligue des champions Groupe B
oui;haute;Secondaire;Futsal;Futsal;Masculin;Montréal;Le Carrefour;Polyvalente Le Carrefour;Gatineau;Juvénile;D3;Masculin;2de1f163-b482-4e79-8f6c-ca042b547ff0;555c8cee-fe72-45b4-a9c4-2d64db64d6c9;InstitutionId RSEQ;;;5;5;base;Futsal J M D3 Ligue des champions Groupe A
oui;haute;Secondaire;Futsal;Futsal;Masculin;Montréal;Letendre;École Letendre;Laval;Juvénile;D3;Masculin;b9f37b23-df10-4dfd-ac25-05ef554f30ce;0da0d452-74ee-4073-b1f2-d4e352f60b99;InstitutionId RSEQ;;;5;5;base;Futsal J M D3 Ligue des champions Groupe B
oui;haute;Secondaire;Futsal;Futsal;Masculin;Montréal;Letendre;École Letendre;Laval;Benjamin;D3;Masculin;c693907c-9868-4428-be0f-b7204f637274;0da0d452-74ee-4073-b1f2-d4e352f60b99;InstitutionId RSEQ;;;7;7;base;Futsal B M D3 Ligue des champions
oui;haute;Secondaire;Futsal;Futsal;Masculin;Montréal;Letendre;École Letendre;Laval;Cadet;D3;Masculin;e742c3a2-17e1-4121-9ebf-c7cbf3547476;0da0d452-74ee-4073-b1f2-d4e352f60b99;InstitutionId RSEQ;;;10;5;base+ligue absente;Futsal C M D3 Ligue des champions Groupe A / Futsal C M D3 Ligue des champions Groupe B
oui;haute;Secondaire;Futsal;Futsal;Féminin;Montréal;Nouvelles Frontières;Collège Nouvelles Frontières;Gatineau;Cadet;D3;Féminin;ffb8aec7-9eac-4bd2-b16f-2aac0db7b157;cd897593-d53a-4394-9f76-11f8ad7b929b;InstitutionId RSEQ;;;5;5;base;Futsal C F D3 Ligue des champions
oui;haute;Secondaire;Futsal;Futsal;Féminin;Montréal;PSNM;Pensionnat du Saint-Nom-de-Marie;Montréal;Cadet;D3;Féminin;d9bfb179-0ec7-4c88-a56e-4c4085f1b60c;ea84458c-7d4f-4fd5-b267-c876eb027d09;InstitutionId RSEQ;;;9;9;base;Futsal C F D3
oui;haute;Secondaire;Futsal;Futsal;Féminin;Montréal;PSNM;Pensionnat du Saint-Nom-de-Marie;Montréal;Cadet;D3;Féminin;4a96a56c-3ef0-4826-8800-fb7bbdcf09c4;ea84458c-7d4f-4fd5-b267-c876eb027d09;InstitutionId RSEQ;;;5;5;base;Futsal C F D3 Ligue des champions
oui;haute;Secondaire;Futsal;Futsal;Masculin;Montréal;Saint-Jérôme;École polyvalente Saint-Jérôme;Saint-Jérôme;Cadet;D3;Masculin;6b3ccb69-2ba2-49cc-b7f7-d55c72af52a1;4f2e7be8-cece-4405-a103-7ca37ffddc40;InstitutionId RSEQ;;;10;5;base+ligue absente;Futsal C M D3 Ligue des champions Groupe A / Futsal C M D3 Ligue des champions Groupe B
oui;haute;Secondaire;Futsal;Futsal;Masculin;Montréal;Saint-Jérôme;École polyvalente Saint-Jérôme;Saint-Jérôme;Juvénile;D3;Masculin;5578212e-59ac-418c-b6f5-8643ac580fcd;4f2e7be8-cece-4405-a103-7ca37ffddc40;InstitutionId RSEQ;;;5;5;base;Futsal J M D3 Ligue des champions Groupe B
oui;haute;Secondaire;Hockey;Hockey;Féminin;GMAA;Beaconsfield HS;École secondaire Beaconsfield;Beaconsfield;M15;D4;Filles;921e73ec-1202-4a7c-9527-9ff1c62ee12e;d35768e1-b37d-4488-9f7b-171753bdf6fb;InstitutionId RSEQ;;;9;0;ligue absente;Hockey M15 Filles D4
oui;haute;Secondaire;Hockey;Hockey;Féminin;GMAA;Collège Notre-Dame;Collège Notre-Dame;Montréal;M15;D4;Filles;c09fe632-efae-46ae-a793-7d93db5a13ef;f7a54b0e-698f-4bc2-9bba-5ee28c91ede6;InstitutionId RSEQ;;;9;0;ligue absente;Hockey M15 Filles D4
oui;haute;Secondaire;Hockey;Hockey;Féminin;GMAA;Collège Sainte-Anne;Collège Sainte-Anne;Montréal;M15;D4;Filles;abb183ec-0dad-4835-91ec-2cedfd1464fb;3d98b714-fbdf-45ad-bb8f-ec24e3a824fd;InstitutionId RSEQ;;;9;0;ligue absente;Hockey M15 Filles D4
oui;haute;Secondaire;Hockey;Hockey;Féminin;GMAA;John-Rennie;École secondaire John-Rennie;Pointe-Claire;M15;D4;Filles;326f69d3-546e-4558-ac5f-175ce82946f2;f13cf9cd-59c6-45aa-9388-f3622398f870;InstitutionId RSEQ;;;9;0;ligue absente;Hockey M15 Filles D4
oui;haute;Secondaire;Hockey;Hockey;Féminin;GMAA;KUP;Académie Kuper;Kirkland;M15;D4;Filles;dbfce4ac-d738-43d0-bf60-3aa496ea18cd;5f2f489a-2079-41a7-b1cf-441a38ffdd9c;InstitutionId RSEQ;;;9;0;ligue absente;Hockey M15 Filles D4
oui;haute;Secondaire;Hockey;Hockey;Féminin;GMAA;Loyola;École secondaire Loyola;Montréal;M15;D4;Filles;a4693625-44e0-4e44-bcf1-6638c1015502;3cea1ea3-4485-4588-ac4d-48efc95cb399;InstitutionId RSEQ;;;9;0;ligue absente;Hockey M15 Filles D4
oui;haute;Secondaire;Hockey;Hockey;Féminin;GMAA;Mgr-A.-M.-Parent;École Monseigneur-A.-M.-Parent;Longueuil;M15;D4;Filles;97102ebf-82aa-4d19-bb41-607db28dfed8;f3896ef2-1a47-433f-822a-8c6a0f997680;InstitutionId RSEQ;;;9;0;ligue absente;Hockey M15 Filles D4
oui;haute;Secondaire;Hockey;Hockey;Féminin;GMAA;Royal;Académie Royal West;Montréal-Ouest;M15;D4;Filles;74bef36b-714a-4e51-895b-978f56c9abae;ac594d8e-5628-455d-a375-3b94d0f5106f;InstitutionId RSEQ;;;9;0;ligue absente;Hockey M15 Filles D4
oui;haute;Secondaire;Hockey;Hockey;Féminin;GMAA;St. Thomas;École secondaire Saint-Thomas;Pointe-Claire;M15;D4;Filles;701caffe-4417-4a2b-bb7c-a321bd89fe75;b47c1d8c-4263-4616-a4f1-7681955de19c;InstitutionId RSEQ;;;9;0;ligue absente;Hockey M15 Filles D4
oui;haute;Secondaire;Hockey;Hockey;Féminin;GMAA;WWHS Sr;École secondaire Westwood Senior;Hudson;M15;D4;Filles;a5eeccbd-5b89-4d60-8c55-8e6959e6440b;1fd7ac22-adb2-48bd-9904-d8ffdc9b0a29;InstitutionId RSEQ;;;9;0;ligue absente;Hockey M15 Filles D4
oui;haute;Secondaire;Rugby;Rugby;Féminin;Montérégie;Chateauguay Valley;École secondaire régionale Châteauguay Valley;Ormstown;Cadet;D4;Féminin;0692d466-62e8-45e7-a9ae-b55b977fb871;88113563-8a1f-4ca3-b4ef-68a102cf1494;InstitutionId RSEQ;;;6;6;base;Rugby C F D4
oui;haute;Secondaire;Rugby;Rugby;Féminin;Montérégie;Chateauguay Valley;École secondaire régionale Châteauguay Valley;Ormstown;Juvénile;D4;Féminin;23c7f41d-99e8-4cb0-bb16-86c8be93175b;88113563-8a1f-4ca3-b4ef-68a102cf1494;InstitutionId RSEQ;;;10;10;base;Rugby J F D4
oui;haute;Secondaire;Rugby;Rugby;Féminin;Montérégie;Chateauguay Valley 2;École secondaire régionale Châteauguay Valley;Ormstown;Cadet;D4;Féminin;9aab2b1e-0e61-4e24-a60a-7c312ca02f1f;88113563-8a1f-4ca3-b4ef-68a102cf1494;InstitutionId RSEQ;;;6;6;base;Rugby C F D4
oui;haute;Secondaire;Rugby;Rugby;Féminin;Montérégie;Saint-Joseph;École secondaire Saint-Joseph;Saint-Hyacinthe;Juvénile;D4;Féminin;dbb3971e-fd75-4ab0-a439-7f2fb0f6d3d6;12e2819f-0f85-4af0-875a-990ce00b4735;InstitutionId RSEQ;;;10;10;base;Rugby J F D4
oui;haute;Secondaire;Rugby;Rugby;Féminin;Outaouais;Pontiac 2;École secondaire Pontiac;Shawville;Juvénile;D3;Féminin;2d8e0275-6e31-4598-b7bd-66eae3f14fc4;9ba37454-7ef4-4576-98db-099cba1a2a9b;InstitutionId RSEQ;;;8;8;base;Rugby J F D3 Automne 2026
non (école introuvable);introuvable;Secondaire;Rugby;Rugby;Féminin;Outaouais;Sieur-de-Coulonge;;;Juvénile;D3;Féminin;31f9ea22-c779-43cb-89b5-0d875f37b925;;"piste : 2 écoles « École secondaire Sieur-de-Coulonge » en double dans schools (bada5ba2-d6de-4f75-8922-e006e69e4bef, 17c65b5d-9805-4715-ab1e-4f5b268384e8)";;;8;8;base;Rugby J F D3 Automne 2026
oui;haute;Secondaire;Rugby;Rugby;Féminin;Outaouais;St-Michael's;École secondaire Saint-Michael;Low;Juvénile;D3;Féminin;46e6c761-e8e2-49bc-bfce-5846146816d8;76564f55-9eda-46c1-9c51-5e6e0ed89a4d;InstitutionId RSEQ;;;8;8;base;Rugby J F D3 Automne 2026
oui;haute;Secondaire;Soccer;Soccer;Masculin;GMAA;Beaconsfield HS;École secondaire Beaconsfield;Beaconsfield;Benjamin;D4;Garçons;4e3d45c5-68cd-4921-bcfe-c2a12416219c;d35768e1-b37d-4488-9f7b-171753bdf6fb;InstitutionId RSEQ;;;6;6;base;Soccer B Garçons D4 Niveau 1 A
oui;haute;Secondaire;Soccer;Soccer;Masculin;GMAA;Beaconsfield HS;École secondaire Beaconsfield;Beaconsfield;Cadet;D4;Garçons;1ad1ccdb-db54-48d6-8faa-27238dd3eb55;d35768e1-b37d-4488-9f7b-171753bdf6fb;InstitutionId RSEQ;;;8;8;base;Soccer C Garçons D4 Niveau 1 A
oui;haute;Secondaire;Soccer;Soccer;Féminin;GMAA;Beaconsfield HS;École secondaire Beaconsfield;Beaconsfield;Benjamin;D4;Filles;8b246664-82bb-48b4-ae61-08e9901801f4;d35768e1-b37d-4488-9f7b-171753bdf6fb;InstitutionId RSEQ;;;14;7;base+ligue absente;Soccer B Filles D4 Niveau 1 A / Soccer B Filles D4 Niveau 1 B
oui;haute;Secondaire;Soccer;Soccer;Masculin;GMAA;Beaconsfield HS;École secondaire Beaconsfield;Beaconsfield;Juvénile;D4;Garçons;c3f8bb0b-dd44-4fcc-bcb2-c3b9cfa8fd8b;d35768e1-b37d-4488-9f7b-171753bdf6fb;InstitutionId RSEQ;;;6;6;base;Soccer J Garçons D4 Niveau 1 A
oui;haute;Secondaire;Soccer;Soccer;Féminin;GMAA;Beaconsfield HS;École secondaire Beaconsfield;Beaconsfield;Cadet;D4;Filles;a03f81c4-8171-4ba4-99d0-e0ef6af2d940;d35768e1-b37d-4488-9f7b-171753bdf6fb;InstitutionId RSEQ;;;6;6;base;Soccer C Filles D4 Niveau 1
oui;haute;Secondaire;Soccer;Soccer;Féminin;GMAA;Beaconsfield HS;École secondaire Beaconsfield;Beaconsfield;Juvénile;D4;Filles;f544163e-54be-41cd-b23e-7acb9e053974;d35768e1-b37d-4488-9f7b-171753bdf6fb;InstitutionId RSEQ;;;14;7;base+ligue absente;Soccer J Filles D4 Niveau 1 A / Soccer J Filles D4 Niveau 1 B
oui;haute;Secondaire;Soccer;Soccer;Masculin;GMAA;Bialik;Bialik High School;Côte-Saint-Luc;Juvénile;D4;Garçons;54ed8151-1961-4a83-90c2-bba3cab6ea77;e738f48d-11aa-4527-ad76-fe38b3d0bd1a;InstitutionId RSEQ;;;6;6;base;Soccer J Garçons D4 Niveau 2 A
oui;haute;Secondaire;Soccer;Soccer;Masculin;GMAA;Bialik;Bialik High School;Côte-Saint-Luc;Benjamin;D4;Garçons;267b951a-b9a8-4bff-bcd0-0d1ed1354410;e738f48d-11aa-4527-ad76-fe38b3d0bd1a;InstitutionId RSEQ;;;6;6;base;Soccer B Garçons D4 Niveau 1 B
oui;haute;Secondaire;Soccer;Soccer;Féminin;GMAA;Bialik;Bialik High School;Côte-Saint-Luc;Juvénile;D4;Filles;9d7c38a7-4b2b-47c9-bcb4-27d2471212fd;e738f48d-11aa-4527-ad76-fe38b3d0bd1a;InstitutionId RSEQ;;;14;7;base+ligue absente;Soccer J Filles D4 Niveau 1 C / Soccer J Filles D4 Niveau 1 D
oui;haute;Secondaire;Soccer;Soccer;Masculin;GMAA;Billings;École secondaire régionale Howard S. Billings;Châteauguay;Benjamin;D4;Garçons;0f1debf5-49f9-44b0-9ef0-992fae2d3c09;e4613552-b565-4d75-ab0f-1655ab932cc5;InstitutionId RSEQ;;;14;7;base+ligue absente;Soccer B Garçons D4 Niveau 2 A / Soccer B Garçons D4 Niveau 2 B
oui;haute;Secondaire;Soccer;Soccer;Masculin;GMAA;Billings;École secondaire régionale Howard S. Billings;Châteauguay;Juvénile;D4;Garçons;1b867c1c-eca0-4ba0-96e3-ed8db8bd244f;e4613552-b565-4d75-ab0f-1655ab932cc5;InstitutionId RSEQ;;;6;6;base;Soccer J Garçons D4 Niveau 2 A
après confirmation BP;à confirmer BP;Secondaire;Soccer;Soccer;Masculin;GMAA;Centennial Academy;Centennial Academy;Montréal;Cadet;D4;Garçons;f6be2cce-be9d-4563-a1f6-6ea028c1f855;7b0a3cd9-bd98-40a5-805f-1ddfcf69fbff;piste par le nom (InstitutionId RSEQ 53bd62d2-8605-4703-baba-8a2d4eafbb3b inconnu chez nous);;;6;6;base;Soccer C Garçons D4 Niveau 1 C
après confirmation BP;à confirmer BP;Secondaire;Soccer;Soccer;Masculin;GMAA;Collège Beaubois;Collège Beaubois;Montréal;Benjamin;D3;Garçons;9fc5fbdf-c031-40ae-8082-adefc0333bcf;691c602e-3b5b-47cf-aaca-df236b7c80cb;piste par le nom (InstitutionId RSEQ c0d4e291-1174-4a1b-862f-9cbe4c3dc2cb inconnu chez nous);;;8;8;base;Soccer B Garçons D3 A
après confirmation BP;à confirmer BP;Secondaire;Soccer;Soccer;Masculin;GMAA;Collège Beaubois;Collège Beaubois;Montréal;Cadet;D3;Garçons;f24b198d-f6af-4877-b0bf-c3f4b18b4228;691c602e-3b5b-47cf-aaca-df236b7c80cb;piste par le nom (InstitutionId RSEQ c0d4e291-1174-4a1b-862f-9cbe4c3dc2cb inconnu chez nous);;;8;8;base;Soccer C Garçons D3 A
après confirmation BP;à confirmer BP;Secondaire;Soccer;Soccer;Féminin;GMAA;Collège Beaubois;Collège Beaubois;Montréal;Benjamin;D3;Filles;3e249c5b-80cc-475a-875b-9be6b1dad425;691c602e-3b5b-47cf-aaca-df236b7c80cb;piste par le nom (InstitutionId RSEQ c0d4e291-1174-4a1b-862f-9cbe4c3dc2cb inconnu chez nous);;;6;6;base;Soccer B Filles D3
oui;haute;Secondaire;Soccer;Soccer;Féminin;GMAA;Collège Jean-de-Brébeuf;École secondaire Lester B. Pearson;Montréal;Cadet;D4;Filles;d72cf746-a10d-4ce1-8f65-08a996a46156;3f8b9d99-da9e-4f63-9481-af0dc808bd13;InstitutionId RSEQ;;;6;6;base;Soccer C Filles D4 Niveau 2
oui;haute;Secondaire;Soccer;Soccer;Masculin;GMAA;Collège Jean-de-Brébeuf;Collège Jean-de-Brébeuf;Montréal;Cadet;D4;Garçons;a3726115-4de6-4dbc-a559-c8786333b854;506408d1-a176-4744-bb57-687bc9a41a1e;InstitutionId RSEQ;;;6;6;base;Soccer C Garçons D4 Niveau 1 C
oui;haute;Secondaire;Soccer;Soccer;Féminin;GMAA;Collège Jean-de-Brébeuf;Collège Jean-de-Brébeuf;Montréal;Benjamin;D4;Filles;3ad79579-28f9-43a3-b42d-056fc2a0171a;506408d1-a176-4744-bb57-687bc9a41a1e;InstitutionId RSEQ;;;8;8;base;Soccer B Filles D4 Niveau 1 C
oui;haute;Secondaire;Soccer;Soccer;Masculin;GMAA;Collège Jean-de-Brébeuf;Collège Jean-de-Brébeuf;Montréal;Benjamin;D4;Garçons;69fddb6b-2a1c-4f98-9542-97e8e4f719e4;506408d1-a176-4744-bb57-687bc9a41a1e;InstitutionId RSEQ;;;6;6;base;Soccer B Garçons D4 Niveau 1 B
oui;haute;Secondaire;Soccer;Soccer;Masculin;GMAA;Collège Sainte-Anne;Collège Sainte-Anne;Montréal;Benjamin;D3;Garçons;eec8a904-0c77-4ece-b267-1ebef945a10f;3d98b714-fbdf-45ad-bb8f-ec24e3a824fd;InstitutionId RSEQ;;;8;8;base;Soccer B Garçons D3 B
oui;haute;Secondaire;Soccer;Soccer;Masculin;GMAA;Collège Sainte-Anne;Collège Sainte-Anne;Montréal;Benjamin;D4;Garçons;3a77bb06-db33-4662-bc1b-ae70249d03ed;3d98b714-fbdf-45ad-bb8f-ec24e3a824fd;InstitutionId RSEQ;;;6;6;base;Soccer B Garçons D4 Niveau 1 A
oui;haute;Secondaire;Soccer;Soccer;Féminin;GMAA;Collège Sainte-Anne;Collège Sainte-Anne;Montréal;Juvénile;D4;Filles;7f724672-f416-416e-81f6-0dc15fe68a15;3d98b714-fbdf-45ad-bb8f-ec24e3a824fd;InstitutionId RSEQ;;;14;7;base+ligue absente;Soccer J Filles D4 Niveau 1 A / Soccer J Filles D4 Niveau 1 B
oui;haute;Secondaire;Soccer;Soccer;Masculin;GMAA;Collège Sainte-Anne 2;Collège Sainte-Anne;Montréal;Juvénile;D3;Garçons;49996de7-96d1-4d44-a9d3-3df5a4c424e3;3d98b714-fbdf-45ad-bb8f-ec24e3a824fd;InstitutionId RSEQ;;;6;6;base;Soccer J Garçons D3 A
oui;haute;Secondaire;Soccer;Soccer;Masculin;GMAA;Collège Sainte-Anne 2;Collège Sainte-Anne;Montréal;Cadet;D3;Garçons;47abeaca-c303-4bab-a4c9-269622bfeb30;3d98b714-fbdf-45ad-bb8f-ec24e3a824fd;InstitutionId RSEQ;;;8;8;base;Soccer C Garçons D3 A
oui;haute;Secondaire;Soccer;Soccer;Féminin;GMAA;Collège St-Jean-Vianney;Collège St-Jean-Vianney;Montréal;Cadet;D3;Filles;6f39e91c-4048-4372-906e-c74081d58095;24ee7ebf-fede-47dd-b666-bd1530b303ad;InstitutionId RSEQ;;;14;7;base+ligue absente;Soccer C Filles D3 A / Soccer C Filles D3 B
oui;haute;Secondaire;Soccer;Soccer;Masculin;GMAA;Collège St-Jean-Vianney;Collège St-Jean-Vianney;Montréal;Benjamin;D4;Garçons;322a3339-4f3b-4371-ba2e-6ab7ecdeb042;24ee7ebf-fede-47dd-b666-bd1530b303ad;InstitutionId RSEQ;;;8;8;base;Soccer B Garçons D4 Niveau 1 D
oui;haute;Secondaire;Soccer;Soccer;Féminin;GMAA;Edgar Cramp;École Miss Edgar et Miss Cramp;Westmount;Juvénile;D3;Filles;e58f9e01-8366-4a4d-8f36-422929bb538c;de7f87c3-2831-4123-8efe-f908e926864e;InstitutionId RSEQ;;;14;7;base+ligue absente;Soccer J Filles D3 A / Soccer J Filles D3 B
oui;haute;Secondaire;Soccer;Soccer;Féminin;GMAA;Edgar Cramp;École Miss Edgar et Miss Cramp;Westmount;Benjamin;D4;Filles;1b99f555-b098-4906-b6ae-9aa26f2dd456;de7f87c3-2831-4123-8efe-f908e926864e;InstitutionId RSEQ;;;6;6;base;Soccer B Filles D4 Niveau 2
oui;haute;Secondaire;Soccer;Soccer;Masculin;GMAA;EMCS;"École chrétienne Emmanuel, section anglaise (Secondaire)";Dollard-des-Ormeaux;Benjamin;D4;Garçons;d9568fdb-bce6-4c02-b7f2-6622d5426f38;d0fe3933-cfda-4ea2-9216-b1ee909632ff;InstitutionId RSEQ;;;14;7;base+ligue absente;Soccer B Garçons D4 Niveau 2 A / Soccer B Garçons D4 Niveau 2 B
oui;haute;Secondaire;Soccer;Soccer;Masculin;GMAA;FACE;École FACE;Montréal;Juvénile;D4;Garçons;8df6cab2-de32-4834-aa4d-9cf2039cfd27;4ed911f3-8a10-4cdc-adf3-5747da513f95;InstitutionId RSEQ;;;6;6;base;Soccer J Garçons D4 Niveau 2 B
oui;haute;Secondaire;Soccer;Soccer;Masculin;GMAA;FACE;École FACE;Montréal;Cadet;D4;Garçons;7ab1e9fc-cc33-4ee3-877b-3e6fa3d48343;4ed911f3-8a10-4cdc-adf3-5747da513f95;InstitutionId RSEQ;;;6;6;base;Soccer C Garçons D4 Niveau 1 C
oui;haute;Secondaire;Soccer;Soccer;Masculin;GMAA;HA;Académie hébraïque inc.;Côte-Saint-Luc;Juvénile;D4;Garçons;2ef876fd-bb28-4680-ada7-dbec022dbf0f;2a5c01e4-78b4-4c59-9e72-ccf2a27aa4d5;InstitutionId RSEQ;;;6;6;base;Soccer J Garçons D4 Niveau 1 B
oui;moyenne;Secondaire;Soccer;Soccer;Masculin;GMAA;HA;Académie hébraïque inc.;Côte-Saint-Luc;Benjamin;D4;Garçons;fc02ed2e-6bed-4f61-9de9-bfc90870a510;2a5c01e4-78b4-4c59-9e72-ccf2a27aa4d5;même nom RSEQ qu'une équipe 2025;;;6;6;base;Soccer B Garçons D4 Niveau 1 B
oui;haute;Secondaire;Soccer;Soccer;Masculin;GMAA;HZHS;École Secondaire Herzliah - Talmud Torahs Unis de Montréal inc;Mont-Royal;Benjamin;D4;Garçons;d533b473-1e73-4171-9b80-1420b38da4d1;5994fb8e-825f-4927-89cf-72625c0daac6;InstitutionId RSEQ;;;6;6;base;Soccer B Garçons D4 Niveau 1 B
oui;haute;Secondaire;Soccer;Soccer;Masculin;GMAA;JFKHS;École John-F.- Kennedy;Montréal;Juvénile;D4;Garçons;ccde3377-5cfc-47bf-8b6c-646c17e37954;d0eb0d14-ab1a-4024-b2e3-98a5d4511737;InstitutionId RSEQ;;;6;6;base;Soccer J Garçons D4 Niveau 2 B
oui;haute;Secondaire;Soccer;Soccer;Masculin;GMAA;John-Rennie;École secondaire John-Rennie;Pointe-Claire;Benjamin;D4;Garçons;51a85904-d944-4057-be28-9f523370f8df;f13cf9cd-59c6-45aa-9388-f3622398f870;InstitutionId RSEQ;;;6;6;base;Soccer B Garçons D4 Niveau 1 A
oui;haute;Secondaire;Soccer;Soccer;Féminin;GMAA;Kahnawake Survival;Kahnawake Survival School;Châteauguay;Juvénile;D4;Filles;25615c45-411d-40cd-898e-a0553dffb28c;7c2689d3-440f-4951-adaa-d8536e2a8e5c;InstitutionId RSEQ;;;4;4;base;Soccer J Filles D4 Niveau 2
oui;haute;Secondaire;Soccer;Soccer;Masculin;GMAA;KELLS;Académie Kells;Montréal;Juvénile;D4;Garçons;1e97f638-e316-4f5f-822b-8566b26137e9;14d6f138-e08c-449f-9278-1b242b47a4e7;InstitutionId RSEQ;;;6;6;base;Soccer J Garçons D4 Niveau 2 A
oui;haute;Secondaire;Soccer;Soccer;Masculin;GMAA;KUP;Académie Kuper;Kirkland;Juvénile;D4;Garçons;27830e58-b5a3-4d21-9626-843da85c2976;5f2f489a-2079-41a7-b1cf-441a38ffdd9c;InstitutionId RSEQ;;;6;6;base;Soccer J Garçons D4 Niveau 1 A
oui;haute;Secondaire;Soccer;Soccer;Féminin;GMAA;KUP;Académie Kuper;Kirkland;Benjamin;D4;Filles;24f3f378-251a-47d0-9ef7-397887ae730b;5f2f489a-2079-41a7-b1cf-441a38ffdd9c;InstitutionId RSEQ;;;14;7;base+ligue absente;Soccer B Filles D4 Niveau 1 A / Soccer B Filles D4 Niveau 1 B
oui;haute;Secondaire;Soccer;Soccer;Masculin;GMAA;KUP;Académie Kuper;Kirkland;Benjamin;D4;Garçons;4cfc5064-1b26-4500-b8f4-612e4960bbb6;5f2f489a-2079-41a7-b1cf-441a38ffdd9c;InstitutionId RSEQ;;;14;7;base+ligue absente;Soccer B Garçons D4 Niveau 2 A / Soccer B Garçons D4 Niveau 2 B
oui;haute;Secondaire;Soccer;Soccer;Féminin;GMAA;KUP;Académie Kuper;Kirkland;Juvénile;D4;Filles;14c797df-aa3d-4156-8171-da252a2fe2d2;5f2f489a-2079-41a7-b1cf-441a38ffdd9c;InstitutionId RSEQ;;;14;7;base+ligue absente;Soccer J Filles D4 Niveau 1 A / Soccer J Filles D4 Niveau 1 B
oui;haute;Secondaire;Soccer;Soccer;Masculin;GMAA;LA;École secondaire Lakeside Academy;Montréal;Cadet;D4;Garçons;e85d1f12-5582-4fc1-a08b-10b91697e285;4ea8e12b-4b05-4cde-b008-49c36706a54b;InstitutionId RSEQ;;;8;8;base;Soccer C Garçons D4 Niveau 1 A
oui;haute;Secondaire;Soccer;Soccer;Masculin;GMAA;LaSalle CCHS;Nouvelle école secondaire LaSalle;Montréal;Juvénile;D4;Garçons;475a3370-ddee-4a05-a018-f95dc950cb27;be771fe1-2f25-41ea-8e4e-6d51f2656963;InstitutionId RSEQ;;;6;6;base;Soccer J Garçons D4 Niveau 1 B
oui;haute;Secondaire;Soccer;Soccer;Féminin;GMAA;LaSalle CCHS;Nouvelle école secondaire LaSalle;Montréal;Cadet;D4;Filles;dbf27606-e969-4c30-9845-4f5a5dde3e95;be771fe1-2f25-41ea-8e4e-6d51f2656963;InstitutionId RSEQ;;;6;6;base;Soccer C Filles D4 Niveau 1
oui;haute;Secondaire;Soccer;Soccer;Masculin;GMAA;LaSalle CCHS;Nouvelle école secondaire LaSalle;Montréal;Benjamin;D3;Garçons;a33d8a8e-8709-4e12-aebd-f254cd7df80d;be771fe1-2f25-41ea-8e4e-6d51f2656963;InstitutionId RSEQ;;;8;8;base;Soccer B Garçons D3 A
oui;haute;Secondaire;Soccer;Soccer;Féminin;GMAA;LAURN;Académie LaurenHill;Montréal;Juvénile;D4;Filles;07c65767-913b-4c32-a919-c16ee5dd0efc;8d31a73c-ab71-4d5c-9aaa-816ca0746659;InstitutionId RSEQ;;;14;7;base+ligue absente;Soccer J Filles D4 Niveau 1 C / Soccer J Filles D4 Niveau 1 D
oui;haute;Secondaire;Soccer;Soccer;Masculin;GMAA;LAURN;Académie LaurenHill;Montréal;Juvénile;D4;Garçons;b3ca78df-0af6-4e94-a197-83f55b5e70d7;8d31a73c-ab71-4d5c-9aaa-816ca0746659;InstitutionId RSEQ;;;8;8;base;Soccer J Garçons D4 Niveau 1 D
oui;haute;Secondaire;Soccer;Soccer;Féminin;GMAA;LAURN;Académie LaurenHill;Montréal;Benjamin;D4;Filles;34ca41fb-b9da-4bc2-8e6c-899c45ffb113;8d31a73c-ab71-4d5c-9aaa-816ca0746659;InstitutionId RSEQ;;;8;8;base;Soccer B Filles D4 Niveau 1 C
oui;haute;Secondaire;Soccer;Soccer;Masculin;GMAA;LAURN;Académie LaurenHill;Montréal;Benjamin;D4;Garçons;5c46fd45-be75-4309-9158-8145bdf9f987;8d31a73c-ab71-4d5c-9aaa-816ca0746659;InstitutionId RSEQ;;;8;8;base;Soccer B Garçons D4 Niveau 1 C
oui;confirmée BP (École secondaire Laval Junior);Secondaire;Soccer;Soccer;Masculin;GMAA;Laval Jr. Academy;École secondaire Laval Junior;Laval;Benjamin;D4;Garçons;f0d2ea09-8b5c-47d9-9372-ee8efb89edcd;f3401c79-bc55-4ff5-ac85-d368b6eb88f2;décision BP;;;6;6;base;Soccer B Garçons D4 Niveau 2 C
oui;confirmée BP (École secondaire Laval Junior);Secondaire;Soccer;Soccer;Masculin;GMAA;Laval Jr. Academy;École secondaire Laval Junior;Laval;Benjamin;D4;Garçons;75176593-0d18-4b04-bdd7-8768f534c154;f3401c79-bc55-4ff5-ac85-d368b6eb88f2;décision BP;;;8;8;base;Soccer B Garçons D4 Niveau 1 D
oui;haute;Secondaire;Soccer;Soccer;Masculin;GMAA;Laval Sr. Academy;École secondaire Laval Senior;Laval;Cadet;D3;Garçons;8d7f72ab-f808-4604-a1c9-d94f55a678a8;ffe0eb63-f851-4032-933b-45eacd6f7220;InstitutionId RSEQ;;;8;8;base;Soccer C Garçons D3 A
oui;haute;Secondaire;Soccer;Soccer;Féminin;GMAA;Laval Sr. Academy;École secondaire Laval Senior;Laval;Juvénile;D3;Filles;b9fd978a-9f7f-49ee-98a9-d18236ff93ee;ffe0eb63-f851-4032-933b-45eacd6f7220;InstitutionId RSEQ;;;14;7;base+ligue absente;Soccer J Filles D3 A / Soccer J Filles D3 B
oui;haute;Secondaire;Soccer;Soccer;Masculin;GMAA;Laval Sr. Academy;École secondaire Laval Senior;Laval;Juvénile;D4;Garçons;cdfe1833-62bc-4d7c-89c0-4d95c223ad08;ffe0eb63-f851-4032-933b-45eacd6f7220;InstitutionId RSEQ;;;8;8;base;Soccer J Garçons D4 Niveau 1 D
oui;haute;Secondaire;Soccer;Soccer;Masculin;GMAA;LBPHS;École secondaire Lester B. Pearson;Montréal;Benjamin;D4;Garçons;d9f139d9-93a3-46d2-84a2-c25181fe9962;3f8b9d99-da9e-4f63-9481-af0dc808bd13;InstitutionId RSEQ;;;8;8;base;Soccer B Garçons D4 Niveau 1 D
oui;haute;Secondaire;Soccer;Soccer;Féminin;GMAA;LBPHS;Collège Jean-de-Brébeuf;Montréal;Cadet;D4;Filles;85af7077-f001-49d4-a9e9-3ba0fa78757c;506408d1-a176-4744-bb57-687bc9a41a1e;InstitutionId RSEQ;;;6;6;base;Soccer C Filles D4 Niveau 2
oui;haute;Secondaire;Soccer;Soccer;Masculin;GMAA;LBPHS;École secondaire Lester B. Pearson;Montréal;Cadet;D3;Garçons;e5c226ea-063a-4f17-9729-bc94b6e812c4;3f8b9d99-da9e-4f63-9481-af0dc808bd13;InstitutionId RSEQ;;;8;8;base;Soccer C Garçons D3 A
oui;haute;Secondaire;Soccer;Soccer;Masculin;GMAA;LCC;Lower Canada College;Montréal;Juvénile;D4;Garçons;2bddbca1-8976-43d1-9a63-501585aadb97;6213dfb4-19f6-4c9f-a43d-63c0b5d89e59;InstitutionId RSEQ;;;6;6;base;Soccer J Garçons D4 Niveau 2 B
oui;haute;Secondaire;Soccer;Soccer;Masculin;GMAA;LCC;Lower Canada College;Montréal;Cadet;D4;Garçons;2494177d-46a2-48bd-8037-eeb044362a43;6213dfb4-19f6-4c9f-a43d-63c0b5d89e59;InstitutionId RSEQ;;;8;8;base;Soccer C Garçons D4 Niveau 1 B
oui;haute;Secondaire;Soccer;Soccer;Masculin;GMAA;LCC;Lower Canada College;Montréal;Benjamin;D4;Garçons;6aa5a092-ab6c-4a83-b3f7-87cf33a6f0e0;6213dfb4-19f6-4c9f-a43d-63c0b5d89e59;InstitutionId RSEQ;;;14;7;base+ligue absente;Soccer B Garçons D4 Niveau 2 A / Soccer B Garçons D4 Niveau 2 B
oui;haute;Secondaire;Soccer;Soccer;Féminin;GMAA;LCC;Lower Canada College;Montréal;Benjamin;D4;Filles;2bd4f2eb-6fd9-45f0-832e-3f2e0dcb025d;6213dfb4-19f6-4c9f-a43d-63c0b5d89e59;InstitutionId RSEQ;;;6;6;base;Soccer B Filles D4 Niveau 2
oui;haute;Secondaire;Soccer;Soccer;Masculin;GMAA;LCC;Lower Canada College;Montréal;Juvénile;D3;Garçons;d78bd57e-592c-46be-a67f-87e5f738f567;6213dfb4-19f6-4c9f-a43d-63c0b5d89e59;InstitutionId RSEQ;;;6;6;base;Soccer J Garçons D3 A
oui;haute;Secondaire;Soccer;Soccer;Féminin;GMAA;LCC;Lower Canada College;Montréal;Benjamin;D3;Filles;025c9650-1f57-45bd-8df5-6ccbbe3fbff8;6213dfb4-19f6-4c9f-a43d-63c0b5d89e59;InstitutionId RSEQ;;;6;6;base;Soccer B Filles D3
oui;haute;Secondaire;Soccer;Soccer;Féminin;GMAA;LCC;Lower Canada College;Montréal;Juvénile;D4;Filles;c3c72aee-834f-4926-bc57-50ee0dc840a7;6213dfb4-19f6-4c9f-a43d-63c0b5d89e59;InstitutionId RSEQ;;;4;4;base;Soccer J Filles D4 Niveau 2
oui;haute;Secondaire;Soccer;Soccer;Féminin;GMAA;LCC;Lower Canada College;Montréal;Cadet;D4;Filles;d01f921d-8e3d-4e92-a3d8-5e55061fecad;6213dfb4-19f6-4c9f-a43d-63c0b5d89e59;InstitutionId RSEQ;;;6;6;base;Soccer C Filles D4 Niveau 1
oui;haute;Secondaire;Soccer;Soccer;Masculin;GMAA;LCC;Lower Canada College;Montréal;Benjamin;D3;Garçons;92bc5334-df8f-47b3-958a-bd1b07533894;6213dfb4-19f6-4c9f-a43d-63c0b5d89e59;InstitutionId RSEQ;;;8;8;base;Soccer B Garçons D3 B
oui;haute;Secondaire;Soccer;Soccer;Féminin;GMAA;LCC;Lower Canada College;Montréal;Juvénile;D3;Filles;9c99e838-993f-41b9-935e-b9c0db080507;6213dfb4-19f6-4c9f-a43d-63c0b5d89e59;InstitutionId RSEQ;;;14;7;base+ligue absente;Soccer J Filles D3 A / Soccer J Filles D3 B
oui;haute;Secondaire;Soccer;Soccer;Féminin;GMAA;LMAC;École secondaire Laurier Macdonald;Montréal;Benjamin;D4;Filles;d523672d-b3c4-4c16-8f6d-731a69d1e364;3309a357-72fc-4da3-9689-0b6882d8f98a;InstitutionId RSEQ;;;6;6;base;Soccer B Filles D4 Niveau 2
oui;haute;Secondaire;Soccer;Soccer;Féminin;GMAA;LMAC;École secondaire Laurier Macdonald;Montréal;Juvénile;D4;Filles;1494250d-23c2-4080-bcbf-34dd3e9598cc;3309a357-72fc-4da3-9689-0b6882d8f98a;InstitutionId RSEQ;;;14;7;base+ligue absente;Soccer J Filles D4 Niveau 1 C / Soccer J Filles D4 Niveau 1 D
oui;haute;Secondaire;Soccer;Soccer;Masculin;GMAA;LMAC;École secondaire Laurier Macdonald;Montréal;Benjamin;D4;Garçons;fc4f3f63-986d-4053-8970-3f117488e636;3309a357-72fc-4da3-9689-0b6882d8f98a;InstitutionId RSEQ;;;6;6;base;Soccer B Garçons D4 Niveau 2 C
oui;haute;Secondaire;Soccer;Soccer;Masculin;GMAA;LMAC;École secondaire Laurier Macdonald;Montréal;Cadet;D4;Garçons;8c78562c-dd57-42bc-81ce-d250b5afac26;3309a357-72fc-4da3-9689-0b6882d8f98a;InstitutionId RSEQ;;;6;6;base;Soccer C Garçons D4 Niveau 1 C
oui;haute;Secondaire;Soccer;Soccer;Masculin;GMAA;Loyola;École secondaire Loyola;Montréal;Juvénile;D3;Garçons;04e881e3-744a-4c0f-9146-b5ee8ccbf57e;3cea1ea3-4485-4588-ac4d-48efc95cb399;InstitutionId RSEQ;;;6;6;base;Soccer J Garçons D3 A
oui;haute;Secondaire;Soccer;Soccer;Masculin;GMAA;Loyola;École secondaire Loyola;Montréal;Benjamin;D4;Garçons;849de16a-8e25-4a0b-885a-10a039cb346b;3cea1ea3-4485-4588-ac4d-48efc95cb399;InstitutionId RSEQ;;;8;8;base;Soccer B Garçons D4 Niveau 1 C
oui;haute;Secondaire;Soccer;Soccer;Féminin;GMAA;MACD;École secondaire Saint-Thomas;Pointe-Claire;Benjamin;D4;Filles;ecd8bb85-e35d-4b4b-91e6-0abe1285d4cb;b47c1d8c-4263-4616-a4f1-7681955de19c;InstitutionId RSEQ;;;14;7;base+ligue absente;Soccer B Filles D4 Niveau 1 A / Soccer B Filles D4 Niveau 1 B
oui;haute;Secondaire;Soccer;Soccer;Féminin;GMAA;MACD;École secondaire Macdonald;Sainte-Anne-de-Bellevue;Benjamin;D4;Filles;f6ddb99d-14bf-47a7-bee5-223e611d75a5;9da1dcdf-6fe7-48c5-8dd8-c7e289382461;InstitutionId RSEQ;;;14;7;base+ligue absente;Soccer B Filles D4 Niveau 1 A / Soccer B Filles D4 Niveau 1 B
oui;haute;Secondaire;Soccer;Soccer;Masculin;GMAA;MACD;École secondaire Macdonald;Sainte-Anne-de-Bellevue;Cadet;D4;Garçons;d967f686-1cc5-4605-8c62-572d551fb1d9;9da1dcdf-6fe7-48c5-8dd8-c7e289382461;InstitutionId RSEQ;;;8;8;base;Soccer C Garçons D4 Niveau 1 A
oui;haute;Secondaire;Soccer;Soccer;Féminin;GMAA;MACD;École secondaire Macdonald;Sainte-Anne-de-Bellevue;Juvénile;D4;Filles;4b7c326b-3f47-4a1b-bb59-cb6ebc6efedf;9da1dcdf-6fe7-48c5-8dd8-c7e289382461;InstitutionId RSEQ;;;14;7;base+ligue absente;Soccer J Filles D4 Niveau 1 A / Soccer J Filles D4 Niveau 1 B
oui;haute;Secondaire;Soccer;Soccer;Masculin;GMAA;MACD;École secondaire Macdonald;Sainte-Anne-de-Bellevue;Benjamin;D4;Garçons;cf7cdc8e-de81-4fec-a107-03c9f7a189d9;9da1dcdf-6fe7-48c5-8dd8-c7e289382461;InstitutionId RSEQ;;;14;7;base+ligue absente;Soccer B Garçons D4 Niveau 2 A / Soccer B Garçons D4 Niveau 2 B
oui;haute;Secondaire;Soccer;Soccer;Masculin;GMAA;MACD;École secondaire Macdonald;Sainte-Anne-de-Bellevue;Juvénile;D3;Garçons;c6434b5f-9c07-4df2-b168-be003d28e33d;9da1dcdf-6fe7-48c5-8dd8-c7e289382461;InstitutionId RSEQ;;;6;6;base;Soccer J Garçons D3 A
oui;haute;Secondaire;Soccer;Soccer;Masculin;GMAA;MMA;Académie Internationale Marymount;Montréal;Cadet;D4;Garçons;b0bd476c-642e-4dc5-bda7-ba463c4e2842;d5a41baa-fb63-4477-8f9c-7657856168b5;InstitutionId RSEQ;;;8;8;base;Soccer C Garçons D4 Niveau 1 B
oui;haute;Secondaire;Soccer;Soccer;Masculin;GMAA;MMA;Académie Internationale Marymount;Montréal;Juvénile;D4;Garçons;07feb5e7-955a-4b9c-9556-6f6c92f0991d;d5a41baa-fb63-4477-8f9c-7657856168b5;InstitutionId RSEQ;;;6;6;base;Soccer J Garçons D4 Niveau 1 C
oui;haute;Secondaire;Soccer;Soccer;Masculin;GMAA;PCHS;École secondaire Pierrefonds;Montréal;Benjamin;D4;Garçons;35fda0a1-066c-486a-8021-3c8cec443155;4f318633-a0c4-4bd0-ac1f-0587106d50ff;InstitutionId RSEQ;;;14;7;base+ligue absente;Soccer B Garçons D4 Niveau 2 A / Soccer B Garçons D4 Niveau 2 B
oui;haute;Secondaire;Soccer;Soccer;Féminin;GMAA;PCHS;École secondaire Pierrefonds;Montréal;Juvénile;D4;Filles;c7d5a42c-8e66-4ee2-a439-3826c53bf72c;4f318633-a0c4-4bd0-ac1f-0587106d50ff;InstitutionId RSEQ;;;14;7;base+ligue absente;Soccer J Filles D4 Niveau 1 A / Soccer J Filles D4 Niveau 1 B
oui;haute;Secondaire;Soccer;Soccer;Masculin;GMAA;PCHS;École secondaire Pierrefonds;Montréal;Juvénile;D4;Garçons;e61b1a8a-dcb5-4654-9843-a24659457ea3;4f318633-a0c4-4bd0-ac1f-0587106d50ff;InstitutionId RSEQ;;;6;6;base;Soccer J Garçons D4 Niveau 1 A
oui;haute;Secondaire;Soccer;Soccer;Masculin;GMAA;RHS;Rosemount High School;Montréal;Juvénile;D4;Garçons;70989e0a-555b-4fc0-b2b8-f79dfb3ed1eb;3d35c260-0587-4e0d-bf62-ea3e47022f08;InstitutionId RSEQ;;;8;8;base;Soccer J Garçons D4 Niveau 1 D
oui;haute;Secondaire;Soccer;Soccer;Féminin;GMAA;Rosemere High;École secondaire de Rosemère;Rosemère;Juvénile;D4;Filles;b7a24242-d47f-40a2-9148-d0ce20652c8f;820e782a-b66f-4999-90f6-ec507418814f;InstitutionId RSEQ;;;14;7;base+ligue absente;Soccer J Filles D4 Niveau 1 C / Soccer J Filles D4 Niveau 1 D
oui;haute;Secondaire;Soccer;Soccer;Masculin;GMAA;Rosemere High;Collège Vincent Massey;Montréal;Benjamin;D4;Garçons;e0862bf2-ee28-4fc5-9218-1119692c6640;1d63f9f8-d0fc-4750-8344-7f2bdd6aee64;InstitutionId RSEQ;;;8;8;base;Soccer B Garçons D4 Niveau 1 D
oui;haute;Secondaire;Soccer;Soccer;Féminin;GMAA;Rosemere High;École secondaire de Rosemère;Rosemère;Benjamin;D4;Filles;e49a56fa-8ede-45d7-b075-eba0b87d35ff;820e782a-b66f-4999-90f6-ec507418814f;InstitutionId RSEQ;;;8;8;base;Soccer B Filles D4 Niveau 1 C
oui;haute;Secondaire;Soccer;Soccer;Masculin;GMAA;Rosemere High;Collège Vincent Massey;Montréal;Juvénile;D4;Garçons;b63a2b08-fb41-4101-9c56-5929557b0f7f;1d63f9f8-d0fc-4750-8344-7f2bdd6aee64;InstitutionId RSEQ;;;8;8;base;Soccer J Garçons D4 Niveau 1 D
oui;haute;Secondaire;Soccer;Soccer;Masculin;GMAA;Rosemere High;École secondaire de Rosemère;Rosemère;Benjamin;D4;Garçons;38de4d9d-42ba-45c1-b2de-abbe41a80888;820e782a-b66f-4999-90f6-ec507418814f;InstitutionId RSEQ;;;6;6;base;Soccer B Garçons D4 Niveau 2 C
oui;haute;Secondaire;Soccer;Soccer;Masculin;GMAA;Royal;Académie Royal West;Montréal-Ouest;Juvénile;D4;Garçons;62ddfbef-199d-4bd3-aa14-e7c8520597ad;ac594d8e-5628-455d-a375-3b94d0f5106f;InstitutionId RSEQ;;;6;6;base;Soccer J Garçons D4 Niveau 1 B
oui;haute;Secondaire;Soccer;Soccer;Féminin;GMAA;Royal;Académie Royal West;Montréal-Ouest;Benjamin;D3;Filles;65484544-8382-4ce5-906d-6f6cf4af8381;ac594d8e-5628-455d-a375-3b94d0f5106f;InstitutionId RSEQ;;;6;6;base;Soccer B Filles D3
oui;haute;Secondaire;Soccer;Soccer;Masculin;GMAA;Royal;Académie Royal West;Montréal-Ouest;Benjamin;D4;Garçons;ffc8a50b-5456-4616-bfb2-8a91bd8838a2;ac594d8e-5628-455d-a375-3b94d0f5106f;InstitutionId RSEQ;;;8;8;base;Soccer B Garçons D4 Niveau 1 C
oui;haute;Secondaire;Soccer;Soccer;Féminin;GMAA;Royal;Académie Royal West;Montréal-Ouest;Juvénile;D3;Filles;88b6fa93-3264-407a-8a7b-872f9c2c66e2;ac594d8e-5628-455d-a375-3b94d0f5106f;InstitutionId RSEQ;;;14;7;base+ligue absente;Soccer J Filles D3 A / Soccer J Filles D3 B
oui;haute;Secondaire;Soccer;Soccer;Féminin;GMAA;RVALE;École Royal Vale;Montréal;Benjamin;D4;Filles;0654bbe2-6891-4a17-bbd5-e0b26f9088a2;882225d5-7097-4c09-8903-73f16c949282;InstitutionId RSEQ;;;6;6;base;Soccer B Filles D4 Niveau 2
oui;haute;Secondaire;Soccer;Soccer;Masculin;GMAA;RVALE;École Royal Vale;Montréal;Juvénile;D4;Garçons;e5996340-f284-44b2-b4fd-ec725e677e0b;882225d5-7097-4c09-8903-73f16c949282;InstitutionId RSEQ;;;6;6;base;Soccer J Garçons D4 Niveau 1 B
oui;haute;Secondaire;Soccer;Soccer;Masculin;GMAA;RVALE;École Royal Vale;Montréal;Benjamin;D4;Garçons;176788a9-d0a8-46b9-bdc1-814cb3eb5bbb;882225d5-7097-4c09-8903-73f16c949282;InstitutionId RSEQ;;;6;6;base;Soccer B Garçons D4 Niveau 2 C
oui;haute;Secondaire;Soccer;Soccer;Féminin;GMAA;Sacred Heart;Sacred Heart School of Montreal;Westmount;Cadet;D4;Filles;f3188a3a-3fc5-4a20-bcdf-4d2f9d8ab2c8;63d3290f-9dc3-47dd-a659-552cf4daa100;InstitutionId RSEQ;;;6;6;base;Soccer C Filles D4 Niveau 2
oui;haute;Secondaire;Soccer;Soccer;Féminin;GMAA;Sacred Heart;Sacred Heart School of Montreal;Westmount;Juvénile;D4;Filles;7fbec5ff-70e9-40c3-b2ab-0b2f2599d84e;63d3290f-9dc3-47dd-a659-552cf4daa100;InstitutionId RSEQ;;;14;7;base+ligue absente;Soccer J Filles D4 Niveau 1 C / Soccer J Filles D4 Niveau 1 D
oui;haute;Secondaire;Soccer;Soccer;Masculin;GMAA;Selwyn House;L'École Selwyn House;Westmount;Benjamin;D4;Garçons;cfb7f010-e714-43ec-8aac-f3318074ad54;7df9f46a-631a-436e-9c2e-e0cf173eca9e;InstitutionId RSEQ;;;6;6;base;Soccer B Garçons D4 Niveau 2 C
oui;haute;Secondaire;Soccer;Soccer;Masculin;GMAA;Selwyn House;L'École Selwyn House;Westmount;Benjamin;D3;Garçons;402d2733-0e49-446d-b7ee-bea16301dd83;7df9f46a-631a-436e-9c2e-e0cf173eca9e;InstitutionId RSEQ;;;8;8;base;Soccer B Garçons D3 B
oui;haute;Secondaire;Soccer;Soccer;Masculin;GMAA;Selwyn House;L'École Selwyn House;Westmount;Cadet;D4;Garçons;20f1d5e9-0a87-439f-9b7b-7a93f6afd443;7df9f46a-631a-436e-9c2e-e0cf173eca9e;InstitutionId RSEQ;;;8;8;base;Soccer C Garçons D4 Niveau 1 B
oui;haute;Secondaire;Soccer;Soccer;Masculin;GMAA;Selwyn House;L'École Selwyn House;Westmount;Juvénile;D4;Garçons;6b5d31dd-34a8-4f91-afc6-1e0f68d84822;7df9f46a-631a-436e-9c2e-e0cf173eca9e;InstitutionId RSEQ;;;6;6;base;Soccer J Garçons D4 Niveau 1 C
oui;haute;Secondaire;Soccer;Soccer;Masculin;GMAA;Selwyn House;L'École Selwyn House;Westmount;Benjamin;D4;Garçons;a5d128d2-f4b0-421a-9054-24b34449a51e;7df9f46a-631a-436e-9c2e-e0cf173eca9e;InstitutionId RSEQ;;;8;8;base;Soccer B Garçons D4 Niveau 1 C
oui;haute;Secondaire;Soccer;Soccer;Masculin;GMAA;Selwyn House;L'École Selwyn House;Westmount;Juvénile;D4;Garçons;62b47390-1c96-4a9e-88bb-33bf3afd8e6d;7df9f46a-631a-436e-9c2e-e0cf173eca9e;InstitutionId RSEQ;;;6;6;base;Soccer J Garçons D4 Niveau 2 B
oui;haute;Secondaire;Soccer;Soccer;Féminin;GMAA;STUDY;The Study;Westmount;Cadet;D4;Filles;23587f1d-875e-45d7-ab81-3a0bb2f61af4;f37087f7-0671-45b2-98e1-574926b664d3;InstitutionId RSEQ;;;6;6;base;Soccer C Filles D4 Niveau 2
oui;haute;Secondaire;Soccer;Soccer;Féminin;GMAA;TRAF;Collège Trafalgar pour filles;Montréal;Juvénile;D4;Filles;5fc175fe-1018-426e-be37-1f69a0cfd919;9df5cd0a-f9bb-4743-bf14-dddc78fac0e6;InstitutionId RSEQ;;;4;4;base;Soccer J Filles D4 Niveau 2
oui;haute;Secondaire;Soccer;Soccer;Féminin;GMAA;Villa-Maria;Villa Maria;Montréal;Cadet;D4;Filles;2e9a1dcd-9d1d-4d85-96c7-22021769b28c;4cb4b962-e10c-4c5a-a116-9e3f834a9d6d;InstitutionId RSEQ;;;6;6;base;Soccer C Filles D4 Niveau 1
oui;haute;Secondaire;Soccer;Soccer;Masculin;GMAA;Villa-Maria;Villa Maria;Montréal;Benjamin;D4;Garçons;17f81cba-7831-43e5-b4b0-237c8069c393;4cb4b962-e10c-4c5a-a116-9e3f834a9d6d;InstitutionId RSEQ;;;6;6;base;Soccer B Garçons D4 Niveau 2 C
oui;haute;Secondaire;Soccer;Soccer;Masculin;GMAA;Villa-Maria;Villa Maria;Montréal;Benjamin;D4;Garçons;0eb7addf-fb35-447c-9066-e31ae0d1e2a9;4cb4b962-e10c-4c5a-a116-9e3f834a9d6d;InstitutionId RSEQ;;;8;8;base;Soccer B Garçons D4 Niveau 1 C
oui;haute;Secondaire;Soccer;Soccer;Masculin;GMAA;Villa-Maria;Villa Maria;Montréal;Juvénile;D4;Garçons;08220e99-1254-4914-a69e-462e5f3ec90b;4cb4b962-e10c-4c5a-a116-9e3f834a9d6d;InstitutionId RSEQ;;;6;6;base;Soccer J Garçons D4 Niveau 1 C
oui;haute;Secondaire;Soccer;Soccer;Masculin;GMAA;Villa-Maria;Villa Maria;Montréal;Cadet;D4;Garçons;d0269144-a204-4899-84fb-b7a4c47e06ec;4cb4b962-e10c-4c5a-a116-9e3f834a9d6d;InstitutionId RSEQ;;;8;8;base;Soccer C Garçons D4 Niveau 1 B
oui;haute;Secondaire;Soccer;Soccer;Féminin;GMAA;Villa-Maria;Villa Maria;Montréal;Benjamin;D4;Filles;5c488d1b-2053-4a78-9b5a-2160d897873e;4cb4b962-e10c-4c5a-a116-9e3f834a9d6d;InstitutionId RSEQ;;;8;8;base;Soccer B Filles D4 Niveau 1 C
oui;haute;Secondaire;Soccer;Soccer;Masculin;GMAA;Vincent Massey;Collège St-Jean-Vianney;Montréal;Benjamin;D3;Garçons;7252c310-3e56-460f-8339-f9e018431954;24ee7ebf-fede-47dd-b666-bd1530b303ad;InstitutionId RSEQ;;;8;8;base;Soccer B Garçons D3 B
oui;haute;Secondaire;Soccer;Soccer;Masculin;GMAA;Vincent Massey;École secondaire de Rosemère;Rosemère;Benjamin;D4;Garçons;b57c8a52-ab39-4ac2-841d-09d23221194a;820e782a-b66f-4999-90f6-ec507418814f;InstitutionId RSEQ;;;8;8;base;Soccer B Garçons D4 Niveau 1 D
oui;haute;Secondaire;Soccer;Soccer;Féminin;GMAA;Vincent Massey;Collège Vincent Massey;Montréal;Benjamin;D4;Filles;b86409a0-ad4c-448a-85bb-48c8efb11945;1d63f9f8-d0fc-4750-8344-7f2bdd6aee64;InstitutionId RSEQ;;;8;8;base;Soccer B Filles D4 Niveau 1 C
oui;haute;Secondaire;Soccer;Soccer;Masculin;GMAA;Vincent Massey;École secondaire de Rosemère;Rosemère;Juvénile;D4;Garçons;ca610ec1-c97a-4bcf-8b4c-df4cd51455c8;820e782a-b66f-4999-90f6-ec507418814f;InstitutionId RSEQ;;;8;8;base;Soccer J Garçons D4 Niveau 1 D
oui;haute;Secondaire;Soccer;Soccer;Masculin;GMAA;Vincent Massey;Collège Vincent Massey;Montréal;Benjamin;D3;Garçons;af82b10d-2ca1-42c1-b497-2ee123b5a820;1d63f9f8-d0fc-4750-8344-7f2bdd6aee64;InstitutionId RSEQ;;;8;8;base;Soccer B Garçons D3 B
oui;haute;Secondaire;Soccer;Soccer;Féminin;GMAA;Vincent Massey;Collège Vincent Massey;Montréal;Juvénile;D4;Filles;52b63563-0e68-49cd-9d1d-58bdc9dd37b1;1d63f9f8-d0fc-4750-8344-7f2bdd6aee64;InstitutionId RSEQ;;;14;7;base+ligue absente;Soccer J Filles D4 Niveau 1 C / Soccer J Filles D4 Niveau 1 D
oui;haute;Secondaire;Soccer;Soccer;Féminin;GMAA;Vincent Massey;Collège Vincent Massey;Montréal;Cadet;D3;Filles;818e843d-4bf3-4e71-bce5-3c929a44c234;1d63f9f8-d0fc-4750-8344-7f2bdd6aee64;InstitutionId RSEQ;;;14;7;base+ligue absente;Soccer C Filles D3 A / Soccer C Filles D3 B
oui;haute;Secondaire;Soccer;Soccer;Masculin;GMAA;Westmount HS;École secondaire Westmount;Westmount;Juvénile;D4;Garçons;12166bf5-03f2-450a-b4cc-7c25eafca14c;56a79a3f-3fac-4719-a35b-ddd8116648ea;InstitutionId RSEQ;;;6;6;base;Soccer J Garçons D4 Niveau 1 C
oui;haute;Secondaire;Soccer;Soccer;Masculin;GMAA;Westmount HS;École secondaire Westmount;Westmount;Cadet;D4;Garçons;ff0328a7-ba33-466f-b13a-9d561c09becd;56a79a3f-3fac-4719-a35b-ddd8116648ea;InstitutionId RSEQ;;;8;8;base;Soccer C Garçons D4 Niveau 1 B
oui;haute;Secondaire;Soccer;Soccer;Masculin;GMAA;Westmount HS;École secondaire Westmount;Westmount;Benjamin;D4;Garçons;16485cc4-fa24-404f-b7ba-00f28a215316;56a79a3f-3fac-4719-a35b-ddd8116648ea;InstitutionId RSEQ;;;6;6;base;Soccer B Garçons D4 Niveau 2 C
oui;haute;Secondaire;Soccer;Soccer;Masculin;GMAA;WIC;West Island College;Dollard-des-Ormeaux;Juvénile;D3;Garçons;8c0408a9-1f91-444c-aaeb-4bcb47d79df6;ea66f367-c55a-496f-a257-fb9032493455;InstitutionId RSEQ;;;6;6;base;Soccer J Garçons D3 A
oui;haute;Secondaire;Soccer;Soccer;Féminin;GMAA;WIC;West Island College;Dollard-des-Ormeaux;Benjamin;D3;Filles;c6749619-65c6-4467-a3cf-57d095a5f809;ea66f367-c55a-496f-a257-fb9032493455;InstitutionId RSEQ;;;6;6;base;Soccer B Filles D3
oui;haute;Secondaire;Soccer;Soccer;Masculin;GMAA;WIC;West Island College;Dollard-des-Ormeaux;Benjamin;D3;Garçons;15fd73ef-ed59-4eef-a140-6288768e5398;ea66f367-c55a-496f-a257-fb9032493455;InstitutionId RSEQ;;;8;8;base;Soccer B Garçons D3 A
oui;haute;Secondaire;Soccer;Soccer;Féminin;GMAA;WIC;West Island College;Dollard-des-Ormeaux;Juvénile;D3;Filles;6637685b-db92-4b71-8a51-24745b18f976;ea66f367-c55a-496f-a257-fb9032493455;InstitutionId RSEQ;;;14;7;base+ligue absente;Soccer J Filles D3 A / Soccer J Filles D3 B
oui;haute;Secondaire;Soccer;Soccer;Féminin;GMAA;WWHS Sr;École secondaire Westwood Senior;Hudson;Juvénile;D4;Filles;c0dc6685-eaa3-49e3-aa1d-878431fceee9;1fd7ac22-adb2-48bd-9904-d8ffdc9b0a29;InstitutionId RSEQ;;;14;7;base+ligue absente;Soccer J Filles D4 Niveau 1 A / Soccer J Filles D4 Niveau 1 B
oui;haute;Secondaire;Soccer;Soccer;Masculin;GMAA;WWHS Sr;École secondaire Westwood Senior;Hudson;Cadet;D4;Garçons;e9fcdc14-eaca-4d56-ab68-50381d96a0cf;1fd7ac22-adb2-48bd-9904-d8ffdc9b0a29;InstitutionId RSEQ;;;8;8;base;Soccer C Garçons D4 Niveau 1 A
oui;haute;Secondaire;Soccer;Soccer;Féminin;GMAA;WWHS Sr;École secondaire Westwood Senior;Hudson;Benjamin;D4;Filles;621d4dcf-ca73-4c97-a0ed-bb02c2b1725e;1fd7ac22-adb2-48bd-9904-d8ffdc9b0a29;InstitutionId RSEQ;;;14;7;base+ligue absente;Soccer B Filles D4 Niveau 1 A / Soccer B Filles D4 Niveau 1 B
oui;haute;Secondaire;Soccer;Soccer;Féminin;GMAA;WWHS Sr;Collège Sainte-Anne;Montréal;Benjamin;D4;Filles;a748635d-0877-42b6-a5e2-eeceb15a34a0;3d98b714-fbdf-45ad-bb8f-ec24e3a824fd;InstitutionId RSEQ;;;14;7;base+ligue absente;Soccer B Filles D4 Niveau 1 A / Soccer B Filles D4 Niveau 1 B
oui;haute;Secondaire;Soccer;Soccer;Masculin;GMAA;WWHS Sr;École secondaire Westwood Senior;Hudson;Benjamin;D4;Garçons;152dcf04-0b9a-4725-bcb1-1403acdb43ea;1fd7ac22-adb2-48bd-9904-d8ffdc9b0a29;InstitutionId RSEQ;;;6;6;base;Soccer B Garçons D4 Niveau 1 A
oui;haute;Secondaire;Soccer;Soccer;Masculin;GMAA;WWHS Sr;École secondaire Westwood Senior;Hudson;Juvénile;D4;Garçons;53e5a076-9186-4eea-9275-76b2bd4318e4;1fd7ac22-adb2-48bd-9904-d8ffdc9b0a29;InstitutionId RSEQ;;;6;6;base;Soccer J Garçons D4 Niveau 1 A
oui;haute;Secondaire;Soccer;Soccer;Masculin;GMAA;Yavné;Académie Yéshiva Yavné;Côte-Saint-Luc;Juvénile;D4;Garçons;979e8d63-24cf-4e5a-ae71-cbc2ae815437;70e1d8ae-a112-46c0-9138-7ff02f733abe;InstitutionId RSEQ;;;6;6;base;Soccer J Garçons D4 Niveau 2 A
oui;haute;Secondaire;Soccer;Soccer;Féminin;Québec-Chaudière-Appalaches;Acad. Saint-Louis;Académie Saint-Louis;Québec;Cadet;D3;Féminin;2d822742-7759-4efe-8a4b-717a78999a62;2c79f18c-9e49-411e-ace9-7bb54dc68438;InstitutionId RSEQ;;;6;6;base;Soccer C F D3
oui;haute;Secondaire;Soccer;Soccer;Masculin;Québec-Chaudière-Appalaches;Acad. Saint-Louis 2;Académie Saint-Louis;Québec;Benjamin;D4;Masculin;56179875-cc4b-4639-8543-b4476bd97ef3;2c79f18c-9e49-411e-ace9-7bb54dc68438;InstitutionId RSEQ;;;12;6;base+ligue absente;Soccer B M D4 Niveau 2 Blanc / Soccer B M D4 Niveau 2 Bleu
oui;haute;Secondaire;Soccer;Soccer;Féminin;Québec-Chaudière-Appalaches;Acad. Saint-Louis 2;Académie Saint-Louis;Québec;Benjamin;D3;Féminin;6305ba56-c3b1-411c-aede-6074c191132a;2c79f18c-9e49-411e-ace9-7bb54dc68438;InstitutionId RSEQ;;;6;6;base;Soccer B F D3
oui;haute;Secondaire;Soccer;Soccer;Masculin;Québec-Chaudière-Appalaches;Acad. Ste-Marie;École Académie Sainte-Marie;Québec;Benjamin;D4;Masculin;b5b7daf6-24e5-4980-98a7-0124d4e191b3;a07c15c8-8aaf-4618-8895-c62a1a1d5730;InstitutionId RSEQ;;;12;6;base+ligue absente;Soccer B M D4 Niveau 2 Blanc / Soccer B M D4 Niveau 2 Bleu
oui;haute;Secondaire;Soccer;Soccer;Masculin;Québec-Chaudière-Appalaches;Acad. Ste-Marie 2;École Académie Sainte-Marie;Québec;Benjamin;D4;Masculin;c98cba66-3e8f-40cd-857e-4c854a940b24;a07c15c8-8aaf-4618-8895-c62a1a1d5730;InstitutionId RSEQ;;;12;6;base+ligue absente;Soccer B M D4 Niveau 2 Blanc / Soccer B M D4 Niveau 2 Bleu
oui;haute;Secondaire;Soccer;Soccer;Masculin;Québec-Chaudière-Appalaches;Ancienne-Lorette;École secondaire polyvalente de L'Ancienne-Lorette;L'Ancienne-Lorette;Benjamin;D4;Masculin;97843788-fdec-4f8c-bbcf-b5cf1d10aeb4;9883ed08-5dfc-4594-88fd-54aba887681e;InstitutionId RSEQ;;;12;6;base+ligue absente;Soccer B M D4 Niveau 2 Blanc / Soccer B M D4 Niveau 2 Bleu
oui;haute;Secondaire;Soccer;Soccer;Masculin;Québec-Chaudière-Appalaches;Ancienne-Lorette;École secondaire polyvalente de L'Ancienne-Lorette;L'Ancienne-Lorette;Juvénile;D3;Masculin;8d116e1f-fde0-43d4-928d-296c25de4b99;9883ed08-5dfc-4594-88fd-54aba887681e;InstitutionId RSEQ;;;7;7;base;Soccer J M D3
oui;haute;Secondaire;Soccer;Soccer;Féminin;Québec-Chaudière-Appalaches;Aubier;École secondaire de l'Aubier;Lévis;Benjamin;D3;Féminin;8df9f608-84ab-49ad-a01d-4690eb6a4892;f4fdd087-617c-4e9b-997b-9a6922acbe0c;InstitutionId RSEQ;;;6;6;base;Soccer B F D3
oui;haute;Secondaire;Soccer;Soccer;Masculin;Québec-Chaudière-Appalaches;Aubier 2;École secondaire de l'Aubier;Lévis;Benjamin;D3;Masculin;015c99b8-2f4e-455b-adfc-9838bfdddd10;f4fdd087-617c-4e9b-997b-9a6922acbe0c;InstitutionId RSEQ;;;6;6;base;Soccer B M D3
oui;haute;Secondaire;Soccer;Soccer;Masculin;Québec-Chaudière-Appalaches;Aubier 3;École secondaire de l'Aubier;Lévis;Benjamin;D4;Masculin;ec5ddf4e-1ce1-4a81-9941-dd8e30e57d2b;f4fdd087-617c-4e9b-997b-9a6922acbe0c;InstitutionId RSEQ;;;12;6;base+ligue absente;Soccer B M D4 Niveau 2 Blanc / Soccer B M D4 Niveau 2 Bleu
oui;haute;Secondaire;Soccer;Soccer;Masculin;Québec-Chaudière-Appalaches;Aubier 4;École secondaire de l'Aubier;Lévis;Benjamin;D4;Masculin;32ae9b9f-a289-41f5-9535-b25e7015a1b0;f4fdd087-617c-4e9b-997b-9a6922acbe0c;InstitutionId RSEQ;;;7;7;base;Soccer B M D4 Niveau 3
oui;haute;Secondaire;Soccer;Soccer;Masculin;Québec-Chaudière-Appalaches;Benoit-Vachon;Polyvalente Benoît-Vachon;Sainte-Marie;Benjamin;D4;Masculin;967ce34f-7333-4cd2-b2a5-635394f35d08;b1d612af-364d-41a5-9c26-da3f062d99d1;InstitutionId RSEQ;;;12;6;base+ligue absente;Soccer B M D4 Niveau 2 Blanc / Soccer B M D4 Niveau 2 Bleu
oui;haute;Secondaire;Soccer;Soccer;Féminin;Québec-Chaudière-Appalaches;Benoit-Vachon;Polyvalente Benoît-Vachon;Sainte-Marie;Juvénile;D3;Féminin;ac9f4dad-ff7a-4c09-b186-32d64727d56e;b1d612af-364d-41a5-9c26-da3f062d99d1;InstitutionId RSEQ;;;6;6;base;Soccer J F D3
oui;haute;Secondaire;Soccer;Soccer;Masculin;Québec-Chaudière-Appalaches;Benoit-Vachon;Polyvalente Benoît-Vachon;Sainte-Marie;Juvénile;D4;Masculin;bdfb08b9-35e0-4de9-8749-ba49bdefff90;b1d612af-364d-41a5-9c26-da3f062d99d1;InstitutionId RSEQ;;;7;7;base;Soccer J M D4 Niveau 1
oui;haute;Secondaire;Soccer;Soccer;Féminin;Québec-Chaudière-Appalaches;Benoit-Vachon;Polyvalente Benoît-Vachon;Sainte-Marie;Cadet;D4;Féminin;adb91e7b-eb02-4ea0-bf97-eae358062681;b1d612af-364d-41a5-9c26-da3f062d99d1;InstitutionId RSEQ;;;7;7;base;Soccer C F D4
oui;haute;Secondaire;Soccer;Soccer;Masculin;Québec-Chaudière-Appalaches;Camaradière;École secondaire La Camaradière;Québec;Benjamin;D4;Masculin;7e09e6ab-b6d6-4783-863e-7616d9d78a79;6eb8dc0e-5b12-42ad-972d-51a3203383f9;InstitutionId RSEQ;;;6;6;base;Soccer B M D4 Niveau 1
oui;haute;Secondaire;Soccer;Soccer;Masculin;Québec-Chaudière-Appalaches;Coll. Champigny;Collège de Champigny;Québec;Cadet;D4;Masculin;d06914b3-a678-4aab-931a-00c68a2b5483;e041bfa5-f429-4bae-8cf8-a6ff96ef3bd6;InstitutionId RSEQ;;;6;6;base;Soccer C M D4
oui;haute;Secondaire;Soccer;Soccer;Masculin;Québec-Chaudière-Appalaches;Coll. des Compagnons;Collège des Compagnons;Québec;Benjamin;D4;Masculin;037b21eb-b6f8-4be7-8cd8-9b3c7ade73ed;4cc1761f-3d71-4d58-8a3b-98701fafaa61;InstitutionId RSEQ;;;7;7;base;Soccer B M D4 Niveau 3
oui;haute;Secondaire;Soccer;Soccer;Masculin;Québec-Chaudière-Appalaches;Coll. des Compagnons;Collège des Compagnons;Québec;Benjamin;D4;Masculin;9c37980b-aef5-45e3-8dab-593a1b77c546;4cc1761f-3d71-4d58-8a3b-98701fafaa61;InstitutionId RSEQ;;;6;6;base;Soccer B M D4 Niveau 1
oui;haute;Secondaire;Soccer;Soccer;Féminin;Québec-Chaudière-Appalaches;Coll. des Compagnons;Collège des Compagnons;Québec;Juvénile;D3;Féminin;55b6da60-16e5-49bc-bf0e-894e46c9e9a7;4cc1761f-3d71-4d58-8a3b-98701fafaa61;InstitutionId RSEQ;;;7;7;base;Soccer J F D3
oui;haute;Secondaire;Soccer;Soccer;Masculin;Québec-Chaudière-Appalaches;Coll. des Compagnons;Collège des Compagnons;Québec;Juvénile;D4;Masculin;9f6e7df2-8ff1-45b0-8782-6156d53703df;4cc1761f-3d71-4d58-8a3b-98701fafaa61;InstitutionId RSEQ;;;7;7;base;Soccer J M D4 Niveau 1
oui;haute;Secondaire;Soccer;Soccer;Masculin;Québec-Chaudière-Appalaches;Coll. des Compagnons 2;Collège des Compagnons;Québec;Benjamin;D4;Masculin;33a46e2e-0ce8-4896-b869-ae272fcf61e4;4cc1761f-3d71-4d58-8a3b-98701fafaa61;InstitutionId RSEQ;;;7;7;base;Soccer B M D4 Niveau 1
oui;haute;Secondaire;Soccer;Soccer;Masculin;Québec-Chaudière-Appalaches;Coll. Jésus-Marie de Sillery;Collège Jésus-Marie de Sillery;Québec;Juvénile;D3;Masculin;1801139a-3239-4743-9342-71cdc59c039e;1c629d33-eb80-4799-a20c-4b42ae772a4a;InstitutionId RSEQ;;;7;7;base;Soccer J M D3
oui;haute;Secondaire;Soccer;Soccer;Masculin;Québec-Chaudière-Appalaches;Coll. Mariste;Collège mariste de Québec;Québec;Benjamin;D4;Masculin;cd963eb4-10c8-4ba5-878e-d5a4563592c8;d3f457f4-3873-49dd-a92a-dcc6c6a27ab1;InstitutionId RSEQ;;;7;7;base;Soccer B M D4 Niveau 3
oui;haute;Secondaire;Soccer;Soccer;Masculin;Québec-Chaudière-Appalaches;Coll. Mariste;Collège mariste de Québec;Québec;Juvénile;D4;Masculin;3e9dc9c5-4f67-45f2-a12c-fb9c707a77af;d3f457f4-3873-49dd-a92a-dcc6c6a27ab1;InstitutionId RSEQ;;;6;6;base;Soccer J M D4 Niveau 1
oui;haute;Secondaire;Soccer;Soccer;Féminin;Québec-Chaudière-Appalaches;Coll. Mariste;Collège mariste de Québec;Québec;Juvénile;D4;Féminin;aecc0b52-d866-4c8a-861c-64d199252287;d3f457f4-3873-49dd-a92a-dcc6c6a27ab1;InstitutionId RSEQ;;;7;7;base;Soccer J F D4
oui;haute;Secondaire;Soccer;Soccer;Masculin;Québec-Chaudière-Appalaches;Coll. Mariste;Collège mariste de Québec;Québec;Benjamin;D4;Masculin;9a1ebfce-ffd0-470b-aad4-69a9297fa565;d3f457f4-3873-49dd-a92a-dcc6c6a27ab1;InstitutionId RSEQ;;;15;7;base+ligue absente;Soccer B M D4 Niveau 2 Blanc / Soccer B M D4 Niveau 2 Bleu
oui;haute;Secondaire;Soccer;Soccer;Masculin;Québec-Chaudière-Appalaches;Coll. Mariste;Collège mariste de Québec;Québec;Cadet;D3;Masculin;3fa640dc-9be8-4246-8aed-38756d597319;d3f457f4-3873-49dd-a92a-dcc6c6a27ab1;InstitutionId RSEQ;;;6;6;base;Soccer C M D3
oui;haute;Secondaire;Soccer;Soccer;Féminin;Québec-Chaudière-Appalaches;Coll. Mariste;Collège mariste de Québec;Québec;Benjamin;D4;Féminin;d4853d74-db86-40de-9149-9d653eaf6374;d3f457f4-3873-49dd-a92a-dcc6c6a27ab1;InstitutionId RSEQ;;;6;6;base;Soccer B F D4
oui;haute;Secondaire;Soccer;Soccer;Féminin;Québec-Chaudière-Appalaches;Coll. Mariste;Collège mariste de Québec;Québec;Cadet;D3;Féminin;f75bba8f-257f-4374-86f9-28dff101de8e;d3f457f4-3873-49dd-a92a-dcc6c6a27ab1;InstitutionId RSEQ;;;6;6;base;Soccer C F D3
oui;haute;Secondaire;Soccer;Soccer;Féminin;Québec-Chaudière-Appalaches;Coll. Mariste 2;Collège mariste de Québec;Québec;Cadet;D4;Féminin;11c3b514-330c-41d0-836f-dd1a316aa299;d3f457f4-3873-49dd-a92a-dcc6c6a27ab1;InstitutionId RSEQ;;;6;6;base;Soccer C F D4
oui;haute;Secondaire;Soccer;Soccer;Masculin;Québec-Chaudière-Appalaches;Du Phare;École du Phare;Québec;Juvénile;D3;Masculin;5a0bf7ca-c602-4c73-afaf-19f006f152b4;952f5c82-cb72-4510-b2d2-958f54194ec1;InstitutionId RSEQ;;;7;7;base;Soccer J M D3
oui;haute;Secondaire;Soccer;Soccer;Masculin;Québec-Chaudière-Appalaches;Du Plateau;École secondaire du Plateau;La Malbaie;Benjamin;D4;Masculin;11b9b557-0172-4cb3-a0db-f5684cad406b;436f6e8e-2618-43cd-90a6-dbce004b6940;InstitutionId RSEQ;;;7;7;base;Soccer B M D4 Niveau 3
oui;haute;Secondaire;Soccer;Soccer;Masculin;Québec-Chaudière-Appalaches;Du Plateau;École secondaire du Plateau;La Malbaie;Juvénile;D4;Masculin;34c90bdd-7b46-44c0-8ca8-63fd026af8c7;436f6e8e-2618-43cd-90a6-dbce004b6940;InstitutionId RSEQ;;;7;7;base;Soccer J M D4 Niveau 1
oui;haute;Secondaire;Soccer;Soccer;Masculin;Québec-Chaudière-Appalaches;ES.St-Charles (BEL);École secondaire de Saint-Charles;Saint-Charles-de-Bellechasse;Juvénile;D4;Masculin;1a95ada7-6470-4858-adb2-fc9b200d8e70;96003581-8844-4650-a66d-6b98a0fb4061;InstitutionId RSEQ;;;7;7;base;Soccer J M D4 Niveau 2
oui;haute;Secondaire;Soccer;Soccer;Féminin;Québec-Chaudière-Appalaches;La Seigneurie;École de la Seigneurie;Québec;Juvénile;D3;Féminin;77122855-f3a1-42f2-8c6a-16d3ba3efe0c;deeb91d4-d07f-4100-b8aa-6008da51004f;InstitutionId RSEQ;;;7;7;base;Soccer J F D3
oui;haute;Secondaire;Soccer;Soccer;Féminin;Québec-Chaudière-Appalaches;Louis-Jobin;École secondaire Louis-Jobin;Saint-Raymond;Juvénile;D4;Féminin;b865ff0e-424a-489f-9c3c-c809530a2e45;071398ea-2de1-4738-8cdf-439b35a8de06;InstitutionId RSEQ;;;6;6;base;Soccer J F D4
oui;haute;Secondaire;Soccer;Soccer;Féminin;Québec-Chaudière-Appalaches;Louis-Jobin;École secondaire Louis-Jobin;Saint-Raymond;Cadet;D4;Féminin;45b65e01-71d2-4e1d-a008-4900f883a814;071398ea-2de1-4738-8cdf-439b35a8de06;InstitutionId RSEQ;;;7;7;base;Soccer C F D4
oui;haute;Secondaire;Soccer;Soccer;Masculin;Québec-Chaudière-Appalaches;Louis-Jobin;École secondaire Louis-Jobin;Saint-Raymond;Benjamin;D4;Masculin;ccfbb4b9-7cda-414a-9e05-92d0dc593ffd;071398ea-2de1-4738-8cdf-439b35a8de06;InstitutionId RSEQ;;;12;6;base+ligue absente;Soccer B M D4 Niveau 2 Blanc / Soccer B M D4 Niveau 2 Bleu
oui;haute;Secondaire;Soccer;Soccer;Féminin;Québec-Chaudière-Appalaches;Marcelle-Mallet;École Marcelle-Mallet;Lévis;Cadet;D4;Féminin;846710c7-578d-4b29-bb6b-6268ab070c25;c17501b1-e41d-4472-8afb-61e53b312e01;InstitutionId RSEQ;;;7;7;base;Soccer C F D4
oui;haute;Secondaire;Soccer;Soccer;Masculin;Québec-Chaudière-Appalaches;Marcelle-Mallet;École Marcelle-Mallet;Lévis;Cadet;D4;Masculin;776fc1ed-0e3c-4c57-b37b-d2599f37a91f;c17501b1-e41d-4472-8afb-61e53b312e01;InstitutionId RSEQ;;;7;7;base;Soccer C M D4
oui;haute;Secondaire;Soccer;Soccer;Masculin;Québec-Chaudière-Appalaches;Mt St-Sacrement;École secondaire Mont-Saint-Sacrement;Saint-Gabriel-de-Valcartier;Juvénile;D4;Masculin;fd6b1808-b18f-4acd-9d2a-8967ac976909;7f9dde82-8bb4-4dca-a51c-52681bfd181f;InstitutionId RSEQ;;;6;6;base;Soccer J M D4 Niveau 2
oui;haute;Secondaire;Soccer;Soccer;Masculin;Québec-Chaudière-Appalaches;Mt St-Sacrement;École secondaire Mont-Saint-Sacrement;Saint-Gabriel-de-Valcartier;Benjamin;D4;Masculin;e08b2277-f799-47c9-a0f4-0facf74f3058;7f9dde82-8bb4-4dca-a51c-52681bfd181f;InstitutionId RSEQ;;;14;7;base+ligue absente;Soccer B M D4 Niveau 2 Blanc / Soccer B M D4 Niveau 2 Bleu
oui;haute;Secondaire;Soccer;Soccer;Féminin;Québec-Chaudière-Appalaches;Mt St-Sacrement;École secondaire Mont-Saint-Sacrement;Saint-Gabriel-de-Valcartier;Juvénile;D3;Féminin;6c28c568-a53c-47d4-8a7e-8511e4fafcf7;7f9dde82-8bb4-4dca-a51c-52681bfd181f;InstitutionId RSEQ;;;6;6;base;Soccer J F D3
oui;haute;Secondaire;Soccer;Soccer;Féminin;Québec-Chaudière-Appalaches;Mt St-Sacrement;École secondaire Mont-Saint-Sacrement;Saint-Gabriel-de-Valcartier;Benjamin;D4;Féminin;ae8a68c6-ac9c-44c0-8076-12ee0ee8911e;7f9dde82-8bb4-4dca-a51c-52681bfd181f;InstitutionId RSEQ;;;7;7;base;Soccer B F D4
oui;haute;Secondaire;Soccer;Soccer;Féminin;Québec-Chaudière-Appalaches;Mt Ste-Anne;École du Mont-Sainte-Anne;Beaupré;Juvénile;D4;Féminin;07bf301e-d7f8-4192-a130-b85bc8a7f046;b1963b97-f46a-4afc-86bd-ccca5f7175e1;InstitutionId RSEQ;;;6;6;base;Soccer J F D4
oui;haute;Secondaire;Soccer;Soccer;Masculin;Québec-Chaudière-Appalaches;Mt Ste-Anne;École du Mont-Sainte-Anne;Beaupré;Juvénile;D4;Masculin;eae16d61-b3f2-409c-b4a2-0f12b808a307;b1963b97-f46a-4afc-86bd-ccca5f7175e1;InstitutionId RSEQ;;;7;7;base;Soccer J M D4 Niveau 2
oui;haute;Secondaire;Soccer;Soccer;Masculin;Québec-Chaudière-Appalaches;Neufchâtel;École secondaire de Neufchâtel;Québec;Benjamin;D4;Masculin;ae429cde-a3cb-451a-a62e-21d6a887f058;3da801a3-a14e-4677-9e05-c4f321459983;InstitutionId RSEQ;;;7;7;base;Soccer B M D4 Niveau 1
oui;haute;Secondaire;Soccer;Soccer;Masculin;Québec-Chaudière-Appalaches;Neufchâtel;École secondaire de Neufchâtel;Québec;Juvénile;D4;Masculin;47899bff-8ad2-42df-a715-a71c1a453880;3da801a3-a14e-4677-9e05-c4f321459983;InstitutionId RSEQ;;;7;7;base;Soccer J M D4 Niveau 1
oui;haute;Secondaire;Soccer;Soccer;Féminin;Québec-Chaudière-Appalaches;Poly. Black-Lake;Polyvalente de Black Lake;Thetford Mines;Benjamin;D4;Féminin;2ae47b9d-0fe3-4f6b-94d0-62b4c932c1c1;5579c371-bb06-49d3-b5c5-84f161cf1773;InstitutionId RSEQ;;;6;6;base;Soccer B F D4
oui;haute;Secondaire;Soccer;Soccer;Féminin;Québec-Chaudière-Appalaches;Poly. Black-Lake;Polyvalente de Black Lake;Thetford Mines;Cadet;D4;Féminin;6b4c8820-9a1d-4cca-a1a3-de680c7d83b8;5579c371-bb06-49d3-b5c5-84f161cf1773;InstitutionId RSEQ;;;7;7;base;Soccer C F D4
oui;haute;Secondaire;Soccer;Soccer;Masculin;Québec-Chaudière-Appalaches;Poly. Black-Lake;Polyvalente de Black Lake;Thetford Mines;Cadet;D3;Masculin;9d707a2a-c33e-4954-a9a8-bd48c8560b53;5579c371-bb06-49d3-b5c5-84f161cf1773;InstitutionId RSEQ;;;7;7;base;Soccer C M D3
oui;haute;Secondaire;Soccer;Soccer;Féminin;Québec-Chaudière-Appalaches;Poly. Black-Lake;Polyvalente de Black Lake;Thetford Mines;Cadet;D3;Féminin;83d5dca1-928a-4157-9e95-1026cd7a053d;5579c371-bb06-49d3-b5c5-84f161cf1773;InstitutionId RSEQ;;;6;6;base;Soccer C F D3
oui;haute;Secondaire;Soccer;Soccer;Masculin;Québec-Chaudière-Appalaches;Poly. Black-Lake;Polyvalente de Black Lake;Thetford Mines;Benjamin;D4;Masculin;c4996c15-3038-41c9-8ee0-e895d315124e;5579c371-bb06-49d3-b5c5-84f161cf1773;InstitutionId RSEQ;;;12;6;base+ligue absente;Soccer B M D4 Niveau 2 Blanc / Soccer B M D4 Niveau 2 Bleu
oui;haute;Secondaire;Soccer;Soccer;Masculin;Québec-Chaudière-Appalaches;Quebec HS;École secondaire Québec High School;Québec;Benjamin;D4;Masculin;613b8264-e327-4296-98e2-0476fddd40cd;4ccd2925-00e4-4427-a421-7f9c222abcdc;InstitutionId RSEQ;;;12;6;base+ligue absente;Soccer B M D4 Niveau 2 Blanc / Soccer B M D4 Niveau 2 Bleu
oui;haute;Secondaire;Soccer;Soccer;Masculin;Québec-Chaudière-Appalaches;Quebec HS;École secondaire Québec High School;Québec;Juvénile;D4;Masculin;69af8d42-5b3d-4dd6-ae7b-c4b8742ebcdd;4ccd2925-00e4-4427-a421-7f9c222abcdc;InstitutionId RSEQ;;;6;6;base;Soccer J M D4 Niveau 1
oui;haute;Secondaire;Soccer;Soccer;Masculin;Québec-Chaudière-Appalaches;Quebec HS;École secondaire Québec High School;Québec;Benjamin;D4;Masculin;fdfbfd3e-0e24-4bd0-83b6-9f309d093493;4ccd2925-00e4-4427-a421-7f9c222abcdc;InstitutionId RSEQ;;;6;6;base;Soccer B M D4 Niveau 3
oui;haute;Secondaire;Soccer;Soccer;Féminin;Québec-Chaudière-Appalaches;Quebec HS;École secondaire Québec High School;Québec;Juvénile;D4;Féminin;b4a0ede7-ec81-458a-93a7-d8e0db1009ca;4ccd2925-00e4-4427-a421-7f9c222abcdc;InstitutionId RSEQ;;;7;7;base;Soccer J F D4
oui;haute;Secondaire;Soccer;Soccer;Masculin;Québec-Chaudière-Appalaches;Saint-Jean-Eudes;Saint-Jean-Eudes;Québec;Benjamin;D4;Masculin;93c36d0b-c886-43f6-934b-5cae49a5c81e;4f0e52ad-e9c7-4797-9b7b-92b25ed1307b;InstitutionId RSEQ;;;14;7;base+ligue absente;Soccer B M D4 Niveau 2 Blanc / Soccer B M D4 Niveau 2 Bleu
oui;haute;Secondaire;Soccer;Soccer;Masculin;Québec-Chaudière-Appalaches;Saint-Jean-Eudes;Saint-Jean-Eudes;Québec;Cadet;D4;Masculin;fc2c25df-7edb-475c-a1c6-77515a001d8a;4f0e52ad-e9c7-4797-9b7b-92b25ed1307b;InstitutionId RSEQ;;;7;7;base;Soccer C M D4
oui;haute;Secondaire;Soccer;Soccer;Féminin;Québec-Chaudière-Appalaches;Saint-Jean-Eudes;Saint-Jean-Eudes;Québec;Cadet;D3;Féminin;445596b1-4afc-499a-a69f-9dd3bd090ecf;4f0e52ad-e9c7-4797-9b7b-92b25ed1307b;InstitutionId RSEQ;;;6;6;base;Soccer C F D3
oui;haute;Secondaire;Soccer;Soccer;Masculin;Québec-Chaudière-Appalaches;Samuel-Champlain 2;École Samuel-De Champlain;Québec;Benjamin;D3;Masculin;b3095a63-c01f-4e21-91c2-47e19f1cc743;2b66bd02-9db6-4cc0-a777-e8a14a9d822c;InstitutionId RSEQ;;;6;6;base;Soccer B M D3
oui;haute;Secondaire;Soccer;Soccer;Masculin;Québec-Chaudière-Appalaches;Sém. Chicoutimi;Séminaire de Chicoutimi;Saguenay;Benjamin;D4;Masculin;f0e5835a-b85a-401d-a813-089f0b8c2a69;cd60be16-0a36-47ad-ae90-d3a4d065d66c;InstitutionId RSEQ;;;6;6;base;Soccer B M D4 Niveau 1
oui;haute;Secondaire;Soccer;Soccer;Masculin;Québec-Chaudière-Appalaches;Sém. St-François;Séminaire Saint-François;Saint-Augustin-de-Desmaures;Benjamin;D4;Masculin;f3063596-5cac-4762-a73a-d18152b55a85;aad2a33e-ece0-4db1-9c96-66a5918f6679;InstitutionId RSEQ;;;12;6;base+ligue absente;Soccer B M D4 Niveau 2 Blanc / Soccer B M D4 Niveau 2 Bleu
oui;haute;Secondaire;Soccer;Soccer;Masculin;Québec-Chaudière-Appalaches;St-Aubin;Centre éducatif Saint-Aubin;Baie-Saint-Paul;Juvénile;D4;Masculin;3e671bd3-77d4-499a-a861-3565e82e5bfc;670b385d-82a2-4be2-9d36-ecec92e61083;InstitutionId RSEQ;;;6;6;base;Soccer J M D4 Niveau 2
oui;haute;Secondaire;Soccer;Soccer;Féminin;Québec-Chaudière-Appalaches;St-Charles-Garnier;Collège Saint-Charles-Garnier;Québec;Juvénile;D4;Féminin;ac9c44ba-4555-43c5-b751-4986435203dd;cd5c8d95-db2c-468a-8b42-e827793515f5;InstitutionId RSEQ;;;7;7;base;Soccer J F D4
oui;haute;Secondaire;Soccer;Soccer;Masculin;Québec-Chaudière-Appalaches;St-Charles-Garnier;Collège Saint-Charles-Garnier;Québec;Cadet;D4;Masculin;aa9f6d02-3328-4dde-9a46-3d4b052c965b;cd5c8d95-db2c-468a-8b42-e827793515f5;InstitutionId RSEQ;;;6;6;base;Soccer C M D4
oui;haute;Secondaire;Soccer;Soccer;Masculin;Québec-Chaudière-Appalaches;St-Charles-Garnier;Collège Saint-Charles-Garnier;Québec;Benjamin;D4;Masculin;5a201e3a-db5b-411c-a1eb-099c3e984142;cd5c8d95-db2c-468a-8b42-e827793515f5;InstitutionId RSEQ;;;12;6;base+ligue absente;Soccer B M D4 Niveau 2 Blanc / Soccer B M D4 Niveau 2 Bleu
oui;haute;Secondaire;Soccer;Soccer;Masculin;Québec-Chaudière-Appalaches;St-Charles-Garnier;Collège Saint-Charles-Garnier;Québec;Benjamin;D4;Masculin;9b3f09e8-0374-49a4-9262-34268941486a;cd5c8d95-db2c-468a-8b42-e827793515f5;InstitutionId RSEQ;;;7;7;base;Soccer B M D4 Niveau 1
oui;haute;Secondaire;Soccer;Soccer;Masculin;Québec-Chaudière-Appalaches;St-Marc;École secondaire de Saint-Marc;Saint-Marc-des-Carrières;Benjamin;D4;Masculin;caeffa1d-856f-4cac-8338-523f1d4ac3b8;19b3fe49-d05e-4762-84c4-b8ba13061b43;InstitutionId RSEQ;;;15;7;base+ligue absente;Soccer B M D4 Niveau 2 Blanc / Soccer B M D4 Niveau 2 Bleu
oui;haute;Secondaire;Soccer;Soccer;Féminin;Québec-Chaudière-Appalaches;St-Patrick's HS;École secondaire Saint-Patrick;Québec;Cadet;D4;Féminin;365a0479-f02b-4be2-85b6-ebe51525fc4a;20cd57dc-0001-4313-9889-2b1e480bfefa;InstitutionId RSEQ;;;6;6;base;Soccer C F D4
oui;haute;Secondaire;Soccer;Soccer;Féminin;Québec-Chaudière-Appalaches;St-Patrick's HS;École secondaire Saint-Patrick;Québec;Juvénile;D4;Féminin;f5718a6a-9646-40e4-97cb-150d64c76b3d;20cd57dc-0001-4313-9889-2b1e480bfefa;InstitutionId RSEQ;;;6;6;base;Soccer J F D4
oui;haute;Secondaire;Ultimate;Ultimate frisbee;Mixte;Cantons-de-l'Est;Bishop's College School;Le Salesien;Sherbrooke;Juvénile;D4;Mixte;dcaf3e35-713e-4b00-abd5-b50bc371c336;5051a5f3-1529-40ea-8a9a-403f670e42a1;InstitutionId RSEQ;;;9;9;base;Ultimate J U D4 Automne 2026
oui;haute;Secondaire;Ultimate;Ultimate frisbee;Mixte;Cantons-de-l'Est;Bishop's College School;Bishop's College School;Sherbrooke;Juvénile;D4;Mixte;b24069cd-e8df-497c-bd63-f8c544421a87;18df8b81-eb33-454e-9de8-87636cd4896f;InstitutionId RSEQ;;;9;9;base;Ultimate J U D4 Automne 2026
oui;moyenne;Secondaire;Ultimate;Ultimate frisbee;Mixte;Cantons-de-l'Est;Bishop's College School;Bishop's College School;Sherbrooke;Juvénile;D4;Mixte;43f5bb6f-eacd-4eae-841d-cf66afe5b97f;18df8b81-eb33-454e-9de8-87636cd4896f;même nom RSEQ qu'une équipe 2025;;;9;9;base;Ultimate J U D4 Automne 2026
oui;haute;Secondaire;Ultimate;Ultimate frisbee;Mixte;Cantons-de-l'Est;É.S. Bromptonville;École secondaire de Bromptonville;Sherbrooke;Juvénile;D3;Mixte;d9af89c8-f758-4c72-840b-590b13770c6a;bb8fc4fc-0a43-4fc2-b606-bd3e6d389c44;InstitutionId RSEQ;;;8;8;base;Ultimate J U D3 Automne 2026
oui;haute;Secondaire;Ultimate;Ultimate frisbee;Mixte;Cantons-de-l'Est;É.S. du Triolet;École du Triolet;Sherbrooke;Juvénile;D3;Mixte;eb5300a0-a2ad-4fb6-8d8c-d23a3ac96d83;7d59545c-415c-48d1-8a1e-3e02554247f0;InstitutionId RSEQ;;;8;8;base;Ultimate J U D3 Automne 2026
après confirmation BP;à confirmer BP;Secondaire;Ultimate;Ultimate frisbee;Mixte;Cantons-de-l'Est;É.S. Montcalm 1;École Mitchell - Montcalm;Sherbrooke;Juvénile;D3;Mixte;5e8cbc7d-b07c-438a-a2c5-87510b9778ee;5c7076bb-1b2c-4376-90ed-f1a323a5e6f4;piste par le nom (InstitutionId RSEQ ac25565c-43cd-4d87-94ea-94cb5bddbf4c inconnu chez nous);;;8;8;base;Ultimate J U D3 Automne 2026
après confirmation BP;à confirmer BP;Secondaire;Ultimate;Ultimate frisbee;Mixte;Cantons-de-l'Est;É.S. Montcalm 2;École Mitchell - Montcalm;Sherbrooke;Juvénile;D3;Mixte;252bb868-959c-40b9-8565-32751758fc17;5c7076bb-1b2c-4376-90ed-f1a323a5e6f4;piste par le nom (InstitutionId RSEQ ac25565c-43cd-4d87-94ea-94cb5bddbf4c inconnu chez nous);;;8;8;base;Ultimate J U D3 Automne 2026
après confirmation BP;à confirmer BP;Secondaire;Ultimate;Ultimate frisbee;Mixte;Cantons-de-l'Est;É.S. Montcalm 3;École Mitchell - Montcalm;Sherbrooke;Juvénile;D3;Mixte;e121b6d6-faca-47bb-ad9f-47312e25850b;5c7076bb-1b2c-4376-90ed-f1a323a5e6f4;piste par le nom (InstitutionId RSEQ ac25565c-43cd-4d87-94ea-94cb5bddbf4c inconnu chez nous);;;8;8;base;Ultimate J U D3 Automne 2026
oui;haute;Secondaire;Ultimate;Ultimate frisbee;Mixte;Cantons-de-l'Est;Salésien;Le Salesien;Sherbrooke;Juvénile;D3;Mixte;4c31c836-460c-4d95-978e-7cab43ae34fa;5051a5f3-1529-40ea-8a9a-403f670e42a1;InstitutionId RSEQ;;;8;8;base;Ultimate J U D3 Automne 2026
oui;haute;Secondaire;Ultimate;Ultimate frisbee;Mixte;Cantons-de-l'Est;Stanstead College;Collège Stanstead;Stanstead;Juvénile;D4;Mixte;944c79f8-27bc-4c1a-be1b-d167554f88f8;3b518908-dab6-4bf4-a0b5-4c05d62b86c3;InstitutionId RSEQ;;;9;9;base;Ultimate J U D4 Automne 2026
oui;haute;Secondaire;Volleyball;Volleyball;Féminin;GMAA;Beaconsfield HS;École secondaire Beaconsfield;Beaconsfield;Cadet;D4;Filles;b7cd0648-0774-4c9b-bcf3-0d1d3875d3f2;d35768e1-b37d-4488-9f7b-171753bdf6fb;InstitutionId RSEQ;;;12;12;base;Volleyball C Filles D4 Niveau 1 A
oui;haute;Secondaire;Volleyball;Volleyball;Féminin;GMAA;Beaconsfield HS;École secondaire Beaconsfield;Beaconsfield;Juvénile;D4;Filles;81be662b-613b-4376-9175-b59736ae7f66;d35768e1-b37d-4488-9f7b-171753bdf6fb;InstitutionId RSEQ;;;12;12;base;Volleyball J Filles D4 Niveau 1 A
oui;haute;Secondaire;Volleyball;Volleyball;Féminin;GMAA;Beaconsfield HS;École secondaire Beaconsfield;Beaconsfield;Benjamin;D4;Filles;e9830595-12dd-4e34-88b9-6bdd828bb7ab;d35768e1-b37d-4488-9f7b-171753bdf6fb;InstitutionId RSEQ;;;12;12;base;Volleyball B Filles D4 Niveau 2 A
oui;haute;Secondaire;Volleyball;Volleyball;Masculin;GMAA;Beaconsfield HS;École secondaire Beaconsfield;Beaconsfield;Benjamin;D3;Garçons;b517222b-9a7f-4c24-98aa-bbc5f6b09cde;d35768e1-b37d-4488-9f7b-171753bdf6fb;InstitutionId RSEQ;;;12;12;base;Volleyball B Garçons D3 A
oui;haute;Secondaire;Volleyball;Volleyball;Masculin;GMAA;Beaconsfield HS;École secondaire Beaconsfield;Beaconsfield;Juvénile;D4;Garçons;5d46b242-7c5e-4011-bfc8-ceeda97c4355;d35768e1-b37d-4488-9f7b-171753bdf6fb;InstitutionId RSEQ;;;12;12;base;Volleyball J Garçons D4 A
oui;haute;Secondaire;Volleyball;Volleyball;Masculin;GMAA;Beaconsfield HS;École secondaire Beaconsfield;Beaconsfield;Cadet;D4;Garçons;45ea6832-bbfd-4b4c-b7a7-ebd8c88fb17b;d35768e1-b37d-4488-9f7b-171753bdf6fb;InstitutionId RSEQ;;;12;12;base;Volleyball C Garçons D4
oui;haute;Secondaire;Volleyball;Volleyball;Féminin;GMAA;Beurling Academy;École secondaire Beurling Academy;Montréal;Cadet;D4;Filles;04a1e4b8-4db4-4dca-94f8-b4ddfc379ff3;de3985cf-81fa-44f2-8a08-35983dbe4eee;InstitutionId RSEQ;;;12;12;base;Volleyball C Filles D4 Niveau 2 A
oui;haute;Secondaire;Volleyball;Volleyball;Féminin;GMAA;Bialik;Bialik High School;Côte-Saint-Luc;Juvénile;D4;Filles;83ce89ec-5ffb-4456-a7b3-09508abc5c02;e738f48d-11aa-4527-ad76-fe38b3d0bd1a;InstitutionId RSEQ;;;12;12;base;Volleyball J Filles D4 Niveau 2 A
oui;haute;Secondaire;Volleyball;Volleyball;Féminin;GMAA;Bialik;Bialik High School;Côte-Saint-Luc;Cadet;D4;Filles;d59d7149-8f1b-4591-8d8f-1fe58cba38f7;e738f48d-11aa-4527-ad76-fe38b3d0bd1a;InstitutionId RSEQ;;;12;12;base;Volleyball C Filles D4 Niveau 2 B
oui;haute;Secondaire;Volleyball;Volleyball;Féminin;GMAA;Bialik;Bialik High School;Côte-Saint-Luc;Benjamin;D4;Filles;e7edd8bd-4fd7-42cb-a14c-a365c8a38583;e738f48d-11aa-4527-ad76-fe38b3d0bd1a;InstitutionId RSEQ;;;12;12;base;Volleyball B Filles D4 Niveau 2 C
oui;haute;Secondaire;Volleyball;Volleyball;Féminin;GMAA;Billings;École secondaire régionale Howard S. Billings;Châteauguay;Juvénile;D4;Filles;25ec7db2-0a99-407f-b8f0-c158e841b8fa;e4613552-b565-4d75-ab0f-1655ab932cc5;InstitutionId RSEQ;;;12;12;base;Volleyball J Filles D4 Niveau 2 B
oui;haute;Secondaire;Volleyball;Volleyball;Féminin;GMAA;Billings;École secondaire régionale Howard S. Billings;Châteauguay;Cadet;D4;Filles;10f49d86-0a32-4c45-a608-0966c31fd0ba;e4613552-b565-4d75-ab0f-1655ab932cc5;InstitutionId RSEQ;;;12;12;base;Volleyball C Filles D4 Niveau 1 B
oui;haute;Secondaire;Volleyball;Volleyball;Féminin;GMAA;Billings;École secondaire régionale Howard S. Billings;Châteauguay;Benjamin;D4;Filles;4ef35613-65fb-4dcc-a82b-7cd037f7dbc8;e4613552-b565-4d75-ab0f-1655ab932cc5;InstitutionId RSEQ;;;12;12;base;Volleyball B Filles D4 Niveau 2 C
oui;haute;Secondaire;Volleyball;Volleyball;Féminin;GMAA;Billings;École secondaire régionale Howard S. Billings;Châteauguay;Benjamin;D4;Filles;d3fe3961-1600-4b56-95fe-fd493b706192;e4613552-b565-4d75-ab0f-1655ab932cc5;InstitutionId RSEQ;;;10;10;base;Volleyball B Filles D4 Niveau 1 B
après confirmation BP;à confirmer BP;Secondaire;Volleyball;Volleyball;Féminin;GMAA;Centennial Academy;Centennial Academy;Montréal;Cadet;D4;Filles;457a3370-a455-43db-9e28-2f25ded127f3;7b0a3cd9-bd98-40a5-805f-1ddfcf69fbff;piste par le nom (InstitutionId RSEQ 53bd62d2-8605-4703-baba-8a2d4eafbb3b inconnu chez nous);;;12;12;base;Volleyball C Filles D4 Niveau 2 A
oui;haute;Secondaire;Volleyball;Volleyball;Masculin;GMAA;Collège Notre-Dame;Collège Notre-Dame;Montréal;Juvénile;D3;Garçons;18c6c9da-e9bc-4149-8b4b-6dedd4795cad;f7a54b0e-698f-4bc2-9bba-5ee28c91ede6;InstitutionId RSEQ;;;12;12;base;Volleyball J Garçons D3 A
oui;haute;Secondaire;Volleyball;Volleyball;Masculin;GMAA;Collège Notre-Dame;Collège Notre-Dame;Montréal;Benjamin;D3;Garçons;aef48d64-54f2-4254-9565-700494747d32;f7a54b0e-698f-4bc2-9bba-5ee28c91ede6;InstitutionId RSEQ;;;12;12;base;Volleyball B Garçons D3 A
oui;haute;Secondaire;Volleyball;Volleyball;Féminin;GMAA;Collège Notre-Dame;Collège Notre-Dame;Montréal;Cadet;D3;Filles;648b9624-dde1-4f66-8b3e-fae34f8260ab;f7a54b0e-698f-4bc2-9bba-5ee28c91ede6;InstitutionId RSEQ;;;12;12;base;Volleyball C Filles D3 C
oui;haute;Secondaire;Volleyball;Volleyball;Féminin;GMAA;Collège Notre-Dame;Collège Notre-Dame;Montréal;Juvénile;D3;Filles;20f9fca9-6f12-45b4-a1fa-d6101797bd69;f7a54b0e-698f-4bc2-9bba-5ee28c91ede6;InstitutionId RSEQ;;;12;12;base;Volleyball J Filles D3 B
oui;haute;Secondaire;Volleyball;Volleyball;Féminin;GMAA;Collège Sainte-Anne;Collège Sainte-Anne;Montréal;Cadet;D3;Filles;4ad05d2f-69a9-4089-8d2d-ce220467a6e4;3d98b714-fbdf-45ad-bb8f-ec24e3a824fd;InstitutionId RSEQ;;;12;12;base;Volleyball C Filles D3 B
oui;haute;Secondaire;Volleyball;Volleyball;Féminin;GMAA;Collège Sainte-Anne;Collège Sainte-Anne;Montréal;Juvénile;D3;Filles;8f55de42-bb66-44c2-aa12-5494aca7c219;3d98b714-fbdf-45ad-bb8f-ec24e3a824fd;InstitutionId RSEQ;;;12;12;base;Volleyball J Filles D3 A
oui;haute;Secondaire;Volleyball;Volleyball;Féminin;GMAA;Collège Sainte-Anne;Collège Sainte-Anne;Montréal;Benjamin;D3;Filles;065fbdbe-777f-40d1-ba12-fecd0ab08873;3d98b714-fbdf-45ad-bb8f-ec24e3a824fd;InstitutionId RSEQ;;;12;12;base;Volleyball B Filles D3 A
oui;haute;Secondaire;Volleyball;Volleyball;Féminin;GMAA;Des Sources;École des Sources;Dollard-des-Ormeaux;Benjamin;D4;Filles;46e52880-c04b-4f03-b433-bfa8bc91ce9b;b7ec8d16-b75e-42c7-b6b4-1915a28e227c;InstitutionId RSEQ;;;12;12;base;Volleyball B Filles D4 Niveau 2 B
oui;haute;Secondaire;Volleyball;Volleyball;Féminin;GMAA;Des Sources;École des Sources;Dollard-des-Ormeaux;Juvénile;D4;Filles;17ede56b-3902-434d-a30c-9ff4bca6a9c9;b7ec8d16-b75e-42c7-b6b4-1915a28e227c;InstitutionId RSEQ;;;12;12;base;Volleyball J Filles D4 Niveau 2 A
oui;haute;Secondaire;Volleyball;Volleyball;Féminin;GMAA;Des Sources;École des Sources;Dollard-des-Ormeaux;Cadet;D4;Filles;449ba8f8-e34e-4892-9e93-e24b59f4eb36;b7ec8d16-b75e-42c7-b6b4-1915a28e227c;InstitutionId RSEQ;;;12;12;base;Volleyball C Filles D4 Niveau 2 A
oui;haute;Secondaire;Volleyball;Volleyball;Féminin;GMAA;Edgar Cramp;Académie Internationale Marymount;Montréal;Juvénile;D4;Filles;db052931-f8a3-4812-9d17-b61aefe85462;d5a41baa-fb63-4477-8f9c-7657856168b5;InstitutionId RSEQ;;;11;11;base;Volleyball J Filles D4 Niveau 1 B
oui;haute;Secondaire;Volleyball;Volleyball;Féminin;GMAA;Edgar Cramp;École Miss Edgar et Miss Cramp;Westmount;Cadet;D4;Filles;bf21db1c-fa66-42b1-836a-2c75c3f2b963;de7f87c3-2831-4123-8efe-f908e926864e;InstitutionId RSEQ;;;12;12;base;Volleyball C Filles D4 Niveau 2 B
oui;haute;Secondaire;Volleyball;Volleyball;Féminin;GMAA;Edgar Cramp;École Miss Edgar et Miss Cramp;Westmount;Benjamin;D4;Filles;62b6723e-bee4-43bf-ab0b-2593cf810b8b;de7f87c3-2831-4123-8efe-f908e926864e;InstitutionId RSEQ;;;10;10;base;Volleyball B Filles D4 Niveau 1 B
oui;haute;Secondaire;Volleyball;Volleyball;Féminin;GMAA;Edgar Cramp;École Miss Edgar et Miss Cramp;Westmount;Benjamin;D4;Filles;8c8ccc2d-19b7-4ac6-bc51-0c18f532d4be;de7f87c3-2831-4123-8efe-f908e926864e;InstitutionId RSEQ;;;12;12;base;Volleyball B Filles D4 Niveau 2 E
oui;haute;Secondaire;Volleyball;Volleyball;Féminin;GMAA;Edgar Cramp;École Miss Edgar et Miss Cramp;Westmount;Cadet;D3;Filles;5926685a-57e0-4387-8e61-038d04dcc04f;de7f87c3-2831-4123-8efe-f908e926864e;InstitutionId RSEQ;;;12;12;base;Volleyball C Filles D3 C
oui;haute;Secondaire;Volleyball;Volleyball;Féminin;GMAA;Edgar Cramp;École Miss Edgar et Miss Cramp;Westmount;Juvénile;D4;Filles;a6caa1fe-67a3-4fd7-bc53-12483a76d1c5;de7f87c3-2831-4123-8efe-f908e926864e;InstitutionId RSEQ;;;9;9;base;Volleyball J Filles D4 Niveau 1 B
oui;haute;Secondaire;Volleyball;Volleyball;Féminin;GMAA;EMCS;"École chrétienne Emmanuel, section anglaise (Secondaire)";Dollard-des-Ormeaux;Benjamin;D4;Filles;a53f589e-d3b9-4e49-9928-29929c6c5afa;d0fe3933-cfda-4ea2-9216-b1ee909632ff;InstitutionId RSEQ;;;12;12;base;Volleyball B Filles D4 Niveau 2 A
oui;haute;Secondaire;Volleyball;Volleyball;Féminin;GMAA;EMCS;"École chrétienne Emmanuel, section anglaise (Secondaire)";Dollard-des-Ormeaux;Cadet;D4;Filles;2cf8e2d1-e386-445c-9a75-a9231b316b69;d0fe3933-cfda-4ea2-9216-b1ee909632ff;InstitutionId RSEQ;;;12;12;base;Volleyball C Filles D4 Niveau 2 A
oui;haute;Secondaire;Volleyball;Volleyball;Féminin;GMAA;FACE;École FACE;Montréal;Juvénile;D4;Filles;ace07963-4aec-4431-9643-9bc7e192c7f6;4ed911f3-8a10-4cdc-adf3-5747da513f95;InstitutionId RSEQ;;;10;10;base;Volleyball J Filles D4 Niveau 1 B
oui;haute;Secondaire;Volleyball;Volleyball;Féminin;GMAA;FACE;École FACE;Montréal;Cadet;D4;Filles;dac01ed3-87c0-4003-8d1f-c9ddda49415e;4ed911f3-8a10-4cdc-adf3-5747da513f95;InstitutionId RSEQ;;;12;12;base;Volleyball C Filles D4 Niveau 2 B
oui;haute;Secondaire;Volleyball;Volleyball;Féminin;GMAA;FACE;École FACE;Montréal;Benjamin;D4;Filles;fbd04973-d885-4e50-afe2-7d8a9487df17;4ed911f3-8a10-4cdc-adf3-5747da513f95;InstitutionId RSEQ;;;12;12;base;Volleyball B Filles D4 Niveau 2 E
oui;haute;Secondaire;Volleyball;Volleyball;Féminin;GMAA;FACE 2;École FACE;Montréal;Benjamin;D4;Filles;364bf107-1438-42ef-b955-07633d1ad222;4ed911f3-8a10-4cdc-adf3-5747da513f95;InstitutionId RSEQ;;;12;12;base;Volleyball B Filles D4 Niveau 2 F
oui;haute;Secondaire;Volleyball;Volleyball;Féminin;GMAA;FACE 2;École FACE;Montréal;Cadet;D4;Filles;4eb474f8-6378-433d-8e78-bcbcf4de123d;4ed911f3-8a10-4cdc-adf3-5747da513f95;InstitutionId RSEQ;;;12;12;base;Volleyball C Filles D4 Niveau 2 D
oui;haute;Secondaire;Volleyball;Volleyball;Féminin;GMAA;HA;Académie hébraïque inc.;Côte-Saint-Luc;Benjamin;D4;Filles;ca0a0ff6-c78f-49db-8c26-03ec2f8aaa91;2a5c01e4-78b4-4c59-9e72-ccf2a27aa4d5;InstitutionId RSEQ;;;12;12;base;Volleyball B Filles D4 Niveau 2 C
oui;haute;Secondaire;Volleyball;Volleyball;Féminin;GMAA;HA;Académie hébraïque inc.;Côte-Saint-Luc;Juvénile;D4;Filles;c2a5c0ca-ea9a-45fa-988a-c5476eac276e;2a5c01e4-78b4-4c59-9e72-ccf2a27aa4d5;InstitutionId RSEQ;;;12;12;base;Volleyball J Filles D4 Niveau 2 A
oui;haute;Secondaire;Volleyball;Volleyball;Féminin;GMAA;HZHS;École Secondaire Herzliah - Talmud Torahs Unis de Montréal inc;Mont-Royal;Cadet;D4;Filles;d0ef08a9-6481-420b-85ac-0bc79a38373a;5994fb8e-825f-4927-89cf-72625c0daac6;InstitutionId RSEQ;;;12;12;base;Volleyball C Filles D4 Niveau 2 D
oui;haute;Secondaire;Volleyball;Volleyball;Féminin;GMAA;HZHS;École Secondaire Herzliah - Talmud Torahs Unis de Montréal inc;Mont-Royal;Benjamin;D4;Filles;94f015b8-076b-4a16-ab09-984c0b845076;5994fb8e-825f-4927-89cf-72625c0daac6;InstitutionId RSEQ;;;12;12;base;Volleyball B Filles D4 Niveau 2 D
oui;haute;Secondaire;Volleyball;Volleyball;Féminin;GMAA;HZHS;École Secondaire Herzliah - Talmud Torahs Unis de Montréal inc;Mont-Royal;Juvénile;D4;Filles;b497cedb-872c-4193-bdaa-17559c467f7a;5994fb8e-825f-4927-89cf-72625c0daac6;InstitutionId RSEQ;;;12;12;base;Volleyball J Filles D4 Niveau 2 B
oui;haute;Secondaire;Volleyball;Volleyball;Féminin;GMAA;John-Rennie;École secondaire John-Rennie;Pointe-Claire;Juvénile;D4;Filles;c323d1f9-8b21-44c4-b838-0e6a05391bcb;f13cf9cd-59c6-45aa-9388-f3622398f870;InstitutionId RSEQ;;;12;12;base;Volleyball J Filles D4 Niveau 1 A
oui;haute;Secondaire;Volleyball;Volleyball;Féminin;GMAA;John-Rennie;École secondaire John-Rennie;Pointe-Claire;Benjamin;D4;Filles;b382d147-09bd-4202-9023-ce1079adce3a;f13cf9cd-59c6-45aa-9388-f3622398f870;InstitutionId RSEQ;;;10;10;base;Volleyball B Filles D4 Niveau 1 A
oui;haute;Secondaire;Volleyball;Volleyball;Féminin;GMAA;Kahnawake Survival;Kahnawake Survival School;Châteauguay;Cadet;D4;Filles;e07e32bb-ba0b-47a5-aeba-baba220c8f76;7c2689d3-440f-4951-adaa-d8536e2a8e5c;InstitutionId RSEQ;;;10;10;base;Volleyball C Filles D4 Niveau 2 C
oui;haute;Secondaire;Volleyball;Volleyball;Féminin;GMAA;Kahnawake Survival;Kahnawake Survival School;Châteauguay;Benjamin;D4;Filles;8f3b78c2-5b20-471a-83da-22e19ea51f69;7c2689d3-440f-4951-adaa-d8536e2a8e5c;InstitutionId RSEQ;;;12;12;base;Volleyball B Filles D4 Niveau 2 C
oui;haute;Secondaire;Volleyball;Volleyball;Masculin;GMAA;KELLS;Académie Kells;Montréal;Juvénile;D4;Garçons;cb020a79-ff8e-4aed-a007-e5001cdea10b;14d6f138-e08c-449f-9278-1b242b47a4e7;InstitutionId RSEQ;;;10;10;base;Volleyball J Garçons D4 B
oui;haute;Secondaire;Volleyball;Volleyball;Masculin;GMAA;LA;École secondaire Lakeside Academy;Montréal;Benjamin;D3;Garçons;7f4b2735-c38f-42aa-83cc-b185003ccb8d;4ea8e12b-4b05-4cde-b008-49c36706a54b;InstitutionId RSEQ;;;12;12;base;Volleyball B Garçons D3 A
oui;haute;Secondaire;Volleyball;Volleyball;Féminin;GMAA;LA;École secondaire Lakeside Academy;Montréal;Cadet;D4;Filles;667e7cfb-224a-4584-a8b3-f81e7b7bccb0;4ea8e12b-4b05-4cde-b008-49c36706a54b;InstitutionId RSEQ;;;12;12;base;Volleyball C Filles D4 Niveau 2 A
oui;haute;Secondaire;Volleyball;Volleyball;Féminin;GMAA;LA;École secondaire Lakeside Academy;Montréal;Benjamin;D4;Filles;5f212c77-81f4-4480-ad54-084adad41ac8;4ea8e12b-4b05-4cde-b008-49c36706a54b;InstitutionId RSEQ;;;12;12;base;Volleyball B Filles D4 Niveau 2 B
oui;haute;Secondaire;Volleyball;Volleyball;Masculin;GMAA;LA;École secondaire Lakeside Academy;Montréal;Cadet;D3;Garçons;cd3639b5-6b0e-4406-86b8-829607f5d28d;4ea8e12b-4b05-4cde-b008-49c36706a54b;InstitutionId RSEQ;;;12;12;base;Volleyball C Garçons D3 A
oui;haute;Secondaire;Volleyball;Volleyball;Masculin;GMAA;LA;École secondaire Lakeside Academy;Montréal;Juvénile;D4;Garçons;f3837f01-1d1f-42e5-820a-0a2d12c2ab97;4ea8e12b-4b05-4cde-b008-49c36706a54b;InstitutionId RSEQ;;;12;12;base;Volleyball J Garçons D4 A
oui;haute;Secondaire;Volleyball;Volleyball;Masculin;GMAA;LaSalle CCHS;Nouvelle école secondaire LaSalle;Montréal;Cadet;D3;Garçons;2609e463-4c41-4171-aec4-b0ddd9aa1d21;be771fe1-2f25-41ea-8e4e-6d51f2656963;InstitutionId RSEQ;;;12;12;base;Volleyball C Garçons D3 A
oui;haute;Secondaire;Volleyball;Volleyball;Féminin;GMAA;LaSalle CCHS;Nouvelle école secondaire LaSalle;Montréal;Juvénile;D4;Filles;69bcd367-36c9-44ed-b7ff-ee78a4ec50f6;be771fe1-2f25-41ea-8e4e-6d51f2656963;InstitutionId RSEQ;;;10;10;base;Volleyball J Filles D4 Niveau 1 B
oui;haute;Secondaire;Volleyball;Volleyball;Féminin;GMAA;LaSalle CCHS;Nouvelle école secondaire LaSalle;Montréal;Cadet;D3;Filles;4c829706-5cf5-40af-a26f-b1d7d3f5cf3f;be771fe1-2f25-41ea-8e4e-6d51f2656963;InstitutionId RSEQ;;;12;12;base;Volleyball C Filles D3 B
oui;haute;Secondaire;Volleyball;Volleyball;Féminin;GMAA;LaSalle CCHS;Nouvelle école secondaire LaSalle;Montréal;Benjamin;D4;Filles;574e48d1-49ed-4d77-afa1-2fd078280c7d;be771fe1-2f25-41ea-8e4e-6d51f2656963;InstitutionId RSEQ;;;12;12;base;Volleyball B Filles D4 Niveau 2 B
oui;haute;Secondaire;Volleyball;Volleyball;Masculin;GMAA;LaSalle CCHS;Nouvelle école secondaire LaSalle;Montréal;Juvénile;D3;Garçons;1cef1ca5-7e0a-4282-9ac8-7380b8f008f7;be771fe1-2f25-41ea-8e4e-6d51f2656963;InstitutionId RSEQ;;;12;12;base;Volleyball J Garçons D3 A
oui;haute;Secondaire;Volleyball;Volleyball;Féminin;GMAA;LaSalle CCHS;Nouvelle école secondaire LaSalle;Montréal;Benjamin;D4;Filles;4e03abcc-ac7d-4a11-9529-fa2f291ad49f;be771fe1-2f25-41ea-8e4e-6d51f2656963;InstitutionId RSEQ;;;10;10;base;Volleyball B Filles D4 Niveau 1 B
oui;haute;Secondaire;Volleyball;Volleyball;Féminin;GMAA;LAURN;Académie LaurenHill;Montréal;Cadet;D4;Filles;d92d3e56-3ad8-4c99-91d6-ff12dc6d9ef4;8d31a73c-ab71-4d5c-9aaa-816ca0746659;InstitutionId RSEQ;;;12;12;base;Volleyball C Filles D4 Niveau 1 B
oui;haute;Secondaire;Volleyball;Volleyball;Masculin;GMAA;LAURN;Académie LaurenHill;Montréal;Juvénile;D4;Garçons;50aff4b3-6e03-4291-8c57-b00a8b7f7eae;8d31a73c-ab71-4d5c-9aaa-816ca0746659;InstitutionId RSEQ;;;10;10;base;Volleyball J Garçons D4 B
oui;haute;Secondaire;Volleyball;Volleyball;Féminin;GMAA;LAURN;Académie LaurenHill;Montréal;Benjamin;D4;Filles;f4ddb916-845e-47b8-a354-540a237e9ade;8d31a73c-ab71-4d5c-9aaa-816ca0746659;InstitutionId RSEQ;;;10;10;base;Volleyball B Filles D4 Niveau 1 B
oui;haute;Secondaire;Volleyball;Volleyball;Féminin;GMAA;LAURN;Académie LaurenHill;Montréal;Juvénile;D4;Filles;c778d856-455a-4427-88e9-279354bf7dcd;8d31a73c-ab71-4d5c-9aaa-816ca0746659;InstitutionId RSEQ;;;12;12;base;Volleyball J Filles D4 Niveau 2 C
oui;haute;Secondaire;Volleyball;Volleyball;Masculin;GMAA;LAURN;Académie LaurenHill;Montréal;Cadet;D4;Garçons;5ddb1613-5241-4043-8688-4170f6ab6f7c;8d31a73c-ab71-4d5c-9aaa-816ca0746659;InstitutionId RSEQ;;;12;12;base;Volleyball C Garçons D4
oui;haute;Secondaire;Volleyball;Volleyball;Féminin;GMAA;LBPHS;École secondaire Lester B. Pearson;Montréal;Benjamin;D4;Filles;f87f3902-7b0d-4038-a081-d425f3bae0cf;3f8b9d99-da9e-4f63-9481-af0dc808bd13;InstitutionId RSEQ;;;12;12;base;Volleyball B Filles D4 Niveau 2 F
oui;haute;Secondaire;Volleyball;Volleyball;Féminin;GMAA;LBPHS;École secondaire Lester B. Pearson;Montréal;Juvénile;D4;Filles;2167a58d-316d-4c8b-81f9-2e6105c122fa;3f8b9d99-da9e-4f63-9481-af0dc808bd13;InstitutionId RSEQ;;;12;12;base;Volleyball J Filles D4 Niveau 2 C
oui;haute;Secondaire;Volleyball;Volleyball;Féminin;GMAA;LBPHS;École secondaire Lester B. Pearson;Montréal;Cadet;D4;Filles;f945ecf1-a325-4c53-9681-3cf3181db428;3f8b9d99-da9e-4f63-9481-af0dc808bd13;InstitutionId RSEQ;;;12;12;base;Volleyball C Filles D4 Niveau 2 D
oui;haute;Secondaire;Volleyball;Volleyball;Féminin;GMAA;LCC;Lower Canada College;Montréal;Cadet;D3;Filles;cb7297e4-0c3a-43c0-b7a3-07badd329f64;6213dfb4-19f6-4c9f-a43d-63c0b5d89e59;InstitutionId RSEQ;;;12;12;base;Volleyball C Filles D3 C
oui;haute;Secondaire;Volleyball;Volleyball;Féminin;GMAA;LCC;Lower Canada College;Montréal;Benjamin;D4;Filles;62296fd4-6197-4ed7-86f9-c2fe22f51ccd;6213dfb4-19f6-4c9f-a43d-63c0b5d89e59;InstitutionId RSEQ;;;12;12;base;Volleyball B Filles D4 Niveau 2 B
oui;haute;Secondaire;Volleyball;Volleyball;Féminin;GMAA;LCC;Lower Canada College;Montréal;Cadet;D4;Filles;bafc80e3-687a-4b1c-889d-e70813f26e62;6213dfb4-19f6-4c9f-a43d-63c0b5d89e59;InstitutionId RSEQ;;;12;12;base;Volleyball C Filles D4 Niveau 2 B
oui;haute;Secondaire;Volleyball;Volleyball;Féminin;GMAA;LCC;Lower Canada College;Montréal;Juvénile;D3;Filles;181d52ee-2f8d-4625-9c6e-e519f44d344b;6213dfb4-19f6-4c9f-a43d-63c0b5d89e59;InstitutionId RSEQ;;;12;12;base;Volleyball J Filles D3 B
oui;haute;Secondaire;Volleyball;Volleyball;Féminin;GMAA;LCC;Lower Canada College;Montréal;Benjamin;D4;Filles;e8b35df9-e594-42ec-9fea-40e2c47b9e5b;6213dfb4-19f6-4c9f-a43d-63c0b5d89e59;InstitutionId RSEQ;;;10;10;base;Volleyball B Filles D4 Niveau 1 B
oui;haute;Secondaire;Volleyball;Volleyball;Féminin;GMAA;LMAC;École secondaire Laurier Macdonald;Montréal;Cadet;D4;Filles;fdd36d00-2f1a-4db9-b89d-eb2a7d010be1;3309a357-72fc-4da3-9689-0b6882d8f98a;InstitutionId RSEQ;;;12;12;base;Volleyball C Filles D4 Niveau 2 D
oui;haute;Secondaire;Volleyball;Volleyball;Masculin;GMAA;LMAC;École secondaire Laurier Macdonald;Montréal;Juvénile;D4;Garçons;5135f3fd-d022-4aab-ac75-5e47a763668d;3309a357-72fc-4da3-9689-0b6882d8f98a;InstitutionId RSEQ;;;10;10;base;Volleyball J Garçons D4 B
oui;haute;Secondaire;Volleyball;Volleyball;Féminin;GMAA;LMAC;École secondaire Laurier Macdonald;Montréal;Juvénile;D4;Filles;ab4ad9b3-b88c-4855-b765-973c1b6727f6;3309a357-72fc-4da3-9689-0b6882d8f98a;InstitutionId RSEQ;;;12;12;base;Volleyball J Filles D4 Niveau 2 C
oui;haute;Secondaire;Volleyball;Volleyball;Masculin;GMAA;LMAC;École secondaire Laurier Macdonald;Montréal;Cadet;D4;Garçons;2009412e-91b5-40bc-b8c2-ad875fec04f9;3309a357-72fc-4da3-9689-0b6882d8f98a;InstitutionId RSEQ;;;12;12;base;Volleyball C Garçons D4
oui;haute;Secondaire;Volleyball;Volleyball;Féminin;GMAA;LMAC;École secondaire Laurier Macdonald;Montréal;Benjamin;D4;Filles;24ca575f-852d-431e-91f0-b91263ae57fe;3309a357-72fc-4da3-9689-0b6882d8f98a;InstitutionId RSEQ;;;12;12;base;Volleyball B Filles D4 Niveau 2 F
oui;haute;Secondaire;Volleyball;Volleyball;Masculin;GMAA;Loyola;École secondaire Loyola;Montréal;Juvénile;D3;Garçons;d6aa5c39-daff-448c-be40-15befd5ea5ed;3cea1ea3-4485-4588-ac4d-48efc95cb399;InstitutionId RSEQ;;;12;12;base;Volleyball J Garçons D3 A
oui;haute;Secondaire;Volleyball;Volleyball;Masculin;GMAA;Loyola;École secondaire Loyola;Montréal;Benjamin;D3;Garçons;c4dd5a5d-f87b-4cdb-b1be-16bcfe566340;3cea1ea3-4485-4588-ac4d-48efc95cb399;InstitutionId RSEQ;;;12;12;base;Volleyball B Garçons D3 B
oui;haute;Secondaire;Volleyball;Volleyball;Féminin;GMAA;Loyola;École secondaire Loyola;Montréal;Benjamin;D3;Filles;41a3b163-1fef-4a54-a9dd-ff0d9f8f1294;3cea1ea3-4485-4588-ac4d-48efc95cb399;InstitutionId RSEQ;;;12;12;base;Volleyball B Filles D3 B
oui;haute;Secondaire;Volleyball;Volleyball;Féminin;GMAA;MACD;École secondaire Macdonald;Sainte-Anne-de-Bellevue;Cadet;D4;Filles;85149f8b-a4be-49fa-8645-7546c842d59c;9da1dcdf-6fe7-48c5-8dd8-c7e289382461;InstitutionId RSEQ;;;12;12;base;Volleyball C Filles D4 Niveau 1 A
oui;haute;Secondaire;Volleyball;Volleyball;Masculin;GMAA;MACD;École secondaire Macdonald;Sainte-Anne-de-Bellevue;Cadet;D3;Garçons;c328b040-326f-4640-8640-20f889e7b1b1;9da1dcdf-6fe7-48c5-8dd8-c7e289382461;InstitutionId RSEQ;;;12;12;base;Volleyball C Garçons D3 A
oui;haute;Secondaire;Volleyball;Volleyball;Masculin;GMAA;MACD;École secondaire Macdonald;Sainte-Anne-de-Bellevue;Benjamin;D3;Garçons;b17d1dd6-b8f5-4b27-9509-a40640856246;9da1dcdf-6fe7-48c5-8dd8-c7e289382461;InstitutionId RSEQ;;;12;12;base;Volleyball B Garçons D3 A
oui;haute;Secondaire;Volleyball;Volleyball;Féminin;GMAA;MACD;École secondaire Macdonald;Sainte-Anne-de-Bellevue;Juvénile;D4;Filles;ba046d6f-88d4-4dbb-b2ce-c8d2f933c6e7;9da1dcdf-6fe7-48c5-8dd8-c7e289382461;InstitutionId RSEQ;;;12;12;base;Volleyball J Filles D4 Niveau 1 A
oui;haute;Secondaire;Volleyball;Volleyball;Féminin;GMAA;MACD;École secondaire Macdonald;Sainte-Anne-de-Bellevue;Benjamin;D4;Filles;40318267-37d4-4c2a-818f-a8a1474fe67d;9da1dcdf-6fe7-48c5-8dd8-c7e289382461;InstitutionId RSEQ;;;10;10;base;Volleyball B Filles D4 Niveau 1 A
oui;haute;Secondaire;Volleyball;Volleyball;Féminin;GMAA;MACD;École secondaire Macdonald;Sainte-Anne-de-Bellevue;Cadet;D3;Filles;d28bb82d-373b-473a-af08-9924b0a8d699;9da1dcdf-6fe7-48c5-8dd8-c7e289382461;InstitutionId RSEQ;;;12;12;base;Volleyball C Filles D3 A
oui;haute;Secondaire;Volleyball;Volleyball;Féminin;GMAA;MACD;École secondaire Macdonald;Sainte-Anne-de-Bellevue;Benjamin;D4;Filles;ba833f51-140c-45b3-a466-ac2b12987fad;9da1dcdf-6fe7-48c5-8dd8-c7e289382461;InstitutionId RSEQ;;;12;12;base;Volleyball B Filles D4 Niveau 2 A
oui;haute;Secondaire;Volleyball;Volleyball;Féminin;GMAA;MAI;Ecole Maimonides Parkhaven Campus ( CSL);Côte-Saint-Luc;Cadet;D4;Filles;90ce06c8-740a-451d-812d-3f303808a2f8;760f2664-59f4-47f2-a5a8-69b8191da335;InstitutionId RSEQ;;;12;12;base;Volleyball C Filles D4 Niveau 2 B
oui;haute;Secondaire;Volleyball;Volleyball;Féminin;GMAA;MAI;Ecole Maimonides Parkhaven Campus ( CSL);Côte-Saint-Luc;Benjamin;D4;Filles;1060be64-f32b-46a4-a649-f78205e96e1d;760f2664-59f4-47f2-a5a8-69b8191da335;InstitutionId RSEQ;;;12;12;base;Volleyball B Filles D4 Niveau 2 D
oui;haute;Secondaire;Volleyball;Volleyball;Féminin;GMAA;MMA;Académie Internationale Marymount;Montréal;Cadet;D4;Filles;2543e240-eca9-4c9b-a79c-c847c5e5e0b0;d5a41baa-fb63-4477-8f9c-7657856168b5;InstitutionId RSEQ;;;10;10;base;Volleyball C Filles D4 Niveau 2 C
oui;haute;Secondaire;Volleyball;Volleyball;Masculin;GMAA;MMA;Académie Internationale Marymount;Montréal;Juvénile;D4;Garçons;2d4d94a7-c5f7-4e86-981f-43d8aec853e4;d5a41baa-fb63-4477-8f9c-7657856168b5;InstitutionId RSEQ;;;10;10;base;Volleyball J Garçons D4 B
oui;haute;Secondaire;Volleyball;Volleyball;Féminin;GMAA;PCHS;École secondaire Pierrefonds;Montréal;Cadet;D3;Filles;f7bc7d21-9865-46df-b7fa-cc14436841db;4f318633-a0c4-4bd0-ac1f-0587106d50ff;InstitutionId RSEQ;;;12;12;base;Volleyball C Filles D3 A
oui;haute;Secondaire;Volleyball;Volleyball;Féminin;GMAA;PCHS;École secondaire Pierrefonds;Montréal;Juvénile;D4;Filles;45e690c9-e2ec-4672-a34f-01e1e4a20b0c;4f318633-a0c4-4bd0-ac1f-0587106d50ff;InstitutionId RSEQ;;;12;12;base;Volleyball J Filles D4 Niveau 1 A
oui;haute;Secondaire;Volleyball;Volleyball;Masculin;GMAA;PCHS;École secondaire Pierrefonds;Montréal;Cadet;D4;Garçons;97897610-0638-4e93-b77e-50efd239406d;4f318633-a0c4-4bd0-ac1f-0587106d50ff;InstitutionId RSEQ;;;12;12;base;Volleyball C Garçons D4
oui;haute;Secondaire;Volleyball;Volleyball;Masculin;GMAA;PCHS;École secondaire Pierrefonds;Montréal;Juvénile;D3;Garçons;89da8288-7875-4f8a-9ace-2f7e22b99404;4f318633-a0c4-4bd0-ac1f-0587106d50ff;InstitutionId RSEQ;;;12;12;base;Volleyball J Garçons D3 A
oui;haute;Secondaire;Volleyball;Volleyball;Féminin;GMAA;PCHS;École secondaire Pierrefonds;Montréal;Benjamin;D4;Filles;22774b92-6120-4fa4-91ea-ce1967a7dbeb;4f318633-a0c4-4bd0-ac1f-0587106d50ff;InstitutionId RSEQ;;;10;10;base;Volleyball B Filles D4 Niveau 1 A
oui;haute;Secondaire;Volleyball;Volleyball;Féminin;GMAA;RHS;Rosemount High School;Montréal;Juvénile;D4;Filles;d54c3c8c-a32a-4eea-97a4-33c573283cb7;3d35c260-0587-4e0d-bf62-ea3e47022f08;InstitutionId RSEQ;;;12;12;base;Volleyball J Filles D4 Niveau 2 C
oui;haute;Secondaire;Volleyball;Volleyball;Féminin;GMAA;RHS;Rosemount High School;Montréal;Cadet;D4;Filles;ccc7b4a7-aef2-46f0-8c63-722b8013bf68;3d35c260-0587-4e0d-bf62-ea3e47022f08;InstitutionId RSEQ;;;12;12;base;Volleyball C Filles D4 Niveau 2 D
oui;haute;Secondaire;Volleyball;Volleyball;Féminin;GMAA;Royal;Académie Royal West;Montréal-Ouest;Juvénile;D3;Filles;ec3753fe-5570-4b60-b2a8-11d0b31ee8a6;ac594d8e-5628-455d-a375-3b94d0f5106f;InstitutionId RSEQ;;;12;12;base;Volleyball J Filles D3 B
oui;haute;Secondaire;Volleyball;Volleyball;Masculin;GMAA;Royal;Académie Royal West;Montréal-Ouest;Juvénile;D3;Garçons;5ac417bc-5a1d-4cab-8608-1ecae0dd88b6;ac594d8e-5628-455d-a375-3b94d0f5106f;InstitutionId RSEQ;;;12;12;base;Volleyball J Garçons D3 A
oui;haute;Secondaire;Volleyball;Volleyball;Masculin;GMAA;Royal;Académie Royal West;Montréal-Ouest;Benjamin;D3;Garçons;c787363e-8061-4874-805c-e84c5af4282b;ac594d8e-5628-455d-a375-3b94d0f5106f;InstitutionId RSEQ;;;12;12;base;Volleyball B Garçons D3 B
oui;haute;Secondaire;Volleyball;Volleyball;Féminin;GMAA;Royal;Académie Royal West;Montréal-Ouest;Cadet;D3;Filles;fde86839-0f3b-4837-8eb2-c07df2463e38;ac594d8e-5628-455d-a375-3b94d0f5106f;InstitutionId RSEQ;;;12;12;base;Volleyball C Filles D3 B
oui;haute;Secondaire;Volleyball;Volleyball;Féminin;GMAA;Royal;Académie Royal West;Montréal-Ouest;Benjamin;D3;Filles;b13c139d-0963-4a7c-99fe-cd13dc37d752;ac594d8e-5628-455d-a375-3b94d0f5106f;InstitutionId RSEQ;;;12;12;base;Volleyball B Filles D3 B
oui;haute;Secondaire;Volleyball;Volleyball;Féminin;GMAA;Royal;Académie Royal West;Montréal-Ouest;Cadet;D4;Filles;457b9392-6280-4e9e-a1b1-597d8220e88e;ac594d8e-5628-455d-a375-3b94d0f5106f;InstitutionId RSEQ;;;12;12;base;Volleyball C Filles D4 Niveau 1 B
oui;haute;Secondaire;Volleyball;Volleyball;Féminin;GMAA;RVALE;École Royal Vale;Montréal;Benjamin;D4;Filles;823076f5-4f18-4c52-85ff-19c662804627;882225d5-7097-4c09-8903-73f16c949282;InstitutionId RSEQ;;;12;12;base;Volleyball B Filles D4 Niveau 2 D
oui;haute;Secondaire;Volleyball;Volleyball;Féminin;GMAA;RVALE;École Royal Vale;Montréal;Juvénile;D4;Filles;dc8549f1-3e44-4013-bfc8-d26d70aced36;882225d5-7097-4c09-8903-73f16c949282;InstitutionId RSEQ;;;12;12;base;Volleyball J Filles D4 Niveau 2 A
oui;haute;Secondaire;Volleyball;Volleyball;Masculin;GMAA;RVALE;École Royal Vale;Montréal;Juvénile;D4;Garçons;ff0df3ba-fd1c-4225-b513-f6e40d7ec083;882225d5-7097-4c09-8903-73f16c949282;InstitutionId RSEQ;;;10;10;base;Volleyball J Garçons D4 B
oui;haute;Secondaire;Volleyball;Volleyball;Féminin;GMAA;Sacred Heart;Sacred Heart School of Montreal;Westmount;Cadet;D4;Filles;3a30c203-6de3-40e1-a6cb-962ef4d36986;63d3290f-9dc3-47dd-a659-552cf4daa100;InstitutionId RSEQ;;;10;10;base;Volleyball C Filles D4 Niveau 2 C
oui;haute;Secondaire;Volleyball;Volleyball;Féminin;GMAA;Sacred Heart;Sacred Heart School of Montreal;Westmount;Juvénile;D4;Filles;d80b09d6-d3ba-4505-956c-daf1e3d957c8;63d3290f-9dc3-47dd-a659-552cf4daa100;InstitutionId RSEQ;;;10;10;base;Volleyball J Filles D4 Niveau 1 B
oui;haute;Secondaire;Volleyball;Volleyball;Féminin;GMAA;Sacred Heart;Sacred Heart School of Montreal;Westmount;Benjamin;D4;Filles;4db47f1f-1032-4d0e-8956-b6a7f3a93b87;63d3290f-9dc3-47dd-a659-552cf4daa100;InstitutionId RSEQ;;;12;12;base;Volleyball B Filles D4 Niveau 2 E
oui;haute;Secondaire;Volleyball;Volleyball;Féminin;GMAA;St. Georges;St. Georges High School;Westmount;Cadet;D4;Filles;e66110bb-de51-4684-b6ba-c8d5b3a28bd1;4593550d-fdd9-4659-8061-b01ff8234895;InstitutionId RSEQ;;;10;10;base;Volleyball C Filles D4 Niveau 2 C
oui;haute;Secondaire;Volleyball;Volleyball;Féminin;GMAA;St. Georges;St. Georges High School;Westmount;Juvénile;D4;Filles;bc70e851-7e74-45b3-b61d-e2621a946941;4593550d-fdd9-4659-8061-b01ff8234895;InstitutionId RSEQ;;;12;12;base;Volleyball J Filles D4 Niveau 2 B
oui;haute;Secondaire;Volleyball;Volleyball;Féminin;GMAA;St. Georges;St. Georges High School;Westmount;Benjamin;D4;Filles;c41a08a5-28aa-4884-ab76-c2afa74d6728;4593550d-fdd9-4659-8061-b01ff8234895;InstitutionId RSEQ;;;12;12;base;Volleyball B Filles D4 Niveau 2 E
oui;haute;Secondaire;Volleyball;Volleyball;Féminin;GMAA;St. Thomas;École secondaire Saint-Thomas;Pointe-Claire;Benjamin;D4;Filles;d852c7e1-ccaa-41b7-b155-6f0776552e21;b47c1d8c-4263-4616-a4f1-7681955de19c;InstitutionId RSEQ;;;7;7;base;Volleyball B Filles D4 Niveau 1 A
oui;haute;Secondaire;Volleyball;Volleyball;Masculin;GMAA;St. Thomas;École secondaire Saint-Thomas;Pointe-Claire;Juvénile;D4;Garçons;d1370965-26b1-46d6-a00d-0e7c2854fc85;b47c1d8c-4263-4616-a4f1-7681955de19c;InstitutionId RSEQ;;;12;12;base;Volleyball J Garçons D4 A
oui;haute;Secondaire;Volleyball;Volleyball;Féminin;GMAA;St. Thomas;École secondaire Beaconsfield;Beaconsfield;Benjamin;D4;Filles;c0e63921-eef6-4f68-843e-924c080e2a70;d35768e1-b37d-4488-9f7b-171753bdf6fb;InstitutionId RSEQ;;;13;13;base;Volleyball B Filles D4 Niveau 1 A
oui;haute;Secondaire;Volleyball;Volleyball;Féminin;GMAA;STUDY;The Study;Westmount;Cadet;D4;Filles;42b9a763-1d62-425c-8268-56bb0ad3819b;f37087f7-0671-45b2-98e1-574926b664d3;InstitutionId RSEQ;;;10;10;base;Volleyball C Filles D4 Niveau 2 C
oui;haute;Secondaire;Volleyball;Volleyball;Féminin;GMAA;STUDY;The Study;Westmount;Juvénile;D4;Filles;e442b253-29a2-4a42-ab2d-968f8252355b;f37087f7-0671-45b2-98e1-574926b664d3;InstitutionId RSEQ;;;12;12;base;Volleyball J Filles D4 Niveau 2 B
oui;haute;Secondaire;Volleyball;Volleyball;Féminin;GMAA;TRAF;Collège Trafalgar pour filles;Montréal;Juvénile;D4;Filles;e3fff44c-b434-4b7c-86b5-8c3f46f53dc0;9df5cd0a-f9bb-4743-bf14-dddc78fac0e6;InstitutionId RSEQ;;;12;12;base;Volleyball J Filles D4 Niveau 2 B
oui;haute;Secondaire;Volleyball;Volleyball;Féminin;GMAA;TRAF;Collège Trafalgar pour filles;Montréal;Benjamin;D4;Filles;6c350d97-bdee-4165-9f9f-db8095fb15d3;9df5cd0a-f9bb-4743-bf14-dddc78fac0e6;InstitutionId RSEQ;;;12;12;base;Volleyball B Filles D4 Niveau 2 F
oui;haute;Secondaire;Volleyball;Volleyball;Féminin;GMAA;Villa-Maria;Villa Maria;Montréal;Juvénile;D3;Filles;93e77489-51ba-4f44-80df-54c73b64c942;4cb4b962-e10c-4c5a-a116-9e3f834a9d6d;InstitutionId RSEQ;;;12;12;base;Volleyball J Filles D3 B
oui;haute;Secondaire;Volleyball;Volleyball;Féminin;GMAA;Villa-Maria;Villa Maria;Montréal;Benjamin;D3;Filles;3f618574-4267-42d7-9f39-972a01c61cd9;4cb4b962-e10c-4c5a-a116-9e3f834a9d6d;InstitutionId RSEQ;;;12;12;base;Volleyball B Filles D3 B
oui;haute;Secondaire;Volleyball;Volleyball;Féminin;GMAA;Villa-Maria;Villa Maria;Montréal;Benjamin;D4;Filles;17c064db-0304-47cb-a53a-08fd0c81a043;4cb4b962-e10c-4c5a-a116-9e3f834a9d6d;InstitutionId RSEQ;;;10;10;base;Volleyball B Filles D4 Niveau 1 B
oui;haute;Secondaire;Volleyball;Volleyball;Féminin;GMAA;Villa-Maria;Villa Maria;Montréal;Cadet;D3;Filles;1fb33790-e3c1-4ce0-a08c-8b0e324e5543;4cb4b962-e10c-4c5a-a116-9e3f834a9d6d;InstitutionId RSEQ;;;12;12;base;Volleyball C Filles D3 B
oui;haute;Secondaire;Volleyball;Volleyball;Féminin;GMAA;Villa-Maria 2;Villa Maria;Montréal;Cadet;D3;Filles;5c037ff1-7aa6-4ba5-bf92-c6d45d3e39b2;4cb4b962-e10c-4c5a-a116-9e3f834a9d6d;InstitutionId RSEQ;;;12;12;base;Volleyball C Filles D3 C
oui;haute;Secondaire;Volleyball;Volleyball;Féminin;GMAA;Vincent Massey;Collège Vincent Massey;Montréal;Cadet;D4;Filles;7491f458-e09c-4947-af62-90c806ad79f0;1d63f9f8-d0fc-4750-8344-7f2bdd6aee64;InstitutionId RSEQ;;;12;12;base;Volleyball C Filles D4 Niveau 1 B
oui;haute;Secondaire;Volleyball;Volleyball;Masculin;GMAA;Vincent Massey;Collège Vincent Massey;Montréal;Benjamin;D3;Garçons;50acacdd-b4cf-45a5-9100-26815828dc97;1d63f9f8-d0fc-4750-8344-7f2bdd6aee64;InstitutionId RSEQ;;;12;12;base;Volleyball B Garçons D3 B
oui;haute;Secondaire;Volleyball;Volleyball;Féminin;GMAA;Westmount HS;École secondaire Westmount;Westmount;Cadet;D4;Filles;e10a6c4b-95b4-4f22-9722-175801c53fc1;56a79a3f-3fac-4719-a35b-ddd8116648ea;InstitutionId RSEQ;;;10;10;base;Volleyball C Filles D4 Niveau 2 C
oui;haute;Secondaire;Volleyball;Volleyball;Féminin;GMAA;Westmount HS;École secondaire Westmount;Westmount;Benjamin;D4;Filles;7290582a-d29b-4936-a70b-54d1f8378f19;56a79a3f-3fac-4719-a35b-ddd8116648ea;InstitutionId RSEQ;;;12;12;base;Volleyball B Filles D4 Niveau 2 D
oui;haute;Secondaire;Volleyball;Volleyball;Féminin;GMAA;Westmount HS;École secondaire Westmount;Westmount;Benjamin;D4;Filles;859271df-18b8-4117-a333-31d7ee6576e1;56a79a3f-3fac-4719-a35b-ddd8116648ea;InstitutionId RSEQ;;;12;12;base;Volleyball B Filles D4 Niveau 2 B
oui;haute;Secondaire;Volleyball;Volleyball;Féminin;GMAA;Westmount HS;École secondaire Westmount;Westmount;Juvénile;D4;Filles;8dfbf2bb-44ac-4f49-b609-0e9a30e085a4;56a79a3f-3fac-4719-a35b-ddd8116648ea;InstitutionId RSEQ;;;10;10;base;Volleyball J Filles D4 Niveau 1 B
oui;haute;Secondaire;Volleyball;Volleyball;Masculin;GMAA;WIC;West Island College;Dollard-des-Ormeaux;Juvénile;D4;Garçons;37b82063-1f4f-453f-b2ed-22ea324a16f4;ea66f367-c55a-496f-a257-fb9032493455;InstitutionId RSEQ;;;12;12;base;Volleyball J Garçons D4 A
oui;haute;Secondaire;Volleyball;Volleyball;Féminin;GMAA;WIC;West Island College;Dollard-des-Ormeaux;Cadet;D4;Filles;45393472-5d81-4c48-84fe-d5ac9f4342e8;ea66f367-c55a-496f-a257-fb9032493455;InstitutionId RSEQ;;;12;12;base;Volleyball C Filles D4 Niveau 1 A
oui;haute;Secondaire;Volleyball;Volleyball;Féminin;GMAA;WIC;West Island College;Dollard-des-Ormeaux;Juvénile;D3;Filles;bd289e95-a814-49ac-8ebb-855cab564e3f;ea66f367-c55a-496f-a257-fb9032493455;InstitutionId RSEQ;;;12;12;base;Volleyball J Filles D3 A
oui;haute;Secondaire;Volleyball;Volleyball;Féminin;GMAA;WIC;West Island College;Dollard-des-Ormeaux;Benjamin;D4;Filles;12043db8-39c1-4087-9238-83b366d01162;ea66f367-c55a-496f-a257-fb9032493455;InstitutionId RSEQ;;;12;12;base;Volleyball B Filles D4 Niveau 2 A
oui;haute;Secondaire;Volleyball;Volleyball;Féminin;GMAA;WWHS Sr;École secondaire Westwood Senior;Hudson;Juvénile;D3;Filles;5b7899b1-0b06-44e6-a401-3a1d07200b1e;1fd7ac22-adb2-48bd-9904-d8ffdc9b0a29;InstitutionId RSEQ;;;12;12;base;Volleyball J Filles D3 A
oui;haute;Secondaire;Volleyball;Volleyball;Féminin;GMAA;WWHS Sr;École secondaire Westwood Senior;Hudson;Cadet;D3;Filles;c455d9e5-bc7c-4af9-a427-31f3257ddaf2;1fd7ac22-adb2-48bd-9904-d8ffdc9b0a29;InstitutionId RSEQ;;;12;12;base;Volleyball C Filles D3 A
oui;haute;Secondaire;Volleyball;Volleyball;Féminin;GMAA;WWHS Sr;École secondaire Westwood Senior;Hudson;Juvénile;D4;Filles;c638ac30-f37d-492c-a5ff-93712c38c8f3;1fd7ac22-adb2-48bd-9904-d8ffdc9b0a29;InstitutionId RSEQ;;;12;12;base;Volleyball J Filles D4 Niveau 1 A
oui;haute;Secondaire;Volleyball;Volleyball;Féminin;GMAA;WWHS Sr;École secondaire Westwood Senior;Hudson;Benjamin;D4;Filles;7ed2b745-1817-4e31-af20-dc9205a86a78;1fd7ac22-adb2-48bd-9904-d8ffdc9b0a29;InstitutionId RSEQ;;;10;10;base;Volleyball B Filles D4 Niveau 1 A
oui;haute;Secondaire;Volleyball;Volleyball;Féminin;GMAA;WWHS Sr;École secondaire Westwood Senior;Hudson;Benjamin;D3;Filles;b69c1221-7055-4410-8b46-96d74c7961f7;1fd7ac22-adb2-48bd-9904-d8ffdc9b0a29;InstitutionId RSEQ;;;12;12;base;Volleyball B Filles D3 A
oui;haute;Secondaire;Volleyball;Volleyball;Masculin;GMAA;WWHS Sr;École secondaire Westwood Senior;Hudson;Juvénile;D4;Garçons;5a1244a3-d8ce-4422-9335-ce3d04b05cfd;1fd7ac22-adb2-48bd-9904-d8ffdc9b0a29;InstitutionId RSEQ;;;12;12;base;Volleyball J Garçons D4 A
oui;haute;Secondaire;Volleyball;Volleyball;Féminin;Montréal;Académie de Roberval;Académie De Roberval;Montréal;Juvénile;D4;Féminin;695e8b20-8dd1-461e-962f-ed6c04d7eff9;f906e673-b56e-4f94-b4b5-7e28c7a25d9e;InstitutionId RSEQ;;;11;11;base;Volleyball J F D4 Niveau 2
oui;haute;Secondaire;Volleyball;Volleyball;Féminin;Montréal;Académie de Roberval;Académie De Roberval;Montréal;Juvénile;D4;Féminin;1a316e9f-c6e7-44bb-b189-44565472fcb9;f906e673-b56e-4f94-b4b5-7e28c7a25d9e;InstitutionId RSEQ;;;12;12;base;Volleyball J F D4 Niveau 1
oui;haute;Secondaire;Volleyball;Volleyball;Féminin;Montréal;Académie de Roberval;Académie De Roberval;Montréal;Benjamin;D4;Féminin;8cdcf1d7-6fec-4dec-8305-42c6336abec1;f906e673-b56e-4f94-b4b5-7e28c7a25d9e;InstitutionId RSEQ;;;10;10;base;Volleyball B F D4 Niveau 2
oui;haute;Secondaire;Volleyball;Volleyball;Féminin;Montréal;Académie Michèle-Provost (S);Académie Michèle-Provost;Montréal;Juvénile;D4;Féminin;fa63d2a4-9cd7-4151-9331-88967e5335ca;ec4eabf1-a21d-47cd-9c81-10b2c6542b50;InstitutionId RSEQ;;;10;10;base;Volleyball J F D4 Niveau 3
oui;haute;Secondaire;Volleyball;Volleyball;Féminin;Montréal;Collège d'Anjou;Collège d'Anjou;Montréal;Atome;D4;Féminin;b01e2b1f-e218-4dda-b828-f54e524e9f3a;1f32b1be-3ecf-45f1-89aa-87883256711b;InstitutionId RSEQ;;;10;10;base;Volleyball A F D4 Niveau 2
oui;haute;Secondaire;Volleyball;Volleyball;Féminin;Montréal;Collège d'Anjou;Collège d'Anjou;Montréal;Juvénile;D4;Féminin;81960848-59ea-4453-9935-0e1f25d2f25f;1f32b1be-3ecf-45f1-89aa-87883256711b;InstitutionId RSEQ;;;10;10;base;Volleyball J F D4 Niveau 3
oui;haute;Secondaire;Volleyball;Volleyball;Féminin;Montréal;Collège d'Anjou;Collège d'Anjou;Montréal;Cadet;D4;Féminin;8ea2fbd1-e1fe-411e-aa75-049f4cd323c5;1f32b1be-3ecf-45f1-89aa-87883256711b;InstitutionId RSEQ;;;9;9;base;Volleyball C F D4 Niveau 3 EST
oui;haute;Secondaire;Volleyball;Volleyball;Féminin;Montréal;Collège de Montréal;Collège de Montréal;Montréal;Cadet;D3;Féminin;37344096-bf13-4c4a-96a1-aff2a46a5f59;9f948e9b-0b6a-4280-9feb-8ca39c1f51c0;InstitutionId RSEQ;;;13;13;base;Volleyball C F D3
oui;haute;Secondaire;Volleyball;Volleyball;Féminin;Montréal;Collège de Montréal;Collège de Montréal;Montréal;Juvénile;D3;Féminin;8ca45a49-5c65-4830-a8a8-6449f64454df;9f948e9b-0b6a-4280-9feb-8ca39c1f51c0;InstitutionId RSEQ;;;13;13;base;Volleyball J F D3
oui;haute;Secondaire;Volleyball;Volleyball;Féminin;Montréal;Collège de Montréal;Collège de Montréal;Montréal;Benjamin;D3;Féminin;0fd00cf9-618b-4047-a351-01b65d22b1b1;9f948e9b-0b6a-4280-9feb-8ca39c1f51c0;InstitutionId RSEQ;;;10;10;base;Volleyball B F D3
oui;haute;Secondaire;Volleyball;Volleyball;Féminin;Montréal;Collège de Montréal;Collège de Montréal;Montréal;Cadet;D4;Féminin;dca73ce8-97c8-45ab-ae64-a586983cee81;9f948e9b-0b6a-4280-9feb-8ca39c1f51c0;InstitutionId RSEQ;;;12;12;base;Volleyball C F D4 Niveau 1
oui;haute;Secondaire;Volleyball;Volleyball;Féminin;Montréal;Collège de Montréal;Collège de Montréal;Montréal;Atome;D3;Féminin;a6d7e58e-45f8-4480-815c-f731d8f197d4;9f948e9b-0b6a-4280-9feb-8ca39c1f51c0;InstitutionId RSEQ;;;10;10;base;Volleyball A F D3
oui;haute;Secondaire;Volleyball;Volleyball;Féminin;Montréal;Collège Français de Montréal;Collège Français Secondaire Montréal;Montréal;Benjamin;D4;Féminin;9106fc25-7a63-4c0c-9c5a-b6d810371eef;4028bcd7-fb5c-408e-b0f6-821f238d2101;InstitutionId RSEQ;;;10;10;base;Volleyball B F D4 Niveau 2
oui;haute;Secondaire;Volleyball;Volleyball;Féminin;Montréal;Collège Français de Montréal;Collège Français Secondaire Montréal;Montréal;Juvénile;D4;Féminin;453cadbb-08d2-4f85-aaee-ce295b2b35c6;4028bcd7-fb5c-408e-b0f6-821f238d2101;InstitutionId RSEQ;;;12;12;base;Volleyball J F D4 Niveau 1
oui;haute;Secondaire;Volleyball;Volleyball;Féminin;Montréal;Collège International Marie-de-France;Collège international Marie de France;Montréal;Juvénile;D4;Féminin;af663f5c-b6d4-48da-81a1-c0632dd68cb9;6d36b5dd-fbb2-430b-a55f-a3eae0b782ab;InstitutionId RSEQ;;;10;10;base;Volleyball J F D4 Niveau 3
oui;haute;Secondaire;Volleyball;Volleyball;Féminin;Montréal;Collège International Marie-de-France;Collège international Marie de France;Montréal;Cadet;D4;Féminin;bd9fac55-1e16-43c2-b490-a7684095e79e;6d36b5dd-fbb2-430b-a55f-a3eae0b782ab;InstitutionId RSEQ;;;9;9;base;Volleyball C F D4 Niveau 3 OUEST
oui;haute;Secondaire;Volleyball;Volleyball;Féminin;Montréal;Collège Jean-de-Brébeuf;Collège Jean-de-Brébeuf;Montréal;Cadet;D3;Féminin;a438a0b7-f3a2-40f1-9b6b-c5c2c3742ac5;506408d1-a176-4744-bb57-687bc9a41a1e;InstitutionId RSEQ;;;13;13;base;Volleyball C F D3
oui;haute;Secondaire;Volleyball;Volleyball;Féminin;Montréal;Collège Jean-de-Brébeuf;Collège Jean-de-Brébeuf;Montréal;Benjamin;D3;Féminin;bf93e88a-08fa-4a50-93b7-59bb95f92a96;506408d1-a176-4744-bb57-687bc9a41a1e;InstitutionId RSEQ;;;10;10;base;Volleyball B F D3
oui;haute;Secondaire;Volleyball;Volleyball;Féminin;Montréal;Collège Jean-de-Brébeuf;Collège Jean-de-Brébeuf;Montréal;Cadet;D4;Féminin;0aff9620-1845-4b4a-a4ea-32510c2daa5d;506408d1-a176-4744-bb57-687bc9a41a1e;InstitutionId RSEQ;;;10;10;base;Volleyball C F D4 Niveau 2
oui;haute;Secondaire;Volleyball;Volleyball;Féminin;Montréal;Collège Jean-de-Brébeuf;Collège Jean-de-Brébeuf;Montréal;Cadet;D4;Féminin;96a0d636-0c6b-4ed7-932c-ef8078322e39;506408d1-a176-4744-bb57-687bc9a41a1e;InstitutionId RSEQ;;;12;12;base;Volleyball C F D4 Niveau 1
oui;haute;Secondaire;Volleyball;Volleyball;Féminin;Montréal;Collège Jean-de-Brébeuf;Collège Jean-de-Brébeuf;Montréal;Atome;D3;Féminin;8d51a2bb-0c36-467d-924a-66f648846a58;506408d1-a176-4744-bb57-687bc9a41a1e;InstitutionId RSEQ;;;10;10;base;Volleyball A F D3
oui;haute;Secondaire;Volleyball;Volleyball;Féminin;Montréal;Collège Jean-de-Brébeuf;Collège Jean-de-Brébeuf;Montréal;Atome;D4;Féminin;36c57f36-b334-4255-8e25-2d2e567388ec;506408d1-a176-4744-bb57-687bc9a41a1e;InstitutionId RSEQ;;;10;10;base;Volleyball A F D4 Niveau 1
oui;haute;Secondaire;Volleyball;Volleyball;Féminin;Montréal;Collège Jean-de-Brébeuf;Collège Jean-de-Brébeuf;Montréal;Juvénile;D3;Féminin;81cf98ce-128b-4f6d-878e-a0d400f0b91c;506408d1-a176-4744-bb57-687bc9a41a1e;InstitutionId RSEQ;;;13;13;base;Volleyball J F D3
oui;haute;Secondaire;Volleyball;Volleyball;Féminin;Montréal;Collège Jean-de-Brébeuf;Collège Jean-de-Brébeuf;Montréal;Benjamin;D4;Féminin;ca5f408b-05e2-4e5e-9429-ff7075743b39;506408d1-a176-4744-bb57-687bc9a41a1e;InstitutionId RSEQ;;;10;10;base;Volleyball B F D4 Niveau 1
oui;haute;Secondaire;Volleyball;Volleyball;Féminin;Montréal;Collège Jean-Eudes;Collège Jean-Eudes;Montréal;Benjamin;D3;Féminin;ee6bbb52-50ff-4ca6-bd6c-8bf497188733;ea11a9e0-aad9-4294-8ac2-2a6302317e0c;InstitutionId RSEQ;;;10;10;base;Volleyball B F D3
oui;haute;Secondaire;Volleyball;Volleyball;Féminin;Montréal;Collège Jean-Eudes;Collège Jean-Eudes;Montréal;Atome;D3;Féminin;b671178a-c794-4b59-997f-63d7255ef08f;ea11a9e0-aad9-4294-8ac2-2a6302317e0c;InstitutionId RSEQ;;;10;10;base;Volleyball A F D3
oui;haute;Secondaire;Volleyball;Volleyball;Féminin;Montréal;Collège Jean-Eudes;Collège Jean-Eudes;Montréal;Cadet;D3;Féminin;939a759e-0249-4e41-a054-8eb84deb186d;ea11a9e0-aad9-4294-8ac2-2a6302317e0c;InstitutionId RSEQ;;;13;13;base;Volleyball C F D3
oui;haute;Secondaire;Volleyball;Volleyball;Féminin;Montréal;Collège Jean-Eudes;Collège Jean-Eudes;Montréal;Juvénile;D3;Féminin;ea2389eb-36b9-482d-ab20-d7d4cdc93746;ea11a9e0-aad9-4294-8ac2-2a6302317e0c;InstitutionId RSEQ;;;13;13;base;Volleyball J F D3
oui;haute;Secondaire;Volleyball;Volleyball;Féminin;Montréal;Collège Jean-Eudes 2;Collège Jean-Eudes;Montréal;Atome;D3;Féminin;41550ab8-5666-4a84-acfe-1759054dbd98;ea11a9e0-aad9-4294-8ac2-2a6302317e0c;InstitutionId RSEQ;;;10;10;base;Volleyball A F D3
oui;haute;Secondaire;Volleyball;Volleyball;Féminin;Montréal;Collège Mont-Royal;Collège Mont-Royal;Montréal;Benjamin;D4;Féminin;989df00b-45cd-4b6c-9255-fd34b9c12e26;86780e0f-370b-4656-9215-e898c9ebcf42;InstitutionId RSEQ;;;10;10;base;Volleyball B F D4 Niveau 3 EST
oui;haute;Secondaire;Volleyball;Volleyball;Féminin;Montréal;Collège Mont-Royal;Collège Mont-Royal;Montréal;Cadet;D4;Féminin;9aab8b04-8eae-4529-9968-438c53f68332;86780e0f-370b-4656-9215-e898c9ebcf42;InstitutionId RSEQ;;;9;9;base;Volleyball C F D4 Niveau 3 EST
oui;haute;Secondaire;Volleyball;Volleyball;Féminin;Montréal;Collège Mont-St-Louis;Collège Mont-Saint-Louis;Montréal;Benjamin;D3;Féminin;7233802f-cec4-47c0-9548-7ec63e873690;c628744d-935f-49c9-9fdb-f7b985be384f;InstitutionId RSEQ;;;10;10;base;Volleyball B F D3
oui;haute;Secondaire;Volleyball;Volleyball;Féminin;Montréal;Collège Mont-St-Louis;Collège Mont-Saint-Louis;Montréal;Cadet;D4;Féminin;848b4065-f965-4c53-9aa1-06bcb776f78f;c628744d-935f-49c9-9fdb-f7b985be384f;InstitutionId RSEQ;;;12;12;base;Volleyball C F D4 Niveau 1
oui;haute;Secondaire;Volleyball;Volleyball;Féminin;Montréal;Collège Mont-St-Louis;Collège Mont-Saint-Louis;Montréal;Atome;D4;Féminin;81e312a0-4bea-487d-b56d-5a95e8b340fd;c628744d-935f-49c9-9fdb-f7b985be384f;InstitutionId RSEQ;;;10;10;base;Volleyball A F D4 Niveau 1
oui;haute;Secondaire;Volleyball;Volleyball;Féminin;Montréal;Collège Mont-St-Louis;Collège Mont-Saint-Louis;Montréal;Juvénile;D3;Féminin;ff8cbd23-ca7a-4809-b390-18346f72d0c6;c628744d-935f-49c9-9fdb-f7b985be384f;InstitutionId RSEQ;;;13;13;base;Volleyball J F D3
oui;haute;Secondaire;Volleyball;Volleyball;Féminin;Montréal;Collège Mont-St-Louis;Collège Mont-Saint-Louis;Montréal;Cadet;D3;Féminin;b8679428-c7a8-4cb2-93a8-54a28da9d4d6;c628744d-935f-49c9-9fdb-f7b985be384f;InstitutionId RSEQ;;;13;13;base;Volleyball C F D3
oui;haute;Secondaire;Volleyball;Volleyball;Féminin;Montréal;Collège Notre-Dame;Collège Notre-Dame;Montréal;Cadet;D4;Féminin;9bd00efe-1fd0-4e55-8ced-4e1e39a6c73e;f7a54b0e-698f-4bc2-9bba-5ee28c91ede6;InstitutionId RSEQ;;;12;12;base;Volleyball C F D4 Niveau 1
oui;haute;Secondaire;Volleyball;Volleyball;Féminin;Montréal;Collège Notre-Dame;Collège Notre-Dame;Montréal;Juvénile;D4;Féminin;a573d888-663c-43f0-b1e0-75d77ed222a6;f7a54b0e-698f-4bc2-9bba-5ee28c91ede6;InstitutionId RSEQ;;;12;12;base;Volleyball J F D4 Niveau 1
oui;haute;Secondaire;Volleyball;Volleyball;Féminin;Montréal;Collège Notre-Dame;Collège Notre-Dame;Montréal;Benjamin;D3;Féminin;09066601-a1e7-4604-9b83-6f4226653fac;f7a54b0e-698f-4bc2-9bba-5ee28c91ede6;InstitutionId RSEQ;;;10;10;base;Volleyball B F D3
oui;haute;Secondaire;Volleyball;Volleyball;Féminin;Montréal;Collège Notre-Dame;Collège Notre-Dame;Montréal;Juvénile;D3;Féminin;1a03926c-e7e0-40db-869f-9f6b8ec52aed;f7a54b0e-698f-4bc2-9bba-5ee28c91ede6;InstitutionId RSEQ;;;13;13;base;Volleyball J F D3
oui;haute;Secondaire;Volleyball;Volleyball;Féminin;Montréal;Collège Notre-Dame;Collège Notre-Dame;Montréal;Atome;D3;Féminin;38ad3647-78ed-49c8-ae5f-564b948dd524;f7a54b0e-698f-4bc2-9bba-5ee28c91ede6;InstitutionId RSEQ;;;10;10;base;Volleyball A F D3
après confirmation BP;à confirmer BP;Secondaire;Volleyball;Volleyball;Féminin;Montréal;Collège Pasteur (S);Collège Pasteur;Montréal;Cadet;D4;Féminin;7fc2eb7b-961a-4cb8-84c5-cbff67dc1125;70347a4a-8520-4660-9fcd-6778c260d64c;piste par le nom (InstitutionId RSEQ f6837463-7327-4385-a585-81f22d9da437 inconnu chez nous);;;9;9;base;Volleyball C F D4 Niveau 3 OUEST
oui;haute;Secondaire;Volleyball;Volleyball;Féminin;Montréal;Collège Regina Assumpta;Collège Regina Assumpta;Montréal;Benjamin;D3;Féminin;17b36f75-4f15-4511-a3a3-9e3c9b13ca8b;d911ac4b-e71e-47df-949c-2a42d6407ef7;InstitutionId RSEQ;;;10;10;base;Volleyball B F D3
oui;haute;Secondaire;Volleyball;Volleyball;Féminin;Montréal;Collège Regina Assumpta;Collège Regina Assumpta;Montréal;Juvénile;D3;Féminin;28f32b13-ab30-4b86-960a-b791b7ec9240;d911ac4b-e71e-47df-949c-2a42d6407ef7;InstitutionId RSEQ;;;13;13;base;Volleyball J F D3
oui;haute;Secondaire;Volleyball;Volleyball;Féminin;Montréal;Collège Regina Assumpta;Collège Regina Assumpta;Montréal;Cadet;D3;Féminin;bc594743-c275-4ea6-9241-c7b8dac943b8;d911ac4b-e71e-47df-949c-2a42d6407ef7;InstitutionId RSEQ;;;13;13;base;Volleyball C F D3
oui;haute;Secondaire;Volleyball;Volleyball;Féminin;Montréal;Collège Regina Assumpta;Collège Regina Assumpta;Montréal;Atome;D3;Féminin;d984faa5-a4de-41f8-bd9d-19d18c0d57de;d911ac4b-e71e-47df-949c-2a42d6407ef7;InstitutionId RSEQ;;;10;10;base;Volleyball A F D3
oui;haute;Secondaire;Volleyball;Volleyball;Féminin;Montréal;Collège Reine-Marie;Collège Reine-Marie;Montréal;Atome;D3;Féminin;83e52506-3c2b-403d-ab7f-4b8879f20717;9b6961c4-6b05-44ee-8272-7a1835aaa8ce;InstitutionId RSEQ;;;10;10;base;Volleyball A F D3
oui;haute;Secondaire;Volleyball;Volleyball;Féminin;Montréal;Collège Reine-Marie;Collège Reine-Marie;Montréal;Cadet;D3;Féminin;57ad7239-d63c-4816-b76f-4c4dde239d45;9b6961c4-6b05-44ee-8272-7a1835aaa8ce;InstitutionId RSEQ;;;13;13;base;Volleyball C F D3
oui;haute;Secondaire;Volleyball;Volleyball;Féminin;Montréal;Collège Reine-Marie;Collège Reine-Marie;Montréal;Atome;D4;Féminin;87a18765-a225-4e58-bbe6-35dcb08859a6;9b6961c4-6b05-44ee-8272-7a1835aaa8ce;InstitutionId RSEQ;;;10;10;base;Volleyball A F D4 Niveau 1
oui;haute;Secondaire;Volleyball;Volleyball;Féminin;Montréal;Collège Reine-Marie;Collège Reine-Marie;Montréal;Benjamin;D4;Féminin;36ab9287-be12-4fec-81fa-d623d454af3a;9b6961c4-6b05-44ee-8272-7a1835aaa8ce;InstitutionId RSEQ;;;10;10;base;Volleyball B F D4 Niveau 1
oui;haute;Secondaire;Volleyball;Volleyball;Féminin;Montréal;Collège St-Jean-Vianney;Collège St-Jean-Vianney;Montréal;Cadet;D4;Féminin;b6a5ad49-e344-4a87-a725-aae7c5600de6;24ee7ebf-fede-47dd-b666-bd1530b303ad;InstitutionId RSEQ;;;10;10;base;Volleyball C F D4 Niveau 2
oui;haute;Secondaire;Volleyball;Volleyball;Féminin;Montréal;Collège St-Jean-Vianney;Collège St-Jean-Vianney;Montréal;Atome;D3;Féminin;32b9b98d-21d7-4cc1-94d0-9ca0c8d57645;24ee7ebf-fede-47dd-b666-bd1530b303ad;InstitutionId RSEQ;;;10;10;base;Volleyball A F D3
oui;haute;Secondaire;Volleyball;Volleyball;Féminin;Montréal;Collège St-Jean-Vianney;Collège St-Jean-Vianney;Montréal;Atome;D4;Féminin;09cbb27b-8f04-4ac9-b428-c4b1d65064ce;24ee7ebf-fede-47dd-b666-bd1530b303ad;InstitutionId RSEQ;;;10;10;base;Volleyball A F D4 Niveau 1
oui;haute;Secondaire;Volleyball;Volleyball;Féminin;Montréal;Collège St-Jean-Vianney;Collège St-Jean-Vianney;Montréal;Benjamin;D4;Féminin;86c3fa5e-bdb7-4469-9da1-1a53c26a3ea0;24ee7ebf-fede-47dd-b666-bd1530b303ad;InstitutionId RSEQ;;;10;10;base;Volleyball B F D4 Niveau 1
oui;haute;Secondaire;Volleyball;Volleyball;Féminin;Montréal;Collège St-Jean-Vianney;Collège St-Jean-Vianney;Montréal;Benjamin;D3;Féminin;a616987f-bb16-432a-8eeb-87964aab5e90;24ee7ebf-fede-47dd-b666-bd1530b303ad;InstitutionId RSEQ;;;10;10;base;Volleyball B F D3
oui;haute;Secondaire;Volleyball;Volleyball;Féminin;Montréal;Collège St-Jean-Vianney;Collège St-Jean-Vianney;Montréal;Cadet;D4;Féminin;17345187-5f90-4ff7-8e6d-b0bd08a7646f;24ee7ebf-fede-47dd-b666-bd1530b303ad;InstitutionId RSEQ;;;12;12;base;Volleyball C F D4 Niveau 1
oui;haute;Secondaire;Volleyball;Volleyball;Féminin;Montréal;Collège St-Jean-Vianney;Collège St-Jean-Vianney;Montréal;Juvénile;D3;Féminin;c1aa31f7-c5aa-40a8-8fd9-ed47d0aeaf78;24ee7ebf-fede-47dd-b666-bd1530b303ad;InstitutionId RSEQ;;;13;13;base;Volleyball J F D3
oui;haute;Secondaire;Volleyball;Volleyball;Féminin;Montréal;Collège St-Jean-Vianney;Collège St-Jean-Vianney;Montréal;Juvénile;D4;Féminin;6823a3f4-042f-44d1-bfbe-9e99a54cb63d;24ee7ebf-fede-47dd-b666-bd1530b303ad;InstitutionId RSEQ;;;12;12;base;Volleyball J F D4 Niveau 1
oui;haute;Secondaire;Volleyball;Volleyball;Féminin;Montréal;Collège St-Jean-Vianney;Collège St-Jean-Vianney;Montréal;Cadet;D3;Féminin;314bc300-763a-426a-8f7d-4f44e6e08094;24ee7ebf-fede-47dd-b666-bd1530b303ad;InstitutionId RSEQ;;;13;13;base;Volleyball C F D3
oui;haute;Secondaire;Volleyball;Volleyball;Féminin;Montréal;Collège Ville-Marie;Collège Ville-Marie;Montréal;Juvénile;D3;Féminin;6b97bb5e-3457-42db-825c-de61aa1e0dec;543b4810-5154-4292-afc2-47730f5ba788;InstitutionId RSEQ;;;13;13;base;Volleyball J F D3
oui;haute;Secondaire;Volleyball;Volleyball;Féminin;Montréal;Collège Ville-Marie;Collège Ville-Marie;Montréal;Benjamin;D4;Féminin;159987d1-d065-46ba-8a08-85f7b65714d6;543b4810-5154-4292-afc2-47730f5ba788;InstitutionId RSEQ;;;10;10;base;Volleyball B F D4 Niveau 2
oui;haute;Secondaire;Volleyball;Volleyball;Féminin;Montréal;Collège Ville-Marie;Collège Ville-Marie;Montréal;Cadet;D4;Féminin;ff2e35c3-c195-4684-8324-90f7c65d2141;543b4810-5154-4292-afc2-47730f5ba788;InstitutionId RSEQ;;;12;12;base;Volleyball C F D4 Niveau 1
oui;haute;Secondaire;Volleyball;Volleyball;Féminin;Montréal;Collège Ville-Marie;Collège Ville-Marie;Montréal;Cadet;D4;Féminin;5ebfd3f4-26c9-44b7-90ee-9bfc6c2ea4d2;543b4810-5154-4292-afc2-47730f5ba788;InstitutionId RSEQ;;;9;9;base;Volleyball C F D4 Niveau 3 OUEST
oui;haute;Secondaire;Volleyball;Volleyball;Féminin;Montréal;Collège Ville-Marie;Collège Ville-Marie;Montréal;Juvénile;D4;Féminin;2a085795-a0cd-4473-888f-b67c6672c10d;543b4810-5154-4292-afc2-47730f5ba788;InstitutionId RSEQ;;;11;11;base;Volleyball J F D4 Niveau 2
oui;haute;Secondaire;Volleyball;Volleyball;Féminin;Montréal;Collège Ville-Marie;Collège Ville-Marie;Montréal;Cadet;D4;Féminin;cac54d70-50fd-437a-8868-14c96d24c6af;543b4810-5154-4292-afc2-47730f5ba788;InstitutionId RSEQ;;;10;10;base;Volleyball C F D4 Niveau 2
oui;haute;Secondaire;Volleyball;Volleyball;Féminin;Montréal;Collège Ville-Marie;Collège Ville-Marie;Montréal;Atome;D4;Féminin;c4f0543b-f9d7-427f-83b7-5fa0f94b8843;543b4810-5154-4292-afc2-47730f5ba788;InstitutionId RSEQ;;;10;10;base;Volleyball A F D4 Niveau 2
oui;haute;Secondaire;Volleyball;Volleyball;Féminin;Montréal;Collège Ville-Marie;Collège Ville-Marie;Montréal;Atome;D4;Féminin;7ebd952a-b84b-42fa-bc3d-583bbada9f0c;543b4810-5154-4292-afc2-47730f5ba788;InstitutionId RSEQ;;;10;10;base;Volleyball A F D4 Niveau 1
oui;haute;Secondaire;Volleyball;Volleyball;Féminin;Montréal;Collège Ville-Marie;Collège Ville-Marie;Montréal;Benjamin;D4;Féminin;e017abdf-b701-4576-a881-a929c7b8aadd;543b4810-5154-4292-afc2-47730f5ba788;InstitutionId RSEQ;;;10;10;base;Volleyball B F D4 Niveau 3 EST
oui;haute;Secondaire;Volleyball;Volleyball;Féminin;Montréal;Collège Ville-Marie 2;Collège Ville-Marie;Montréal;Cadet;D4;Féminin;bf959c34-931b-4a80-a282-a7c03950bd1b;543b4810-5154-4292-afc2-47730f5ba788;InstitutionId RSEQ;;;10;10;base;Volleyball C F D4 Niveau 2
oui;haute;Secondaire;Volleyball;Volleyball;Féminin;Montréal;École Internationale de Montréal (S);École internationale de Montréal;Westmount;Juvénile;D4;Féminin;350c27ee-df10-4eac-9f63-bfddd8f83bc9;db78678b-c4dd-4725-a94c-5be424984b17;InstitutionId RSEQ;;;10;10;base;Volleyball J F D4 Niveau 3
oui;haute;Secondaire;Volleyball;Volleyball;Féminin;Montréal;École Marie-Clarac (S);École Marie-Clarac;Montréal;Juvénile;D4;Féminin;0e08a067-ca2f-4e1a-b475-213d571da4c3;cdbb5d41-2bbd-4451-aa2b-10c1489f2495;InstitutionId RSEQ;;;10;10;base;Volleyball J F D4 Niveau 3
oui;haute;Secondaire;Volleyball;Volleyball;Féminin;Montréal;École Marie-Clarac (S);École Marie-Clarac;Montréal;Atome;D4;Féminin;77323159-16b5-4d9c-a04f-493f4ab46047;cdbb5d41-2bbd-4451-aa2b-10c1489f2495;InstitutionId RSEQ;;;10;10;base;Volleyball A F D4 Niveau 2
oui;haute;Secondaire;Volleyball;Volleyball;Féminin;Montréal;École Marie-Clarac (S);École Marie-Clarac;Montréal;Benjamin;D4;Féminin;6a202a13-f647-4b1f-8183-c074670f2775;cdbb5d41-2bbd-4451-aa2b-10c1489f2495;InstitutionId RSEQ;;;10;10;base;Volleyball B F D4 Niveau 3 EST
oui;haute;Secondaire;Volleyball;Volleyball;Féminin;Montréal;École Marie-Clarac (S);École Marie-Clarac;Montréal;Cadet;D4;Féminin;c58ba9aa-d071-426a-a7b8-23a782209b9e;cdbb5d41-2bbd-4451-aa2b-10c1489f2495;InstitutionId RSEQ;;;9;9;base;Volleyball C F D4 Niveau 3 OUEST
oui;haute;Secondaire;Volleyball;Volleyball;Féminin;Montréal;École Marie-Clarac (S) 2;École Marie-Clarac;Montréal;Benjamin;D4;Féminin;2dc789ae-ea60-48f1-a72a-050bd6abf520;cdbb5d41-2bbd-4451-aa2b-10c1489f2495;InstitutionId RSEQ;;;10;10;base;Volleyball B F D4 Niveau 3 OUEST
non (école introuvable);introuvable;Secondaire;Volleyball;Volleyball;Féminin;Montréal;École Saint-Arsène;;;Atome;D3;Féminin;64546131-a99e-4bc4-b318-1038f3cd6dc2;;InstitutionId 72e90055-987b-4671-b0dd-0af58dcfc12d sans école Nexus;;;10;10;base;Volleyball A F D3
non (école introuvable);introuvable;Secondaire;Volleyball;Volleyball;Féminin;Montréal;École Saint-Arsène;;;Atome;D4;Féminin;ec5ebb0d-c5ac-4f19-a370-716ec65988c0;;InstitutionId 72e90055-987b-4671-b0dd-0af58dcfc12d sans école Nexus;;;10;10;base;Volleyball A F D4 Niveau 2
non (école introuvable);introuvable;Secondaire;Volleyball;Volleyball;Féminin;Montréal;ÉS Anjou;;;Atome;D4;Féminin;450c84be-f534-49ba-a1ec-1ddf3e4e5c28;;InstitutionId c3abb092-36c8-43e8-8d51-6f83a37e7c21 sans école Nexus;;;10;10;base;Volleyball A F D4 Niveau 2
non (école introuvable);introuvable;Secondaire;Volleyball;Volleyball;Féminin;Montréal;ÉS Anjou;;;Cadet;D4;Féminin;ffb93402-8728-4a29-b324-279d914ae1c3;;InstitutionId c3abb092-36c8-43e8-8d51-6f83a37e7c21 sans école Nexus;;;9;9;base;Volleyball C F D4 Niveau 3 EST
non (école introuvable);introuvable;Secondaire;Volleyball;Volleyball;Féminin;Montréal;ÉS Anjou;;;Juvénile;D4;Féminin;fa8a9bc9-4de5-422f-9e2c-14f5760f195f;;InstitutionId c3abb092-36c8-43e8-8d51-6f83a37e7c21 sans école Nexus;;;11;11;base;Volleyball J F D4 Niveau 2
oui;haute;Secondaire;Volleyball;Volleyball;Féminin;Montréal;ÉS Antoine-de-Saint-Exupéry;École secondaire Antoine-de-Saint-Exupéry;Montréal;Cadet;D4;Féminin;64e7aa73-c5aa-4a3d-ae5a-d83841a008d5;b7aa9702-a73c-4664-98cf-9efc50c1273e;InstitutionId RSEQ;;;12;12;base;Volleyball C F D4 Niveau 1
oui;haute;Secondaire;Volleyball;Volleyball;Féminin;Montréal;ÉS Antoine-de-Saint-Exupéry;École secondaire Antoine-de-Saint-Exupéry;Montréal;Juvénile;D4;Féminin;000f4414-4ae7-4c80-8f6a-6bc70edeff3d;b7aa9702-a73c-4664-98cf-9efc50c1273e;InstitutionId RSEQ;;;12;12;base;Volleyball J F D4 Niveau 1
oui;haute;Secondaire;Volleyball;Volleyball;Féminin;Montréal;ÉS Antoine-de-Saint-Exupéry;École secondaire Antoine-de-Saint-Exupéry;Montréal;Benjamin;D4;Féminin;1732a2cd-f64d-448e-9452-3f5abd832186;b7aa9702-a73c-4664-98cf-9efc50c1273e;InstitutionId RSEQ;;;10;10;base;Volleyball B F D4 Niveau 1
oui;haute;Secondaire;Volleyball;Volleyball;Féminin;Montréal;ÉS aux Mille Voix;École secondaire aux Mille-Voix;Montréal;Benjamin;D4;Féminin;9bb27cfb-6427-4eb6-b316-9b5031c16821;6f5920b0-b101-437f-9ff7-6cf0dd7f4082;InstitutionId RSEQ;;;10;10;base;Volleyball B F D4 Niveau 1
oui;haute;Secondaire;Volleyball;Volleyball;Féminin;Montréal;ÉS aux Mille Voix;École secondaire aux Mille-Voix;Montréal;Cadet;D4;Féminin;f84cbf5e-4ba7-4435-af73-7851ad558a3f;6f5920b0-b101-437f-9ff7-6cf0dd7f4082;InstitutionId RSEQ;;;10;10;base;Volleyball C F D4 Niveau 2
oui;haute;Secondaire;Volleyball;Volleyball;Féminin;Montréal;ÉS aux Mille Voix;École secondaire aux Mille-Voix;Montréal;Atome;D4;Féminin;08286b5d-c191-4eda-9ffb-369c7075f86e;6f5920b0-b101-437f-9ff7-6cf0dd7f4082;InstitutionId RSEQ;;;10;10;base;Volleyball A F D4 Niveau 2
oui;haute;Secondaire;Volleyball;Volleyball;Féminin;Montréal;ÉS aux Mille Voix;École secondaire aux Mille-Voix;Montréal;Benjamin;D4;Féminin;23f29058-ef91-44c7-8553-3ea479dd2a16;6f5920b0-b101-437f-9ff7-6cf0dd7f4082;InstitutionId RSEQ;;;10;10;base;Volleyball B F D4 Niveau 3 EST
oui;haute;Secondaire;Volleyball;Volleyball;Féminin;Montréal;ÉS aux Mille Voix;École secondaire aux Mille-Voix;Montréal;Cadet;D4;Féminin;8680c430-36c9-48e1-b00a-d205077c19fa;6f5920b0-b101-437f-9ff7-6cf0dd7f4082;InstitutionId RSEQ;;;9;9;base;Volleyball C F D4 Niveau 3 EST
oui;haute;Secondaire;Volleyball;Volleyball;Féminin;Montréal;ÉS aux Mille Voix 2;École secondaire aux Mille-Voix;Montréal;Atome;D4;Féminin;796ffc7b-326d-4091-a1a6-69574d861b60;6f5920b0-b101-437f-9ff7-6cf0dd7f4082;InstitutionId RSEQ;;;10;10;base;Volleyball A F D4 Niveau 2
oui;haute;Secondaire;Volleyball;Volleyball;Féminin;Montréal;ÉS aux Mille Voix 2;École secondaire aux Mille-Voix;Montréal;Cadet;D4;Féminin;afb9dfec-5033-49e4-9d36-97cad052fb4c;6f5920b0-b101-437f-9ff7-6cf0dd7f4082;InstitutionId RSEQ;;;9;9;base;Volleyball C F D4 Niveau 3 EST
oui;haute;Secondaire;Volleyball;Volleyball;Féminin;Montréal;ÉS Calixa-Lavallée;École secondaire Calixa-Lavallée;Montréal;Juvénile;D4;Féminin;2309f338-20cb-49aa-b6a9-11acb63b6acf;a1ffb968-68a3-4d5e-874a-d889dd433026;InstitutionId RSEQ;;;11;11;base;Volleyball J F D4 Niveau 2
oui;haute;Secondaire;Volleyball;Volleyball;Féminin;Montréal;ÉS Daniel-Johnson;École secondaire Daniel-Johnson;Montréal;Cadet;D4;Féminin;0684157e-55b2-4ec8-ad68-81296d6792ca;98e2ad03-18ef-48a9-996c-15ab7e291098;InstitutionId RSEQ;;;9;9;base;Volleyball C F D4 Niveau 3 EST
oui;haute;Secondaire;Volleyball;Volleyball;Féminin;Montréal;ÉS Daniel-Johnson;École secondaire Daniel-Johnson;Montréal;Juvénile;D4;Féminin;e848eda8-49e9-4398-b78a-c8b4075ddd84;98e2ad03-18ef-48a9-996c-15ab7e291098;InstitutionId RSEQ;;;11;11;base;Volleyball J F D4 Niveau 2
oui;haute;Secondaire;Volleyball;Volleyball;Féminin;Montréal;ÉS Daniel-Johnson;École secondaire Daniel-Johnson;Montréal;Atome;D4;Féminin;22c15fa0-e95e-4e76-8048-965dfb1d56d0;98e2ad03-18ef-48a9-996c-15ab7e291098;InstitutionId RSEQ;;;10;10;base;Volleyball A F D4 Niveau 2
oui;haute;Secondaire;Volleyball;Volleyball;Féminin;Montréal;ÉS Daniel-Johnson;École secondaire Daniel-Johnson;Montréal;Benjamin;D4;Féminin;f17adfce-446a-496d-8744-147d8b7a6cd5;98e2ad03-18ef-48a9-996c-15ab7e291098;InstitutionId RSEQ;;;10;10;base;Volleyball B F D4 Niveau 2
oui;haute;Secondaire;Volleyball;Volleyball;Féminin;Montréal;ÉS Daniel-Johnson;École secondaire Daniel-Johnson;Montréal;Cadet;D4;Féminin;61ddfaa0-62aa-4eb4-bc98-76e9c6b7dff0;98e2ad03-18ef-48a9-996c-15ab7e291098;InstitutionId RSEQ;;;10;10;base;Volleyball C F D4 Niveau 2
oui;haute;Secondaire;Volleyball;Volleyball;Féminin;Montréal;ÉS de la Pointe-aux-Trembles;École secondaire de la Pointe-aux-Trembles;Montréal;Benjamin;D4;Féminin;b6304f96-a129-4a0a-9706-6cb888ef8de3;15898bf7-a1e6-4ff6-a0f8-34f26733a16d;InstitutionId RSEQ;;;10;10;base;Volleyball B F D4 Niveau 2
oui;haute;Secondaire;Volleyball;Volleyball;Féminin;Montréal;ÉS de la Pointe-aux-Trembles;École secondaire de la Pointe-aux-Trembles;Montréal;Atome;D4;Féminin;2a4fb160-3366-4326-abda-edaaa65723db;15898bf7-a1e6-4ff6-a0f8-34f26733a16d;InstitutionId RSEQ;;;10;10;base;Volleyball A F D4 Niveau 2
oui;haute;Secondaire;Volleyball;Volleyball;Féminin;Montréal;ÉS de la Pointe-aux-Trembles;École secondaire de la Pointe-aux-Trembles;Montréal;Juvénile;D4;Féminin;9b79ebc1-11c2-46f4-a22f-cbc0122ee407;15898bf7-a1e6-4ff6-a0f8-34f26733a16d;InstitutionId RSEQ;;;11;11;base;Volleyball J F D4 Niveau 2
oui;haute;Secondaire;Volleyball;Volleyball;Féminin;Montréal;ÉS de la Pointe-aux-Trembles;École secondaire de la Pointe-aux-Trembles;Montréal;Cadet;D4;Féminin;8b680382-b553-4a71-b1de-cbcd64c393f0;15898bf7-a1e6-4ff6-a0f8-34f26733a16d;InstitutionId RSEQ;;;12;12;base;Volleyball C F D4 Niveau 1
oui;haute;Secondaire;Volleyball;Volleyball;Féminin;Montréal;ÉS Édouard-Montpetit;École secondaire Édouard-Montpetit;Montréal;Benjamin;D4;Féminin;54627722-3388-4d9f-9d2a-e68ff9acb7c8;3165d005-c38e-4bea-9300-f5f26755c2dd;InstitutionId RSEQ;;;10;10;base;Volleyball B F D4 Niveau 3 EST
oui;haute;Secondaire;Volleyball;Volleyball;Féminin;Montréal;ÉS Édouard-Montpetit;École secondaire Édouard-Montpetit;Montréal;Juvénile;D4;Féminin;b0a06bf0-5e76-45aa-bcaa-480cbe896c57;3165d005-c38e-4bea-9300-f5f26755c2dd;InstitutionId RSEQ;;;10;10;base;Volleyball J F D4 Niveau 3
oui;haute;Secondaire;Volleyball;Volleyball;Féminin;Montréal;ÉS Édouard-Montpetit;École secondaire Édouard-Montpetit;Montréal;Cadet;D4;Féminin;8bddc730-59f6-43ba-9698-7af8c6e00822;3165d005-c38e-4bea-9300-f5f26755c2dd;InstitutionId RSEQ;;;9;9;base;Volleyball C F D4 Niveau 3 EST
oui;haute;Secondaire;Volleyball;Volleyball;Féminin;Montréal;ÉS Henri-Bourassa;École secondaire Henri-Bourassa;Montréal;Atome;D4;Féminin;d87ea088-4ed0-4f7e-a19f-ef14b94ed841;eb6b9a6d-3190-4724-a0ad-51385bd821a0;InstitutionId RSEQ;;;10;10;base;Volleyball A F D4 Niveau 1
oui;haute;Secondaire;Volleyball;Volleyball;Féminin;Montréal;ÉS Henri-Bourassa;École secondaire Henri-Bourassa;Montréal;Cadet;D4;Féminin;09df58fc-7061-4f7a-8157-bce79cae90aa;eb6b9a6d-3190-4724-a0ad-51385bd821a0;InstitutionId RSEQ;;;12;12;base;Volleyball C F D4 Niveau 1
oui;haute;Secondaire;Volleyball;Volleyball;Féminin;Montréal;ÉS Henri-Bourassa;École secondaire Henri-Bourassa;Montréal;Juvénile;D4;Féminin;2bcda7d3-1910-481b-9de2-daca4c46fd85;eb6b9a6d-3190-4724-a0ad-51385bd821a0;InstitutionId RSEQ;;;12;12;base;Volleyball J F D4 Niveau 1
oui;haute;Secondaire;Volleyball;Volleyball;Féminin;Montréal;ÉS Henri-Bourassa;École secondaire Henri-Bourassa;Montréal;Benjamin;D4;Féminin;cae894d3-7cd2-4ca1-a1bb-684422767e5e;eb6b9a6d-3190-4724-a0ad-51385bd821a0;InstitutionId RSEQ;;;10;10;base;Volleyball B F D4 Niveau 1
oui;haute;Secondaire;Volleyball;Volleyball;Féminin;Montréal;ÉS Honoré-Mercier;École Honoré-Mercier;Montréal;Atome;D4;Féminin;7d703ea6-0c6e-4fb8-965f-5f1ff5b24559;d0d953a3-5c78-4efe-89aa-70657482e37a;InstitutionId RSEQ;;;10;10;base;Volleyball A F D4 Niveau 2
oui;haute;Secondaire;Volleyball;Volleyball;Féminin;Montréal;ÉS Honoré-Mercier;École Honoré-Mercier;Montréal;Juvénile;D4;Féminin;d7236030-23aa-4227-aac1-1dc0d520b41b;d0d953a3-5c78-4efe-89aa-70657482e37a;InstitutionId RSEQ;;;10;10;base;Volleyball J F D4 Niveau 3
oui;haute;Secondaire;Volleyball;Volleyball;Féminin;Montréal;ÉS Honoré-Mercier;École Honoré-Mercier;Montréal;Cadet;D4;Féminin;7f2e250f-2329-4f67-a58f-80a2eea52fac;d0d953a3-5c78-4efe-89aa-70657482e37a;InstitutionId RSEQ;;;10;10;base;Volleyball C F D4 Niveau 2
oui;haute;Secondaire;Volleyball;Volleyball;Féminin;Montréal;ÉS Honoré-Mercier;École Honoré-Mercier;Montréal;Benjamin;D4;Féminin;74716cfe-0117-42d3-bb25-6501a339279a;d0d953a3-5c78-4efe-89aa-70657482e37a;InstitutionId RSEQ;;;10;10;base;Volleyball B F D4 Niveau 3 OUEST
oui;haute;Secondaire;Volleyball;Volleyball;Féminin;Montréal;ÉS Irma LeVasseur;École secondaire Irma-LeVasseur;Montréal;Juvénile;D4;Féminin;356e191b-5201-44d2-862c-22c496292f05;18da0deb-ab64-4856-bdfe-dcba70ff18f4;InstitutionId RSEQ;;;11;11;base;Volleyball J F D4 Niveau 2
oui;haute;Secondaire;Volleyball;Volleyball;Féminin;Montréal;ÉS Irma LeVasseur;École secondaire Irma-LeVasseur;Montréal;Cadet;D4;Féminin;ad797fd8-0482-4cc8-98bb-c70e837e2758;18da0deb-ab64-4856-bdfe-dcba70ff18f4;InstitutionId RSEQ;;;10;10;base;Volleyball C F D4 Niveau 2
oui;haute;Secondaire;Volleyball;Volleyball;Féminin;Montréal;ÉS Irma LeVasseur;École secondaire Irma-LeVasseur;Montréal;Benjamin;D4;Féminin;36c23874-c02b-446e-a668-ff13bf72433b;18da0deb-ab64-4856-bdfe-dcba70ff18f4;InstitutionId RSEQ;;;10;10;base;Volleyball B F D4 Niveau 2
oui;haute;Secondaire;Volleyball;Volleyball;Féminin;Montréal;ÉS Jean-Grou;École secondaire Jean-Grou;Montréal;Cadet;D4;Féminin;6692789c-ed29-4fb7-a6c7-1b35e3915221;0a884190-2dc9-4373-a035-5fb193a070f0;InstitutionId RSEQ;;;9;9;base;Volleyball C F D4 Niveau 3 EST
oui;haute;Secondaire;Volleyball;Volleyball;Féminin;Montréal;ÉS Jean-Grou;École secondaire Jean-Grou;Montréal;Benjamin;D4;Féminin;385236a4-2c40-460b-bcd3-f7670ec05acd;0a884190-2dc9-4373-a035-5fb193a070f0;InstitutionId RSEQ;;;10;10;base;Volleyball B F D4 Niveau 3 EST
oui;haute;Secondaire;Volleyball;Volleyball;Féminin;Montréal;ÉS Jeanne-Mance;École Jeanne-Mance;Montréal;Benjamin;D4;Féminin;76b13cbc-7365-4324-9651-d3ccab9d4a02;a6084c1b-0e93-4a75-9ae5-804ded4ca267;InstitutionId RSEQ;;;10;10;base;Volleyball B F D4 Niveau 2
oui;haute;Secondaire;Volleyball;Volleyball;Féminin;Montréal;ÉS Jeanne-Mance;École Jeanne-Mance;Montréal;Juvénile;D4;Féminin;df0ae418-cd50-445e-8f2d-5410195df418;a6084c1b-0e93-4a75-9ae5-804ded4ca267;InstitutionId RSEQ;;;12;12;base;Volleyball J F D4 Niveau 1
oui;haute;Secondaire;Volleyball;Volleyball;Féminin;Montréal;ÉS Jeanne-Mance;École Jeanne-Mance;Montréal;Atome;D4;Féminin;7b93321f-f675-4eff-ba84-097a730b7de0;a6084c1b-0e93-4a75-9ae5-804ded4ca267;InstitutionId RSEQ;;;10;10;base;Volleyball A F D4 Niveau 2
oui;haute;Secondaire;Volleyball;Volleyball;Féminin;Montréal;ÉS Jeanne-Mance;École Jeanne-Mance;Montréal;Cadet;D4;Féminin;695d322c-719b-4300-8a42-188048bb66c7;a6084c1b-0e93-4a75-9ae5-804ded4ca267;InstitutionId RSEQ;;;10;10;base;Volleyball C F D4 Niveau 2
oui;haute;Secondaire;Volleyball;Volleyball;Féminin;Montréal;ÉS Joseph-François-Perrault;École Joseph-François-Perrault;Montréal;Cadet;D4;Féminin;78c867e0-f7a3-4a83-a40f-8df44911dd25;817d5888-ccd6-4d52-b348-c6b818ab2ddc;InstitutionId RSEQ;;;12;12;base;Volleyball C F D4 Niveau 1
oui;haute;Secondaire;Volleyball;Volleyball;Féminin;Montréal;ÉS Joseph-François-Perrault;École Joseph-François-Perrault;Montréal;Benjamin;D4;Féminin;b9a821fe-fd60-4f7e-b76b-1f3fddf9c3f4;817d5888-ccd6-4d52-b348-c6b818ab2ddc;InstitutionId RSEQ;;;10;10;base;Volleyball B F D4 Niveau 1
oui;haute;Secondaire;Volleyball;Volleyball;Féminin;Montréal;ÉS Joseph-François-Perrault;École Joseph-François-Perrault;Montréal;Juvénile;D4;Féminin;a0d0c1b5-d0a3-405b-ac47-5736a8d10ae5;817d5888-ccd6-4d52-b348-c6b818ab2ddc;InstitutionId RSEQ;;;11;11;base;Volleyball J F D4 Niveau 2
oui;haute;Secondaire;Volleyball;Volleyball;Féminin;Montréal;ÉS Joseph-François-Perrault;École Joseph-François-Perrault;Montréal;Atome;D4;Féminin;d43d017f-ae4f-4c60-9a20-fa187699587e;817d5888-ccd6-4d52-b348-c6b818ab2ddc;InstitutionId RSEQ;;;10;10;base;Volleyball A F D4 Niveau 2
oui;haute;Secondaire;Volleyball;Volleyball;Féminin;Montréal;ÉS Joseph-François-Perrault;École Joseph-François-Perrault;Montréal;Cadet;D4;Féminin;bbfadc7e-d82d-4b28-98d1-c430f46f8b8b;817d5888-ccd6-4d52-b348-c6b818ab2ddc;InstitutionId RSEQ;;;9;9;base;Volleyball C F D4 Niveau 3 OUEST
oui;haute;Secondaire;Volleyball;Volleyball;Féminin;Montréal;ÉS La Voie;École La Voie;Montréal;Cadet;D4;Féminin;66699261-d1e6-42eb-aa60-e3135f463e78;13413415-2558-41fc-b5f9-e1a957608fce;InstitutionId RSEQ;;;9;9;base;Volleyball C F D4 Niveau 3 OUEST
oui;haute;Secondaire;Volleyball;Volleyball;Féminin;Montréal;ÉS La Voie;École La Voie;Montréal;Juvénile;D4;Féminin;629a4e11-9572-41b3-b7b2-d581c6590a53;13413415-2558-41fc-b5f9-e1a957608fce;InstitutionId RSEQ;;;10;10;base;Volleyball J F D4 Niveau 3
oui;haute;Secondaire;Volleyball;Volleyball;Féminin;Montréal;ÉS La Voie;École La Voie;Montréal;Benjamin;D4;Féminin;5a25dbbc-a03f-4145-a565-8e1dcd25cfee;13413415-2558-41fc-b5f9-e1a957608fce;InstitutionId RSEQ;;;10;10;base;Volleyball B F D4 Niveau 3 OUEST
oui;haute;Secondaire;Volleyball;Volleyball;Féminin;Montréal;ÉS Louis-Joseph-Papineau;École Louis-Joseph-Papineau;Montréal;Cadet;D4;Féminin;aa84d124-6937-453a-ab83-239e6fca7e5e;9ab417f8-0dc8-4f92-8040-691f496fbf1d;InstitutionId RSEQ;;;9;9;base;Volleyball C F D4 Niveau 3 OUEST
oui;haute;Secondaire;Volleyball;Volleyball;Féminin;Montréal;ÉS Louis-Joseph-Papineau;École Louis-Joseph-Papineau;Montréal;Benjamin;D4;Féminin;71231c4f-0a97-475f-8cda-fb1db34a287f;9ab417f8-0dc8-4f92-8040-691f496fbf1d;InstitutionId RSEQ;;;10;10;base;Volleyball B F D4 Niveau 3 OUEST
oui;haute;Secondaire;Volleyball;Volleyball;Féminin;Montréal;ÉS Louis-Joseph-Papineau;École Louis-Joseph-Papineau;Montréal;Juvénile;D4;Féminin;5ae629e8-8374-421d-b131-1bd7a4f4cb30;9ab417f8-0dc8-4f92-8040-691f496fbf1d;InstitutionId RSEQ;;;10;10;base;Volleyball J F D4 Niveau 3
oui;haute;Secondaire;Volleyball;Volleyball;Féminin;Montréal;ÉS Louis-Riel;École Louis-Riel;Montréal;Benjamin;D4;Féminin;b99c230e-e129-46b4-ab5a-44dff12fd1e0;4a016316-858f-436c-864f-3c749ee1c92e;InstitutionId RSEQ;;;10;10;base;Volleyball B F D4 Niveau 3 EST
oui;haute;Secondaire;Volleyball;Volleyball;Féminin;Montréal;ÉS Louis-Riel;École Louis-Riel;Montréal;Atome;D4;Féminin;fbd2a2dd-094e-4632-91e3-a44b440de44e;4a016316-858f-436c-864f-3c749ee1c92e;InstitutionId RSEQ;;;10;10;base;Volleyball A F D4 Niveau 2
oui;haute;Secondaire;Volleyball;Volleyball;Féminin;Montréal;ÉS Louis-Riel;École Louis-Riel;Montréal;Juvénile;D4;Féminin;f2e34a26-20e1-4ba0-b311-b52f2d9f594b;4a016316-858f-436c-864f-3c749ee1c92e;InstitutionId RSEQ;;;11;11;base;Volleyball J F D4 Niveau 2
oui;haute;Secondaire;Volleyball;Volleyball;Féminin;Montréal;ÉS Louis-Riel;École Louis-Riel;Montréal;Cadet;D4;Féminin;64ea2786-ea0c-49bc-8cfa-9130d6e8dda5;4a016316-858f-436c-864f-3c749ee1c92e;InstitutionId RSEQ;;;9;9;base;Volleyball C F D4 Niveau 3 EST
oui;haute;Secondaire;Volleyball;Volleyball;Féminin;Montréal;ÉS Louise-Trichet;École Louise-Trichet;Montréal;Cadet;D4;Féminin;8fcc0ac9-cf52-4052-bf87-ce33110f856b;4a4e7559-eb49-4e2d-8187-371cad1e7751;InstitutionId RSEQ;;;9;9;base;Volleyball C F D4 Niveau 3 EST
oui;haute;Secondaire;Volleyball;Volleyball;Féminin;Montréal;ÉS Marcelin-Wilson;École La Dauversière-Évangéline;Montréal;Juvénile;D4;Féminin;bd4b4e86-9d8f-43e9-9b40-08a66bd46117;1414acce-2b5d-4a38-9848-a3d3dd11e7b4;InstitutionId RSEQ;;;12;12;base;Volleyball J F D4 Niveau 1
oui;haute;Secondaire;Volleyball;Volleyball;Féminin;Montréal;ÉS Marcelin-Wilson;École La Dauversière-Évangéline;Montréal;Benjamin;D4;Féminin;7a1823bd-07b7-4203-88b5-611b45effa38;1414acce-2b5d-4a38-9848-a3d3dd11e7b4;InstitutionId RSEQ;;;10;10;base;Volleyball B F D4 Niveau 3 OUEST
oui;haute;Secondaire;Volleyball;Volleyball;Féminin;Montréal;ÉS Marcelin-Wilson;École La Dauversière-Évangéline;Montréal;Cadet;D4;Féminin;5462ff3b-9c6c-4f9e-ba99-126d81e3e3a9;1414acce-2b5d-4a38-9848-a3d3dd11e7b4;InstitutionId RSEQ;;;12;12;base;Volleyball C F D4 Niveau 1
oui;haute;Secondaire;Volleyball;Volleyball;Féminin;Montréal;ÉS Marguerite-De Lajemmerais;École Marguerite-De Lajemmerais;Montréal;Benjamin;D4;Féminin;b0a19ed3-027e-418e-8ced-8dbfb3163ff1;82a131ba-1a0e-4332-839f-95fd86c88e62;InstitutionId RSEQ;;;10;10;base;Volleyball B F D4 Niveau 2
oui;haute;Secondaire;Volleyball;Volleyball;Féminin;Montréal;ÉS Marguerite-De Lajemmerais;École Marguerite-De Lajemmerais;Montréal;Cadet;D4;Féminin;0fb62559-c679-4525-83ef-bfc9540ec931;82a131ba-1a0e-4332-839f-95fd86c88e62;InstitutionId RSEQ;;;10;10;base;Volleyball C F D4 Niveau 2
oui;haute;Secondaire;Volleyball;Volleyball;Féminin;Montréal;ÉS Marguerite-De Lajemmerais;École Marguerite-De Lajemmerais;Montréal;Atome;D4;Féminin;7e7a60a0-9a14-4493-b2d6-9182ebf0889b;82a131ba-1a0e-4332-839f-95fd86c88e62;InstitutionId RSEQ;;;10;10;base;Volleyball A F D4 Niveau 2
oui;haute;Secondaire;Volleyball;Volleyball;Féminin;Montréal;ÉS Marguerite-De Lajemmerais;École Marguerite-De Lajemmerais;Montréal;Juvénile;D4;Féminin;3798a490-36c8-400a-9f73-d3135c41cf60;82a131ba-1a0e-4332-839f-95fd86c88e62;InstitutionId RSEQ;;;11;11;base;Volleyball J F D4 Niveau 2
oui;haute;Secondaire;Volleyball;Volleyball;Féminin;Montréal;ÉS Père-Marquette;École Père-Marquette;Montréal;Atome;D3;Féminin;cd2ae7af-23f1-4d2a-85cf-495cc3f0fef1;596096bc-70b2-468d-b2ea-d6f09849825f;InstitutionId RSEQ;;;10;10;base;Volleyball A F D3
oui;haute;Secondaire;Volleyball;Volleyball;Féminin;Montréal;ÉS Père-Marquette;École Père-Marquette;Montréal;Cadet;D4;Féminin;bd75f61e-7b26-4b31-ac82-fcd739dcfbf4;596096bc-70b2-468d-b2ea-d6f09849825f;InstitutionId RSEQ;;;12;12;base;Volleyball C F D4 Niveau 1
oui;haute;Secondaire;Volleyball;Volleyball;Féminin;Montréal;ÉS Père-Marquette;École Père-Marquette;Montréal;Juvénile;D3;Féminin;c925244d-ffab-4059-ab78-305fdb0d51e9;596096bc-70b2-468d-b2ea-d6f09849825f;InstitutionId RSEQ;;;13;13;base;Volleyball J F D3
oui;haute;Secondaire;Volleyball;Volleyball;Féminin;Montréal;ÉS Père-Marquette;École Père-Marquette;Montréal;Cadet;D3;Féminin;58d6c464-fcd8-4a93-b781-cf9608877d06;596096bc-70b2-468d-b2ea-d6f09849825f;InstitutionId RSEQ;;;13;13;base;Volleyball C F D3
oui;haute;Secondaire;Volleyball;Volleyball;Féminin;Montréal;ÉS Père-Marquette;École Père-Marquette;Montréal;Benjamin;D3;Féminin;58bf543c-a24c-44cd-96d0-d38939f7a75a;596096bc-70b2-468d-b2ea-d6f09849825f;InstitutionId RSEQ;;;10;10;base;Volleyball B F D3
oui;haute;Secondaire;Volleyball;Volleyball;Féminin;Montréal;ÉS Pierre-Dupuy;École Pierre-Dupuy;Montréal;Cadet;D4;Féminin;c455945f-fa72-426f-8537-29f4a1e658a1;e5041fb7-4ed5-4ab9-bdd2-67fa62a76d53;InstitutionId RSEQ;;;9;9;base;Volleyball C F D4 Niveau 3 OUEST
oui;haute;Secondaire;Volleyball;Volleyball;Féminin;Montréal;ÉS Pierre-Dupuy;École Pierre-Dupuy;Montréal;Benjamin;D4;Féminin;f6cf3a92-c515-4b35-8260-5d0e33466fd8;e5041fb7-4ed5-4ab9-bdd2-67fa62a76d53;InstitutionId RSEQ;;;10;10;base;Volleyball B F D4 Niveau 3 OUEST
oui;haute;Secondaire;Volleyball;Volleyball;Féminin;Montréal;ÉS Robert-Gravel;École Robert-Gravel;Montréal;Benjamin;D4;Féminin;a2f80150-3f8a-4b0f-bd53-56b53ba7a42d;27869e4d-3918-4b2f-bb62-ae6843d9b481;InstitutionId RSEQ;;;10;10;base;Volleyball B F D4 Niveau 3 OUEST
oui;haute;Secondaire;Volleyball;Volleyball;Féminin;Montréal;ÉS Robert-Gravel;École Robert-Gravel;Montréal;Juvénile;D4;Féminin;8a26e088-74c3-418b-9b0a-a408a90d1c3b;27869e4d-3918-4b2f-bb62-ae6843d9b481;InstitutionId RSEQ;;;12;12;base;Volleyball J F D4 Niveau 1
oui;haute;Secondaire;Volleyball;Volleyball;Féminin;Montréal;ÉS Robert-Gravel;École Robert-Gravel;Montréal;Cadet;D4;Féminin;e1b1eb4c-aa2c-434d-b7ab-a14e77439a3e;27869e4d-3918-4b2f-bb62-ae6843d9b481;InstitutionId RSEQ;;;9;9;base;Volleyball C F D4 Niveau 3 OUEST
oui;haute;Secondaire;Volleyball;Volleyball;Féminin;Montréal;ÉS Robert-Gravel;École Robert-Gravel;Montréal;Atome;D4;Féminin;80f2bdbc-71a4-4444-a54b-aa507cbd82b0;27869e4d-3918-4b2f-bb62-ae6843d9b481;InstitutionId RSEQ;;;10;10;base;Volleyball A F D4 Niveau 2
oui;haute;Secondaire;Volleyball;Volleyball;Féminin;Montréal;ÉS Saint-Henri;École Saint-Henri;Montréal;Juvénile;D4;Féminin;4b2b948d-913b-4f59-be44-5a13536557bc;f7eb5322-6413-4dc3-a5b1-4946a41ee85c;InstitutionId RSEQ;;;10;10;base;Volleyball J F D4 Niveau 3
oui;haute;Secondaire;Volleyball;Volleyball;Féminin;Montréal;ÉS Saint-Henri;École Saint-Henri;Montréal;Cadet;D4;Féminin;cd901231-a340-40ee-8dc2-f2a442e31ebe;f7eb5322-6413-4dc3-a5b1-4946a41ee85c;InstitutionId RSEQ;;;9;9;base;Volleyball C F D4 Niveau 3 OUEST
oui;haute;Secondaire;Volleyball;Volleyball;Féminin;Montréal;ÉS Sophie-Barat;École Sophie-Barat;Montréal;Cadet;D3;Féminin;ed47d5a9-7c1b-4df7-a7bf-4e4217f57e64;7ff24787-4792-4e89-9f1d-6ee8bc77d0c0;InstitutionId RSEQ;;;13;13;base;Volleyball C F D3
oui;haute;Secondaire;Volleyball;Volleyball;Féminin;Montréal;ÉS Sophie-Barat;École Sophie-Barat;Montréal;Benjamin;D4;Féminin;8d96fe3f-468b-425b-befa-1b1955a4f9fe;7ff24787-4792-4e89-9f1d-6ee8bc77d0c0;InstitutionId RSEQ;;;10;10;base;Volleyball B F D4 Niveau 1
oui;haute;Secondaire;Volleyball;Volleyball;Féminin;Montréal;ÉS Sophie-Barat;École Sophie-Barat;Montréal;Atome;D4;Féminin;da722e8a-c50e-4d56-860f-1e1d68c6926d;7ff24787-4792-4e89-9f1d-6ee8bc77d0c0;InstitutionId RSEQ;;;10;10;base;Volleyball A F D4 Niveau 1
oui;haute;Secondaire;Volleyball;Volleyball;Féminin;Montréal;ÉS Sophie-Barat;École Sophie-Barat;Montréal;Juvénile;D4;Féminin;7b210522-4d6a-4ef0-86b4-40702c841913;7ff24787-4792-4e89-9f1d-6ee8bc77d0c0;InstitutionId RSEQ;;;12;12;base;Volleyball J F D4 Niveau 1
oui;haute;Secondaire;Volleyball;Volleyball;Féminin;Montréal;ÉS Vanguard;École Vanguard;Montréal;Juvénile;D4;Féminin;7d3e1a9f-a92f-49fb-b053-a865aecf90e0;0c657854-8237-40f1-b9c6-6f1563d5d03e;InstitutionId RSEQ;;;10;10;base;Volleyball J F D4 Niveau 3
oui;haute;Secondaire;Volleyball;Volleyball;Féminin;Montréal;RHS 2;Rosemount High School;Montréal;Juvénile;D4;Féminin;16b00927-f2f8-4848-902b-adc8bcfcdb01;3d35c260-0587-4e0d-bf62-ea3e47022f08;InstitutionId RSEQ;;;11;11;base;Volleyball J F D4 Niveau 2
oui;haute;Secondaire;Volleyball;Volleyball;Féminin;Montréal;Villa Ste-Marcelline (S);Villa Sainte-Marcelline;Westmount;Juvénile;D4;Féminin;a81821bc-59ab-483c-bcd5-f1ba6886f49e;4ce7fd11-616b-4ca7-9fb4-ecbe34772ce4;InstitutionId RSEQ;;;11;11;base;Volleyball J F D4 Niveau 2
oui;haute;Secondaire;Volleyball;Volleyball;Féminin;Montréal;Villa Ste-Marcelline (S);Villa Sainte-Marcelline;Westmount;Benjamin;D4;Féminin;4b0c552c-b3b3-4398-8ba6-42fb8a2d7af0;4ce7fd11-616b-4ca7-9fb4-ecbe34772ce4;InstitutionId RSEQ;;;10;10;base;Volleyball B F D4 Niveau 2
oui;haute;Secondaire;Volleyball;Volleyball;Féminin;Montréal;Villa Ste-Marcelline (S);Villa Sainte-Marcelline;Westmount;Cadet;D4;Féminin;54d257ff-c4a4-4dc9-a396-c6485cf1e283;4ce7fd11-616b-4ca7-9fb4-ecbe34772ce4;InstitutionId RSEQ;;;10;10;base;Volleyball C F D4 Niveau 2
oui;haute;Secondaire;Volleyball;Volleyball;Féminin;Montréal;Villa-Maria;Villa Maria;Montréal;Juvénile;D3;Féminin;62a0e4e2-ea49-4163-acaf-9c3780aada7a;4cb4b962-e10c-4c5a-a116-9e3f834a9d6d;InstitutionId RSEQ;;;13;13;base;Volleyball J F D3
oui;haute;Secondaire;Volleyball;Volleyball;Féminin;Montréal;Villa-Maria;Villa Maria;Montréal;Atome;D3;Féminin;e003635e-02b0-48be-accf-301d216fc6e7;4cb4b962-e10c-4c5a-a116-9e3f834a9d6d;InstitutionId RSEQ;;;10;10;base;Volleyball A F D3
oui;haute;Secondaire;Volleyball;Volleyball;Féminin;Montréal;Villa-Maria;Villa Maria;Montréal;Cadet;D3;Féminin;b0e23259-fe43-4e1c-8aba-14050abe7a74;4cb4b962-e10c-4c5a-a116-9e3f834a9d6d;InstitutionId RSEQ;;;13;13;base;Volleyball C F D3
oui;haute;Secondaire;Volleyball;Volleyball;Féminin;Montréal;Villa-Maria;Villa Maria;Montréal;Benjamin;D3;Féminin;ffa84f5f-9bfa-4b15-907c-bd0bb9f63f36;4cb4b962-e10c-4c5a-a116-9e3f834a9d6d;InstitutionId RSEQ;;;10;10;base;Volleyball B F D3
oui;haute;Secondaire;Volleyball;Volleyball;Féminin;Montréal;Villa-Maria;Villa Maria;Montréal;Cadet;D4;Féminin;940e5fbf-eb2b-4bf6-9198-dda82c4995f8;4cb4b962-e10c-4c5a-a116-9e3f834a9d6d;InstitutionId RSEQ;;;12;12;base;Volleyball C F D4 Niveau 1
oui;haute;Secondaire;Volleyball;Volleyball;Féminin;Montréal;Vincent Massey;Collège Vincent Massey;Montréal;Juvénile;D4;Féminin;bc90e67d-4688-497c-9df2-cb6fc197cc7c;1d63f9f8-d0fc-4750-8344-7f2bdd6aee64;InstitutionId RSEQ;;;12;12;base;Volleyball J F D4 Niveau 1
oui;haute;Secondaire;Volleyball;Volleyball;Masculin;Provincial;Académie Lafontaine;Académie Lafontaine;Saint-Jérôme;Juvénile;D1;Masculin;f063ce27-a9fd-4251-967f-9a4e987040f6;94bfa2ac-c7ac-4564-8703-422c3881729a;InstitutionId RSEQ;;;16;16;base;Volleyball J M D1
oui;haute;Secondaire;Volleyball;Volleyball;Féminin;Provincial;Académie Sainte-Thérèse;Académie Ste-Thérèse;Sainte-Thérèse;Cadet;D1;Féminin;1d7c45d3-a802-4c56-acc5-fe618585eab2;f965dd47-d107-4f2e-b1f6-fc43700b30ca;InstitutionId RSEQ;;;18;18;base;Volleyball C F D1
oui;haute;Secondaire;Volleyball;Volleyball;Féminin;Provincial;Académie Sainte-Thérèse;Académie Ste-Thérèse;Sainte-Thérèse;Juvénile;D1;Féminin;a59a29fc-38ef-4c14-bd58-75e169b92322;f965dd47-d107-4f2e-b1f6-fc43700b30ca;InstitutionId RSEQ;;;18;18;base;Volleyball J F D1
oui;haute;Secondaire;Volleyball;Volleyball;Féminin;Provincial;Académie Sainte-Thérèse;Académie Ste-Thérèse;Sainte-Thérèse;Benjamin;D1;Féminin;14ae80ea-5683-4fbf-b898-5b7bfe439e83;f965dd47-d107-4f2e-b1f6-fc43700b30ca;InstitutionId RSEQ;;;15;15;base;Volleyball B F D1
oui;haute;Secondaire;Volleyball;Volleyball;Masculin;Provincial;Académie Sainte-Thérèse;Académie Ste-Thérèse;Sainte-Thérèse;Juvénile;D1;Masculin;c4dbc10e-b56e-43d3-b576-6489333ec9b5;f965dd47-d107-4f2e-b1f6-fc43700b30ca;InstitutionId RSEQ;;;16;16;base;Volleyball J M D1
oui;haute;Secondaire;Volleyball;Volleyball;Féminin;Provincial;Coll. Jean de la Mennais;Collège Jean de la Mennais;La Prairie;Cadet;D1;Féminin;cbafcbc7-abe9-4750-864f-f4a804f80d70;b711a119-5296-4447-b8f2-ea2e656d441c;InstitutionId RSEQ;;;18;18;base;Volleyball C F D1
oui;haute;Secondaire;Volleyball;Volleyball;Féminin;Provincial;Collège Durocher;Collège Durocher Saint-Lambert;Saint-Lambert;Cadet;D1;Féminin;4fba26a3-6845-4f1e-9e92-5efdbf4801e7;4a3e8e63-4bd3-407a-b4bd-84b04b607a88;InstitutionId RSEQ;;;18;18;base;Volleyball C F D1
oui;haute;Secondaire;Volleyball;Volleyball;Masculin;Provincial;Collège Durocher;Collège Durocher Saint-Lambert;Saint-Lambert;Juvénile;D1;Masculin;5973555e-4384-4e24-82fe-462b73d92976;4a3e8e63-4bd3-407a-b4bd-84b04b607a88;InstitutionId RSEQ;;;16;16;base;Volleyball J M D1
oui;haute;Secondaire;Volleyball;Volleyball;Féminin;Provincial;Collège Jean-de-Brébeuf;Collège Jean-de-Brébeuf;Montréal;Cadet;D1;Féminin;b58172e4-e606-4921-91b6-2ca8faa7d318;506408d1-a176-4744-bb57-687bc9a41a1e;InstitutionId RSEQ;;;18;18;base;Volleyball C F D1
oui;haute;Secondaire;Volleyball;Volleyball;Féminin;Provincial;Collège Jean-Eudes;Collège Jean-Eudes;Montréal;Cadet;D1;Féminin;73bf857b-a847-4a5d-afdd-4ae2b2338c87;ea11a9e0-aad9-4294-8ac2-2a6302317e0c;InstitutionId RSEQ;;;18;18;base;Volleyball C F D1
oui;haute;Secondaire;Volleyball;Volleyball;Féminin;Provincial;Collège Laval;Collège Laval;Laval;Cadet;D1;Féminin;f2e98949-5278-43f1-b847-faa08a9b82fc;bb250d92-fb4f-476a-a9cb-1b3176ccaa84;InstitutionId RSEQ;;;18;18;base;Volleyball C F D1
oui;haute;Secondaire;Volleyball;Volleyball;Féminin;Provincial;Collège Reine-Marie;Collège Reine-Marie;Montréal;Cadet;D1;Féminin;1dd01ab4-1534-4622-8414-2ac33522bce4;9b6961c4-6b05-44ee-8272-7a1835aaa8ce;InstitutionId RSEQ;;;18;18;base;Volleyball C F D1
oui;haute;Secondaire;Volleyball;Volleyball;Masculin;Provincial;Collège Reine-Marie;Collège Reine-Marie;Montréal;Juvénile;D1;Masculin;87a4b296-475e-4609-9b60-d4aca35e45d5;9b6961c4-6b05-44ee-8272-7a1835aaa8ce;InstitutionId RSEQ;;;16;16;base;Volleyball J M D1
oui;haute;Secondaire;Volleyball;Volleyball;Féminin;Provincial;É. sec. de La Seigneurie;École de la Seigneurie;Québec;Benjamin;D1;Féminin;6b4cfc02-ce37-4052-91a7-1c8e24f32ddb;deeb91d4-d07f-4100-b8aa-6008da51004f;InstitutionId RSEQ;;;15;15;base;Volleyball B F D1
oui;haute;Secondaire;Volleyball;Volleyball;Masculin;Provincial;É. sec. de La Seigneurie;École de la Seigneurie;Québec;Juvénile;D1;Masculin;b67bd425-9218-40c6-8f9a-85b48d7f954e;deeb91d4-d07f-4100-b8aa-6008da51004f;InstitutionId RSEQ;;;16;16;base;Volleyball J M D1
oui;haute;Secondaire;Volleyball;Volleyball;Masculin;Provincial;É. sec. De Mortagne;École secondaire De Mortagne;Boucherville;Juvénile;D1;Masculin;7ba1f30a-0870-4922-a9ac-2163cbc5c440;aea73880-b3ed-48d0-a2ba-291b9e055bd6;InstitutionId RSEQ;;;16;16;base;Volleyball J M D1
oui;haute;Secondaire;Volleyball;Volleyball;Féminin;Provincial;É. sec. De Mortagne;École secondaire De Mortagne;Boucherville;Cadet;D1;Féminin;7ba2bf17-8838-4edc-8f3e-f2e18c1d71d8;aea73880-b3ed-48d0-a2ba-291b9e055bd6;InstitutionId RSEQ;;;18;18;base;Volleyball C F D1
oui;haute;Secondaire;Volleyball;Volleyball;Masculin;Provincial;É. sec. du Triolet;École du Triolet;Sherbrooke;Juvénile;D1;Masculin;641c6a79-f655-400d-a58f-e36638396d60;7d59545c-415c-48d1-8a1e-3e02554247f0;InstitutionId RSEQ;;;16;16;base;Volleyball J M D1
oui;haute;Secondaire;Volleyball;Volleyball;Féminin;Provincial;É. sec. Félix-Leclerc;École secondaire Félix-Leclerc;Repentigny;Cadet;D1;Féminin;780c17cd-b03b-45f7-8fb4-05adc3ae1238;61f47ab5-0b59-4983-8885-e0a8eada1663;InstitutionId RSEQ;;;18;18;base;Volleyball C F D1
oui;haute;Secondaire;Volleyball;Volleyball;Féminin;Provincial;É. sec. Veilleux;École secondaire Veilleux;Saint-Joseph-de-Beauce;Juvénile;D1;Féminin;d8b527ad-11ed-49d8-8cf1-5c00be548626;f08218c2-61b9-4561-90ba-5bccdccd63e6;InstitutionId RSEQ;;;18;18;base;Volleyball J F D1
oui;haute;Secondaire;Volleyball;Volleyball;Masculin;Provincial;É. sec. Veilleux;École secondaire Veilleux;Saint-Joseph-de-Beauce;Juvénile;D1;Masculin;d1aca39d-8321-4a33-a1d3-ea95fe867335;f08218c2-61b9-4561-90ba-5bccdccd63e6;InstitutionId RSEQ;;;16;16;base;Volleyball J M D1
oui;haute;Secondaire;Volleyball;Volleyball;Masculin;Provincial;École Chavigny;École Chavigny;Trois-Rivières;Juvénile;D1;Masculin;6fb79d78-9b85-46a7-9597-417996aec2a9;70b6ebd9-888c-4fbd-b07f-768a3bfc2e18;InstitutionId RSEQ;;;16;16;base;Volleyball J M D1
oui;haute;Secondaire;Volleyball;Volleyball;Féminin;Provincial;Séminaire de Sherbrooke;Séminaire de Sherbrooke;Sherbrooke;Cadet;D1;Féminin;d9d540cf-cdd2-4473-ab67-62c55dd2f0d3;5d8885c8-037d-4e82-84eb-e6822b59c543;InstitutionId RSEQ;;;18;18;base;Volleyball C F D1
