DT_MAJ_GDUNO,CD_ORGNS,NOM_COURT,NOM_OFFCL,ADRS_GEO_L1_GDUNO,ADRS_GEO_L2_GDUNO,CD_MUNCP,NOM_MUNCP,STAT_MUNCP,CD_POSTL_GDUNO,PRESC,PRIM,SEC,FORM_PRO,ADULTE,TYPE_ORGNS,RESEAU,SITE_WEB,CD_ORGNS_RESP,NOM_ORGNS_RESP,COORD_X_LL84,COORD_Y_LL84,ORDRE_ENS,TYPE_CS,NO_TEL
,689007,École Harrington,École Harrington,"4, allée Mary-Morency",Harrington Harbour,98015,Côte-Nord-du-Golfe-du-Saint-Laurent,M,G0G1N0,1,1,1,0,0,École,Public,https://cssdulittoral.gouv.qc.ca/ecole/ecole-harrington/,689000,Centre de services scolaire du Littoral,-59.480028,50.500143,Préscolaire - Primaire - Secondaire,Statut,418 795-3391
,689008,École Mecatina,École Mecatina,"2, rue du Cove Sud",La Tabatière,98014,Gros-Mécatina,M,G0G1T0,1,1,1,0,0,École,Public,https://cssdulittoral.gouv.qc.ca/ecole/ecole-mecatina/,689000,Centre de services scolaire du Littoral,-58.958308,50.829549,Préscolaire - Primaire - Secondaire,Statut,418 773-2500
,689009,École Kegaska,École Kegaska,"102, rue Jacques-Cartier",Kegaska,98015,Côte-Nord-du-Golfe-du-Saint-Laurent,M,G0G1S0,1,1,1,0,0,École,Public,https://cssdulittoral.gouv.qc.ca/ecole/ecole-kegaska/,689000,Centre de services scolaire du Littoral,-61.272308,50.18925,Préscolaire - Primaire - Secondaire,Statut,418 726-3283
,689010,École Mountain Ridge,École Mountain Ridge,"503, boulevard Bonne-Espérance",Vieux-Fort,98010,Bonne-Espérance,M,G0G2G0,1,1,0,0,0,École,Public,https://cssdulittoral.gouv.qc.ca/ecole/ecole-mountain-ridge/,689000,Centre de services scolaire du Littoral,-57.817515,51.425916,Préscolaire - Primaire,Statut,418 379-2297
,689012,École Saint-Augustine,École Saint-Augustine,"107, rue de la Brunante",,98012,Saint-Augustin,M,G0G2R0,1,1,1,0,0,École,Public,https://cssdulittoral.gouv.qc.ca/ecole/ecole-st-augustine/,689000,Centre de services scolaire du Littoral,-58.647792,51.226592,Préscolaire - Primaire - Secondaire,Statut,418 947-2312
,689014,École Saint-Paul,École Saint-Paul,"2, Baylis West",Rivière Saint-Paul,98010,Bonne-Espérance,M,G0G2P0,0,0,1,0,0,École,Public,https://cssdulittoral.gouv.qc.ca/ecole/ecole-st-paul/,689000,Centre de services scolaire du Littoral,-57.70766,51.476938,Secondaire,Statut,418 379-2107
,689016,École Monseigneur-Scheffer,École Monseigneur-Scheffer,"20, rue Mgr-Scheffer",Lourdes-de-Blanc-Sablon,98005,Blanc-Sablon,M,G0G1W0,1,1,1,0,0,École,Public,https://cssdulittoral.gouv.qc.ca/ecole/ecole-mgr-scheffer/,689000,Centre de services scolaire du Littoral,-57.187178,51.414454,Préscolaire - Primaire - Secondaire,Statut,418 461-2030
,689017,École Saint-Joseph,École Saint-Joseph,"2, rue Savoy",Port-Menier,98020,L'Île-d'Anticosti,M,G0G2Y0,1,1,1,0,0,École,Public,https://cssdulittoral.gouv.qc.ca/ecole/ecole-st-joseph/,689000,Centre de services scolaire du Littoral,-64.350197,49.817583,Préscolaire - Primaire - Secondaire,Statut,418 535-0137
,689018,École Gabriel-Dionne,École Gabriel-Dionne,"261, avenue de l'Église",Tête-à-la-Baleine,98015,Côte-Nord-du-Golfe-du-Saint-Laurent,M,G0G2W0,1,1,1,0,0,École,Public,https://cssdulittoral.gouv.qc.ca/ecole/ecole-gabriel-dionne/,689000,Centre de services scolaire du Littoral,-59.323685,50.70155,Préscolaire - Primaire - Secondaire,Statut,418 242-2050
,689019,École Netagamiou,École Netagamiou,"61, chemin Netagamiou",Chevery,98015,Côte-Nord-du-Golfe-du-Saint-Laurent,M,G0G1G0,1,1,1,0,0,École,Public,https://cssdulittoral.gouv.qc.ca/ecole/ecole-netagamiou/,689000,Centre de services scolaire du Littoral,-59.618839,50.467455,Préscolaire - Primaire - Secondaire,Statut,418 787-2201
,689304,CEA Marie-Sarah,Centre d'éducation des adultes Marie-Sarah,"24, chemin du Ruisseau",La Romaine,98804,La Romaine,R,G0G1M0,0,0,0,0,1,Centre éducation aux adultes,Public,,689000,Centre de services scolaire du Littoral,-60.67581,50.218032,Éducation aux adultes,Statut,418 229-2333
,689307,CEA Harrington,Centre d'éducation des adultes Harrington,"4, allée Mary-Morency",Harrington Harbour,98015,Côte-Nord-du-Golfe-du-Saint-Laurent,M,G0G1N0,0,0,0,0,1,Centre éducation aux adultes,Public,,689000,Centre de services scolaire du Littoral,-59.480042,50.500152,Éducation aux adultes,Statut,418 461-3568
,689308,CEA Mecatina,Centre d'éducation des adultes Mecatina,"2, rue du Cove Sud",La Tabatière,98014,Gros-Mécatina,M,G0G1T0,0,0,0,0,1,Centre éducation aux adultes,Public,,689000,Centre de services scolaire du Littoral,-58.958308,50.829549,Éducation aux adultes,Statut,418 461-3568
,689309,CEA Kegaska,Centre d'éducation des adultes Kegaska,"102, rue Jacques-Cartier",Kegaska,98015,Côte-Nord-du-Golfe-du-Saint-Laurent,M,G0G1S0,0,0,0,0,1,Centre éducation aux adultes,Public,,689000,Centre de services scolaire du Littoral,-61.272308,50.18925,Éducation aux adultes,Statut,418 461-3568
,689310,CEA Mountain Ridge,Centre d'éducation des adultes Mountain Ridge,"503, boulevard Bonne-Espérance",Vieux-Fort,98010,Bonne-Espérance,M,G0G2G0,0,0,0,0,1,Centre éducation aux adultes,Public,,689000,Centre de services scolaire du Littoral,-57.817515,51.425916,Éducation aux adultes,Statut,418 461-3568
,689311,CEA Saint-Bernard,Centre d'éducation des adultes Saint-Bernard,"16, rue du Cap",Lourdes-de-Blanc-Sablon,98005,Blanc-Sablon,M,G0G1W0,0,0,0,0,1,Centre éducation aux adultes,Public,https://cssdulittoral.gouv.qc.ca/ecole/centre-deducation-des-adultes/,689000,Centre de services scolaire du Littoral,-57.201969,51.412859,Éducation aux adultes,Statut,418 461-3568
,689312,CEA Saint-Augustine,Centre d'éducation des adultes Saint-Augustine,"107, rue de la Brunante",,98012,Saint-Augustin,M,G0G2R0,0,0,0,0,1,Centre éducation aux adultes,Public,,689000,Centre de services scolaire du Littoral,-58.647792,51.226592,Éducation aux adultes,Statut,418 461-3568
,689313,CEA Saint-Lawrence,Centre d'éducation des adultes Saint-Lawrence,"3, rue St-Lawrence",Mutton Bay,98014,Gros-Mécatina,M,G0G2C0,0,0,0,0,1,Centre éducation aux adultes,Public,,689000,Centre de services scolaire du Littoral,-59.026581,50.772271,Éducation aux adultes,Statut,418 461-3568
,689314,CEA Saint-Paul,Centre d'éducation des adultes Saint-Paul,"2, Baylis West",Rivière Saint-Paul,98010,Bonne-Espérance,M,G0G2P0,0,0,0,0,1,Centre éducation aux adultes,Public,,689000,Centre de services scolaire du Littoral,-57.70766,51.476938,Éducation aux adultes,Statut,418 461-3568
,689317,CEA Saint-Joseph,Centre d'éducation des adultes Saint-Joseph,"2, rue Savoy",Port-Menier,98020,L'Île-d'Anticosti,M,G0G2Y0,0,0,0,0,1,Centre éducation aux adultes,Public,,689000,Centre de services scolaire du Littoral,-64.350197,49.817583,Éducation aux adultes,Statut,418 461-3568
,689318,CEA Gabriel-Dionne,Centre d'éducation des adultes Gabriel-Dionne,"261, avenue de l'Église",Tête-à-la-Baleine,98015,Côte-Nord-du-Golfe-du-Saint-Laurent,M,G0G2W0,0,0,0,0,1,Centre éducation aux adultes,Public,,689000,Centre de services scolaire du Littoral,-59.323685,50.70155,Éducation aux adultes,Statut,418 461-3568
,689319,CEA Netagamiou,Centre d'éducation des adultes Netagamiou,"61, chemin Netagamiou",Chevery,98015,Côte-Nord-du-Golfe-du-Saint-Laurent,M,G0G1G0,0,0,0,0,1,Centre éducation aux adultes,Public,,689000,Centre de services scolaire du Littoral,-59.618848,50.467455,Éducation aux adultes,Statut,418 461-3568
,689404,CFP Marie-Sarah,Centre de formation professionnelle Marie-Sarah,"24, chemin du Ruisseau",La Romaine,98804,La Romaine,R,G0G1M0,0,0,0,1,0,Centre de formation professionnelle,Public,,689000,Centre de services scolaire du Littoral,-60.67581,50.218032,Formation professionnelle,Statut,418 229-2333
,689407,CFP Harrington,Centre de formation professionnelle Harrington,"4, allée Mary-Morency",Harrington Harbour,98015,Côte-Nord-du-Golfe-du-Saint-Laurent,M,G0G1N0,0,0,0,1,0,Centre de formation professionnelle,Public,,689000,Centre de services scolaire du Littoral,-59.480042,50.500152,Formation professionnelle,Statut,418 461-3568
,689408,CFP Mecatina,Centre de formation professionnelle Mecatina,"2, rue du Cove Sud",La Tabatière,98014,Gros-Mécatina,M,G0G1T0,0,0,0,1,0,Centre de formation professionnelle,Public,,689000,Centre de services scolaire du Littoral,-58.958308,50.829549,Formation professionnelle,Statut,418 461-3568
,689409,CFP Kegaska,Centre de formation professionnelle Kegaska,"102, rue Jacques-Cartier",Kegaska,98015,Côte-Nord-du-Golfe-du-Saint-Laurent,M,G0G1S0,0,0,0,1,0,Centre de formation professionnelle,Public,,689000,Centre de services scolaire du Littoral,-61.272308,50.18925,Formation professionnelle,Statut,418 461-3568
,689410,CFP Mountain Ridge,Centre de formation professionnelle Mountain Ridge,"503, boulevard Bonne-Espérance",Vieux-Fort,98010,Bonne-Espérance,M,G0G2G0,0,0,0,1,0,Centre de formation professionnelle,Public,,689000,Centre de services scolaire du Littoral,-57.817515,51.425916,Formation professionnelle,Statut,418 461-3568
,689411,CFP Saint-Bernard,Centre de formation professionnelle Saint-Bernard,"16, rue du Cap",Lourdes-de-Blanc-Sablon,98005,Blanc-Sablon,M,G0G1W0,0,0,0,1,0,Centre de formation professionnelle,Public,https://cssdulittoral.gouv.qc.ca/ecole/centre-deducation-des-adultes/,689000,Centre de services scolaire du Littoral,-57.201969,51.412859,Formation professionnelle,Statut,418 461-3568
,689412,CFP Saint-Augustine,Centre de formation professionnelle Saint-Augustine,"107, rue de la Brunante",,98012,Saint-Augustin,M,G0G2R0,0,0,0,1,0,Centre de formation professionnelle,Public,,689000,Centre de services scolaire du Littoral,-58.647792,51.226592,Formation professionnelle,Statut,418 461-3568
,689413,CFP Saint-Lawrence,Centre de formation professionnelle Saint-Lawrence,"3, rue St-Lawrence",Mutton Bay,98014,Gros-Mécatina,M,G0G2C0,0,0,0,1,0,Centre de formation professionnelle,Public,,689000,Centre de services scolaire du Littoral,-59.026581,50.772271,Formation professionnelle,Statut,418 461-3568
,689414,CFP Saint-Paul,Centre de formation professionnelle Saint-Paul,"2, Baylis West",Rivière Saint-Paul,98010,Bonne-Espérance,M,G0G2P0,0,0,0,1,0,Centre de formation professionnelle,Public,,689000,Centre de services scolaire du Littoral,-57.70766,51.476938,Formation professionnelle,Statut,418 461-3568
,689417,CFP Saint-Joseph,Centre de formation professionnelle Saint-Joseph,"2, rue Savoy",Port-Menier,98020,L'Île-d'Anticosti,M,G0G2Y0,0,0,0,1,0,Centre de formation professionnelle,Public,,689000,Centre de services scolaire du Littoral,-64.350197,49.817583,Formation professionnelle,Statut,418 461-3568
,689418,CFP Gabriel-Dionne,Centre de formation professionnelle Gabriel-Dionne,"261, avenue de l'Église",Tête-à-la-Baleine,98015,Côte-Nord-du-Golfe-du-Saint-Laurent,M,G0G2W0,0,0,0,1,0,Centre de formation professionnelle,Public,,689000,Centre de services scolaire du Littoral,-59.323685,50.70155,Formation professionnelle,Statut,418 461-3568
,689419,CFP Netagamiou,Centre de formation professionnelle Netagamiou,"61, chemin Netagamiou",Chevery,98015,Côte-Nord-du-Golfe-du-Saint-Laurent,M,G0G1G0,0,0,0,1,0,Centre de formation professionnelle,Public,,689000,Centre de services scolaire du Littoral,-59.618839,50.467455,Formation professionnelle,Statut,418 461-3568
,711002,École Lac-au-Saumon,École Lac-au-Saumon,"81, rue du Rosaire",,07057,Lac-au-Saumon,M,G0J1M0,1,1,0,0,0,École,Public,,711000,Centre de services scolaire des Monts-et-Marées,-67.348449,48.421558,Préscolaire - Primaire,Franco,418 778-3363
,711007,École St-Vianney - St-Tharcisius,École Saint-Vianney - Saint-Tharcisius,"160, avenue Centrale",,07075,Saint-Vianney,M,G0J3J0,1,1,0,0,0,École,Public,,711000,Centre de services scolaire des Monts-et-Marées,-67.411775,48.617431,Préscolaire - Primaire,Franco,418 629-3879
,711009,École Victor-Côté,École Victor-Côté,"505, avenue Saint-Jérôme",,08053,Matane,V,G4W3B8,1,1,0,0,0,École,Public,,711000,Centre de services scolaire des Monts-et-Marées,-67.530048,48.848243,Préscolaire - Primaire,Franco,418 562-2645
,711012,École Caron,École Caron,"50, rue Roy",,07047,Amqui,V,G5J1V2,1,1,0,0,0,École,Public,https://cssmm.gouv.qc.ca/caron,711000,Centre de services scolaire des Monts-et-Marées,-67.439104,48.464011,Préscolaire - Primaire,Franco,418 629-4267
,711014,École Saint-Léon-le-Grand,École Saint-Léon-le-Grand,"241, rue Gendron",,07030,Saint-Léon-le-Grand,P,G0J2W0,1,1,0,0,0,École,Public,https://www.cssmm.gouv.qc.ca/saint-leon-le-grand/,711000,Centre de services scolaire des Monts-et-Marées,-67.502804,48.382076,Préscolaire - Primaire,Franco,418 743-2828
,711019,École Bon-Pasteur,École Bon-Pasteur,"310, boulevard Dion",,08053,Matane,V,G4W3M1,1,1,0,0,0,École,Public,,711000,Centre de services scolaire des Monts-et-Marées,-67.541345,48.843129,Préscolaire - Primaire,Franco,418 562-1409
,711021,École Secondaire Armand-Saint-Onge,École Secondaire Armand-Saint-Onge,"95, avenue du Parc",,07047,Amqui,V,G5J2L8,0,0,1,0,0,École,Public,,711000,Centre de services scolaire des Monts-et-Marées,-67.438879,48.460665,Secondaire,Franco,418 629-2201
,711027,École Saint-Victor,École Saint-Victor,"676, chemin de la Grève",,08053,Matane,V,G4W7A7,1,1,0,0,0,École,Public,,711000,Centre de services scolaire des Monts-et-Marées,-67.448822,48.866904,Préscolaire - Primaire,Franco,418 562-1740
,711037,École Zénon-Soucy,École Zénon-Soucy,"152, avenue Saint-Rédempteur",,08053,Matane,V,G4W1K2,1,1,0,0,0,École,Public,,711000,Centre de services scolaire des Monts-et-Marées,-67.520739,48.846247,Préscolaire - Primaire,Franco,418 562-0827
,711038,École Val-Brillant,École Val-Brillant,"14, rue de la Fabrique",,07080,Val-Brillant,M,G0J3L0,1,1,0,0,0,École,Public,,711000,Centre de services scolaire des Monts-et-Marées,-67.547185,48.531689,Préscolaire - Primaire,Franco,418 742-3279
,711040,École Sainte-Ursule,École Sainte-Ursule,"123, rue Desbiens",,07047,Amqui,V,G5J3P9,1,1,0,0,0,École,Public,,711000,Centre de services scolaire des Monts-et-Marées,-67.432142,48.468524,Préscolaire - Primaire,Franco,418 629-2248
,711059,École secondaire de Matane,École secondaire de Matane,"455, avenue Saint-Rédempteur",,08053,Matane,V,G4W1K7,0,0,1,0,0,École,Public,,711000,Centre de services scolaire des Monts-et-Marées,-67.508886,48.842007,Secondaire,Franco,418 562-5429
,711101,École Entre-Vents-et-Marées,École Entre-Vents-et-Marées,"197, avenue Ulric-Tessier",,08073,Saint-Ulric,M,G0J3H0,1,1,0,0,0,École,Public,,711000,Centre de services scolaire des Monts-et-Marées,-67.702158,48.786642,Préscolaire - Primaire,Franco,418 737-4831
,711102,École des Grands-Horizons,École des Grands-Horizons,"207, boulevard Perron",,08023,Sainte-Félicité,M,G0J2V0,1,1,0,0,0,École,Public,,711000,Centre de services scolaire des Monts-et-Marées,-67.337127,48.900663,Préscolaire - Primaire,Franco,418 733-4276
,711103,École de Sayabec,École de Sayabec,"8, rue Keable, C.P. 250",,07085,Sayabec,M,G0J3K0,1,1,1,0,0,École,Public,,711000,Centre de services scolaire des Monts-et-Marées,-67.681161,48.564171,Préscolaire - Primaire - Secondaire,Franco,418 536-5431
,711104,École des Trois-Boisés,École des Trois-Boisés,"25, rue de l'Église",,07100,Saint-Noël,VL,G0J3A0,1,1,0,0,0,École,Public,,711000,Centre de services scolaire des Monts-et-Marées,-67.83561,48.585267,Préscolaire - Primaire,Franco,418 776-2639
,711105,École des Érables,École des Érables,"7, rue du Collège",,08053,Matane,V,G4W9B4,1,1,0,0,0,École,Public,,711000,Centre de services scolaire des Monts-et-Marées,-67.471969,48.797946,Préscolaire - Primaire,Franco,418 562-1840
,711106,École Forimont,École Forimont,"145, rue Saint-Luc",,07018,Causapscal,V,G0J1J0,1,1,1,0,0,École,Public,,711000,Centre de services scolaire des Monts-et-Marées,-67.223381,48.347595,Préscolaire - Primaire - Secondaire,Franco,418 756-3481
,711300,CEA des Monts-et-Marées,Centre d'éducation des adultes des Monts-et-Marées,"123, rue Desbiens, local 102",,07047,Amqui,V,G5J3P9,0,0,0,0,1,Centre éducation aux adultes,Public,,711000,Centre de services scolaire des Monts-et-Marées,-67.43214,48.468528,Éducation aux adultes,Franco,418 629-5404
,711460,CFPRO Matanie - Vallée & Foresterie,Centre de formation professionnelle Matanie - Vallée et Foresterie,"271, boulevard du Père-Lamarche",,08053,Matane,V,G4W0C3,0,0,0,1,0,Centre de formation professionnelle,Public,https://cfpro.ca/,711000,Centre de services scolaire des Monts-et-Marées,-67.509329,48.840783,Formation professionnelle,Franco,800 665-2367
,712001,École de l'Écho-des-Montagnes-Lavoie,École de l'Écho-des-Montagnes-Lavoie,"10, 8e Avenue Lefrançois",,10070,Saint-Fabien,P,G0L2Z0,1,1,1,0,0,École,Public,https://www.csphares.qc.ca/st-fabien/,712000,Centre de services scolaire des Phares,-68.864832,48.29506,Préscolaire - Primaire - Secondaire,Franco,418 869-2033
,712002,École de l'Estran,École de l'Estran,"399, rue La Salle",,10043,Rimouski,V,G5L3V8,1,1,0,0,0,École,Public,https://estran.cssphares.gouv.qc.ca/,712000,Centre de services scolaire des Phares,-68.547945,48.443085,Préscolaire - Primaire,Franco,418 724-3551
,712003,École Paul-Hubert,École Paul-Hubert,"250, boulevard Arthur-Buies Ouest",,10043,Rimouski,V,G5L7A7,0,1,1,0,0,École,Public,https://paulhubert.cssphares.gouv.qc.ca/,712000,Centre de services scolaire des Phares,-68.519981,48.435224,Primaire - Secondaire,Franco,418 724-3439
,712004,École Élisabeth-Turgeon,École Élisabeth-Turgeon,"10, 8e Rue Ouest",,10043,Rimouski,V,G5L5B4,1,1,0,0,0,École,Public,https://elisabethturgeon.cssphares.gouv.qc.ca/,712000,Centre de services scolaire des Phares,-68.514837,48.442275,Préscolaire - Primaire,Franco,418 724-3553
,712005,École du Mistral,École du Mistral,"254, avenue Ross",,09077,Mont-Joli,V,G5H3M4,0,1,1,0,0,École,Public,https://mistral.cssphares.gouv.qc.ca/,712000,Centre de services scolaire des Phares,-68.199342,48.582666,Primaire - Secondaire,Franco,418 775-7206
,712006,Sainte-Luce-des Bois-et-Marées,École de Sainte-Luce-des Bois-et-Marées,"53, rue Saint-Pierre Est",,09092,Sainte-Luce,M,G0K1P0,1,1,1,0,0,École,Public,https://steluceboisetmarees.cssphares.gouv.qc.ca/,712000,Centre de services scolaire des Phares,-68.345453,48.528996,Préscolaire - Primaire - Secondaire,Franco,418 739-4214
,712007,École du Grand-Pavois,École du Grand-Pavois,"130, rue Côté",,10043,Rimouski,V,G5L2Y2,1,1,0,0,0,École,Public,https://grandpavois.cssphares.gouv.qc.ca/,712000,Centre de services scolaire des Phares,-68.515467,48.459637,Préscolaire - Primaire,Franco,418 724-3555
,712008,École Langevin-Saint-Jean,École Langevin-Saint-Jean,"105, rue Saint-Jean-Baptiste Ouest",,10043,Rimouski,V,G5L4J2,0,1,1,0,0,École,Public,https://langevin.cssphares.gouv.qc.ca/,712000,Centre de services scolaire des Phares,-68.526797,48.445875,Primaire - Secondaire,Franco,418 724-3384
,712009,École de l'Aquarelle,École de l'Aquarelle,"247, rue Saint-Laurent Ouest",,10043,Rimouski,V,G5L4P8,1,1,0,0,0,École,Public,https://aquarelle.cssphares.gouv.qc.ca/,712000,Centre de services scolaire des Phares,-68.530179,48.440232,Préscolaire - Primaire,Franco,418 724-3556
,712011,École de la Colombe,École de la Colombe,"15, rue des Érables",,10005,Esprit-Saint,M,G0K1A0,1,1,0,0,0,École,Public,https://boijolicolombe.cssphares.gouv.qc.ca/,712000,Centre de services scolaire des Phares,-68.56222,48.067759,Préscolaire - Primaire,Franco,418 779-2262
,712014,École des Sources-Lévesque,École des Sources-Lévesque,"20, rue Banville",,10030,Saint-Anaclet-de-Lessard,P,G0K1H0,1,1,0,0,0,École,Public,https://sourceslevesque.cssphares.gouv.qc.ca/,712000,Centre de services scolaire des Phares,-68.422626,48.476275,Préscolaire - Primaire,Franco,418 724-3560
,712015,École de Mont-Saint-Louis-Saint-Rosaire,École de Mont-Saint-Louis-Saint-Rosaire,"136, rue de la Grotte",,10043,Rimouski,V,G0L1B0,1,1,1,0,0,École,Public,https://montstlouisstrosaire.cssphares.gouv.qc.ca/,712000,Centre de services scolaire des Phares,-68.707617,48.370368,Préscolaire - Primaire - Secondaire,Franco,418 736-4965
,712016,École du Boisé-des-Prés,École du Boisé-des-Prés,"512, avenue Léonidas Sud",,10043,Rimouski,V,G5M0T8,1,1,0,0,0,École,Public,https://boise-des-pres.cssphares.gouv.qc.ca/,712000,Centre de services scolaire des Phares,-68.492165,48.446973,Préscolaire - Primaire,Franco,418 723-6000
,712017,École Grand Défi,École Grand Défi,"1632, rue Lindsay",,09077,Mont-Joli,V,G5H3A6,0,0,1,0,0,École,Public,https://www.csphares.qc.ca/programme-pii-et-grand-defi/,712000,Centre de services scolaire des Phares,-68.188206,48.584403,Secondaire,Franco,418 722-9057
,712019,École de la Rose-des-Vents,École de la Rose-des-Vents,"355, avenue de la Jeunesse",,10043,Rimouski,V,G5M1J2,1,1,0,0,0,École,Public,https://rosedesvents.cssphares.gouv.qc.ca/,712000,Centre de services scolaire des Phares,-68.46032,48.507544,Préscolaire - Primaire,Franco,418 724-3563
,712020,École des Merisiers,École des Merisiers,"658, route des Pionniers",,10043,Rimouski,V,G5N5P1,1,1,1,0,0,École,Public,https://merisiers.cssphares.gouv.qc.ca/,712000,Centre de services scolaire des Phares,-68.460601,48.361066,Préscolaire - Primaire - Secondaire,Franco,418 735-2115
,712021,École des Beaux-Séjours,École des Beaux-Séjours,"514, rue Tessier",,10043,Rimouski,V,G5L4L9,1,1,0,0,0,École,Public,https://beauxsejours.cssphares.gouv.qc.ca/,712000,Centre de services scolaire des Phares,-68.544694,48.43067,Préscolaire - Primaire,Franco,418 724-3564
,712022,École du Rocher-D'Auteuil,École du Rocher-D'Auteuil,"845, rue Saint-Arsène",,10043,Rimouski,V,G5L3X4,1,1,0,0,0,École,Public,https://rocherdauteuil.cssphares.gouv.qc.ca/,712000,Centre de services scolaire des Phares,-68.589025,48.426577,Préscolaire - Primaire,Franco,418 724-3566
,712025,École Boijoli,École Boijoli,"37, rue de la Montagne",,10015,Saint-Narcisse-de-Rimouski,P,G0K1S0,1,1,1,0,0,École,Public,https://boijolicolombe.cssphares.gouv.qc.ca/,712000,Centre de services scolaire des Phares,-68.435501,48.286505,Préscolaire - Primaire - Secondaire,Franco,418 735-2149
,712030,École des Alizés,École des Alizés,"45, avenue de la Grotte",,09077,Mont-Joli,V,G5H1W4,1,1,0,0,0,École,Public,https://alizes.cssphares.gouv.qc.ca/,712000,Centre de services scolaire des Phares,-68.18609,48.587334,Préscolaire - Primaire,Franco,418 775-3383
,712031,École Norjoli,École Norjoli,"70, avenue Beaupré",,09077,Mont-Joli,V,G5H1C7,1,1,0,0,0,École,Public,https://norjoli.cssphares.gouv.qc.ca/,712000,Centre de services scolaire des Phares,-68.195066,48.59302,Préscolaire - Primaire,Franco,418 775-5265
,712032,École des Cheminots,École des Cheminots,"20, rue Saint-Camille",,09065,Price,VL,G0J1Z0,1,1,0,0,0,École,Public,https://cheminots.cssphares.gouv.qc.ca/,712000,Centre de services scolaire des Phares,-68.123998,48.601103,Préscolaire - Primaire,Franco,418 775-4486
,712034,École du Portage,École du Portage,"530, boulevard de la Vallée",,09035,Sainte-Angèle-de-Mérici,M,G0J2H0,1,1,0,0,0,École,Public,https://portage.cssphares.gouv.qc.ca/,712000,Centre de services scolaire des Phares,-68.08501,48.525398,Préscolaire - Primaire,Franco,418 775-5500
,712036,École des Hauts-Plateaux,École des Hauts-Plateaux,"105, rue Plourde",,09025,Saint-Gabriel-de-Rimouski,M,G0K1M0,1,1,1,0,0,École,Public,https://hautsplateaux.cssphares.gouv.qc.ca/,712000,Centre de services scolaire des Phares,-68.175426,48.423088,Préscolaire - Primaire - Secondaire,Franco,418 798-4951
,712335,Centre d'éducation des adultes,Centre d'éducation des adultes des Phares,"424, avenue Ross",,10043,Rimouski,V,G5L6J2,0,0,0,0,1,Centre éducation aux adultes,Public,https://cea.cssphares.gouv.qc.ca/,712000,Centre de services scolaire des Phares,-68.523943,48.432579,Éducation aux adultes,Franco,418 722-4922
,712405,CFP de Mont-Joli-Mitis,Centre de formation professionnelle de Mont-Joli-Mitis,"1414, rue des Érables",,09077,Mont-Joli,V,G5H4A8,0,0,0,1,0,Centre de formation professionnelle,Public,https://jesuispro.com/,712000,Centre de services scolaire des Phares,-68.200239,48.584425,Formation professionnelle,Franco,418 775-7577
,712442,CFRN-Formation professionnelle,Centre de formation professionnelle de Rimouski-Neigette,"424, avenue Ross",Case postale 3424,10043,Rimouski,V,G5L6J2,0,0,0,1,0,Centre de formation professionnelle,Public,https://jesuispro.com/,712000,Centre de services scolaire des Phares,-68.523943,48.432579,Formation professionnelle,Franco,418 722-4922
,713001,École Litalien,École Litalien,"286, rue Langlais",,11040,Trois-Pistoles,V,G0L4K0,1,1,1,0,0,École,Public,,713000,Centre de services scolaire du Fleuve-et-des-Lacs,-69.172684,48.12538,Préscolaire - Primaire - Secondaire,Franco,418 863-7713
,713002,École Gérard-Collin,École Gérard-Collin,"33, rue du Vieux-Chemin",,13073,Témiscouata-sur-le-Lac,V,G0L1E0,1,1,1,0,0,École,Public,,713000,Centre de services scolaire du Fleuve-et-des-Lacs,-68.882785,47.680524,Préscolaire - Primaire - Secondaire,Franco,418 854-2217
,713004,École du Jall,École du Jall,"775, rue du Clocher",,13045,Auclair,M,G0L1A0,1,1,1,0,0,École,Public,,713000,Centre de services scolaire du Fleuve-et-des-Lacs,-68.641664,47.727503,Préscolaire - Primaire - Secondaire,Franco,418 854-6408
,713005,École Chanoine-Côté,École Chanoine-Côté,"305, rue du Chanoine-Côté",,11040,Trois-Pistoles,V,G0L4K0,1,1,1,0,0,École,Public,,713000,Centre de services scolaire du Fleuve-et-des-Lacs,-69.183207,48.121049,Préscolaire - Primaire - Secondaire,Franco,418 863-7708
,713006,École primaire de Dégelis,École primaire de Dégelis,"383, avenue Principale",,13005,Dégelis,V,G5T1L3,1,1,1,0,0,École,Public,,713000,Centre de services scolaire du Fleuve-et-des-Lacs,-68.646281,47.549461,Préscolaire - Primaire - Secondaire,Franco,418 854-2743
,713007,École des Jolis-Vents,École des Jolis-Vents,"207, rue Principale",,12005,Saint-Cyprien,M,G0L2P0,1,1,1,0,0,École,Public,,713000,Centre de services scolaire du Fleuve-et-des-Lacs,-69.016194,47.893025,Préscolaire - Primaire - Secondaire,Franco,418 863-7717
,713009,École de Saint-Jean-de-Dieu,École de Saint-Jean-de-Dieu,"3, rue Sainte-Marie",,11010,Saint-Jean-de-Dieu,M,G0L3M0,1,1,1,0,0,École,Public,,713000,Centre de services scolaire du Fleuve-et-des-Lacs,-69.043791,48.008292,Préscolaire - Primaire - Secondaire,Franco,418 863-7714
,713010,École de Beaucourt - Saint-Eusèbe,École de Beaucourt - Saint-Eusèbe,"111, rue de l'Église",,13015,Packington,P,G0L1Z0,1,1,1,0,0,École,Public,,713000,Centre de services scolaire du Fleuve-et-des-Lacs,-68.786535,47.489695,Préscolaire - Primaire - Secondaire,Franco,418 854-3571
,713013,École de la Vallée-des-Lacs,École secondaire de la Vallée-des-Lacs,"149, rue Saint-Joseph",,13065,Saint-Michel-du-Squatec,M,G0L4H0,0,1,1,0,0,École,Public,,713000,Centre de services scolaire du Fleuve-et-des-Lacs,-68.719668,47.882811,Primaire - Secondaire,Franco,418 854-2192
,713020,École secondaire de Dégelis,École secondaire de Dégelis,"385, avenue Principale",,13005,Dégelis,V,G5T1L3,0,1,1,0,0,École,Public,,713000,Centre de services scolaire du Fleuve-et-des-Lacs,-68.644738,47.549791,Primaire - Secondaire,Franco,418 854-3421
,713022,École primaire du Transcontinental,École primaire du Transcontinental,"31, rue des Pins Est",,13025,Rivière-Bleue,M,G0L2B0,1,1,1,0,0,École,Public,,713000,Centre de services scolaire du Fleuve-et-des-Lacs,-69.043089,47.43548,Préscolaire - Primaire - Secondaire,Franco,418 854-5672
,713037,École Notre-Dame,École Notre-Dame,"2422, rue Commerciale Sud",,13073,Témiscouata-sur-le-Lac,V,G0L1X0,1,1,1,0,0,École,Public,,713000,Centre de services scolaire du Fleuve-et-des-Lacs,-68.794865,47.612823,Préscolaire - Primaire - Secondaire,Franco,418 854-6643
,713100,École Georges-Gauvin,École Georges-Gauvin,"234, rue Commerciale",,13080,Saint-Louis-du-Ha! Ha!,P,G0L3S0,1,1,1,0,0,École,Public,,713000,Centre de services scolaire du Fleuve-et-des-Lacs,-68.978899,47.671949,Préscolaire - Primaire - Secondaire,Franco,418 854-2003
,713108,École La Source,École La Source,"149, rue Saint-Joseph",,13065,Saint-Michel-du-Squatec,M,G0L4H0,1,1,1,0,0,École,Public,,713000,Centre de services scolaire du Fleuve-et-des-Lacs,-68.719668,47.882811,Préscolaire - Primaire - Secondaire,Franco,418 854-2192
,713121,École secondaire de Cabano,École secondaire de Cabano,"120, boulevard Phil-Latulippe",,13073,Témiscouata-sur-le-Lac,V,G0L1E0,0,1,1,0,0,École,Public,,713000,Centre de services scolaire du Fleuve-et-des-Lacs,-68.884126,47.678656,Primaire - Secondaire,Franco,418 854-3640
,713127,École secondaire de Trois-Pistoles,École secondaire de Trois-Pistoles,"455, rue Jenkin",,11040,Trois-Pistoles,V,G0L4K0,0,1,1,0,0,École,Public,,713000,Centre de services scolaire du Fleuve-et-des-Lacs,-69.175183,48.119402,Primaire - Secondaire,Franco,418 863-7710
,713132,École secondaire du Transcontinental,École secondaire du Transcontinental,"685, rang Notre-Dame-des-Champs",,13095,Pohénégamook,V,G0L1J0,0,1,1,0,0,École,Public,,713000,Centre de services scolaire du Fleuve-et-des-Lacs,-69.158061,47.476921,Primaire - Secondaire,Franco,418 854-5500
,713308,CEA du Fleuve-et-des-Lacs,Centre d'éducation des adultes du Fleuve-et-des-Lacs,"30, rue Bérubé",,13073,Témiscouata-sur-le-Lac,V,G0L1E0,0,0,0,0,1,Centre éducation aux adultes,Public,,713000,Centre de services scolaire du Fleuve-et-des-Lacs,-68.880675,47.681323,Éducation aux adultes,Franco,418 854-0720
,713401,CFP du Fleuve-et-des-Lacs,Centre de formation professionnelle du Fleuve-et-des-Lacs,"30, rue Bérubé",,13073,Témiscouata-sur-le-Lac,V,G0L1E0,0,0,0,1,0,Centre de formation professionnelle,Public,,713000,Centre de services scolaire du Fleuve-et-des-Lacs,-68.880675,47.681323,Formation professionnelle,Franco,418 854-0720
,714001,"École M-d'Arts, la Chant., N.D.S., Riou","École Moisson-d'Arts, La Chanterelle, Notre-Dame-du-Sourire et Riou","136, rue Saint-Jean-Baptiste",,12043,L'Isle-Verte,M,G0L1K0,1,1,0,0,0,École,Public,https://www.csskamloup.gouv.qc.ca,714000,Centre de services scolaire de Kamouraska-Rivière-du-Loup,-69.336836,48.015384,Préscolaire - Primaire,Franco,418 868-6836
,714002,École Vents-et-Marées et Desbiens,École Vents-et-Marées et Desbiens,"71, rue Beaupré",,12057,Cacouna,M,G0L1G0,1,1,0,0,0,École,Public,https://www.csskamloup.gouv.qc.ca,714000,Centre de services scolaire de Kamouraska-Rivière-du-Loup,-69.499031,47.917158,Préscolaire - Primaire,Franco,418 862-4266
,714003,École Vieux-Moulins et Saint-Modeste,École des Vieux-Moulins et Saint-Modeste,"3, rue du Collège",,12010,Saint-Hubert-de-Rivière-du-Loup,M,G0L3L0,1,1,1,0,0,École,Public,https://www.csskamloup.gouv.qc.ca,714000,Centre de services scolaire de Kamouraska-Rivière-du-Loup,-69.153108,47.817163,Préscolaire - Primaire - Secondaire,Franco,418 868-6850
,714004,École Roy et Joly,École Roy et Joly,"72, rue Joly",,12072,Rivière-du-Loup,V,G5R3H5,1,1,0,0,0,École,Public,https://www.csskamloup.gouv.qc.ca,714000,Centre de services scolaire de Kamouraska-Rivière-du-Loup,-69.540026,47.833002,Préscolaire - Primaire,Franco,418 862-5003
,714005,École internationale Saint-François-Xavi,École internationale Saint-François-Xavier,"8-A, rue Pouliot",,12072,Rivière-du-Loup,V,G5R3R8,1,1,0,0,0,École,Public,https://www.csskamloup.gouv.qc.ca,714000,Centre de services scolaire de Kamouraska-Rivière-du-Loup,-69.534187,47.823447,Préscolaire - Primaire,Franco,418 862-6901
,714006,École La Croisée,École La Croisée,"10, rue Vézina",,12072,Rivière-du-Loup,V,G5R2H3,1,1,0,0,0,École,Public,https://www.csskamloup.gouv.qc.ca,714000,Centre de services scolaire de Kamouraska-Rivière-du-Loup,-69.523429,47.827948,Préscolaire - Primaire,Franco,418 868-2392
,714007,École N.D.-du-Portage / Pèlerins,École Notre-Dame-du-Portage et Les Pèlerins,"539, route du Fleuve",,12080,Notre-Dame-du-Portage,M,G0L1Y0,1,1,0,0,0,École,Public,https://www.csskamloup.gouv.qc.ca,714000,Centre de services scolaire de Kamouraska-Rivière-du-Loup,-69.610991,47.767801,Préscolaire - Primaire,Franco,418 862-5081
,714008,École Lanouette,École Lanouette,"18, rue du Couvent",,12015,Saint-Antonin,V,G0L2J0,1,1,0,0,0,École,Public,https://www.csskamloup.gouv.qc.ca,714000,Centre de services scolaire de Kamouraska-Rivière-du-Loup,-69.477974,47.76076,Préscolaire - Primaire,Franco,418 867-1616
,714009,École de la Grande-Ourse,École de la Grande-Ourse,66 rue Alice-Savard,,12072,Rivière-du-Loup,V,G5R0P6,1,1,0,0,0,École,Public,https://www.csskamloup.gouv.qc.ca,714000,Centre de services scolaire de Kamouraska-Rivière-du-Loup,-69.527066,47.852748,Préscolaire - Primaire,Franco,418 862-9744
,714010,"École H.-F.,Ste-Hélène,St-Louis","École Hudon-Ferland, Sainte-Hélène et Saint-Louis de Saint-Joseph","480, rue de l'École",,14035,Saint-Alexandre-de-Kamouraska,M,G0L2G0,1,1,0,0,0,École,Public,https://www.csskamloup.gouv.qc.ca,714000,Centre de services scolaire de Kamouraska-Rivière-du-Loup,-69.621221,47.68289,Préscolaire - Primaire,Franco,418 868-6840
,714011,"École Mgr-Boucher, St-Louis, St-Bruno","École Monseigneur-Boucher, Saint-Louis et Saint-Bruno","325, avenue Chapleau",,14018,Saint-Pascal,V,G0L3Y0,1,1,0,0,0,École,Public,https://www.csskamloup.gouv.qc.ca,714000,Centre de services scolaire de Kamouraska-Rivière-du-Loup,-69.81009,47.524249,Préscolaire - Primaire,Franco,418 856-7050
,714012,"École St-Ph.,N.-D.,J.-C.-Chapais","École Saint-Philippe, Notre-Dame et J.-C.-Chapais","11, rue de l'Église",,14060,Saint-Philippe-de-Néri,P,G0L4A0,1,1,0,0,0,École,Public,https://www.csskamloup.gouv.qc.ca,714000,Centre de services scolaire de Kamouraska-Rivière-du-Loup,-69.885096,47.466685,Préscolaire - Primaire,Franco,418 856-7056
,714014,École Sacré-Coeur,École Sacré-Coeur,"1005, 6e Avenue Pilote",,14082,La Pocatière,V,G0R1Z0,1,1,0,0,0,École,Public,https://www.csskamloup.gouv.qc.ca,714000,Centre de services scolaire de Kamouraska-Rivière-du-Loup,-70.030267,47.3699,Préscolaire - Primaire,Franco,418 856-2823
,714015,"École M.-Mont.,Orée-Bois, Étoi.F","École de la Marée-Montante, de l'Orée-des-Bois et de l'Étoile-Filante","1032, rue de la Seigneurie",,17065,Saint-Roch-des-Aulnaies,M,G0R4E0,1,1,0,0,0,École,Public,https://www.csskamloup.gouv.qc.ca,714000,Centre de services scolaire de Kamouraska-Rivière-du-Loup,-70.183912,47.30877,Préscolaire - Primaire,Franco,418 856-7045
,714016,"École Vents-M.,Pruchière, Amitié","École des Vents-et-Marées, de la Pruchière et de l'Amitié","12, rue de la Pruchière",,14070,Saint-Pacôme,M,G0L3X0,1,1,0,0,0,École,Public,https://www.csskamloup.gouv.qc.ca,714000,Centre de services scolaire de Kamouraska-Rivière-du-Loup,-69.953353,47.40922,Préscolaire - Primaire,Franco,418 856-7047
,714021,École secondaire de Rivière-du-Loup,École secondaire de Rivière-du-Loup,"320, rue Saint-Pierre",,12072,Rivière-du-Loup,V,G5R3V3,0,0,1,0,0,École,Public,https://www.csskamloup.gouv.qc.ca,714000,Centre de services scolaire de Kamouraska-Rivière-du-Loup,-69.542021,47.826101,Secondaire,Franco,418 862-8203
,714022,École secondaire Chanoine-Beaudet,École secondaire Chanoine-Beaudet,"525, avenue de l'Église",,14018,Saint-Pascal,V,G0L3Y0,0,0,1,0,0,École,Public,https://www.csskamloup.gouv.qc.ca,714000,Centre de services scolaire de Kamouraska-Rivière-du-Loup,-69.805988,47.528792,Secondaire,Franco,418 856-7030
,714023,École polyvalente La Pocatière,École polyvalente La Pocatière,"950, 12e Avenue Boulevard Dallaire",,14082,La Pocatière,V,G0R1Z0,0,0,1,0,0,École,Public,https://www.csskamloup.gouv.qc.ca,714000,Centre de services scolaire de Kamouraska-Rivière-du-Loup,-70.024834,47.368924,Secondaire,Franco,418 856-2413
,714310,CEA de Kam.-Rivière-du-Loup,Centre d'éducation des adultes de Kamouraska-Rivière-du-Loup,"30, rue Delage",,12072,Rivière-du-Loup,V,G5R3N8,0,0,0,0,1,Centre éducation aux adultes,Public,https://cea.csskamloup.gouv.qc.ca/secteurs/,714000,Centre de services scolaire de Kamouraska-Rivière-du-Loup,-69.531969,47.824311,Éducation aux adultes,Franco,418 862-8277
,714402,CFP Pavillon-de-l'Avenir,Centre de formation professionnelle Pavillon-de-l'Avenir,"65, rue Sainte-Anne",,12072,Rivière-du-Loup,V,G5R1P3,0,0,0,1,0,Centre de formation professionnelle,Public,https://cfppa.csskamloup.gouv.qc.ca/,714000,Centre de services scolaire de Kamouraska-Rivière-du-Loup,-69.537506,47.82899,Formation professionnelle,Franco,418 862-8204
,721006,École Boisjoli--des Deux-Lacs,École Boisjoli--des Deux-Lacs,"247, rue Principale",,91005,Lac-Bouchette,M,G0W1V0,1,1,0,0,0,École,Public,https://csspb.gouv.qc.ca/ecoles/ecole-des-deux-lacs-lac-bouchette/,721000,Centre de services scolaire du Pays-des-Bleuets,-72.1848,48.257681,Préscolaire - Primaire,Franco,418 275-7852
,721009,École de la Rivière,École de la Rivière,"967, rue Principale",,91030,Sainte-Hedwidge,M,G0W2R0,1,1,0,0,0,École,Public,https://csspb.gouv.qc.ca/ecoles/ecole-de-la-riviere-sainte-hedwidge/,721000,Centre de services scolaire du Pays-des-Bleuets,-72.359779,48.47934,Préscolaire - Primaire,Franco,418 275-2075
,721011,École Benoît-Duhamel,École Benoît-Duhamel,"947, boulevard Marcotte",,91025,Roberval,V,G8H2A7,1,1,0,0,0,École,Public,https://csspb.gouv.qc.ca/ecoles/ecole-benoit-duhamel-roberval/,721000,Centre de services scolaire du Pays-des-Bleuets,-72.226028,48.519804,Préscolaire - Primaire,Franco,418 275-0404
,721012,École Notre-Dame,École Notre-Dame,"830, boulevard Saint-Joseph",,91025,Roberval,V,G8H2L5,1,1,0,0,0,École,Public,https://csspb.gouv.qc.ca/ecoles/ecole-notre-dame-roberval/,721000,Centre de services scolaire du Pays-des-Bleuets,-72.220595,48.51762,Préscolaire - Primaire,Franco,418 275-3932
,721014,École Jolivent--L'Arbrisseau,École Jolivent--L'Arbrisseau,"1536, rue Principale",,91020,Chambord,M,G0W1G0,1,1,0,0,0,École,Public,https://csspb.gouv.qc.ca/ecoles/ecole-jolivent-chambord/,721000,Centre de services scolaire du Pays-des-Bleuets,-72.064022,48.429696,Préscolaire - Primaire,Franco,418 275-4330
,721016,École Cité étudiante,École Cité étudiante,"171, boulevard de La Jeunesse",,91025,Roberval,V,G8H2N9,0,0,1,0,0,École,Public,https://csspb.gouv.qc.ca/ecoles/cite-etudiante-roberval/,721000,Centre de services scolaire du Pays-des-Bleuets,-72.231106,48.501471,Secondaire,Franco,418 275-3110
,721030,École Maria-Goretti,École Maria-Goretti,"4971, rue des Saules",,91050,La Doré,P,G8J1G8,1,1,0,0,0,École,Public,https://csspb.gouv.qc.ca/ecoles/ecole-maria-goretti-la-dore/,721000,Centre de services scolaire du Pays-des-Bleuets,-72.650799,48.712629,Préscolaire - Primaire,Franco,418 275-1720
,721031,École Carrefour étudiant,École Carrefour étudiant,"3079, rue De Saint-Méthode",,91042,Saint-Félicien,V,G8K3C2,1,1,0,0,0,École,Public,https://csspb.gouv.qc.ca/ecoles/ecole-carrefour-etudiant-saint-felicien/,721000,Centre de services scolaire du Pays-des-Bleuets,-72.412247,48.72717,Préscolaire - Primaire,Franco,418 275-4812
,721032,École Hébert,École Hébert,"1298, rue L.-W.- Leclerc",,91042,Saint-Félicien,V,G8K2N4,1,1,0,0,0,École,Public,https://csspb.gouv.qc.ca/ecoles/ecole-hebert-saint-felicien/,721000,Centre de services scolaire du Pays-des-Bleuets,-72.452631,48.648779,Préscolaire - Primaire,Franco,418 275-0988
,721033,École Monseigneur Bluteau,École Monseigneur Bluteau,"1275, 3e Rue",,91042,Saint-Félicien,V,G8K2B5,1,1,0,0,0,École,Public,https://csspb.gouv.qc.ca/ecoles/ecole-mgr-bluteau-saint-felicien/,721000,Centre de services scolaire du Pays-des-Bleuets,-72.446129,48.645146,Préscolaire - Primaire,Franco,418 275-1519
,721035,École Jeanne-Mance--Pie XII,École Jeanne-Mance--Pie XII,"623, rue Principale",,91035,Saint-Prime,M,G8J1T3,1,1,0,0,0,École,Public,https://csspb.gouv.qc.ca/ecoles/ecole-jeanne-mance-saint-prime/,721000,Centre de services scolaire du Pays-des-Bleuets,-72.337196,48.592895,Préscolaire - Primaire,Franco,418 275-0053
,721039,Polyvalente des Quatre-Vents,Polyvalente des Quatre-Vents,"1099, boulevard Hamel",,91042,Saint-Félicien,V,G8K2R4,0,0,1,0,0,École,Public,https://csspb.gouv.qc.ca/ecoles/polyvalente-des-quatre-vents-saint-felicien/,721000,Centre de services scolaire du Pays-des-Bleuets,-72.45609,48.647551,Secondaire,Franco,418 275-4585
,721051,École Sainte-Marie,École Sainte-Marie,"1017, rue du Centre-Sportif",,92040,Normandin,V,G8M4L7,1,1,0,0,0,École,Public,https://csspb.gouv.qc.ca/ecoles/ecole-sainte-marie-normandin/,721000,Centre de services scolaire du Pays-des-Bleuets,-72.525991,48.836834,Préscolaire - Primaire,Franco,418 276-5883
,721053,École Jean XXIII--Saint-Lucien,École Jean XXIII--Saint-Lucien,"47, avenue du Moulin",,92045,Saint-Thomas-Didyme,M,G0W1P0,1,1,0,0,0,École,Public,https://csspb.gouv.qc.ca/ecoles/ecole-jean-xxiii-saint-thomas-didyme/,721000,Centre de services scolaire du Pays-des-Bleuets,-72.662917,48.909303,Préscolaire - Primaire,Franco,418 276-8735
,721056,École Sainte-Lucie,École Sainte-Lucie,"327, rue de l'Église",,92030,Albanel,M,G8M3E9,1,1,0,0,0,École,Public,https://csspb.gouv.qc.ca/ecoles/ecole-sainte-lucie-albanel/,721000,Centre de services scolaire du Pays-des-Bleuets,-72.442748,48.882166,Préscolaire - Primaire,Franco,418 276-7605
,721059,École Notre-Dame-de-Lourdes,École Notre-Dame-de-Lourdes,"604, rue de la Fabrique",,92055,Girardville,M,G0W1R0,1,1,0,0,0,École,Public,https://csspb.gouv.qc.ca/ecoles/ecole-notre-dame-de-lourdes-girardville/,721000,Centre de services scolaire du Pays-des-Bleuets,-72.545351,49.003448,Préscolaire - Primaire,Franco,418 276-8142
,721061,Polyvalente de Normandin,Polyvalente de Normandin,"1285, avenue du Rocher",,92040,Normandin,V,G8M3X4,0,0,1,0,0,École,Public,https://csspb.gouv.qc.ca/ecoles/polyvalente-de-normandin-normandin/,721000,Centre de services scolaire du Pays-des-Bleuets,-72.523444,48.838084,Secondaire,Franco,418 276-6855
,721074,École Sacré-Coeur--Sainte-Thérèse,École Sacré-Coeur--Sainte-Thérèse,"242, 3e Avenue",,92022,Dolbeau-Mistassini,V,G8L2V4,1,1,0,0,0,École,Public,https://csspb.gouv.qc.ca/ecoles/ecole-sainte-therese-dolbeau-mistassini/,721000,Centre de services scolaire du Pays-des-Bleuets,-72.228259,48.87534,Préscolaire - Primaire,Franco,418 276-5101
,721078,École Bon-Pasteur,École Bon-Pasteur,"451, rue de l'Église",,92015,Sainte-Jeanne-d'Arc,VL,G0W1E0,1,1,0,0,0,École,Public,https://csspb.gouv.qc.ca/ecoles/ecole-bon-pasteur-sainte-jeanne-darc/,721000,Centre de services scolaire du Pays-des-Bleuets,-72.084236,48.86579,Préscolaire - Primaire,Franco,418 276-3268
,721080,École N.-Dame-des-Anges-St-Louis-de-Gonz,École Notre-Dame-des-Anges--Saint-Louis-de-Gonzague,"68, rue Savard",,92022,Dolbeau-Mistassini,V,G8L4L3,1,1,0,0,0,École,Public,https://csspb.gouv.qc.ca/ecoles/ecole-notre-dame-des-anges-dolbeau-mistassini/,721000,Centre de services scolaire du Pays-des-Bleuets,-72.202744,48.890402,Préscolaire - Primaire,Franco,418 276-2763
,721083,École La Source--Les Prés Verts,École La Source--Les Prés Verts,"712, rue Principale",,92005,Saint-Augustin,P,G0W1K0,1,1,0,0,0,École,Public,https://csspb.gouv.qc.ca/ecoles/ecole-les-pres-verts-saint-augustin/,721000,Centre de services scolaire du Pays-des-Bleuets,-71.944224,48.805349,Préscolaire - Primaire,Franco,418 276-4294
,721085,École secondaire des Grandes-Rivières,École secondaire des Grandes-Rivières,"300, avenue Jean-Dolbeau",,92022,Dolbeau-Mistassini,V,G8L2T7,0,0,1,0,0,École,Public,,721000,Centre de services scolaire du Pays-des-Bleuets,-72.228739,48.87051,Secondaire,Franco,418 276-0984
,721301,CEA Le Parcours--Le Tremplin,Centre d'éducation des adultes du Parcours-et-du-Tremplin,"1840, rue Provencher",,92022,Dolbeau-Mistassini,V,G8L2A6,0,0,0,0,1,Centre éducation aux adultes,Public,https://csspb.gouv.qc.ca/ecoles/cea-le-parcours/,721000,Centre de services scolaire du Pays-des-Bleuets,-72.235976,48.885131,Éducation aux adultes,Franco,418 276-3445
,721302,CEA L'Envol--Le Retour,Centre d'éducation des adultes L'Envol--Le Retour,"654, boulevard Saint-Joseph",,91025,Roberval,V,G8H2L2,0,0,0,0,1,Centre éducation aux adultes,Public,https://csspb.gouv.qc.ca/ecoles/cea-le-retour/,721000,Centre de services scolaire du Pays-des-Bleuets,-72.219813,48.513735,Éducation aux adultes,Franco,418 275-5130
,721403,CFP du Pays-des-Bleuets,Centre de formation professionnelle du Pays-des-Bleuets,"400, 2e Avenue",,92022,Dolbeau-Mistassini,V,G8L3C6,0,0,0,1,0,Centre de formation professionnelle,Public,https://csspb.gouv.qc.ca/ecoles/test-1/,721000,Centre de services scolaire du Pays-des-Bleuets,-72.230078,48.870248,Formation professionnelle,Franco,418 276-8654
,722002,École secondaire Camille-Lavoie,École secondaire Camille-Lavoie,"500, avenue des Métiers Sud",,93042,Alma,V,G8B3C4,0,0,1,0,0,École,Public,https://www.ecolecamillelavoie.com,722000,Centre de services scolaire du Lac-Saint-Jean,-71.65597,48.543468,Secondaire,Franco,418 669-6062
,722003,Pavillon Wilbrod-Dufour,Pavillon Wilbrod-Dufour,"850, avenue Bégin Sud",,93042,Alma,V,G8B2X6,0,0,1,0,0,École,Public,https://www.pavillonwilbroddufour.com,722000,Centre de services scolaire du Lac-Saint-Jean,-71.65444,48.539922,Secondaire,Franco,418 669-6063
,722004,École Curé-Hébert,École Curé-Hébert,"250, rue Turgeon",,93022,Hébertville,M,G8N1S1,0,0,1,0,0,École,Public,https://www.ecolecurehebert.com,722000,Centre de services scolaire du Lac-Saint-Jean,-71.678957,48.39117,Secondaire,Franco,418 669-6064
,722009,École Jean-Gauthier,École Jean-Gauthier,"441, rue Joseph-W.-Fleury",,93042,Alma,V,G8E2L1,0,0,1,0,0,École,Public,https://www.ecolejeangauthier.com,722000,Centre de services scolaire du Lac-Saint-Jean,-71.696044,48.639547,Secondaire,Franco,418 669-6069
,722101,École Albert-Naud,École Albert-Naud,"151, rue Saint-Sacrement Est",,93042,Alma,V,G8B3Y3,1,1,0,0,0,École,Public,https://php.cslsj.qc.ca/parents-et-eleves/ecoles-primaires#ecole-albert-naud,722000,Centre de services scolaire du Lac-Saint-Jean,-71.636635,48.552861,Préscolaire - Primaire,Franco,418 669-6010
,722106,École Saint-Julien,École Saint-Julien,"1971, rue Saint-Jean",,93042,Alma,V,G8B4E6,1,1,0,0,0,École,Public,https://php.cslsj.qc.ca/parents-et-eleves/ecoles-primaires#ecole-saint-julien,722000,Centre de services scolaire du Lac-Saint-Jean,-71.67227,48.568323,Préscolaire - Primaire,Franco,418 669-6014
,722107,École Saint-Joseph,École Saint-Joseph,"355, avenue des étudiants",,93042,Alma,V,G8B3H1,1,1,0,0,0,École,Public,https://php.cslsj.qc.ca/parents-et-eleves/ecoles-primaires#18,722000,Centre de services scolaire du Lac-Saint-Jean,-71.656085,48.546722,Préscolaire - Primaire,Franco,418 669-6017
,722109,École Saint-Pierre,École Saint-Pierre,"151, boulevard Potvin ",,93042,Alma,V,G8B2P5,1,1,0,0,0,École,Public,https://php.cslsj.qc.ca/parents-et-eleves/ecoles-primaires#ecole-saint-pierre,722000,Centre de services scolaire du Lac-Saint-Jean,-71.639035,48.543322,Préscolaire - Primaire,Franco,418 669-6018
,722111,École Saint-Sacrement,École Saint-Sacrement,"455, rue Sainte-Thérèse Ouest",,93042,Alma,V,G8B4M6,1,1,0,0,0,École,Public,https://php.cslsj.qc.ca/parents-et-eleves/ecoles-primaires#ecole-saint-sacrement,722000,Centre de services scolaire du Lac-Saint-Jean,-71.644892,48.556152,Préscolaire - Primaire,Franco,418 669-6015
,722113,École Notre-Dame,École Notre-Dame,"1631, avenue Hamilton Est",,93042,Alma,V,G8B4Z1,1,1,0,0,0,École,Public,https://php.cslsj.qc.ca/parents-et-eleves/ecoles-primaires#ecole-notre-dame,722000,Centre de services scolaire du Lac-Saint-Jean,-71.629438,48.579982,Préscolaire - Primaire,Franco,418 669-6013
,722202,École Maria,École Maria,"5852, avenue des Pélicans",,93042,Alma,V,G8E1G5,1,1,0,0,0,École,Public,https://php.cslsj.qc.ca/parents-et-eleves/ecoles-primaires#ecole-maria,722000,Centre de services scolaire du Lac-Saint-Jean,-71.701228,48.631414,Préscolaire - Primaire,Franco,418 669-6022
,722203,École Bon-Pasteur,École Bon-Pasteur,"131, rue de la Fabrique",,93075,Sainte-Monique,M,G0W2T0,1,1,0,0,0,École,Public,https://php.cslsj.qc.ca/parents-et-eleves/ecoles-primaires#ecole-bon-pasteur,722000,Centre de services scolaire du Lac-Saint-Jean,-71.852551,48.742335,Préscolaire - Primaire,Franco,418 669-6023
,722204,École Saint-Léon,École Saint-Léon,"1370, rue Principale",,93055,Labrecque,M,G0W2S0,1,1,0,0,0,École,Public,https://php.cslsj.qc.ca/parents-et-eleves/ecoles-primaires#ecole-saint-leon,722000,Centre de services scolaire du Lac-Saint-Jean,-71.524386,48.672837,Préscolaire - Primaire,Franco,418 669-6024
,722206,École Notre-Dame-de-Lorette,École Notre-Dame-de-Lorette,"220, rue Principale",,93045,Saint-Nazaire,M,G0W2V0,1,1,0,0,0,École,Public,https://php.cslsj.qc.ca/parents-et-eleves/ecoles-primaires#ecole-notre-dame-de-lorette,722000,Centre de services scolaire du Lac-Saint-Jean,-71.553057,48.588222,Préscolaire - Primaire,Franco,418 669-6026
,722207,École Sainte-Hélène,École Sainte-Hélène,"420, rue Principale",,93070,Saint-Henri-de-Taillon,M,G0W2X0,1,1,0,0,0,École,Public,https://php.cslsj.qc.ca/parents-et-eleves/ecoles-primaires#ecole-sainte-helene,722000,Centre de services scolaire du Lac-Saint-Jean,-71.821383,48.662374,Préscolaire - Primaire,Franco,418 669-6027
,722208,École Notre-Dame-du-Rosaire,École Notre-Dame-du-Rosaire,"110, rue Principale",,93060,Lamarche,M,G0W1X0,1,1,0,0,0,École,Public,https://php.cslsj.qc.ca/parents-et-eleves/ecoles-primaires#ecole-notre-dame-du-rosaire,722000,Centre de services scolaire du Lac-Saint-Jean,-71.426452,48.791094,Préscolaire - Primaire,Franco,418 669-6028
,722210,École primaire Garnier,École primaire Garnier,"2750, 2e Avenue Ouest",,93065,L'Ascension-de-Notre-Seigneur,P,G0W1Y0,1,1,0,0,0,École,Public,https://php.cslsj.qc.ca/parents-et-eleves/ecoles-primaires#ecole-garnier,722000,Centre de services scolaire du Lac-Saint-Jean,-71.673575,48.691685,Préscolaire - Primaire,Franco,418 669-6020
,722240,École Jean XXIII,École Jean XXIII,"350, rue Saint-Jean",,93012,Métabetchouan–Lac-à-la-Croix,V,G8G2J4,1,1,0,0,0,École,Public,https://php.cslsj.qc.ca/parents-et-eleves/ecoles-primaires#ecole-jean-xxiii,722000,Centre de services scolaire du Lac-Saint-Jean,-71.783786,48.410895,Préscolaire - Primaire,Franco,418 669-6030
,722241,École Saint-Antoine,École Saint-Antoine,"289, rue Dequen",,93035,Saint-Gédéon,M,G0W2P0,1,1,0,0,0,École,Public,https://php.cslsj.qc.ca/parents-et-eleves/ecoles-primaires#ecole-saint-antoine,722000,Centre de services scolaire du Lac-Saint-Jean,-71.77732,48.492001,Préscolaire - Primaire,Franco,418 669-6031
,722242,École Saint-Joseph,École Saint-Joseph,"236, rue Hébert",,93022,Hébertville,M,G8N1P4,1,1,0,0,0,École,Public,https://php.cslsj.qc.ca/parents-et-eleves/ecoles-primaires#ecole-saint-joseph-hebertville,722000,Centre de services scolaire du Lac-Saint-Jean,-71.680946,48.389892,Préscolaire - Primaire,Franco,418 669-6032
,722243,École Saint-Gérard,École Saint-Gérard,"437, rue du Parc",,93005,Desbiens,V,G0W1N0,1,1,0,0,0,École,Public,https://php.cslsj.qc.ca/parents-et-eleves/ecoles-primaires#ecole-saint-gerard,722000,Centre de services scolaire du Lac-Saint-Jean,-71.946613,48.415248,Préscolaire - Primaire,Franco,418 669-6033
,722245,École du Bon Conseil,École du Bon Conseil,"14, rue Chanoine-Gagnon",,93022,Hébertville,M,G0W1T0,1,1,0,0,0,École,Public,https://php.cslsj.qc.ca/parents-et-eleves/ecoles-primaires#ecole-du-bon-conseil,722000,Centre de services scolaire du Lac-Saint-Jean,-71.662637,48.445477,Préscolaire - Primaire,Franco,418 669-6035
,722248,École Monseigneur Victor,École Monseigneur Victor,"26, rue Plourde",,93012,Métabetchouan–Lac-à-la-Croix,V,G8G1C6,1,1,0,0,0,École,Public,https://php.cslsj.qc.ca/parents-et-eleves/ecoles-primaires#ecole-mgr-victor,722000,Centre de services scolaire du Lac-Saint-Jean,-71.868427,48.427582,Préscolaire - Primaire,Franco,418 669-6038
,722249,École primaire Saint-Bruno,École primaire Saint-Bruno,"165, rue Jauvin",,93022,Hébertville,M,G0W2L0,1,1,0,0,0,École,Public,https://php.cslsj.qc.ca/parents-et-eleves/ecoles-primaires#ecole-primaire-saint-bruno,722000,Centre de services scolaire du Lac-Saint-Jean,-71.651934,48.471669,Préscolaire - Primaire,Franco,418 669-6039
,722362,Pavillon Damase-Boulanger,Centre de formation générale des adultes,"740, rue Bergeron ",,93042,Alma,V,G8B1V4,0,0,0,0,1,Centre éducation aux adultes,Public,https://php.cslsj.qc.ca/parents-et-eleves/centre-de-formation-generale-des-adultes,722000,Centre de services scolaire du Lac-Saint-Jean,-71.655702,48.547761,Éducation aux adultes,Franco,418 669-6045
,722461,Centre de formation professionnelle Alma,Centre de formation professionnelle Alma,"850, avenue Bégin Sud",,93042,Alma,V,G8B2X6,0,0,0,1,0,Centre de formation professionnelle,Public,https://cfpalma.com,722000,Centre de services scolaire du Lac-Saint-Jean,-71.65444,48.539922,Formation professionnelle,Franco,418 669-6041
,723101,École Sainte-Claire,École Sainte-Claire,"136, rue des Saules",,94068,Saguenay,V,G7G4C3,1,1,0,0,0,École,Public,https://www.csrsaguenay.qc.ca/sainte-claire/,723000,Centre de services scolaire des Rives-du-Saguenay,-71.094283,48.447611,Préscolaire - Primaire,Franco,418 543-3680
,723104,École Saint-Coeur-de-Marie-Saint-Antoine,École Saint-Coeur-de-Marie--Saint-Antoine,"465, chemin de la Réserve",,94068,Saguenay,V,G7J3N7,1,1,0,0,0,École,Public,https://stantoine-stcdm.csrsaguenay.qc.ca,723000,Centre de services scolaire des Rives-du-Saguenay,-71.085933,48.424575,Préscolaire - Primaire,Franco,418 698-5120
,723105,École De La Pulperie,École De La Pulperie,"906, rue Comeau",,94068,Saguenay,V,G7J3J3,1,1,0,0,0,École,Public,https://www.csrsaguenay.qc.ca/pulperie/,723000,Centre de services scolaire des Rives-du-Saguenay,-71.084944,48.416027,Préscolaire - Primaire,Franco,418 698-5126
,723114,École Boréale--L'Horizon,École Boréale--L'Horizon,"824, rue Chabanel",,94068,Saguenay,V,G7H3T7,1,1,0,0,0,École,Public,https://www.csrsaguenay.qc.ca/stebernadette/,723000,Centre de services scolaire des Rives-du-Saguenay,-71.042974,48.415458,Préscolaire - Primaire,Franco,418 698-5136
,723116,École Félix-Antoine-Savard,École Félix-Antoine-Savard,"1140, rue Bizet",,94068,Saguenay,V,G7H4H4,1,1,0,0,0,École,Public,https://www.csrsaguenay.qc.ca/fas/,723000,Centre de services scolaire des Rives-du-Saguenay,-71.060003,48.409855,Préscolaire - Primaire,Franco,418 698-5155
,723117,École André-Gagnon,École André-Gagnon,"128, rue Louis-Francoeur",,94068,Saguenay,V,G7H3A8,1,1,0,0,0,École,Public,https://www.csrsaguenay.qc.ca/andre-gagnon/,723000,Centre de services scolaire des Rives-du-Saguenay,-71.067858,48.405598,Préscolaire - Primaire,Franco,418 698-5142
,723119,École Des Quatre-Vents,École Des Quatre-Vents,"33, rue Saint-Calixte",,94068,Saguenay,V,G7G1Y1,1,1,0,0,0,École,Public,https://quatrevents.csrsaguenay.qc.ca,723000,Centre de services scolaire des Rives-du-Saguenay,-71.077615,48.440318,Préscolaire - Primaire,Franco,418 543-6541
,723121,École Saint-Isidore--Saint-Denis,École Saint-Isidore--Saint-Denis,"97, rue Arthur-Hamel",,94068,Saguenay,V,G7H3M9,1,1,0,0,0,École,Public,https://stisidore-stdenis/,723000,Centre de services scolaire des Rives-du-Saguenay,-71.025729,48.429326,Préscolaire - Primaire,Franco,418 698-5148
,723125,École Vanier,École Vanier,"595, rue Delisle",,94068,Saguenay,V,G7G3B8,1,1,0,0,0,École,Public,https://vanier.csrsaguenay.qc.ca,723000,Centre de services scolaire des Rives-du-Saguenay,-71.062218,48.452691,Préscolaire - Primaire,Franco,418 543-0124
,723126,École Notre-Dame--Des Jolis-Prés,École Notre-Dame--Des Jolis-Prés,"860, rue Gauthier",,94068,Saguenay,V,G7N1G8,1,1,0,0,0,École,Public,https://www.csrsaguenay.qc.ca/jpnd/,723000,Centre de services scolaire des Rives-du-Saguenay,-71.110484,48.306162,Préscolaire - Primaire,Franco,418 678-2251
,723127,École Notre-Dame-du-Rosaire,École Notre-Dame-du-Rosaire,"2090, boulevard Tadoussac",,94068,Saguenay,V,G7G1K9,1,1,0,0,0,École,Public,https://www.csrsaguenay.qc.ca/ndr/,723000,Centre de services scolaire des Rives-du-Saguenay,-71.061484,48.440148,Préscolaire - Primaire,Franco,418 543-6067
,723129,École Le Roseau,École Le Roseau,"41, rue Saint-Benoît",,94068,Saguenay,V,G7G2R4,1,1,0,0,0,École,Public,https://www.csrsaguenay.qc.ca/roseau/,723000,Centre de services scolaire des Rives-du-Saguenay,-71.05738,48.43935,Préscolaire - Primaire,Franco,418 543-2213
,723131,École Mont-Valin,École Mont-Valin,"12, rue Saint-Basile",,94235,Saint-Fulgence,M,G0V1S0,1,1,0,0,0,École,Public,https://www.csrsaguenay.qc.ca/mont-valin/,723000,Centre de services scolaire des Rives-du-Saguenay,-70.901551,48.450681,Préscolaire - Primaire,Franco,418 615-0059
,723132,École Médéric-Gravel,École Médéric-Gravel,"1351, 6e Avenue",,94068,Saguenay,V,G7B1R5,1,1,0,0,0,École,Public,https://medericgravel.csrsaguenay.qc.ca,723000,Centre de services scolaire des Rives-du-Saguenay,-70.881732,48.329754,Préscolaire - Primaire,Franco,418 544-0327
,723134,École Sainte-Rose,École Sainte-Rose,"186, rue du Quai",,94230,Sainte-Rose-du-Nord,P,G0V1T0,1,1,0,0,0,École,Public,https://www.csrsaguenay.qc.ca/sainte-rose/,723000,Centre de services scolaire des Rives-du-Saguenay,-70.587107,48.387061,Préscolaire - Primaire,Franco,418 615-0061
,723135,École Saint-Joseph,École Saint-Joseph,"3300, rue Prince-Albert",,94068,Saguenay,V,G7B3R6,1,1,0,0,0,École,Public,https://saintjoseph.csrsaguenay.qc.ca,723000,Centre de services scolaire des Rives-du-Saguenay,-70.85362,48.315723,Préscolaire - Primaire,Franco,418 544-6822
,723136,École Saint-Gabriel,École Saint-Gabriel,"466, route 381",,94220,Ferland-et-Boilleau,M,G0V1H0,1,1,0,0,0,École,Public,https://saintgabriel.csrsaguenay.qc.ca,723000,Centre de services scolaire des Rives-du-Saguenay,-70.847125,48.181074,Préscolaire - Primaire,Franco,418 615-0062
,723137,École Du Vallon,École Du Vallon,"54, rue Tremblay",,94205,Petit-Saguenay,M,G0V1N0,1,1,0,0,0,École,Public,https://duvallon.csrsaguenay.qc.ca,723000,Centre de services scolaire des Rives-du-Saguenay,-70.07289,48.21397,Préscolaire - Primaire,Franco,418 615-0063
,723140,École Saint-Félix,École Saint-Félix,"102, chemin du Lac Bréboeuf",,94225,Saint-Félix-d'Otis,M,G0V1M0,1,1,0,0,0,École,Public,https://stfelix.csrsaguenay.qc.ca,723000,Centre de services scolaire des Rives-du-Saguenay,-70.627113,48.271856,Préscolaire - Primaire,Franco,418 544-4187
,723141,École Marie-Médiatrice,École Marie-Médiatrice,"404, rue Principale",,94215,Rivière-Éternité,M,G0V1P0,1,1,0,0,0,École,Public,https://mariemediatrice.csrsaguenay.qc.ca,723000,Centre de services scolaire des Rives-du-Saguenay,-70.415823,48.255922,Préscolaire - Primaire,Franco,418 615-0064
,723142,École Jean-Fortin--La Source,École Jean-Fortin--La Source,"560, rue de l'Aéroport",,94240,Saint-Honoré,V,G0V1L0,1,1,0,0,0,École,Public,https:///jeanfortin-lasource/,723000,Centre de services scolaire des Rives-du-Saguenay,-71.082982,48.534006,Préscolaire - Primaire,Franco,418 615-0065
,723144,École Saint-David,École Saint-David,"168, boulevard Desgagné",,94245,Saint-David-de-Falardeau,M,G0V1C0,1,1,0,0,0,École,Public,https://saintdavid.csrsaguenay.qc.ca,723000,Centre de services scolaire des Rives-du-Saguenay,-71.110559,48.622453,Préscolaire - Primaire,Franco,418 615-0070
,723145,École secondaire Charles-Gravel,École secondaire Charles-Gravel,"350, rue Saint-Gérard",,94068,Saguenay,V,G7G1J2,1,1,1,0,0,École,Public,https://www.csrsaguenay.qc.ca/charles-gravel,723000,Centre de services scolaire des Rives-du-Saguenay,-71.081576,48.44911,Préscolaire - Primaire - Secondaire,Franco,418 541-4343
,723146,École Au Millénaire,École Au Millénaire,"1623, rue Sirois",,94068,Saguenay,V,G7B2S2,1,1,0,0,0,École,Public,,723000,Centre de services scolaire des Rives-du-Saguenay,-70.889666,48.337345,Préscolaire - Primaire,Franco,418 615-1237
,723148,École Sainte-Thérèse,École Sainte-Thérèse,"737, rue Victoria",,94068,Saguenay,V,G7B3M8,1,1,0,0,0,École,Public,https://saintetherese.csrsaguenay.qc.ca,723000,Centre de services scolaire des Rives-du-Saguenay,-70.881091,48.341565,Préscolaire - Primaire,Franco,418 544-3223
,723152,École La Carrière,École La Carrière,"245, rue Des Épervières",,94068,Saguenay,V,G7G4Y8,1,1,0,0,0,École,Public,https://www.csrsaguenay.qc.ca/lacarriere/,723000,Centre de services scolaire des Rives-du-Saguenay,-71.10299,48.457944,Préscolaire - Primaire,Franco,418 549-3480
,723154,École de l'Étincelle,École de l'Étincelle,"870, rue Boily",,94068,Saguenay,V,G7J2Y4,1,1,0,0,0,École,Public,,723000,Centre de services scolaire des Rives-du-Saguenay,-71.077198,48.415555,Préscolaire - Primaire,Franco,418 698-5151
,723172,École primaire et secondaire Fréchette,École primaire et secondaire Fréchette,"37, rue St-Jean-Baptiste",,94210,L'Anse-Saint-Jean,M,G0V1J0,1,1,1,0,0,École,Public,https://www.csrsaguenay.qc.ca/frechette/,723000,Centre de services scolaire des Rives-du-Saguenay,-70.23955,48.199984,Préscolaire - Primaire - Secondaire,Franco,418 615-0090
,723173,École secondaire des Grandes-Marées,École secondaire des Grandes-Marées,"1802, avenue John-Kane",,94068,Saguenay,V,G7B1K2,0,0,1,0,0,École,Public,https://www.csrsaguenay.qc.ca/grandes-marees/,723000,Centre de services scolaire des Rives-du-Saguenay,-70.884046,48.323612,Secondaire,Franco,418 544-2843
,723175,École secondaire de l'Odyssée,École secondaire de l'Odyssée,"985, rue Bégin",,94068,Saguenay,V,G7H4P1,1,1,1,0,0,École,Public,https://www.csrsaguenay.qc.ca/odyssee/,723000,Centre de services scolaire des Rives-du-Saguenay,-71.06569,48.412273,Préscolaire - Primaire - Secondaire,Franco,418 698-5185
,723374,CFGA des Rives-du-Saguenay,Centre de formation générale des adultes des Rives-du-Saguenay,"847, avenue Georges-Vanier",,94068,Saguenay,V,G7H4M1,0,0,0,0,1,Centre éducation aux adultes,Public,https://www.icipourreussir.com,723000,Centre de services scolaire des Rives-du-Saguenay,-71.060315,48.416167,Éducation aux adultes,Franco,418 698-5170
,723406,CFP du Grand-Fjord,Centre de formation professionnelle du Grand-Fjord,"847, rue Georges-Vanier",,94068,Saguenay,V,G7H4M1,0,0,0,1,0,Centre de formation professionnelle,Public,,723000,Centre de services scolaire des Rives-du-Saguenay,-71.060315,48.416167,Formation professionnelle,Franco,418 698-5000
,724002,École polyvalente Arvida,École polyvalente Arvida,"2215, boulevard Mellon",Jonquière,94068,Saguenay,V,G7S3G4,0,0,1,0,0,École,Public,https://cssdlj.gouv.qc.ca/arvida/,724000,Centre de services scolaire De La Jonquière,-71.180399,48.413735,Secondaire,Franco,418 548-3113
,724003,École secondaire des Bâtisseurs,École secondaire des Bâtisseurs,"1954, rue des Étudiants",Jonquière,94068,Saguenay,V,G7X4B1,1,1,1,0,0,École,Public,https://cssdlj.gouv.qc.ca/batisseurs/,724000,Centre de services scolaire De La Jonquière,-71.227405,48.425204,Préscolaire - Primaire - Secondaire,Franco,418 542-3571
,724014,École polyvalente Jonquière,École polyvalente Jonquière,"3450, boulevard du Royaume",Jonquière,94068,Saguenay,V,G7S5T2,0,0,1,0,0,École,Public,https://cssdlj.gouv.qc.ca/batisseurs/,724000,Centre de services scolaire De La Jonquière,-71.222621,48.417143,Secondaire,Franco,418 547-5781
,724021,École Notre-Dame-de-l'Assomption,École Notre-Dame-de-l'Assomption,"2075, rue Hudson",Jonquière,94068,Saguenay,V,G7S3R4,1,1,0,0,0,École,Public,,724000,Centre de services scolaire De La Jonquière,-71.172449,48.419761,Préscolaire - Primaire,Franco,418 548-7158
,724022,École Notre-Dame-du-Sourire,École Notre-Dame-du-Sourire,"1796, rue Neilson",Jonquière,94068,Saguenay,V,G7S3A2,1,1,0,0,0,École,Public,,724000,Centre de services scolaire De La Jonquière,-71.184941,48.43074,Préscolaire - Primaire,Franco,418 548-8205
,724024,École Sainte-Bernadette,École Sainte-Bernadette,"2908, rue Sainte-Émilie",Jonquière,94068,Saguenay,V,G7S1S1,1,1,0,0,0,École,Public,,724000,Centre de services scolaire De La Jonquière,-71.186464,48.415574,Préscolaire - Primaire,Franco,418 548-7108
,724025,École Sainte-Lucie,École Sainte-Lucie,"2330, rue Lévesque",Jonquière,94068,Saguenay,V,G7S3T3,1,1,0,0,0,École,Public,https://cssdlj.gouv.qc.ca/lucie/,724000,Centre de services scolaire De La Jonquière,-71.174215,48.408528,Préscolaire - Primaire,Franco,418 548-8238
,724030,Collège Saint-Ambroise,Collège Saint-Ambroise,"101, rue Blackburn",,94255,Saint-Ambroise,M,G7P2K4,1,1,0,0,0,École,Public,https://cssdlj.gouv.qc.ca/sabp/,724000,Centre de services scolaire De La Jonquière,-71.326723,48.557709,Préscolaire - Primaire,Franco,418 672-4726
,724031,École Sainte-Cécile,École Sainte-Cécile,"1769, rue Saint-François-Xavier",Jonquière,94068,Saguenay,V,G7X4N8,1,1,0,0,0,École,Public,,724000,Centre de services scolaire De La Jonquière,-71.22944,48.432717,Préscolaire - Primaire,Franco,418 542-4549
,724033,École Sacré-Coeur,École Sacré-Coeur,"1930, rue de Frontenac",Jonquière,94068,Saguenay,V,G7X4W3,1,1,0,0,0,École,Public,,724000,Centre de services scolaire De La Jonquière,-71.237094,48.426141,Préscolaire - Primaire,Franco,418 542-4555
,724034,École Bois-Joli,École Bois-Joli,"4411, rue Bois-Joli",Shipshaw,94068,Saguenay,V,G7P1M4,1,1,0,0,0,École,Public,,724000,Centre de services scolaire De La Jonquière,-71.26817,48.509729,Préscolaire - Primaire,Franco,418 547-2656
,724035,École Saint-Jean-de-Bégin,École Saint-Jean-de-Bégin,"108, rue Tremblay",,94250,Bégin,M,G0V1B0,1,1,0,0,0,École,Public,,724000,Centre de services scolaire De La Jonquière,-71.362464,48.674817,Préscolaire - Primaire,Franco,418 672-4704
,724036,École Saint-Charles,École Saint-Charles,"370, rue Principale",,94260,Saint-Charles-de-Bourget,M,G0V1G0,1,1,0,0,0,École,Public,,724000,Centre de services scolaire De La Jonquière,-71.409406,48.491949,Préscolaire - Primaire,Franco,418 672-2233
,724040,École de la Mosaïque,École de la Mosaïque,"3795, rue Saint-Laurent",Jonquière,94068,Saguenay,V,G7X2P5,1,1,0,0,0,École,Public,,724000,Centre de services scolaire De La Jonquière,-71.245923,48.417446,Préscolaire - Primaire,Franco,418 547-4708
,724041,École Marguerite-Belley,École Marguerite-Belley,"4080, boulevard Harvey",Jonquière,94068,Saguenay,V,G8A1K3,1,1,0,0,0,École,Public,,724000,Centre de services scolaire De La Jonquière,-71.264475,48.416972,Préscolaire - Primaire,Franco,418 547-2611
,724044,École Sainte-Marie-Médiatrice,École Sainte-Marie-Médiatrice,"2196, rue Perrier",Jonquière,94068,Saguenay,V,G7X9C9,1,1,0,0,0,École,Public,https://cssdlj.gouv.qc.ca/mediatrice/,724000,Centre de services scolaire De La Jonquière,-71.239876,48.413676,Préscolaire - Primaire,Franco,418 547-2189
,724045,École Trefflé-Gauthier,École Trefflé-Gauthier,"2385, rue des Cyprès",Jonquière,94068,Saguenay,V,G8A2E6,1,1,0,0,0,École,Public,,724000,Centre de services scolaire De La Jonquière,-71.27081,48.405749,Préscolaire - Primaire,Franco,418 547-6663
,724046,École le Tandem,École le Tandem,"2390, rue Pelletier",Jonquière,94068,Saguenay,V,G7X6B9,1,1,0,0,0,École,Public,,724000,Centre de services scolaire De La Jonquière,-71.255021,48.406974,Préscolaire - Primaire,Franco,418 547-2681
,724047,École Saint-Jean-Baptiste,École Saint-Jean-Baptiste,"2176, rue Saint-Edmond",Jonquière,94068,Saguenay,V,G8A1Y9,1,1,0,0,0,École,Public,,724000,Centre de services scolaire De La Jonquière,-71.264194,48.415508,Préscolaire - Primaire,Franco,418 547-2631
,724048,École Du Versant,École Du Versant,"777, rue Gauthier",,94265,Larouche,M,G0W1Z0,1,1,0,0,0,École,Public,,724000,Centre de services scolaire De La Jonquière,-71.526621,48.451335,Préscolaire - Primaire,Franco,418 547-4485
,724317,CFGA De La Jonquière,Centre de formation générale des adultes De La Jonquière,"3842, boulevard Harvey",Jonquière,94068,Saguenay,V,G7X2Z4,0,0,0,0,1,Centre éducation aux adultes,Public,,724000,Centre de services scolaire De La Jonquière,-71.248379,48.413767,Éducation aux adultes,Franco,418 547-4702
,724416,CFP Jonquière,Centre de formation professionnelle Jonquière,"3450, boulevard du Royaume",Jonquière,94068,Saguenay,V,G7S5T2,0,0,0,1,0,Centre de formation professionnelle,Public,,724000,Centre de services scolaire De La Jonquière,-71.222621,48.417143,Formation professionnelle,Franco,418 695-5195
,731001,Centre éducatif Saint-Aubin,Centre éducatif Saint-Aubin,"200-101, rue Saint-Aubin",,16013,Baie-Saint-Paul,V,G3Z2R2,0,0,1,0,0,École,Public,https://www.cscharlevoix.qc.ca/commission/etablissements/ecoles/staubin.html,731000,Centre de services scolaire de Charlevoix,-70.514521,47.439925,Secondaire,Franco,418 435-6802
,731002,École secondaire du Plateau,École secondaire du Plateau,"88, rue des Cimes",Pointe-au-Pic,15013,La Malbaie,V,G5A1T3,0,0,1,0,0,École,Public,https://www.cscharlevoix.qc.ca/esp/Accueil/index.htm,731000,Centre de services scolaire de Charlevoix,-70.156498,47.65209,Secondaire,Franco,418 665-3791
,731003,École Les Marées montantes,École Les Marées montantes,"40, rue Patrick-Morgan",,15013,La Malbaie,V,G5A1T1,1,1,0,0,0,École,Public,,731000,Centre de services scolaire de Charlevoix,-70.152969,47.655807,Préscolaire - Primaire,Franco,418 665-3796
,731004,École L'Écho des trois montagnes,École L'Écho des trois montagnes,"19, rue Saint-Philippe",,15035,Clermont,V,G4A1K3,1,1,0,0,0,École,Public,,731000,Centre de services scolaire de Charlevoix,-70.222,47.694232,Préscolaire - Primaire,Franco,418 439-3862
,731005,École de la Rose-des-Vents,École de la Rose-des-Vents,"247, rue Principale",,16050,Saint-Hilarion,P,G0A3V0,1,1,1,0,0,École,Public,,731000,Centre de services scolaire de Charlevoix,-70.401052,47.573463,Préscolaire - Primaire - Secondaire,Franco,418 489-2005
,731006,École Valléemont,École Valléemont,"7, rue Forget",,16013,Baie-Saint-Paul,V,G3Z1T4,1,1,0,0,0,École,Public,,731000,Centre de services scolaire de Charlevoix,-70.507743,47.439665,Préscolaire - Primaire,Franco,418 435-2828
,731300,AVISE Centre de formation Charlevoix,AVISE Centre de formation Charlevoix,"88, rue des Cimes",,15013,La Malbaie,V,G5A1T3,0,0,0,0,1,Centre éducation aux adultes,Public,https://aviseformation.ca/,731000,Centre de services scolaire de Charlevoix,-70.156498,47.65209,Éducation aux adultes,Franco,418 665-4487
,731400,AVISE Centre de formation Charlevoix,AVISE Centre de formation Charlevoix,"88, rue des Cimes",,15013,La Malbaie,V,G5A1T3,0,0,0,1,0,Centre de formation professionnelle,Public,https://aviseformation.ca/,731000,Centre de services scolaire de Charlevoix,-70.156498,47.65209,Formation professionnelle,Franco,418 665-4487
,732002,École Anne-Hébert,École Anne-Hébert,"555, chemin Sainte-Foy",,23027,Québec,V,G1S2J9,1,1,0,0,0,École,Public,https://ecole-anne-hebert.cssc.gouv.qc.ca/,732000,Centre de services scolaire de la Capitale,-71.235736,46.80183,Préscolaire - Primaire,Franco,418 686-4040
,732003,École Sans-Frontière,École Sans-Frontière,"360, avenue Bélanger",,23027,Québec,V,G1M1W1,1,1,0,0,0,École,Public,https://ecole-sans-frontiere.cssc.gouv.qc.ca,732000,Centre de services scolaire de la Capitale,-71.258829,46.817201,Préscolaire - Primaire,Franco,418 686-4040
,732004,École de Château-d'Eau,École de Château-d'Eau,"3075, rue du Golf",,23027,Québec,V,G2A1G1,1,1,0,0,0,École,Public,https://ecole-dechateau-deau.cssc.gouv.qc.ca,732000,Centre de services scolaire de la Capitale,-71.369569,46.858963,Préscolaire - Primaire,Franco,418 686-4040
,732005,École de La Chanterelle,École de La Chanterelle,"1070, boulevard Pie-XI Nord",,23027,Québec,V,G3K2S6,1,1,0,0,0,École,Public,https://ecole-delachanterelle.cssc.gouv.qc.ca,732000,Centre de services scolaire de la Capitale,-71.414921,46.857395,Préscolaire - Primaire,Franco,418 686-4040
,732006,École de La Chaumière,École de La Chaumière,"4285, rue René-Chaloult",,23027,Québec,V,G2B4R7,1,1,0,0,0,École,Public,https://ecole-delachaumiere.cssc.gouv.qc.ca,732000,Centre de services scolaire de la Capitale,-71.359557,46.83232,Préscolaire - Primaire,Franco,418 686-4040
,732007,École de La Source,École de La Source,"204, boulevard des Étudiants",,23027,Québec,V,G2A1P5,1,1,0,0,0,École,Public,https://ecole-delasource.cssc.gouv.qc.ca,732000,Centre de services scolaire de la Capitale,-71.370304,46.850861,Préscolaire - Primaire,Franco,418 686-4040
,732008,École de l'Accueil,École de l'Accueil,"1587, rue Guillaume-Bresse",,23027,Québec,V,G3E1G9,0,1,0,0,0,École,Public,https://ecole-delaccueil.cssc.gouv.qc.ca,732000,Centre de services scolaire de la Capitale,-71.333922,46.869934,Primaire,Franco,418 686-4040
,732009,École de l'Apprenti-Sage,École de l'Apprenti-Sage,"2200, rue Coursol",,23027,Québec,V,G2B4Y4,1,1,0,0,0,École,Public,https://ecole-delapprenti-sage.cssc.gouv.qc.ca,732000,Centre de services scolaire de la Capitale,-71.327625,46.846904,Préscolaire - Primaire,Franco,418 686-4040
,732010,École de l'Arc-en-Ciel - de l'Aventure,École de l'Arc-en-Ciel - de l'Aventure,"475, rue Racine",,23027,Québec,V,G2B1G3,1,1,0,0,0,École,Public,https://ecole-delarc-en-ciel-delaventure.cssc.gouv.qc.ca,732000,Centre de services scolaire de la Capitale,-71.363898,46.847176,Préscolaire - Primaire,Franco,418 686-4040
,732012,École Dominique-Savio,École Dominique-Savio,"2050, rue de la Trinité",,23027,Québec,V,G1J2M4,1,1,0,0,0,École,Public,https://ecole-dominique-savio.cssc.gouv.qc.ca,732000,Centre de services scolaire de la Capitale,-71.216659,46.836228,Préscolaire - Primaire,Franco,418 686-4040
,732013,École des Écrivains,École des Écrivains,"4400, rue Jacques-Crépeault",,23027,Québec,V,G1P1X5,1,1,0,0,0,École,Public,https://ecole-desecrivains.cssc.gouv.qc.ca,732000,Centre de services scolaire de la Capitale,-71.31627,46.802769,Préscolaire - Primaire,Franco,418 686-4040
,732014,École du Beau-Séjour,École du Beau-Séjour,"1644, avenue Lapierre",,23027,Québec,V,G3E1C1,1,1,0,0,0,École,Public,https://ecole-dubeau-sejour.cssc.gouv.qc.ca,732000,Centre de services scolaire de la Capitale,-71.338013,46.869859,Préscolaire - Primaire,Franco,418 686-4040
,732015,École du Buisson,École du Buisson,"5385, avenue Banville",,23027,Québec,V,G1P1H7,1,1,0,0,0,École,Public,https://ecole-dubuisson.cssc.gouv.qc.ca,732000,Centre de services scolaire de la Capitale,-71.330129,46.821336,Préscolaire - Primaire,Franco,418 686-4040
,732016,École Du Domaine,École Du Domaine,"1630, rue des Balsamines",,23027,Québec,V,G1M2K9,1,1,0,0,0,École,Public,https://ecole-dudomaine.cssc.gouv.qc.ca,732000,Centre de services scolaire de la Capitale,-71.282254,46.814162,Préscolaire - Primaire,Franco,418 686-4040
,732017,École du Joli-Bois,École du Joli-Bois,"2353, boulevard Valcartier",,22025,Saint-Gabriel-de-Valcartier,M,G0A4S0,1,1,0,0,0,École,Public,https://ecole-dujoli-bois.cssc.gouv.qc.ca,732000,Centre de services scolaire de la Capitale,-71.485861,46.945738,Préscolaire - Primaire,Franco,418 686-4040
,732018,École du Val-Joli,École du Val-Joli,"1735, boulevard Pie-XI Nord",,23027,Québec,V,G3J1L6,1,1,0,0,0,École,Public,https://ecole-duval-joli.cssc.gouv.qc.ca,732000,Centre de services scolaire de la Capitale,-71.445849,46.871043,Préscolaire - Primaire,Franco,418 686-4040
,732019,École du Vignoble,École du Vignoble,"6300, rue de Montrachet",,23027,Québec,V,G3E2A6,1,1,0,0,0,École,Public,https://ecole-duvignoble.cssc.gouv.qc.ca,732000,Centre de services scolaire de la Capitale,-71.324884,46.867427,Préscolaire - Primaire,Franco,418 686-4040
,732023,École Jean-XXIII,École Jean-XXIII,"3690, rue Antonin-Marquis",,23027,Québec,V,G1P3B9,1,1,0,0,0,École,Public,https://ecole-jean-xxiii.cssc.gouv.qc.ca,732000,Centre de services scolaire de la Capitale,-71.311298,46.817153,Préscolaire - Primaire,Franco,418 686-4040
,732024,École Jules-Émond / Amédée-Boutin,École Jules-Émond - Amédée-Boutin,"1065, avenue de la Montagne Est",,23027,Québec,V,G3K1T4,1,1,0,0,0,École,Public,https://ecole-jemond-aboutin.cssc.gouv.qc.ca,732000,Centre de services scolaire de la Capitale,-71.429436,46.842794,Préscolaire - Primaire,Franco,418 686-4040
,732025,École Les Prés-Verts-Saint-Bernard,École Les Prés-Verts - Saint-Bernard,"1680, boulevard La Morille",,23027,Québec,V,G2K2L2,1,1,0,0,0,École,Public,https://ecole-lespverts-sbernard.cssc.gouv.qc.ca,732000,Centre de services scolaire de la Capitale,-71.308103,46.842681,Préscolaire - Primaire,Franco,418 686-4040
,732026,École Marguerite-Bourgeoys,École Marguerite-Bourgeoys,"325, avenue des Oblats",,23027,Québec,V,G1K1R9,1,1,0,0,0,École,Public,https://ecole-marguerite-bourgeoys.cssc.gouv.qc.ca,732000,Centre de services scolaire de la Capitale,-71.236627,46.810506,Préscolaire - Primaire,Franco,418 686-4040
,732027,École de l'Escabelle,École de l'Escabelle,"2120, rue Curé-Lacroix",,23027,Québec,V,G2B1S1,1,1,0,0,0,École,Public,https://ecole-delescabelle.cssc.gouv.qc.ca,732000,Centre de services scolaire de la Capitale,-71.334457,46.857092,Préscolaire - Primaire,Franco,418 686-4040
,732028,École de la Mosaïque,École de la Mosaïque,"2264, rue Lemieux",,23027,Québec,V,G1P2V1,1,1,0,0,0,École,Public,https://ecole-delamosaique.cssc.gouv.qc.ca,732000,Centre de services scolaire de la Capitale,-71.298336,46.813466,Préscolaire - Primaire,Franco,418 686-4040
,732030,École internationale N-Dame-des-Neiges,École d'éducation internationale Notre-Dame-des-Neiges,"4140, boulevard Gastonguay",,23027,Québec,V,G2B1M7,1,1,0,0,0,École,Public,https://ecole-notre-dame-des-neiges.cssc.gouv.qc.ca,732000,Centre de services scolaire de la Capitale,-71.370119,46.841857,Préscolaire - Primaire,Franco,418 686-4040
,732031,École Notre-Dame-du-Canada,École Notre-Dame-du-Canada,"383, rue Chabot",,23027,Québec,V,G1M1L4,1,1,0,0,0,École,Public,https://ecole-notre-dame-du-canada.cssc.gouv.qc.ca,732000,Centre de services scolaire de la Capitale,-71.264075,46.811985,Préscolaire - Primaire,Franco,418 686-4040
,732033,École Sacré-Coeur,École Sacré-Coeur,"240, rue De Jumonville",,23027,Québec,V,G1K1G4,1,1,0,0,0,École,Public,https://ecole-sacre-coeur.cssc.gouv.qc.ca,732000,Centre de services scolaire de la Capitale,-71.238047,46.813691,Préscolaire - Primaire,Franco,418 686-4040
,732035,École Saint-Albert-le-Grand,École Saint-Albert-le-Grand,"301, rue des Peupliers Est",,23027,Québec,V,G1L1S6,1,1,0,0,0,École,Public,https://ecole-st-albert-le-grand.cssc.gouv.qc.ca,732000,Centre de services scolaire de la Capitale,-71.241763,46.839936,Préscolaire - Primaire,Franco,418 686-4040
,732038,École Saint-Claude,École Saint-Claude,"12155, boulevard Saint-Claude",,23027,Québec,V,G2B1H4,1,1,0,0,0,École,Public,https://ecole-st-claude.cssc.gouv.qc.ca,732000,Centre de services scolaire de la Capitale,-71.383574,46.845226,Préscolaire - Primaire,Franco,418 686-4040
,732039,École Saint-Fidèle,École Saint-Fidèle,"334, 12e Rue",,23027,Québec,V,G1L2L5,1,1,0,0,0,École,Public,https://ecole-st-fidele.cssc.gouv.qc.ca,732000,Centre de services scolaire de la Capitale,-71.229919,46.828002,Préscolaire - Primaire,Franco,418 686-4040
,732040,École de la Grande-Hermine,École de la Grande-Hermine,"1355, 2e Avenue",,23027,Québec,V,G1L0A6,1,1,0,0,0,École,Public,https://ecole-delagrande-hermine.cssc.gouv.qc.ca,732000,Centre de services scolaire de la Capitale,-71.233678,46.827927,Préscolaire - Primaire,Franco,418 686-4040
,732041,École Saint-Jean-Baptiste,École Saint-Jean-Baptiste,"370, rue Saint-Jean",,23027,Québec,V,G1R1P2,1,1,0,0,0,École,Public,https://ecole-st-jean-baptiste.cssc.gouv.qc.ca,732000,Centre de services scolaire de la Capitale,-71.223098,46.809018,Préscolaire - Primaire,Franco,418 686-4040
,732043,École Saint-Malo,École Saint-Malo,"286, rue Marie-de-l'Incarnation",,23027,Québec,V,G1N3G4,1,1,0,0,0,École,Public,https://ecole-st-malo.cssc.gouv.qc.ca,732000,Centre de services scolaire de la Capitale,-71.245208,46.807482,Préscolaire - Primaire,Franco,418 686-4040
,732045,École Saint-Paul-Apôtre,École Saint-Paul-Apôtre,"2352, 8e Avenue",,23027,Québec,V,G1J3P2,1,1,0,0,0,École,Public,https://ecole-st-paul-apotre.cssc.gouv.qc.ca,732000,Centre de services scolaire de la Capitale,-71.233604,46.836795,Préscolaire - Primaire,Franco,418 686-4040
,732047,École des Jeunes-du-Monde,École des Jeunes-du-Monde,"1990, 25e Rue",,23027,Québec,V,G1J1L7,1,1,0,0,0,École,Public,https://ecole-desjeunes-du-monde.cssc.gouv.qc.ca,732000,Centre de services scolaire de la Capitale,-71.228709,46.844203,Préscolaire - Primaire,Franco,418 686-4040
,732048,École des Berges,École des Berges,"510, rue du Prince-Édouard",,23027,Québec,V,G1K8C7,1,1,0,0,0,École,Public,https://ecole-desberges.cssc.gouv.qc.ca,732000,Centre de services scolaire de la Capitale,-71.225192,46.817641,Préscolaire - Primaire,Franco,418 686-4040
,732049,École internationale de Saint-Sacrement,École internationale de Saint-Sacrement,"1430, chemin Sainte-Foy",,23027,Québec,V,G1S2N8,1,1,0,0,0,École,Public,https://ecole-st-sacrement.cssc.gouv.qc.ca,732000,Centre de services scolaire de la Capitale,-71.257226,46.793728,Préscolaire - Primaire,Franco,418 686-4040
,732050,École Sainte-Monique,École Sainte-Monique,"4120, rue de Musset",,23027,Québec,V,G1P1P1,1,1,0,0,0,École,Public,https://ecole-ste-monique.cssc.gouv.qc.ca,732000,Centre de services scolaire de la Capitale,-71.322739,46.810279,Préscolaire - Primaire,Franco,418 686-4040
,732051,École Sainte-Odile,École Sainte-Odile,"2825, rue du Curé-Couture",,23027,Québec,V,G1L4P7,1,1,0,0,0,École,Public,https://ecole-ste-odile.cssc.gouv.qc.ca,732000,Centre de services scolaire de la Capitale,-71.253447,46.833709,Préscolaire - Primaire,Franco,418 686-4040
,732052,École à l'Orée-des-Bois,École à l'Orée-des-Bois,"1389, rue des Camarades",,23027,Québec,V,G3K2N5,1,1,0,0,0,École,Public,https://ecole-aloree-des-bois.cssc.gouv.qc.ca/,732000,Centre de services scolaire de la Capitale,-71.412487,46.846115,Préscolaire - Primaire,Franco,418 686-4040
,732053,École régionale des Quatre-Saisons,École régionale des Quatre-Saisons,"215, rue des Peupliers Ouest",,23027,Québec,V,G1L1H8,1,1,1,0,0,École,Public,https://ecole-regionaledesquatre-saisons.cssc.gouv.qc.ca,732000,Centre de services scolaire de la Capitale,-71.253645,46.834157,Préscolaire - Primaire - Secondaire,Franco,418 686-4040
,732054,École des Explorateurs,École des Explorateurs,"205, rue Désiré-Juneau",,22005,Sainte-Catherine-de-la-Jacques-Cartier,V,G3N3A1,1,1,0,0,0,École,Public,https://ecole-desexplorateurs.cssc.gouv.qc.ca,732000,Centre de services scolaire de la Capitale,-71.605192,46.842048,Préscolaire - Primaire,Franco,418 686-4040
,732079,École de la Myriade,École de la Myriade,"1172, rue de l'Etna",,23027,Québec,V,G3K0A2,1,1,0,0,0,École,Public,https://ecole-delamyriade.cssc.gouv.qc.ca/,732000,Centre de services scolaire de la Capitale,-71.427639,46.848523,Préscolaire - Primaire,Franco,418 686-4040
,732083,École Stadacona,École Stadacona,"1455, avenue François 1er",,23027,Québec,V,G1L4L3,1,1,0,0,0,École,Public,https://ecole-stadacona.cssc.gouv.qc.ca/,732000,Centre de services scolaire de la Capitale,-71.243265,46.824317,Préscolaire - Primaire,Franco,418 686-4040
,732084,École de l'Étoile-du-Nord,École de l'Étoile-du-Nord,"3220, de la Galaxie",,23027,Québec,V,G3E0K2,1,1,0,0,0,École,Public,https://ecole-deletoile-du-nord.cssc.gouv.qc.ca,732000,Centre de services scolaire de la Capitale,-71.326644,46.884655,Préscolaire - Primaire,Franco,418 686-4040
,732097,École Alexander-Wolff,École Alexander-Wolff,"17, rue Roy",Secteur Courcelette,22020,Shannon,V,G3S0E8,1,1,0,0,0,École,Public,https://ecole-alexander-wolff.cssc.gouv.qc.ca,732000,Centre de services scolaire de la Capitale,-71.509709,46.888607,Préscolaire - Primaire,Franco,418 686-4040
,732156,École Boudreau,École Boudreau,"136, rue Beaucage",,23027,Québec,V,G1M1G6,0,0,1,0,0,École,Public,https://ecole-boudreau.cssc.gouv.qc.ca/,732000,Centre de services scolaire de la Capitale,-71.257611,46.817558,Secondaire,Franco,418 686-4040
,732157,École Cardinal-Roy,École Cardinal-Roy,"50, rue du Cardinal-Maurice-Roy",,23027,Québec,V,G1K8S9,0,0,1,0,0,École,Public,https://ecole-cardinal-roy.cssc.gouv.qc.ca/,732000,Centre de services scolaire de la Capitale,-71.237311,46.818574,Secondaire,Franco,418 686-4040
,732159,École Jean-de-Brébeuf,École Jean-de-Brébeuf,"1640, 8e Avenue",,23027,Québec,V,G1J3N5,0,0,1,0,0,École,Public,https://ecole-jean-de-brebeuf.cssc.gouv.qc.ca/,732000,Centre de services scolaire de la Capitale,-71.229573,46.832412,Secondaire,Franco,418 686-4040
,732160,École Joseph-François-Perrault,École Joseph-François-Perrault,"140, chemin Sainte-Foy",,23027,Québec,V,G1R1T2,0,0,1,0,0,École,Public,https://ecole-jfperrault.cssc.gouv.qc.ca/,732000,Centre de services scolaire de la Capitale,-71.229151,46.806038,Secondaire,Franco,418 686-4040
,732161,École secondaire La Camaradière,École secondaire La Camaradière,"3400, boulevard Neuvialle",,23027,Québec,V,G1P3A8,0,0,1,0,0,École,Public,https://ecole-secondairedelacamaradiere.cssc.gouv.qc.ca,732000,Centre de services scolaire de la Capitale,-71.314589,46.816365,Secondaire,Franco,418 686-4040
,732162,École secondaire de la Cité,École secondaire de la Cité,"1625, boulevard Benoît-XV",,23027,Québec,V,G1L2Z3,0,0,1,0,0,École,Public,https://ecole-secondairedelacite.cssc.gouv.qc.ca/,732000,Centre de services scolaire de la Capitale,-71.234993,46.829994,Secondaire,Franco,418 686-4040
,732164,École secondaire de Neufchâtel,École secondaire de Neufchâtel,"3600, avenue Chauveau",,23027,Québec,V,G2C1A1,0,0,1,0,0,École,Public,https://ecole-secondairedeneufchatel.cssc.gouv.qc.ca/,732000,Centre de services scolaire de la Capitale,-71.345345,46.836339,Secondaire,Franco,418 686-4040
,732165,École secondaire Roger-Comtois,École secondaire Roger-Comtois,"158, boulevard des Étudiants",,23027,Québec,V,G2A1N8,0,0,1,0,0,École,Public,https://ecole-secondairerogercomtois.cssc.gouv.qc.ca/,732000,Centre de services scolaire de la Capitale,-71.365717,46.854269,Secondaire,Franco,418 686-4040
,732166,École Jacques-Cartier-St-Denys-Garneau,École Jacques-Cartier - Saint-Denys-Garneau,"10, rue des Étudiants",,22005,Sainte-Catherine-de-la-Jacques-Cartier,V,G3N2V2,1,1,1,0,0,École,Public,https://ecole-jcartier-sdgarneau.cssc.gouv.qc.ca/,732000,Centre de services scolaire de la Capitale,-71.613365,46.860588,Préscolaire - Primaire - Secondaire,Franco,418 686-4040
,732167,École secondaire Vanier,École secondaire Vanier,"700, boulevard Wilfrid-Hamel",,23027,Québec,V,G1M2P9,0,0,1,0,0,École,Public,https://ecole-secondairevanier.cssc.gouv.qc.ca/,732000,Centre de services scolaire de la Capitale,-71.254585,46.814334,Secondaire,Franco,418 686-4040
,732168,École L'Odyssée,École L'Odyssée,"1485, rue de l'Innovation",,23027,Québec,V,G3K2P9,0,1,1,0,0,École,Public,https://ecole-lodyssee.cssc.gouv.qc.ca/,732000,Centre de services scolaire de la Capitale,-71.418936,46.858272,Primaire - Secondaire,Franco,418 686-4040
,732356,Centre d'éducation des adultes Boudreau,Centre d'éducation des adultes Boudreau,"136, rue Beaucage",,23027,Québec,V,G1M1G6,0,0,0,0,1,Centre éducation aux adultes,Public,https://ecole-boudreau.cssc.gouv.qc.ca/,732000,Centre de services scolaire de la Capitale,-71.257611,46.817558,Éducation aux adultes,Franco,418 686-4734
,732363,CEA Centre Saint-Louis,Centre Saint-Louis,"262, rue Racine",,23027,Québec,V,G2B1E6,0,0,0,0,1,Centre éducation aux adultes,Public,https://csl.cssc.gouv.qc.ca/,732000,Centre de services scolaire de la Capitale,-71.359492,46.851999,Éducation aux adultes,Franco,418 686-4663
,732382,CEA Louis-Jolliet,Centre Louis-Jolliet,"1201, rue de la Pointe-aux-Lièvres",,23027,Québec,V,G1L4M1,0,0,0,0,1,Centre éducation aux adultes,Public,https://clj.cssc.gouv.qc.ca/,732000,Centre de services scolaire de la Capitale,-71.241152,46.821272,Éducation aux adultes,Franco,418 686-4682
,732400,CFP de Duchesnay,École de foresterie de Duchesnay,"147, route de Duchesnay",,22005,Sainte-Catherine-de-la-Jacques-Cartier,V,G3N0J6,0,0,0,1,0,Centre de formation professionnelle,Public,https://ecole-duchesnay.cssc.gouv.qc.ca/,732000,Centre de services scolaire de la Capitale,-71.646215,46.866377,Formation professionnelle,Franco,418 686-4729
,732471,CFP de Neufchâtel,Centre de formation professionnelle de Neufchâtel,"3400, avenue Chauveau",,23027,Québec,V,G2C1A1,0,0,0,1,0,Centre de formation professionnelle,Public,https://cfpn.cssc.gouv.qc.ca/,732000,Centre de services scolaire de la Capitale,-71.345345,46.836339,Formation professionnelle,Franco,418 686-4671
,732472,CFP E.M.O.I.C.Q.,École des métiers et occupations de l'industrie de la construction de Québec,"1060, rue Borne",,23027,Québec,V,G1N1L9,0,0,0,1,0,Centre de formation professionnelle,Public,https://emoicq.cssc.gouv.qc.ca/,732000,Centre de services scolaire de la Capitale,-71.25148,46.805335,Formation professionnelle,Franco,418 686-4672
,732473,CFP de Limoilou,Centre de formation professionnelle de Limoilou,"2050, 8e Avenue",,23027,Québec,V,G1J3P1,0,0,0,1,0,Centre de formation professionnelle,Public,https://cfplimoilou.cssc.gouv.qc.ca/,732000,Centre de services scolaire de la Capitale,-71.23112,46.834382,Formation professionnelle,Franco,418 525-6260
,732474,CFP de Québec,Centre de formation professionnelle de Québec,"1925, rue Monseigneur-Plessis",,23027,Québec,V,G1M1A4,0,0,0,1,0,Centre de formation professionnelle,Public,https://cfpquebec.cssc.gouv.qc.ca/,732000,Centre de services scolaire de la Capitale,-71.251406,46.818821,Formation professionnelle,Franco,418 686-4674
,732475,CFP Wilbrod-Bherer,Centre de formation professionnelle Wilbrod-Bherer,"5, rue Robert-Rumilly",,23027,Québec,V,G1K2K5,0,0,0,1,0,Centre de formation professionnelle,Public,https://cfpwb.cssc.gouv.qc.ca/,732000,Centre de services scolaire de la Capitale,-71.237386,46.818103,Formation professionnelle,Franco,418 686-4675
,732476,École hôtelière de la Capitale,École hôtelière de la Capitale,"7, rue Robert-Rumilly",,23027,Québec,V,G1K2K5,0,0,0,1,0,Centre de formation professionnelle,Public,https://ehcapitale.cssc.gouv.qc.ca/,732000,Centre de services scolaire de la Capitale,-71.237147,46.81689,Formation professionnelle,Franco,418 686-4676
,733002,École des Pionniers,École des Pionniers,"130, rue Jean-Juneau",,23072,Saint-Augustin-de-Desmaures,V,G3A2P2,1,1,1,0,0,École,Public,https://pionniers.cssdd.gouv.qc.ca/,733000,Centre de services scolaire des Découvreurs,-71.455558,46.742358,Préscolaire - Primaire - Secondaire,Franco,418 878-4551
,733003,École L'Étincelle - Trois-Saisons,École L'Étincelle - Trois-Saisons,"1400, rue Falardeau",,23027,Québec,V,G2E2Z6,1,1,0,0,0,École,Public,https://etincelle.cssdd.gouv.qc.ca/,733000,Centre de services scolaire des Découvreurs,-71.378252,46.815559,Préscolaire - Primaire,Franco,418 871-6415
,733005,École des Hauts-Clochers,École des Hauts-Clochers,"1591, rue Notre-Dame",,23057,L'Ancienne-Lorette,V,G2E3B4,1,1,0,0,0,École,Public,https://deshautsclochers.cssdd.gouv.qc.ca,733000,Centre de services scolaire des Découvreurs,-71.358549,46.79947,Préscolaire - Primaire,Franco,418 871-6412
,733007,École des Coeurs-Vaillants,École des Coeurs-Vaillants,"3430, boulevard Neilson",,23027,Québec,V,G1W2W1,1,1,0,0,0,École,Public,https://coeursvaillants.cssdd.gouv.qc.ca,733000,Centre de services scolaire des Découvreurs,-71.311638,46.756919,Préscolaire - Primaire,Franco,418 652-2153
,733010,École Fernand-Seguin,École Fernand-Seguin,"2590, rue Biencourt",,23027,Québec,V,G1V1H3,1,1,0,0,0,École,Public,https://fernand-seguin.cssdd.gouv.qc.ca,733000,Centre de services scolaire des Découvreurs,-71.29536,46.784968,Préscolaire - Primaire,Franco,418 652-2107
,733011,École d'éducation internationale Filteau,École d'éducation internationale Filteau,"830, rue de Saurel",,23027,Québec,V,G1X3P6,1,1,0,0,0,École,Public,https://filteau.cssdd.gouv.qc.ca,733000,Centre de services scolaire des Découvreurs,-71.325139,46.766656,Préscolaire - Primaire,Franco,418 652-2152
,733012,École Le Ruisselet,École Le Ruisselet,"1745, rue Saint-Olivier",,23057,L'Ancienne-Lorette,V,G2E4S1,1,1,0,0,0,École,Public,https://ruisselet.cssdd.gouv.qc.ca,733000,Centre de services scolaire des Découvreurs,-71.352795,46.812578,Préscolaire - Primaire,Franco,418 871-6410
,733016,École Sainte-Geneviève,École Sainte-Geneviève,"700, avenue de Cherbourg",,23027,Québec,V,G1X2V9,1,1,0,0,0,École,Public,https://saintegenevieve.cssdd.gouv.qc.ca,733000,Centre de services scolaire des Découvreurs,-71.319421,46.776653,Préscolaire - Primaire,Franco,418 652-2154
,733019,École Saint-Louis-de-France,École Saint-Louis-de-France,"1550, route de l'Église",,23027,Québec,V,G1W3P5,1,1,0,0,0,École,Public,https://saintlouis.cssdd.gouv.qc.ca,733000,Centre de services scolaire des Découvreurs,-71.281072,46.760596,Préscolaire - Primaire,Franco,418 652-2150
,733021,École Marg.-D'Youville,École Marguerite-D'Youville,"1473, Provancher",,23027,Québec,V,G1Y1S2,1,1,0,0,0,École,Public,https://margueriteyouville.cssdd.gouv.qc.ca,733000,Centre de services scolaire des Découvreurs,-71.342599,46.750344,Préscolaire - Primaire,Franco,418 652-2196
,733022,École Les Primevères - Jouvence,École Les Primevères - Jouvence,"1465, rue Félix-Antoine-Savard",,23027,Québec,V,G2G1Z2,1,1,0,0,0,École,Public,https://primeveres.cssdd.gouv.qc.ca,733000,Centre de services scolaire des Découvreurs,-71.36909,46.773951,Préscolaire - Primaire,Franco,418 871-6418
,733023,École Madeleine-Bergeron,École Madeleine-Bergeron,"1505, rue des Grandes-Marées",,23027,Québec,V,G1Y2T3,1,1,1,0,0,École,Public,https://madeleinebergeron.cssdd.gouv.qc.ca,733000,Centre de services scolaire des Découvreurs,-71.295288,46.771139,Préscolaire - Primaire - Secondaire,Franco,418 652-2104
,733024,École L'Arbrisseau,École L'Arbrisseau,"4675, de la Promenade-des-Soeurs",,23027,Québec,V,G1Y2W2,1,1,0,0,0,École,Public,https://arbrisseau.cssdd.gouv.qc.ca,733000,Centre de services scolaire des Découvreurs,-71.362915,46.746401,Préscolaire - Primaire,Franco,418 652-2178
,733025,École Les Bocages,École Les Bocages,"4832, rue des Landes",,23072,Saint-Augustin-de-Desmaures,V,G3A2C2,1,1,0,0,0,École,Public,https://lesbocages.cssdd.gouv.qc.ca,733000,Centre de services scolaire des Découvreurs,-71.378797,46.741147,Préscolaire - Primaire,Franco,418 877-8003
,733027,École Les Sources,École Les Sources,"1181, rue Robert-L.-Séguin",,23027,Québec,V,G1X4P5,1,1,0,0,0,École,Public,https://sources.cssdd.gouv.qc.ca,733000,Centre de services scolaire des Découvreurs,-71.362152,46.765861,Préscolaire - Primaire,Franco,418 877-8000
,733028,École Saint-Michel,École Saint-Michel,"1255, avenue du Chanoine-Morel",,23027,Québec,V,G1S4B1,1,1,1,0,0,École,Public,https://saintmichel.cssdd.gouv.qc.ca,733000,Centre de services scolaire des Découvreurs,-71.248942,46.784553,Préscolaire - Primaire - Secondaire,Franco,418 684-0054
,733030,Polyvalente de L'Ancienne-Lorette,École secondaire polyvalente de L'Ancienne-Lorette,"1801, rue Notre-Dame",,23057,L'Ancienne-Lorette,V,G2E3C6,0,0,1,0,0,École,Public,https://pal.cssdd.gouv.qc.ca,733000,Centre de services scolaire des Découvreurs,-71.361153,46.809952,Secondaire,Franco,418 872-9836
,733031,École secondaire De Rochebelle,École secondaire De Rochebelle,"1095, avenue de Rochebelle",,23027,Québec,V,G1V4P8,0,0,1,0,0,École,Public,https://derochebelle.qc.ca,733000,Centre de services scolaire des Découvreurs,-71.299626,46.769306,Secondaire,Franco,418 652-2167
,733032,Collège des Compagnons,Collège des Compagnons,"3643, avenue des Compagnons",,23027,Québec,V,G1X3Z6,0,0,1,0,0,École,Public,https://collegedescompagnons.com,733000,Centre de services scolaire des Découvreurs,-71.329041,46.759044,Secondaire,Franco,418 652-2170
,733036,Centre du Phénix,Centre du Phénix,"1088, route de l'Église",,23027,Québec,V,G1V3V9,0,0,1,0,0,École,Public,https://centreeducationdesadultes.com,733000,Centre de services scolaire des Découvreurs,-71.295288,46.771139,Secondaire,Franco,418 652-2158
,733049,École Notre-Dame-de-Foy,École Notre-Dame-de-Foy,"762, rue Jacques-Berthiaume",,23027,Québec,V,G1V3T1,1,1,0,0,0,École,Public,https://notredamedefoy.cssdd.gouv.qc.ca,733000,Centre de services scolaire des Découvreurs,-71.30688,46.779309,Préscolaire - Primaire,Franco,418 652-2101
,733053,École Saint-Mathieu,École Saint-Mathieu,"995, Duchesneau",,23027,Québec,V,G1W4B1,1,1,0,0,0,École,Public,https://stmathieu.cssdd.gouv.qc.ca,733000,Centre de services scolaire des Découvreurs,-71.307657,46.766484,Préscolaire - Primaire,Franco,418 652-2155
,733054,École Saint-Yves,École Saint-Yves,"2475, rue Triquet",,23027,Québec,V,G1W1E3,1,1,0,0,0,École,Public,https://saintyves.cssdd.gouv.qc.ca,733000,Centre de services scolaire des Découvreurs,-71.272342,46.771676,Préscolaire - Primaire,Franco,418 652-2105
,733060,École du Campanile,École du Campanile,"3645, chemin Sainte-Foy",,23027,Québec,V,G1X1T1,1,1,0,0,0,École,Public,https://campanile.cssdd.gouv.qc.ca,733000,Centre de services scolaire des Découvreurs,-71.334134,46.763325,Préscolaire - Primaire,Franco,418 652-2173
,733390,CEA Le Phénix,Centre d'éducation des adultes Le Phénix,"1088, route de l'Église",,23027,Québec,V,G1V3V9,0,0,0,0,1,Centre éducation aux adultes,Public,https://centreeducationdesadultes.com/,733000,Centre de services scolaire des Découvreurs,-71.295288,46.771139,Éducation aux adultes,Franco,418 652-2158
,733494,CFP Marie-Rollet,Centre de formation professionnelle Marie-Rollet,"3000, boulevard Hochelaga",,23027,Québec,V,G1V3Y4,0,0,0,1,0,Centre de formation professionnelle,Public,https://cfpmr.com,733000,Centre de services scolaire des Découvreurs,-71.297774,46.766281,Formation professionnelle,Franco,418 652-2159
,733496,CFP Maurice-Barbeau,Centre de formation professionnelle Maurice-Barbeau,"920, rue Noël-Carter",,23027,Québec,V,G1V5B6,0,0,0,1,0,Centre de formation professionnelle,Public,https://cfpmb.com,733000,Centre de services scolaire des Découvreurs,-71.29419,46.776883,Formation professionnelle,Franco,418 652-2184
,734001,École de la Primerose,École de la Primerose,"155, rue Bessette",,23027,Québec,V,G1C7A7,1,1,0,0,0,École,Public,https://primerose.csdps.qc.ca,734000,Centre de services scolaire des Premières-Seigneuries,-71.192557,46.891793,Préscolaire - Primaire,Franco,418 666-4562
,734002,École Marie-Renouard,École Marie-Renouard et de l'Assomption,"2970, avenue Gaspard",,23027,Québec,V,G1C3V7,1,1,0,0,0,École,Public,https://www.marierenouard.csdps.qc.ca,734000,Centre de services scolaire des Premières-Seigneuries,-71.230382,46.853414,Préscolaire - Primaire,Franco,418 626-4559
,734004,École de l'Harmonie,École de l'Harmonie,"15, rue Saint-Edmond",,23027,Québec,V,G1E5C8,1,1,0,0,0,École,Public,https://saintedouard.csdps.qc.ca,734000,Centre de services scolaire des Premières-Seigneuries,-71.186517,46.859668,Préscolaire - Primaire,Franco,418 666-4480
,734005,École de Saint-Michel,École de Saint-Michel,"453, rue Seigneuriale",,23027,Québec,V,G1C3R2,1,1,0,0,0,École,Public,https://saintmichel.csdps.qc.ca,734000,Centre de services scolaire des Premières-Seigneuries,-71.211069,46.889332,Préscolaire - Primaire,Franco,418 666-4495
,734006,École de la Pléiade,École de la Pléiade,"2324, avenue Renouard",,23027,Québec,V,G1E4C3,1,1,0,0,0,École,Public,https://pleiade.csdps.qc.ca,734000,Centre de services scolaire des Premières-Seigneuries,-71.210692,46.853942,Préscolaire - Primaire,Franco,418 666-4575
,734007,École du Trivent,École du Trivent,"3, rue du Couvent",,22045,Sainte-Brigitte-de-Laval,V,G0A3K0,1,1,0,0,0,École,Public,,734000,Centre de services scolaire des Premières-Seigneuries,-71.193578,47.001018,Préscolaire - Primaire,Franco,418 821-8044
,734008,École Freinet de Québec,École Freinet de Québec,"945, boulevard des Chutes",,23027,Québec,V,G1E2C8,1,1,0,0,0,École,Public,https://ecolefreinetdequebec.ca,734000,Centre de services scolaire des Premières-Seigneuries,-71.181502,46.866535,Préscolaire - Primaire,Franco,418 666-4580
,734009,École de la Ribambelle,École de la Ribambelle,"500, rue Anick",,23027,Québec,V,G1C4X5,1,1,0,0,0,École,Public,https://ribambelle.csdps.qc.ca,734000,Centre de services scolaire des Premières-Seigneuries,-71.200749,46.888999,Préscolaire - Primaire,Franco,418 666-4455
,734010,École du Sous-Bois,École du Sous-Bois,"143, rue des Feux-Follets",,23027,Québec,V,G1B1K8,1,1,0,0,0,École,Public,,734000,Centre de services scolaire des Premières-Seigneuries,-71.196786,46.911289,Préscolaire - Primaire,Franco,418 666-6212
,734011,École des Cimes,École des Cimes,"250, rue Cambert",,23027,Québec,V,G1B3R8,1,1,0,0,0,École,Public,https://cimes.csdps.qc.ca,734000,Centre de services scolaire des Premières-Seigneuries,-71.214683,46.904657,Préscolaire - Primaire,Franco,418 666-6091
,734012,École de la Farandole,École de la Farandole,"139, rue Bertrand",,23027,Québec,V,G1B1H8,1,1,0,0,0,École,Public,,734000,Centre de services scolaire des Premières-Seigneuries,-71.190748,46.903184,Préscolaire - Primaire,Franco,418 666-4595
,734015,École des Constellations,École des Constellations,"7220, avenue Trudelle",,23027,Québec,V,G1H5S3,1,1,0,0,0,École,Public,,734000,Centre de services scolaire des Premières-Seigneuries,-71.27317,46.853268,Préscolaire - Primaire,Franco,418 622-7886
,734017,École du Bourg-Royal-et-du-Châtelet,École du Bourg-Royal-et-du-Châtelet,"825, avenue du Bourg-Royal",,23027,Québec,V,G2L1W8,1,1,0,0,0,École,Public,https://dubourgroyaletduchatelet.csdps.qc.ca,734000,Centre de services scolaire des Premières-Seigneuries,-71.247886,46.880605,Préscolaire - Primaire,Franco,418 622-7895
,734018,École des Deux-Moulins,École des Deux-Moulins,"7550, 10e Avenue Est",,23027,Québec,V,G1H4C4,1,1,0,0,0,École,Public,https://parcorleans.csdps.qc.ca,734000,Centre de services scolaire des Premières-Seigneuries,-71.252037,46.864069,Préscolaire - Primaire,Franco,418 622-7892
,734019,École de l'Escale et du Plateau,École de l'Escale et du Plateau,"8805, avenue de Laval",,23027,Québec,V,G1G4X6,1,1,0,0,0,École,Public,https://escale.csdps.qc.ca,734000,Centre de services scolaire des Premières-Seigneuries,-71.280097,46.86385,Préscolaire - Primaire,Franco,418 622-7891
,734020,École Guillaume-Mathieu,École Guillaume-Mathieu,"615, avenue Hélène-Paradis",,23027,Québec,V,G1G5G1,1,1,0,0,0,École,Public,,734000,Centre de services scolaire des Premières-Seigneuries,-71.266785,46.870853,Préscolaire - Primaire,Franco,418 622-7887
,734021,École de la Fourmilière,École de la Fourmilière,"5125, 2e Avenue Ouest",,23027,Québec,V,G1H6L2,1,1,0,0,0,École,Public,https://fourmiliere.csdps.qc.ca,734000,Centre de services scolaire des Premières-Seigneuries,-71.25626,46.846273,Préscolaire - Primaire,Franco,418 622-7893
,734025,École aux Quatre-Vents,École aux Quatre-Vents,"41, rue Tanguay",,23027,Québec,V,G1E6A3,1,1,0,0,0,École,Public,https://quatrevents.csdps.qc.ca,734000,Centre de services scolaire des Premières-Seigneuries,-71.174777,46.875009,Préscolaire - Primaire,Franco,418 821-4994
,734026,École Beausoleil-et-du-Parc,École Beausoleil-et-du-Parc,"2267, avenue Royale",,23027,Québec,V,G1C1P5,1,1,0,0,0,École,Public,,734000,Centre de services scolaire des Premières-Seigneuries,-71.159677,46.883668,Préscolaire - Primaire,Franco,418 821-0220
,734028,École de l'Île-d'Orléans,École de l'Île-d'Orléans,"1300, chemin Royal",,20025,Saint-Pierre-de-l'Île-d'Orléans,M,G0A4E0,1,1,0,0,0,École,Public,https://iledorleans.csdps.qc.ca,734000,Centre de services scolaire des Premières-Seigneuries,-71.071569,46.889611,Préscolaire - Primaire,Franco,418 821-8066
,734030,École de Boischatel,École de Boischatel,"25, côte de l'Église",,21045,Boischatel,M,G0A1H0,1,1,0,0,0,École,Public,https://www.boischatel.csdps.qc.ca,734000,Centre de services scolaire des Premières-Seigneuries,-71.135178,46.896253,Préscolaire - Primaire,Franco,418 821-8060
,734031,École du Petit-Prince,École du Petit-Prince,"20, rue du Couvent Est",,21040,L'Ange-Gardien,M,G0A2K0,1,1,0,0,0,École,Public,,734000,Centre de services scolaire des Premières-Seigneuries,-71.09475,46.916651,Préscolaire - Primaire,Franco,418 821-8062
,734032,École Châtelaine et Place-de-l'Éveil,École de la Châtelaine et de la Place-de-l'Éveil,"273, rue du Couvent Est",,21035,Château-Richer,V,G0A1N0,1,1,0,0,0,École,Public,https://chatelaine.csdps.qc.ca,734000,Centre de services scolaire des Premières-Seigneuries,-71.020163,46.970288,Préscolaire - Primaire,Franco,418 821-8077
,734034,École des Beaux-Prés et de la Pionnière,École des Beaux-Prés et de la Pionnière,"2, rue Fatima Est",,21025,Beaupré,V,G0A1E0,1,1,0,0,0,École,Public,https://beauxpres.csdps.qc.ca,734000,Centre de services scolaire des Premières-Seigneuries,-70.884351,47.049221,Préscolaire - Primaire,Franco,418 821-8078
,734036,École Caps-des-Neiges,École Caps-des-Neiges,"3455, avenue Royale",,21010,Saint-Ferréol-les-Neiges,M,G0A3R0,1,1,0,0,0,École,Public,,734000,Centre de services scolaire des Premières-Seigneuries,-70.859225,47.11843,Préscolaire - Primaire,Franco,418 821-8055
,734040,École Cap-Soleil,École Cap-Soleil,"5256, avenue des Sauges",,23027,Québec,V,G1G3V7,1,1,0,0,0,École,Public,https://capsoleil.csdps.qc.ca,734000,Centre de services scolaire des Premières-Seigneuries,-71.285834,46.882644,Préscolaire - Primaire,Franco,418 624-3750
,734041,École Chabot et de l'Oasis,École Chabot et de l'Oasis,"1666, avenue de Lozère",,23027,Québec,V,G1G3L4,1,1,0,0,0,École,Public,https://www.chabotoasis.csdps.qc.ca,734000,Centre de services scolaire des Premières-Seigneuries,-71.271316,46.876716,Préscolaire - Primaire,Franco,418 624-3752
,734042,École de l'Escalade,École de l'Escalade,"365, rue du Bienheureux-Jean-XXIII",,23027,Québec,V,G2N1V4,1,1,0,0,0,École,Public,https://www.escalade.csdps.qc.ca,734000,Centre de services scolaire des Premières-Seigneuries,-71.307522,46.899227,Préscolaire - Primaire,Franco,418 634-5535
,734043,École du Boisé,École du Boisé,"99, rue Moïse-Verret",,23027,Québec,V,G2N1E8,1,1,0,0,0,École,Public,,734000,Centre de services scolaire des Premières-Seigneuries,-71.34188,46.909954,Préscolaire - Primaire,Franco,418 634-5537
,734044,École du Harfang-des-Neiges,École du Harfang-des-Neiges,"114, 1re avenue",,22035,Stoneham-et-Tewkesbury,CU,G3C0L5,1,1,0,0,0,École,Public,,734000,Centre de services scolaire des Premières-Seigneuries,-71.36421,46.999022,Préscolaire - Primaire,Franco,418 634-5546
,734045,École de l'Arc-en-Ciel,École de l'Arc-en-Ciel,"570, rue Pacifique",,23027,Québec,V,G3G1W5,1,1,0,0,0,École,Public,,734000,Centre de services scolaire des Premières-Seigneuries,-71.372199,46.892545,Préscolaire - Primaire,Franco,418 634-5536
,734047,École de la Passerelle,École de la Passerelle,"460, rue des Couventines",,23027,Québec,V,G3G1J8,1,1,0,0,0,École,Public,,734000,Centre de services scolaire des Premières-Seigneuries,-71.371895,46.90865,Préscolaire - Primaire,Franco,418 634-5544
,734048,École Montagnac,École Montagnac,"570, chemin du Tour-du-Lac",,22040,Lac-Beauport,M,G3B0W1,1,1,0,0,0,École,Public,https://montagnac.csdps.qc.ca,734000,Centre de services scolaire des Premières-Seigneuries,-71.297906,46.946253,Préscolaire - Primaire,Franco,418 634-5542
,734049,École de l'Ancrage,École de l'Ancrage,"145, rue de la Faune",,23027,Québec,V,G1G0K9,1,1,0,0,0,École,Public,,734000,Centre de services scolaire des Premières-Seigneuries,-71.304447,46.890735,Préscolaire - Primaire,Franco,418 622-7880
,734050,École Académie Sainte-Marie,École Académie Sainte-Marie,"10, rue de l'Académie",,23027,Québec,V,G1E4W1,0,1,1,0,0,École,Public,https://academiesaintemarie.cssps.gouv.qc.ca/,734000,Centre de services scolaire des Premières-Seigneuries,-71.192619,46.857922,Primaire - Secondaire,Franco,418 666-4460
,734051,École Samuel-De Champlain,École Samuel-De Champlain,"2740, avenue Saint-David",,23027,Québec,V,G1E4K7,0,0,1,0,0,École,Public,https://ecolesamueldechamplain.ca/,734000,Centre de services scolaire des Premières-Seigneuries,-71.209848,46.86056,Secondaire,Franco,418 666-4500
,734052,École de la Seigneurie,École de la Seigneurie,"645, avenue du Cénacle",,23027,Québec,V,G1E1B3,0,0,1,0,0,École,Public,https://www.ecolelaseigneurie.com/,734000,Centre de services scolaire des Premières-Seigneuries,-71.191809,46.873445,Secondaire,Franco,418 666-6012
,734053,École de la Relance,École de la Relance,"3510, rue Cambronne",,23027,Québec,V,G1E7H2,0,1,1,0,0,École,Public,,734000,Centre de services scolaire des Premières-Seigneuries,-71.206748,46.861245,Primaire - Secondaire,Franco,418 666-6240
,734054,École des Grands-Bâtisseurs,École des Grands-Bâtisseurs,"365, avenue des Vents",,23027,Québec,V,G1E0N4,1,1,0,0,0,École,Public,,734000,Centre de services scolaire des Premières-Seigneuries,-71.191852,46.875129,Préscolaire - Primaire,Franco,418 663-5260
,734056,École de l'Envol,École de l'Envol,"120, 47e Rue Est",,23027,Québec,V,G1H2M2,1,1,1,0,0,École,Public,,734000,Centre de services scolaire des Premières-Seigneuries,-71.250863,46.845724,Préscolaire - Primaire - Secondaire,Franco,418 622-7883
,734057,Polyvalente de Charlesbourg,Polyvalente de Charlesbourg,"900, rue de la Sorbonne",,23027,Québec,V,G1H1H1,0,0,1,0,0,École,Public,https://polyvalentedecharlesbourg.csdps.qc.ca,734000,Centre de services scolaire des Premières-Seigneuries,-71.254775,46.863913,Secondaire,Franco,418 622-7820
,734058,École Joseph-Paquin,École Joseph-Paquin,"465, 64e Rue Est",,23027,Québec,V,G1H1Y1,1,1,1,0,0,École,Public,https://josephpaquin.cssps.gouv.qc.ca/,734000,Centre de services scolaire des Premières-Seigneuries,-71.253859,46.856491,Préscolaire - Primaire - Secondaire,Franco,418 622-7884
,734060,École de la Courvilloise,École de la Courvilloise,"2265, avenue Larue",,23027,Québec,V,G1C1J9,0,0,1,0,0,École,Public,https://courvilloise.ca,734000,Centre de services scolaire des Premières-Seigneuries,-71.162712,46.89053,Secondaire,Franco,418 821-4220
,734061,École du Mont-Sainte-Anne,École du Mont-Sainte-Anne,"10975, boulevard Sainte-Anne",,21025,Beaupré,V,G0A1E0,0,0,1,0,0,École,Public,https://montsainteanne.csdps.qc.ca,734000,Centre de services scolaire des Premières-Seigneuries,-70.899062,47.039635,Secondaire,Franco,418 821-8053
,734062,CFP Fierbourg,"Fierbourg, centre de formation professionnelle","800, rue de la Sorbonne",,23027,Québec,V,G1H1H1,0,0,1,0,0,École,Public,https://fierbourg.com,734000,Centre de services scolaire des Premières-Seigneuries,-71.25589,46.863819,Secondaire,Franco,418 622-7821
,734064,École du Phare,École du Phare,"85, rue de la Faune",,23027,Québec,V,G1G0K9,0,0,1,0,0,École,Public,https://phare.cssps.gouv.qc.ca/,734000,Centre de services scolaire des Premières-Seigneuries,-71.302085,46.891636,Secondaire,Franco,418 622-7849
,734065,École Le Sommet,École Le Sommet,"120, rue de la Polyvalente",,23027,Québec,V,G2N1G8,0,0,1,0,0,École,Public,https://ecolelesommet.com/,734000,Centre de services scolaire des Premières-Seigneuries,-71.328477,46.914236,Secondaire,Franco,418 634-5501
,734066,École des Sentiers,École des Sentiers,"1090, chemin de Château-Bigot",,23027,Québec,V,G2L1G1,0,0,1,0,0,École,Public,https://sentiers.csdps.qc.ca,734000,Centre de services scolaire des Premières-Seigneuries,-71.268234,46.886002,Secondaire,Franco,418 624-3757
,734112,École du Grand-Duc,École du Grand-Duc,"466, avenue Sainte-Brigitte",,22045,Sainte-Brigitte-de-Laval,V,G0A3K0,1,1,0,0,0,École,Public,https://grandduc.cssps.gouv.qc.ca/,734000,Centre de services scolaire des Premières-Seigneuries,-71.186868,47.006874,Préscolaire - Primaire,Franco,418 664-2421
,734373,Centre de formation générale des adultes,Centre de formation générale des adultes,"742, boulevard Louis-XIV",,23027,Québec,V,G1H4M7,0,0,0,0,1,Centre éducation aux adultes,Public,,734000,Centre de services scolaire des Premières-Seigneuries,-71.270917,46.859895,Éducation aux adultes,Franco,418 622-7882
,734406,CFP Fierbourg,"Fierbourg, centre de formation professionnelle","800, rue de la Sorbonne",,23027,Québec,V,G1H1H1,0,0,0,1,0,Centre de formation professionnelle,Public,https://fierbourg.com,734000,Centre de services scolaire des Premières-Seigneuries,-71.25589,46.863819,Formation professionnelle,Franco,418 622-7821
,734451,CFP Samuel-De Champlain,Centre de formation professionnelle Samuel-De Champlain,"2740, avenue Saint-David",,23027,Québec,V,G1E4K7,0,0,0,1,0,Centre de formation professionnelle,Public,https://cfpsc.qc.ca,734000,Centre de services scolaire des Premières-Seigneuries,-71.209848,46.86056,Formation professionnelle,Franco,418 666-4000
,734479,CF en transport de Charlesbourg,Centre de formation en transport de Charlesbourg,"700, rue de l'Argon",,23027,Québec,V,G2N2G5,0,0,0,1,0,Centre de formation professionnelle,Public,https://cftc.qc.ca,734000,Centre de services scolaire des Premières-Seigneuries,-71.326611,46.88932,Formation professionnelle,Franco,418 634-5580
,735010,École secondaire de Donnacona,École secondaire de Donnacona,"320, rue de l'Église",,34025,Donnacona,V,G3M2A1,0,0,1,0,0,École,Public,https://cssportneuf.gouv.qc.ca/ecoles/secondaire-donnacona/,735000,Centre de services scolaire de Portneuf,-71.727139,46.678978,Secondaire,Franco,418 285-2612
,735013,École secondaire Louis-Jobin,École secondaire Louis-Jobin,"400, boulevard Cloutier",,34128,Saint-Raymond,V,G3L3M8,0,0,1,0,0,École,Public,https://cssportneuf.gouv.qc.ca/ecoles/secondaire-louis-jobin/,735000,Centre de services scolaire de Portneuf,-71.81942,46.893715,Secondaire,Franco,418 337-6721
,735014,École secondaire de Saint-Marc,École secondaire de Saint-Marc,"1600, boulevard Bona-Dussault",,34065,Saint-Marc-des-Carrières,V,G0A4B0,1,1,1,0,0,École,Public,https://cssportneuf.gouv.qc.ca/ecoles/secondaire-saint-marc/,735000,Centre de services scolaire de Portneuf,-72.061327,46.687545,Préscolaire - Primaire - Secondaire,Franco,418 268-3561
,735101,École des Bourdons-et-Courval,École des Bourdons-et-Courval,"619, rue des Érables",,34007,Neuville,V,G0A2R0,1,1,0,0,0,École,Public,https://cssportneuf.gouv.qc.ca/ecoles/bourdons-et-courval/,735000,Centre de services scolaire de Portneuf,-71.578609,46.698654,Préscolaire - Primaire,Franco,418 876-2102
,735102,École de la Saumonière,École de la Saumonière,"451, avenue Jacques-Cartier",,34025,Donnacona,V,G3M2C1,1,1,0,0,0,École,Public,https://cssportneuf.gouv.qc.ca/ecoles/saumoniere/,735000,Centre de services scolaire de Portneuf,-71.741065,46.676381,Préscolaire - Primaire,Franco,418 285-2666
,735103,École des Trois-Sources,École des Trois-Sources,"10, Place de l'Église",,34038,Saint-Basile,V,G0A3G0,1,1,0,0,0,École,Public,https://cssportneuf.gouv.qc.ca/ecoles/trois-sources/,735000,Centre de services scolaire de Portneuf,-71.822148,46.757076,Préscolaire - Primaire,Franco,418 329-2833
,735104,École du Bon-Pasteur,École du Bon-Pasteur,"15, rue Marie-Fitzback",,34030,Cap-Santé,V,G0A1L0,1,1,0,0,0,École,Public,https://cssportneuf.gouv.qc.ca/ecoles/bon-pasteur/,735000,Centre de services scolaire de Portneuf,-71.784974,46.670457,Préscolaire - Primaire,Franco,418 285-2915
,735108,École des Sentiers-et-de-la-Riveraine,École des Sentiers-et-de-la-Riveraine,"186, avenue Saint-Germain",,34048,Portneuf,V,G0A2Y0,1,1,0,0,0,École,Public,https://cssportneuf.gouv.qc.ca/ecoles/sentiers-et-riveraine/,735000,Centre de services scolaire de Portneuf,-71.886674,46.711453,Préscolaire - Primaire,Franco,418 286-3315
,735201,É. du Phare-et-Saint-Charles-de-Grondine,École du Phare-et-Saint-Charles-de-Grondines,"248, Chemin du Roy",,34058,Deschambault-Grondines,M,G0A1S0,1,1,0,0,0,École,Public,https://cssportneuf.gouv.qc.ca/ecoles/phare-et-saint-charles-de-grondines/,735000,Centre de services scolaire de Portneuf,-71.93105,46.649336,Préscolaire - Primaire,Franco,418 286-6283
,735202,École du Bateau-Blanc,École du Bateau-Blanc,"500, boulevard de la Montagne",,34078,Saint-Casimir,M,G0A3L0,1,1,0,0,0,École,Public,https://cssportneuf.gouv.qc.ca/ecoles/bateau-blanc/,735000,Centre de services scolaire de Portneuf,-72.144143,46.659153,Préscolaire - Primaire,Franco,418 339-2055
,735205,École de la Morelle,École de la Morelle,"410, rue de l'Aréna",,34090,Saint-Ubalde,M,G0A4L0,1,1,0,0,0,École,Public,https://cssportneuf.gouv.qc.ca/ecoles/morelle/,735000,Centre de services scolaire de Portneuf,-72.265254,46.756324,Préscolaire - Primaire,Franco,418 277-2160
,735206,École Sainte-Marie-et-du-Goéland,École Sainte-Marie-et-du-Goéland,"1120, rue Principale",,34065,Saint-Marc-des-Carrières,V,G0A4B0,1,1,0,0,0,École,Public,https://cssportneuf.gouv.qc.ca/ecoles/sainte-marie-et-goeland/,735000,Centre de services scolaire de Portneuf,-72.049192,46.683329,Préscolaire - Primaire,Franco,418 268-3355
,735212,École primaire de la Grande-Vallée,École primaire de la Grande-Vallée,"150, avenue de l'Hôtel de Ville",,34128,Saint-Raymond,V,G3L3V9,1,1,0,0,0,École,Public,https://cssportneuf.gouv.qc.ca/ecoles/grande-vallee/,735000,Centre de services scolaire de Portneuf,-71.834019,46.891828,Préscolaire - Primaire,Franco,418 337-7657
,735213,École du Perce-Neige,École du Perce-Neige,"20, rue de la Fabrique",,34017,Pont-Rouge,V,G3H3J6,1,1,0,0,0,École,Public,https://cssportneuf.gouv.qc.ca/ecoles/perce-neige/,735000,Centre de services scolaire de Portneuf,-71.697016,46.753016,Préscolaire - Primaire,Franco,418 873-5262
,735214,École Marie-du-Saint-Sacrement,École Marie-du-Saint-Sacrement,"270, rue Pettigrew",,34115,Saint-Léonard-de-Portneuf,M,G0A4A0,1,1,0,0,0,École,Public,https://cssportneuf.gouv.qc.ca/ecoles/marie-du-saint-sacrement/,735000,Centre de services scolaire de Portneuf,-71.906516,46.8914,Préscolaire - Primaire,Franco,418 337-7806
,735215,École Saint-Coeur-de-Marie,École Saint-Coeur-de-Marie,"400, avenue des Chanterelles",,34135,Rivière-à-Pierre,M,G0A3A0,1,1,0,0,0,École,Public,https://cssportneuf.gouv.qc.ca/ecoles/saint-coeur-de-marie/,735000,Centre de services scolaire de Portneuf,-72.177028,46.992781,Préscolaire - Primaire,Franco,418 323-2101
,735302,Centre FGA de Portneuf,Centre de formation des adultes de Portneuf,"312, rue de l'Église",,34025,Donnacona,V,G3M1Z9,0,0,0,0,1,Centre éducation aux adultes,Public,https://www.csportneuf.qc.ca,735000,Centre de services scolaire de Portneuf,-71.729832,46.679432,Éducation aux adultes,Franco,418 285-5018
,735401,Centre FP de Portneuf,Centre de formation professionnelle de Portneuf,"312, rue de l'Église",,34025,Donnacona,V,G3M1Z9,0,0,0,1,0,Centre de formation professionnelle,Public,https://www.csportneuf.qc.ca,735000,Centre de services scolaire de Portneuf,-71.729832,46.679432,Formation professionnelle,Franco,418 285-5018
,741002,École du Versant-de-la-Batiscan,École du Versant-de-la-Batiscan,"1385, rue Principale",,37245,Saint-Stanislas,M,G0X3E0,1,1,0,0,0,École,Public,https://csscdr.gouv.qc.ca/etablissement/ecole-du-versant-de-la-batiscan/,741000,Centre de services scolaire du Chemin-du-Roy,-72.384683,46.612462,Préscolaire - Primaire,Franco,819 840-4311
,741004,École de la Solidarité,École de la Solidarité,"364, rue du Collège",,37240,Saint-Narcisse,P,G0X2Y0,1,1,0,0,0,École,Public,https://csscdr.gouv.qc.ca/etablissement/ecole-de-la-solidarite/,741000,Centre de services scolaire du Chemin-du-Roy,-72.470353,46.566038,Préscolaire - Primaire,Franco,819 840-4312
,741008,Éc primaire d'éducation internationale,École primaire d'éducation internationale,"2750, boulevard des Forges",,37067,Trois-Rivières,V,G9A5L2,1,1,0,0,0,École,Public,https://csscdr.gouv.qc.ca/etablissement/ecole-primaire-deducation-internationale-3/,741000,Centre de services scolaire du Chemin-du-Roy,-72.56693,46.347648,Préscolaire - Primaire,Franco,819 840-1549
,741009,École Marguerite-Bourgeois,École Marguerite-Bourgeois,"3000, côte Verdun",,37067,Trois-Rivières,V,G8Z4C9,1,1,0,0,0,École,Public,https://csscdr.gouv.qc.ca/etablissement/ecole-marguerite-bourgeois/,741000,Centre de services scolaire du Chemin-du-Roy,-72.59665,46.331406,Préscolaire - Primaire,Franco,819 374-5107
,741011,École Madeleine-De Verchères,École Madeleine-De Verchères,"61, rue Sainte-Anne",,37205,Sainte-Anne-de-la-Pérade,M,G0X2J0,1,1,0,0,0,École,Public,https://csscdr.gouv.qc.ca/etablissement/ecole-madeleine-de-vercheres/,741000,Centre de services scolaire du Chemin-du-Roy,-72.204379,46.574797,Préscolaire - Primaire,Franco,819 840-4315
,741016,École de la Source,École de la Source,"1380, rue Notre-Dame",,37230,Saint-Maurice,P,G0X2X0,1,1,0,0,0,École,Public,https://csscdr.gouv.qc.ca/etablissement/ecole-de-la-source/,741000,Centre de services scolaire du Chemin-du-Roy,-72.529729,46.467965,Préscolaire - Primaire,Franco,819 374-5480
,741017,École Avenues-Nouvelles,École Avenues-Nouvelles,"60, rue Jean-Noël-Trudel",,37067,Trois-Rivières,V,G8T5W3,0,1,1,0,0,École,Public,https://avenuesnouvelles.csscdr.gouv.qc.ca/,741000,Centre de services scolaire du Chemin-du-Roy,-72.50671,46.361828,Primaire - Secondaire,Franco,819 378-6770
,741019,École des Bâtisseurs,École des Bâtisseurs,"730, rue Guilbert",,37067,Trois-Rivières,V,G8T5T6,1,1,0,0,0,École,Public,https://csscdr.gouv.qc.ca/etablissement/ecole-des-batisseurs-3/,741000,Centre de services scolaire du Chemin-du-Roy,-72.544885,46.386689,Préscolaire - Primaire,Franco,819 378-6562
,741022,École primaire de l'Académie-Sportive,École primaire de l'Académie-Sportive,"280, rue Montplaisir",,37067,Trois-Rivières,V,G8T3A1,1,1,0,0,0,École,Public,https://csscdr.gouv.qc.ca/etablissement/ecole-primaire-de-lacademie-sportive/,741000,Centre de services scolaire du Chemin-du-Roy,-72.513597,46.369076,Préscolaire - Primaire,Franco,819 375-6144
,741024,École de musique Jacques-Hétu,École de musique Jacques-Hétu,"775, rue Berlinguet",,37067,Trois-Rivières,V,G8T2H1,1,1,0,0,0,École,Public,https://csscdr.gouv.qc.ca/etablissement/ecole-de-musique-jacques-hetu-programmes-chant-choral-et-mus,741000,Centre de services scolaire du Chemin-du-Roy,-72.536813,46.379315,Préscolaire - Primaire,Franco,819 691-2501
,741027,École aux Deux-Étangs,École aux Deux-Étangs,"245, rue Loranger",,37067,Trois-Rivières,V,G8T3V2,1,1,0,0,0,École,Public,https://csscdr.gouv.qc.ca/etablissement/ecole-aux-deux-etangs/,741000,Centre de services scolaire du Chemin-du-Roy,-72.503119,46.369174,Préscolaire - Primaire,Franco,819 376-3656
,741030,École Dollard,École Dollard,"100, rue Saint-Irénée",,37067,Trois-Rivières,V,G8T7C4,1,1,0,0,0,École,Public,https://csscdr.gouv.qc.ca/etablissement/ecole-dollard/,741000,Centre de services scolaire du Chemin-du-Roy,-72.521761,46.364648,Préscolaire - Primaire,Franco,819 376-3443
,741034,École de l'Envolée,École de l'Envolée,"420, rue du Menuisier",,37067,Trois-Rivières,V,G8T6N5,1,1,0,0,0,École,Public,https://csscdr.gouv.qc.ca/etablissement/ecole-de-lenvolee/,741000,Centre de services scolaire du Chemin-du-Roy,-72.536788,46.377776,Préscolaire - Primaire,Franco,819 374-2676
,741039,École des Champs-et-Marées,École des Champs-et-Marées,"963, rue Notre-Dame",,37220,Champlain,M,G0X1C0,1,1,0,0,0,École,Public,https://csscdr.gouv.qc.ca/etablissement/ecole-des-champs-et-marees/,741000,Centre de services scolaire du Chemin-du-Roy,-72.345208,46.442114,Préscolaire - Primaire,Franco,819 840-4317
,741040,École Mond'Ami,École Mond'Ami,"481, rue Bureau",,37067,Trois-Rivières,V,G9A2M9,0,1,0,0,0,École,Public,https://csscdr.gouv.qc.ca/etablissement/ecole-mondami/,741000,Centre de services scolaire du Chemin-du-Roy,-72.546685,46.339326,Primaire,Franco,819 376-3749
,741042,École Louis-de-France,École Louis-de-France,"881, rue Louis-de-France",,37067,Trois-Rivières,V,G8T1A5,1,1,0,0,0,École,Public,https://csscdr.gouv.qc.ca/etablissement/ecole-louis-de-france/,741000,Centre de services scolaire du Chemin-du-Roy,-72.595273,46.425562,Préscolaire - Primaire,Franco,819 374-5523
,741050,École Marie-Leneuf,École Marie-Leneuf,"3650, rue Nérée-Beauchemin",,37067,Trois-Rivières,V,G8Y1C1,1,1,1,0,0,École,Public,https://csscdr.gouv.qc.ca/etablissement/ecole-marie-leneuf-2/,741000,Centre de services scolaire du Chemin-du-Roy,-72.567914,46.362893,Préscolaire - Primaire - Secondaire,Franco,819 374-2644
,741054,École Curé-Chamberland,École Curé-Chamberland,"3005, rue Arthur-Guimont",,37067,Trois-Rivières,V,G8Z2K2,1,1,0,0,0,École,Public,https://csscdr.gouv.qc.ca/etablissement/ecole-cure-chamberland/,741000,Centre de services scolaire du Chemin-du-Roy,-72.570327,46.34321,Préscolaire - Primaire,Franco,819 378-8780
,741058,École Cardinal-Roy,École Cardinal-Roy,"4100, boulevard des Forges",,37067,Trois-Rivières,V,G8Y1V7,1,1,0,0,0,École,Public,https://csscdr.gouv.qc.ca/etablissement/ecole-cardinal-roy/,741000,Centre de services scolaire du Chemin-du-Roy,-72.584271,46.356143,Préscolaire - Primaire,Franco,819 375-8635
,741060,École Saint-Pie-X,École Saint-Pie-X,"720, boulevard des Récollets",,37067,Trois-Rivières,V,G8Z3W1,1,1,0,0,0,École,Public,https://csscdr.gouv.qc.ca/etablissement/ecole-saint-pie-x/,741000,Centre de services scolaire du Chemin-du-Roy,-72.570153,46.361112,Préscolaire - Primaire,Franco,819 375-0388
,741061,École Jacques-Buteux,École Jacques-Buteux,"555, boulevard Maurice-L.-Duplessis",,37067,Trois-Rivières,V,G8Y1H7,1,1,0,0,0,École,Public,https://csscdr.gouv.qc.ca/etablissement/ecole-jacques-buteux-concentration-langues/,741000,Centre de services scolaire du Chemin-du-Roy,-72.583216,46.364816,Préscolaire - Primaire,Franco,819 374-6604
,741062,École Sainte-Thérèse,École Sainte-Thérèse,"1405, 11e Rue",,37067,Trois-Rivières,V,G8Y2Z6,1,1,0,0,0,École,Public,https://csscdr.gouv.qc.ca/etablissement/ecole-sainte-therese/,741000,Centre de services scolaire du Chemin-du-Roy,-72.592539,46.363001,Préscolaire - Primaire,Franco,819 376-3038
,741064,École Saint-Philippe,École Saint-Philippe,"481, rue Bureau",,37067,Trois-Rivières,V,G9A2M9,1,1,0,0,0,École,Public,https://csscdr.gouv.qc.ca/etablissement/ecole-saint-philippe/,741000,Centre de services scolaire du Chemin-du-Roy,-72.546685,46.339326,Préscolaire - Primaire,Franco,819 376-3749
,741067,Éc alternative Freinet de Trois-Rivières,École alternative Freinet de Trois-Rivières,"1745, boulevard Saint-Louis",,37067,Trois-Rivières,V,G8Z2N6,1,1,0,0,0,École,Public,https://csscdr.gouv.qc.ca/etablissement/ecole-alternative-freinet-de-trois-rivieres-2/,741000,Centre de services scolaire du Chemin-du-Roy,-72.556452,46.353046,Préscolaire - Primaire,Franco,819 375-4788
,741068,École Saint-Paul,École Saint-Paul,"946, rue Saint-Paul",,37067,Trois-Rivières,V,G9A1J3,1,1,0,0,0,École,Public,https://csscdr.gouv.qc.ca/etablissement/ecole-saint-paul/,741000,Centre de services scolaire du Chemin-du-Roy,-72.541505,46.351886,Préscolaire - Primaire,Franco,819 378-8414
,741074,École Saint-François-d'Assise,École Saint-François-d'Assise,"636, rue Sainte-Catherine",,37067,Trois-Rivières,V,G9A3L5,1,1,0,0,0,École,Public,https://csscdr.gouv.qc.ca/etablissement/ecole-saint-francois-dassise-programmes-chant-choral-et-musi,741000,Centre de services scolaire du Chemin-du-Roy,-72.55014,46.357393,Préscolaire - Primaire,Franco,819 375-1955
,741078,École Laviolette,École Laviolette,"484, côte Richelieu",,37067,Trois-Rivières,V,G9A2Z1,1,1,0,0,0,École,Public,https://csscdr.gouv.qc.ca/etablissement/ecole-saint-dominique-et-sainte-catherine-de-sienne/,741000,Centre de services scolaire du Chemin-du-Roy,-72.56924,46.324541,Préscolaire - Primaire,Franco,819 378-2191
,741079,École Notre-Dame-du-Rosaire,École Notre-Dame-du-Rosaire,"7660, rue Notre-Dame Ouest",,37067,Trois-Rivières,V,G9B1L9,1,1,0,0,0,École,Public,https://csscdr.gouv.qc.ca/etablissement/ecole-notre-dame-du-rosaire/,741000,Centre de services scolaire du Chemin-du-Roy,-72.585101,46.308717,Préscolaire - Primaire,Franco,819 377-4438
,741082,École Richelieu,École Richelieu,"5405, rue Courcelette",,37067,Trois-Rivières,V,G8Y3V2,1,1,0,0,0,École,Public,https://csscdr.gouv.qc.ca/etablissement/ecole-richelieu/,741000,Centre de services scolaire du Chemin-du-Roy,-72.592993,46.338668,Préscolaire - Primaire,Franco,819 375-8809
,741086,École Ami-Joie-et-des-Grès,École Ami-Joie-et-des-Grès,"165, rue Saint-Joseph",,51090,Saint-Étienne-des-Grès,P,G0X2P0,1,1,0,0,0,École,Public,https://csscdr.gouv.qc.ca/etablissement/ecole-ami-joie-et-des-gres/,741000,Centre de services scolaire du Chemin-du-Roy,-72.769305,46.441256,Préscolaire - Primaire,Franco,819 840-4322
,741092,École primaire de  Louiseville,École primaire de Louiseville,"60, avenue Saint-Jacques",,51015,Louiseville,V,J5V1C2,1,1,0,0,0,École,Public,https://csscdr.gouv.qc.ca/etablissement/ecole-primaire-de-louiseville-2/,741000,Centre de services scolaire du Chemin-du-Roy,-72.941115,46.257867,Préscolaire - Primaire,Franco,819 840-4325
,741098,École Belle-Vallée,École Belle-Vallée,"1831, rue Rinfret",,51040,Sainte-Ursule,M,J0K3M0,1,1,0,0,0,École,Public,https://csscdr.gouv.qc.ca/etablissement/ecole-belle-vallee/,741000,Centre de services scolaire du Chemin-du-Roy,-73.032692,46.289989,Préscolaire - Primaire,Franco,819 840-4328
,741108,École secondaire l'Escale,École secondaire l'Escale,"391, rue De La Mennais",,51015,Louiseville,V,J5V1T5,0,0,1,0,0,École,Public,https://escale.csscdr.gouv.qc.ca/,741000,Centre de services scolaire du Chemin-du-Roy,-72.949438,46.249625,Secondaire,Franco,819 840-4350
,741109,Académie les Estacades,Académie les Estacades,"501, rue des Érables",,37067,Trois-Rivières,V,G8T5J2,0,1,1,0,0,École,Public,https://academielesestacades.csscdr.gouv.qc.ca/,741000,Centre de services scolaire du Chemin-du-Roy,-72.525649,46.3777,Primaire - Secondaire,Franco,819 375-8931
,741110,École secondaire des Pionniers,École secondaire des Pionniers,"1725, boulevard du Carmel",,37067,Trois-Rivières,V,G8Z3R8,0,0,1,0,0,École,Public,https://pionniers.csscdr.gouv.qc.ca/,741000,Centre de services scolaire du Chemin-du-Roy,-72.561086,46.351771,Secondaire,Franco,819 379-5822
,741111,École Chavigny,École Chavigny,"365, rue Chavigny",,37067,Trois-Rivières,V,G9B1A7,0,0,1,0,0,École,Public,https://chavigny.csscdr.gouv.qc.ca/,741000,Centre de services scolaire du Chemin-du-Roy,-72.58455,46.312978,Secondaire,Franco,819 840-0400
,741112,École le Tremplin,École le Tremplin,"100, Rivière-à-Veillet",Route rurale 4,37215,Sainte-Geneviève-de-Batiscan,P,G0X2R0,0,1,1,0,0,École,Public,https://letremplin.csscdr.gouv.qc.ca/accueil/,741000,Centre de services scolaire du Chemin-du-Roy,-72.343822,46.543603,Primaire - Secondaire,Franco,819 840-4337
,741122,École de Yamachiche-Saint-Léon,École de Yamachiche-Saint-Léon,"450, rue Sainte-Anne",,51020,Yamachiche,M,G0X3L0,1,1,0,0,0,École,Public,https://csscdr.gouv.qc.ca/etablissement/ecole-de-yamachiche-saint-leon/,741000,Centre de services scolaire du Chemin-du-Roy,-72.832436,46.281098,Préscolaire - Primaire,Franco,819 840-4335
,741124,École Cap-sur-le-Monde,École Cap-sur-le-Monde,"175, rue Saint-Alphonse",,37067,Trois-Rivières,V,G8T7R8,1,1,0,0,0,École,Public,https://csscdr.gouv.qc.ca/etablissement/ecole-primaire-deducation-internationale-secteur-est/,741000,Centre de services scolaire du Chemin-du-Roy,-72.532841,46.367918,Préscolaire - Primaire,Franco,819 370-1513
,741146,École du Bois-Joli,École du Bois-Joli,"3685, rue de La Rochelle",,37067,Trois-Rivières,V,G8Y5N7,1,1,0,0,0,École,Public,https://csscdr.gouv.qc.ca/etablissement/ecole-du-bois-joli/,741000,Centre de services scolaire du Chemin-du-Roy,-72.611698,46.341982,Préscolaire - Primaire,Franco,819 374-6951
,741147,École de Pointe-du-Lac,École de Pointe-du-Lac,"101, rue Élisabeth-Guay",,37067,Trois-Rivières,V,G9B7Z4,1,1,0,0,0,École,Public,https://csscdr.gouv.qc.ca/etablissement/ecole-de-pointe-du-lac/,741000,Centre de services scolaire du Chemin-du-Roy,-72.672218,46.289112,Préscolaire - Primaire,Franco,819 377-1312
,741154,École les Terrasses,École les Terrasses,"4675, côte Rosemont",,37067,Trois-Rivières,V,G8Y6R7,1,1,0,0,0,École,Public,https://csscdr.gouv.qc.ca/etablissement/ecole-les-terrasses/,741000,Centre de services scolaire du Chemin-du-Roy,-72.610624,46.352913,Préscolaire - Primaire,Franco,819 374-1835
,741155,École intégrée des Forges,École intégrée des Forges,"7625, rue Lamy",,37067,Trois-Rivières,V,G8Y4A8,1,1,0,0,0,École,Public,https://csscdr.gouv.qc.ca/etablissement/ecole-integree-des-forges/,741000,Centre de services scolaire du Chemin-du-Roy,-72.618809,46.373966,Préscolaire - Primaire,Franco,819 373-5155
,741302,Centre éduc.des adultes des Forges,Centre d'éducation des adultes des Forges,"1600, des Récollets",,37067,Trois-Rivières,V,G8Y0K4,0,0,0,0,1,Centre éducation aux adultes,Public,https://planifietonavenir.csscdr.gouv.qc.ca/formation-generale-des-adultes/,741000,Centre de services scolaire du Chemin-du-Roy,-72.583115,46.351455,Éducation aux adultes,Franco,819 379-8714
,741403,Centre de formation prof. Qualitech,Centre de formation professionnelle Qualitech,"500, rue des Érables",,37067,Trois-Rivières,V,G8T9S4,0,0,0,1,0,Centre de formation professionnelle,Public,https://planifietonavenir.csscdr.gouv.qc.ca/formations-professionnelles/?centre=Par+centre,741000,Centre de services scolaire du Chemin-du-Roy,-72.522544,46.379752,Formation professionnelle,Franco,819 373-1422
,741404,Centre de formation prof. Bel-Avenir,Centre de formation professionnelle Bel-Avenir,"1600, des Récollets",,37067,Trois-Rivières,V,G8Y0K4,0,0,0,1,0,Centre de formation professionnelle,Public,https://planifietonavenir.csscdr.gouv.qc.ca/formations-professionnelles/?centre=Par+centre,741000,Centre de services scolaire du Chemin-du-Roy,-72.583115,46.351455,Formation professionnelle,Franco,819 691-3366
,742001,École de la Tortue-des-Bois,École de la Tortue-des-Bois,"1840, chemin Principal",,51070,Saint-Mathieu-du-Parc,M,G0X1N0,1,1,0,0,0,École,Public,https://www.ecolealternativetortuedesbois.org/,742000,Centre de services scolaire de l'Énergie,-72.922574,46.573905,Préscolaire - Primaire,Franco,819 536-3055
,742006,École des Boisés,École des Boisés,"21, rue des Collèges",,51065,Saint-Alexis-des-Monts,P,J0K1V0,1,1,1,0,0,École,Public,https://cssenergie.gouv.qc.ca,742000,Centre de services scolaire de l'Énergie,-73.136948,46.46025,Préscolaire - Primaire - Secondaire,Franco,819 265-2173
,742008,Éc.Vallons-N-D Joie-N-D Neiges,École des Vallons - Notre-Dame-de-la-Joie - Notre-Dame-des- Neiges,"351, rue de l'Église",,51080,Charette,M,G0X1E0,1,1,0,0,0,École,Public,https://cssenergie.gouv.qc.ca,742000,Centre de services scolaire de l'Énergie,-72.921051,46.443682,Préscolaire - Primaire,Franco,819 221-2820
,742010,Éc Petite-Rivière - Villa-de-la-Jeunesse,École de la Petite-Rivière - Villa-de-la-Jeunesse,"1500, chemin Principal",,36033,Shawinigan,V,G9R1E4,1,1,0,0,0,École,Public,https://cssenergie.gouv.qc.ca,742000,Centre de services scolaire de l'Énergie,-72.811432,46.605063,Préscolaire - Primaire,Franco,819 539-6964
,742015,École Sainte-Marie,École Sainte-Marie,"17, rue Principale",,51085,Saint-Boniface,M,G0X2L0,1,1,0,0,0,École,Public,https://cssenergie.gouv.qc.ca,742000,Centre de services scolaire de l'Énergie,-72.8301,46.505454,Préscolaire - Primaire,Franco,819 536-5988
,742020,École des Bâtisseurs,École des Bâtisseurs,"975, 111e Rue",,36033,Shawinigan,V,G9P2T5,1,1,0,0,0,École,Public,https://cssenergie.gouv.qc.ca,742000,Centre de services scolaire de l'Énergie,-72.754662,46.522616,Préscolaire - Primaire,Franco,819 536-4068
,742022,École de la Source,École de la Source,"1350, 120e Rue",,36033,Shawinigan,V,G9P3K9,1,1,0,0,0,École,Public,https://cssenergie.gouv.qc.ca,742000,Centre de services scolaire de l'Énergie,-72.751832,46.517582,Préscolaire - Primaire,Franco,819 537-8937
,742025,École Notre-Dame,École Notre-Dame,"3990, Monseigneur-Béliveau",,37235,Notre-Dame-du-Mont-Carmel,P,G0X3J0,1,1,0,0,0,École,Public,https://cssenergie.gouv.qc.ca,742000,Centre de services scolaire de l'Énergie,-72.6565,46.489843,Préscolaire - Primaire,Franco,819 536-3456
,742028,École Laflèche,École Laflèche,"1321, 5e Avenue",,36033,Shawinigan,V,G9T2N6,1,1,0,0,0,École,Public,https://www.cssenergie.gouv.qc.ca,742000,Centre de services scolaire de l'Énergie,-72.699757,46.607746,Préscolaire - Primaire,Franco,819 536-7836
,742031,École de  Sainte-Flore - Saint-Paul,École de Sainte-Flore - Saint-Paul,"3351, 33e rue Réjane-Sanschagrin",,36033,Shawinigan,V,G9T3N9,1,1,0,0,0,École,Public,https://cssenergie.gouv.qc.ca,742000,Centre de services scolaire de l'Énergie,-72.735114,46.613845,Préscolaire - Primaire,Franco,819 536-0706
,742036,École Dominique-Savio,École Dominique-Savio,"470, 207e Avenue",,36033,Shawinigan,V,G9T3M1,1,1,0,0,0,École,Public,https://cssenergie.gouv.qc.ca,742000,Centre de services scolaire de l'Énergie,-72.655881,46.624261,Préscolaire - Primaire,Franco,819 536-2446
,742039,École Lac-à-la-Tortue,École Lac-à-la-Tortue,"971, chemin des Dubois",,36033,Shawinigan,V,G0X1L0,1,1,0,0,0,École,Public,https://cssenergie.gouv.qc.ca,742000,Centre de services scolaire de l'Énergie,-72.63603,46.612428,Préscolaire - Primaire,Franco,819 536-0128
,742047,École Jacques-Buteux,École Jacques-Buteux - Maternelle Jacques-Buteux,"380, rue Jacques-Buteux",,90012,La Tuque,V,G9X2C6,1,1,0,0,0,École,Public,https://cssenergie.gouv.qc.ca,742000,Centre de services scolaire de l'Énergie,-72.773964,47.444868,Préscolaire - Primaire,Franco,819 523-9519
,742059,École Notre-Dame-de-l'Assomption,École Notre-Dame-de-l'Assomption,"53, rue Nationale",Secteur Parent,90012,La Tuque,V,G0X3P0,1,1,1,0,0,École,Public,https://www.cssenergie.gouv.qc.ca,742000,Centre de services scolaire de l'Énergie,-74.613336,47.922031,Préscolaire - Primaire - Secondaire,Franco,819 667-2280
,742063,Éc. Passer.-Sablon d'Or-Masson,École de la Passerelle - Le Sablon d'Or - Masson,"440, rue Saint-Jacques",,35050,Sainte-Thècle,M,G0X3G0,1,1,0,0,0,École,Public,https://cssenergie.gouv.qc.ca,742000,Centre de services scolaire de l'Énergie,-72.503745,46.816217,Préscolaire - Primaire,Franco,418 365-4733
,742064,École La Croisière-Soleil-Primadel,École La Croisière - Plein Soleil - Primadel,"511, rue Principale",,35015,Saint-Adelphe,P,G0X2G0,1,1,0,0,0,École,Public,https://cssenergie.gouv.qc.ca,742000,Centre de services scolaire de l'Énergie,-72.430494,46.733992,Préscolaire - Primaire,Franco,418 365-5096
,742067,École La Providence,École La Providence,"460, rue du Couvent",,35027,Saint-Tite,V,G0X3H0,1,1,0,0,0,École,Public,https://www.cssenergie.gouv.qc.ca,742000,Centre de services scolaire de l'Énergie,-72.561856,46.726975,Préscolaire - Primaire,Franco,418 365-5104
,742076,École St-Charles-Garnier,École Saint-Charles-Garnier,2265,avenue Laflèche,36033,Shawinigan,V,G9N6H3,1,1,0,0,0,École,Public,https://www.cssenergie.gouv.qc.ca,742000,Centre de services scolaire de l'Énergie,-72.761687,46.5705,Préscolaire - Primaire,Franco,819 539-5963
,742078,École Saint-Joseph,École Saint-Joseph,1452,rue Châteauguay,36033,Shawinigan,V,G9N5C4,1,1,0,0,0,École,Public,https://cssenergie.gouv.qc.ca,742000,Centre de services scolaire de l'Énergie,-72.731302,46.567062,Préscolaire - Primaire,Franco,819 539-5963
,742083,École Immaculée-Conception,École Immaculée-Conception,"153, 8e rue de la Pointe",,36033,Shawinigan,V,G9N1B5,1,1,0,0,0,École,Public,https://cssenergie.gouv.qc.ca,742000,Centre de services scolaire de l'Énergie,-72.744918,46.542493,Préscolaire - Primaire,Franco,819 537-4690
,742093,École Saint-Jacques,École Saint-Jacques,"2015, rue Saint-Jacques",,36033,Shawinigan,V,G9N4A9,1,1,0,0,0,École,Public,https://cssenergie.gouv.qc.ca,742000,Centre de services scolaire de l'Énergie,-72.747516,46.562096,Préscolaire - Primaire,Franco,819 539-9595
,742097,École secondaire Val-Mauricie,École secondaire Val-Mauricie,"1200, rue Val-Mauricie",,36033,Shawinigan,V,G9P2L9,0,0,1,0,0,École,Public,https://sites.google.com/view/ecole-val-mauricie/page,742000,Centre de services scolaire de l'Énergie,-72.758836,46.52237,Secondaire,Franco,819 536-5675
,742100,École secondaire des Chutes,École secondaire des Chutes,"5285, avenue Albert-Tessier",,36033,Shawinigan,V,G9N6T9,0,0,1,0,0,École,Public,https://www.deschutes.ca/,742000,Centre de services scolaire de l'Énergie,-72.73662,46.577256,Secondaire,Franco,819 539-2285
,742101,École des Phénix,École des Phénix,"1001, 8e Rue",,36033,Shawinigan,V,G9T4L3,1,1,0,0,0,École,Public,https://cssenergie.gouv.qc.ca,742000,Centre de services scolaire de l'Énergie,-72.699182,46.614876,Préscolaire - Primaire,Franco,819 536-5791
,742104,École Centrale,École Centrale,"376, rue Saint-Joseph",,90012,La Tuque,V,G9X1L4,1,1,0,0,0,École,Public,https://cssenergie.gouv.qc.ca,742000,Centre de services scolaire de l'Énergie,-72.781342,47.441748,Préscolaire - Primaire,Franco,819 523-9537
,742105,École secondaire Paul-Le Jeune,École secondaire Paul-Le Jeune,"405, boulevard Saint-Joseph",,35027,Saint-Tite,V,G0X3H0,0,0,1,0,0,École,Public,https://www.cssenergie.gouv.qc.ca,742000,Centre de services scolaire de l'Énergie,-72.561325,46.730744,Secondaire,Franco,418 365-5191
,742106,École secondaire du Rocher,École secondaire du Rocher,"300, 7e Rue",,36033,Shawinigan,V,G9T4M7,0,0,1,0,0,École,Public,https://sites.google.com/view/esdr001/accueil,742000,Centre de services scolaire de l'Énergie,-72.690197,46.613302,Secondaire,Franco,819 536-2534
,742118,École secondaire Champagnat,École secondaire Champagnat,"600, rue Desbiens",,90012,La Tuque,V,G9X2K1,0,0,1,0,0,École,Public,https://www.cssenergie.gouv.qc.ca,742000,Centre de services scolaire de l'Énergie,-72.775191,47.436862,Secondaire,Franco,819 523-4505
,742220,École Félix-Leclerc,École Félix-Leclerc,"750, 125e Rue",,36033,Shawinigan,V,G9P3V4,1,1,0,0,0,École,Public,https://cssenergie.gouv.qc.ca,742000,Centre de services scolaire de l'Énergie,-72.745806,46.517911,Préscolaire - Primaire,Franco,819 536-4068
,742237,École Jacques-Plante,École Jacques-Plante,"431, 205e Avenue",,36033,Shawinigan,V,G9T3H3,0,1,0,0,0,École,Public,https://cssenergie.gouv.qc.ca,742000,Centre de services scolaire de l'Énergie,-72.659476,46.625467,Primaire,Franco,819 536-0384
,742244,École La Chrysalide,École La Chrysalide,796,rue Réal,90012,La Tuque,V,G9X2S7,1,1,0,0,0,École,Public,https://cssenergie.gouv.qc.ca,742000,Centre de services scolaire de l'Énergie,-72.779914,47.431579,Préscolaire - Primaire,Franco,819 523-7631
,742264,École alternative de Mékinac,École alternative de Mékinac,"511, rue Principale",,35015,Saint-Adelphe,P,G0X2G0,1,1,0,0,0,École,Public,https://cssenergie.gouv.qc.ca,742000,Centre de services scolaire de l'Énergie,-72.430723,46.734098,Préscolaire - Primaire,Franco,418 365-4755
,742287,École de l'Énergie,École de l'Énergie,"1133, rue Notre-Dame",,36033,Shawinigan,V,G9N3S3,1,1,1,0,0,École,Public,https://ecoledelenergie.org/,742000,Centre de services scolaire de l'Énergie,-72.739049,46.558469,Préscolaire - Primaire - Secondaire,Franco,819 536-3122
,742352,CEA du Saint-Maurice,Centre d'éducation des adultes du Saint-Maurice,"1092, rue Trudel",,36033,Shawinigan,V,G9N4N5,0,0,0,0,1,Centre éducation aux adultes,Public,https://cssenergie.gouv.qc.ca/formation-professionnelle-et-generale-des-adultes/#nos-centres,742000,Centre de services scolaire de l'Énergie,-72.745746,46.554285,Éducation aux adultes,Franco,819 536-2820
,742362,École forestière de La Tuque,École forestière de La Tuque - Éducation des adultes,"461, rue Saint-François",,90012,La Tuque,V,G9X1T8,0,0,0,0,1,Centre éducation aux adultes,Public,https://eflt.ca/,742000,Centre de services scolaire de l'Énergie,-72.774339,47.437757,Éducation aux adultes,Franco,819 676-3006
,742451,CFP Carrefour Form. Mauricie,Carrefour Formation Mauricie formation professionnelle,"5105, avenue Albert-Tessier",,36033,Shawinigan,V,G9N7A3,0,0,0,1,0,Centre de formation professionnelle,Public,https://cfmfp.ca/,742000,Centre de services scolaire de l'Énergie,-72.733815,46.574699,Formation professionnelle,Franco,819 539-2265
,742461,École forestière de La Tuque,École forestière de La Tuque - Formation professionnelle,"461, rue Saint-François",,90012,La Tuque,V,G9X1T8,0,0,0,1,0,Centre de formation professionnelle,Public,https://eflt.ca/,742000,Centre de services scolaire de l'Énergie,-72.774339,47.437757,Formation professionnelle,Franco,819 676-3006
,751005,École La Frontalière,École La Frontalière,"311, rue Saint-Paul Est",,44037,Coaticook,V,J1A1G1,0,0,1,0,0,École,Public,https://lafrontaliere.cshc.qc.ca/,751000,Centre de services scolaire des Hauts-Cantons,-71.800916,45.140996,Secondaire,Franco,819 849-4825
,751006,Polyvalente Montignac,Polyvalente Montignac,"3409, rue Laval",,30030,Lac-Mégantic,V,G6B1A5,0,0,1,0,0,École,Public,https://montignac.cshc.qc.ca/,751000,Centre de services scolaire des Hauts-Cantons,-70.911263,45.588401,Secondaire,Franco,819 583-3023
,751007,Polyvalente Louis-Saint-Laurent,Polyvalente Louis-Saint-Laurent,"188, rue Kennedy",,41060,East Angus,V,J0B1R0,0,0,1,0,0,École,Public,https://louisstlaurent.cshc.qc.ca/,751000,Centre de services scolaire des Hauts-Cantons,-71.651798,45.491229,Secondaire,Franco,819 832-2471
,751008,M.F.R. du Granit,Maison familiale rurale du Granit,"105, rue du Couvent",,30100,Saint-Romain,M,G0Y1L0,0,0,1,0,0,École,Public,https://mfrgranit.com/,751000,Centre de services scolaire des Hauts-Cantons,-71.09181,45.785216,Secondaire,Franco,819 583-5910
,751024,École Gendreau,École Gendreau,"102, rue Cutting",,44037,Coaticook,V,J1A2G4,1,1,0,0,0,École,Public,https://ecole.csshc.gouv.qc.ca/gendreau/,751000,Centre de services scolaire des Hauts-Cantons,-71.805266,45.130453,Préscolaire - Primaire,Franco,819 849-7075
,751027,École Sacré-Coeur,École Sacré-Coeur,"211, rue Saint-Jean Baptiste",,44037,Coaticook,V,J1A2J4,1,1,0,0,0,École,Public,https://ecole.csshc.gouv.qc.ca/sacre-coeur-coaticook/,751000,Centre de services scolaire des Hauts-Cantons,-71.802624,45.135018,Préscolaire - Primaire,Franco,819 849-2749
,751030,École Saint-Luc,École Saint-Luc,"1186, chemin de Baldwin Mills-Barnston",,44037,Coaticook,V,J1A2S4,1,1,0,0,0,École,Public,https://ecole.csshc.gouv.qc.ca/saint-luc/,751000,Centre de services scolaire des Hauts-Cantons,-71.886203,45.105535,Préscolaire - Primaire,Franco,819 849-9106
,751032,École Sancta-Maria,École Sancta-Maria,"290, rue Parker",,44023,Dixville,M,J0B1P0,1,1,0,0,0,École,Public,https://ecole.csshc.gouv.qc.ca/sancta-maria/,751000,Centre de services scolaire des Hauts-Cantons,-71.769989,45.066521,Préscolaire - Primaire,Franco,819 849-3771
,751036,Éc. Notre-Dame-de-Toutes-Aides/St-Pie-X,École Notre-Dame-de-Toutes-Aides et Saint-Pie-X,"127, rue Principale",,44003,Saint-Malo,M,J0B2Y0,1,1,0,0,0,École,Public,https://ecole.csshc.gouv.qc.ca/notre-dame-de-toutes-aides_saint-pie-x/,751000,Centre de services scolaire des Hauts-Cantons,-71.497753,45.19904,Préscolaire - Primaire,Franco,819 849-7280
,751037,École de Sainte-Edwidge & Ligugé,École de Sainte-Edwidge & Ligugé,"1427,  chemin Favreau",,44055,Sainte-Edwidge-de-Clifton,CT,J0B2R0,1,1,0,0,0,École,Public,https://ecole.csshc.gouv.qc.ca/de_sainte-edwidge_et_liguge/,751000,Centre de services scolaire des Hauts-Cantons,-71.682895,45.205329,Préscolaire - Primaire,Franco,819 849-9121
,751039,École Louis-Saint-Laurent,École Louis-Saint-Laurent,"6835, route Louis-S.-St-Laurent",,44071,Compton,M,J0B1L0,1,1,0,0,0,École,Public,https://ecole.csshc.gouv.qc.ca/louis-saint-laurent/,751000,Centre de services scolaire des Hauts-Cantons,-71.826359,45.240893,Préscolaire - Primaire,Franco,819 849-7803
,751041,École Monseigneur-Durand,École Monseigneur-Durand,"367, rue Saint-Paul Est",,44037,Coaticook,V,J1A1G1,1,1,0,0,0,École,Public,https://ecole.csshc.gouv.qc.ca/monseigneur-durand/,751000,Centre de services scolaire des Hauts-Cantons,-71.797753,45.139457,Préscolaire - Primaire,Franco,819 849-7084
,751047,École du Parchemin,École du Parchemin,"162, rue Saint-Jean Est",,41060,East Angus,V,J0B1R0,1,1,0,0,0,École,Public,https://ecole.csshc.gouv.qc.ca/du-parchemin/,751000,Centre de services scolaire des Hauts-Cantons,-71.656703,45.483483,Préscolaire - Primaire,Franco,819 832-2477
,751051,École Saint-Camille,École Saint-Camille,"150, rue Bibeau",,41038,Cookshire-Eaton,V,J0B1M0,1,1,0,0,0,École,Public,https://ecole.csshc.gouv.qc.ca/saint-camille/,751000,Centre de services scolaire des Hauts-Cantons,-71.627977,45.414482,Préscolaire - Primaire,Franco,819 875-5556
,751055,École Saint-Paul,École Saint-Paul,"67, rue de Ditton",,41080,Scotstown,V,J0B3B0,1,1,0,0,0,École,Public,https://ecole.csshc.gouv.qc.ca/saint-paul/,751000,Centre de services scolaire des Hauts-Cantons,-71.275392,45.522432,Préscolaire - Primaire,Franco,819 832-1114
,751058,École des Trois-Cantons,École des Trois-Cantons,"25, rue de l'Église",,41012,Saint-Isidore-de-Clifton,M,J0B2X0,1,1,0,0,0,École,Public,https://ecole.csshc.gouv.qc.ca/des-trois-cantons/,751000,Centre de services scolaire des Hauts-Cantons,-71.509512,45.267957,Préscolaire - Primaire,Franco,819 875-5643
,751063,École Notre-Dame-de-Lorette,École Notre-Dame-de-Lorette,"44, rue Notre-Dame Ouest",,41027,La Patrie,M,J0B1Y0,1,1,0,0,0,École,Public,https://ecole.csshc.gouv.qc.ca/notre-dame-de-lorette/,751000,Centre de services scolaire des Hauts-Cantons,-71.253716,45.402141,Préscolaire - Primaire,Franco,819 875-2149
,751067,École Notre-Dame-du-Paradis,École Notre-Dame-du-Paradis,"184, rue Principale",,41117,Dudswell,M,J0B1G0,1,1,0,0,0,École,Public,https://ecole.csshc.gouv.qc.ca/ecole-notre-dame-du-paradis/,751000,Centre de services scolaire des Hauts-Cantons,-71.589994,45.632729,Préscolaire - Primaire,Franco,819 832-1734
,751068,École Notre-Dame-du-Sacré-Coeur,École Notre-Dame-du-Sacré-Coeur,"211, rue Saint-Janvier",,41098,Weedon,M,J0B3J0,1,1,0,0,0,École,Public,https://ecole.csshc.gouv.qc.ca/notre-dame-du-sacre-coeur/,751000,Centre de services scolaire des Hauts-Cantons,-71.464779,45.701666,Préscolaire - Primaire,Franco,819 832-1983
,751071,École Sacré-Coeur,École Sacré-Coeur,"4747, rue Champlain",,30030,Lac-Mégantic,V,G6B1X5,1,1,0,0,0,École,Public,https://ecole.csshc.gouv.qc.ca/sacre-coeur_lm/,751000,Centre de services scolaire des Hauts-Cantons,-70.886776,45.581368,Préscolaire - Primaire,Franco,819 583-1144
,751074,École Notre-Dame-de-Fatima,École Notre-Dame-de-Fatima,"6381, rue Notre-Dame",,30030,Lac-Mégantic,V,G6B2M9,1,1,0,0,0,École,Public,https://ecole.csshc.gouv.qc.ca/notre-dame-de-fatima/,751000,Centre de services scolaire des Hauts-Cantons,-70.876349,45.57065,Préscolaire - Primaire,Franco,819 583-1086
,751079,École d'Audet,École d'Audet,"242, rue Principale",,30055,Audet,M,G0Y1A0,1,1,0,0,0,École,Public,https://ecole.csshc.gouv.qc.ca/d-audet/,751000,Centre de services scolaire des Hauts-Cantons,-70.734977,45.654933,Préscolaire - Primaire,Franco,819 583-1664
,751080,École des Monts-et-Lacs,École des Monts-et-Lacs,"687, rue Dumas",,30080,Lac-Drolet,M,G0Y1C0,1,1,0,0,0,École,Public,https://ecole.csshc.gouv.qc.ca/des-monts-et-lacs/,751000,Centre de services scolaire des Hauts-Cantons,-70.850343,45.717171,Préscolaire - Primaire,Franco,819 583-0365
,751082,École de Sainte-Cécile,École de Sainte-Cécile,"4570, rue Principale",,30050,Sainte-Cécile-de-Whitton,M,G0Y1J0,1,1,0,0,0,École,Public,https://ecole.csshc.gouv.qc.ca/sainte-cecile/,751000,Centre de services scolaire des Hauts-Cantons,-70.941233,45.665926,Préscolaire - Primaire,Franco,819 583-1383
,751084,École des Sommets,École des Sommets,"287, rue de la Fabrique",,30085,Saint-Sébastien,M,G0Y1M0,1,1,0,0,0,École,Public,https://ecole.csshc.gouv.qc.ca/des-sommets/,751000,Centre de services scolaire des Hauts-Cantons,-70.967987,45.782477,Préscolaire - Primaire,Franco,819 583-2148
,751086,École de la Feuille-d'Or,École de la Feuille-d'Or,"215, rue de l'Aréna",,30095,Lambton,M,G0M1H0,1,1,0,0,0,École,Public,https://ecole.csshc.gouv.qc.ca/de-la-feuille-dor/,751000,Centre de services scolaire des Hauts-Cantons,-71.089964,45.836288,Préscolaire - Primaire,Franco,819 583-5262
,751088,École de Saint-Romain,École de Saint-Romain,"105, rue du Couvent",,30100,Saint-Romain,M,G0Y1L0,1,1,0,0,0,École,Public,https://ecole.csshc.gouv.qc.ca/saint-romain/,751000,Centre de services scolaire des Hauts-Cantons,-71.09181,45.785216,Préscolaire - Primaire,Franco,819 583-1150
,751089,École de la Rose-des-Vents,École de la Rose-des-Vents,"475, route 108",,30105,Stornoway,M,G0Y1N0,1,1,0,0,0,École,Public,https://ecole.csshc.gouv.qc.ca/rose-des-vents/,751000,Centre de services scolaire des Hauts-Cantons,-71.160076,45.707774,Préscolaire - Primaire,Franco,819 583-0085
,751091,École de la Source,École de la Source,"1249, rue Principale",,30045,Nantes,M,G0Y1G0,1,1,0,0,0,École,Public,https://ecole.csshc.gouv.qc.ca/de-la-source/,751000,Centre de services scolaire des Hauts-Cantons,-71.024065,45.630609,Préscolaire - Primaire,Franco,819 583-4476
,751094,École des Monts-Blancs,École des Monts-Blancs,"571, rue Saint-Augustin",,30005,Saint-Augustin-de-Woburn,P,G0Y1R0,1,1,0,0,0,École,Public,https://ecole.csshc.gouv.qc.ca/des-monts-blancs/,751000,Centre de services scolaire des Hauts-Cantons,-70.864,45.386603,Préscolaire - Primaire,Franco,819 583-3665
,751095,École de la Voie-Lactée,École de la Voie-Lactée,"27, route de l'Église",,30010,Notre-Dame-des-Bois,M,J0B2E0,1,1,0,0,0,École,Public,https://ecole.csshc.gouv.qc.ca/de-la-voie-lactee/,751000,Centre de services scolaire des Hauts-Cantons,-71.074217,45.39346,Préscolaire - Primaire,Franco,819 875-3033
,751311,CEA de la C.S. des Hauts-Cantons,Centre d'éducation des adultes de la Commission scolaire des Hauts-Cantons,"188, rue Kennedy",,41060,East Angus,V,J0B1R0,0,0,0,0,1,Centre éducation aux adultes,Public,https://cea.csshc.gouv.qc.ca/,751000,Centre de services scolaire des Hauts-Cantons,-71.651798,45.491229,Éducation aux adultes,Franco,819 832-3637
,751422,Centre FP le Granit,Centre de formation professionnelle le Granit,"3409, rue Laval",,30030,Lac-Mégantic,V,G6B1A5,0,0,0,1,0,Centre de formation professionnelle,Public,https://legranit.csshc.gouv.qc.ca/,751000,Centre de services scolaire des Hauts-Cantons,-70.911263,45.588401,Formation professionnelle,Franco,819 583-5773
,751423,Centre de F.P. de Coaticook (CRIFA),Centre de formation professionnelle de Coaticook (CRIFA),"125, rue Morgan",,44037,Coaticook,V,J1A1V6,0,0,0,1,0,Centre de formation professionnelle,Public,https://crifa.csshc.gouv.qc.ca/,751000,Centre de services scolaire des Hauts-Cantons,-71.819085,45.13816,Formation professionnelle,Franco,819 849-9588
,751424,M.F.R. du Granit,Maison familiale rurale du Granit,"105, rue du Couvent",,30100,Saint-Romain,M,G0Y1L0,0,0,0,1,0,Centre de formation professionnelle,Public,https://mfrgranit.com/,751000,Centre de services scolaire des Hauts-Cantons,-71.09181,45.785216,Formation professionnelle,Franco,819 583-5910
,752001,École Beaulieu,École Beaulieu,"4565, rue Chambois",,43027,Sherbrooke,V,J1N2B7,1,1,0,0,0,École,Public,https://www.csrs.qc.ca/etablissements,752000,Centre de services scolaire de la Région-de-Sherbrooke,-71.972508,45.373475,Préscolaire - Primaire,Franco,819 822-5642
,752003,École Champlain,École Champlain,"2985, rue Galt Ouest",,43027,Sherbrooke,V,J1K1M3,1,1,0,0,0,École,Public,https://www.csrs.qc.ca/etablissements,752000,Centre de services scolaire de la Région-de-Sherbrooke,-71.946034,45.387512,Préscolaire - Primaire,Franco,819 822-5650
,752004,École du Coeur-Immaculé,École du Coeur-Immaculé,"330, 15e Avenue Sud",,43027,Sherbrooke,V,J1G2X5,1,1,0,0,0,École,Public,https://www.csrs.qc.ca/etablissements,752000,Centre de services scolaire de la Région-de-Sherbrooke,-71.866773,45.402676,Préscolaire - Primaire,Franco,819 822-5696
,752005,École Desjardins,École Desjardins,"1080, rue des Jardins-Fleuris",,43027,Sherbrooke,V,J1E1J7,1,1,0,0,0,École,Public,https://www.csrs.qc.ca/etablissements,752000,Centre de services scolaire de la Région-de-Sherbrooke,-71.865285,45.418175,Préscolaire - Primaire,Franco,819 822-5652
,752006,École Desranleau,École Desranleau,"1970, rue Galt Est",,43027,Sherbrooke,V,J1G3J1,1,1,0,0,0,École,Public,https://www.csrs.qc.ca/etablissements,752000,Centre de services scolaire de la Région-de-Sherbrooke,-71.851587,45.407232,Préscolaire - Primaire,Franco,819 822-5684
,752007,Des Aventuriers,École des Aventuriers,"78, rue Cardinal",,43027,Sherbrooke,V,J1R0M1,1,1,0,0,0,École,Public,,752000,Centre de services scolaire de la Région-de-Sherbrooke,-72.014424,45.396006,Préscolaire - Primaire,Franco,819 822-5540
,752008,Boisé-Fabi,École du Boisé-Fabi,"700, rue André-Mathieu",,43027,Sherbrooke,V,J1N0Z9,1,1,0,0,0,École,Public,,752000,Centre de services scolaire de la Région-de-Sherbrooke,-71.973856,45.363529,Préscolaire - Primaire,Franco,819 822-5540
,752009,École Hélène-Boullé,École Hélène-Boullé,"1500, rue Pinard",,43027,Sherbrooke,V,J1J3E1,1,1,0,0,0,École,Public,https://www.csrs.qc.ca/etablissements,752000,Centre de services scolaire de la Région-de-Sherbrooke,-71.915757,45.420583,Préscolaire - Primaire,Franco,819 823-3233
,752010,École Jean-XXIII,École Jean-XXIII,"875, rue Thibault",,43027,Sherbrooke,V,J1H3B3,1,1,0,0,0,École,Public,https://www.csrs.qc.ca/etablissements,752000,Centre de services scolaire de la Région-de-Sherbrooke,-71.89978,45.375257,Préscolaire - Primaire,Franco,819 822-5658
,752013,École LaRocque,École LaRocque,"910, rue LaRocque",,43027,Sherbrooke,V,J1H4R6,1,1,0,0,0,École,Public,https://www.csrs.qc.ca/etablissements,752000,Centre de services scolaire de la Région-de-Sherbrooke,-71.890238,45.392342,Préscolaire - Primaire,Franco,819 822-5688
,752014,École de la Croisée,École de la Croisée,"1805, rue Luce-Dufresne",,43027,Sherbrooke,V,J1R0W9,1,1,0,0,0,École,Public,,752000,Centre de services scolaire de la Région-de-Sherbrooke,-71.998388,45.383881,Préscolaire - Primaire,Franco,819 822-5540
,752015,École des Deux-Rives,École des Deux-Rives,"81, rue du Curé-Larocque",,43027,Sherbrooke,V,J1C0T2,1,1,0,0,0,École,Public,https://www.csrs.qc.ca/etablissements,752000,Centre de services scolaire de la Région-de-Sherbrooke,-71.945727,45.47455,Préscolaire - Primaire,Franco,819 822-5504
,752016,École Marie-Reine,École Marie-Reine,"976, rue Caen",,43027,Sherbrooke,V,J1G2A4,1,1,0,0,0,École,Public,https://www.csrs.qc.ca/etablissements,752000,Centre de services scolaire de la Région-de-Sherbrooke,-71.866051,45.390158,Préscolaire - Primaire,Franco,819 822-5662
,752017,École du Soleil-Levant,École du Soleil-Levant,"830, rue Buck",,43027,Sherbrooke,V,J1J3L5,1,1,0,0,0,École,Public,https://www.csrs.qc.ca/etablissements,752000,Centre de services scolaire de la Région-de-Sherbrooke,-71.911798,45.410965,Préscolaire - Primaire,Franco,819 822-5664
,752018,École Notre-Dame-de-Liesse,École Notre-Dame-de-Liesse,"7409, boulevard Bourque",,43027,Sherbrooke,V,J1N3K7,1,1,0,0,0,École,Public,https://www.csrs.qc.ca/etablissements,752000,Centre de services scolaire de la Région-de-Sherbrooke,-72.043855,45.342052,Préscolaire - Primaire,Franco,819 822-5514
,752019,École de la Passerelle,École de la Passerelle,"430, rue du Couvent",,44080,Waterville,V,J0B3H0,1,1,0,0,0,École,Public,https://www.csrs.qc.ca/etablissements,752000,Centre de services scolaire de la Région-de-Sherbrooke,-71.888173,45.275697,Préscolaire - Primaire,Franco,819 822-5518
,752021,École Notre-Dame-du-Rosaire,École Notre-Dame-du-Rosaire,"1625, rue du Rosaire",,43027,Sherbrooke,V,J1H2T6,1,1,0,0,0,École,Public,https://www.csrs.qc.ca/etablissements,752000,Centre de services scolaire de la Région-de-Sherbrooke,-71.914559,45.387628,Préscolaire - Primaire,Franco,819 822-5666
,752023,École Pie-X - de l'Assomption,École Pie-X - de l'Assomption,"565, rue Triest",,43027,Sherbrooke,V,J1E2M7,1,1,0,0,0,École,Public,https://www.csrs.qc.ca/etablissements,752000,Centre de services scolaire de la Région-de-Sherbrooke,-71.879799,45.41594,Préscolaire - Primaire,Franco,819 822-5668
,752024,École du Sacré-Coeur,École du Sacré-Coeur,"137, rue Gillespie",,43027,Sherbrooke,V,J1H4W9,0,1,0,0,0,École,Public,https://www.csrs.qc.ca/etablissements,752000,Centre de services scolaire de la Région-de-Sherbrooke,-71.892269,45.39828,Primaire,Franco,819 822-5690
,752025,École Saint-Antoine,École Saint-Antoine,"16, rue Church",,43027,Sherbrooke,V,J1M1S9,1,1,0,0,0,École,Public,https://www.csrs.qc.ca/etablissements,752000,Centre de services scolaire de la Région-de-Sherbrooke,-71.85842,45.367891,Préscolaire - Primaire,Franco,819 822-5692
,752026,École du Saint-Esprit,École du Saint-Esprit,"2425, rue Galt Ouest",,43027,Sherbrooke,V,J1K1L1,1,1,0,0,0,École,Public,https://www.csrs.qc.ca/etablissements,752000,Centre de services scolaire de la Région-de-Sherbrooke,-71.932885,45.387443,Préscolaire - Primaire,Franco,819 822-5670
,752027,École des Quatre-Vents,École des Quatre-Vents,"510, rue de l'Union",,43027,Sherbrooke,V,J1H2X3,1,1,0,0,0,École,Public,https://www.csrs.qc.ca/etablissements,752000,Centre de services scolaire de la Région-de-Sherbrooke,-71.893706,45.386289,Préscolaire - Primaire,Franco,819 822-5672
,752029,École Sainte-Anne,École Sainte-Anne,"851, rue de l'Ontario",,43027,Sherbrooke,V,J1J3R9,1,1,0,0,0,École,Public,https://www.csrs.qc.ca/etablissements,752000,Centre de services scolaire de la Région-de-Sherbrooke,-71.909232,45.411168,Préscolaire - Primaire,Franco,819 822-5674
,752031,École des Avenues,École des Avenues (bâtisse Sainte-Famille),"233, 8e Avenue Nord",,43027,Sherbrooke,V,J1E2S6,1,1,0,0,0,École,Public,https://www.csrs.qc.ca/etablissements,752000,Centre de services scolaire de la Région-de-Sherbrooke,-71.875113,45.411294,Préscolaire - Primaire,Franco,819 822-5694
,752033,École Sylvestre,École Sylvestre,"1020, rue Kingston",,43027,Sherbrooke,V,J1H3S1,1,1,0,0,0,École,Public,https://www.csrs.qc.ca/etablissements,752000,Centre de services scolaire de la Région-de-Sherbrooke,-71.9012,45.390626,Préscolaire - Primaire,Franco,819 822-5676
,752034,École de Carillon,École de Carillon,"43, rue de Carillon",,43027,Sherbrooke,V,J1J2K9,1,1,0,0,0,École,Public,https://www.csrs.qc.ca/etablissements,752000,Centre de services scolaire de la Région-de-Sherbrooke,-71.935224,45.399397,Préscolaire - Primaire,Franco,819 822-5682
,752035,École Notre-Dame-des-Champs,École Notre-Dame-des-Champs,"222, 8e Rang Est",,42005,Stoke,M,J0B3G0,1,1,0,0,0,École,Public,https://www.csrs.qc.ca/etablissements,752000,Centre de services scolaire de la Région-de-Sherbrooke,-71.803515,45.533079,Préscolaire - Primaire,Franco,819 822-5519
,752037,École de la Source-Vive,École de la Source-Vive,"125, rue du Collège",,41055,Ascot Corner,M,J0B1A0,1,1,0,0,0,École,Public,https://www.csrs.qc.ca/etablissements,752000,Centre de services scolaire de la Région-de-Sherbrooke,-71.768931,45.450527,Préscolaire - Primaire,Franco,819 822-5678
,752038,École Brébeuf,École Brébeuf,"1875, rue Albert-Skinner",,43027,Sherbrooke,V,J1J1W8,1,1,0,0,0,École,Public,https://www.csrs.qc.ca/etablissements,752000,Centre de services scolaire de la Région-de-Sherbrooke,-71.920197,45.401821,Préscolaire - Primaire,Franco,819 822-5644
,752041,École du Boisjoli,École du Boisjoli,"6403, rue Président-Kennedy",,43027,Sherbrooke,V,J1N2P5,1,1,0,0,0,École,Public,https://www.csrs.qc.ca/etablissements,752000,Centre de services scolaire de la Région-de-Sherbrooke,-71.995542,45.354181,Préscolaire - Primaire,Franco,819 822-5546
,752042,École de la Maisonnée,École de la Maisonnée,"1500, boulevard du Mi-Vallon",,43027,Sherbrooke,V,J1N3Y5,1,1,0,0,0,École,Public,https://www.csrs.qc.ca/etablissements,752000,Centre de services scolaire de la Région-de-Sherbrooke,-71.985539,45.382836,Préscolaire - Primaire,Franco,819 822-5686
,752044,École Alfred-DesRochers,École Alfred-DesRochers,"7282, chemin de Saint-Élie",,43027,Sherbrooke,V,J1R0K5,1,1,0,0,0,École,Public,https://www.csrs.qc.ca/etablissements,752000,Centre de services scolaire de la Région-de-Sherbrooke,-72.042688,45.395134,Préscolaire - Primaire,Franco,819 822-5680
,752045,École Eymard,École Eymard,"255, rue Kennedy Nord",,43027,Sherbrooke,V,J1E2E8,1,1,0,0,0,École,Public,https://www.csrs.qc.ca/etablissements,752000,Centre de services scolaire de la Région-de-Sherbrooke,-71.886702,45.408166,Préscolaire - Primaire,Franco,819 822-5654
,752046,École du Jardin-des-Lacs,École du Jardin-des-Lacs,"1050, rue Alfred-Lessard",,42025,Saint-Denis-de-Brompton,M,J0B2P0,1,1,0,0,0,École,Public,https://www.csrs.qc.ca/etablissements,752000,Centre de services scolaire de la Région-de-Sherbrooke,-72.081877,45.453275,Préscolaire - Primaire,Franco,819 822-5555
,752048,École Notre-Dame-de-la-Paix,École Notre-Dame-de-la-Paix,"51, chemin Jordan Hill",,41038,Cookshire-Eaton,V,J0B2A0,1,1,0,0,0,École,Public,https://www.csrs.qc.ca/etablissements,752000,Centre de services scolaire de la Région-de-Sherbrooke,-71.750046,45.332232,Préscolaire - Primaire,Franco,819 822-5581
,752049,École de l'Écollectif,École de l'Écollectif,"510, rue Union",,43027,Sherbrooke,V,J1H2X3,0,1,0,0,0,École,Public,https://www.csrs.qc.ca/etablissements,752000,Centre de services scolaire de la Région-de-Sherbrooke,-71.893706,45.386289,Primaire,Franco,819 822-5672
,752050,École de la Samare,École de la Samare,"3000, rue du Chalumeau",,43027,Sherbrooke,V,J1G5E9,1,1,0,0,0,École,Public,https://www.csrs.qc.ca/etablissements,752000,Centre de services scolaire de la Région-de-Sherbrooke,-71.828232,45.402417,Préscolaire - Primaire,Franco,819 822-6888
,752055,École des Enfants-de-la-Terre,École des Enfants-de-la-Terre,"2000, chemin Val-Estrie",,44080,Waterville,V,J0B3H0,1,1,1,0,0,École,Public,https://www.csrs.qc.ca/etablissements,752000,Centre de services scolaire de la Région-de-Sherbrooke,-71.903093,45.279404,Préscolaire - Primaire - Secondaire,Franco,819 822-5302
,752102,Centre universitaire santé de l'Estrie,Centre hospitalier universitaire de Sherbrooke (Site Fleurimont),"3001, 12e Avenue Nord","5e pédiatrie, bureau 4504",43027,Sherbrooke,V,J1H5N4,1,1,1,0,0,École,Public,,752000,Centre de services scolaire de la Région-de-Sherbrooke,-71.868597,45.449733,Préscolaire - Primaire - Secondaire,Franco,819 346-1110
,752116,École du Triolet,École du Triolet,"2965, boulevard de l'Université",,43027,Sherbrooke,V,J1K2X6,0,0,1,0,0,École,Public,https://www.csrs.qc.ca/etablissements,752000,Centre de services scolaire de la Région-de-Sherbrooke,-71.946344,45.381859,Secondaire,Franco,819 822-5388
,752117,École secondaire de la Montée,École de la Montée,"940, rue de la Sainte-Famille",,43027,Sherbrooke,V,J1E1V1,0,0,1,0,0,École,Public,https://www.csrs.qc.ca/etablissements,752000,Centre de services scolaire de la Région-de-Sherbrooke,-71.867999,45.40986,Secondaire,Franco,819 822-5333
,752124,École Mitchell - Montcalm,École Mitchell - Montcalm,"2050, boulevard Portland",,43027,Sherbrooke,V,J1J1T9,0,0,1,0,0,École,Public,https://www.csrs.qc.ca/etablissements,752000,Centre de services scolaire de la Région-de-Sherbrooke,-71.924042,45.403138,Secondaire,Franco,819 822-5633
,752148,École internationale du Phare,École internationale du Phare,"405, rue Sara",,43027,Sherbrooke,V,J1H5S6,0,0,1,0,0,École,Public,https://www.csrs.qc.ca/etablissements,752000,Centre de services scolaire de la Région-de-Sherbrooke,-71.890198,45.379385,Secondaire,Franco,819 822-5455
,752151,École du Touret,École du Touret,"4076, boulevard de l'Université",,43027,Sherbrooke,V,J1N2Y1,1,1,1,0,0,École,Public,https://www.csrs.qc.ca/etablissements,752000,Centre de services scolaire de la Région-de-Sherbrooke,-71.961853,45.36266,Préscolaire - Primaire - Secondaire,Franco,819 822-5577
,752155,École Le Monarque,École Le Monarque,"8475, chemin Blanchette",,43027,Sherbrooke,V,J1N3A3,1,1,1,0,0,École,Public,https://www.csrs.qc.ca/etablissements,752000,Centre de services scolaire de la Région-de-Sherbrooke,-72.021006,45.314488,Préscolaire - Primaire - Secondaire,Franco,819 864-4221
,752165,Villa Marie-Claire,Villa Marie-Claire,"470, rue Victoria",,43027,Sherbrooke,V,J1H3J2,0,0,1,0,0,École,Public,,752000,Centre de services scolaire de la Région-de-Sherbrooke,-71.905313,45.405535,Secondaire,Franco,819 563-1622
,752167,École Le Goéland,École Le Goéland,"90, rue de l'Ontario",,43027,Sherbrooke,V,J1J3P9,0,0,1,0,0,École,Public,https://www.csrs.qc.ca/etablissements,752000,Centre de services scolaire de la Région-de-Sherbrooke,-71.907531,45.400183,Secondaire,Franco,819 822-5505
,752365,Centre Saint-Michel,Centre Saint-Michel,"135, rue King Ouest",,43027,Sherbrooke,V,J1H1P4,0,0,0,0,1,Centre éducation aux adultes,Public,https://www.csrs.qc.ca/etablissements,752000,Centre de services scolaire de la Région-de-Sherbrooke,-71.891323,45.40124,Éducation aux adultes,Franco,819 822-5520
,752470,Centre de form. prof. 24-Juin,Centre de formation professionnelle 24-Juin,"639, rue du 24-Juin",,43027,Sherbrooke,V,J1E1H1,0,0,0,1,0,Centre de formation professionnelle,Public,,752000,Centre de services scolaire de la Région-de-Sherbrooke,-71.877789,45.422695,Formation professionnelle,Franco,819 822-5420
,753003,École de la Passerelle,École de la Passerelle,"410, 1re Avenue",,40043,Val-des-Sources,V,J1T1Z2,1,1,0,0,0,École,Public,https://pleincoeur.cssds.gouv.qc.ca/,753000,Centre de services scolaire des Sommets,-71.931963,45.77145,Préscolaire - Primaire,Franco,819 847-1610
,753004,École Christ-Roi,École Christ-Roi,"149, rue Miquelon",,40025,Saint-Camille,CT,J0A1G0,1,1,0,0,0,École,Public,https://christroi.cssds.gouv.qc.ca/,753000,Centre de services scolaire des Sommets,-71.703845,45.682651,Préscolaire - Primaire,Franco,819 847-1610
,753005,École Hamelin,École Hamelin,"405, rue Monseigneur L'Heureux",,40017,Wotton,M,J0A1N0,1,1,0,0,0,École,Public,https://hamelin.cssds.gouv.qc.ca/,753000,Centre de services scolaire des Sommets,-71.81053,45.736889,Préscolaire - Primaire,Franco,819 847-1610
,753006,École de la Tourelle,École de la Tourelle,"180, rue Genest",,40043,Val-des-Sources,V,J1T1A9,1,1,0,0,0,École,Public,https://tourelle.cssds.gouv.qc.ca/,753000,Centre de services scolaire des Sommets,-71.912637,45.781597,Préscolaire - Primaire,Franco,819 847-1610
,753007,École Masson,École Masson,"30, rue du Collège",,40047,Danville,V,J0A1A0,1,1,0,0,0,École,Public,https://masson.cssds.gouv.qc.ca/,753000,Centre de services scolaire des Sommets,-72.019591,45.788071,Préscolaire - Primaire,Franco,819 847-1610
,753008,École Notre-Dame-de-l'Assomption,École Notre-Dame-de-l'Assomption,"483, rue Principale",,40032,Saint-Georges-de-Windsor,M,J0A1J0,1,1,0,0,0,École,Public,https://nda.cssds.gouv.qc.ca/,753000,Centre de services scolaire des Sommets,-71.846199,45.69877,Préscolaire - Primaire,Franco,819 847-1610
,753009,École Notre-Dame-de-Lourdes,École Notre-Dame-de-Lourdes,"1598, rue Principale",,40010,Saint-Adrien,M,J0A1C0,1,1,0,0,0,École,Public,https://ndl.cssds.gouv.qc.ca/,753000,Centre de services scolaire des Sommets,-71.721703,45.819323,Préscolaire - Primaire,Franco,819 847-1610
,753012,École secondaire de l'Escale,École secondaire de l'Escale,"430, 5e Avenue",,40043,Val-des-Sources,V,J1T1X2,0,0,1,0,0,École,Public,https://lescale.cssds.gouv.qc.ca/,753000,Centre de services scolaire des Sommets,-71.92967,45.773287,Secondaire,Franco,819 847-1610
,753021,École Brassard-Saint-Patrice,École Brassard-Saint-Patrice,"265, rue Saint-Patrice Ouest",,45072,Magog,V,J1X1W4,1,1,0,0,0,École,Public,https://brassardstpatrice.cssds.gouv.qc.ca/,753000,Centre de services scolaire des Sommets,-72.149424,45.267419,Préscolaire - Primaire,Franco,819 847-1610
,753022,École Saint-Jean-Bosco,École Saint-Jean-Bosco,"63, rue Jean-Paul II",,45072,Magog,V,J1X1E4,1,1,0,0,0,École,Public,https://stjeanbosco.cssds.gouv.qc.ca/,753000,Centre de services scolaire des Sommets,-72.138896,45.272837,Préscolaire - Primaire,Franco,819 847-1610
,753024,École Dominique-Savio,École Dominique-Savio,"115, rue la Grand-Rue",,45060,Sainte-Catherine-de-Hatley,M,J0B1W0,1,1,0,0,0,École,Public,https://dominiquesavio.cssds.gouv.qc.ca/,753000,Centre de services scolaire des Sommets,-72.048634,45.247996,Préscolaire - Primaire,Franco,819 847-1610
,753025,École du Jardin-des-Frontières,École du Jardin-des-Frontières,"7, rue Park",,45008,Stanstead,V,J0B3E0,1,1,0,0,0,École,Public,https://jardindesfrontieres.cssds.gouv.qc.ca/,753000,Centre de services scolaire des Sommets,-72.091778,45.015606,Préscolaire - Primaire,Franco,819 847-1610
,753027,École secondaire de la Ruche,École secondaire de la Ruche,"1255, boulevard des Étudiants",,45072,Magog,V,J1X3Y6,0,0,1,0,0,École,Public,https://laruche.cssds.gouv.qc.ca/,753000,Centre de services scolaire des Sommets,-72.141214,45.277733,Secondaire,Franco,819 847-1610
,753028,École du Baluchon,École du Baluchon,"330, rue Principale",,45030,Potton,CT,J0E1X0,1,1,0,0,0,École,Public,https://baluchon.cssds.gouv.qc.ca/,753000,Centre de services scolaire des Sommets,-72.39238,45.054479,Préscolaire - Primaire,Franco,819 847-1610
,753030,École des Deux-Soleils,École des Deux-Soleils,"495, rue Gérin",,45072,Magog,V,J1X4B1,1,1,0,0,0,École,Public,https://deuxsoleils.cssds.gouv.qc.ca/,753000,Centre de services scolaire des Sommets,-72.11202,45.293679,Préscolaire - Primaire,Franco,819 847-1610
,753031,École du Solstice,École du Solstice,1011 rue Sherbrooke,,45072,Magog,V,J1X2T2,1,1,0,0,0,École,Public,https://solstice.cssds.gouv.qc.ca/,753000,Centre de services scolaire des Sommets,-72.138242,45.272119,Préscolaire - Primaire,Franco,819 847-1610
,753033,École Saint-Pie-X,École Saint-Pie-X,"176, rue Saint-Alphonse Sud",,45072,Magog,V,J1X3T6,1,1,0,0,0,École,Public,https://stpiex.cssds.gouv.qc.ca/,753000,Centre de services scolaire des Sommets,-72.127209,45.260153,Préscolaire - Primaire,Franco,819 847-1610
,753034,École Saint-Barthélemy,École Saint-Barthélemy,"206, rue Rosedale",,45035,Ayer's Cliff,VL,J0B1C0,1,1,0,0,0,École,Public,https://stbarthelemy.cssds.gouv.qc.ca/,753000,Centre de services scolaire des Sommets,-72.041628,45.17214,Préscolaire - Primaire,Franco,819 847-1610
,753035,École Sainte-Marguerite,École Sainte-Marguerite,"295, rue Saint-David",,45072,Magog,V,J1X2Z8,1,1,0,0,0,École,Public,https://stemarguerite.cssds.gouv.qc.ca/,753000,Centre de services scolaire des Sommets,-72.138347,45.265424,Préscolaire - Primaire,Franco,819 847-1610
,753036,École du Val-de-Grâce,École du Val-de-Grâce,"500, rue Principale",,45093,Eastman,M,J0E1P0,1,1,0,0,0,École,Public,https://valdegrace.cssds.gouv.qc.ca/,753000,Centre de services scolaire des Sommets,-72.308681,45.301684,Préscolaire - Primaire,Franco,819 847-1610
,753051,École de l'Arc-en-Ciel,École de l'Arc-en-Ciel,"177, rue de l'Église",,42020,Saint-François-Xavier-de-Brompton,M,J0B2V0,1,1,0,0,0,École,Public,https://arcenciel.cssds.gouv.qc.ca/,753000,Centre de services scolaire des Sommets,-72.05062,45.534437,Préscolaire - Primaire,Franco,819 847-1610
,753053,École secondaire de l'Odyssée,École secondaire de l'Odyssée,"900, rue Montcalm",,42055,Valcourt,V,J0E2L0,0,0,1,0,0,École,Public,https://lodyssee.cssds.gouv.qc.ca/,753000,Centre de services scolaire des Sommets,-72.31737,45.495907,Secondaire,Franco,819 847-1610
,753055,École de la Chanterelle,École de la Chanterelle,"1100, rue Champêtre",,42055,Valcourt,V,J0E2L0,1,1,0,0,0,École,Public,https://chanterelle.cssds.gouv.qc.ca/,753000,Centre de services scolaire des Sommets,-72.304379,45.493431,Préscolaire - Primaire,Franco,819 847-1610
,753057,École secondaire du Tournesol,École secondaire du Tournesol,"250, rue Saint-Georges",,42088,Windsor,V,J1S1K4,0,0,1,0,0,École,Public,https://tournesol.cssds.gouv.qc.ca/,753000,Centre de services scolaire des Sommets,-71.9953,45.573109,Secondaire,Franco,819 847-1610
,753058,École du Plein-Coeur,École du Plein-Coeur,"555, 7e  Avenue Nord",,42098,Richmond,V,J0B2H0,1,1,0,0,0,École,Public,https://pleincoeur.cssds.gouv.qc.ca/,753000,Centre de services scolaire des Sommets,-72.142442,45.665492,Préscolaire - Primaire,Franco,819 847-1610
,753060,École Notre-Dame-de-Bonsecours,École Notre-Dame-de-Bonsecours,"601, rue du Couvent",,42040,Bonsecours,M,J0E1H0,1,1,0,0,0,École,Public,https://ndb.cssds.gouv.qc.ca/,753000,Centre de services scolaire des Sommets,-72.303153,45.405659,Préscolaire - Primaire,Franco,819 847-1610
,753061,École Notre-Dame-de-Montjoie,École Notre-Dame-de-Montjoie,"138, chemin Brompton",,42032,Racine,M,J0E1Y0,1,1,0,0,0,École,Public,https://ndm.cssds.gouv.qc.ca/,753000,Centre de services scolaire des Sommets,-72.248533,45.503064,Préscolaire - Primaire,Franco,819 847-1610
,753062,École Notre-Dame-du-Sourire,École Notre-Dame-du-Sourire,"301, route de l'Église",,42100,Saint-Claude,M,J0B2N0,1,1,0,0,0,École,Public,https://nds.cssds.gouv.qc.ca/,753000,Centre de services scolaire des Sommets,-71.975425,45.659749,Préscolaire - Primaire,Franco,819 847-1610
,753063,École Notre-Dame-des-Érables,École Notre-Dame-des-Érables,"102, rue du Couvent",,42050,Sainte-Anne-de-la-Rochelle,M,J0E2B0,1,1,0,0,0,École,Public,https://nde.cssds.gouv.qc.ca/,753000,Centre de services scolaire des Sommets,-72.402721,45.403768,Préscolaire - Primaire,Franco,819 847-1610
,753065,École Saint-Gabriel,École Saint-Gabriel,"65, rue Saint-Antoine",,42088,Windsor,V,J1S1S1,1,1,0,0,0,École,Public,https://stgabriel.cssds.gouv.qc.ca/,753000,Centre de services scolaire des Sommets,-71.996364,45.555472,Préscolaire - Primaire,Franco,819 847-1610
,753066,École Saint-Laurent,École Saint-Laurent,"1561, rue Principale",,42045,Lawrenceville,VL,J0E1W0,1,1,0,0,0,École,Public,https://stlaurent.cssds.gouv.qc.ca/,753000,Centre de services scolaire des Sommets,-72.343585,45.423554,Préscolaire - Primaire,Franco,819 847-1610
,753067,École Saint-Philippe,École Saint-Philippe,"101, rue Ambroise-Dearden",,42088,Windsor,V,J1S1H2,1,1,0,0,0,École,Public,https://stphilippe.cssds.gouv.qc.ca/,753000,Centre de services scolaire des Sommets,-72.002354,45.572079,Préscolaire - Primaire,Franco,819 847-1610
,753305,CEA des Sommets,Centre d'éducation des adultes des Sommets,"350, rue Saint-David",,45072,Magog,V,J1X3A1,0,0,0,0,1,Centre éducation aux adultes,Public,https://cea.cssds.gouv.qc.ca/,753000,Centre de services scolaire des Sommets,-72.136691,45.265927,Éducation aux adultes,Franco,819 847-1610
,753405,Centre de formation professionnelle EXPÉ,Centre de formation professionnelle EXPÉ,"100, rue Boisjoli",,42088,Windsor,V,J1S2X8,0,0,0,1,0,Centre de formation professionnelle,Public,https://expe.cssds.gouv.qc.ca/,753000,Centre de services scolaire des Sommets,-71.991134,45.58401,Formation professionnelle,Franco,819 847-1610
,759001,École Wiinibekuu School,École Wiinibekuu School,"31, rue Smokey Hill",,99806,Waskaganish,TC,J0M1R0,0,1,1,0,0,École,Public,,759000,Commission scolaire crie,-78.746742,51.485289,Primaire - Secondaire,Statut,819 895-8819
,759002,École Wabannutao Eeyou School,École Wabannutao Eeyou School,"124, rue Shabow",,99810,Eastmain,TC,J0M1W0,1,1,1,0,0,École,Public,,759000,Commission scolaire crie,-78.51166,52.241528,Préscolaire - Primaire - Secondaire,Statut,819 977-0244
,759003,École Waapinichikush School,École Waapinichikush School,"507, rue Wiishkichaansh",,99814,Chisasibi,TC,J0M1E0,1,1,0,0,0,École,Public,,759000,Commission scolaire crie,-78.917537,53.794031,Préscolaire - Primaire,Statut,819 855-2833
,759004,École Voyageur Memorial Elementary Schoo,École Élémentaire Mémoriale Voyageur,"227, rue Amisk",,99804,Mistissini,TC,G0W1C0,1,1,0,0,0,École,Public,,759000,Commission scolaire crie,-73.871435,50.418585,Préscolaire - Primaire,Statut,418 923-3485
,759005,École Maquatua Eeyou School,École Maquatua Eeyou School,"7, rue Air Creebec",,99812,Wemindji,TC,J0M1L0,1,1,1,0,0,École,Public,https://www.cscree.qc.ca/csb/School/WEMINDJI/Default.htm,759000,Commission scolaire crie,-78.808249,52.999369,Préscolaire - Primaire - Secondaire,Statut,819 978-0270
,759006,École Voyageur Memorial Secondary School,École secondaire Mémoriale Voyageur,"232, boulevard Mistissini",,99804,Mistissini,TC,G0W1C0,1,1,1,0,0,École,Public,,759000,Commission scolaire crie,-73.874164,50.419489,Préscolaire - Primaire - Secondaire,Statut,819 923-3485
,759007,École Badabin Eeyou School,École Badabin Eeyou School,"514, rue Whapmakw",,99816,Whapmagoostui,TC,J0M1G0,1,1,1,0,0,École,Public,,759000,Commission scolaire crie,-77.761209,55.278111,Préscolaire - Primaire - Secondaire,Statut,819 929-3428
,759008,École Willie J. Happyjack School,École Mémoriale Willie J. Happyjack Memorial School,"1, rue Birch",,99802,Waswanipi,TC,J0Y3C0,1,1,1,0,0,École,Public,https://www.cscree.qc.ca/csb/School/waswanipi/accueil.htm,759000,Commission scolaire crie,-75.960504,49.696201,Préscolaire - Primaire - Secondaire,Statut,819 753-2583
,759009,Ecole Big River High School,Ecole Big River High School,36 Industrial Road,,99814,Chisasibi,TC,J0M1E0,0,0,1,0,0,École,Public,,759000,Commission scolaire crie,-78.882712,53.769982,Secondaire,Statut,819 855-2833
,759010,École Luke Mettaweskum School,École Luke Mettaweskum School,"61, rue Lakeshore",,99808,Nemaska,TC,J0Y3B0,1,1,1,0,0,École,Public,,759000,Commission scolaire crie,-76.257352,51.685917,Préscolaire - Primaire - Secondaire,Statut,819 673-2536
,759011,École Waapihtiiwewan School,École Waapihtiiwewan School,"200, rue Opémiska",,99818,Oujé-Bougoumou,TC,G0W3C0,1,1,1,0,0,École,Public,https://www.cscree.qc.ca/csb/School/Waapihtiiwewan%20School/index.htm,759000,Commission scolaire crie,-74.820515,49.92247,Préscolaire - Primaire - Secondaire,Statut,418 745-2542
,759012,EAWMES,Annie Whiskeychan Memorial Elementary School,"1, rue Taaktachum",,99806,Waskaganish,TC,J0M1R0,1,1,0,0,0,École,Public,https://eeyoueducation.ca/youth/schools/waskaganish/eawmes,759000,Commission scolaire crie,-78.74491,51.48367,Préscolaire - Primaire,Statut,819 895-8819
,759013,Upichinaausiun Chiskutimatukimikw,École Upichinaausiun Chiskutimatukimikw School,501 Wiishkichaansh Street,,99814,Chisasibi,TC,J0M1E0,1,1,0,0,0,École,Public,https://eeyoueducation.ca/youth/schools/chisasibi/waapinichikush,759000,Commission scolaire crie,-78.91306,53.794168,Préscolaire - Primaire,Statut,819 855-2833
,759014,Ecole Rainbow Elementary School,Ecole Rainbow Elementary School,"2,rue Chief Peter Gull",,99802,Waswanipi,TC,J0Y3C0,1,1,0,0,0,École,Public,https://eeyoueducation.ca/youth/schools/waswanipi/res,759000,Commission scolaire crie,-75.958884,49.695957,Préscolaire - Primaire,Statut,819 753-2583
,759015,École Joy Ottereyes Rainbow Memorial Sch,École Joy Ottereyes Rainbow Memorial School,"39, rue Maquatua",,99812,Wemindji,TC,J0M1L0,1,1,0,0,0,École,Public,,759000,Commission scolaire crie,-78.812433,53.006157,Préscolaire - Primaire,Statut,819 978-0270
,759300,CFP - Waswanipi (FGA),Vocational Training Center Waswanipi,"1, rue Elder David Neeposh",,99802,Waswanipi,TC,J0Y3C0,0,0,0,0,1,Centre éducation aux adultes,Public,,759000,Commission scolaire crie,-75.95754,49.697027,Éducation aux adultes,Statut,819 753-4040
,759301,Adult Education Chisasibi,Centre d'éducation des adultes Sabtuan (Chisasibi - Coastal),"507, rue Wiishkichaansh",,99814,Chisasibi,TC,J0M1E0,0,0,0,0,1,Centre éducation aux adultes,Public,,759000,Commission scolaire crie,-78.914426,53.795464,Éducation aux adultes,Statut,819 855-2230
,759302,Ouje-Bougoumou Sabtuan Learning Center,Ouje-Bougoumou Sabtuan Learning Center,70 Meskino,,99818,Oujé-Bougoumou,TC,G0W3C0,0,0,0,0,1,Centre éducation aux adultes,Public,https://www.cscree.qc.ca,759000,Commission scolaire crie,-74.815665,49.923191,Éducation aux adultes,Statut,418 745-2084
,759303,Adult Education Mistissini,Centre d'éducation des adultes Sabtuan (Mistissini - Inland),"4, Cheno U_meskinam",,99804,Mistissini,TC,G0W1C0,0,0,0,0,1,Centre éducation aux adultes,Public,,759000,Commission scolaire crie,-73.870041,50.415472,Éducation aux adultes,Statut,418 923-3347
,759400,CFP Waswanipi,Centre de formation professionnelle de Waswanipi,"1, rue Elder David Neeposh",,99802,Waswanipi,TC,J0Y3C0,0,0,0,1,0,Centre de formation professionnelle,Public,https://www.cscree.qc.ca,759000,Commission scolaire crie,-75.95754,49.697027,Formation professionnelle,Statut,418 923-3347
,759401,CFP Chisasibi,Centre de formation professionnelle Sabtuan (Chisasibi - Coastal),"507, rue Wiishkichaansh",,99814,Chisasibi,TC,J0M1E0,0,0,0,1,0,Centre de formation professionnelle,Public,,759000,Commission scolaire crie,-78.914426,53.795471,Formation professionnelle,Statut,819 855-2230
,759402,Ouje-Bougoumou Sabtuan Learning Center,Ouje-Bougoumou Sabtuan Learning Center,70 Ouje-Bougoumou Meskino,,99818,Oujé-Bougoumou,TC,G0W3C0,0,0,0,1,0,Centre de formation professionnelle,Public,https://www.cscree.qc.ca,759000,Commission scolaire crie,-74.815659,49.923189,Formation professionnelle,Statut,418 745-2084
,759403,CFP Mistissini,Centre de formation professionnelle Sabtuan  (Mistissini - Inland),"4, Cheno U-Meskinam",,99804,Mistissini,TC,G0W1C0,0,0,0,1,0,Centre de formation professionnelle,Public,,759000,Commission scolaire crie,-73.870041,50.415472,Formation professionnelle,Statut,418 923-3347
,761001,École Saint-Octave,École Saint-Octave,"11171, rue Notre-Dame Est",,66007,Montréal-Est,V,H1B2V7,1,1,0,0,0,École,Public,https://stoctave.cspi.qc.ca/,761000,Centre de services scolaire de la Pointe-de-l'Île,-73.499294,45.629084,Préscolaire - Primaire,Franco,514 645-8718
,761002,École Sainte-Germaine-Cousin,École Sainte-Germaine-Cousin,"1880, 48e Avenue",,66023,Montréal,V,H1A2Y6,1,1,0,0,0,École,Public,https://stegermainecousin.csspi.ca/,761000,Centre de services scolaire de la Pointe-de-l'Île,-73.501651,45.667625,Préscolaire - Primaire,Franco,514 642-0881
,761003,École Félix-Leclerc,École Félix-Leclerc,"1750, boulevard du Tricentenaire",,66023,Montréal,V,H1B3B1,1,1,0,0,0,École,Public,https://felixleclerc.csspi.ca,761000,Centre de services scolaire de la Pointe-de-l'Île,-73.504857,45.651302,Préscolaire - Primaire,Franco,514 642-9910
,761004,École François-La-Bernarde,École François-La-Bernarde,"950, rue Pierre-Lacroix",,66023,Montréal,V,H1B3C8,1,1,0,0,0,École,Public,https://flb.csspi.ca,761000,Centre de services scolaire de la Pointe-de-l'Île,-73.495351,45.64674,Préscolaire - Primaire,Franco,514 645-9134
,761006,École Sainte-Marguerite-Bourgeoys,École Sainte-Marguerite-Bourgeoys,"11625, rue de la Gauchetière",,66023,Montréal,V,H1B2H8,1,1,0,0,0,École,Public,https://saintemargueritebourgeoys.csspi.ca,761000,Centre de services scolaire de la Pointe-de-l'Île,-73.500572,45.635942,Préscolaire - Primaire,Franco,514 645-5515
,761008,École Montmartre,École Montmartre,"1855, 59e Avenue",,66023,Montréal,V,H1A2P2,1,1,0,0,0,École,Public,https://montmartre.csspi.ca,761000,Centre de services scolaire de la Pointe-de-l'Île,-73.498531,45.675507,Préscolaire - Primaire,Franco,514 642-9343
,761009,École Notre-Dame,École Notre-Dame,"14425, rue Notre-Dame Est",,66023,Montréal,V,H1A1V6,1,1,0,0,0,École,Public,https://notredame.csspi.ca,761000,Centre de services scolaire de la Pointe-de-l'Île,-73.494155,45.673545,Préscolaire - Primaire,Franco,514 642-3950
,761011,École de la Belle-Rive,École de la Belle-Rive,"15700, rue Notre-Dame Est",,66023,Montréal,V,H1A1X4,1,1,0,0,0,École,Public,https://delabellerive.cspi.qc.ca/,761000,Centre de services scolaire de la Pointe-de-l'Île,-73.488028,45.69102,Préscolaire - Primaire,Franco,514 642-7337
,761013,École Saint-Marcel,École Saint-Marcel,"1470, 16e Avenue",,66023,Montréal,V,H1B3N6,1,1,0,0,0,École,Public,https://saintmarcel.cspi.qc.ca,761000,Centre de services scolaire de la Pointe-de-l'Île,-73.50393,45.645486,Préscolaire - Primaire,Franco,514 645-8531
,761020,École Alphonse-Pesant,École Alphonse-Pesant,"4600, rue Compiègne",,66023,Montréal,V,H1R1S7,1,1,0,0,0,École,Public,https://alphonsepesant.csspi.ca/,761000,Centre de services scolaire de la Pointe-de-l'Île,-73.603421,45.579529,Préscolaire - Primaire,Franco,514 727-8915
,761021,École Gabrielle-Roy,École Gabrielle-Roy,"5950, rue Honoré-Mercier",,66023,Montréal,V,H1P3E4,1,1,0,0,0,École,Public,https://gabrielleroy.csspi.ca/,761000,Centre de services scolaire de la Pointe-de-l'Île,-73.601953,45.596906,Préscolaire - Primaire,Franco,514 321-8475
,761022,École La Dauversière,École La Dauversière,"5485, rue Jean-Talon Est",,66023,Montréal,V,H1S1L8,1,1,0,0,0,École,Public,https://ladauversiere.csspi.ca/,761000,Centre de services scolaire de la Pointe-de-l'Île,-73.58132,45.581193,Préscolaire - Primaire,Franco,514 721-2062
,761023,École Lambert-Closse,École Lambert-Closse,"6105, rue La Dauversière",,66023,Montréal,V,H1S1R6,1,1,0,0,0,École,Public,https://www.cspi.qc.ca/lc/,761000,Centre de services scolaire de la Pointe-de-l'Île,-73.574356,45.58684,Préscolaire - Primaire,Franco,514 255-4166
,761024,École Pie XII,École Pie XII,"5455, rue Dujarié",,66023,Montréal,V,H1R1K4,1,1,0,0,0,École,Public,https://piexii.csspi.ca/,761000,Centre de services scolaire de la Pointe-de-l'Île,-73.605018,45.590586,Préscolaire - Primaire,Franco,514 321-7570
,761025,École Victor-Lavigne,École Victor-Lavigne,"5400, boulevard Couture",,66023,Montréal,V,H1R1C7,1,1,0,0,0,École,Public,https://victorlavigne.csspi.ca/,761000,Centre de services scolaire de la Pointe-de-l'Île,-73.610251,45.592543,Préscolaire - Primaire,Franco,514 321-9234
,761026,École Wilfrid-Bastien,École Wilfrid-Bastien,"8155, rue Collerette",,66023,Montréal,V,H1P2V6,1,1,0,0,0,École,Public,https://wilfridbastien.csspi.ca/,761000,Centre de services scolaire de la Pointe-de-l'Île,-73.59227,45.58581,Préscolaire - Primaire,Franco,514 323-1340
,761027,École Ferland,École Ferland,"8755, rue Belcourt",,66023,Montréal,V,H1P2L9,1,1,0,0,0,École,Public,https://ferland.cspi.qc.ca/,761000,Centre de services scolaire de la Pointe-de-l'Île,-73.597836,45.5952,Préscolaire - Primaire,Franco,514 642-4480
,761028,École Général Vanier,École Général Vanier,"4555, rue Buies",,66023,Montréal,V,H1S1J2,1,1,0,0,0,École,Public,https://generalvanier.cspi.qc.ca/,761000,Centre de services scolaire de la Pointe-de-l'Île,-73.590026,45.572126,Préscolaire - Primaire,Franco,514 498-4848
,761030,École Cardinal-Léger,École Cardinal-Léger,"6951, rue Des Ormeaux",,66023,Montréal,V,H1K2X7,1,1,0,0,0,École,Public,https://cardinalleger.csspi.ca/,761000,Centre de services scolaire de la Pointe-de-l'Île,-73.548142,45.611596,Préscolaire - Primaire,Franco,514 352-5500
,761031,École Chénier,École Chénier,"5800, avenue Saint-Donat",,66023,Montréal,V,H1K3P4,1,1,0,0,0,École,Public,https://chenier.csspi.ca/,761000,Centre de services scolaire de la Pointe-de-l'Île,-73.542804,45.604043,Préscolaire - Primaire,Franco,514 352-4550
,761033,École Des Roseraies,École Des Roseraies,"6440, boulevard des Galeries d'Anjou",,66023,Montréal,V,H1M1W2,1,1,0,0,0,École,Public,https://desroseraies.csspi.ca/,761000,Centre de services scolaire de la Pointe-de-l'Île,-73.553934,45.593852,Préscolaire - Primaire,Franco,514 353-3130
,761035,École Jacques-Rousseau,École Jacques-Rousseau,"7455, rue Jarry",,66023,Montréal,V,H1J1G8,1,1,0,0,0,École,Public,https://jacquesrousseau.csspi.ca/,761000,Centre de services scolaire de la Pointe-de-l'Île,-73.573381,45.605665,Préscolaire - Primaire,Franco,514 353-8570
,761037,École Saint-Joseph,École Saint-Joseph,"7725, avenue Des Ormeaux",,66023,Montréal,V,H1K2Y2,1,1,0,0,0,École,Public,https://saintjoseph.csspi.ca/,761000,Centre de services scolaire de la Pointe-de-l'Île,-73.554262,45.614593,Préscolaire - Primaire,Franco,514 351-1360
,761038,École Wilfrid-Pelletier,École internationale Wilfrid-Pelletier,"8301, boulevard  Wilfrid-Pelletier",,66023,Montréal,V,H1K1M2,1,1,0,0,0,École,Public,https://wilfridpelletier.csspi.ca/,761000,Centre de services scolaire de la Pointe-de-l'Île,-73.553627,45.607584,Préscolaire - Primaire,Franco,514 352-7300
,761039,École Albatros,École Albatros,"6440, boulevard des Galeries d'Anjou",,66023,Montréal,V,H1M1W2,1,1,0,0,0,École,Public,https://albatros.csspi.ca/,761000,Centre de services scolaire de la Pointe-de-l'Île,-73.553934,45.593852,Préscolaire - Primaire,Franco,514 353-5131
,761040,École Denise-Pelletier,École Denise-Pelletier,"12160, 27e Avenue",,66023,Montréal,V,H1E1Z5,1,1,0,0,0,École,Public,https://denisepelletier.csspi.ca/,761000,Centre de services scolaire de la Pointe-de-l'Île,-73.58982,45.637627,Préscolaire - Primaire,Franco,514 881-7190
,761042,École Fernand-Gauthier,École Fernand-Gauthier,"12600, avenue Paul-Dufault",,66023,Montréal,V,H1E2B6,1,1,0,0,0,École,Public,https://fernandgauthier.cspi.qc.ca/,761000,Centre de services scolaire de la Pointe-de-l'Île,-73.592283,45.643373,Préscolaire - Primaire,Franco,514 881-7140
,761044,École Marc-Aurèle-Fortin,École Marc-Aurèle-Fortin,"12230, avenue Fernand-Gauthier",,66023,Montréal,V,H1E5N4,1,1,0,0,0,École,Public,https://marcaurelefortin.csspi.ca/,761000,Centre de services scolaire de la Pointe-de-l'Île,-73.600895,45.631596,Préscolaire - Primaire,Franco,514 881-7180
,761045,École Notre-Dame-de-Fatima,École Notre-Dame-de-Fatima,"12200, avenue  René-Masson",,66023,Montréal,V,H1E4T4,1,1,0,0,0,École,Public,https://notredamedefatima.csspi.ca/,761000,Centre de services scolaire de la Pointe-de-l'Île,-73.575059,45.647192,Préscolaire - Primaire,Franco,514 881-7170
,761046,École Simone-Desjardins,École Simone-Desjardins,"10004, boulevard Gouin Est",,66023,Montréal,V,H1C1A8,1,1,0,0,0,École,Public,https://simone-desjardins.csspi.ca,761000,Centre de services scolaire de la Pointe-de-l'Île,-73.561904,45.660651,Préscolaire - Primaire,Franco,514 881-7150
,761050,École Adélard-Desrosiers,École Adélard-Desrosiers,"12600, avenue Fortin",,66023,Montréal,V,H1G4A1,1,1,0,0,0,École,Public,https://adelarddesrosiers.csspi.ca/,761000,Centre de services scolaire de la Pointe-de-l'Île,-73.628935,45.619113,Préscolaire - Primaire,Franco,514 328-3555
,761052,École De la Fraternité,École De la Fraternité,"11241, avenue Drapeau",,66023,Montréal,V,H1H3K3,1,1,0,0,0,École,Public,https://delafraternite.cspi.qc.ca/,761000,Centre de services scolaire de la Pointe-de-l'Île,-73.633204,45.597315,Préscolaire - Primaire,Franco,514 328-3550
,761054,École Jean-Nicolet,École Jean-Nicolet,"11235, avenue Salk",,66023,Montréal,V,H1G4Y3,1,1,0,0,0,École,Public,https://jeannicolet.cspi.qc.ca/,761000,Centre de services scolaire de la Pointe-de-l'Île,-73.62391,45.60249,Préscolaire - Primaire,Franco,514 328-3560
,761055,École Jules-Verne,École Jules-Verne,"11811, avenue P.-M.-Favier",,66023,Montréal,V,H1G5X4,1,1,0,0,0,École,Public,https://julesverne.cspi.qc.ca/,761000,Centre de services scolaire de la Pointe-de-l'Île,-73.618252,45.612412,Préscolaire - Primaire,Franco,514 328-3565
,761057,École Le Carignan,École Le Carignan,"11480, boulevard Rolland",,66023,Montréal,V,H1G3T9,1,1,0,0,0,École,Public,https://lecarignan.cspi.qc.ca/,761000,Centre de services scolaire de la Pointe-de-l'Île,-73.614735,45.610427,Préscolaire - Primaire,Franco,514 328-3570
,761058,École Marc-Laflamme - Le Prélude,École Marc-Laflamme - Le Prélude,555 19e Avenue,,66023,Montréal,V,H1B3E3,1,1,1,0,0,École,Public,https://marclaflamme.cspi.qc.ca/,761000,Centre de services scolaire de la Pointe-de-l'Île,-73.490476,45.645822,Préscolaire - Primaire - Secondaire,Franco,514 328-9101
,761059,École Pierre-de-Coubertin,École Pierre-de-Coubertin,"4660, rue de Charleroi",,66023,Montréal,V,H1H1T7,1,1,0,0,0,École,Public,https://pierredecoubertin.cspi.qc.ca/,761000,Centre de services scolaire de la Pointe-de-l'Île,-73.63286,45.595651,Préscolaire - Primaire,Franco,514 328-3580
,761060,École René-Guénette,École René-Guénette,"11070, avenue Rome",,66023,Montréal,V,H1H4P6,1,1,0,0,0,École,Public,https://reneguenette.csspi.ca/,761000,Centre de services scolaire de la Pointe-de-l'Île,-73.644645,45.590102,Préscolaire - Primaire,Franco,514 328-3585
,761062,École Saint-Rémi,École Saint-Rémi,"10152, avenue Rome",,66023,Montréal,V,H1H4N6,1,1,0,0,0,École,Public,https://saintremi.csspi.ca/,761000,Centre de services scolaire de la Pointe-de-l'Île,-73.636295,45.582257,Préscolaire - Primaire,Franco,514 328-3590
,761063,École Saint-Vincent-Marie,École Saint-Vincent-Marie,"4601, rue de Castille",,66023,Montréal,V,H1H1Y4,1,1,0,0,0,École,Public,https://svm.csspi.ca/,761000,Centre de services scolaire de la Pointe-de-l'Île,-73.632672,45.594679,Préscolaire - Primaire,Franco,514 328-3595
,761064,École Sainte-Colette,École Sainte-Colette,"12001, Avenue Jean-Paul-Cardinal",,66023,Montréal,V,H1G4W4,1,1,0,0,0,École,Public,https://stecolette.csspi.ca/,761000,Centre de services scolaire de la Pointe-de-l'Île,-73.629798,45.610141,Préscolaire - Primaire,Franco,514 328-3553
,761066,École Sainte-Gertrude,École Sainte-Gertrude,"11813, boulevard Sainte-Gertrude",,66023,Montréal,V,H1G5P8,1,1,0,0,0,École,Public,https://sainte-gertrude.csspi.ca/,761000,Centre de services scolaire de la Pointe-de-l'Île,-73.63425,45.60467,Préscolaire - Primaire,Franco,514 328-3566
,761070,École secondaire Daniel-Johnson,École secondaire Daniel-Johnson,"1200, boulevard du Tricentenaire",,66023,Montréal,V,H1B3A8,0,0,1,0,0,École,Public,https://danieljohnson.cspi.qc.ca,761000,Centre de services scolaire de la Pointe-de-l'Île,-73.497194,45.650496,Secondaire,Franco,514 642-0240
,761071,École secondaire Pointe-aux-Trembles,École secondaire de la Pointe-aux-Trembles,"15200, rue Sherbrooke Est",,66023,Montréal,V,H1A3P9,0,0,1,0,0,École,Public,https://espat.cspi.qc.ca,761000,Centre de services scolaire de la Pointe-de-l'Île,-73.497766,45.685062,Secondaire,Franco,514 642-8940
,761072,École Le Tournesol,École Le Tournesol,"15150, rue Sherbrooke Est",,66023,Montréal,V,H1A3P9,1,1,1,0,0,École,Public,https://letournesol.cspi.qc.ca,761000,Centre de services scolaire de la Pointe-de-l'Île,-73.497766,45.685062,Préscolaire - Primaire - Secondaire,Franco,514 642-0341
,761075,École secondaire Antoine-de-St-Exupéry,École secondaire Antoine-de-Saint-Exupéry,"5150, boulevard Robert",,66023,Montréal,V,H1R1P9,0,0,1,0,0,École,Public,https://stexupery.cspi.qc.ca,761000,Centre de services scolaire de la Pointe-de-l'Île,-73.601688,45.584633,Secondaire,Franco,514 325-0480
,761077,École secondaire Irma-LeVasseur,École secondaire Irma-LeVasseur,9400 boulevard Métropolitain est,,66023,Montréal,V,H1K0L8,0,0,1,0,0,École,Public,,761000,Centre de services scolaire de la Pointe-de-l'Île,-73.549723,45.622095,Secondaire,Franco,514 642-9520
,761078,École secondaire Anjou,École secondaire Anjou,"8205, rue Fonteneau",,66023,Montréal,V,H1K4E1,0,0,1,0,0,École,Public,https://anjou.cspi.qc.ca/,761000,Centre de services scolaire de la Pointe-de-l'Île,-73.541673,45.60205,Secondaire,Franco,514 353-9970
,761081,École secondaire Guy-Vanier,École secondaire Guy-Vanier,"10905, boulevard Henri-Bourassa Est",,66023,Montréal,V,H1C1H1,0,0,1,0,0,École,Public,https://www.cspi.qc.ca/gv/,761000,Centre de services scolaire de la Pointe-de-l'Île,-73.535114,45.656111,Secondaire,Franco,514 881-4690
,761083,École secondaire Jean-Grou,École secondaire Jean-Grou,"12725, boulevard Rodolphe-Forget",,66023,Montréal,V,H1E6P6,0,0,1,0,0,École,Public,https://jeangrou.csspi.ca/,761000,Centre de services scolaire de la Pointe-de-l'Île,-73.580865,45.651393,Secondaire,Franco,514 881-7100
,761087,École secondaire La Passerelle,École secondaire La Passerelle,"12165, boulevard Saint-Jean-Baptiste",,66023,Montréal,V,H1C1S4,0,0,1,0,0,École,Public,https://lapasserelle.csspi.ca/,761000,Centre de services scolaire de la Pointe-de-l'Île,-73.540834,45.662928,Secondaire,Franco,514 881-4690
,761088,École secondaire La Relance,École secondaire La Relance,"10339, avenue du Parc-Georges",,66023,Montréal,V,H1H4Y4,0,0,1,0,0,École,Public,https://centre-ferland.csspi.ca/,761000,Centre de services scolaire de la Pointe-de-l'Île,-73.640447,45.582054,Secondaire,Franco,514 354-0287
,761089,École Amos,École secondaire Amos,10748 boulevard Saint-Vital,,66023,Montréal,V,H1H4T3,0,0,1,0,0,École,Public,https://ecole-amos.csspi.ca/,761000,Centre de services scolaire de la Pointe-de-l'Île,-73.642712,45.586154,Secondaire,Franco,514 328-3272
,761090,École secondaire Calixa-Lavallée,École secondaire Calixa-Lavallée,"11411, avenue Pelletier",,66023,Montréal,V,H1H3S3,0,0,1,0,0,École,Public,https://calixalavallee.cspi.qc.ca,761000,Centre de services scolaire de la Pointe-de-l'Île,-73.637853,45.597352,Secondaire,Franco,514 328-3250
,761091,École secondaire aux Mille-Voix,École secondaire aux Mille-Voix,12001 boulevard Albert-Hudon,,66023,Montréal,V,H1G3K3,0,0,1,0,0,École,Public,,761000,Centre de services scolaire de la Pointe-de-l'Île,-73.612144,45.619563,Secondaire,Franco,514 642-9520
,761092,École secondaire Henri-Bourassa,École secondaire Henri-Bourassa,"6051, boulevard Maurice-Duplessis",,66023,Montréal,V,H1G1Y6,0,0,1,0,0,École,Public,https://henribourassa.csspi.ca,761000,Centre de services scolaire de la Pointe-de-l'Île,-73.622089,45.61428,Secondaire,Franco,514 328-3200
,761370,CEA Daniel-Johnson,Centre d'éducation aux adultes Daniel-Johnson,"1100, boulevard du Tricentenaire",,66023,Montréal,V,H1B3A8,0,0,0,0,1,Centre éducation aux adultes,Public,https://centredj.csspi.ca/,761000,Centre de services scolaire de la Pointe-de-l'Île,-73.496005,45.650282,Éducation aux adultes,Franco,514 642-0245
,761371,CEA Paul-Gratton,Centre d'éducation aux adultes Paul-Gratton,"11865, rue Demontigny",,66023,Montréal,V,H1B1P2,0,0,0,0,1,Centre éducation aux adultes,Public,https://cpg.csspi.ca/,761000,Centre de services scolaire de la Pointe-de-l'Île,-73.506909,45.64045,Éducation aux adultes,Franco,514 645-4538
,761375,CEA Antoine-de-Saint-Exupéry,Centre d'éducation aux adultes Antoine-de-Saint-Exupéry,"8585, rue du Pré-Laurin",,66023,Montréal,V,H1R3P3,0,0,0,0,1,Centre éducation aux adultes,Public,https://st-ex.csspi.ca/,761000,Centre de services scolaire de la Pointe-de-l'Île,-73.600797,45.583336,Éducation aux adultes,Franco,514 325-0201
,761378,CEA Anjou,Centre d'éducation aux adultes Anjou,"5515, avenue de l'Aréna",,66023,Montréal,V,H1K4C9,0,0,0,0,1,Centre éducation aux adultes,Public,https://centre-anjou.csspi.ca/,761000,Centre de services scolaire de la Pointe-de-l'Île,-73.541673,45.60205,Éducation aux adultes,Franco,514 354-0120
,761379,CENTRE DU TRAIT-D'UNION,CENTRE DU TRAIT-D'UNION,11880 Notre-Dame-Est,,66023,Montréal,V,H1B2X5,0,0,0,0,1,Centre éducation aux adultes,Public,,761000,Centre de services scolaire de la Pointe-de-l'Île,-73.490737,45.638019,Éducation aux adultes,Franco,514 642-9520
,761389,CEA Amos,Centre d'éducation aux adultes Amos,10748 boulevard Saint-Vital,,66023,Montréal,V,H1H4T3,0,0,0,0,1,Centre éducation aux adultes,Public,https://ecole-amos.csspi.ca/,761000,Centre de services scolaire de la Pointe-de-l'Île,-73.642712,45.586154,Éducation aux adultes,Franco,514 328-3272
,761390,CEA Calixa-Lavallée,Centre d'éducation aux adultes Calixa-Lavallée,"4555, rue d'Amos",,66023,Montréal,V,H1H1P9,0,0,0,0,1,Centre éducation aux adultes,Public,https://cfp-calixa-lavallee.csspi.ca/,761000,Centre de services scolaire de la Pointe-de-l'Île,-73.636378,45.59695,Éducation aux adultes,Franco,514 955-4555
,761395,CEA Louis-Fréchette,Centre d'éducation aux adultes Louis-Fréchette,"5009, Ave. des Ardennes",,66023,Montréal,V,H1G2H7,0,0,0,0,1,Centre éducation aux adultes,Public,https://centre-louis-frechette.csspi.ca/,761000,Centre de services scolaire de la Pointe-de-l'Île,-73.6334,45.60427,Éducation aux adultes,Franco,514 328-3588
,761396,Centre de formation à distance,Centre régional de formation à distance du Grand-Montréal,"5055, boulevard Métropolitain est",,66023,Montréal,V,H1R1Z7,0,0,0,0,1,Centre éducation aux adultes,Public,https://formation-distance.csspi.ca/,761000,Centre de services scolaire de la Pointe-de-l'Île,-73.591928,45.580061,Éducation aux adultes,Franco,514 353-3355
,761399,CEA Ferland,Centre d'éducation aux adultes Ferland,"10339, avenue Parc-Georges",,66023,Montréal,V,H1H4Y4,0,0,0,0,1,Centre éducation aux adultes,Public,https://centre-ferland.csspi.ca/,761000,Centre de services scolaire de la Pointe-de-l'Île,-73.640447,45.582054,Éducation aux adultes,Franco,514 323-3155
,761470,CFP Daniel-Johnson,Centre de formation professionnelle Daniel-Johnson,"1100, boulevard du Tricentenaire",,66023,Montréal,V,H1B3A8,0,0,0,1,0,Centre de formation professionnelle,Public,https://centredj.csspi.ca/,761000,Centre de services scolaire de la Pointe-de-l'Île,-73.496005,45.650281,Formation professionnelle,Franco,514 642-0245
,761475,CFP Antoine-de-Saint-Exupéry,Centre de formation professionnelle Antoine-de-Saint-Exupéry,"8585, rue du Pré-Laurin",,66023,Montréal,V,H1R3P3,0,0,0,1,0,Centre de formation professionnelle,Public,https://st-ex.csspi.ca/,761000,Centre de services scolaire de la Pointe-de-l'Île,-73.600797,45.583336,Formation professionnelle,Franco,514 325-0201
,761477,Centre de formation Métiers de l'Acier,Centre de formation des Métiers de l'Acier,"9200, rue de l'Innovation",,66023,Montréal,V,H1J2X9,0,0,0,1,0,Centre de formation professionnelle,Public,https://cfma.csspi.ca/,761000,Centre de services scolaire de la Pointe-de-l'Île,-73.562436,45.62024,Formation professionnelle,Franco,514 353-0801
,761478,CFP Anjou,Centre de formation professionnelle Anjou,"5515, avenue de l'Aréna",,66023,Montréal,V,H1K4C9,0,0,0,1,0,Centre de formation professionnelle,Public,https://centre-anjou.csspi.ca/,761000,Centre de services scolaire de la Pointe-de-l'Île,-73.541673,45.60205,Formation professionnelle,Franco,514 354-0120
,761490,CFP Calixa-Lavallée,Centre de formation professionnelle Calixa-Lavallée,"4555, rue d'Amos",,66023,Montréal,V,H1H1P9,0,0,0,1,0,Centre de formation professionnelle,Public,https://cfp-calixa-lavallee.csspi.ca/,761000,Centre de services scolaire de la Pointe-de-l'Île,-73.636378,45.59695,Formation professionnelle,Franco,514 955-4555
,761496,Centre de formation à distance,Centre régional de formation à distance du Grand-Montréal,"5055, boulevard Métropolitain est",,66023,Montréal,V,H1R1Z7,0,0,0,1,0,Centre de formation professionnelle,Public,https://formation-distance.csspi.ca/,761000,Centre de services scolaire de la Pointe-de-l'Île,-73.591928,45.580061,Formation professionnelle,Franco,514 353-3355
,762001,École Philippe-Labarre,École Philippe-Labarre,"3125, avenue Fletcher",,66023,Montréal,V,H1L4E2,1,1,0,0,0,École,Public,https://philippe-labarre.cssdm.gouv.qc.ca/,762000,Centre de services scolaire de Montréal,-73.523155,45.610519,Préscolaire - Primaire,Franco,514 596-4920
,762002,École Armand-Lavergne,École Armand-Lavergne,"2600, avenue Fletcher",,66023,Montréal,V,H1L4C5,1,1,0,0,0,École,Public,https://armand-lavergne.cssdm.gouv.qc.ca/,762000,Centre de services scolaire de Montréal,-73.517469,45.60873,Préscolaire - Primaire,Franco,514 596-5115
,762003,École Saint-Justin,École Saint-Justin,"5005, rue Mousseau",,66023,Montréal,V,H1K2V8,1,1,0,0,0,École,Public,https://st-justin.cssdm.gouv.qc.ca/,762000,Centre de services scolaire de Montréal,-73.532635,45.606432,Préscolaire - Primaire,Franco,514 596-5040
,762005,École La Vérendrye,École La Vérendrye,"3055, rue Mousseau",,66023,Montréal,V,H1L4W1,1,1,0,0,0,École,Public,https://la-verendrye.cssdm.gouv.qc.ca/,762000,Centre de services scolaire de Montréal,-73.526198,45.604526,Préscolaire - Primaire,Franco,514 596-4845
,762009,École Sainte-Claire,École Sainte-Claire,"8500, rue Sainte-Claire",,66023,Montréal,V,H1L1X7,1,1,0,0,0,École,Public,https://ste-claire.cssdm.gouv.qc.ca/,762000,Centre de services scolaire de Montréal,-73.52485,45.600063,Préscolaire - Primaire,Franco,514 596-4944
,762010,École Sainte-Louise-de-Marillac,École Sainte-Louise-de-Marillac,"8100, rue de Marseille",,66023,Montréal,V,H1L1P3,1,1,0,0,0,École,Public,https://ste-louise-de-marillac.cssdm.gouv.qc.ca/,762000,Centre de services scolaire de Montréal,-73.529309,45.596823,Préscolaire - Primaire,Franco,514 596-5044
,762012,École Saint-François-d'Assise,École Saint-François-d'Assise,"2150, rue Liébert",,66023,Montréal,V,H1L5R1,1,1,0,0,0,École,Public,https://st-francois-dassise.cssdm.gouv.qc.ca/,762000,Centre de services scolaire de Montréal,-73.518567,45.593819,Préscolaire - Primaire,Franco,514 596-5032
,762013,École Boucher-De La Bruère,École Boucher-De La Bruère,"7760, rue La Fontaine",,66023,Montréal,V,H1L3H2,1,1,0,0,0,École,Public,https://boucher-delabruere.cssdm.gouv.qc.ca/,762000,Centre de services scolaire de Montréal,-73.513347,45.588094,Préscolaire - Primaire,Franco,514 596-4889
,762014,École Saint-Donat,École Saint-Donat,"3155, rue Desautels",,66023,Montréal,V,H1N3B8,1,1,0,0,0,École,Public,https://st-donat.cssdm.gouv.qc.ca/,762000,Centre de services scolaire de Montréal,-73.539426,45.5837,Préscolaire - Primaire,Franco,514 596-5037
,762015,École Saint-Fabien,École Saint-Fabien,"6500, avenue De Renty",,66023,Montréal,V,H1M1M4,1,1,0,0,0,École,Public,https://st-fabien.cssdm.gouv.qc.ca/,762000,Centre de services scolaire de Montréal,-73.550177,45.58321,Préscolaire - Primaire,Franco,514 596-4883
,762017,École Louis-Dupire,École Louis-Dupire,"6400, avenue Pierre-De Coubertin",,66023,Montréal,V,H1N1S4,1,1,0,0,0,École,Public,https://louis-dupire.cssdm.gouv.qc.ca/,762000,Centre de services scolaire de Montréal,-73.535617,45.577763,Préscolaire - Primaire,Franco,514 596-5136
,762019,École Guillaume-Couture,École Guillaume-Couture,"6300, avenue Albani",,66023,Montréal,V,H1M2R8,1,1,0,0,0,École,Public,https://guillaume-couture.cssdm.gouv.qc.ca/,762000,Centre de services scolaire de Montréal,-73.560433,45.583409,Préscolaire - Primaire,Franco,514 596-4871
,762022,École Notre-Dame-des-Victoires,École Notre-Dame-des-Victoires,"2720, rue Bossuet",,66023,Montréal,V,H1N2S6,1,1,0,0,0,École,Public,https://notre-dame-des-victoires.cssdm.gouv.qc.ca/,762000,Centre de services scolaire de Montréal,-73.540189,45.573802,Préscolaire - Primaire,Franco,514 596-5111
,762023,École Alphonse-Desjardins,École Alphonse-Desjardins,"6600, rue Lemay",,66023,Montréal,V,H1T2L7,1,1,0,0,0,École,Public,https://alphonse-desjardins.cssdm.gouv.qc.ca/,762000,Centre de services scolaire de Montréal,-73.57011,45.577368,Préscolaire - Primaire,Franco,514 596-4868
,762024,École Notre-Dame-du-Foyer,École Notre-Dame-du-Foyer,"5955, 41e Avenue",,66023,Montréal,V,H1T2T7,1,1,0,0,0,École,Public,https://notre-dame-du-foyer.cssdm.gouv.qc.ca/,762000,Centre de services scolaire de Montréal,-73.565069,45.572395,Préscolaire - Primaire,Franco,514 596-5133
,762025,École Saint-Clément,École Saint-Clément,"4770, rue La Fontaine",,66023,Montréal,V,H1V1R3,1,1,0,0,0,École,Public,https://st-clement.cssdm.gouv.qc.ca/,762000,Centre de services scolaire de Montréal,-73.533938,45.556455,Préscolaire - Primaire,Franco,514 596-5080
,762028,École Maisonneuve,École Maisonneuve,1680 avenue Morgan,,66023,Montréal,V,H1V2P9,1,1,0,0,0,École,Public,https://maisonneuve.cssdm.gouv.qc.ca/,762000,Centre de services scolaire de Montréal,-73.536484,45.552135,Préscolaire - Primaire,Franco,514 596-5442
,762029,École des Monarques,École des Monarques,"6455, 27e Avenue",,66023,Montréal,V,H1T3J8,1,1,0,0,0,École,Public,https://des-monarques.cssdm.gouv.qc.ca/,762000,Centre de services scolaire de Montréal,-73.575809,45.565415,Préscolaire - Primaire,Franco,514 596-5055
,762032,École Saint-Jean-Baptiste-de-la-Salle,École Saint-Jean-Baptiste-de-la-Salle,"2355, boulevard Pie-IX",,66023,Montréal,V,H1V2E6,1,1,0,0,0,École,Public,https://st-jean-baptiste-de-la-salle.cssdm.gouv.qc.ca/,762000,Centre de services scolaire de Montréal,-73.546324,45.552143,Préscolaire - Primaire,Franco,514 596-5130
,762033,École Saint-Nom-de-Jésus,École Saint-Nom-de-Jésus,"4131, rue Adam",,66023,Montréal,V,H1V1S8,1,1,0,0,0,École,Public,https://st-nom-de-jesus.cssdm.gouv.qc.ca/,762000,Centre de services scolaire de Montréal,-73.537271,45.54931,Préscolaire - Primaire,Franco,514 596-4929
,762034,École Bienville,École Bienville,"9275, 25e Avenue",,66023,Montréal,V,H1Z4E2,1,1,0,0,0,École,Public,https://bienville.cssdm.gouv.qc.ca/,762000,Centre de services scolaire de Montréal,-73.622568,45.583353,Préscolaire - Primaire,Franco,514 596-5181
,762035,École Sainte-Jeanne-d'Arc,École Sainte-Jeanne-d'Arc,"3700, rue Sherbrooke Est",,66023,Montréal,V,H1X1Z8,1,1,0,0,0,École,Public,https://ste-jeanne-darc.cssdm.gouv.qc.ca/,762000,Centre de services scolaire de Montréal,-73.554424,45.549194,Préscolaire - Primaire,Franco,514 596-4848
,762036,École Saint-Noël-Chabanel,"École Saint-Noël-Chabanel, pavillon des Bâtisseurs","8801, 25e Avenue",,66023,Montréal,V,H1Z4B4,1,1,0,0,0,École,Public,https://st-noel-chabanel.cssdm.gouv.qc.ca/,762000,Centre de services scolaire de Montréal,-73.613307,45.579088,Préscolaire - Primaire,Franco,514 596-5494
,762039,École Léonard-De Vinci,École Léonard-De Vinci,"7575, 19e Avenue",,66023,Montréal,V,H2A2M2,1,1,0,0,0,École,Public,https://leonard-de-vinci.cssdm.gouv.qc.ca/,762000,Centre de services scolaire de Montréal,-73.599256,45.567421,Préscolaire - Primaire,Franco,514 596-4924
,762040,École Saint-Albert-le-Grand,École Saint-Albert-le-Grand,"5050, 18e Avenue",,66023,Montréal,V,H1X2N9,1,1,0,0,0,École,Public,https://st-albert-le-grand.cssdm.gouv.qc.ca/,762000,Centre de services scolaire de Montréal,-73.56579,45.554245,Préscolaire - Primaire,Franco,514 596-4008
,762041,École Baril,École Baril,"3603, rue Adam",,66023,Montréal,V,H1W1Z1,1,1,0,0,0,École,Public,https://baril.cssdm.gouv.qc.ca/,762000,Centre de services scolaire de Montréal,-73.541319,45.544233,Préscolaire - Primaire,Franco,514 596-5070
,762043,École Sainte-Bernadette-Soubirous,École Sainte-Bernadette-Soubirous,"6855, 16e Avenue",,66023,Montréal,V,H1X2T5,1,1,0,0,0,École,Public,https://ste-bernadette-soubirous.cssdm.gouv.qc.ca/,762000,Centre de services scolaire de Montréal,-73.588803,45.560492,Préscolaire - Primaire,Franco,514 596-4166
,762044,École Saint-François-Solano,École Saint-François-Solano,"3580, rue Dandurand",,66023,Montréal,V,H1X1N6,1,1,0,0,0,École,Public,https://st-francois-solano.cssdm.gouv.qc.ca/,762000,Centre de services scolaire de Montréal,-73.573463,45.554924,Préscolaire - Primaire,Franco,514 596-4966
,762045,École Sainte-Bibiane,École Sainte-Bibiane,"5755, 13e Avenue",,66023,Montréal,V,H1X2Y3,1,1,0,0,0,École,Public,https://ste-bibiane.cssdm.gouv.qc.ca/,762000,Centre de services scolaire de Montréal,-73.577471,45.554031,Préscolaire - Primaire,Franco,514 596-4861
,762046,École Rose-des-Vents,École Rose-des-Vents,"3000, rue Beaubien Est ",,66023,Montréal,V,H1Y1H2,1,1,0,0,0,École,Public,https://rose-des-vents.cssdm.gouv.qc.ca/,762000,Centre de services scolaire de Montréal,-73.587523,45.552503,Préscolaire - Primaire,Franco,514 596-6900
,762048,École Saint-Émile,École Saint-Émile,"5937, 9e Avenue",,66023,Montréal,V,H1Y2K4,1,1,0,0,0,École,Public,https://st-emile.cssdm.gouv.qc.ca/,762000,Centre de services scolaire de Montréal,-73.582464,45.552632,Préscolaire - Primaire,Franco,514 596-5050
,762049,École Notre-Dame-de-l'Assomption,École Notre-Dame-de-l'Assomption,"2430, rue Darling",,66023,Montréal,V,H1W2X1,1,1,0,0,0,École,Public,https://notre-dame-de-lassomption.cssdm.gouv.qc.ca/,762000,Centre de services scolaire de Montréal,-73.552204,45.543805,Préscolaire - Primaire,Franco,514 596-5046
,762051,École Saint-Antoine-Marie-Claret,École Saint-Antoine-Marie-Claret,"10600, avenue Larose",,66023,Montréal,V,H2B2Z3,1,1,0,0,0,École,Public,https://st-antoine-marie-claret.cssdm.gouv.qc.ca/,762000,Centre de services scolaire de Montréal,-73.649713,45.579622,Préscolaire - Primaire,Franco,514 596-5435
,762053,École Atelier,École Atelier,"10055, rue Jean-Jacques-Gagnier",,66023,Montréal,V,H2B2Z7,1,1,0,0,0,École,Public,https://atelier.cssdm.gouv.qc.ca/,762000,Centre de services scolaire de Montréal,-73.641071,45.577482,Préscolaire - Primaire,Franco,514 596-5570
,762054,École Sainte-Lucie,École Sainte-Lucie,"8901, boulevard St-Michel",,66023,Montréal,V,H1Z3G3,1,1,0,0,0,École,Public,https://ste-lucie.cssdm.gouv.qc.ca/,762000,Centre de services scolaire de Montréal,-73.625356,45.570971,Préscolaire - Primaire,Franco,514 596-5550
,762055,École Montcalm,École Montcalm,"8800, 12e Avenue",,66023,Montréal,V,H1Z3J3,1,1,0,0,0,École,Public,https://montcalm.cssdm.gouv.qc.ca/,762000,Centre de services scolaire de Montréal,-73.622462,45.569909,Préscolaire - Primaire,Franco,514 596-5330
,762056,École Sans-Frontières,École Sans-Frontières,"5937, 9e Avenue",,66023,Montréal,V,H1Y2K4,1,1,0,0,0,École,Public,https://sans-frontieres.cssdm.gouv.qc.ca/,762000,Centre de services scolaire de Montréal,-73.582464,45.552632,Préscolaire - Primaire,Franco,514 596-5546
,762058,École Saint-Jean-de-la-Lande,École Saint-Jean-de-la-Lande,"3120, avenue Laurier Est",,66023,Montréal,V,H1Y1Z6,1,1,0,0,0,École,Public,https://st-jean-de-la-lande.cssdm.gouv.qc.ca/,762000,Centre de services scolaire de Montréal,-73.570137,45.548123,Préscolaire - Primaire,Franco,514 596-5007
,762059,"Ecole Marie-Rivier, pavillon Louvain","École Marie-Rivier, pavillon Louvain","9200, 8e Avenue",,66023,Montréal,V,H1Z2Y5,1,1,0,0,0,École,Public,https://marie-rivier.cssdm.gouv.qc.ca/,762000,Centre de services scolaire de Montréal,-73.631279,45.570718,Préscolaire - Primaire,Franco,514 596-5340
,762061,École Saint-Bernardin,École Saint-Bernardin,"2950, rue Jarry Est",,66023,Montréal,V,H1Z2C8,1,1,0,0,0,École,Public,https://st-bernardin.cssdm.gouv.qc.ca/,762000,Centre de services scolaire de Montréal,-73.610825,45.561319,Préscolaire - Primaire,Franco,514 596-5020
,762063,École Saint-Mathieu,École Saint-Mathieu,"7230, 8e Avenue",,66023,Montréal,V,H2A3C7,1,1,0,0,0,École,Public,https://st-mathieu.cssdm.gouv.qc.ca/,762000,Centre de services scolaire de Montréal,-73.600415,45.556964,Préscolaire - Primaire,Franco,514 596-5120
,762064,École Saint-Jean-de-Brébeuf,École Saint-Jean-de-Brébeuf,"2870, rue Dandurand",,66023,Montréal,V,H1Y1T5,1,1,0,0,0,École,Public,https://st-jean-de-brebeuf.cssdm.gouv.qc.ca/,762000,Centre de services scolaire de Montréal,-73.577527,45.548605,Préscolaire - Primaire,Franco,514 596-5122
,762065,École Saint-Marc,École Saint-Marc,"6365, 1ère Avenue",,66023,Montréal,V,H1Y3A9,1,1,0,0,0,École,Public,https://st-marc.cssdm.gouv.qc.ca/,762000,Centre de services scolaire de Montréal,-73.588595,45.549982,Préscolaire - Primaire,Franco,514 596-5022
,762068,École Saint-Anselme,École Saint-Anselme,"2743, rue de Rouen",,66023,Montréal,V,H2K1N2,1,1,0,0,0,École,Public,https://st-anselme.cssdm.gouv.qc.ca/,762000,Centre de services scolaire de Montréal,-73.555014,45.536326,Préscolaire - Primaire,Franco,514 596-5820
,762069,École Saints-Martyrs-Canadiens,École Saints-Martyrs-Canadiens,"9920, rue Parthenais",,66023,Montréal,V,H2B2L4,1,1,0,0,0,École,Public,https://sts-martyrs-canadiens.cssdm.gouv.qc.ca/,762000,Centre de services scolaire de Montréal,-73.645883,45.570368,Préscolaire - Primaire,Franco,514 596-5560
,762070,École Jean-Paul-Riopelle,École Jean-Paul-Riopelle,"2430, terrasse Mercure",,66023,Montréal,V,H2H1P2,1,1,0,0,0,École,Public,https://jean-paul-riopelle.cssdm.gouv.qc.ca/,762000,Centre de services scolaire de Montréal,-73.564796,45.536141,Préscolaire - Primaire,Franco,514 596-5880
,762071,École Saint-Barthélemy,"École Saint-Barthélemy, pavillon des Érables","7081, avenue des Érables",,66023,Montréal,V,H2E2R1,1,1,0,0,0,École,Public,https://st-barthelemy.cssdm.gouv.qc.ca/,762000,Centre de services scolaire de Montréal,-73.602671,45.55033,Préscolaire - Primaire,Franco,514 596-4877
,762074,École Jean-Baptiste-Meilleur,École Jean-Baptiste-Meilleur,"2237, rue Fullum",,66023,Montréal,V,H2K3P1,1,1,0,0,0,École,Public,https://jean-baptiste-meilleur.cssdm.gouv.qc.ca/,762000,Centre de services scolaire de Montréal,-73.557801,45.53233,Préscolaire - Primaire,Franco,514 596-5830
,762075,École La Visitation,École La Visitation,"10591, rue Séguin",,66023,Montréal,V,H2B2B8,1,1,0,0,0,École,Public,https://la-visitation.cssdm.gouv.qc.ca/,762000,Centre de services scolaire de Montréal,-73.656358,45.570859,Préscolaire - Primaire,Franco,514 596-5295
,762076,École Saint-Grégoire-le-Grand,École Saint-Grégoire-le-Grand,"7950, rue Cartier",,66023,Montréal,V,H2E2K2,1,1,0,0,0,École,Public,https://st-gregoire-le-grand.cssdm.gouv.qc.ca/,762000,Centre de services scolaire de Montréal,-73.616827,45.552692,Préscolaire - Primaire,Franco,514 596-4916
,762077,École Madeleine-de-Verchères,École Madeleine-de-Verchères,"6017, rue Cartier",,66023,Montréal,V,H2G2V4,1,1,0,0,0,École,Public,https://madeleine-de-vercheres.cssdm.gouv.qc.ca/,762000,Centre de services scolaire de Montréal,-73.592014,45.542124,Préscolaire - Primaire,Franco,514 596-4969
,762079,École Saint-Pierre-Claver,École Saint-Pierre-Claver,"2110, boulevard Saint-Joseph Est",,66023,Montréal,V,H2H1E7,1,1,0,0,0,École,Public,https://st-pierre-claver.cssdm.gouv.qc.ca/,762000,Centre de services scolaire de Montréal,-73.576424,45.537465,Préscolaire - Primaire,Franco,514 596-5700
,762080,École Champlain,École Champlain,"2260, rue Logan",,66023,Montréal,V,H2K4K7,1,1,0,0,0,École,Public,https://champlain.cssdm.gouv.qc.ca/,762000,Centre de services scolaire de Montréal,-73.5511,45.528052,Préscolaire - Primaire,Franco,514 596-5910
,762081,École Élan,École Élan,"3450, avenue De Lorimier",,66023,Montréal,V,H2K3X6,1,1,0,0,0,École,Public,https://elan.cssdm.gouv.qc.ca/,762000,Centre de services scolaire de Montréal,-73.564099,45.530751,Préscolaire - Primaire,Franco,514 596-7299
,762082,École Saint-Isaac-Jogues,École Saint-Isaac-Jogues,"9355, avenue De Galinée",,66023,Montréal,V,H2M2A7,1,1,0,0,0,École,Public,https://st-isaac-jogues.cssdm.gouv.qc.ca/,762000,Centre de services scolaire de Montréal,-73.642972,45.559411,Préscolaire - Primaire,Franco,514 596-5454
,762084,École Saint-Gabriel-Lalemant,École Saint-Gabriel-Lalemant,"7350, rue Garnier",,66023,Montréal,V,H2E2A3,1,1,0,0,0,École,Public,https://st-gabriel-lalemant.cssdm.gouv.qc.ca/,762000,Centre de services scolaire de Montréal,-73.611578,45.547038,Préscolaire - Primaire,Franco,514 596-4994
,762085,École Garneau,École Garneau,"1808, avenue Papineau",,66023,Montréal,V,H2K4J1,1,1,0,0,0,École,Public,https://garneau.cssdm.gouv.qc.ca/,762000,Centre de services scolaire de Montréal,-73.557629,45.524559,Préscolaire - Primaire,Franco,514 596-5808
,762086,École Saint-Ambroise,École Saint-Ambroise,"6555, rue De Normanville",,66023,Montréal,V,H2S2B8,1,1,0,0,0,École,Public,https://st-ambroise.cssdm.gouv.qc.ca/,762000,Centre de services scolaire de Montréal,-73.601346,45.540262,Préscolaire - Primaire,Franco,514 596-4940
,762087,École Paul-Bruchési,École Paul-Bruchési,"1310, boulevard Saint-Joseph Est",,66023,Montréal,V,H2J1M2,1,1,0,0,0,École,Public,https://paul-bruchesi.cssdm.gouv.qc.ca/,762000,Centre de services scolaire de Montréal,-73.581845,45.532153,Préscolaire - Primaire,Franco,514 596-5845
,762089,École Lanaudière,École Lanaudière,"4300, rue De Lanaudière",,66023,Montréal,V,H2J3N9,1,1,0,0,0,École,Public,https://lanaudiere.cssdm.gouv.qc.ca/,762000,Centre de services scolaire de Montréal,-73.574505,45.528738,Préscolaire - Primaire,Franco,514 596-5835
,762090,École Le Plateau,École Le Plateau,"3700, avenue Calixa-Lavallée",,66023,Montréal,V,H2L3A8,0,1,0,0,0,École,Public,https://le-plateau.cssdm.gouv.qc.ca/,762000,Centre de services scolaire de Montréal,-73.567746,45.52499,Primaire,Franco,514 596-5950
,762091,École Marguerite-Bourgeoys,École Marguerite-Bourgeoys,"2070, rue Plessis",,66023,Montréal,V,H2L2Y3,1,1,0,0,0,École,Public,https://marguerite-bourgeoys.cssdm.gouv.qc.ca/,762000,Centre de services scolaire de Montréal,-73.562042,45.52368,Préscolaire - Primaire,Franco,514 596-5810
,762092,École Louis-Colin,École Louis-Colin,"10122, boulevard Olympia",,66023,Montréal,V,H2C2V9,1,1,0,0,0,École,Public,https://louis-colin.cssdm.gouv.qc.ca/,762000,Centre de services scolaire de Montréal,-73.654838,45.560799,Préscolaire - Primaire,Franco,514 596-5320
,762094,École Marie-Favery,École Marie-Favery,"7750, avenue Christophe-Colomb",,66023,Montréal,V,H2R2S9,1,1,0,0,0,École,Public,https://marie-favery.cssdm.gouv.qc.ca/,762000,Centre de services scolaire de Montréal,-73.620456,45.546069,Préscolaire - Primaire,Franco,514 596-4999
,762095,École Saint-Arsène,École Saint-Arsène,"6972, avenue Christophe-Colomb",,66023,Montréal,V,H2S2H5,1,1,0,0,0,École,Public,https://st-arsene.cssdm.gouv.qc.ca/,762000,Centre de services scolaire de Montréal,-73.610281,45.541366,Préscolaire - Primaire,Franco,514 596-5011
,762096,École Saint-Étienne,École Saint-Étienne,"5959, avenue Christophe-Colomb",,66023,Montréal,V,H2S2G3,1,1,0,0,0,École,Public,https://st-etienne.cssdm.gouv.qc.ca/,762000,Centre de services scolaire de Montréal,-73.596473,45.536091,Préscolaire - Primaire,Franco,514 596-5165
,762097,École Arc-en-Ciel,École Arc-en-Ciel,"4265, avenue Laval",,66023,Montréal,V,H2W2J6,1,1,0,0,0,École,Public,https://arc-en-ciel.cssdm.gouv.qc.ca/,762000,Centre de services scolaire de Montréal,-73.580669,45.520933,Préscolaire - Primaire,Franco,514 350-8860
,762098,École Louis-Hippolyte-Lafontaine,École Louis-Hippolyte-Lafontaine,"4245, rue Berri",,66023,Montréal,V,H2J2P9,1,1,0,0,0,École,Public,https://louis-hippolyte-lafontaine.cssdm.gouv.qc.ca/,762000,Centre de services scolaire de Montréal,-73.577915,45.523364,Préscolaire - Primaire,Franco,514 596-5737
,762100,École Saint-Paul-de-la-Croix,École Saint-Paul-de-la-Croix,"10495, avenue Georges-Baril",,66023,Montréal,V,H2C2N1,1,1,0,0,0,École,Public,https://st-paul-de-la-croix.cssdm.gouv.qc.ca/,762000,Centre de services scolaire de Montréal,-73.661316,45.559468,Préscolaire - Primaire,Franco,514 596-5505
,762101,"École Fernand-Seguin, pav. H.-Reeves","École Fernand-Seguin, pavillon Hubert-Reeves","10050, avenue Durham",,66023,Montréal,V,H2C2G4,1,1,0,0,0,École,Public,https://fernand-seguin.cssdm.gouv.qc.ca/,762000,Centre de services scolaire de Montréal,-73.657357,45.55448,Préscolaire - Primaire,Franco,514 596-5200
,762102,École Christ-Roi,École Christ-Roi,"525, rue de Louvain Est",,66023,Montréal,V,H2M1A1,1,1,0,0,0,École,Public,https://christ-roi.cssdm.gouv.qc.ca/,762000,Centre de services scolaire de Montréal,-73.651709,45.550096,Préscolaire - Primaire,Franco,514 596-5194
,762103,École Laurier,École Laurier,"505, avenue Laurier",,66023,Montréal,V,H2J1E9,1,1,0,0,0,École,Public,https://laurier.cssdm.gouv.qc.ca/,762000,Centre de services scolaire de Montréal,-73.588679,45.528427,Préscolaire - Primaire,Franco,514 596-5770
,762104,École Saint-Gérard,École Saint-Gérard,"505, rue de Liège Est",,66023,Montréal,V,H2P1J9,1,1,0,0,0,École,Public,https://st-gerard.cssdm.gouv.qc.ca/,762000,Centre de services scolaire de Montréal,-73.635085,45.545301,Préscolaire - Primaire,Franco,514 596-5450
,762105,École La Mennais,École La Mennais,"6521, rue Saint-Denis",,66023,Montréal,V,H2S2S1,1,1,0,0,0,École,Public,https://la-mennais.cssdm.gouv.qc.ca/,762000,Centre de services scolaire de Montréal,-73.605613,45.534815,Préscolaire - Primaire,Franco,514 596-5288
,762106,École Hélène-Boullé,École Hélène-Boullé,"8050, avenue De Gaspé",,66023,Montréal,V,H2R2A7,1,1,0,0,0,École,Public,https://helene-boulle.cssdm.gouv.qc.ca/,762000,Centre de services scolaire de Montréal,-73.629504,45.540135,Préscolaire - Primaire,Franco,514 596-5275
,762107,École Sainte-Cécile,École Sainte-Cécile,"7230, avenue De Gaspé",,66023,Montréal,V,H2R1Z6,1,1,0,0,0,École,Public,https://ste-cecile.cssdm.gouv.qc.ca/,762000,Centre de services scolaire de Montréal,-73.61782,45.536818,Préscolaire - Primaire,Franco,514 596-5530
,762110,"École La Petite-Patrie, pav. NDD","École La Petite-Patrie, pavillon Notre-Dame-de-la-Défense","6841, avenue Henri-Julien",,66023,Montréal,V,H2S2V3,1,1,0,0,0,École,Public,https://la-petite-patrie.cssdm.gouv.qc.ca/,762000,Centre de services scolaire de Montréal,-73.611223,45.535456,Préscolaire - Primaire,Franco,514 596-5480
,762111,École Saint-Enfant-Jésus,École Saint-Enfant-Jésus,"75, rue Villeneuve Est",,66023,Montréal,V,H2T1L1,1,1,0,0,0,École,Public,https://st-enfant-jesus.cssdm.gouv.qc.ca/,762000,Centre de services scolaire de Montréal,-73.589409,45.522546,Préscolaire - Primaire,Franco,514 350-8846
,762114,École au Pied-de-la-Montagne,"École au Pied-de-la-Montagne, pavillon Jean-Jacques-Olier","311, avenue des Pins Est",,66023,Montréal,V,H2W1P5,1,1,0,0,0,École,Public,https://au-pied-de-la-montagne.cssdm.gouv.qc.ca/,762000,Centre de services scolaire de Montréal,-73.572916,45.518256,Préscolaire - Primaire,Franco,514 350-8840
,762115,École Lambert-Closse,École Lambert-Closse,"5840, rue Saint-Urbain",,66023,Montréal,V,H2T2X5,1,1,0,0,0,École,Public,https://lambert-closse.cssdm.gouv.qc.ca/,762000,Centre de services scolaire de Montréal,-73.604201,45.526105,Préscolaire - Primaire,Franco,514 596-5890
,762117,École Ahuntsic,École Ahuntsic,"10085, avenue Durham",,66023,Montréal,V,H2C2G3,1,1,0,0,0,École,Public,https://ahuntsic.cssdm.gouv.qc.ca/,762000,Centre de services scolaire de Montréal,-73.656819,45.554705,Préscolaire - Primaire,Franco,514 596-5167
,762119,École Saint-André-Apôtre,École Saint-André-Apôtre,"215, rue Prieur Ouest",,66023,Montréal,V,H3L1R7,1,1,0,0,0,École,Public,https://st-andre-apotre.cssdm.gouv.qc.ca/,762000,Centre de services scolaire de Montréal,-73.670384,45.546443,Préscolaire - Primaire,Franco,514 596-5366
,762120,École Saint-Simon-Apôtre,École Saint-Simon-Apôtre,"195, rue De Beauharnois Ouest",,66023,Montréal,V,H2N1K1,1,1,0,0,0,École,Public,https://st-simon-apotre.cssdm.gouv.qc.ca/,762000,Centre de services scolaire de Montréal,-73.647493,45.539492,Préscolaire - Primaire,Franco,514 596-5520
,762121,École Saint-Benoît,École Saint-Benoît,"500, avenue du Mont-Cassin",,66023,Montréal,V,H3L1W6,1,1,0,0,0,École,Public,https://st-benoit.cssdm.gouv.qc.ca/,762000,Centre de services scolaire de Montréal,-73.667372,45.54157,Préscolaire - Primaire,Franco,514 596-5206
,762122,École Barclay,École Barclay,"7941, avenue Wiseman",,66023,Montréal,V,H3N2P2,1,1,0,0,0,École,Public,https://barclay.cssdm.gouv.qc.ca/,762000,Centre de services scolaire de Montréal,-73.635188,45.529006,Préscolaire - Primaire,Franco,514 596-4533
,762124,École Camille-Laurin,École Camille-Laurin,"8000, avenue de l'Épée",,66023,Montréal,V,H3N2E9,1,0,0,0,0,École,Public,https://camille-laurin.cssdm.gouv.qc.ca/,762000,Centre de services scolaire de Montréal,-73.634181,45.530636,Préscolaire,Franco,514 596-5175
,762127,École Face,École FACE,"3449, rue University",,66023,Montréal,V,H3A2A8,1,1,1,0,0,École,Public,https://face.cssdm.gouv.qc.ca/,762000,Centre de services scolaire de Montréal,-73.574787,45.506197,Préscolaire - Primaire - Secondaire,Franco,514 350-8899
,762128,École Barthélemy-Vimont,École Barthélemy-Vimont,"415, rue Saint-Roch",,66023,Montréal,V,H3N1K2,0,1,0,0,0,École,Public,https://barthelemy-vimont.cssdm.gouv.qc.ca/,762000,Centre de services scolaire de Montréal,-73.628729,45.531496,Primaire,Franco,514 596-4572
,762129,École De la Petite-Bourgogne,École De la Petite-Bourgogne,"555, rue des Seigneurs",,66023,Montréal,V,H3J1Y1,1,1,0,0,0,École,Public,https://petite-bourgogne.cssdm.gouv.qc.ca/,762000,Centre de services scolaire de Montréal,-73.569961,45.488707,Préscolaire - Primaire,Franco,514 596-5730
,762130,École Charles-Lemoyne,École Charles-Lemoyne,"2001, rue Mullins",,66023,Montréal,V,H3K1N9,1,1,0,0,0,École,Public,https://charles-lemoyne.cssdm.gouv.qc.ca/,762000,Centre de services scolaire de Montréal,-73.561809,45.481054,Préscolaire - Primaire,Franco,514 596-5684
,762131,École Jeanne-LeBer,École Jeanne-LeBer,"2120, rue Favard",,66023,Montréal,V,H3K1Z7,1,1,0,0,0,École,Public,https://jeanne-leber.cssdm.gouv.qc.ca/,762000,Centre de services scolaire de Montréal,-73.556261,45.477278,Préscolaire - Primaire,Franco,514 596-5788
,762132,École François-de-Laval,École François-de-Laval,"12050, avenue Bois-de-Boulogne",,66023,Montréal,V,H3M2X9,1,1,0,0,0,École,Public,https://francois-de-laval.cssdm.gouv.qc.ca/,762000,Centre de services scolaire de Montréal,-73.695897,45.542718,Préscolaire - Primaire,Franco,514 596-5540
,762134,École Félix-Leclerc,École Félix-Leclerc,"6055, avenue Darlington",,66023,Montréal,V,H3S2H9,1,1,0,0,0,École,Public,https://felix-leclerc.cssdm.gouv.qc.ca/,762000,Centre de services scolaire de Montréal,-73.623811,45.507747,Préscolaire - Primaire,Franco,514 736-8130
,762135,École Bedford,École Bedford,"3131, rue Goyer",,66023,Montréal,V,H3S1H7,1,1,0,0,0,École,Public,https://bedford.cssdm.gouv.qc.ca/,762000,Centre de services scolaire de Montréal,-73.63346,45.507385,Préscolaire - Primaire,Franco,514 731-3505
,762137,École Saint-Léon-de-Westmount,École Saint-Léon-de-Westmount,"360, avenue Clarke",,66032,Westmount,V,H3Z2E6,1,1,0,0,0,École,Public,https://st-leon-de-westmount.cssdm.gouv.qc.ca/,762000,Centre de services scolaire de Montréal,-73.592861,45.485748,Préscolaire - Primaire,Franco,514 596-5720
,762139,École Victor-Rousselot,École Victor-Rousselot,"3525, rue Sainte-Émilie",,66023,Montréal,V,H4C1Z3,1,1,0,0,0,École,Public,https://victor-rousselot.cssdm.gouv.qc.ca/,762000,Centre de services scolaire de Montréal,-73.579236,45.479613,Préscolaire - Primaire,Franco,514 596-5750
,762140,École Ludger-Duvernay,École Ludger-Duvernay,"770, rue du Couvent",,66023,Montréal,V,H4C2R6,1,1,0,0,0,École,Public,https://ludger-duvernay.cssdm.gouv.qc.ca/,762000,Centre de services scolaire de Montréal,-73.586167,45.478501,Préscolaire - Primaire,Franco,514 596-5666
,762142,École Notre-Dame-des-Neiges,École Notre-Dame-des-Neiges,"5309, chemin de la Côte-des-Neiges",,66023,Montréal,V,H3T1Y4,1,1,0,0,0,École,Public,https://notre-dame-des-neiges.cssdm.gouv.qc.ca/,762000,Centre de services scolaire de Montréal,-73.622009,45.496708,Préscolaire - Primaire,Franco,514 736-8120
,762144,École Lucille-Teasdale,École Lucille-Teasdale,"3975, rue Bouchette",,66023,Montréal,V,H3S2X1,1,1,0,0,0,École,Public,https://lucille-teasdale.cssdm.gouv.qc.ca/,762000,Centre de services scolaire de Montréal,-73.639674,45.499996,Préscolaire - Primaire,Franco,514 596-8900
,762145,École Gilles-Vigneault,École Gilles-Vigneault,"11400, avenue De Poutrincourt",,66023,Montréal,V,H3M1Z7,1,1,0,0,0,École,Public,https://gilles-vigneault.cssdm.gouv.qc.ca/,762000,Centre de services scolaire de Montréal,-73.691976,45.531588,Préscolaire - Primaire,Franco,514 596-5298
,762146,École Sainte-Odile,École Sainte-Odile,"12055, rue Dépatie",,66023,Montréal,V,H4J1W9,1,1,0,0,0,École,Public,https://ste-odile.cssdm.gouv.qc.ca/,762000,Centre de services scolaire de Montréal,-73.706787,45.534586,Préscolaire - Primaire,Franco,514 596-5565
,762147,École Alice-Parizeau,École Alice-Parizeau,"11715, rue Filion",,66023,Montréal,V,H4J1T2,1,1,0,0,0,École,Public,https://alice-parizeau.cssdm.gouv.qc.ca/,762000,Centre de services scolaire de Montréal,-73.697157,45.530419,Préscolaire - Primaire,Franco,514 596-7330
,762149,École Saint-Pascal-Baylon,École Saint-Pascal-Baylon,"6320, chemin de la Côte-des-Neiges",,66023,Montréal,V,H3S2A4,1,1,0,0,0,École,Public,https://st-pascal-baylon.cssdm.gouv.qc.ca/,762000,Centre de services scolaire de Montréal,-73.634661,45.501454,Préscolaire - Primaire,Franco,514 736-8100
,762150,École Simonne-Monet,École Simonne-Monet,"3850, avenue Dupuis",,66023,Montréal,V,H3T1E6,1,1,0,0,0,École,Public,https://simonne-monet.cssdm.gouv.qc.ca/,762000,Centre de services scolaire de Montréal,-73.62742,45.496252,Préscolaire - Primaire,Franco,514 736-8140
,762151,École Louisbourg,École Louisbourg,"11880, rue Michel-Sarrazin",,66023,Montréal,V,H4J2G7,1,1,0,0,0,École,Public,https://louisbourg.cssdm.gouv.qc.ca/,762000,Centre de services scolaire de Montréal,-73.710182,45.526823,Préscolaire - Primaire,Franco,514 596-5359
,762152,École des Nations,École des Nations,"4860, rue Vézina",,66023,Montréal,V,H3W1C1,1,1,0,0,0,École,Public,https://des-nations.cssdm.gouv.qc.ca/,762000,Centre de services scolaire de Montréal,-73.64363,45.495873,Préscolaire - Primaire,Franco,514 736-1537
,762153,École du Petit-Chapiteau,École du Petit-Chapiteau,"4890, avenue Carlton",,66023,Montréal,V,H3W1G6,1,1,0,0,0,École,Public,https://petit-chapiteau.cssdm.gouv.qc.ca/,762000,Centre de services scolaire de Montréal,-73.640273,45.494005,Préscolaire - Primaire,Franco,514 736-8192
,762154,École Saint-Zotique,École Saint-Zotique,"4841, avenue Palm",,66023,Montréal,V,H4C1Y1,1,1,0,0,0,École,Public,https://st-zotique.cssdm.gouv.qc.ca/,762000,Centre de services scolaire de Montréal,-73.589353,45.471183,Préscolaire - Primaire,Franco,514 596-5905
,762155,École Iona,École Iona,"5000, rue Iona",,66023,Montréal,V,H3W2A2,1,1,0,0,0,École,Public,https://iona.cssdm.gouv.qc.ca/,762000,Centre de services scolaire de Montréal,-73.624624,45.484818,Préscolaire - Primaire,Franco,514 736-3535
,762156,École Notre-Dame-de-Grâce,École Notre-Dame-de-Grâce,"5435, avenue Notre-Dame-de-Grâce",,66023,Montréal,V,H4A1L2,1,1,0,0,0,École,Public,https://notre-dame-de-grace.cssdm.gouv.qc.ca/,762000,Centre de services scolaire de Montréal,-73.617627,45.475764,Préscolaire - Primaire,Franco,514 596-5676
,762158,École Étoile filante,École Étoile filante,"5619, chemin de la Côte-Saint-Antoine",,66023,Montréal,V,H4A1R5,0,1,0,0,0,École,Public,https://etoile-filante.cssdm.gouv.qc.ca/,762000,Centre de services scolaire de Montréal,-73.616968,45.472633,Primaire,Franco,514 596-5682
,762161,École des Cinq-Continents,"École des Cinq-Continents, pavillon Saint-Antonin","5325, avenue MacDonald",,66023,Montréal,V,H3X2W6,1,1,0,0,0,École,Public,https://des-cinq-continents.cssdm.gouv.qc.ca/,762000,Centre de services scolaire de Montréal,-73.636113,45.482681,Préscolaire - Primaire,Franco,514 596-5688
,762162,École Marie-de-l'Incarnation,École Marie-de-l'Incarnation,"5446, rue Angers",,66023,Montréal,V,H4E4A3,1,1,0,0,0,École,Public,https://marie-de-lincarnation.cssdm.gouv.qc.ca/,762000,Centre de services scolaire de Montréal,-73.58406,45.463952,Préscolaire - Primaire,Franco,514 732-1451
,762163,École Marc-Favreau,École Marc-Favreau,"6310, avenue Somerled",,66023,Montréal,V,H3X2B8,1,1,0,0,0,École,Public,https://marc-favreau.cssdm.gouv.qc.ca/,762000,Centre de services scolaire de Montréal,-73.635966,45.469499,Préscolaire - Primaire,Franco,514 596-3384
,762164,École N.-D.-du-Perp.-Secours,École Notre-Dame-du-Perpétuel-Secours,"6025, rue Beaulieu",,66023,Montréal,V,H4E3E7,1,1,0,0,0,École,Public,https://notre-dame-du-perpetuel-secours.cssdm.gouv.qc.ca/,762000,Centre de services scolaire de Montréal,-73.597098,45.458202,Préscolaire - Primaire,Franco,514 732-1441
,762165,École Coeur-Immaculé-de-Marie,École Coeur-Immaculé-de-Marie,"1845, boulevard Desmarchais",,66023,Montréal,V,H4E2B7,1,1,0,0,0,École,Public,https://coeur-immacule-de-marie.cssdm.gouv.qc.ca/,762000,Centre de services scolaire de Montréal,-73.589623,45.455975,Préscolaire - Primaire,Franco,514 732-1425
,762166,École Dollard-des-Ormeaux,École Dollard-des-Ormeaux,"6639, rue D'Aragon",,66023,Montréal,V,H4E3B4,1,1,0,0,0,École,Public,https://dollard-des-ormeaux.cssdm.gouv.qc.ca/,762000,Centre de services scolaire de Montréal,-73.597504,45.451577,Préscolaire - Primaire,Franco,514 732-1440
,762167,École Saint-Jean-de-Matha,École Saint-Jean-de-Matha,"6970, rue Dumas",,66023,Montréal,V,H4E3A3,1,1,0,0,0,École,Public,https://st-jean-de-matha.cssdm.gouv.qc.ca/,762000,Centre de services scolaire de Montréal,-73.596348,45.448348,Préscolaire - Primaire,Franco,514 732-1460
,762169,École Les-Enfants-du-Monde,École Les-Enfants-du-Monde,"5350, avenue Rosedale",,66023,Montréal,V,H4V2H9,1,1,0,0,0,École,Public,https://les-enfants-du-monde.cssdm.gouv.qc.ca/,762000,Centre de services scolaire de Montréal,-73.650232,45.466952,Préscolaire - Primaire,Franco,514 596-5745
,762170,École Sainte-Catherine-de-Sienne,École Sainte-Catherine-de-Sienne,"7055, avenue Somerled",,66023,Montréal,V,H4V1V8,1,1,0,0,0,École,Public,https://ste-catherine-de-sienne.cssdm.gouv.qc.ca/,762000,Centre de services scolaire de Montréal,-73.643886,45.461438,Préscolaire - Primaire,Franco,514 596-5691
,762171,École Judith-Jasmin,École Judith-Jasmin,"4575, avenue Mariette",,66023,Montréal,V,H4B2G3,1,1,0,0,0,École,Public,https://judith-jasmin.cssdm.gouv.qc.ca/,762000,Centre de services scolaire de Montréal,-73.640119,45.463033,Préscolaire - Primaire,Franco,514 596-4404
,762181,École Saint-Raymond,École Saint-Raymond,"2055, avenue d'Oxford",,66023,Montréal,V,H4A2X6,1,1,0,0,0,École,Public,https://st-raymond.cssdm.gouv.qc.ca/,762000,Centre de services scolaire de Montréal,-73.609992,45.469473,Préscolaire - Primaire,Franco,514 766-1239
,762201,École Gadbois,École Gadbois,"8305, rue Saint-André",,66023,Montréal,V,H2P1Y7,1,1,0,0,0,École,Public,https://gadbois.cssdm.gouv.qc.ca/,762000,Centre de services scolaire de Montréal,-73.628587,45.548072,Préscolaire - Primaire,Franco,514 596-4246
,762205,École Victor-Doré,École Victor-Doré,"1350, boulevard Crémazie Est",,66023,Montréal,V,H2E1A1,1,1,0,0,0,École,Public,https://victor-dore.cssdm.gouv.qc.ca/,762000,Centre de services scolaire de Montréal,-73.624715,45.551757,Préscolaire - Primaire,Franco,514 596-4300
,762207,École Charles-Bruneau,École Charles-Bruneau,"2515, rue Holt",,66023,Montréal,V,H1Y1N4,0,1,0,0,0,École,Public,https://charles-bruneau.ecoles.csmv.qc.ca/,762000,Centre de services scolaire de Montréal,-73.583453,45.545955,Primaire,Franco,514 596-4266
,762208,École Dominique-Savio,École Dominique-Savio,"9335, rue Saint-Hubert",,66023,Montréal,V,H2M1Y7,0,1,1,0,0,École,Public,https://dominique-savio.cssdm.gouv.qc.ca/,762000,Centre de services scolaire de Montréal,-73.646185,45.553369,Primaire - Secondaire,Franco,514 858-3999
,762209,École Saint-Pierre-Apôtre,École Saint-Pierre-Apôtre,"8550, rue Clark",,66023,Montréal,V,H2P2N7,1,1,0,0,0,École,Public,https://st-pierre-apotre.cssdm.gouv.qc.ca/,762000,Centre de services scolaire de Montréal,-73.639504,45.540033,Préscolaire - Primaire,Franco,514 596-4318
,762212,École Hôpital Sainte-Justine,Hôpital Sainte-Justine,"3175, chemin de la Côte-Sainte-Catherine",,66023,Montréal,V,H3T1C5,1,1,1,0,0,École,Public,https://www.cssdm.gouv.qc.ca/eleves-besoins-particuliers/service-scolaire-milieu-hospitalier/,762000,Centre de services scolaire de Montréal,-73.624946,45.503156,Préscolaire - Primaire - Secondaire,Franco,514 596-8459
,762215,École de l'Étincelle,École de l'Étincelle,"6080, avenue de l'Esplanade",,66023,Montréal,V,H2T3A3,1,1,0,0,0,École,Public,https://de-letincelle.cssdm.gouv.qc.ca/,762000,Centre de services scolaire de Montréal,-73.607991,45.526336,Préscolaire - Primaire,Franco,514 596-4800
,762217,École de la Lancée,École de la Lancée,"8147, rue Sherbrooke Est",,66023,Montréal,V,H1L1A7,0,1,1,0,0,École,Public,https://de-la-lancee.cssdm.gouv.qc.ca/,762000,Centre de services scolaire de Montréal,-73.537091,45.599475,Primaire - Secondaire,Franco,514 596-4110
,762221,École Irénée-Lussier,École Irénée-Lussier,"4420, rue Hochelaga",,66023,Montréal,V,H1V1B6,0,0,1,0,0,École,Public,https://irenee-lussier.cssdm.gouv.qc.ca/,762000,Centre de services scolaire de Montréal,-73.545772,45.555759,Secondaire,Franco,514 596-4250
,762225,École Joseph-Charbonneau,École Joseph-Charbonneau,"8200, rue Rousselot",,66023,Montréal,V,H2E1Z6,0,0,1,0,0,École,Public,https://joseph-charbonneau.cssdm.gouv.qc.ca/,762000,Centre de services scolaire de Montréal,-73.622877,45.551427,Secondaire,Franco,514 596-4350
,762226,École Henri-Julien,École Henri-Julien,"8150, rue Rousselot",,66023,Montréal,V,H2E1Z6,0,0,1,0,0,École,Public,https://henri-julien.cssdm.gouv.qc.ca/,762000,Centre de services scolaire de Montréal,-73.62185,45.550894,Secondaire,Franco,514 596-4400
,762232,Centre Dollard-Cormier,Centre Dollard-Cormier,"3530, rue Saint-Urbain",,66023,Montréal,V,H2X2N7,0,0,1,0,0,École,Public,,762000,Centre de services scolaire de Montréal,-73.572946,45.511939,Secondaire,Franco,514 982-4531
,762240,CHSLD Marie-Rollet,CHSLD Marie-Rollet,"5003, rue Saint-Zotique Est",,66023,Montréal,V,H1T1N6,0,0,1,0,0,École,Public,,762000,Centre de services scolaire de Montréal,-73.575819,45.573342,Secondaire,Franco,514 729-5581
,762248,École Le Vitrail,École Le Vitrail,"5927, rue Boyer",,66023,Montréal,V,H2S2H8,1,1,1,0,0,École,Public,https://le-vitrail.cssdm.gouv.qc.ca/,762000,Centre de services scolaire de Montréal,-73.59726,45.535093,Préscolaire - Primaire - Secondaire,Franco,514 596-4650
,762252,École Louise-Trichet,École Louise-Trichet,"2800, boulevard Lapointe",,66023,Montréal,V,H1L5M1,0,0,1,0,0,École,Public,https://louise-trichet.cssdm.gouv.qc.ca/,762000,Centre de services scolaire de Montréal,-73.525413,45.597822,Secondaire,Franco,514 596-5035
,762253,Académie Dunton,Académie Dunton,"5555, rue De Boucherville",,66023,Montréal,V,H1K4B6,0,0,1,0,0,École,Public,https://academie-dunton.cssdm.gouv.qc.ca/,762000,Centre de services scolaire de Montréal,-73.54387,45.596242,Secondaire,Franco,514 596-2028
,762254,École Louis-Riel,École Louis-Riel,"5850, avenue de Carignan",,66023,Montréal,V,H1M2V4,0,0,1,0,0,École,Public,https://louis-riel.cssdm.gouv.qc.ca/,762000,Centre de services scolaire de Montréal,-73.556067,45.583599,Secondaire,Franco,514 596-4134
,762256,École Édouard-Montpetit,École Édouard-Montpetit,"6200, avenue Pierre-De Coubertin",,66023,Montréal,V,H1N1S4,0,0,1,0,0,École,Public,https://edouard-montpetit.cssdm.gouv.qc.ca/,762000,Centre de services scolaire de Montréal,-73.535646,45.576511,Secondaire,Franco,514 596-4140
,762258,École Marguerite-De Lajemmerais,École Marguerite-De Lajemmerais,"5555, rue Sherbrooke Est",,66023,Montréal,V,H1N1A2,0,0,1,0,0,École,Public,https://marguerite-de-lajemmerais.cssdm.gouv.qc.ca/,762000,Centre de services scolaire de Montréal,-73.552128,45.571772,Secondaire,Franco,514 596-5100
,762259,École Chomedey-De Maisonneuve,École Chomedey-De Maisonneuve,"1860, avenue Morgan",,66023,Montréal,V,H1V2R2,0,0,1,0,0,École,Public,https://chomedey-de-maisonneuve.cssdm.gouv.qc.ca/,762000,Centre de services scolaire de Montréal,-73.538572,45.552611,Secondaire,Franco,514 596-4844
,762260,École Eulalie-Durocher,École Eulalie-Durocher,"2455, avenue Létourneux",,66023,Montréal,V,H1V2N9,0,0,1,0,0,École,Public,https://eulalie-durocher.cssdm.gouv.qc.ca/,762000,Centre de services scolaire de Montréal,-73.546273,45.554713,Secondaire,Franco,514 596-4949
,762262,École Joseph-François-Perrault,École Joseph-François-Perrault,"7450, rue François-Perrault",,66023,Montréal,V,H2A1L9,0,0,1,0,0,École,Public,https://joseph-francois-perrault.cssdm.gouv.qc.ca/,762000,Centre de services scolaire de Montréal,-73.600017,45.563281,Secondaire,Franco,514 596-4620
,762263,École Louis-Joseph-Papineau,École Louis-Joseph-Papineau,"2901, rue de Louvain Est",,66023,Montréal,V,H1Z1J7,0,0,1,0,0,École,Public,https://louis-joseph-papineau.cssdm.gouv.qc.ca/,762000,Centre de services scolaire de Montréal,-73.633932,45.571327,Secondaire,Franco,514 596-5353
,762264,École Pierre-Dupuy,École Pierre-Dupuy,"2000, rue Parthenais",,66023,Montréal,V,H2K3S9,0,0,1,0,0,École,Public,https://pierre-dupuy.cssdm.gouv.qc.ca/,762000,Centre de services scolaire de Montréal,-73.557682,45.529225,Secondaire,Franco,514 596-5711
,762265,École Jeanne-Mance,École Jeanne-Mance,"4240, rue de Bordeaux",,66023,Montréal,V,H2H1Z5,0,0,1,0,0,École,Public,https://jeanne-mance.cssdm.gouv.qc.ca/,762000,Centre de services scolaire de Montréal,-73.569905,45.532295,Secondaire,Franco,514 596-5815
,762267,Académie De Roberval,Académie De Roberval,"1275, rue Jarry Est",,66023,Montréal,V,H2P1W9,0,0,1,0,0,École,Public,https://academie-de-roberval.cssdm.gouv.qc.ca/,762000,Centre de services scolaire de Montréal,-73.625288,45.550218,Secondaire,Franco,514 596-5523
,762268,École Père-Marquette,École Père-Marquette,"6030, rue Marquette",,66023,Montréal,V,H2G2Y2,0,0,1,0,0,École,Public,https://pere-marquette.cssdm.gouv.qc.ca/,762000,Centre de services scolaire de Montréal,-73.593372,45.540895,Secondaire,Franco,514 596-4128
,762269,École Georges-Vanier,École Georges-Vanier,"1205, rue Jarry Est",,66023,Montréal,V,H2P1W9,0,0,1,0,0,École,Public,https://georges-vanier.cssdm.gouv.qc.ca/,762000,Centre de services scolaire de Montréal,-73.625288,45.550218,Secondaire,Franco,514 596-4160
,762271,École Sophie-Barat,École Sophie-Barat,"1239, boulevard Gouin Est",,66023,Montréal,V,H2C1B3,0,0,1,0,0,École,Public,https://sophie-barat.cssdm.gouv.qc.ca/,762000,Centre de services scolaire de Montréal,-73.667444,45.562004,Secondaire,Franco,514 596-5535
,762274,École Robert-Gravel,École Robert-Gravel,"38, avenue Fairmount Est",,66023,Montréal,V,H2T1C9,0,0,1,0,0,École,Public,https://robert-gravel.cssdm.gouv.qc.ca/,762000,Centre de services scolaire de Montréal,-73.593701,45.524639,Secondaire,Franco,514 596-5795
,762276,École Marie-Anne,École Marie-Anne,"100, rue Sauvé Est",,66023,Montréal,V,H3L1H1,0,0,1,0,0,École,Public,https://marie-anne.cssdm.gouv.qc.ca/,762000,Centre de services scolaire de Montréal,-73.658783,45.548216,Secondaire,Franco,514 596-5460
,762278,École Lucien-Pagé,École Lucien-Pagé,"8200, boulevard Saint-Laurent",,66023,Montréal,V,H2P2L8,0,0,1,0,0,École,Public,https://lucien-page.cssdm.gouv.qc.ca/,762000,Centre de services scolaire de Montréal,-73.63361,45.538465,Secondaire,Franco,514 596-5400
,762282,École La Dauversière-Évangéline,École La Dauversière-Évangéline,"11600, boulevard de l'Acadie",,66023,Montréal,V,H3M2T2,0,0,1,0,0,École,Public,https://ladauversiere.cssdm.gouv.qc.ca/,762000,Centre de services scolaire de Montréal,-73.688717,45.537164,Secondaire,Franco,514 596-5285
,762284,École internationale de Montréal,École internationale de Montréal,"11, chemin de la Côte-Saint-Antoine",,66032,Westmount,V,H3Y2H7,1,1,1,0,0,École,Public,https://ecole-internationale.cssdm.gouv.qc.ca/,762000,Centre de services scolaire de Montréal,-73.595755,45.486762,Préscolaire - Primaire - Secondaire,Franco,514 596-7240
,762286,École Saint-Henri,École Saint-Henri,"4115, rue Saint-Jacques ",,66023,Montréal,V,H4C1J3,0,0,1,0,0,École,Public,https://st-henri.cssdm.gouv.qc.ca/,762000,Centre de services scolaire de Montréal,-73.586843,45.477646,Secondaire,Franco,514 596-5960
,762287,École Honoré-Mercier,École Honoré-Mercier,"1935, boulevard Desmarchais",,66023,Montréal,V,H4E2B9,0,0,1,0,0,École,Public,https://honore-mercier.cssdm.gouv.qc.ca/,762000,Centre de services scolaire de Montréal,-73.591707,45.456054,Secondaire,Franco,514 732-1400
,762288,École La Voie,École La Voie,"6755, rue Lavoie",,66023,Montréal,V,H3W2K8,0,0,1,0,0,École,Public,https://la-voie.cssdm.gouv.qc.ca/,762000,Centre de services scolaire de Montréal,-73.640595,45.499746,Secondaire,Franco,514 736-3500
,762291,École Saint-Luc,École Saint-Luc,"6300, chemin de la Côte-Saint-Luc",,66023,Montréal,V,H3X2H4,0,0,1,0,0,École,Public,https://st-luc.cssdm.gouv.qc.ca/,762000,Centre de services scolaire de Montréal,-73.642921,45.47371,Secondaire,Franco,514 596-5920
,762303,CEA Saint-Paul,Centre Saint-Paul,"4976, rue Notre-Dame Ouest",,66023,Montréal,V,H4C1S8,0,0,0,0,1,Centre éducation aux adultes,Public,https://centre-st-paul.cssdm.gouv.qc.ca/,762000,Centre de services scolaire de Montréal,-73.590056,45.470678,Éducation aux adultes,Franco,514 596-4544
,762306,Centre William-Hingston,Centre William-Hingston,"419, rue Saint-Roch",2e étage,66023,Montréal,V,H3N1K2,0,0,0,0,1,Centre éducation aux adultes,Public,https://centre-william-hingston.cssdm.gouv.qc.ca/,762000,Centre de services scolaire de Montréal,-73.628615,45.53125,Éducation aux adultes,Franco,514 596-4700
,762310,CREP,Centre de ressources éducatives et pédagogiques (CREP),"5100, rue Sherbrooke Est",,66023,Montréal,V,H1V3R9,0,0,0,0,1,Centre éducation aux adultes,Public,https://centre-ressources-educatives.cssdm.gouv.qc.ca/,762000,Centre de services scolaire de Montréal,-73.552346,45.566759,Éducation aux adultes,Franco,514 596-4567
,762312,CEA Lartigue,Centre Lartigue,"2217, avenue Papineau",,66023,Montréal,V,H2K4J5,0,0,0,0,1,Centre éducation aux adultes,Public,https://centre-lartigue.cssdm.gouv.qc.ca/,762000,Centre de services scolaire de Montréal,-73.562103,45.527531,Éducation aux adultes,Franco,514 596-4433
,762315,Centre Marie-Médiatrice,Centre Marie-Médiatrice,"6200, rue des Écores",,66023,Montréal,V,H2G2J5,0,0,0,0,1,Centre éducation aux adultes,Public,https://centre-marie-mediatrice.cssdm.gouv.qc.ca/,762000,Centre de services scolaire de Montréal,-73.590125,45.545887,Éducation aux adultes,Franco,514 596-5150
,762328,CEA Champagnat,Centre Champagnat,"5017, rue Saint-Hubert",,66023,Montréal,V,H2J2X9,0,0,0,0,1,Centre éducation aux adultes,Public,https://centre-champagnat.cssdm.gouv.qc.ca/,762000,Centre de services scolaire de Montréal,-73.586928,45.528927,Éducation aux adultes,Franco,514 350-8060
,762332,CEA Eulalie-Durocher,Centre Eulalie-Durocher FGA,"2455, avenue Létourneux",,66023,Montréal,V,H1V2N9,0,0,0,0,1,Centre éducation aux adultes,Public,https://eulalie-durocher.cssdm.gouv.qc.ca/,762000,Centre de services scolaire de Montréal,-73.546273,45.554713,Éducation aux adultes,Franco,514 596-4949
,762339,CEA Pauline-Julien,Centre Pauline-Julien,"6750, chemin de la Côte-des-Neiges",,66023,Montréal,V,H3S2A8,0,0,0,0,1,Centre éducation aux adultes,Public,https://centre-pauline-julien.cssdm.gouv.qc.ca/,762000,Centre de services scolaire de Montréal,-73.638246,45.501909,Éducation aux adultes,Franco,514 736-8105
,762340,CEA Gabrielle-Roy,Centre Gabrielle-Roy,"8699, boulevard Saint-Michel",,66023,Montréal,V,H1Z3G1,0,0,0,0,1,Centre éducation aux adultes,Public,https://centre-gabrielle-roy.cssdm.gouv.qc.ca/,762000,Centre de services scolaire de Montréal,-73.62032,45.568958,Éducation aux adultes,Franco,514 596-4455
,762343,CEA Gédéon-Ouimet,Centre Gédéon-Ouimet,"1960, rue Poupart",,66023,Montréal,V,H2K3H2,0,0,0,0,1,Centre éducation aux adultes,Public,https://centre-gedeon-ouimet.cssdm.gouv.qc.ca/,762000,Centre de services scolaire de Montréal,-73.553076,45.531486,Éducation aux adultes,Franco,514 596-4514
,762344,CEA Sainte-Croix,Centre Sainte-Croix,"85, rue Jarry Ouest",,66023,Montréal,V,H2P1S6,0,0,0,0,1,Centre éducation aux adultes,Public,https://centre-ste-croix.cssdm.gouv.qc.ca/,762000,Centre de services scolaire de Montréal,-73.632661,45.537747,Éducation aux adultes,Franco,514 596-4381
,762349,CEA Marie-Anne,Centre Marie-Anne FGA,"100, rue Sauvé Est",,66023,Montréal,V,H3L1H1,0,0,0,0,1,Centre éducation aux adultes,Public,https://marie-anne.cssdm.gouv.qc.ca/,762000,Centre de services scolaire de Montréal,-73.658783,45.548216,Éducation aux adultes,Franco,514 596-5460
,762358,CEA Saint-Louis,Centre Saint-Louis,"4285, rue Drolet",3e étage,66023,Montréal,V,H2W2L7,0,0,0,0,1,Centre éducation aux adultes,Public,https://centre-st-louis.cssdm.gouv.qc.ca/,762000,Centre de services scolaire de Montréal,-73.580038,45.521995,Éducation aux adultes,Franco,514 596-5800
,762371,CEA Tétreaultville,Centre Tétreaultville,"2500, rue Théodore",,66023,Montréal,V,H1V3C6,0,0,0,0,1,Centre éducation aux adultes,Public,https://centre-tetreaultville.cssdm.gouv.qc.ca/,762000,Centre de services scolaire de Montréal,-73.543816,45.559889,Éducation aux adultes,Franco,514 596-5222
,762389,CEA Yves-Thériault,Centre Yves-Thériault,"3925, rue Villeray",,66023,Montréal,V,H2A1H1,0,0,0,0,1,Centre éducation aux adultes,Public,https://centre-yves-theriault.cssdm.gouv.qc.ca/,762000,Centre de services scolaire de Montréal,-73.598168,45.568007,Éducation aux adultes,Franco,514 596-7110
,762414,Métiers du Sud-Ouest,École des métiers du Sud-Ouest-de-Montréal,"717, rue Saint-Ferdinand",,66023,Montréal,V,H4C2T3,0,0,0,1,0,Centre de formation professionnelle,Public,https://ecole-metiers-sud-ouest.cssdm.gouv.qc.ca/,762000,Centre de services scolaire de Montréal,-73.587953,45.477996,Formation professionnelle,Franco,514 596-5960
,762435,Métiers équipement motorisé,École des métiers de l'équipement motorisé de Montréal,"5455, rue Saint-Denis",,66023,Montréal,V,H2J4B7,0,0,0,1,0,Centre de formation professionnelle,Public,https://ecole-metiers-motorise.cssdm.gouv.qc.ca/,762000,Centre de services scolaire de Montréal,-73.594254,45.529576,Formation professionnelle,Franco,514 596-5855
,762457,Métiers de l'horticulture,École des métiers de l'horticulture de Montréal,"2000, rue Parthenais",,66023,Montréal,V,H2K3S9,0,0,0,1,0,Centre de formation professionnelle,Public,https://ecole-metiers-horticulture.cssdm.gouv.qc.ca/,762000,Centre de services scolaire de Montréal,-73.557682,45.529225,Formation professionnelle,Franco,514 596-4600
,762474,Métiers des Faubourgs,École des métiers des Faubourgs-de-Montréal,"2000, rue Parthenais",,66023,Montréal,V,H2K3S9,0,0,0,1,0,Centre de formation professionnelle,Public,https://ecole-metiers-faubourgs.cssdm.gouv.qc.ca/,762000,Centre de services scolaire de Montréal,-73.557682,45.529225,Formation professionnelle,Franco,514 596-4600
,762477,École des métiers construction Montréal,École des métiers de la construction de Montréal,"5205, rue Parthenais",,66023,Montréal,V,H2H2H4,0,0,0,1,0,Centre de formation professionnelle,Public,https://ecole-metiers-construction.cssdm.gouv.qc.ca/,762000,Centre de services scolaire de Montréal,-73.578495,45.540622,Formation professionnelle,Franco,514 596-4590
,762478,Métiers du commerce (ÉMICA),"École des métiers de l'informatique, du commerce et de l'administration de Montréal (ÉMICA)","3955, rue de Bellechasse",,66023,Montréal,V,H1X1J6,0,0,0,1,0,Centre de formation professionnelle,Public,https://emica.cssdm.gouv.qc.ca/ecole/,762000,Centre de services scolaire de Montréal,-73.577049,45.560422,Formation professionnelle,Franco,514 596-4150
,762486,Métiers du meuble,École des métiers du meuble de Montréal,"6028, rue Marquette",,66023,Montréal,V,H2G2Y2,0,0,0,1,0,Centre de formation professionnelle,Public,https://ecole-metiers-meuble.cssdm.gouv.qc.ca/,762000,Centre de services scolaire de Montréal,-73.593169,45.540798,Formation professionnelle,Franco,514 596-7919
,762490,Métiers restauration et tourisme,École des métiers de la restauration et du tourisme de Montréal,"1822, boulevard De Maisonneuve Ouest",,66023,Montréal,V,H3H1J8,0,0,0,1,0,Centre de formation professionnelle,Public,https://ecole-metiers-restauration-tourisme.cssdm.gouv.qc.ca/,762000,Centre de services scolaire de Montréal,-73.580541,45.493874,Formation professionnelle,Franco,514 350-8049
,762494,Métiers l'aérospatiale,École des métiers de l'aérospatiale de Montréal,"5300, rue Chauveau",,66023,Montréal,V,H1N3V7,0,0,0,1,0,Centre de formation professionnelle,Public,https://ecole-metiers-aerospatiale.cssdm.gouv.qc.ca/,762000,Centre de services scolaire de Montréal,-73.549681,45.567489,Formation professionnelle,Franco,514 596-2376
,763001,Académie Saint-Clément,Académie Saint-Clément,"1345, chemin Régent",,66072,Mont-Royal,V,H3P2K8,0,1,0,0,0,École,Public,https://www.academiesaintclement.ca/,763000,Centre de services scolaire Marguerite-Bourgeoys,-73.642598,45.518001,Primaire,Franco,514 739-5070
,763002,École Saint-Clément-Ouest,École Saint-Clément-Ouest,"555, avenue Mitchell",,66072,Mont-Royal,V,H3R1L5,1,1,0,0,0,École,Public,https://esco.ecolemontroyal.com/,763000,Centre de services scolaire Marguerite-Bourgeoys,-73.65576,45.507879,Préscolaire - Primaire,Franco,514 735-0400
,763005,École Bois-Franc-Aquarelle,École Bois-Franc-Aquarelle,"2085, rue de Londres",,66023,Montréal,V,H4L3A5,1,1,0,0,0,École,Public,https://bois-franc-aquarelle.ecolesaintlaurent.ca/,763000,Centre de services scolaire Marguerite-Bourgeoys,-73.698392,45.523164,Préscolaire - Primaire,Franco,514 332-5944
,763006,École Cardinal-Léger,École Cardinal-Léger,"2000, rue Decelles",,66023,Montréal,V,H4M1B3,1,1,0,0,0,École,Public,https://cardinalleger.ecolesaintlaurent.ca/,763000,Centre de services scolaire Marguerite-Bourgeoys,-73.686905,45.506482,Préscolaire - Primaire,Franco,514 744-0763
,763007,École Édouard-Laurin,École Édouard-Laurin,"1085, rue Tassé",,66023,Montréal,V,H4L1P7,1,1,0,0,0,École,Public,https://edouardlaurin.ecolesaintlaurent.ca/,763000,Centre de services scolaire Marguerite-Bourgeoys,-73.684163,45.521316,Préscolaire - Primaire,Franco,514 744-1422
,763008,École Enfant-Soleil,École Enfant-Soleil,"1615, rue Tassé",,66023,Montréal,V,H4L1R1,1,1,0,0,0,École,Public,,763000,Centre de services scolaire Marguerite-Bourgeoys,-73.689934,45.516681,Préscolaire - Primaire,Franco,514 747-3065
,763009,École Guy-Drummond,École Guy-Drummond,"1475, avenue Lajoie",,66023,Montréal,V,H2V1P9,1,1,0,0,0,École,Public,https://guydrummond.ecoleoutremont.com/,763000,Centre de services scolaire Marguerite-Bourgeoys,-73.613629,45.518411,Préscolaire - Primaire,Franco,514 270-4866
,763010,École Hébert,École Hébert,"705, boulevard Décarie",,66023,Montréal,V,H4L3L3,1,1,0,0,0,École,Public,,763000,Centre de services scolaire Marguerite-Bourgeoys,-73.676605,45.511043,Préscolaire - Primaire,Franco,514 595-2045
,763011,École Henri-Beaulieu,École Henri-Beaulieu,"235, rue Bleignier",,66023,Montréal,V,H4N1B1,1,1,0,0,0,École,Public,https://henribeaulieu.ecolesaintlaurent.ca/,763000,Centre de services scolaire Marguerite-Bourgeoys,-73.673819,45.529053,Préscolaire - Primaire,Franco,514 332-0742
,763012,École Jonathan,École Jonathan,"705, boulevard Décarie",,66023,Montréal,V,H4L3L3,1,1,0,0,0,École,Public,https://jonathanwilson.ecoleouestmtl.com/,763000,Centre de services scolaire Marguerite-Bourgeoys,-73.676605,45.511043,Préscolaire - Primaire,Franco,514 748-2460
,763013,École Lajoie,École Lajoie,"1276, avenue Lajoie",,66023,Montréal,V,H2V1P3,1,1,0,0,0,École,Public,https://lajoie.ecoleoutremont.com/,763000,Centre de services scolaire Marguerite-Bourgeoys,-73.610656,45.520321,Préscolaire - Primaire,Franco,514 272-5723
,763014,École Laurentide,École Laurentide,"465, rue Cardinal",,66023,Montréal,V,H4L3C5,1,1,0,0,0,École,Public,https://laurentide.ecolesaintlaurent.ca/,763000,Centre de services scolaire Marguerite-Bourgeoys,-73.674914,45.506582,Préscolaire - Primaire,Franco,514 744-2101
,763015,École Beau-Séjour,École Beau-Séjour,"3600, rue Beauséjour",,66023,Montréal,V,H4K1W7,1,1,0,0,0,École,Public,https://beausejour.ecolesaintlaurent.ca/,763000,Centre de services scolaire Marguerite-Bourgeoys,-73.731646,45.522507,Préscolaire - Primaire,Franco,514 334-7350
,763016,École Nouvelle-Querbes,École Nouvelle-Querbes,"215, avenue Bloomfield",,66023,Montréal,V,H2V3R6,1,1,0,0,0,École,Public,https://www.nouvellequerbes.org/,763000,Centre de services scolaire Marguerite-Bourgeoys,-73.600661,45.517695,Préscolaire - Primaire,Franco,514 272-7887
,763017,École Saint-Clément-Est,École Saint-Clément-Est,"1560, boulevard Laird",,66072,Mont-Royal,V,H3P2T5,1,1,0,0,0,École,Public,https://www.esce.ca/,763000,Centre de services scolaire Marguerite-Bourgeoys,-73.644387,45.519358,Préscolaire - Primaire,Franco,514 739-5322
,763018,École Saint-Germain-d'Outremont,École Saint-Germain-d'Outremont,"46, avenue Vincent-D'Indy",,66023,Montréal,V,H2V2S9,1,1,0,0,0,École,Public,https://ecolestgo.ca/,763000,Centre de services scolaire Marguerite-Bourgeoys,-73.613333,45.51115,Préscolaire - Primaire,Franco,514 735-6691
,763019,École de la Mosaïque,École de la Mosaïque,"5621, avenue McMurray",,66058,Côte-Saint-Luc,V,H4W2G1,1,1,0,0,0,École,Public,https://www.ecoleouestmtl.com/delamosaique/,763000,Centre de services scolaire Marguerite-Bourgeoys,-73.665266,45.463224,Préscolaire - Primaire,Franco,514 484-5324
,763020,École Jean-Grou,École Jean-Grou,"805, rue Tassé",,66023,Montréal,V,H4L1N8,1,1,0,0,0,École,Public,https://jean-grou.ecolesaintlaurent.ca/,763000,Centre de services scolaire Marguerite-Bourgeoys,-73.680663,45.523643,Préscolaire - Primaire,Franco,514 747-1260
,763021,École Katimavik,École Katimavik,"1700, rue Decelles",,66023,Montréal,V,H4L0B9,1,1,0,0,0,École,Public,,763000,Centre de services scolaire Marguerite-Bourgeoys,-73.683237,45.51056,Préscolaire - Primaire,Franco,514 748-6545
,763022,École Enfants-du-Monde,École Enfants-du-Monde,"2915, rue Marcel",,66023,Montréal,V,H4R1B2,1,1,0,0,0,École,Public,https://enfantsdumonde.ecolesaintlaurent.ca/,763000,Centre de services scolaire Marguerite-Bourgeoys,-73.725498,45.515168,Préscolaire - Primaire,Franco,514 855-2274
,763024,École des Grands-Êtres,École des Grands-Êtres,"1150, rue Deguire",Saint-Laurent,66023,Montréal,V,H4L1M2,1,1,0,0,0,École,Public,https://desgrandsetres.ecolesaintlaurent.ca/,763000,Centre de services scolaire Marguerite-Bourgeoys,-73.686584,45.521555,Préscolaire - Primaire,Franco,514 748-4663
,763025,École des Amis-du-Monde,École des Amis-du-Monde,"8205, chemin Mackle",,66058,Côte-Saint-Luc,V,H4W1B1,1,1,0,0,0,École,Public,https://desamisdumonde.ecoleouestmtl.com/,763000,Centre de services scolaire Marguerite-Bourgeoys,-73.678323,45.459416,Préscolaire - Primaire,Franco,514 369-6951
,763026,École au Trésor-du-Boisé,École au Trésor-du-Boisé,"3925, rue Claude-Henri-Grignon",,66023,Montréal,V,H4R3K2,1,1,0,0,0,École,Public,https://autresorduboise.ecolesaintlaurent.ca/,763000,Centre de services scolaire Marguerite-Bourgeoys,-73.71826,45.509081,Préscolaire - Primaire,Franco,514 748-4609
,763037,École du Sas,École du Sas,"500, boulevard Dollard",,66023,Montréal,V,H2V3G2,0,0,1,0,0,École,Public,https://desamisdumonde.ecoleouestmtl.com/,763000,Centre de services scolaire Marguerite-Bourgeoys,-73.610195,45.516354,Secondaire,Franco,514 748-4659
,763038,École Mont-Royal,École Mont-Royal,"50, avenue Montgomery",,66072,Mont-Royal,V,H3R2B3,0,0,1,0,0,École,Public,https://ecolesecondairemontroyal.ca/,763000,Centre de services scolaire Marguerite-Bourgeoys,-73.638063,45.513382,Secondaire,Franco,514 731-2761
,763040,École Paul-Gérin-Lajoie-d'Outremont,École Paul-Gérin-Lajoie-d'Outremont,"475, avenue Bloomfield",,66023,Montréal,V,H2V3R9,0,0,1,0,0,École,Public,https://www.paul-gerin-lajoie-doutremont.ca/,763000,Centre de services scolaire Marguerite-Bourgeoys,-73.605465,45.519787,Secondaire,Franco,514 276-3746
,763041,École Saint-Laurent,École Saint-Laurent,"2395, boulevard Thimens",,66023,Montréal,V,H4R1T4,0,0,1,0,0,École,Public,https://ecolesaintlaurent.ca/,763000,Centre de services scolaire Marguerite-Bourgeoys,-73.703068,45.506508,Secondaire,Franco,514 332-3190
,763042,École Pierre-Laporte,École Pierre-Laporte,"1101, chemin Rockland",,66072,Mont-Royal,V,H3P2X8,0,0,1,0,0,École,Public,https://www.pierre-laporte.ca/,763000,Centre de services scolaire Marguerite-Bourgeoys,-73.637251,45.523482,Secondaire,Franco,514 739-6311
,763100,École Chanoine-Joseph-Théorêt,École Chanoine-Joseph-Théorêt,"990, 5e Avenue",,66023,Montréal,V,H4G2Z6,1,1,0,0,0,École,Public,https://cjt.ecoleverdun.com/,763000,Centre de services scolaire Marguerite-Bourgeoys,-73.576994,45.456359,Préscolaire - Primaire,Franco,514 765-7600
,763101,École des Découvreurs,École des Découvreurs,"845, 39e Avenue",,66023,Montréal,V,H8P2Y6,1,1,0,0,0,École,Public,https://desdecouvreurs.ecolelasalle.com/,763000,Centre de services scolaire Marguerite-Bourgeoys,-73.613302,45.421066,Préscolaire - Primaire,Franco,514 366-0028
,763102,École du Grand-Héron,École du Grand-Héron,"7676, rue Centrale",,66023,Montréal,V,H8P1L5,1,1,0,0,0,École,Public,https://dugrandheron.csmb.qc.ca/,763000,Centre de services scolaire Marguerite-Bourgeoys,-73.597321,45.430475,Préscolaire - Primaire,Franco,514 365-9337
,763103,École Henri-Forest,École Henri-Forest,"100, avenue du Trésor-Caché",,66023,Montréal,V,H8R3K3,1,1,0,0,0,École,Public,https://henriforest.ecolelasalle.com/,763000,Centre de services scolaire Marguerite-Bourgeoys,-73.652977,45.425375,Préscolaire - Primaire,Franco,514 595-2046
,763104,École Île-des-Soeurs,École Île-des-Soeurs,"530, rue de Gaspé",,66023,Montréal,V,H3E1E7,1,1,0,0,0,École,Public,https://iledessoeurs.ecoleverdun.com/,763000,Centre de services scolaire Marguerite-Bourgeoys,-73.548174,45.456898,Préscolaire - Primaire,Franco,514 765-7695
,763105,École Jardin-des-Saints-Anges,École Jardin-des-Saints-Anges,"1225, rue Saint-Louis",,66023,Montréal,V,H8S2K6,1,1,0,0,0,École,Public,https://jardindessaintsanges.ecolelachine.com/,763000,Centre de services scolaire Marguerite-Bourgeoys,-73.675185,45.433154,Préscolaire - Primaire,Franco,514 855-4200
,763106,École Laurendeau-Dunton,École Laurendeau-Dunton,"1515, rue Rancourt",,66023,Montréal,V,H8N1R7,1,1,0,0,0,École,Public,https://laurendeaudunton.ecolelasalle.com/,763000,Centre de services scolaire Marguerite-Bourgeoys,-73.625881,45.428936,Préscolaire - Primaire,Franco,514 595-2049
,763107,École Pierre-Rémy,École Pierre-Rémy,"360, 80e Avenue",,66023,Montréal,V,H8R2T3,1,1,0,0,0,École,Public,https://pierreremy.ecolelasalle.com/,763000,Centre de services scolaire Marguerite-Bourgeoys,-73.636989,45.419528,Préscolaire - Primaire,Franco,514 595-2067
,763108,École Lévis-Sauvé,École Lévis-Sauvé,"655, avenue Willibrord",,66023,Montréal,V,H4G2T8,1,1,0,0,0,École,Public,https:///www.cssmb.gouv.qc.ca/etablissements/levis-sauve/,763000,Centre de services scolaire Marguerite-Bourgeoys,-73.572283,45.459901,Préscolaire - Primaire,Franco,514 765-7585
,763109,École Martin-Bélanger,École Martin-Bélanger,"29, avenue Ouellette",,66023,Montréal,V,H8R1L4,1,1,0,0,0,École,Public,https://martin-belanger.ecolelachine.com/,763000,Centre de services scolaire Marguerite-Bourgeoys,-73.645148,45.445847,Préscolaire - Primaire,Franco,514 595-2057
,763110,École Notre-Dame-de-la-Garde,École Notre-Dame-de-la-Garde,"755, rue Brault",,66023,Montréal,V,H4H2B3,1,1,0,0,0,École,Public,https://notre-dame-de-la-garde.ecoleverdun.com/,763000,Centre de services scolaire Marguerite-Bourgeoys,-73.575452,45.448372,Préscolaire - Primaire,Franco,514 765-7611
,763111,École Notre-Dame-de-la-Paix,École Notre-Dame-de-la-Paix,"454, avenue Caisse",,66023,Montréal,V,H4G2C8,1,1,0,0,0,École,Public,https://nddlp.ecoleverdun.com/,763000,Centre de services scolaire Marguerite-Bourgeoys,-73.569074,45.470089,Préscolaire - Primaire,Franco,514 765-7565
,763112,École Notre-Dame-de-Lourdes,École Notre-Dame-de-Lourdes,"504, 5e Avenue",,66023,Montréal,V,H4G2Z1,1,1,0,0,0,École,Public,https://ndl.ecoleverdun.com/,763000,Centre de services scolaire Marguerite-Bourgeoys,-73.57146,45.455888,Préscolaire - Primaire,Franco,514 765-7595
,763113,École Notre-Dame-des-Rapides,École Notre-Dame-des-Rapides,"8585, rue George",,66023,Montréal,V,H8P1G5,1,1,0,0,0,École,Public,,763000,Centre de services scolaire Marguerite-Bourgeoys,-73.619512,45.42097,Préscolaire - Primaire,Franco,514 595-2052
,763114,École Notre-Dame-des-Sept-Douleurs,École Notre-Dame-des-Sept-Douleurs,"320, avenue de l'Église",,66023,Montréal,V,H4G2M4,1,1,0,0,0,École,Public,https://nddsd.ecoleverdun.com/,763000,Centre de services scolaire Marguerite-Bourgeoys,-73.56822,45.462414,Préscolaire - Primaire,Franco,514 765-7575
,763115,École Paul-Jarry,École Paul-Jarry,"676, 11e Avenue",,66023,Montréal,V,H8S3G9,1,1,0,0,0,École,Public,https://pauljarry.ecolelachine.com/,763000,Centre de services scolaire Marguerite-Bourgeoys,-73.673524,45.441525,Préscolaire - Primaire,Franco,514 855-4201
,763116,École Philippe-Morin,École Philippe-Morin,"1825, rue Provost",,66023,Montréal,V,H8S1P5,1,1,0,0,0,École,Public,https://philippemorin.ecolelachine.com/,763000,Centre de services scolaire Marguerite-Bourgeoys,-73.680798,45.441703,Préscolaire - Primaire,Franco,514 855-4233
,763117,École Sainte-Catherine-Labouré,École Sainte-Catherine-Labouré,"441, rue Trudeau",,66023,Montréal,V,H8R3C3,1,1,0,0,0,École,Public,https://scl.ecolelasalle.com/,763000,Centre de services scolaire Marguerite-Bourgeoys,-73.640372,45.431448,Préscolaire - Primaire,Franco,514 595-2054
,763118,École Sainte-Geneviève Sud,École Sainte-Geneviève Sud,"7520, rue Édouard",,66023,Montréal,V,H8P1S2,1,1,0,0,0,École,Public,https://sgs.ecolelasalle.com,763000,Centre de services scolaire Marguerite-Bourgeoys,-73.592393,45.434106,Préscolaire - Primaire,Franco,514 595-2055
,763119,École Terre-des-Jeunes,École Terre-des-Jeunes,"7900, rue Doyle",,66023,Montréal,V,H8N0E9,1,1,0,0,0,École,Public,https://tdj.ecolelasalle.com/,763000,Centre de services scolaire Marguerite-Bourgeoys,-73.630514,45.438607,Préscolaire - Primaire,Franco,514 595-2056
,763120,École Très-Saint-Sacrement,École Très-Saint-Sacrement,"704, 5e Avenue",,66023,Montréal,V,H8S2W4,1,1,0,0,0,École,Public,https://tss.ecolelachine.com/,763000,Centre de services scolaire Marguerite-Bourgeoys,-73.668068,45.442316,Préscolaire - Primaire,Franco,514 855-4234
,763121,École Victor-Thérien,École Victor-Thérien,"305, 43e Avenue",,66023,Montréal,V,H8T2H8,1,1,0,0,0,École,Public,https://victortherien.ecolelachine.com/,763000,Centre de services scolaire Marguerite-Bourgeoys,-73.703651,45.437489,Préscolaire - Primaire,Franco,514 855-4202
,763122,École Catherine-Soumillard,École Catherine-Soumillard,"250, 48e Avenue",,66023,Montréal,V,H8T2R8,1,1,0,0,0,École,Public,https://catherinesoumillard.ecolelachine.com/,763000,Centre de services scolaire Marguerite-Bourgeoys,-73.708788,45.440602,Préscolaire - Primaire,Franco,514 855-4231
,763124,École des Coquelicots,École des Coquelicots,"7301, rue Churchill",,66023,Montréal,V,H4H2L1,1,1,0,0,0,École,Public,,763000,Centre de services scolaire Marguerite-Bourgeoys,-73.587016,45.437686,Préscolaire - Primaire,Franco,514 855-4500
,763127,École des Saules-Rieurs,École des Saules-Rieurs,"1050, 5e Avenue",,66023,Montréal,V,H4G2Z6,1,1,0,0,0,École,Public,https://saulesrieurs.ecoleverdun.com/,763000,Centre de services scolaire Marguerite-Bourgeoys,-73.577535,45.456387,Préscolaire - Primaire,Franco,514 855-4500
,763128,École des Marguerite,École des Marguerite,"100, boulevard de l'Île-des-Soeurs",,66023,Montréal,V,H3E0C7,1,1,0,0,0,École,Public,https://desmarguerite.ecoleverdun.com/,763000,Centre de services scolaire Marguerite-Bourgeoys,-73.544394,45.46477,Préscolaire - Primaire,Franco,514 748-4641
,763129,École L'Eau-Vive,École L'Eau-Vive,"171, avenue Orchard",,66023,Montréal,V,H8R3G3,1,1,0,0,0,École,Public,https://leauvive.ecolelasalle.com/,763000,Centre de services scolaire Marguerite-Bourgeoys,-73.646862,45.422621,Préscolaire - Primaire,Franco,514 687-7594
,763130,École des Berges-de-Lachine,École des Berges-de-Lachine,"50, 34e Avenue",Lachine,66023,Montréal,V,H8T1Z2,1,1,0,0,0,École,Public,https://desbergesdelachine.ecolelachine.com/,763000,Centre de services scolaire Marguerite-Bourgeoys,-73.693043,45.434043,Préscolaire - Primaire,Franco,514 748-4662
,763131,École du Petit-Collège,École du Petit-Collège,"9343, rue Jean-Milot",LaSalle,66023,Montréal,V,H8R1Y7,1,1,0,0,0,École,Public,https://dupetitcollege.ecolelasalle.com/,763000,Centre de services scolaire Marguerite-Bourgeoys,-73.640428,45.430494,Préscolaire - Primaire,Franco,514 748-4661
,763134,École de l'Orée-du-Parc,École de l'Orée-du-Parc,"7500, rue Jean-Chevalier",,66023,Montréal,V,H8N2J4,1,1,0,0,0,École,Public,,763000,Centre de services scolaire Marguerite-Bourgeoys,-73.611459,45.437495,Préscolaire - Primaire,Franco,514 748-4644
,763135,École de la Traversée,École de la Traversée,400 80e avenue,,66023,Montréal,V,H8R2T3,0,0,1,0,0,École,Public,https://www.cssmb.gouv.qc.ca/etablissements/de-la-traversee/,763000,Centre de services scolaire Marguerite-Bourgeoys,-73.636989,45.419528,Secondaire,Franco,514 855-4500
,763136,Collège Saint-Louis,Collège Saint-Louis,"275, 36e Avenue",Lachine,66023,Montréal,V,H8T2A4,0,0,1,0,0,École,Public,https://collegesaintlouis.ecolelachine.com/,763000,Centre de services scolaire Marguerite-Bourgeoys,-73.697691,45.436393,Secondaire,Franco,514 855-4198
,763138,École Cavelier-De LaSalle,École Cavelier-De LaSalle,"9199, rue Centrale",,66023,Montréal,V,H8R2J9,0,0,1,0,0,École,Public,https://cavelier.ecolelasalle.com/,763000,Centre de services scolaire Marguerite-Bourgeoys,-73.640499,45.418021,Secondaire,Franco,514 595-2044
,763139,École Dalbé-Viau,École Dalbé-Viau,"740, rue Esther-Blondin",,66023,Montréal,V,H8S4C4,0,0,1,0,0,École,Public,https://dalbe-viau.ecolelachine.com/,763000,Centre de services scolaire Marguerite-Bourgeoys,-73.679266,45.443061,Secondaire,Franco,514 855-4232
,763142,École Monseigneur-Richard,École Monseigneur-Richard,"3000, boulevard Gaétan-Laberge",,66023,Montréal,V,H4G3C1,0,0,1,0,0,École,Public,https://monseigneur-richard.ecoleverdun.com/,763000,Centre de services scolaire Marguerite-Bourgeoys,-73.560364,45.470148,Secondaire,Franco,514 765-7666
,763144,Nouvelle école secondaire LaSalle,Nouvelle école secondaire LaSalle,"1511, rue Lapierre",,66023,Montréal,V,H8N2J4,0,0,1,0,0,École,Public,,763000,Centre de services scolaire Marguerite-Bourgeoys,-73.611631,45.436627,Secondaire,Franco,514 855-4500
,763200,École Dollard-Des Ormeaux,École Dollard-Des Ormeaux,"35, rue Anselme-Lavigne",,66142,Dollard-des-Ormeaux,V,H9A1N5,1,1,0,0,0,École,Public,https://ddo.ecoleouestmtl.com/,763000,Centre de services scolaire Marguerite-Bourgeoys,-73.820301,45.500282,Préscolaire - Primaire,Franco,514 855-4209
,763201,École du Grand-Chêne,École du Grand-Chêne,"5080, rue de Savoie",,66023,Montréal,V,H8Z1C2,1,1,0,0,0,École,Public,https://dgc.ecoleouestmtl.com/,763000,Centre de services scolaire Marguerite-Bourgeoys,-73.830543,45.511007,Préscolaire - Primaire,Franco,514 855-4210
,763202,École Émile-Nelligan,École Émile-Nelligan,"101, rue Charlevoix",,66102,Kirkland,V,H9J3E2,1,1,0,0,0,École,Public,https://emilenelligan.ecoleouest.com/,763000,Centre de services scolaire Marguerite-Bourgeoys,-73.880645,45.449715,Préscolaire - Primaire,Franco,514 855-4235
,763203,École Gentilly,École Gentilly,"355, boulevard Fénelon",,66087,Dorval,V,H9S5T8,1,1,0,0,0,École,Public,https://gentilly.ecoleouest.com/,763000,Centre de services scolaire Marguerite-Bourgeoys,-73.74933,45.44556,Préscolaire - Primaire,Franco,514 855-4229
,763204,École Harfang-des-Neiges,École Harfang-des-Neiges,"4770, rue Pierre-Lauzon",,66023,Montréal,V,H8Y2C5,1,1,0,0,0,École,Public,https://hdn.ecoleouestmtl.com/,763000,Centre de services scolaire Marguerite-Bourgeoys,-73.782917,45.505331,Préscolaire - Primaire,Franco,514 855-4228
,763206,École Jacques-Bizard,École Jacques-Bizard,"515, Montée de l'Église",,66023,Montréal,V,H9C1H1,1,1,0,0,0,École,Public,https://jacquesbizard.ecoleouestmtl.com/,763000,Centre de services scolaire Marguerite-Bourgeoys,-73.880687,45.489038,Préscolaire - Primaire,Franco,514 855-4214
,763208,École Jonathan-Wilson,École Jonathan-Wilson,"3243, boulevard Chevremont",,66023,Montréal,V,H9C2L8,1,1,0,0,0,École,Public,https://jonathanwilson.ecoleouestmtl.com/,763000,Centre de services scolaire Marguerite-Bourgeoys,-73.871,45.500318,Préscolaire - Primaire,Franco,514 855-4242
,763209,École Joseph-Henrico,École Joseph-Henrico,"20, rue Maughan",,66112,Baie-D'Urfé,V,H9X3C9,1,1,0,0,0,École,Public,https://josephhenrico.ecoleouest.com/,763000,Centre de services scolaire Marguerite-Bourgeoys,-73.908651,45.413562,Préscolaire - Primaire,Franco,514 855-4213
,763210,École Lalande,École Lalande,"50, 3e Avenue Sud",,66023,Montréal,V,H8Y2L5,1,1,0,0,0,École,Public,https://lalande.ecoleouestmtl.com/,763000,Centre de services scolaire Marguerite-Bourgeoys,-73.803078,45.508627,Préscolaire - Primaire,Franco,514 855-4238
,763211,École Marguerite-Bourgeoys,École Marguerite-Bourgeoys,"3, rue Sainte-Anne",,66097,Pointe-Claire,V,H9S4P6,1,1,0,0,0,École,Public,https://epmb.ecoleouestmtl.com/,763000,Centre de services scolaire Marguerite-Bourgeoys,-73.824191,45.427095,Préscolaire - Primaire,Franco,514 855-4236
,763212,École Murielle-Dumont,École Murielle-Dumont,"5005, rue Valois",,66023,Montréal,V,H8Z2G8,1,1,0,0,0,École,Public,https://murielle-dumont.ecoleouestmtl.com/,763000,Centre de services scolaire Marguerite-Bourgeoys,-73.8341,45.506506,Préscolaire - Primaire,Franco,514 855-4211
,763213,École Perce-Neige,École Perce-Neige,"4770, boulevard Lalande",,66023,Montréal,V,H8Y1V2,0,1,0,0,0,École,Public,https://perceneige.ecoleouestmtl.com/,763000,Centre de services scolaire Marguerite-Bourgeoys,-73.781218,45.505794,Primaire,Franco,514 855-4239
,763214,École Beaconsfield,École Beaconsfield,"91, Promenade Sweetbriar",,66107,Beaconsfield,V,H9W5M7,1,1,0,0,0,École,Public,https://beaconsfield.ecoleouest.com/,763000,Centre de services scolaire Marguerite-Bourgeoys,-73.838473,45.435324,Préscolaire - Primaire,Franco,514 855-4203
,763216,École Pointe-Claire,École Pointe-Claire,"93, avenue Douglas-Shand",,66097,Pointe-Claire,V,H9R2A7,1,1,0,0,0,École,Public,,763000,Centre de services scolaire Marguerite-Bourgeoys,-73.814694,45.451526,Préscolaire - Primaire,Franco,514 855-4245
,763217,École Saint-Gérard,École Saint-Gérard,"14385, boulevard Pierrefonds",,66023,Montréal,V,H9H1Z2,1,1,0,0,0,École,Public,https://saint-gerard.ecoleouest.com/,763000,Centre de services scolaire Marguerite-Bourgeoys,-73.855002,45.490813,Préscolaire - Primaire,Franco,514 855-4243
,763218,École Saint-Louis,École Saint-Louis,"151, rue Winthrop",,66097,Pointe-Claire,V,H9R3W8,1,1,0,0,0,École,Public,https://saintlouis.ecoleouest.com/,763000,Centre de services scolaire Marguerite-Bourgeoys,-73.808397,45.464429,Préscolaire - Primaire,Franco,514 855-4205
,763219,École Saint-Luc,École Saint-Luc,"98, rue Fredmir",,66142,Dollard-des-Ormeaux,V,H9A2R3,1,1,0,0,0,École,Public,https://saint-luc.ecoleouestmtl.com/,763000,Centre de services scolaire Marguerite-Bourgeoys,-73.830498,45.491327,Préscolaire - Primaire,Franco,514 855-4212
,763220,École Saint-Rémi,École Saint-Rémi,"16, avenue Neveu",,66107,Beaconsfield,V,H9W5B4,1,1,0,0,0,École,Public,https://saintremi.ecoleouest.com/,763000,Centre de services scolaire Marguerite-Bourgeoys,-73.872864,45.421261,Préscolaire - Primaire,Franco,514 855-4206
,763221,École Sainte-Geneviève Ouest,École Sainte-Geneviève Ouest,"35, rue Sainte-Anne",,66023,Montréal,V,H9H2Z2,1,1,0,0,0,École,Public,,763000,Centre de services scolaire Marguerite-Bourgeoys,-73.871486,45.478037,Préscolaire - Primaire,Franco,514 855-4215
,763222,École du Bout-de-l'Isle,École du Bout-de-l'Isle,"190, rue Vallée",,66117,Sainte-Anne-de-Bellevue,V,H9X4B8,1,1,0,0,0,École,Public,,763000,Centre de services scolaire Marguerite-Bourgeoys,-73.923189,45.436646,Préscolaire - Primaire,Franco,514 855-4240
,763224,École du Bois-de-Liesse,École du Bois-de-Liesse,"175, rue Sonata",,66142,Dollard-des-Ormeaux,V,H9B2M6,1,1,0,0,0,École,Public,https://duboisdeliesse.ecoleouestmtl.com/,763000,Centre de services scolaire Marguerite-Bourgeoys,-73.786103,45.493588,Préscolaire - Primaire,Franco,514 748-4664
,763226,École de l'Odyssée,École de l'Odyssée,"4348, rue Alain",,66023,Montréal,V,H9H2R7,1,1,0,0,0,École,Public,https://thorndale.ecoleouestmtl.com,763000,Centre de services scolaire Marguerite-Bourgeoys,-73.861621,45.475417,Préscolaire - Primaire,Franco,514 748-4607
,763236,École des Sources,École des Sources,"2900, chemin Lake",,66142,Dollard-des-Ormeaux,V,H9B2P1,0,0,1,0,0,École,Public,https://www.ecoledessources.com/,763000,Centre de services scolaire Marguerite-Bourgeoys,-73.812193,45.490318,Secondaire,Franco,514 855-4208
,763237,École John-F.-Kennedy,École John-F.- Kennedy,"215, avenue Elm",,66107,Beaconsfield,V,H9W2E2,1,1,1,0,0,École,Public,https://jfk.servicescsmb.com/,763000,Centre de services scolaire Marguerite-Bourgeoys,-73.859216,45.4332,Préscolaire - Primaire - Secondaire,Franco,514 855-4204
,763238,École Rose-Virginie-Pelletier,École Rose-Virginie-Pelletier,"9469, boulevard Gouin Ouest",,66023,Montréal,V,H8Y1T2,0,0,1,0,0,École,Public,https://rose-virginie-pelletier.ecoleouestmtl.com/,763000,Centre de services scolaire Marguerite-Bourgeoys,-73.774508,45.507709,Secondaire,Franco,514 855-4216
,763240,École Félix-Leclerc,École Félix-Leclerc,"311, rue Inglewood",,66097,Pointe-Claire,V,H9R2Z8,0,0,1,0,0,École,Public,https://felixleclerc.ecoleouest.com/,763000,Centre de services scolaire Marguerite-Bourgeoys,-73.827159,45.448569,Secondaire,Franco,514 855-4225
,763241,École Dorval-Jean XXIII,École Dorval-Jean XXIII,"1301, avenue Dawson",,66087,Dorval,V,H9S1Y3,0,0,1,0,0,École,Public,https://dorvaljean23.ecoleouestmtl.com/,763000,Centre de services scolaire Marguerite-Bourgeoys,-73.755387,45.442795,Secondaire,Franco,514 855-4244
,763243,École Saint-Georges,École Saint-Georges,"3, avenue Pearson",,66127,Senneville,VL,H9X3P7,0,0,1,0,0,École,Public,https://saintgeorges.ecoleouest.com/,763000,Centre de services scolaire Marguerite-Bourgeoys,-73.951693,45.413354,Secondaire,Franco,514 855-4241
,763245,École de l'Altitude,École de l'Altitude,"5060, boulevard des Sources",,66023,Montréal,V,H8Y3E4,0,0,1,0,0,École,Public,,763000,Centre de services scolaire Marguerite-Bourgeoys,-73.82447,45.509782,Secondaire,Franco,514 855-4500
,763301,CEA Champlain,Centre d'éducation des adultes Champlain,"1201, rue Argyle",,66023,Montréal,V,H4H1V4,0,0,0,0,1,Centre éducation aux adultes,Public,https://champlain.centrecsmb.com,763000,Centre de services scolaire Marguerite-Bourgeoys,-73.58065,45.453776,Éducation aux adultes,Franco,514 765-7686
,763304,CEA de LaSalle,Centre d'éducation des adultes de LaSalle,"8825, rue Centrale",,66023,Montréal,V,H8P1P3,0,0,0,0,1,Centre éducation aux adultes,Public,https://www.cea-lasalle.ca,763000,Centre de services scolaire Marguerite-Bourgeoys,-73.626087,45.417072,Éducation aux adultes,Franco,514 595-2047
,763306,CEA Jeanne-Sauvé,Centre d'éducation des adultes Jeanne-Sauvé,"305, avenue Mimosa",,66087,Dorval,V,H9S3K5,0,0,0,0,1,Centre éducation aux adultes,Public,https://jeannesauve.centrecsmb.com,763000,Centre de services scolaire Marguerite-Bourgeoys,-73.737184,45.4451,Éducation aux adultes,Franco,514 855-4195
,763310,CEA Outremont,Centre d'éducation des adultes Outremont,"500, boulevard Dollard",,66023,Montréal,V,H2V3G2,0,0,0,0,1,Centre éducation aux adultes,Public,https://outremont.centrecsmb.com,763000,Centre de services scolaire Marguerite-Bourgeoys,-73.610195,45.516354,Éducation aux adultes,Franco,514 273-3353
,763403,C.F.P. des Carrefours,Centre de formation professionnelle des Carrefours,"1240, rue Moffat",,66023,Montréal,V,H4H1Y9,0,0,0,1,0,Centre de formation professionnelle,Public,https://cfpdc.ca/,763000,Centre de services scolaire Marguerite-Bourgeoys,-73.581808,45.450104,Formation professionnelle,Franco,514 761-8022
,763405,CFP Léonard-De Vinci,Centre de formation professionnelle Léonard-De Vinci,"2405, boulevard Thimens",,66023,Montréal,V,H4R1T4,0,0,0,1,0,Centre de formation professionnelle,Public,https://www.cfpldevinci.ca/,763000,Centre de services scolaire Marguerite-Bourgeoys,-73.703068,45.506508,Formation professionnelle,Franco,514 332-7934
,763410,CFP de Verdun,Centre de formation professionnelle de Verdun,"3010, boulevard Gaétan-Laberge",,66023,Montréal,V,H4G3C1,0,0,0,1,0,Centre de formation professionnelle,Public,https://www.cfpverdun.ca/,763000,Centre de services scolaire Marguerite-Bourgeoys,-73.561756,45.469645,Formation professionnelle,Franco,514 765-7683
,763413,CIMME,"Centre intégré de mécanique, de métallurgie et d'électricité (CIMME)","1100, rue Ducas",,66023,Montréal,V,H8N3E6,0,0,0,1,0,Centre de formation professionnelle,Public,https://cimme.centrecsmb.com/,763000,Centre de services scolaire Marguerite-Bourgeoys,-73.6033,45.43649,Formation professionnelle,Franco,514 364-5300
,763417,CFP des métiers de la santé,Centre de formation professionnelle des métiers de la santé,"3501, boulevard Saint-Charles",,66102,Kirkland,V,H9H4S3,0,0,0,1,0,Centre de formation professionnelle,Public,https://www.cfpsante.ca/,763000,Centre de services scolaire Marguerite-Bourgeoys,-73.860969,45.45552,Formation professionnelle,Franco,514 333-8886
,763418,CFP de Lachine,Centre de formation professionnelle de Lachine,"46, 16e Avenue",,66023,Montréal,V,H8S3M4,0,0,0,1,0,Centre de formation professionnelle,Public,https://www.cfplachine.ca,763000,Centre de services scolaire Marguerite-Bourgeoys,-73.67847,45.433176,Formation professionnelle,Franco,514 855-4189
,769010,École Ulluriaq,École Ulluriaq,Kangiqsualujjuaq,,99090,Kangiqsualujjuaq,VN,J0M1N0,1,1,1,0,0,École,Public,https://www.kativik.qc.ca/contact/#idschools,769000,Commission scolaire Kativik,-65.958364,58.697326,Préscolaire - Primaire - Secondaire,Statut,819 337-5250
,769020,École Jaanimmarik,École Jaanimmarik,Kuujjuaq,,99095,Kuujjuaq,VN,J0M1C0,0,1,1,0,0,École,Public,https://www.kativik.qc.ca/contact/#idschools,769000,Commission scolaire Kativik,-68.401314,58.110322,Primaire - Secondaire,Statut,819 964-2913
,769022,École Pitakallak,École Pitakallak,Kuujjuaq,,99095,Kuujjuaq,VN,J0M1C0,1,1,0,0,0,École,Public,https://www.kativik.qc.ca/contact/#idschools,769000,Commission scolaire Kativik,-68.398149,58.11254,Préscolaire - Primaire,Statut,819 964-2654
,769030,École Ajagutak,École Ajagutak,Tasiujaq,,99100,Tasiujaq,VN,J0M1T0,1,1,1,0,0,École,Public,https://www.kativik.qc.ca/contact/#idschools,769000,Commission scolaire Kativik,-69.927527,58.697488,Préscolaire - Primaire - Secondaire,Statut,819 633-5152
,769040,École Tarsakallak,École Tarsakallak,210 avenue Akunniq,,99105,Aupaluk,VN,J0M1X0,1,1,1,0,0,École,Public,https://www.kativik.qc.ca/contact/#idschools,769000,Commission scolaire Kativik,-69.603963,59.301245,Préscolaire - Primaire - Secondaire,Statut,819 491-7072
,769050,École Sautjuit,École Sautjuit,Kangirsuk,,99110,Kangirsuk,VN,J0M1A0,1,1,1,0,0,École,Public,https://www.kativik.qc.ca/contact/#idschools,769000,Commission scolaire Kativik,-70.013575,60.018321,Préscolaire - Primaire - Secondaire,Statut,819 935-4318
,769060,École Isummasaqvik,École Isummasaqvik,Quaqtaq,,99115,Quaqtaq,VN,J0M1J0,1,1,1,0,0,École,Public,https://www.kativik.qc.ca/contact/#idschools,769000,Commission scolaire Kativik,-69.627863,61.04424,Préscolaire - Primaire - Secondaire,Statut,819 492-9948
,769070,École Arsaniq,École Arsaniq,Kangiqsujuaq,,99130,Kangiqsujuaq,VN,J0M1K0,1,1,1,0,0,École,Public,https://www.kativik.qc.ca/contact/#idschools,769000,Commission scolaire Kativik,-71.956352,61.596649,Préscolaire - Primaire - Secondaire,Statut,819 338-3293
,769080,École Ikusik,École Ikusik,Salluit,,99135,Salluit,VN,J0M1S0,0,1,1,0,0,École,Public,https://www.kativik.qc.ca/contact/#idschools,769000,Commission scolaire Kativik,-75.645292,62.203369,Primaire - Secondaire,Statut,819 255-8827
,769082,École Pigiurvik,École Pigiurvik,Salluit,,99135,Salluit,VN,J0M1S0,1,1,0,0,0,École,Public,https://www.kativik.qc.ca/contact/#idschools,769000,Commission scolaire Kativik,-75.64461,62.202899,Préscolaire - Primaire,Statut,819 255-8827
,769090,École Nuvviti,École Nuvviti,Ivujivik C.p. 60,,99140,Ivujivik,VN,J0M1H0,1,1,1,0,0,École,Public,https://www.kativik.qc.ca/contact/#idschools,769000,Commission scolaire Kativik,-77.917714,62.41521,Préscolaire - Primaire - Secondaire,Statut,819 922-9918
,769100,École Iguarsivik,École Iguarsivik,Puvirnituq,,99120,Puvirnituq,VN,J0M1P0,0,1,1,0,0,École,Public,https://www.kativik.qc.ca/contact/#idschools,769000,Commission scolaire Kativik,-77.272707,60.036857,Primaire - Secondaire,Statut,819 988-2961
,769102,École Ikaarvik,École Ikaarvik,Puvirnituq,,99120,Puvirnituq,VN,J0M1P0,1,1,0,0,0,École,Public,https://www.kativik.qc.ca/contact/#idschools,769000,Commission scolaire Kativik,-77.279841,60.038105,Préscolaire - Primaire,Statut,819 988-0000
,769110,École Tukisiniarvik,École Tukisiniarvik,Akulik,,99125,Akulivik,VN,J0M1V0,1,1,1,0,0,École,Public,https://www.kativik.qc.ca/contact/#idschools,769000,Commission scolaire Kativik,-78.187554,60.808076,Préscolaire - Primaire - Secondaire,Statut,819 496-2711
,769120,École Innalik,École Innalik,Inukjuak,Case Postale 287,99085,Inukjuak,VN,J0M1M0,1,1,0,0,0,École,Public,https://www.kativik.qc.ca/contact/#idschools,769000,Commission scolaire Kativik,-78.104516,58.455671,Préscolaire - Primaire,Statut,819 254-8213
,769122,École Uquutaq,École Uquutaq,Inukjuak,Case Postale 287,99085,Inukjuak,VN,J0M1M0,0,0,1,0,0,École,Public,https://www.kativik.qc.ca/contact/#idschools,769000,Commission scolaire Kativik,-78.110872,58.451612,Secondaire,Statut,819 254-8213
,769130,École kiluutaq,École Kiluutaq,Umiujaq,,99080,Umiujaq,VN,J0M1Y0,1,1,1,0,0,École,Public,https://www.kativik.qc.ca/contact/#idschools,769000,Commission scolaire Kativik,-76.548113,56.552215,Préscolaire - Primaire - Secondaire,Statut,819 331-7060
,769140,École Asimauttaq,École Asimauttaq,Kuujjuarapik,,99075,Kuujjuarapik,VN,J0M1G0,1,1,1,0,0,École,Public,https://www.kativik.qc.ca/contact/#idschools,769000,Commission scolaire Kativik,-77.762345,55.278396,Préscolaire - Primaire - Secondaire,Statut,819 929-3331
,769302,CEA FP Kuujjuaq,Centre d'éducation aux adultes et de la formation professionnelle Kajusivik,Kuujjuaq,,99095,Kuujjuaq,VN,J0M1C0,0,0,0,0,1,Centre éducation aux adultes,Public,,769000,Commission scolaire Kativik,-68.390472,58.10968,Éducation aux adultes,Statut,819 964-2750
,769310,CEA Puvirnituq,Centre d'éducation aux adultes Puvirnituq,Puvirnituq,,99120,Puvirnituq,VN,J0M1P0,0,0,0,0,1,Centre éducation aux adultes,Public,,769000,Commission scolaire Kativik,-77.272707,60.036857,Éducation aux adultes,Statut,819 988-2269
,769312,CEA FP Inukjuak,Centre Nunavimmi Pigiursavik,Inukjuak,,99085,Inukjuak,VN,J0M1M0,0,0,0,0,1,Centre éducation aux adultes,Public,https://www.kativik.qc.ca/ksbportal/index.php?module=subjects&func=viewpage&pageid=139,769000,Commission scolaire Kativik,-78.116838,58.451553,Éducation aux adultes,Statut,819 254-8247
,769314,CEA Kuujjuaraapik,Centre d'éducation aux adultes Sakivivik,Kuujjuaraapik,,99075,Kuujjuarapik,VN,J0M1G0,0,0,0,0,1,Centre éducation aux adultes,Public,,769000,Commission scolaire Kativik,-77.763426,55.274884,Éducation aux adultes,Statut,819 929-3222
,769330,CEA Tasiujaq,Centre d'éducation des adultes de Tasiujaq,Tasiujaq,,99100,Tasiujaq,VN,J0M1T0,0,0,0,0,1,Centre éducation aux adultes,Public,,769000,Commission scolaire Kativik,-69.927527,58.697488,Éducation aux adultes,Statut,514 482-8220
,769370,CEA Kangiqsujuaq,Centre d'éducation aux adultes Nasivvik,Kangiqsujuaq,,99130,Kangiqsujuaq,VN,J0M1K0,0,0,0,0,1,Centre éducation aux adultes,Public,,769000,Commission scolaire Kativik,-71.956748,61.596598,Éducation aux adultes,Statut,819 338-3346
,769380,CEA FP Salluit,Centre d'éducation aux adultes et de la formation professionnelle Qaunnaq,Salluit,,99135,Salluit,VN,J0M1S0,0,0,0,0,1,Centre éducation aux adultes,Public,,769000,Commission scolaire Kativik,-75.640712,62.207011,Éducation aux adultes,Statut,819 255-8933
,769402,CEA FP Kuujjuaq,Centre d'éducation aux adultes et de la formation professionnelle Kajusivik,Kuujjuaq,,99095,Kuujjuaq,VN,J0M1C0,0,0,0,1,0,Centre de formation professionnelle,Public,,769000,Commission scolaire Kativik,-68.390472,58.10968,Formation professionnelle,Statut,819 964-2750
,769412,CEA FP Inukjuak,Centre Nunavimmi Pigiursavik,Inukjuak,,99085,Inukjuak,VN,J0M1M0,0,0,0,1,0,Centre de formation professionnelle,Public,https://www.kativik.qc.ca/ksbportal/index.php?module=subjects&func=viewpage&pageid=139,769000,Commission scolaire Kativik,-78.116838,58.451553,Formation professionnelle,Statut,819 254-8486
,769470,CEA FP Kangiqsujuaq,Centre d'éducation aux adultes et de la professionnelle Nasivik,Kangiqsujuaq,,99130,Kangiqsujuaq,VN,J0M1K0,0,0,0,1,0,Centre de formation professionnelle,Public,,769000,Commission scolaire Kativik,-71.945377,61.599487,Formation professionnelle,Statut,819 338-3346
,769480,CEA FP Salluit,Centre d'éducation aux adultes et de la formation professionnelle Qaunnaq,Salluit,,99135,Salluit,VN,J0M1S0,0,0,0,1,0,Centre de formation professionnelle,Public,,769000,Commission scolaire Kativik,-75.644911,62.203455,Formation professionnelle,Statut,819 255-8933
,771001,École Carle,École Carle,"306, rue Jacques-Buteux",,81017,Gatineau,V,J8P6A2,1,1,0,0,0,École,Public,https://carle.cssd.gouv.qc.ca/,771000,Centre de services scolaire des Draveurs,-75.663512,45.488536,Préscolaire - Primaire,Franco,819 643-3422
,771004,École de la Rose-des-Vents,École de la Rose-des-Vents,"112, rue du Commandeur",,82020,Cantley,M,J8V3T5,1,1,0,0,0,École,Public,https://rosedesvents.cssd.gouv.qc.ca/,771000,Centre de services scolaire des Draveurs,-75.760142,45.544957,Préscolaire - Primaire,Franco,819 503-8090
,771005,École Massé,École Massé,"1, rue Saint-Alexandre",,81017,Gatineau,V,J8V1A8,1,1,0,0,0,École,Public,https://masse.cssd.gouv.qc.ca/,771000,Centre de services scolaire des Draveurs,-75.753972,45.493762,Préscolaire - Primaire,Franco,819 561-3313
,771006,École L'Équipage,École L'Équipage,"20, chemin de l'École",,82015,Val-des-Monts,M,J8N7E7,1,1,0,0,0,École,Public,https://equipage.cssd.gouv.qc.ca/,771000,Centre de services scolaire des Draveurs,-75.620413,45.599252,Préscolaire - Primaire,Franco,819 503-8022
,771008,École de la Colline,École de la Colline,"20, chemin du Parc",,82015,Val-des-Monts,M,J8N4J8,1,1,0,0,0,École,Public,https://colline.cssd.gouv.qc.ca/,771000,Centre de services scolaire des Draveurs,-75.717224,45.684454,Préscolaire - Primaire,Franco,819 503-8020
,771010,École Le Tremplin,École Le Tremplin,"31, rue de l'Abbé-Ginguet",,81017,Gatineau,V,J8T3Z4,1,1,0,0,0,École,Public,https://tremplin.cssd.gouv.qc.ca/,771000,Centre de services scolaire des Draveurs,-75.708241,45.470876,Préscolaire - Primaire,Franco,819 561-2435
,771011,École de Touraine,École de Touraine,"59, rue de Provence",,81017,Gatineau,V,J8T4V2,1,1,0,0,0,École,Public,https://touraine.cssd.gouv.qc.ca/,771000,Centre de services scolaire des Draveurs,-75.723307,45.473697,Préscolaire - Primaire,Franco,819 568-4331
,771013,École du Nouveau-Monde,École du Nouveau-Monde,"25, rue Saint-Arthur",,81017,Gatineau,V,J8T3C2,1,1,1,0,0,École,Public,https://nouveaumonde.cssd.gouv.qc.ca/,771000,Centre de services scolaire des Draveurs,-75.689937,45.470937,Préscolaire - Primaire - Secondaire,Franco,819 568-0844
,771015,École Sainte-Élisabeth,École Sainte-Élisabeth,"51, chemin Sainte-Élisabeth",,82020,Cantley,M,J8V3E8,1,1,0,0,0,École,Public,https://ste-elisabeth.cssd.gouv.qc.ca/,771000,Centre de services scolaire des Draveurs,-75.77314,45.564864,Préscolaire - Primaire,Franco,819 503-8024
,771017,École La Source,École La Source,"22, rue de l'Acadie",,81017,Gatineau,V,J8T6G8,1,1,0,0,0,École,Public,https://source.cssd.gouv.qc.ca/,771000,Centre de services scolaire des Draveurs,-75.704454,45.487317,Préscolaire - Primaire,Franco,819 568-7861
,771018,École Le Petit Prince,École Le Petit Prince,"44, rue de Juan-les-Pins",,81017,Gatineau,V,J8T6H2,1,1,0,0,0,École,Public,https://petitprince.cssd.gouv.qc.ca/,771000,Centre de services scolaire des Draveurs,-75.73293,45.485262,Préscolaire - Primaire,Franco,819 568-3777
,771019,École l'Oiseau Bleu,École l'Oiseau Bleu,"184, rue Nelligan",,81017,Gatineau,V,J8T6J9,1,1,0,0,0,École,Public,https://oiseaubleu.cssd.gouv.qc.ca/,771000,Centre de services scolaire des Draveurs,-75.694567,45.485421,Préscolaire - Primaire,Franco,819 568-2101
,771020,École de l'Envolée,École de l'Envolée,"299, rue Ernest-Gaboury",,81017,Gatineau,V,J8V2P8,1,1,0,0,0,École,Public,https://envolee.cssd.gouv.qc.ca/,771000,Centre de services scolaire des Draveurs,-75.696012,45.497111,Préscolaire - Primaire,Franco,819 568-5764
,771021,École du Vallon,École du Vallon,"88, rue de Cannes",,81017,Gatineau,V,J8V2M4,1,1,0,0,0,École,Public,https://vallon.cssd.gouv.qc.ca/,771000,Centre de services scolaire des Draveurs,-75.724935,45.4969,Préscolaire - Primaire,Franco,819 246-1992
,771022,Polyvalente Nicolas-Gatineau,École Polyvalente Nicolas-Gatineau,"360, boulevard La Vérendrye Est",,81017,Gatineau,V,J8P6K7,0,1,1,0,0,École,Public,https://nicolas-gatineau.cssd.gouv.qc.ca/,771000,Centre de services scolaire des Draveurs,-75.645705,45.49859,Primaire - Secondaire,Franco,819 663-9241
,771033,Polyvalente de l'Érablière,École Polyvalente de l'Érablière,"500, rue de Cannes",,81017,Gatineau,V,J8V1J6,0,0,1,0,0,École,Public,https://erabliere.cssd.gouv.qc.ca/,771000,Centre de services scolaire des Draveurs,-75.739708,45.493688,Secondaire,Franco,819 561-2320
,771035,Polyvalente Le Carrefour,Polyvalente Le Carrefour,"50, chemin de la Savane",,81017,Gatineau,V,J8T3N2,0,1,1,0,0,École,Public,https://carrefour.cssd.gouv.qc.ca/,771000,Centre de services scolaire des Draveurs,-75.69675,45.473162,Primaire - Secondaire,Franco,819 568-9012
,771038,École secondaire du Versant,École secondaire du Versant,"808, boulevard de la Cité",,81017,Gatineau,V,J8R3S8,0,0,1,0,0,École,Public,https://versant.cssd.gouv.qc.ca/,771000,Centre de services scolaire des Draveurs,-75.680538,45.493914,Secondaire,Franco,819 243-1144
,771041,École des Cépages,École des Cépages,"445, rue Nobert",,81017,Gatineau,V,J8R3P2,1,1,0,0,0,École,Public,https://cepages.cssd.gouv.qc.ca/,771000,Centre de services scolaire des Draveurs,-75.670098,45.503512,Préscolaire - Primaire,Franco,819 663-1973
,771042,École de l'Odyssée,École de l'Odyssée,"180, rue Magnus Ouest",,81017,Gatineau,V,J8P2R2,1,1,0,0,0,École,Public,https://odyssee.cssd.gouv.qc.ca/,771000,Centre de services scolaire des Draveurs,-75.653371,45.493967,Préscolaire - Primaire,Franco,819 663-9226
,771043,École de l'Escalade,École de l'Escalade,"605, rue Davidson Est",,81017,Gatineau,V,J8R2V9,1,1,0,0,0,École,Public,https://escalade.cssd.gouv.qc.ca/,771000,Centre de services scolaire des Draveurs,-75.635602,45.50574,Préscolaire - Primaire,Franco,819 663-5558
,771044,École de l'Orée-des-Bois,École de l'Orée-des-Bois,"79, Mont-Joël",,82020,Cantley,M,J8V4B9,1,1,0,0,0,École,Public,https://oreedesbois.cssd.gouv.qc.ca/,771000,Centre de services scolaire des Draveurs,-75.756218,45.542653,Préscolaire - Primaire,Franco,819 503-8088
,771051,École de la Traversée,École de la Traversée,"563, rue Clément",,81017,Gatineau,V,J8P3Y9,1,1,0,0,0,École,Public,https://traversee.cssd.gouv.qc.ca/,771000,Centre de services scolaire des Draveurs,-75.630704,45.482235,Préscolaire - Primaire,Franco,819 663-5983
,771052,École des Belles-Rives,École des Belles-Rives,"23, rue Forget",,81017,Gatineau,V,J8P2H7,1,1,0,0,0,École,Public,https://bellesrives.cssd.gouv.qc.ca/,771000,Centre de services scolaire des Draveurs,-75.609797,45.500422,Préscolaire - Primaire,Franco,819 663-3360
,771053,École du Bois Joli,École du Bois Joli,"1165, boulevard Saint-René Est",,81017,Gatineau,V,J8R1N1,1,1,0,0,0,École,Public,https://boisjoli.cssd.gouv.qc.ca/,771000,Centre de services scolaire des Draveurs,-75.591469,45.505488,Préscolaire - Primaire,Franco,819 669-1207
,771057,École des Trois-Saisons,École des Trois-Saisons,"114, rue de la Reine- Élisabeth Est",,81017,Gatineau,V,J8P5G5,1,1,0,0,0,École,Public,https://troissaisons.cssd.gouv.qc.ca/,771000,Centre de services scolaire des Draveurs,-75.648654,45.486302,Préscolaire - Primaire,Franco,819 663-4229
,771058,École de la Montée,École de la Montée,"500, rue Joseph-Demontigny",,81017,Gatineau,V,J8P7C4,1,1,0,0,0,École,Public,https://montee.cssd.gouv.qc.ca/,771000,Centre de services scolaire des Draveurs,-75.67144,45.494002,Préscolaire - Primaire,Franco,819 663-6000
,771060,École La Sablonnière,École La Sablonnière,"143, rue des Sables",,81017,Gatineau,V,J8P7G6,1,1,0,0,0,École,Public,https://sablonniere.cssd.gouv.qc.ca/,771000,Centre de services scolaire des Draveurs,-75.593178,45.49626,Préscolaire - Primaire,Franco,819 643-1882
,771061,École du Cheval-Blanc,École du Cheval-Blanc,"173, rue de la Châteauguay",,81017,Gatineau,V,J8P7T5,1,1,0,0,0,École,Public,https://chevalblanc.cssd.gouv.qc.ca/,771000,Centre de services scolaire des Draveurs,-75.582164,45.498448,Préscolaire - Primaire,Franco,819 568-6677
,771062,École du Sommet,École du Sommet,2197 Montée Paiement,,82015,Val-des-Monts,M,J8N7C9,1,1,0,0,0,École,Public,https://sommet.cssd.gouv.qc.ca/,771000,Centre de services scolaire des Draveurs,-75.626,45.600132,Préscolaire - Primaire,Franco,819 931-2303
,771063,École des Apprentis-Sages,École des Apprentis-Sages,"385, rue Brébeuf",,81017,Gatineau,V,J8P5W2,1,1,0,0,0,École,Public,https://apprentis-sages.cssd.gouv.qc.ca/,771000,Centre de services scolaire des Draveurs,-75.659292,45.490979,Préscolaire - Primaire,Franco,819 663-9221
,771064,École des Sentiers,École des Sentiers,"257, rue Luck",,81017,Gatineau,V,J8P3S4,1,1,0,0,0,École,Public,,771000,Centre de services scolaire des Draveurs,-75.629737,45.486898,Préscolaire - Primaire,Franco,819 663-5326
,771350,CEA des Draveurs,Centre d'éducation des adultes des Draveurs,"85, rue Du Barry",,81017,Gatineau,V,J8T3N5,0,0,0,0,1,Centre éducation aux adultes,Public,https://cead.cssd.gouv.qc.ca/,771000,Centre de services scolaire des Draveurs,-75.709801,45.481928,Éducation aux adultes,Franco,819 243-2151
,771440,C.F.P. Compétences Outaouais,Centre de formation professionnelle Compétences Outaouais,"361, boulevard Maloney Ouest",,81017,Gatineau,V,J8P7E9,0,0,0,1,0,Centre de formation professionnelle,Public,https://cco.cssd.gouv.qc.ca/,771000,Centre de services scolaire des Draveurs,-75.662091,45.484554,Formation professionnelle,Franco,819 643-2000
,772001,École Euclide-Lanthier,École Euclide-Lanthier,"50, rue Élizabeth",,81017,Gatineau,V,J9H1E9,1,1,1,0,0,École,Public,https://euclidelanthier.csspo.gouv.qc.ca/,772000,Centre de services scolaire des Portages-de-l'Outaouais,-75.83112,45.39197,Préscolaire - Primaire - Secondaire,Franco,819 684-5341
,772002,École Côte-du-Nord,École Côte-du-Nord,"15, rue Des Groseilliers",,81017,Gatineau,V,J8Z1M4,1,1,0,0,0,École,Public,https://cotedunord.csspo.gouv.qc.ca/,772000,Centre de services scolaire des Portages-de-l'Outaouais,-75.762741,45.461684,Préscolaire - Primaire,Franco,819 771-9773
,772003,École des Rapides-Deschênes,École des Rapides-Deschênes,"113, chemin Vanier",,81017,Gatineau,V,J9H1Z2,1,1,0,0,0,École,Public,https://www.csspo.gouv.qc.ca/etablissements/ecole-des-rapides-deschenes/,772000,Centre de services scolaire des Portages-de-l'Outaouais,-75.804916,45.388102,Préscolaire - Primaire,Franco,819 685-2635
,772004,École internationale du Mont-Bleu,École internationale du Mont-Bleu,"45, rue Boucher",,81017,Gatineau,V,J8Y6G2,1,1,0,0,0,École,Public,https://mont-bleu.csspo.gouv.qc.ca/,772000,Centre de services scolaire des Portages-de-l'Outaouais,-75.755762,45.457589,Préscolaire - Primaire,Franco,819 777-5921
,772005,École Jean-de-Brébeuf,École Jean-de-Brébeuf,"360, boulevard de Lucerne",,81017,Gatineau,V,J9A1A7,1,1,0,0,0,École,Public,https://www.csspo.gouv.qc.ca/etablissements/ecole-jean-de-brebeuf/,772000,Centre de services scolaire des Portages-de-l'Outaouais,-75.748516,45.420702,Préscolaire - Primaire,Franco,819 777-9353
,772006,École internationale du Village,École internationale du Village,"19, rue Symmes",,81017,Gatineau,V,J9H3J3,1,1,0,0,0,École,Public,,772000,Centre de services scolaire des Portages-de-l'Outaouais,-75.851244,45.395659,Préscolaire - Primaire,Franco,819 685-2611
,772007,École du Lac-des-Fées,École du Lac-des-Fées,"4, rue Camille-Gay",,81017,Gatineau,V,J8Y2K5,1,1,0,0,0,École,Public,,772000,Centre de services scolaire des Portages-de-l'Outaouais,-75.745189,45.438308,Préscolaire - Primaire,Franco,819 777-6889
,772008,École du Plateau,École du Plateau,"145, rue de l'Atmosphère",,81017,Gatineau,V,J9A3G3,1,1,0,0,0,École,Public,https://plateau.csspo.gouv.qc.ca,772000,Centre de services scolaire des Portages-de-l'Outaouais,-75.781516,45.439582,Préscolaire - Primaire,Franco,819 772-2694
,772011,École du Vieux-Verger,École du Vieux-Verger,"550, boulevard Wilfrid Lavigne",,81017,Gatineau,V,J9H6L5,1,1,0,0,0,École,Public,https://vieuxverger.csspo.gouv.qc.ca,772000,Centre de services scolaire des Portages-de-l'Outaouais,-75.837164,45.404756,Préscolaire - Primaire,Franco,819 684-0222
,772012,École du Grand-Boisé,École du Grand-Boisé,"135, chemin Scott",,82025,Chelsea,M,J9B1R6,1,1,0,0,0,École,Public,https://grandboise.csspo.gouv.qc.ca,772000,Centre de services scolaire des Portages-de-l'Outaouais,-75.810942,45.517215,Préscolaire - Primaire,Franco,819 503-8807
,772013,École Saint-Paul,École Saint-Paul,"145, rue Isabelle",,81017,Gatineau,V,J8Y5H5,1,1,0,0,0,École,Public,,772000,Centre de services scolaire des Portages-de-l'Outaouais,-75.746978,45.459493,Préscolaire - Primaire,Franco,819 776-5557
,772014,École des Trois-Portages,École des Trois-Portages,"120, rue Broad",,81017,Gatineau,V,J9H6W3,1,1,0,0,0,École,Public,https://www.cspo.qc.ca/ecole/troisportages/index.htm,772000,Centre de services scolaire des Portages-de-l'Outaouais,-75.844068,45.40647,Préscolaire - Primaire,Franco,819 682-2742
,772015,École du Parc-de-la-Montagne,École du Parc-de-la-Montagne,"15, rue Doucet",,81017,Gatineau,V,J8Y5N4,1,1,0,0,0,École,Public,,772000,Centre de services scolaire des Portages-de-l'Outaouais,-75.74807,45.450475,Préscolaire - Primaire,Franco,819 771-8531
,772016,École Saint-Jean-Bosco,École Saint-Jean-Bosco,"71, rue Saint-Jean-Bosco",,81017,Gatineau,V,J8Y3G5,1,1,1,0,0,École,Public,,772000,Centre de services scolaire des Portages-de-l'Outaouais,-75.736654,45.428587,Préscolaire - Primaire - Secondaire,Franco,819 777-8662
,772017,École Notre-Dame,École Notre-Dame,"170, rue Papineau",,81017,Gatineau,V,J8X1V9,1,1,0,0,0,École,Public,,772000,Centre de services scolaire des Portages-de-l'Outaouais,-75.716953,45.430019,Préscolaire - Primaire,Franco,819 777-2818
,772018,École du Dôme,École du Dôme,"40, rue du Dôme",,81017,Gatineau,V,J8Z3J4,1,1,0,0,0,École,Public,https://dome.csspo.gouv.qc.ca,772000,Centre de services scolaire des Portages-de-l'Outaouais,-75.750382,45.472816,Préscolaire - Primaire,Franco,819 595-5125
,772019,École Saint-Rédempteur,École Saint-Rédempteur,"39, rue Saint-Florent",,81017,Gatineau,V,J8X2Z8,1,1,0,0,0,École,Public,,772000,Centre de services scolaire des Portages-de-l'Outaouais,-75.719553,45.434311,Préscolaire - Primaire,Franco,819 771-8478
,772020,École au Coeur-des-Collines,École au Coeur-des-Collines,"5B, rue Principale Ouest",,82035,La Pêche,M,J0X2W0,1,1,0,0,0,École,Public,https://coeurdescollines.csspo.gouv.qc.ca,772000,Centre de services scolaire des Portages-de-l'Outaouais,-76.038823,45.641707,Préscolaire - Primaire,Franco,819 503-8809
,772026,École du Marais,École du Marais,"200, rue du Marigot",,81017,Gatineau,V,J9J0T9,1,1,0,0,0,École,Public,,772000,Centre de services scolaire des Portages-de-l'Outaouais,-75.806508,45.426234,Préscolaire - Primaire,Franco,819 682-9130
,772027,École de la Vallée-des-Voyageurs,École de la Vallée-des-Voyageurs,"14, chemin du Village",,82030,Pontiac,M,J0X2G0,1,1,0,0,0,École,Public,,772000,Centre de services scolaire des Portages-de-l'Outaouais,-76.015125,45.534825,Préscolaire - Primaire,Franco,819 503-8808
,772028,École des Deux-Ruisseaux,École des Deux-Ruisseaux,"278, rue de l'Atmosphère",,81017,Gatineau,V,J9J3V2,1,1,0,0,0,École,Public,,772000,Centre de services scolaire des Portages-de-l'Outaouais,-75.793511,45.436121,Préscolaire - Primaire,Franco,819 771-1472
,772029,École des Tournesols,École des Tournesols,"45, rue de la Fabrique",,81017,Gatineau,V,J9J0E1,1,1,0,0,0,École,Public,,772000,Centre de services scolaire des Portages-de-l'Outaouais,-75.858476,45.411132,Préscolaire - Primaire,Franco,819 332-2004
,772032,École de l'Amérique-Française,École de l'Amérique-Française,"125, boulevard de l'Amérique-Française",,81017,Gatineau,V,J9J1G9,1,1,0,0,0,École,Public,,772000,Centre de services scolaire des Portages-de-l'Outaouais,-75.812411,45.436718,Préscolaire - Primaire,Franco,819 332-5994
,772033,École des Cavaliers,École des Cavaliers,"120, rue Nancy-Elliot",,81017,Gatineau,V,J9H0J3,1,1,0,0,0,École,Public,,772000,Centre de services scolaire des Portages-de-l'Outaouais,-75.800251,45.400042,Préscolaire - Primaire,Franco,819 332-2035
,772034,École de la Forêt,École de la Forêt,"219, avenue du Bois-Franc",,81017,Gatineau,V,J9J2V3,1,1,0,0,0,École,Public,,772000,Centre de services scolaire des Portages-de-l'Outaouais,-75.845103,45.415463,Préscolaire - Primaire,Franco,819 503-8815
,772035,École de la Petite-Ourse,École de la Petite-Ourse,245 rue du Raton-Laveur,,81017,Gatineau,V,J9J3G8,1,1,0,0,0,École,Public,,772000,Centre de services scolaire des Portages-de-l'Outaouais,-75.856788,45.42385,Préscolaire - Primaire,Franco,819 332-2005
,772036,École du Grand-Héron,École du Grand-Héron,"395, Boulevard de lAmérique-Française",,81017,Gatineau,V,J9J2T5,1,1,0,0,0,École,Public,,772000,Centre de services scolaire des Portages-de-l'Outaouais,-75.803127,45.429997,Préscolaire - Primaire,Franco,819 685-2615
,772037,École de l'Aigle,École de l'Aigle,"155, rue du Golf",,81017,Gatineau,V,J9J0R1,1,1,0,0,0,École,Public,,772000,Centre de services scolaire des Portages-de-l'Outaouais,-75.815568,45.405513,Préscolaire - Primaire,Franco,873 636-3982
,772040,École secondaire de la Nouvelle-Ère,École secondaire de la Nouvelle-Ère,400 rue Fraser,,81017,Gatineau,V,J9J4G1,0,1,1,0,0,École,Public,,772000,Centre de services scolaire des Portages-de-l'Outaouais,-75.825741,45.398129,Primaire - Secondaire,Franco,819 771-4548
,772041,École secondaire de la Cité,École secondaire de la Cité,"495, boulevard du Plateau",,81017,Gatineau,V,J9J4J8,0,0,1,0,0,École,Public,https://cite.csspo.gouv.qc.ca/,772000,Centre de services scolaire des Portages-de-l'Outaouais,-75.80574,45.434,Secondaire,Franco,819 771-4548
,772042,École secondaire des Lacs,École secondaire des Lacs,"32, chemin Passe-Partout",,82035,La Pêche,M,J0X2W0,0,0,1,0,0,École,Public,https://deslacs.csspo.gouv.qc.ca,772000,Centre de services scolaire des Portages-de-l'Outaouais,-76.037557,45.643528,Secondaire,Franco,819 503-8810
,772044,École secondaire Grande-Rivière,École secondaire Grande-Rivière,"100, rue Broad",,81017,Gatineau,V,J9H6A9,0,0,1,0,0,École,Public,https://esgr.csspo.gouv.qc.ca,772000,Centre de services scolaire des Portages-de-l'Outaouais,-75.843581,45.40446,Secondaire,Franco,819 682-8222
,772046,École secondaire Mont-Bleu,École secondaire Mont-Bleu,"389, boulevard de la Cité des Jeunes",,81017,Gatineau,V,J8Z1W6,0,0,1,0,0,École,Public,https://mont-bleu.csspo.gouv.qc.ca,772000,Centre de services scolaire des Portages-de-l'Outaouais,-75.771101,45.461891,Secondaire,Franco,819 771-7131
,772048,École secondaire de l'Île,École secondaire de l'Île,"255, rue Saint-Rédempteur",,81017,Gatineau,V,J8X2T4,0,0,1,0,0,École,Public,https://ile.csspo.gouv.qc.ca,772000,Centre de services scolaire des Portages-de-l'Outaouais,-75.72422,45.436026,Secondaire,Franco,819 771-6126
,772049,École des services spécialisés,École des services spécialisés,"225, rue St-Rédempteur",,81017,Gatineau,V,J8X2T3,1,1,1,0,0,École,Public,,772000,Centre de services scolaire des Portages-de-l'Outaouais,-75.722868,45.433947,Préscolaire - Primaire - Secondaire,Franco,819 771-4548
,772302,CEA des Portages-de-l'Outaouais,Centre d'éducation des adultes des Portages-de-l'Outaouais,"30, boulevard Saint-Raymond",,81017,Gatineau,V,J8Y1R6,0,0,0,0,1,Centre éducation aux adultes,Public,,772000,Centre de services scolaire des Portages-de-l'Outaouais,-75.736779,45.447746,Éducation aux adultes,Franco,819 771-7620
,772442,CFPPO,Centre de formation professionnelle des Portages-de-l'Outaouais,"249, boulevard de la Cité-des-Jeunes",,81017,Gatineau,V,J8Y6L2,0,0,0,1,0,Centre de formation professionnelle,Public,https://cfppo.csspo.gouv.qc.ca,772000,Centre de services scolaire des Portages-de-l'Outaouais,-75.765128,45.452188,Formation professionnelle,Franco,819 771-0863
,773001,École Adrien-Guillaume,École Adrien-Guillaume,"69, rue Montfort",,80103,Chénéville,M,J0V1E0,1,1,0,0,0,École,Public,https://adrien-guillaume.csscv.gouv.qc.ca/,773000,Centre de services scolaire au Coeur-des-Vallées,-75.053495,45.883141,Préscolaire - Primaire,Franco,819 427-1011
,773002,École Saint-Coeur-de-Marie,École Saint-Coeur-de-Marie,"27, rue Major",,80078,Ripon,M,J0V1V0,1,1,0,0,0,École,Public,https://st-coeur-de-marie.csscv.gouv.qc.ca/,773000,Centre de services scolaire au Coeur-des-Vallées,-75.100945,45.784442,Préscolaire - Primaire,Franco,819 427-1014
,773004,École Providence/J.-M.-Robert,École Providence/J.-M.-Robert,"1, rue Villeneuve",,80027,Saint-André-Avellin,M,J0V1W0,1,1,1,0,0,École,Public,https://providence.csscv.gouv.qc.ca/,773000,Centre de services scolaire au Coeur-des-Vallées,-75.058666,45.720724,Préscolaire - Primaire - Secondaire,Franco,819 427-1013
,773007,École Saint-Michel,École Saint-Michel,"240, rue Bonsecours",,80010,Montebello,M,J0V1L0,1,1,0,0,0,École,Public,https://st-michelm.csscv.gouv.qc.ca/,773000,Centre de services scolaire au Coeur-des-Vallées,-74.94005,45.651574,Préscolaire - Primaire,Franco,819 427-1015
,773009,École Saint-Pie-X,École Saint-Pie-X,"183, rue Jeanne-d'Arc",,80037,Papineauville,M,J0V1R0,1,1,0,0,0,École,Public,https://st-piex.csscv.gouv.qc.ca/,773000,Centre de services scolaire au Coeur-des-Vallées,-75.018841,45.618771,Préscolaire - Primaire,Franco,819 427-5576
,773010,École secondaire Louis-Joseph-Papineau,École secondaire Louis-Joseph-Papineau,"378, rue Papineau",,80037,Papineauville,M,J0V1R0,0,0,1,0,0,École,Public,https://ljp.csscv.gouv.qc.ca/,773000,Centre de services scolaire au Coeur-des-Vallées,-75.027306,45.617263,Secondaire,Franco,819 427-6258
,773016,École Sacré-Coeur,École Sacré-Coeur,"75, rue Saint-Jean-Baptiste",,80045,Plaisance,M,J0V1S0,1,1,0,0,0,École,Public,https://sacre-coeur.csscv.gouv.qc.ca/,773000,Centre de services scolaire au Coeur-des-Vallées,-75.112249,45.607827,Préscolaire - Primaire,Franco,819 427-5610
,773017,École Sainte-Famille/aux Trois-Chemins,École Sainte-Famille/aux Trois-Chemins,"183, rue Galipeau",,80050,Thurso,V,J0X3B0,0,0,1,0,0,École,Public,https://ste-famille-trois-chemins.csscv.gouv.qc.ca/,773000,Centre de services scolaire au Coeur-des-Vallées,-75.243628,45.601892,Secondaire,Franco,819 427-1017
,773018,École Maria-Goretti,École Maria-Goretti,"373, rue Victoria",,80050,Thurso,V,J0X3B0,1,1,0,0,0,École,Public,https://maria-goretti.csscv.gouv.qc.ca/,773000,Centre de services scolaire au Coeur-des-Vallées,-75.248412,45.596508,Préscolaire - Primaire,Franco,819 427-1018
,773019,École Saint-Jean-de-Brébeuf,École Saint-Jean-de-Brébeuf,"32, Chemin de Montréal Est",,81017,Gatineau,V,J8M1E9,1,1,0,0,0,École,Public,https://st-jean-de-brebeuf.csscv.gouv.qc.ca/,773000,Centre de services scolaire au Coeur-des-Vallées,-75.416893,45.54383,Préscolaire - Primaire,Franco,819 986-5100
,773021,École du Sacré-Coeur,École du Sacré-Coeur,"420, rue du Progrès",,81017,Gatineau,V,J8M1T3,1,1,0,0,0,École,Public,https://du-sacre-coeur.csscv.gouv.qc.ca/,773000,Centre de services scolaire au Coeur-des-Vallées,-75.48777,45.524241,Préscolaire - Primaire,Franco,819 986-8296
,773022,École aux Quatre-Vents,École aux Quatre-Vents,"1115, rue de Neuville",,81017,Gatineau,V,J8M2C7,1,1,0,0,0,École,Public,https://aux-quatre-vents.csscv.gouv.qc.ca/,773000,Centre de services scolaire au Coeur-des-Vallées,-75.484596,45.536289,Préscolaire - Primaire,Franco,819 281-6225
,773023,École du Ruisseau,École du Ruisseau,"175, rue des Samares",,81017,Gatineau,V,J8M2B4,1,1,0,0,0,École,Public,https://du-ruisseau.csscv.gouv.qc.ca/,773000,Centre de services scolaire au Coeur-des-Vallées,-75.439029,45.558587,Préscolaire - Primaire,Franco,819 281-4846
,773025,École des Grands-Pins,École des Grands-Pins,11 chemin de l'Envolée,,82005,L'Ange-Gardien,M,J8L3H1,1,1,0,0,0,École,Public,https://des-grands-pins.csscv.gouv.qc.ca/,773000,Centre de services scolaire au Coeur-des-Vallées,-75.389958,45.623658,Préscolaire - Primaire,Franco,819 986-4135
,773026,École Monseigneur Charbonneau,École Monseigneur Charbonneau,"661, rue Allaire",,81017,Gatineau,V,J8L2B8,1,1,0,0,0,École,Public,https://mgr-charbonneau.csscv.gouv.qc.ca/,773000,Centre de services scolaire au Coeur-des-Vallées,-75.423673,45.578599,Préscolaire - Primaire,Franco,819 281-5333
,773027,École Saint-Michel,École Saint-Michel,"146-B, rue Maclaren Est",,81017,Gatineau,V,J8L1K1,1,1,1,0,0,École,Public,https://st-michelg.csscv.gouv.qc.ca/,773000,Centre de services scolaire au Coeur-des-Vallées,-75.414164,45.586868,Préscolaire - Primaire - Secondaire,Franco,819 986-8676
,773028,École Saint-Laurent,École Saint-Laurent,"402, rue Bélanger",,81017,Gatineau,V,J8L2M2,1,1,0,0,0,École,Public,https://st-laurent.csscv.gouv.qc.ca/,773000,Centre de services scolaire au Coeur-des-Vallées,-75.41296,45.590583,Préscolaire - Primaire,Franco,819 281-0233
,773029,École du Boisé,École du Boisé,"231, rue Dorchester",,81017,Gatineau,V,J8L1L9,1,1,0,0,0,École,Public,https://du-boise.csscv.gouv.qc.ca/,773000,Centre de services scolaire au Coeur-des-Vallées,-75.40592,45.588158,Préscolaire - Primaire,Franco,819 281-6110
,773030,École secondaire Hormisdas-Gamelin,École  secondaire Hormisdas-Gamelin,"580, rue Maclaren Est",,81017,Gatineau,V,J8L2W1,0,0,1,0,0,École,Public,https://eshg.csscv.gouv.qc.ca/,773000,Centre de services scolaire au Coeur-des-Vallées,-75.40157,45.587765,Secondaire,Franco,819 986-8511
,773033,École de la Montagne,École de la Montagne,"68, rue des Saules",,80087,Notre-Dame-de-la-Salette,M,J0X2L0,1,1,0,0,0,École,Public,https://de-la-montagne.csscv.gouv.qc.ca/,773000,Centre de services scolaire au Coeur-des-Vallées,-75.585669,45.767549,Préscolaire - Primaire,Franco,819 986-4129
,773370,Centre la Cité,Centre la Cité,"50, rue des Servantes",,81017,Gatineau,V,J8M1C2,0,0,0,0,1,Centre éducation aux adultes,Public,https://la-cite.csscv.gouv.qc.ca/,773000,Centre de services scolaire au Coeur-des-Vallées,-75.416404,45.545453,Éducation aux adultes,Franco,819 281-2054
,773380,Centre le Vallon,Centre le Vallon,"104, Allée des Montfortains Nord",,80037,Papineauville,M,J0V1R0,0,0,0,0,1,Centre éducation aux adultes,Public,https://le-vallon.csscv.gouv.qc.ca/,773000,Centre de services scolaire au Coeur-des-Vallées,-75.026855,45.617835,Éducation aux adultes,Franco,819 427-6266
,773440,CFP Innovation Outaouais,Centre de formation professionnelle Innovation Outaouais,"584, rue Maclaren Est",,81017,Gatineau,V,J8L2W2,0,0,0,1,0,Centre de formation professionnelle,Public,https://www.innovation-outaouais.com/,773000,Centre de services scolaire au Coeur-des-Vallées,-75.399552,45.588052,Formation professionnelle,Franco,819 986-8514
,774001,École secondaire Sieur-de-Coulonge,École secondaire Sieur-de-Coulonge,"250, chemin de la Chute",,84065,Mansfield-et-Pontefract,M,J0X1R0,0,0,1,0,0,École,Public,https://www.csshbo.gouv.qc.ca/fr/parents-eleves-et-communaute/parents/trouvez-votre-ecole/ecoles-sec,774000,Centre de services scolaire des Hauts-Bois-de-l'Outaouais,-76.717103,45.85643,Secondaire,Franco,819 683-3232
,774002,École des Petits-Ponts,École des Petits-Ponts,"25, rue Coulonge",,84060,Fort-Coulonge,VL,J0X1V0,1,1,0,0,0,École,Public,https://www.csshbo.gouv.qc.ca/fr/parents-eleves-et-communaute/parents/trouvez-votre-ecole/ecoles-pri,774000,Centre de services scolaire des Hauts-Bois-de-l'Outaouais,-76.739586,45.843677,Préscolaire - Primaire,Franco,819 683-2091
,774003,École du Coeur-de-la-Gatineau,École du Coeur-de-la-Gatineau,"11, chemin de Blue Sea",,83032,Gracefield,V,J0X1W0,1,1,1,0,0,École,Public,https://www.csshbo.gouv.qc.ca/fr/parents-eleves-et-communaute/parents/trouvez-votre-ecole/ecoles-sec,774000,Centre de services scolaire des Hauts-Bois-de-l'Outaouais,-76.056188,46.091388,Préscolaire - Primaire - Secondaire,Franco,819 463-2949
,774004,École Le Rucher,École Le Rucher de la Vallée-de-la-Gatineau,"248, rue Notre-Dame",,83065,Maniwaki,V,J9E2J8,1,1,0,0,0,École,Public,https://www.cshbo.qc.ca/sacre-coeur/,774000,Centre de services scolaire des Hauts-Bois-de-l'Outaouais,-75.975786,46.377782,Préscolaire - Primaire,Franco,819 449-4698
,774005,Cité étudiante de la Haute-Gatineau,École de la Cité étudiante de la Haute-Gatineau,"211, rue Henri-Bourassa",,83065,Maniwaki,V,J9E1E4,0,1,1,0,0,École,Public,https://www.csshbo.gouv.qc.ca/fr/parents-eleves-et-communaute/parents/trouvez-votre-ecole/ecoles-sec,774000,Centre de services scolaire des Hauts-Bois-de-l'Outaouais,-75.978031,46.380968,Primaire - Secondaire,Franco,819 449-7900
,774307,Centre d'éducation des adultes,Centre d'éducation des adultes,"335, rue du Couvent",,83065,Maniwaki,V,J9E1H5,0,0,0,0,1,Centre éducation aux adultes,Public,,774000,Centre de services scolaire des Hauts-Bois-de-l'Outaouais,-75.970131,46.37915,Éducation aux adultes,Franco,819 449-6644
,774408,C.F.P. - Pontiac,Centre de formation professionnelle Pontiac,"250, chemin de la Chute",,84065,Mansfield-et-Pontefract,M,J0X1R0,0,0,0,1,0,Centre de formation professionnelle,Public,,774000,Centre de services scolaire des Hauts-Bois-de-l'Outaouais,-76.717103,45.85643,Formation professionnelle,Franco,819 683-1419
,774410,École des métiers,École des métiers professionnelles,"211, rue Henri-Bourassa",,83065,Maniwaki,V,J9E1E4,0,0,0,1,0,Centre de formation professionnelle,Public,,774000,Centre de services scolaire des Hauts-Bois-de-l'Outaouais,-75.978031,46.380968,Formation professionnelle,Franco,819 449-7922
,781036,École Béarn-Fabre,École Béarn-Fabre,"38, rue Principale",,85020,Béarn,M,J0Z1G0,1,1,0,0,0,École,Public,https://www.csslt.gouv.qc.ca/,781000,Centre de services scolaire du Lac-Témiscamingue,-79.328303,47.293532,Préscolaire - Primaire,Franco,819 726-2251
,781044,École Marie-Assomption,École Marie-Assomption,"23, rue Principale",,85045,Saint-Bruno-de-Guigues,M,J0Z2G0,1,1,0,0,0,École,Public,https://www.csslt.gouv.qc.ca/,781000,Centre de services scolaire du Lac-Témiscamingue,-79.437101,47.463986,Préscolaire - Primaire,Franco,819 728-2910
,781048,École Saint-Isidore,École Saint-Isidore,"1, rue Des écoles Sud",,85052,Laverlochère-Angliers,M,J0Z2P0,1,1,0,0,0,École,Public,https://www.csslt.gouv.qc.ca/,781000,Centre de services scolaire du Lac-Témiscamingue,-79.310915,47.425978,Préscolaire - Primaire,Franco,819 765-3361
,781049,École Marcel-Raymond,École Marcel-Raymond,"45, rue Notre-Dame Est",,85037,Lorrainville,M,J0Z2R0,0,0,1,0,0,École,Public,https://www.csslt.gouv.qc.ca/,781000,Centre de services scolaire du Lac-Témiscamingue,-79.34925,47.354638,Secondaire,Franco,819 625-2444
,781053,École de l'Étoile-du-Nord,École de l'Étoile-du-Nord,"12, rue Beauséjour",,85090,Notre-Dame-du-Nord,M,J0Z3B0,1,1,0,0,0,École,Public,https://www.csslt.gouv.qc.ca/,781000,Centre de services scolaire du Lac-Témiscamingue,-79.486111,47.592567,Préscolaire - Primaire,Franco,819 723-2173
,781056,École Notre-Dame-de-Liesse,École Notre-Dame-de-Liesse,"14, 1re Avenue Ouest",,85085,Saint-Eugène-de-Guigues,M,J0Z3L0,1,1,0,0,0,École,Public,https://www.csslt.gouv.qc.ca/,781000,Centre de services scolaire du Lac-Témiscamingue,-79.353544,47.510538,Préscolaire - Primaire,Franco,819 785-3371
,781058,École Saint-Gabriel,École Saint-Gabriel,"4, rue Monfort",,85025,Ville-Marie,V,J9V1W2,1,1,0,0,0,École,Public,https://www.csslt.gouv.qc.ca/,781000,Centre de services scolaire du Lac-Témiscamingue,-79.435034,47.332784,Préscolaire - Primaire,Franco,819 629-2802
,781060,École Gilbert-Théberge,École Gilbert-Théberge,"40, rue Boucher",,85005,Témiscaming,V,J0Z3R0,1,1,1,0,0,École,Public,https://csslt.gouv.qc.ca,781000,Centre de services scolaire du Lac-Témiscamingue,-79.100401,46.721046,Préscolaire - Primaire - Secondaire,Franco,819 627-3337
,781067,École Rivière-des-Quinze,École Rivière-des-Quinze,"15, rue Desjardins",,85090,Notre-Dame-du-Nord,M,J0Z3B0,0,0,1,0,0,École,Public,https://csslt.gouv.qc.ca,781000,Centre de services scolaire du Lac-Témiscamingue,-79.490312,47.59106,Secondaire,Franco,819 723-2408
,781069,École Du Carrefour,École Du Carrefour,"5, rue du Carrefour Nord",,85060,Latulipe-et-Gaboury,CU,J0Z2N0,1,1,1,0,0,École,Public,https://csslt.gouv.qc.ca,781000,Centre de services scolaire du Lac-Témiscamingue,-79.031944,47.429356,Préscolaire - Primaire - Secondaire,Franco,819 747-4521
,781357,CFAT,Centre de formation des adultes du Témiscamingue,"9, rue Notre-Dame-de-Lourdes",,85025,Ville-Marie,V,J9V1X7,0,0,0,0,1,Centre éducation aux adultes,Public,https://csslt.gouv.qc.ca,781000,Centre de services scolaire du Lac-Témiscamingue,-79.442381,47.332125,Éducation aux adultes,Franco,819 629-2144
,781457,CFAT F.P.,Centre de formation des adultes du Témiscamingue - Formation professionnelle,"9, rue Notre-Dame-de-Lourdes",,85025,Ville-Marie,V,J9V1X7,0,0,0,1,0,Centre de formation professionnelle,Public,https://csslt.gouv.qc.ca,781000,Centre de services scolaire du Lac-Témiscamingue,-79.442381,47.332125,Formation professionnelle,Franco,819 629-2144
,782001,École de Bellecombe,École de Bellecombe,"2560, route des Pionniers",,86042,Rouyn-Noranda,V,J0Z1K0,1,1,0,0,0,École,Public,,782000,Centre de services scolaire de Rouyn-Noranda,-78.940312,48.097282,Préscolaire - Primaire,Franco,819 762-8161
,782003,École Cléricy - Mont-Brun,École Cléricy - Mont-Brun,"8290, route d'Aiguebelle",,86042,Rouyn-Noranda,V,J0Z1P0,1,1,0,0,0,École,Public,,782000,Centre de services scolaire de Rouyn-Noranda,-78.868669,48.365292,Préscolaire - Primaire,Franco,819 762-8161
,782004,École Notre-Dame-de-Grâce,École Notre-Dame-de-Grâce,"215, rue Notre-Dame",,86042,Rouyn-Noranda,V,J9X3A2,1,1,0,0,0,École,Public,,782000,Centre de services scolaire de Rouyn-Noranda,-79.026969,48.232826,Préscolaire - Primaire,Franco,819 762-8161
,782007,École Notre-Dame-de-Protection,École Notre-Dame-de-Protection,"50, avenue Murdoch",,86042,Rouyn-Noranda,V,J9X1C6,1,1,0,0,0,École,Public,,782000,Centre de services scolaire de Rouyn-Noranda,-79.013013,48.245697,Préscolaire - Primaire,Franco,819 762-8161
,782008,École des Collines,École des Collines,"5090, rue Saguenay",,86042,Rouyn-Noranda,V,J9Y0B1,1,1,0,0,0,École,Public,,782000,Centre de services scolaire de Rouyn-Noranda,-79.015391,48.361721,Préscolaire - Primaire,Franco,819 762-8161
,782009,École Sacré-Coeur,École Sacré-Coeur,"580, avenue Murdoch",,86042,Rouyn-Noranda,V,J9X1H5,1,1,1,0,0,École,Public,https://sacrec5.wixsite.com/website,782000,Centre de services scolaire de Rouyn-Noranda,-79.036159,48.247312,Préscolaire - Primaire - Secondaire,Franco,819 762-8161
,782010,École Entre-Lacs,École Entre-Lacs,"3973, rang Sawyer",,86042,Rouyn-Noranda,V,J0Z1S0,1,1,0,0,0,École,Public,,782000,Centre de services scolaire de Rouyn-Noranda,-79.151757,48.01025,Préscolaire - Primaire,Franco,819 762-8161
,782012,École de l'Étincelle,École de l'Étincelle,"56, rue Gélinas",,86042,Rouyn-Noranda,V,J0Z1Y0,1,1,0,0,0,École,Public,,782000,Centre de services scolaire de Rouyn-Noranda,-79.125633,48.243015,Préscolaire - Primaire,Franco,819 762-8161
,782014,École de Granada,École de Granada,"2370, avenue Granada",,86042,Rouyn-Noranda,V,J9Y1H6,1,1,0,0,0,École,Public,,782000,Centre de services scolaire de Rouyn-Noranda,-79.040827,48.191286,Préscolaire - Primaire,Franco,819 762-8161
,782015,École Le Prélude,École Le Prélude,"910, rue Côté",,86042,Rouyn-Noranda,V,J9X3S5,1,1,0,0,0,École,Public,,782000,Centre de services scolaire de Rouyn-Noranda,-79.000521,48.226765,Préscolaire - Primaire,Franco,819 762-8161
,782016,École Kinojévis,École Kinojévis,"3030, avenue Larivière",,86042,Rouyn-Noranda,V,J9Y0G8,1,1,0,0,0,École,Public,,782000,Centre de services scolaire de Rouyn-Noranda,-78.916948,48.213699,Préscolaire - Primaire,Franco,819 762-1127
,782018,École La Source,École La Source,"9, 10e Rue",,86042,Rouyn-Noranda,V,J9X2C5,0,1,1,0,0,École,Public,,782000,Centre de services scolaire de Rouyn-Noranda,-79.024337,48.244347,Primaire - Secondaire,Franco,819 762-8161
,782019,École D'Iberville,École D'Iberville,"275, avenue Forbes",,86042,Rouyn-Noranda,V,J9X5C9,1,1,1,0,0,École,Public,https://ecolediberville.ca/,782000,Centre de services scolaire de Rouyn-Noranda,-79.008478,48.234835,Préscolaire - Primaire - Secondaire,Franco,819 762-8161
,782020,École des Kekeko,École des Kekeko,"6884, boulevard Témiscamingue",,86042,Rouyn-Noranda,V,J9Y1N1,1,1,0,0,0,École,Public,,782000,Centre de services scolaire de Rouyn-Noranda,-79.151532,48.11082,Préscolaire - Primaire,Franco,819 797-5428
,782040,École de la Grande-Ourse,École de la Grande-Ourse,"70, rue des Oblats Est",C.P. 908,86042,Rouyn-Noranda,V,J9X5C9,1,1,1,0,0,École,Public,,782000,Centre de services scolaire de Rouyn-Noranda,-79.017332,48.230148,Préscolaire - Primaire - Secondaire,Franco,819 762-8161
,782391,Centre Élisabeth-Bruyère,Centre Élisabeth-Bruyère,"225, rue Perreault Est",,86042,Rouyn-Noranda,V,J9X3C5,0,0,0,0,1,Centre éducation aux adultes,Public,https://ceb-rn.ca/,782000,Centre de services scolaire de Rouyn-Noranda,-79.01366,48.238591,Éducation aux adultes,Franco,819 762-8161
,782438,Centre Polymétier,Centre Polymétier,"15, 10e Rue",,86042,Rouyn-Noranda,V,J9X2C5,0,0,0,1,0,Centre de formation professionnelle,Public,https://polymetier.qc.ca/,782000,Centre de services scolaire de Rouyn-Noranda,-79.024337,48.244347,Formation professionnelle,Franco,819 762-8161
,783003,Écoles primaires St-Paul--Ste-Gertrude,Écoles primaires St-Paul--Sainte-Gertrude,"6, rue de l'École",,88085,Sainte-Gertrude-Manneville,M,J0Y2L0,1,1,0,0,0,École,Public,https://www.cssh.gouv.qc.ca/etablissement/ecoles-saint-paul-sainte-gertrude/,783000,Centre de services scolaire Harricana,-78.308167,48.518701,Préscolaire - Primaire,Franco,819 732-2244
,783007,École Launay -Trécesson,École institutionnelle Launay - Trécesson,"339, rue Sauvé",Villemontel,88075,Trécesson,CT,J0Y2S0,1,1,0,0,0,École,Public,https://www.csharricana.qc.ca,783000,Centre de services scolaire Harricana,-78.362694,48.631141,Préscolaire - Primaire,Franco,819 732-3166
,783008,École Saint-Joseph,École Saint-Joseph,"332, 1re Rue Est",,88057,Amos,V,J9T2G5,1,1,0,0,0,École,Public,https://www.cssh.gouv.qc.ca/etablissement/ecole-saint-joseph/,783000,Centre de services scolaire Harricana,-78.112973,48.568106,Préscolaire - Primaire,Franco,819 732-4226
,783009,École de Berry,École de Berry,"271, Route 399",,88070,Berry,M,J0Y2G0,1,1,0,0,0,École,Public,https://www.cssh.gouv.qc.ca/etablissement/ecole-launay-trecesson/,783000,Centre de services scolaire Harricana,-78.255133,48.719914,Préscolaire - Primaire,Franco,819 732-3917
,783012,École Sainte-Thérèse,École Sainte-Thérèse,"562, 1re Rue Est",,88057,Amos,V,J9T2H4,1,1,0,0,0,École,Public,https://www.cssh.gouv.qc.ca/etablissement/ecole-sainte-therese/,783000,Centre de services scolaire Harricana,-78.112382,48.573564,Préscolaire - Primaire,Franco,819 732-2675
,783015,École Christ-Roi,École Christ-Roi,"671, 2e Avenue Ouest",,88057,Amos,V,J9T2S9,1,1,0,0,0,École,Public,https://www.cssh.gouv.qc.ca/etablissement/ecole-christ-roi/,783000,Centre de services scolaire Harricana,-78.127006,48.573541,Préscolaire - Primaire,Franco,819 732-6503
,783016,École Saint-Marc - La Corne,École Saint-Marc - La Corne,"455, route 111",,88040,Saint-Marc-de-Figuery,P,J0Y1J0,1,1,0,0,0,École,Public,https://www.cssh.gouv.qc.ca/etablissement/ecole-saint-marc-la-corne/,783000,Centre de services scolaire Harricana,-78.046851,48.474562,Préscolaire - Primaire,Franco,819 732-9545
,783017,École Saint-Félix--Saint-Dominique,École Saint-Félix--Saint-Dominique,"11, rue de l'Église Est",,88057,Amos,V,J0Y1G0,1,1,0,0,0,École,Public,https://www.cssh.gouv.qc.ca/etablissement/ecole-saint-felix-saint-dominique/,783000,Centre de services scolaire Harricana,-78.111491,48.67602,Préscolaire - Primaire,Franco,819 732-4900
,783018,École Sacré-Coeur - Saint-Viateur,École Sacré-Coeur - Saint-Viateur,"662, 1re Rue Est",,88057,Amos,V,J9T2H6,1,1,0,0,0,École,Public,https://www.cssh.gouv.qc.ca/etablissement/ecole-sacre-coeur-saint-viateur/,783000,Centre de services scolaire Harricana,-78.112954,48.575809,Préscolaire - Primaire,Franco,819 732-8983
,783019,École Saint-Mathieu - La Motte,École Saint-Mathieu - La Motte,"235, route 109",,88050,Saint-Mathieu-d'Harricana,M,J0Y1M0,1,1,0,0,0,École,Public,https://www.cssh.gouv.qc.ca/etablissement/ecole-saint-mathieu-la-motte/,783000,Centre de services scolaire Harricana,-78.139404,48.473473,Préscolaire - Primaire,Franco,819 732-5690
,783020,École Notre-Dame-de-Fatima,École Notre-Dame-de-Fatima,"121, avenue Principale Est",,88035,Landrienne,CT,J0Y1V0,1,1,0,0,0,École,Public,https://www.cssh.gouv.qc.ca/etablissement/ecole-notre-dame-de-fatima/,783000,Centre de services scolaire Harricana,-77.950781,48.547743,Préscolaire - Primaire,Franco,819 732-4051
,783022,École alternative Harricana,Alternative Harricana,"601, 4e Rue Ouest",,88057,Amos,V,J9T2S1,1,1,0,0,0,École,Public,https://www.cssh.gouv.qc.ca/etablissement/ecole-alternative-harricana/,783000,Centre de services scolaire Harricana,-78.127432,48.574329,Préscolaire - Primaire,Franco,819 732-6503
,783023,École secondaire d'Amos,École secondaire d'Amos,"850, 1 Rue Est",,88057,Amos,V,J9T2H8,1,1,1,0,0,École,Public,https://www.cssh.gouv.qc.ca/etablissement/ecole-secondaire-damos/,783000,Centre de services scolaire Harricana,-78.11349,48.579071,Préscolaire - Primaire - Secondaire,Franco,891 732-6561
,783024,École de Barraute,École de Barraute,"430, 9e Avenue","430, 9e Avenue",88022,Barraute,M,J0Y1A0,1,1,1,0,0,École,Public,https://cssh.gouv.qc.ca,783000,Centre de services scolaire Harricana,-77.635458,48.440547,Préscolaire - Primaire - Secondaire,Franco,819 732-6577
,783025,École Berry-Trécesson,École Berry-Trécesson,"339, rue Sauvé",,88075,Trécesson,CT,J0Y2S0,1,1,0,0,0,École,Public,https://www.cssh.gouv.qc.ca/etablissement/ecole-launay-trecesson/,783000,Centre de services scolaire Harricana,-78.362694,48.63114,Préscolaire - Primaire,Franco,819 732-3166
,783350,La Passerelle,Centre d'éducation des adultes de la Passerelle,"341, rue Principale Nord",,88057,Amos,V,J9T2L8,0,0,0,0,1,Centre éducation aux adultes,Public,https://www.cssh.gouv.qc.ca/etablissement/la-passerelle/,783000,Centre de services scolaire Harricana,-78.118091,48.578408,Éducation aux adultes,Franco,819 732-2021
,783450,CFP Harricana,Centre de formation professionnelle Harricana,"850, 1re Rue Est",,88057,Amos,V,J9T2H8,0,0,0,1,0,Centre de formation professionnelle,Public,https://www.cfpharricana.ca/,783000,Centre de services scolaire Harricana,-78.112549,48.578603,Formation professionnelle,Franco,819 732-3223
,784001,École Saint-Sauveur,École Saint-Sauveur,"451, 3e Avenue",,89008,Val-d'Or,V,J9P1S3,1,1,0,0,0,École,Public,https://www.cssob.gouv.qc.ca/prescolaire-primaire/saintsauveur,784000,Centre de services scolaire de l'Or-et-des-Bois,-77.780045,48.09994,Préscolaire - Primaire,Franco,819 824-6841
,784002,École alternative Papillon-d'Or,École alternative Papillon-d'Or,"970, rue Lévis",,89008,Val-d'Or,V,J9P4C1,1,1,0,0,0,École,Public,https://www.cssob.gouv.qc.ca/prescolaire-primaire/papillondor,784000,Centre de services scolaire de l'Or-et-des-Bois,-77.796948,48.102112,Préscolaire - Primaire,Franco,819 825-4356
,784003,École Charles-René-Lalande,École Charles-René-Lalande,"15, rue du Parc",,89010,Rivière-Héva,M,J0Y2H0,1,1,0,0,0,École,Public,https://www.cssob.gouv.qc.ca/prescolaire-primaire/charlesrenelalande,784000,Centre de services scolaire de l'Or-et-des-Bois,-78.213454,48.236972,Préscolaire - Primaire,Franco,819 735-2306
,784005,École Louis-Querbes,École Louis-Querbes,"106, rue de Cadillac",,86042,Rouyn-Noranda,V,J0Y1C0,1,1,0,0,0,École,Public,https://www.cssob.gouv.qc.ca/prescolaire-primaire/louisquerbes,784000,Centre de services scolaire de l'Or-et-des-Bois,-78.388065,48.226415,Préscolaire - Primaire,Franco,819 759-3284
,784006,École Notre-Dame-de-Fatima,École Notre-Dame-de-Fatima,"971, 5e Rue",,89008,Val-d'Or,V,J9P3Y8,1,1,0,0,0,École,Public,https://www.cssob.gouv.qc.ca/prescolaire-primaire/notredamedefatima,784000,Centre de services scolaire de l'Or-et-des-Bois,-77.796707,48.101444,Préscolaire - Primaire,Franco,819 824-2739
,784007,École institutionnelle Chanoine-Delisle,École institutionnelle Chanoine-Delisle,"361, 4e Rue Ouest",,89040,Senneterre,V,J0Y2M0,1,1,0,0,0,École,Public,https://www.cssob.gouv.qc.ca/prescolaire-primaire/chanoinedelisle,784000,Centre de services scolaire de l'Or-et-des-Bois,-77.244404,48.388563,Préscolaire - Primaire,Franco,819 737-2321
,784008,École intégrée d'Or-et-de-Champs,École intégrée d'Or-et-de-Champs,"370, rue de l'Église",,89008,Val-d'Or,V,J9P0B8,1,1,0,0,0,École,Public,https://www.cssob.gouv.qc.ca/prescolaire-primaire/notredamedurosaire,784000,Centre de services scolaire de l'Or-et-des-Bois,-77.831366,48.126961,Préscolaire - Primaire,Franco,819 874-3355
,784011,École Saint-Joseph,École Saint-Joseph,"94, rue Allard",,89008,Val-d'Or,V,J9P2Y1,1,1,0,0,0,École,Public,https://www.cssob.gouv.qc.ca/prescolaire-primaire/saintjoseph,784000,Centre de services scolaire de l'Or-et-des-Bois,-77.774772,48.094665,Préscolaire - Primaire,Franco,819 825-5484
,784012,École Sainte-Lucie,École Sainte-Lucie,"185, rue Parent",,89008,Val-d'Or,V,J9P6E1,1,1,0,0,0,École,Public,https://www.cssob.gouv.qc.ca/prescolaire-primaire/saintelucie,784000,Centre de services scolaire de l'Or-et-des-Bois,-77.811056,48.104628,Préscolaire - Primaire,Franco,819 824-6821
,784013,École Sainte-Marie,École Sainte-Marie,"15, chemin Baie-Carrière",,89008,Val-d'Or,V,J9P4L9,1,1,0,0,0,École,Public,https://www.cssob.gouv.qc.ca/prescolaire-primaire/saintemarie,784000,Centre de services scolaire de l'Or-et-des-Bois,-77.818607,48.096999,Préscolaire - Primaire,Franco,819 825-4556
,784014,École Saint-Isidore,École Saint-Isidore,"649, route des Campagnards",,89008,Val-d'Or,V,J9P0C2,1,1,0,0,0,École,Public,https://www.cssob.gouv.qc.ca/prescolaire-primaire/saintisidore,784000,Centre de services scolaire de l'Or-et-des-Bois,-77.656253,48.185351,Préscolaire - Primaire,Franco,819 874-1381
,784015,École Des Explorateurs,École Des Explorateurs,"855, avenue Dargis-Ménard",,89015,Malartic,V,J0Y1Z0,1,1,0,0,0,École,Public,https://www.cssob.gouv.qc.ca/prescolaire-primaire/desexplorateurs,784000,Centre de services scolaire de l'Or-et-des-Bois,-78.121997,48.146155,Préscolaire - Primaire,Franco,819 757-4355
,784016,École Saint-Philippe,École Saint-Philippe,"1382, route de Saint-Philippe",,89008,Val-d'Or,V,J9P4N7,1,1,0,0,0,École,Public,https://www.cssob.gouv.qc.ca/prescolaire-primaire/saintphilippe,784000,Centre de services scolaire de l'Or-et-des-Bois,-77.945481,48.113293,Préscolaire - Primaire,Franco,819 738-4038
,784022,École secondaire Le Transit,École secondaire Le Transit,"500, 6e Avenue",,89008,Val-d'Or,V,J9P1B3,0,1,1,0,0,École,Public,https://www.cssob.gouv.qc.ca/secondaire/letransit,784000,Centre de services scolaire de l'Or-et-des-Bois,-77.780425,48.105485,Primaire - Secondaire,Franco,819 825-3090
,784023,École secondaire La Concorde,École secondaire La Concorde,"40, route 386",,89040,Senneterre,V,J0Y2M0,0,0,1,0,0,École,Public,https://www.cssob.gouv.qc.ca/secondaire/laconcorde,784000,Centre de services scolaire de l'Or-et-des-Bois,-77.252404,48.390331,Secondaire,Franco,819 737-2386
,784024,École secondaire Le Tremplin,École secondaire Le Tremplin,"701, rue des Érables",,89015,Malartic,V,J0Y1Z0,0,0,1,0,0,École,Public,https://www.cssob.gouv.qc.ca/secondaire/letremplin,784000,Centre de services scolaire de l'Or-et-des-Bois,-78.12048,48.141564,Secondaire,Franco,819 757-4381
,784025,Polyvalente Le Carrefour,Polyvalente Le Carrefour,"125, rue Self",,89008,Val-d'Or,V,J9P3N2,0,1,1,0,0,École,Public,https://www.cssob.gouv.qc.ca/secondaire/lecarrefour,784000,Centre de services scolaire de l'Or-et-des-Bois,-77.787783,48.09362,Primaire - Secondaire,Franco,819 825-4670
,784331,Centre de formation générale adulte,Centre de formation générale adulte,"1241, 8e Rue",,89008,Val-d'Or,V,J9P3P1,0,0,0,0,1,Centre éducation aux adultes,Public,https://www.cssob.gouv.qc.ca/fga/centrelhorizon,784000,Centre de services scolaire de l'Or-et-des-Bois,-77.785487,48.103846,Éducation aux adultes,Franco,819 874-3565
,784440,CFP Val-d'Or,Centre de formation professionnelle Val-d'Or,"125, rue Self",,89008,Val-d'Or,V,J9P3N2,0,0,0,1,0,Centre de formation professionnelle,Public,https://cfpvaldor.qc.ca/,784000,Centre de services scolaire de l'Or-et-des-Bois,-77.787783,48.09362,Formation professionnelle,Franco,819 825-6366
,785001,École Dagenais,École Dagenais,"141, rue Principale",,87025,Palmarolle,M,J0Z3C0,1,1,1,0,0,École,Public,https://cssla.gouv.qc.ca/,785000,Centre de services scolaire du Lac-Abitibi,-79.202021,48.6662,Préscolaire - Primaire - Secondaire,Franco,819 787-2326
,785002,École Boréale,École Boréale,"10, 6e Avenue Est",,87085,Dupuy,M,J0Z1X0,1,1,1,0,0,École,Public,,785000,Centre de services scolaire du Lac-Abitibi,-79.356563,48.830313,Préscolaire - Primaire - Secondaire,Franco,819 783-2408
,785003,Cité étudiante Polyno,Cité étudiante Polyno,"500, rue Principale",,87090,La Sarre,V,J9Z2A2,0,0,1,0,0,École,Public,https://cssla.gouv.qc.ca/,785000,Centre de services scolaire du Lac-Abitibi,-79.206918,48.796211,Secondaire,Franco,819 333-5411
,785004,École du Royal-Roussillon,École du Royal-Roussillon,"65, 2e Rue Ouest",,87058,Macamic,V,J0Z2S0,1,1,1,0,0,École,Public,,785000,Centre de services scolaire du Lac-Abitibi,-79.00911,48.754696,Préscolaire - Primaire - Secondaire,Franco,819 782-4651
,785005,École de l'Envol,École de l'Envol,"24, 5e Avenue Est",,87090,La Sarre,V,J9Z1K8,1,1,0,0,0,École,Public,https://cssla.gouv.qc.ca/,785000,Centre de services scolaire du Lac-Abitibi,-79.203924,48.805631,Préscolaire - Primaire,Franco,819 333-5591
,785007,École du Maillon,École du Maillon,"197, chemin J.-Alfred-Roy",,87030,Sainte-Germaine-Boulé,M,J0Z1M0,1,1,0,0,0,École,Public,https://cssla.gouv.qc.ca/,785000,Centre de services scolaire du Lac-Abitibi,-79.113967,48.60385,Préscolaire - Primaire,Franco,819 787-6437
,785008,École Bellefeuille,École Bellefeuille,"190, avenue Privat",,87042,Taschereau,M,J0Z3N0,1,1,0,0,0,École,Public,https://cssla.gouv.qc.ca/,785000,Centre de services scolaire du Lac-Abitibi,-78.680626,48.663088,Préscolaire - Primaire,Franco,819 796-3321
,785300,Centre de formation gén. Le Retour,Centre de formation générale Le Retour,"50, 1re Avenue Est",,87090,La Sarre,V,J9Z1C5,0,0,0,0,1,Centre éducation aux adultes,Public,https://leretour.cssla.gouv.qc.ca/leretour.cssla.gouv.qc.ca,785000,Centre de services scolaire du Lac-Abitibi,-79.201299,48.811155,Éducation aux adultes,Franco,819 333-5536
,785400,Centre de formation prof. Lac-Abitibi,Centre de formation professionnelle Lac-Abitibi,"500, rue Principale",,87090,La Sarre,V,J9Z2A2,0,0,0,1,0,Centre de formation professionnelle,Public,https://www.cfplacabitibi.ca/cfplacabitibi.ca,785000,Centre de services scolaire du Lac-Abitibi,-79.206918,48.796211,Formation professionnelle,Franco,819 333-2387
,791006,École Saint-Coeur-de-Marie,École Saint-Coeur-de-Marie,"572, rue Principale",,95050,Colombier,M,G0H1P0,1,1,0,0,0,École,Public,https://cssestuaire.gouv.qc.ca/etablissements/ecoles-primaires/,791000,Centre de services scolaire de l'Estuaire,-68.846427,48.872511,Préscolaire - Primaire,Franco,418 565-3321
,791008,École Notre-Dame-du-Bon-Conseil,École Notre-Dame-du-Bon-Conseil,"324, rue Principale",,95032,Longue-Rive,M,G0T1Z0,1,1,0,0,0,École,Public,https://cssestuaire.gouv.qc.ca/etablissements/ecoles-primaires/,791000,Centre de services scolaire de l'Estuaire,-69.257787,48.539438,Préscolaire - Primaire,Franco,418 231-2103
,791011,École Richard,École Richard,"4, rue de l'École",,96035,Chute-aux-Outardes,VL,G0H1C0,1,1,0,0,0,École,Public,https://cssestuaire.gouv.qc.ca/etablissements/ecoles-primaires/,791000,Centre de services scolaire de l'Estuaire,-68.390296,49.123725,Préscolaire - Primaire,Franco,418 567-2525
,791015,École Sainte-Marie,École Sainte-Marie,"11, rue des Loisirs",,96040,Ragueneau,P,G0H1S0,1,1,0,0,0,École,Public,https://cssestuaire.gouv.qc.ca/etablissements/ecoles-primaires/,791000,Centre de services scolaire de l'Estuaire,-68.464353,49.075201,Préscolaire - Primaire,Franco,418 567-2291
,791016,École Monseigneur-Labrie,École Monseigneur-Labrie,"101, rue Levack",,96010,Godbout,VL,G0H1G0,1,1,0,0,0,École,Public,https://cssestuaire.gouv.qc.ca/etablissements/ecoles-primaires/,791000,Centre de services scolaire de l'Estuaire,-67.598648,49.319319,Préscolaire - Primaire,Franco,418 568-7670
,791018,École Saint-Joseph,École Saint-Joseph,"1, rue Saint-Joseph",,96005,Baie-Trinité,VL,G0H1A0,1,1,0,0,0,École,Public,https://cssestuaire.gouv.qc.ca/etablissements/ecoles-primaires/,791000,Centre de services scolaire de l'Estuaire,-67.301979,49.420869,Préscolaire - Primaire,Franco,418 939-2245
,791019,École Boisvert,École Boisvert,105 avenue Legardeur,,96020,Baie-Comeau,V,G4Z1E8,1,1,0,0,0,École,Public,https://cssestuaire.gouv.qc.ca/etablissements/ecoles-primaires/,791000,Centre de services scolaire de l'Estuaire,-68.156936,49.236757,Préscolaire - Primaire,Franco,418 296-6523
,791020,École Leventoux,École Leventoux,"25, avenue Monseigneur-Plessis",,96020,Baie-Comeau,V,G4Z1X6,1,1,0,0,0,École,Public,https://cssestuaire.gouv.qc.ca/etablissements/ecoles-primaires/,791000,Centre de services scolaire de l'Estuaire,-68.161428,49.213216,Préscolaire - Primaire,Franco,418 296-6646
,791026,École Trudel,École Trudel,"680, rue Marguerite",,96020,Baie-Comeau,V,G5C1H3,1,1,0,0,0,École,Public,https://cssestuaire.gouv.qc.ca/etablissements/ecoles-primaires/,791000,Centre de services scolaire de l'Estuaire,-68.25537,49.19675,Préscolaire - Primaire,Franco,418 589-3279
,791027,École Monseigneur-Bélanger,École Monseigneur-Bélanger,"920, boulevard René-Bélanger",,96020,Baie-Comeau,V,G5C2N9,1,1,0,0,0,École,Public,https://cssestuaire.gouv.qc.ca/etablissements/ecoles-primaires/,791000,Centre de services scolaire de l'Estuaire,-68.27612,49.19163,Préscolaire - Primaire,Franco,418 589-2021
,791028,École Saint-Coeur-de-Marie,École Saint-Coeur-de-Marie,"711, boulevard Jolliet",,96020,Baie-Comeau,V,G5C1P3,1,1,0,0,0,École,Public,https://cssestuaire.gouv.qc.ca/etablissements/ecoles-primaires/,791000,Centre de services scolaire de l'Estuaire,-68.255178,49.190411,Préscolaire - Primaire,Franco,418 589-0861
,791035,École Bois-du-Nord,École Bois-du-Nord,"2398, rue Napoléon",,96020,Baie-Comeau,V,G5C1A5,1,1,0,0,0,École,Public,https://cssestuaire.gouv.qc.ca/etablissements/ecoles-primaires/,791000,Centre de services scolaire de l'Estuaire,-68.293809,49.19696,Préscolaire - Primaire,Franco,418 589-9961
,791036,École Dominique-Savio,École Dominique-Savio,"433B, rue de la Mer",,95018,Les Bergeronnes,M,G0T1G0,1,1,0,0,0,École,Public,https://cssestuaire.gouv.qc.ca/etablissements/ecoles-primaires/,791000,Centre de services scolaire de l'Estuaire,-69.542561,48.23977,Préscolaire - Primaire,Franco,418 232-6687
,791037,École Saint-Joseph,École Saint-Joseph,"186, rue de l'Église",,95005,Tadoussac,VL,G0T2A0,1,1,0,0,0,École,Public,,791000,Centre de services scolaire de l'Estuaire,-69.713826,48.143236,Préscolaire - Primaire,Franco,418 235-4464
,791039,École Marie-Immaculée,École Marie-Immaculée,"297, Route 138",,95025,Les Escoumins,M,G0T1K0,1,1,0,0,0,École,Public,https://cssestuaire.gouv.qc.ca/etablissements/ecoles-primaires/,791000,Centre de services scolaire de l'Estuaire,-69.406392,48.352351,Préscolaire - Primaire,Franco,418 233-2815
,791041,École Notre-Dame-du-Sacré-Coeur,École Notre-Dame-du-Sacré-Coeur,"80, rue de l'Église",,95010,Sacré-Coeur,M,G0T1Y0,1,1,1,0,0,École,Public,https://cssestuaire.gouv.qc.ca/etablissements/ecoles-primaires/,791000,Centre de services scolaire de l'Estuaire,-69.798862,48.232589,Préscolaire - Primaire - Secondaire,Franco,418 236-4460
,791044,École secondaire Serge-Bouchard,École secondaire Serge-Bouchard,"640, boulevard Blanche",,96020,Baie-Comeau,V,G5C2B3,0,0,1,0,0,École,Public,https://cssestuaire.gouv.qc.ca/etablissements/ecoles-secondaires/,791000,Centre de services scolaire de l'Estuaire,-68.258014,49.189286,Secondaire,Franco,418 589-1301
,791046,Polyvalente des Rivières,Polyvalente des Rivières,"16A, 5e Avenue",,95045,Forestville,V,G0T1E0,0,0,1,0,0,École,Public,https://cssestuaire.gouv.qc.ca/etablissements/ecoles-secondaires/,791000,Centre de services scolaire de l'Estuaire,-69.079396,48.742294,Secondaire,Franco,418 587-4491
,791058,Polyvalente des Baies,Polyvalente des Baies,"40, avenue Michel-Hémon",,96020,Baie-Comeau,V,G4Z2K4,0,1,1,0,0,École,Public,https://cssestuaire.gouv.qc.ca/etablissements/ecoles-secondaires/,791000,Centre de services scolaire de l'Estuaire,-68.166002,49.20828,Primaire - Secondaire,Franco,418 296-6755
,791059,Polyvalente des Berges,Polyvalente des Berges,"433, rue de la Mer",,95018,Les Bergeronnes,M,G0T1G0,0,0,1,0,0,École,Public,https://cssestuaire.gouv.qc.ca/etablissements/ecoles-secondaires/,791000,Centre de services scolaire de l'Estuaire,-69.542561,48.23977,Secondaire,Franco,418 232-6231
,791068,École Saint-Luc,École Saint-Luc,"5, 10e Rue",,95045,Forestville,V,G0T1E0,1,1,1,0,0,École,Public,https://cssestuaire.gouv.qc.ca/etablissements/ecoles-primaires/,791000,Centre de services scolaire de l'Estuaire,-69.079206,48.741131,Préscolaire - Primaire - Secondaire,Franco,418 587-2497
,791078,École La Marée,École La Marée,"380, rue Granier",,96025,Pointe-Lebel,VL,G0H1N0,1,1,0,0,0,École,Public,https://cssestuaire.gouv.qc.ca/etablissements/ecoles-primaires/,791000,Centre de services scolaire de l'Estuaire,-68.247974,49.159171,Préscolaire - Primaire,Franco,418 589-2325
,791080,École Les Dunes,École Les Dunes,"481, chemin Principal",,96030,Pointe-aux-Outardes,VL,G0H1M0,1,1,0,0,0,École,Public,https://cssestuaire.gouv.qc.ca/etablissements/ecoles-primaires/,791000,Centre de services scolaire de l'Estuaire,-68.402665,49.079055,Préscolaire - Primaire,Franco,418 567-2281
,791352,CEA Édifice Albert-Deschênes,Centre d'éducation des adultes de l'Estuaire,"600, rue Jalbert",,96020,Baie-Comeau,V,G5C1Z9,0,0,0,0,1,Centre éducation aux adultes,Public,https://cssestuaire.gouv.qc.ca/etablissements/education-des-adultes/,791000,Centre de services scolaire de l'Estuaire,-68.254989,49.188848,Éducation aux adultes,Franco,418 589-0867
,791446,CFP de l'Estuaire,Centre de formation professionnelle de l'Estuaire,"34, 11e Rue",,95045,Forestville,V,G0T1E0,0,0,0,1,0,Centre de formation professionnelle,Public,https://cssestuaire.gouv.qc.ca/etablissements/formation-professionnelle/,791000,Centre de services scolaire de l'Estuaire,-69.078603,48.742944,Formation professionnelle,Franco,418 587-4735
,792001,École des Découvertes,École des Découvertes,"130, Le Carrefour",,97035,Fermont,V,G0G1J0,1,1,0,0,0,École,Public,,792000,Centre de services scolaire du Fer,-67.090658,52.79645,Préscolaire - Primaire,Franco,418 287-5445
,792003,Polyvalente Horizon-Blanc,Polyvalente Horizon-Blanc,"130, rue Le Carrefour",,97035,Fermont,V,G0G1J0,0,0,1,0,0,École,Public,,792000,Centre de services scolaire du Fer,-67.090658,52.79645,Secondaire,Franco,418 287-5496
,792004,École du Boisé,École du Boisé,"70, rue Jean-Marc-Dion",,97007,Sept-Îles,V,G4R0K4,1,1,0,0,0,École,Public,,792000,Centre de services scolaire du Fer,-66.356916,50.22846,Préscolaire - Primaire,Franco,418 962-5382
,792015,École Mère-d'Youville,École Mère-d'Youville,"12, avenue Boisvert",,97022,Port-Cartier,V,G5B1W7,1,1,0,0,0,École,Public,,792000,Centre de services scolaire du Fer,-66.881802,50.022032,Préscolaire - Primaire,Franco,418 766-5345
,792018,École Saint-Alexandre,École Saint-Alexandre,"27, boulevard Audubon",,97022,Port-Cartier,V,G5B1M2,1,1,1,0,0,École,Public,,792000,Centre de services scolaire du Fer,-66.857645,50.025647,Préscolaire - Primaire - Secondaire,Franco,418 766-2237
,792019,École Dominique-Savio,École Dominique-Savio,"4460, rue Savio",,97022,Port-Cartier,V,G0H1R0,1,1,0,0,0,École,Public,,792000,Centre de services scolaire du Fer,-67.164264,49.785516,Préscolaire - Primaire,Franco,418 766-2237
,792020,École Notre-Dame,École Notre-Dame,"338, rue Thériault",,97007,Sept-Îles,V,G0G1L0,1,1,0,0,0,École,Public,,792000,Centre de services scolaire du Fer,-66.614597,50.136313,Préscolaire - Primaire,Franco,418 766-2383
,792026,École Maisonneuve,École Maisonneuve,"18, rue Maisonneuve",,97007,Sept-Îles,V,G4R1C7,1,1,0,0,0,École,Public,,792000,Centre de services scolaire du Fer,-66.360706,50.219482,Préscolaire - Primaire,Franco,418 962-6198
,792030,École Monseigneur-Blanche,École Monseigneur-Blanche,"83, rue Monseigneur-Blanche",,97007,Sept-Îles,V,G4R3G4,1,1,0,0,0,École,Public,,792000,Centre de services scolaire du Fer,-66.371603,50.204861,Préscolaire - Primaire,Franco,418 962-2640
,792033,École Jacques-Cartier,École Jacques-Cartier,"10, rue Johnny-Montigny",,97007,Sept-Îles,V,G4R1W3,1,1,1,0,0,École,Public,,792000,Centre de services scolaire du Fer,-66.385894,50.224663,Préscolaire - Primaire - Secondaire,Franco,418 962-6156
,792034,École Gamache,École Gamache,"532, avenue Gamache",,97007,Sept-Îles,V,G4R2J2,1,1,0,0,0,École,Public,,792000,Centre de services scolaire du Fer,-66.381112,50.211579,Préscolaire - Primaire,Franco,418 962-7781
,792039,École Marie-Immaculée,École Marie-Immaculée,"167, rue Daigle",,97007,Sept-Îles,V,G4R4H3,1,1,0,0,0,École,Public,,792000,Centre de services scolaire du Fer,-66.394087,50.218861,Préscolaire - Primaire,Franco,418 962-9686
,792047,École Jean-du-Nord / Manikoutai,École Jean-du-Nord / Manikoutai,"110, rue Comeau",,97007,Sept-Îles,V,G4R1J4,0,0,1,0,0,École,Public,,792000,Centre de services scolaire du Fer,-66.368228,50.220806,Secondaire,Franco,418 964-2811
,792049,Centre éducatif l'Abri,Centre éducatif l'Abri,"18, boulevard des Îles",,97022,Port-Cartier,V,G5B2N4,0,0,1,0,0,École,Public,,792000,Centre de services scolaire du Fer,-66.885083,50.021513,Secondaire,Franco,418 766-7171
,792051,École Camille-Marcoux,École Camille-Marcoux,"1280, rue Fiset",,97007,Sept-Îles,V,G4S1M1,1,1,0,0,0,École,Public,,792000,Centre de services scolaire du Fer,-66.390014,50.239169,Préscolaire - Primaire,Franco,418 968-3331
,792064,École Bois-Joli,École Bois-Joli,"95, rue des Chanterelles",,97007,Sept-Îles,V,G4S2B9,1,1,0,0,0,École,Public,,792000,Centre de services scolaire du Fer,-66.417318,50.271434,Préscolaire - Primaire,Franco,418 962-5810
,792318,CEA de Port-Cartier,Centre d'éducation des adultes de Port-Cartier,"18, boulevard des Îles",,97022,Port-Cartier,V,G5B2N4,0,0,0,0,1,Centre éducation aux adultes,Public,,792000,Centre de services scolaire du Fer,-66.885083,50.021513,Éducation aux adultes,Franco,418 766-5335
,792340,CEA A.-W.-Gagné,Centre d'éducation des adultes A.-W.-Gagné,"9, rue De La Vérendrye",,97007,Sept-Îles,V,G4R5E3,0,0,0,0,1,Centre éducation aux adultes,Public,,792000,Centre de services scolaire du Fer,-66.365809,50.219368,Éducation aux adultes,Franco,418 964-2881
,792348,CEA de Fermont,Centre d'éducation des adultes de Fermont,"130, rue le Carrefour",,97035,Fermont,V,G0G1J0,0,0,0,0,1,Centre éducation aux adultes,Public,,792000,Centre de services scolaire du Fer,-67.090658,52.79645,Éducation aux adultes,Franco,418 287-5491
,792368,CEA Le Relais du Nord,Centre d'éducation des adultes Le Relais du Nord,Chemin de l'Aéroport,Case postale 7070,97022,Port-Cartier,V,G5B2W2,0,0,0,0,1,Centre éducation aux adultes,Public,,792000,Centre de services scolaire du Fer,-66.887855,50.055618,Éducation aux adultes,Franco,418 766-7070
,792397,C.E.A. de la Taïga,Centre d'éducation des adultes de la Taïga,"65, boulevard Vigneault",,97007,Sept-Îles,V,G4R4L2,0,0,0,0,1,Centre éducation aux adultes,Public,,792000,Centre de services scolaire du Fer,-66.416209,50.277189,Éducation aux adultes,Franco,418 964-2875
,792440,CFP A.-W.-Gagné,Centre de formation professionnelle A.-W.-Gagné,"9, rue De La Vérendrye",,97007,Sept-Îles,V,G4R5E3,0,0,0,1,0,Centre de formation professionnelle,Public,,792000,Centre de services scolaire du Fer,-66.365809,50.219368,Formation professionnelle,Franco,418 964-2881
,793001,École Monseigneur-Labrie,École Monseigneur-Labrie,"1239, rue de la Digue",,98040,Havre-Saint-Pierre,M,G0G1P0,0,0,1,0,0,École,Public,https://www.csmcn.qc.ca,793000,Centre de services scolaire de la Moyenne-Côte-Nord,-63.596654,50.246138,Secondaire,Franco,418 538-2662
,793003,École Roger-Martineau,École Roger-Martineau,"14, Allée des Pères-Eudistes",,98025,Natashquan,M,G0G2E0,1,1,1,0,0,École,Public,https://www.csmcn.qc.ca,793000,Centre de services scolaire de la Moyenne-Côte-Nord,-61.822136,50.18689,Préscolaire - Primaire - Secondaire,Franco,418 726-3378
,793004,École Hunault,École Hunault,"472, rue Jacques-Cartier",,98055,Rivière-au-Tonnerre,M,G0G2L0,1,1,1,0,0,École,Public,https://www.csmcn.qc.ca,793000,Centre de services scolaire de la Moyenne-Côte-Nord,-64.775514,50.27547,Préscolaire - Primaire - Secondaire,Franco,418 465-2051
,793005,École Leventoux,École Leventoux,"921, rue Caillou",,98040,Havre-Saint-Pierre,M,G0G1P0,1,1,0,0,0,École,Public,https://www.csmcn.qc.ca,793000,Centre de services scolaire de la Moyenne-Côte-Nord,-63.604296,50.242856,Préscolaire - Primaire,Franco,418 538-2444
,793009,École des Riverains,École des Riverains,"885, chemin-du-Roi",,98045,Longue-Pointe-de-Mingan,M,G0G1V0,1,1,1,0,0,École,Public,https://www.csmcn.qc.ca,793000,Centre de services scolaire de la Moyenne-Côte-Nord,-64.142522,50.268926,Préscolaire - Primaire - Secondaire,Franco,418 949-2092
,793010,École Lestrat,École Lestrat,"1351, rue Boréale",,98040,Havre-Saint-Pierre,M,G0G1P0,0,1,0,0,0,École,Public,https://www.csmcn.qc.ca,793000,Centre de services scolaire de la Moyenne-Côte-Nord,-63.591488,50.243505,Primaire,Franco,418 538-2112
,793301,CEA Monseigneur-Labrie,Centre d'éducation des adultes,"1239, rue de la Digue",,98040,Havre-Saint-Pierre,M,G0G1P0,0,0,0,0,1,Centre éducation aux adultes,Public,https://www.csmcn.qc.ca,793000,Centre de services scolaire de la Moyenne-Côte-Nord,-63.596654,50.246138,Éducation aux adultes,Franco,418 538-2644
,801001,École Notre-Dame-du-Rosaire,École Notre-Dame-du-Rosaire,"585, rue Wilson",,99025,Chibougamau,V,G8P1K2,1,1,0,0,0,École,Public,,801000,Centre de services scolaire de la Baie-James,-74.365759,49.916563,Préscolaire - Primaire,Franco,418 748-7621
,801002,École Bon-Pasteur,École Bon-Pasteur,"800, 4e Rue",,99025,Chibougamau,V,G8P1S8,1,1,0,0,0,École,Public,,801000,Centre de services scolaire de la Baie-James,-74.377099,49.912273,Préscolaire - Primaire,Franco,418 748-7621
,801003,École La Porte-du-Nord,École La Porte-du-Nord,"265, rue Lanctôt",,99025,Chibougamau,V,G8P1C1,0,0,1,0,0,École,Public,,801000,Centre de services scolaire de la Baie-James,-74.372852,49.919184,Secondaire,Franco,418 748-7621
,801004,École Vatican II,École Vatican II,"291, rue Wilson",,99025,Chibougamau,V,G8P1J4,1,1,0,0,0,École,Public,,801000,Centre de services scolaire de la Baie-James,-74.357084,49.917046,Préscolaire - Primaire,Franco,418 748-7621
,801005,École Saint-Dominique-Savio,École Saint-Dominique-Savio,"32, 5e avenue   ",,99020,Chapais,V,G0W1H0,1,1,0,0,0,École,Public,,801000,Centre de services scolaire de la Baie-James,-74.850706,49.779372,Préscolaire - Primaire,Franco,418 745-7621
,801008,École  Le Filon,École  Le Filon,"45, 5e Avenue",,99020,Chapais,V,G0W1H0,0,0,1,0,0,École,Public,,801000,Centre de services scolaire de la Baie-James,-74.854661,49.77726,Secondaire,Franco,418 748-7621
,801012,École Galinée,École Galinée,"3, rue du Portage",,99015,Matagami,V,J0Y2A0,1,1,0,0,0,École,Public,,801000,Centre de services scolaire de la Baie-James,-77.623642,49.755785,Préscolaire - Primaire,Franco,418 748-7621
,801014,École Le Delta,École Le Delta,"100, rue Rupert",,99015,Matagami,V,J0Y2A0,0,0,1,0,0,École,Public,,801000,Centre de services scolaire de la Baie-James,-77.628289,49.760592,Secondaire,Franco,418 748-7621
,801015,École Jacques-Rousseau,École Jacques-Rousseau,"143, rue Jolliet",Radisson,99060,Eeyou Istchee Baie-James,GR,J0Y2X0,1,1,1,0,0,École,Public,,801000,Centre de services scolaire de la Baie-James,-77.632147,53.790225,Préscolaire - Primaire - Secondaire,Franco,418 748-7621
,801016,École La Taïga,École La Taïga,"140, rue Principale Nord",Case postale 339,99005,Lebel-sur-Quévillon,V,J0Y1X0,0,0,1,0,0,École,Public,,801000,Centre de services scolaire de la Baie-James,-76.975634,49.054536,Secondaire,Franco,418 748-7621
,801017,École Boréale,École Boréale,"221, Place Quévillon",,99005,Lebel-sur-Quévillon,V,J0Y1X0,1,1,0,0,0,École,Public,,801000,Centre de services scolaire de la Baie-James,-76.976168,49.053678,Préscolaire - Primaire,Franco,418 748-7621
,801019,École Beauvalois,École Beauvalois,"1865, Rang 10-1",Val-Paradis,99060,Eeyou Istchee Baie-James,GR,J0Z3S0,1,1,0,0,0,École,Public,,801000,Centre de services scolaire de la Baie-James,-79.290553,49.154586,Préscolaire - Primaire,Franco,418 748-7621
,801323,C.F.G. adultes de la Baie-James,Centre de formation générale des adultes de la Baie-James,"265 - A, rue Lanctôt",,99025,Chibougamau,V,G8P1C1,0,0,0,0,1,Centre éducation aux adultes,Public,,801000,Centre de services scolaire de la Baie-James,-74.372852,49.919184,Éducation aux adultes,Franco,418 748-7621
,801450,Centre de F.P. de la Baie-James,Centre de formation professionnelle de la Baie-James,"265 - A, rue Lanctôt",,99025,Chibougamau,V,G8P1C1,0,0,0,1,0,Centre de formation professionnelle,Public,,801000,Centre de services scolaire de la Baie-James,-74.372852,49.919184,Formation professionnelle,Franco,418 748-7621
,811002,École Polyvalente des Îles,École Polyvalente des Îles,"30, chemin de la Martinique",L'Étang-du-Nord,01023,Les Îles-de-la-Madeleine,M,G4T3R7,0,0,1,0,0,École,Public,https://www.csdesiles.qc.ca,811000,Centre de services scolaire des Îles,-61.915497,47.371448,Secondaire,Franco,418 986-5511
,811003,École Centrale,École Centrale,"51, chemin Central",Havre-aux-Maisons,01023,Les Îles-de-la-Madeleine,M,G4T5H1,1,1,0,0,0,École,Public,https://www.csdesiles.qc.ca,811000,Centre de services scolaire des Îles,-61.794986,47.405053,Préscolaire - Primaire,Franco,418 986-5511
,811006,École Notre-Dame-du-Sacré-Coeur,École Notre-Dame-du-Sacré-Coeur,"7, chemin de l'Église",Grande-Entrée,01023,Les Îles-de-la-Madeleine,M,G4T7C3,1,1,0,0,0,École,Public,https://www.csdesiles.qc.ca,811000,Centre de services scolaire des Îles,-61.523973,47.560153,Préscolaire - Primaire,Franco,418 986-5511
,811007,École Saint-Pierre,École Saint-Pierre,"1332, chemin Lavernière",L'Étang-du-Nord,01023,Les Îles-de-la-Madeleine,M,G4T3G3,1,1,0,0,0,École,Public,https://www.csdesiles.qc.ca,811000,Centre de services scolaire des Îles,-61.906759,47.371533,Préscolaire - Primaire,Franco,418 986-5511
,811008,École Stella-Maris,École Stella-Maris,"730, chemin des Caps",Fatima,01023,Les Îles-de-la-Madeleine,M,G4T2T3,1,1,0,0,0,École,Public,https://www.csdesiles.qc.ca,811000,Centre de services scolaire des Îles,-61.900524,47.404555,Préscolaire - Primaire,Franco,418 986-5511
,811009,École aux Iris,École aux Iris,"575, chemin du Bassin",Bassin,01023,Les Îles-de-la-Madeleine,M,G4T0C3,1,1,0,0,0,École,Public,https://www.csdesiles.qc.ca,811000,Centre de services scolaire des Îles,-61.931938,47.221709,Préscolaire - Primaire,Franco,418 986-5511
,811301,Centre d'éducation des adultes des Îles,Centre d'éducation des adultes des Îles,"50, chemin de la Martinique",L'Étang-du-Nord,01023,Les Îles-de-la-Madeleine,M,G4T3R7,0,0,0,0,1,Centre éducation aux adultes,Public,https://www.csdesiles.qc.ca,811000,Centre de services scolaire des Îles,-61.914785,47.369484,Éducation aux adultes,Franco,418 986-5511
,811401,Centre de formation prof. des Îles,Centre de formation professionnelle des Îles,"50, chemin de la Martinique",L'Étang-du-Nord,01023,Les Îles-de-la-Madeleine,M,G4T3R7,0,0,0,1,0,Centre de formation professionnelle,Public,https://www.csdesiles.qc.ca,811000,Centre de services scolaire des Îles,-61.914785,47.369484,Formation professionnelle,Franco,418 986-5511
,812001,École de l'Escabelle,École de l'Escabelle - Saint-Norbert,"27, rue des Écoliers",,04047,Cap-Chat,V,G0J1E0,1,1,1,0,0,École,Public,https://www.cschic-chocs.qc.ca,812000,Centre de services scolaire des Chic-Chocs,-66.690479,49.094432,Préscolaire - Primaire - Secondaire,Franco,418 786-5553
,812005,École de l'Anse,École de l'Anse,"398, 1re Avenue Ouest",,04037,Sainte-Anne-des-Monts,V,G4V1G9,1,1,0,0,0,École,Public,https://www.cschic-chocs.qc.ca,812000,Centre de services scolaire des Chic-Chocs,-66.519792,49.123071,Préscolaire - Primaire,Franco,418 763-2733
,812006,École de Gabriel-Le Courtois,École de Gabriel-Le Courtois,"170, boulevard Sainte-Anne Ouest",,04037,Sainte-Anne-des-Monts,V,G4V1R8,1,1,1,0,0,École,Public,https://www.cschic-chocs.qc.ca,812000,Centre de services scolaire des Chic-Chocs,-66.494012,49.122446,Préscolaire - Primaire - Secondaire,Franco,418 763-3191
,812009,École des Bois-et-Marées,École des Bois-et-Marées,"3, boulevard Perron Ouest",,04037,Sainte-Anne-des-Monts,V,G4V3B3,1,1,0,0,0,École,Public,https://www.cschic-chocs.qc.ca,812000,Centre de services scolaire des Chic-Chocs,-66.408832,49.160677,Préscolaire - Primaire,Franco,418 763-2683
,812013,École Notre-Dame-des-Neiges,École Notre-Dame-des-Neiges,"2, rue des Écoliers",,04025,Marsoui,VL,G0E1S0,1,1,0,0,0,École,Public,https://www.cschic-chocs.qc.ca,812000,Centre de services scolaire des Chic-Chocs,-66.069282,49.213496,Préscolaire - Primaire,Franco,418 288-5220
,812015,École Saint-Maxime,École Saint-Maxime,"2, 2e Avenue Est",,04010,Saint-Maxime-du-Mont-Louis,M,G0E1T0,1,1,1,0,0,École,Public,https://www.cschic-chocs.qc.ca,812000,Centre de services scolaire des Chic-Chocs,-65.729335,49.227997,Préscolaire - Primaire - Secondaire,Franco,418 797-2254
,812017,École Saint-Antoine,École Saint-Antoine,"1, rue de l'Église Ouest",Gros-Morne,04010,Saint-Maxime-du-Mont-Louis,M,G0E1L0,1,1,0,0,0,École,Public,https://www.cschic-chocs.qc.ca,812000,Centre de services scolaire des Chic-Chocs,-65.543179,49.251865,Préscolaire - Primaire,Franco,418 797-2388
,812021,École des Prospecteurs,École des Prospecteurs,"520, avenue Docteur-William-May",,03025,Murdochville,V,G0E1W0,1,1,1,0,0,École,Public,https://www.cschic-chocs.qc.ca,812000,Centre de services scolaire des Chic-Chocs,-65.491978,48.958566,Préscolaire - Primaire - Secondaire,Franco,418 784-2487
,812025,Ecole Esdras-Minville,École Esdras-Minville,"18, rue Saint-François-Xavier Est",,03020,Grande-Vallée,M,G0E1K0,1,1,1,0,0,École,Public,https://www.cschic-chocs.qc.ca,812000,Centre de services scolaire des Chic-Chocs,-65.119657,49.225493,Préscolaire - Primaire - Secondaire,Franco,418 393-2811
,812027,École Notre-Dame,École Notre-Dame,"535, Route 132",,03010,Cloridorme,CT,G0E1G0,1,1,0,0,0,École,Public,https://www.cschic-chocs.qc.ca,812000,Centre de services scolaire des Chic-Chocs,-64.83919,49.179361,Préscolaire - Primaire,Franco,418 395-2170
,812029,École Saint-Paul,École Saint-Paul,"33, rue de l'Église",Saint-Maurice de l'Échouerie,03005,Gaspé,V,G4X4B3,1,1,0,0,0,École,Public,https://www.cschic-chocs.qc.ca,812000,Centre de services scolaire des Chic-Chocs,-64.476652,49.05054,Préscolaire - Primaire,Franco,418 269-3227
,812031,École aux Quatre-Vents,École aux Quatre-Vents,"87, boulevard Renard Est",Rivière-au-Renard,03005,Gaspé,V,G4X5K7,1,1,0,0,0,École,Public,https://www.cschic-chocs.qc.ca,812000,Centre de services scolaire des Chic-Chocs,-64.384988,48.993111,Préscolaire - Primaire,Franco,418 269-3644
,812034,École Antoine-Roy,École Antoine-Roy,"110, boulevard Renard Est",Rivière-au-Renard,03005,Gaspé,V,G4X5H8,0,0,1,0,0,École,Public,https://www.cschic-chocs.qc.ca,812000,Centre de services scolaire des Chic-Chocs,-64.379775,48.989653,Secondaire,Franco,418 269-3301
,812036,École Saint-Joseph-Alban,École Saint-Joseph-Alban,"615, boulevard du Griffon",Anse-au-Griffon,03005,Gaspé,V,G4X6A5,1,1,0,0,0,École,Public,https://www.cschic-chocs.qc.ca,812000,Centre de services scolaire des Chic-Chocs,-64.29664,48.93181,Préscolaire - Primaire,Franco,418 892-5311
,812038,École Notre-Dame-du-Sacré-Coeur,École Notre-Dame-du-Sacré-Coeur,"43, rue Fontenelle",Fontenelle,03005,Gaspé,V,G4X6R1,1,1,0,0,0,École,Public,https://www.cschic-chocs.qc.ca,812000,Centre de services scolaire des Chic-Chocs,-64.551523,48.889468,Préscolaire - Primaire,Franco,418 368-2489
,812040,École C.-E.-Pouliot,École C.-E.-Pouliot,"85, boulevard de Gaspé",,03005,Gaspé,V,G4X2T8,0,0,1,0,0,École,Public,https://www.cschic-chocs.qc.ca,812000,Centre de services scolaire des Chic-Chocs,-64.477564,48.836896,Secondaire,Franco,418 368-5531
,812041,École Saint-Rosaire,École Saint-Rosaire,"151, rue Jacques-Cartier",,03005,Gaspé,V,G4X2P7,1,1,0,0,0,École,Public,https://www.cschic-chocs.qc.ca,812000,Centre de services scolaire des Chic-Chocs,-64.485629,48.830456,Préscolaire - Primaire,Franco,418 368-2237
,812044,École Notre-Dame-de-Liesse,École Notre-Dame-de-Liesse,"1932, Route 132",Saint-Georges-de-Malbaie,02005,Percé,V,G0C2X0,1,1,0,0,0,École,Public,https://www.cschic-chocs.qc.ca,812000,Centre de services scolaire des Chic-Chocs,-64.21468,48.654842,Préscolaire - Primaire,Franco,418 645-2929
,812307,CEA de La Haute-Gaspésie,Centre d'éducation des adultes de La Haute-Gaspésie,"27, route du Parc",,04037,Sainte-Anne-des-Monts,V,G4V2B9,0,0,0,0,1,Centre éducation aux adultes,Public,https://www.cschic-chocs.qc.ca,812000,Centre de services scolaire des Chic-Chocs,-66.486723,49.12865,Éducation aux adultes,Franco,418 763-5323
,812340,CEA de La Côte-de-Gaspé,Centre d'éducation des adultes de La Côte-de-Gaspé,"85, boulevard de Gaspé",,03005,Gaspé,V,G4X2T8,0,0,0,0,1,Centre éducation aux adultes,Public,https://www.cschic-chocs.qc.ca,812000,Centre de services scolaire des Chic-Chocs,-64.477564,48.836896,Éducation aux adultes,Franco,418 368-6117
,812407,CFP de La Haute-Gaspésie,Centre de formation professionnelle de La Haute-Gaspésie,"170, boulevard Sainte-Anne Ouest",,04037,Sainte-Anne-des-Monts,V,G4V1R8,0,0,0,1,0,Centre de formation professionnelle,Public,https://www.cschic-chocs.qc.ca,812000,Centre de services scolaire des Chic-Chocs,-66.494012,49.122446,Formation professionnelle,Franco,418 763-5323
,812440,CFP de La Côte-de-Gaspé,Centre de formation professionnelle de La Côte-de-Gaspé,"85, boulevard de Gaspé",,03005,Gaspé,V,G4X2T8,0,0,0,1,0,Centre de formation professionnelle,Public,https://www.cschic-chocs.qc.ca,812000,Centre de services scolaire des Chic-Chocs,-64.477564,48.836896,Formation professionnelle,Franco,418 368-6117
,813003,École Assomption,École Assomption,"1240, chemin Val-d'Espoir",,02005,Percé,V,G0C3G0,0,1,0,0,0,École,Public,https://www.csrl.qc.ca,813000,Centre de services scolaire René-Lévesque,-64.400994,48.514151,Primaire,Franco,418 782-2005
,813004,École Sainte-Marie,École Sainte-Marie,"41, rue Curé-Poirier",,02005,Percé,V,G0C1G0,1,1,0,0,0,École,Public,https://www.cssrl.gouv.qc.ca,813000,Centre de services scolaire René-Lévesque,-64.331,48.42598,Préscolaire - Primaire,Franco,418 782-2172
,813005,École Bon-Pasteur ST,École Bon-Pasteur,"86, rue Du Village",,02010,Sainte-Thérèse-de-Gaspé,M,G0C3B0,1,1,0,0,0,École,Public,https://www.cssrl.gouv.qc.ca,813000,Centre de services scolaire René-Lévesque,-64.413164,48.410031,Préscolaire - Primaire,Franco,418 385-2201
,813006,École Bon-Pasteur GR,École Bon-Pasteur,"113, rue du Carrefour",,02015,Grande-Rivière,V,G0C1V0,1,1,0,0,0,École,Public,https://www.cssrl.gouv.qc.ca,813000,Centre de services scolaire René-Lévesque,-64.498564,48.400929,Préscolaire - Primaire,Franco,418 385-2133
,813007,École du Littoral,École secondaire du Littoral,"188, rue du Carrefour",,02015,Grande-Rivière,V,G0C1V0,0,0,1,0,0,École,Public,https://www.cssrl.gouv.qc.ca,813000,Centre de services scolaire René-Lévesque,-64.497443,48.403115,Secondaire,Franco,418 385-2226
,813011,École Saint-Paul,École Saint-Paul,"415, boulevard Pabos",,02028,Chandler,V,G0C2H0,1,1,0,0,0,École,Public,https://www.cssrl.gouv.qc.ca,813000,Centre de services scolaire René-Lévesque,-64.609141,48.362829,Préscolaire - Primaire,Franco,418 689-2654
,813012,École polyvalente Mgr Sévigny,École polyvalente Monseigneur Sévigny,"155, rue Monseigneur Ross",,02028,Chandler,V,G0C1K0,0,0,1,0,0,École,Public,https://www.csrl.qc.ca,813000,Centre de services scolaire René-Lévesque,-64.685828,48.354988,Secondaire,Franco,418 689-2233
,813015,École Saint-Joseph,École Saint-Joseph,"183, rue Commerciale Ouest",,02028,Chandler,V,G0C1K0,1,1,0,0,0,École,Public,https://www.cssrl.gouv.qc.ca,813000,Centre de services scolaire René-Lévesque,-64.684851,48.348694,Préscolaire - Primaire,Franco,418 689-2181
,813017,École Sacré-Coeur,École Sacré-Coeur,"1, route Hardy",,02028,Chandler,V,G0C2A0,1,1,0,0,0,École,Public,https://www.cssrl.gouv.qc.ca,813000,Centre de services scolaire René-Lévesque,-64.745747,48.265097,Préscolaire - Primaire,Franco,418 777-2280
,813018,École Saint-Bernard,École Saint-Bernard,"40, route 132 Ouest",,02047,Port-Daniel–Gascons,M,G0C1P0,1,1,0,0,0,École,Public,https://www.cssrl.gouv.qc.ca,813000,Centre de services scolaire René-Lévesque,-64.86085,48.192999,Préscolaire - Primaire,Franco,418 396-2935
,813019,École Le Phare,École Le Phare,"110, route Clemville",,02047,Port-Daniel–Gascons,M,G0C2N0,1,1,0,0,0,École,Public,https://www.cssrl.gouv.qc.ca,813000,Centre de services scolaire René-Lévesque,-64.981238,48.16554,Préscolaire - Primaire,Franco,418 396-5343
,813021,École La Source,École La Source,"158A, rue Chapados",,05032,Paspébiac,V,G0C2K0,1,1,0,0,0,École,Public,https://www.cssrl.gouv.qc.ca,813000,Centre de services scolaire René-Lévesque,-65.235718,48.034885,Préscolaire - Primaire,Franco,418 752-3395
,813022,École polyvalente de Paspébiac,École polyvalente de Paspébiac,"158, Chapados",,05032,Paspébiac,V,G0C2K0,0,0,1,0,0,École,Public,https://www.csrl.qc.ca,813000,Centre de services scolaire René-Lévesque,-65.235718,48.034885,Secondaire,Franco,418 752-3395
,813025,École La Relève,École La Relève,"144, chemin Principal",,05050,Saint-Elzéar,M,G0C2W0,0,1,0,0,0,École,Public,https://www.csrl.qc.ca,813000,Centre de services scolaire René-Lévesque,-65.394954,48.15993,Primaire,Franco,418 534-2637
,813026,École François-Thibault,École François-Thibault,"111, avenue Grand-Pré",,05045,Bonaventure,V,G0C1E0,1,1,0,0,0,École,Public,https://www.csrl.qc.ca,813000,Centre de services scolaire René-Lévesque,-65.490576,48.046442,Préscolaire - Primaire,Franco,418 534-2990
,813027,École aux Quatre-Vents,École aux Quatre-Vents,"143, avenue Louisbourg",,05045,Bonaventure,V,G0C1E0,0,0,1,0,0,École,Public,https://www.cssrl.gouv.qc.ca,813000,Centre de services scolaire René-Lévesque,-65.486592,48.051869,Secondaire,Franco,418 534-2211
,813029,École des Découvertes,École des Découvertes,"115, avenue de l'Église",,05055,Saint-Siméon,P,G0C3A0,1,1,0,0,0,École,Public,https://www.cssrl.gouv.qc.ca,813000,Centre de services scolaire René-Lévesque,-65.571781,48.071973,Préscolaire - Primaire,Franco,418 534-2116
,813030,École Cap Beau-Soleil,École Cap Beau-Soleil,"15, route 132 Est",,05060,Caplan,M,G0C1H0,1,1,0,0,0,École,Public,https://www.cssrl.gouv.qc.ca,813000,Centre de services scolaire René-Lévesque,-65.679791,48.102207,Préscolaire - Primaire,Franco,418 388-2045
,813031,École aux Mille-Ressources,École aux Mille-Ressources,"134, rue Principale Ouest",,05065,Saint-Alphonse,M,G0C2V0,1,1,0,0,0,École,Public,https://www.cssrl.gouv.qc.ca,813000,Centre de services scolaire René-Lévesque,-65.630578,48.188855,Préscolaire - Primaire,Franco,418 388-5577
,813032,École Le Bois-Vivant,École Le Bois-Vivant,"121, avenue Terry-Fox",,05070,New Richmond,V,G0C2B0,1,1,1,0,0,École,Public,https://www.cssrl.gouv.qc.ca,813000,Centre de services scolaire René-Lévesque,-65.857702,48.163576,Préscolaire - Primaire - Secondaire,Franco,418 392-4350
,813034,École Saint-Donat,École Saint-Donat,"475, des Chardonnerets",,06005,Maria,M,G0C1Y0,1,1,0,0,0,École,Public,https://www.cssrl.gouv.qc.ca,813000,Centre de services scolaire René-Lévesque,-65.989883,48.174404,Préscolaire - Primaire,Franco,418 759-3282
,813035,École Bourg,École Bourg,"9, rue de la Fabrique",,06013,Carleton-sur-Mer,V,G0C1J0,1,1,0,0,0,École,Public,https://www.cssrl.gouv.qc.ca,813000,Centre de services scolaire René-Lévesque,-66.108185,48.103167,Préscolaire - Primaire,Franco,418 364-3445
,813036,École Antoine-Bernard,École Antoine-Bernard,"15, rue Comeau",,06013,Carleton-sur-Mer,V,G0C1J0,0,0,1,0,0,École,Public,https://www.cssrl.gouv.qc.ca,813000,Centre de services scolaire René-Lévesque,-66.116242,48.104182,Secondaire,Franco,418 364-3326
,813037,École des Audomarois,École des Audomarois,"100, rue de l'Église",,06013,Carleton-sur-Mer,V,G0C2Z0,1,1,0,0,0,École,Public,https://www.cssrl.gouv.qc.ca,813000,Centre de services scolaire René-Lévesque,-66.219059,48.111237,Préscolaire - Primaire,Franco,418 364-3347
,813038,Collège de Nouvelle,Collège de Nouvelle,"14, rue de l'Église",,06020,Nouvelle,M,G0C2E0,1,1,0,0,0,École,Public,,813000,Centre de services scolaire René-Lévesque,-66.318168,48.144276,Préscolaire - Primaire,Franco,418 794-2244
,813040,École des Quatre-Temps,École des Quatre-Temps,"15, rue de l'Église",,06020,Nouvelle,M,G0C2E0,1,1,0,0,0,École,Public,https://www.cssrl.gouv.qc.ca,813000,Centre de services scolaire René-Lévesque,-66.319675,48.14352,Préscolaire - Primaire,Franco,418 794-2244
,813041,École Père-Pacifique,École Père-Pacifique,"44, rue Lasalle",,06030,Pointe-à-la-Croix,M,G0C1L0,1,1,0,0,0,École,Public,https://www.cssrl.gouv.qc.ca,813000,Centre de services scolaire René-Lévesque,-66.692092,48.020345,Préscolaire - Primaire,Franco,418 788-2931
,813042,École des Deux-Rivières,École des Deux-Rivières,"12, boulevard Perron Est",,06045,Matapédia,M,G0J1V0,1,1,1,0,0,École,Public,https://www.cssrl.gouv.qc.ca,813000,Centre de services scolaire René-Lévesque,-66.938217,47.976763,Préscolaire - Primaire - Secondaire,Franco,418 865-2242
,813045,École du Plateau Saint-François,École du Plateau (Saint-François d'Assise),"211, rue de l'école",,06055,Saint-François-d'Assise,M,G0J2N0,1,1,0,0,0,École,Public,https://www.cssrl.gouv.qc.ca,813000,Centre de services scolaire René-Lévesque,-67.162847,47.98465,Préscolaire - Primaire,Franco,418 299-2023
,813302,CEA Chandler-Grande-Rivière,Centre d'éducation des adultes Chandler-Grande-Rivière,"155, rue Monseigneur F.-X.- Ross",,02028,Chandler,V,G0C1K0,0,0,0,0,1,Centre éducation aux adultes,Public,https://www.cssrl.gouv.qc.ca,813000,Centre de services scolaire René-Lévesque,-64.677212,48.35483,Éducation aux adultes,Franco,418 385-3499
,813303,CEA Bonaventure-Paspébiac,Centre d'éducation des adultes Bonaventure-Paspébiac,"143, avenue Louisbourg, porte 12",,05045,Bonaventure,V,G0C1E0,0,0,0,0,1,Centre éducation aux adultes,Public,https://www.cssrl.gouv.qc.ca,813000,Centre de services scolaire René-Lévesque,-65.486592,48.051869,Éducation aux adultes,Franco,418 534-4677
,813304,CEA Carleton-sur-mer - Matapédia,Centre d'éducation des adultes de Carleton-sur-mer - Matapédia,"15, rue Comeau",,06013,Carleton-sur-Mer,V,G0C1J0,0,0,0,0,1,Centre éducation aux adultes,Public,https://www.cssrl.gouv.qc.ca,813000,Centre de services scolaire René-Lévesque,-66.116242,48.104182,Éducation aux adultes,Franco,418 364-7510
,813402,CFP Chandler-Paspébiac,Centre de formation professionnelle Chandler-Paspébiac,"155, rue Monseigneur F.-X.- Ross",,02028,Chandler,V,G0C1K0,0,0,0,1,0,Centre de formation professionnelle,Public,https://www.cssrl.gouv.qc.ca,813000,Centre de services scolaire René-Lévesque,-64.677218,48.354823,Formation professionnelle,Franco,418 689-3911
,813403,CFP Bonaventure,Centre de formation professionnelle Bonaventure,"143, avenue Louisbourg",,05045,Bonaventure,V,G0C1E0,0,0,0,1,0,Centre de formation professionnelle,Public,https://www.cssrl.gouv.qc.ca/etablissement/centre-de-formation-professionnelle-bonaventure/,813000,Centre de services scolaire René-Lévesque,-65.486592,48.051869,Formation professionnelle,Franco,418 534-4677
,813404,Centre L'Envol,Centre de formation professionnelle L'Envol,"15, rue Comeau",,06013,Carleton-sur-Mer,V,G0C1J0,0,0,0,1,0,Centre de formation professionnelle,Public,https://www.cssrl.gouv.qc.ca/etablissement/centre-de-formation-professionnelle-lenvol-edifice-sante/,813000,Centre de services scolaire René-Lévesque,-66.116242,48.104182,Formation professionnelle,Franco,418 364-7510
,821110,École Provencher,École Provencher,"45, rue Provencher",,19062,Saint-Anselme,M,G0R2N0,1,1,0,0,0,École,Public,https://provencher.csscotesud.gouv.qc.ca,821000,Centre de services scolaire de la Côte-du-Sud,-70.969352,46.628646,Préscolaire - Primaire,Franco,418 885-4276
,821113,École Morissette,École Morissette,"60, rue de la Fabrique",,19055,Sainte-Claire,M,G0R2V0,1,1,0,0,0,École,Public,https://morissette.csscotesud.gouv.qc.ca/,821000,Centre de services scolaire de la Côte-du-Sud,-70.864729,46.598861,Préscolaire - Primaire,Franco,418 883-3750
,821114,École aux Quatre-Vents,École aux Quatre-Vents,"1165, rue Principale",,19025,Saint-Malachie,P,G0R3N0,1,1,0,0,0,École,Public,https://quatre-vents.csscotesud.gouv.qc.ca/,821000,Centre de services scolaire de la Côte-du-Sud,-70.763968,46.531731,Préscolaire - Primaire,Franco,418 642-2110
,821115,École des Méandres,École des Méandres,"514, rue Principale",,19020,Saint-Léon-de-Standon,P,G0R4L0,1,1,0,0,0,École,Public,https://meandres.csscotesud.gouv.qc.ca/,821000,Centre de services scolaire de la Côte-du-Sud,-70.617599,46.477782,Préscolaire - Primaire,Franco,418 642-2941
,821120,École de la Marelle,École de la Marelle,"116, rue du Domaine",,19105,Beaumont,M,G0R1C0,1,1,0,0,0,École,Public,https://marelle.csscotesud.gouv.qc.ca/,821000,Centre de services scolaire de la Côte-du-Sud,-71.017657,46.830866,Préscolaire - Primaire,Franco,418 838-8516
,821121,École du Phare,École du Phare,"39, rue Principale",,19110,Saint-Michel-de-Bellechasse,M,G0R3S0,1,1,0,0,0,École,Public,https://phare.csscotesud.gouv.qc.ca/,821000,Centre de services scolaire de la Côte-du-Sud,-70.915003,46.874711,Préscolaire - Primaire,Franco,418 884-2379
,821122,École de la Ruche-De Lanaudière,École de la Ruche-De Lanaudière,"364, rue Principale",,19117,Saint-Vallier,M,G0R4J0,1,1,0,0,0,École,Public,https://www.ruche-delanaudiere@csscotesud.gouv.qc.ca,821000,Centre de services scolaire de la Côte-du-Sud,-70.822379,46.893641,Préscolaire - Primaire,Franco,418 884-3455
,821123,École Plein-Soleil,École Plein-Soleil,"539, rue Piedmont",,19090,La Durantaye,P,G0R1W0,1,1,0,0,0,École,Public,https://plein-soleil.csscotesud.gouv.qc.ca/,821000,Centre de services scolaire de la Côte-du-Sud,-70.855383,46.835832,Préscolaire - Primaire,Franco,418 884-2884
,821124,École de la Source,École de la Source,"88, rue du Foyer",,19082,Saint-Raphaël,M,G0R4C0,1,1,0,0,0,École,Public,https://source.csscotesud.gouv.qc.ca/,821000,Centre de services scolaire de la Côte-du-Sud,-70.751516,46.793501,Préscolaire - Primaire,Franco,418 243-2999
,821125,École de la Nouvelle-Cadie,École de la Nouvelle-Cadie,"177, rue Principale",,19075,Saint-Gervais,M,G0R3C0,1,1,0,0,0,École,Public,https://nouvelle-cadie.csscotesud.gouv.qc.ca/,821000,Centre de services scolaire de la Côte-du-Sud,-70.889381,46.715734,Préscolaire - Primaire,Franco,418 887-3465
,821126,École de l'Étincelle - des Perséides,École de l'Étincelle - des Perséides,"2829, avenue Royale",,19097,Saint-Charles-de-Bellechasse,M,G0R2T0,1,1,0,0,0,École,Public,https://perseides.csscotesud.gouv.qc.ca/,821000,Centre de services scolaire de la Côte-du-Sud,-70.941444,46.773026,Préscolaire - Primaire,Franco,418 887-3317
,821130,École Belle-Vue,École Belle-Vue,"100, rue du Collège",,19037,Armagh,M,G0R1A0,1,1,0,0,0,École,Public,https://belle-vue.csscotesud.gouv.qc.ca/,821000,Centre de services scolaire de la Côte-du-Sud,-70.583732,46.744158,Préscolaire - Primaire,Franco,418 466-2191
,821131,École des Échos-de-la-Forêt,École des Échos-de-la-Forêt,"1460, rue Saint-Louis",,19005,Saint-Philémon,P,G0R4A0,1,1,0,0,0,École,Public,https://echos-de-la-foret.csscotesud.gouv.qc.ca/,821000,Centre de services scolaire de la Côte-du-Sud,-70.45157,46.678774,Préscolaire - Primaire,Franco,418 469-2443
,821132,École du Bon-Vent,École du Bon-Vent,"2033, rue de l'Église",,19010,Notre-Dame-Auxiliatrice-de-Buckland,P,G0R1G0,0,1,0,0,0,École,Public,https://bon-vent.csscotesud.gouv.qc.ca/,821000,Centre de services scolaire de la Côte-du-Sud,-70.543728,46.61893,Primaire,Franco,418 789-2091
,821135,École du Tremplin,École du Tremplin,"118, rue de la Fabrique",,19050,Saint-Lazare-de-Bellechasse,M,G0R3J0,1,1,0,0,0,École,Public,https://tremplin.csscotesud.gouv.qc.ca/,821000,Centre de services scolaire de la Côte-du-Sud,-70.797511,46.656131,Préscolaire - Primaire,Franco,418 883-3015
,821136,École de l'Éveil,École de l'Éveil,"2141, rue Principale",,19045,Saint-Nérée-de-Bellechasse,M,G0R3V0,1,1,0,0,0,École,Public,https://eveil.csscotesud.gouv.qc.ca/,821000,Centre de services scolaire de la Côte-du-Sud,-70.721348,46.725982,Préscolaire - Primaire,Franco,418 243-2670
,821138,École des Rayons-de-Soleil,École des Rayons-de-Soleil,"75, route Saint-Gérard",,19030,Saint-Damien-de-Buckland,P,G0R2Y0,1,1,0,0,0,École,Public,https://rayons-de-soleil.csscotesud.gouv.qc.ca,821000,Centre de services scolaire de la Côte-du-Sud,-70.665895,46.629542,Préscolaire - Primaire,Franco,418 789-2871
,821140,N-D.-de-L'Ass. - La Francolière,École Notre-Dame-de-L'Assomption - La Francolière,"605, chemin Saint-François Ouest",,18060,Saint-François-de-la-Rivière-du-Sud,M,G0R3A0,1,1,0,0,0,École,Public,https://nda-francoliere.csscotesud.gouv.qc.ca/,821000,Centre de services scolaire de la Côte-du-Sud,-70.716703,46.88425,Préscolaire - Primaire,Franco,418 259-7762
,821142,École des Tilleuls,École des Tilleuls,"620, rue Principale",,18055,Saint-Pierre-de-la-Rivière-du-Sud,P,G0R4B0,1,1,0,0,0,École,Public,https://tilleuls.csscotesud.gouv.qc.ca/,821000,Centre de services scolaire de la Côte-du-Sud,-70.628714,46.915299,Préscolaire - Primaire,Franco,418 248-2997
,821143,École Saint-Thomas,École Saint-Thomas,"111, 7e Rue",,18050,Montmagny,V,G5V3H2,1,1,0,0,0,École,Public,https://saint-thomas.csscotesud.gouv.qc.ca,821000,Centre de services scolaire de la Côte-du-Sud,-70.568336,46.975032,Préscolaire - Primaire,Franco,418 248-1666
,821144,École Beaubien,École Beaubien,"95, rue de l'Anse",,18050,Montmagny,V,G5V1G9,1,1,0,0,0,École,Public,https://beaubien.csscotesud.gouv.qc.ca,821000,Centre de services scolaire de la Côte-du-Sud,-70.558674,46.982891,Préscolaire - Primaire,Franco,418 248-0646
,821145,École Saint-Nicolas,École Saint-Nicolas,"280, avenue Corriveau",,18050,Montmagny,V,G5V2M6,1,1,0,0,0,École,Public,https://saint-nicolas.csscotesud.gouv.qc.ca,821000,Centre de services scolaire de la Côte-du-Sud,-70.551184,46.974019,Préscolaire - Primaire,Franco,418 248-3978
,821146,École Saint-Pie-X,École Saint-Pie-X,"388, boulevard Taché Est",,18050,Montmagny,V,G5V1E2,1,1,0,0,0,École,Public,https://saint-pie-x.csscotesud.gouv.qc.ca,821000,Centre de services scolaire de la Côte-du-Sud,-70.534093,46.986485,Préscolaire - Primaire,Franco,418 248-8198
,821148,École Monseigneur-Sirois,École Monseigneur-Sirois,"9, boulevard du Sacré-Coeur",,18045,Cap-Saint-Ignace,M,G0R1H0,1,1,0,0,0,École,Public,https://monseigneur-sirois.csscotesud.gouv.qc.ca,821000,Centre de services scolaire de la Côte-du-Sud,-70.457619,47.038142,Préscolaire - Primaire,Franco,418 246-5606
,821150,École Saint-François-Xavier,École Saint-François-Xavier,"37, chemin des Pionniers Est",,17078,L'Islet,M,G0R2B0,1,1,0,0,0,École,Public,https://saint-francois-xavier@csscotesud.gouv.qc.ca,821000,Centre de services scolaire de la Côte-du-Sud,-70.374376,47.12625,Préscolaire - Primaire,Franco,418 247-3147
,821152,École Saint-Jean,École Saint-Jean,"5, place de l'Église",,17070,Saint-Jean-Port-Joli,M,G0R3G0,1,1,0,0,0,École,Public,https://saint-jean.csscotesud.gouv.qc.ca,821000,Centre de services scolaire de la Côte-du-Sud,-70.270358,47.216236,Préscolaire - Primaire,Franco,418 598-3008
,821153,École Aubert-De Gaspé,École Aubert-De Gaspé,"43, rue Principale Ouest",,17055,Saint-Aubert,M,G0R2R0,1,1,0,0,0,École,Public,https://aubert-degaspe.csscotesud.gouv.qc.ca,821000,Centre de services scolaire de la Côte-du-Sud,-70.221278,47.180108,Préscolaire - Primaire,Franco,418 598-3207
,821155,École de Saint-Cyrille,École de Saint-Cyrille,"282, rue de l'École",,17045,Saint-Cyrille-de-Lessard,P,G0R2W0,1,1,0,0,0,École,Public,https://saint-cyrille.csscotesud.gouv.qc.ca,821000,Centre de services scolaire de la Côte-du-Sud,-70.273015,47.03367,Préscolaire - Primaire,Franco,418 247-5370
,821156,École Jeanne-De Chantal,École Jeanne-De Chantal,"88, rue Monseigneur-Bernier",,17078,L'Islet,M,G0R1X0,1,1,0,0,0,École,Public,https://jeanne-dechantal@csscotesud.gouv.qc.ca,821000,Centre de services scolaire de la Côte-du-Sud,-70.339494,47.083487,Préscolaire - Primaire,Franco,418 247-5313
,821160,École de la Colline-Sainte-Apolline,École de la Colline - Sainte-Apolline,"399, 13e Rue",,18030,Saint-Paul-de-Montminy,M,G0R3Y0,1,1,0,0,0,École,Public,https://collinesainte-apolline.csscotesud.gouv.qc.ca,821000,Centre de services scolaire de la Côte-du-Sud,-70.35843,46.728765,Préscolaire - Primaire,Franco,418 469-2098
,821162,École Chanoine Ferland-St-Just,École Chanoine-Ferland - Saint-Just,"185, rue Bilodeau",,18015,Saint-Fabien-de-Panet,P,G0R2J0,1,1,0,0,0,École,Public,https://chanoine-ferland-saint-just.csscotesud.gouv.qc.ca,821000,Centre de services scolaire de la Côte-du-Sud,-70.147126,46.656549,Préscolaire - Primaire,Franco,418 249-4591
,821170,École primaire des Trois-Sommets,École primaire des Trois-Sommets,"46, rang Taché Est",,17020,Saint-Marcel,M,G0R3R0,1,1,0,0,0,École,Public,https://saint-marcel.csscotesud.gouv.qc.ca,821000,Centre de services scolaire de la Côte-du-Sud,-70.062043,46.897815,Préscolaire - Primaire,Franco,418 356-2630
,821216,École secondaire de Saint-Anselme,École secondaire de Saint-Anselme,"825, route Bégin",,19062,Saint-Anselme,M,G0R2N0,0,0,1,0,0,École,Public,https://secondairestanselme.csscotesud.gouv.qc.ca,821000,Centre de services scolaire de la Côte-du-Sud,-70.966349,46.630296,Secondaire,Franco,418 885-4431
,821227,École secondaire de Saint-Charles,École secondaire de Saint-Charles,"24, avenue Saint-Georges",,19097,Saint-Charles-de-Bellechasse,M,G0R2T0,0,0,1,0,0,École,Public,https://secondairestcharles.csscotesud.gouv.qc.ca,821000,Centre de services scolaire de la Côte-du-Sud,-70.941898,46.774121,Secondaire,Franco,418 887-3418
,821228,CFER de Bellechasse,Centre de formation en entreprise et récupération de Bellechasse,"3, avenue du Couvent",,19082,Saint-Raphaël,M,G0R4C0,0,0,1,0,0,École,Public,https://cfer.csscotesud.gouv.qc.ca,821000,Centre de services scolaire de la Côte-du-Sud,-70.753343,46.794648,Secondaire,Franco,418 243-3757
,821237,École secondaire de Saint-Damien,École secondaire de Saint-Damien,"70, route Saint-Gérard",,19030,Saint-Damien-de-Buckland,P,G0R2Y0,0,0,1,0,0,École,Public,https://secondairestdamien.csscotesud.gouv.qc.ca,821000,Centre de services scolaire de la Côte-du-Sud,-70.667227,46.628707,Secondaire,Franco,418 789-2437
,821239,École de l'Envol,École de l'Envol,"244-A, chemin de la Montagne",,19025,Saint-Malachie,P,G0R3N0,0,0,1,0,0,École,Public,https://ecoleenvol.csscotesud.gouv.qc.ca,821000,Centre de services scolaire de la Côte-du-Sud,-70.709914,46.493937,Secondaire,Franco,418 789-1001
,821247,École secondaire Louis-Jacques-Casault,École secondaire Louis-Jacques-Casault,"141, boulevard Taché Est",,18050,Montmagny,V,G5V1B9,0,0,1,0,0,École,Public,https://ljcasault.csscotesud.gouv.qc.ca,821000,Centre de services scolaire de la Côte-du-Sud,-70.558274,46.984907,Secondaire,Franco,418 248-2370
,821251,École secondaire Bon-Pasteur,École secondaire Bon-Pasteur,"166, chemin des Pionniers Ouest",,17078,L'Islet,M,G0R2B0,0,0,1,0,0,École,Public,https://secondairebonpasteur@csscotesud.gouv.qc.ca,821000,Centre de services scolaire de la Côte-du-Sud,-70.376948,47.119668,Secondaire,Franco,418 247-3957
,821261,École secondaire de Saint-Paul,École secondaire de Saint-Paul,"420, route 283",,18030,Saint-Paul-de-Montminy,M,G0R3Y0,0,0,1,0,0,École,Public,https://secondairestpaul.csscotesud.gouv.qc.ca,821000,Centre de services scolaire de la Côte-du-Sud,-70.332618,46.743113,Secondaire,Franco,418 469-2117
,821277,École secondaire de la Rencontre,École secondaire de la Rencontre,"240, rue Saint-Pierre",,17010,Saint-Pamphile,V,G0R3X0,0,0,1,0,0,École,Public,https://secondairedelarencontre@csscotesud.gouv.qc.ca,821000,Centre de services scolaire de la Côte-du-Sud,-69.791031,46.960064,Secondaire,Franco,418 356-3314
,821329,CEA de Bellechasse,Centre d'éducation des adultes de Bellechasse,"189, rue Principale",,19075,Saint-Gervais,M,G0R3C0,0,0,0,0,1,Centre éducation aux adultes,Public,https://ceabellechasse.csscotesud.gouv.qc.ca/,821000,Centre de services scolaire de la Côte-du-Sud,-70.889005,46.715252,Éducation aux adultes,Franco,418 887-1308
,821361,CEA de Saint-Paul,Centre d'éducation des adultes de Saint-Paul,"420, route 283",,18030,Saint-Paul-de-Montminy,M,G0R3Y0,0,0,0,0,1,Centre éducation aux adultes,Public,https://ceastpaul.csscotesud.gouv.qc.ca,821000,Centre de services scolaire de la Côte-du-Sud,-70.332618,46.743113,Éducation aux adultes,Franco,418 469-2117
,821378,CEA de L'Islet-Sud,Centre d'éducation des adultes de L'Islet-Sud,"240, rue Saint-Pierre",,17010,Saint-Pamphile,V,G0R3X0,0,0,0,0,1,Centre éducation aux adultes,Public,https://cealisletsud.csscotesud.gouv.qc.ca,821000,Centre de services scolaire de la Côte-du-Sud,-69.791031,46.960064,Éducation aux adultes,Franco,418 356-3314
,821383,CEA de Montmagny-L'Islet-Nord,Centre d'éducation des adultes de Montmagny - L'Islet-Nord,"111, rue Saint-Pierre",,18050,Montmagny,V,G5V2P7,0,0,0,0,1,Centre éducation aux adultes,Public,https://ceamontmagny-lisletnord.csscotesud.gouv.qc.ca,821000,Centre de services scolaire de la Côte-du-Sud,-70.554342,46.977805,Éducation aux adultes,Franco,418 248-0181
,821416,Centre de formation agricole,Centre de formation agricole,"819, route Bégin",,19062,Saint-Anselme,M,G0R2N0,0,0,0,1,0,Centre de formation professionnelle,Public,https://cfastanselme.com,821000,Centre de services scolaire de la Côte-du-Sud,-70.966349,46.630296,Formation professionnelle,Franco,418 885-4517
,821437,Centre des Plastiques,Centre des Plastiques,"74, route Saint-Gérard",,19030,Saint-Damien-de-Buckland,P,G0R2Y0,0,0,0,1,0,Centre de formation professionnelle,Public,https://www.formationplastique.com/,821000,Centre de services scolaire de la Côte-du-Sud,-70.667905,46.629537,Formation professionnelle,Franco,418 789-3350
,821447,CFP de l'Envolée,Centre de formation professionnelle de l'Envolée,"141, boulevard Taché Est",,18050,Montmagny,V,G5V1B9,0,0,0,1,0,Centre de formation professionnelle,Public,https://cfpenvolee.com,821000,Centre de services scolaire de la Côte-du-Sud,-70.558274,46.984907,Formation professionnelle,Franco,418 248-2370
,822010,École Saint-Nom de Jésus,École Saint-Nom de Jésus,"112, Route 112",,31008,Beaulac-Garthby,M,G0Y1B0,1,1,0,0,0,École,Public,https://www.cssa.gouv.qc.ca,822000,Centre de services scolaire des Appalaches,-71.381746,45.835524,Préscolaire - Primaire,Franco,418 338-7800
,822011,École Dominique Savio,École Dominique Savio,"150, avenue Centrale Nord",,30110,Stratford,CT,G0Y1P0,1,1,0,0,0,École,Public,https://www.cssa.gouv.qc.ca,822000,Centre de services scolaire des Appalaches,-71.283019,45.780943,Préscolaire - Primaire,Franco,418 338-7800
,822012,École Sainte-Luce,École Sainte-Luce,"290, rue Montcalm",,31015,Disraeli,V,G0N1E0,1,1,0,0,0,École,Public,https://www.cssa.gouv.qc.ca,822000,Centre de services scolaire des Appalaches,-71.35503,45.899782,Préscolaire - Primaire,Franco,418 338-7800
,822014,École Sainte-Bernadette,École Sainte-Bernadette,"128, rue Saint-Joseph",,31045,Saint-Joseph-de-Coleraine,M,G0N1B0,1,1,0,0,0,École,Public,https://www.cssa.gouv.qc.ca,822000,Centre de services scolaire des Appalaches,-71.373001,45.967636,Préscolaire - Primaire,Franco,418 338-7800
,822015,École Notre-Dame,École Notre-Dame,"620, rue Notre-Dame",,32013,Saint-Ferdinand,M,G0N1N0,1,1,0,0,0,École,Public,https://www.cssa.gouv.qc.ca,822000,Centre de services scolaire des Appalaches,-71.573513,46.107606,Préscolaire - Primaire,Franco,418 338-7800
,822017,École Saint-Louis,École Saint-Louis,"539, rue Saint-Louis",,31084,Thetford Mines,V,G6H1J3,1,1,1,0,0,École,Public,https://www.cssa.gouv.qc.ca,822000,Centre de services scolaire des Appalaches,-71.364653,46.047293,Préscolaire - Primaire - Secondaire,Franco,418 338-7800
,822020,École du Tournesol,École du Tournesol,"285, rue Houle Est",,31084,Thetford Mines,V,G6G5W2,1,1,0,0,0,École,Public,https://www.cssa.gouv.qc.ca,822000,Centre de services scolaire des Appalaches,-71.32111,46.103282,Préscolaire - Primaire,Franco,418 338-7800
,822021,École de l'Étincelle,École de l'Étincelle,"1144, rue d'Youville",,31084,Thetford Mines,V,G6G4G2,1,1,0,0,0,École,Public,https://www.cssa.gouv.qc.ca,822000,Centre de services scolaire des Appalaches,-71.312675,46.105988,Préscolaire - Primaire,Franco,418 338-7800
,822022,École Saint-Noël,École Saint-Noël,"993, 8e Avenue",,31084,Thetford Mines,V,G6G2E3,1,1,0,0,0,École,Public,https://www.cssa.gouv.qc.ca,822000,Centre de services scolaire des Appalaches,-71.286913,46.103639,Préscolaire - Primaire,Franco,418 338-7800
,822024,École du Plein-Soleil,École du Plein-Soleil,"507, rue Saint-Patrick",,31084,Thetford Mines,V,G6G4B1,1,1,0,0,0,École,Public,https://www.cssa.gouv.qc.ca,822000,Centre de services scolaire des Appalaches,-71.29129,46.08664,Préscolaire - Primaire,Franco,418 338-7800
,822025,École Saint-Gabriel,École Saint-Gabriel,"275, rue Simoneau",,31084,Thetford Mines,V,G6G1S8,1,1,0,0,0,École,Public,https://www.cssa.gouv.qc.ca,822000,Centre de services scolaire des Appalaches,-71.301734,46.100612,Préscolaire - Primaire,Franco,418 338-7800
,822030,École du Perce-Neige,École du Perce-Neige,"4715, rue Pontbriand",,31084,Thetford Mines,V,G6H3L2,1,1,0,0,0,École,Public,https://www.cssa.gouv.qc.ca,822000,Centre de services scolaire des Appalaches,-71.256483,46.153368,Préscolaire - Primaire,Franco,418 338-7800
,822031,École de l'Arc-en-Ciel,École de l'Arc-en-Ciel,"5865, avenue du Collège",,31084,Thetford Mines,V,G6H4E2,0,1,0,0,0,École,Public,https://www.cssa.gouv.qc.ca,822000,Centre de services scolaire des Appalaches,-71.216155,46.142308,Primaire,Franco,418 338-7800
,822032,École de la Source,École de la Source,"5, chemin du Sacré-Coeur Ouest",,31056,Adstock,M,G0N1S0,1,1,0,0,0,École,Public,https://www.cssa.gouv.qc.ca,822000,Centre de services scolaire des Appalaches,-71.177542,46.134668,Préscolaire - Primaire,Franco,418 338-7800
,822034,École la Passerelle et la Pierre-Douce,École institutionnelle de la Passerelle et de la Pierre-Douce,"6, rue du Couvent",,31135,Saint-Pierre-de-Broughton,M,G0N1T0,1,1,0,0,0,École,Public,https://www.cssa.gouv.qc.ca,822000,Centre de services scolaire des Appalaches,-71.20641,46.244912,Préscolaire - Primaire,Franco,418 338-7800
,822036,École Paul VI et du Saint-Nom-de-Marie,École institutionnelle Paul VI et du Saint-Nom-de-Marie,"372, avenue du Collège",,31122,East Broughton,M,G0N1G0,1,1,0,0,0,École,Public,https://www.cssa.gouv.qc.ca,822000,Centre de services scolaire des Appalaches,-71.078008,46.219212,Préscolaire - Primaire,Franco,418 338-7800
,822038,École aux Quatre-Vents,École aux Quatre-Vents,"23, rue du Parc",,31056,Adstock,M,G0N1S0,1,1,0,0,0,École,Public,https://www.cssa.gouv.qc.ca,822000,Centre de services scolaire des Appalaches,-71.079377,46.046614,Préscolaire - Primaire,Franco,418 338-7800
,822040,Polyvalente de Disraeli,Polyvalente de Disraeli,"950, rue Saint-Gérard",,31015,Disraeli,V,G0N1E0,0,0,1,0,0,École,Public,https://www.cssa.gouv.qc.ca,822000,Centre de services scolaire des Appalaches,-71.352445,45.909103,Secondaire,Franco,418 338-7800
,822042,Polyvalente de Black Lake,Polyvalente de Black Lake,"499, rue Saint-Désiré",,31084,Thetford Mines,V,G6H1L7,1,1,1,0,0,École,Public,https://www.cssa.gouv.qc.ca,822000,Centre de services scolaire des Appalaches,-71.362555,46.047822,Préscolaire - Primaire - Secondaire,Franco,418 338-7800
,822043,École A.I.B.L.,École A.I.B.L.,"499, rue St-Désiré",,31084,Thetford Mines,V,G6H1L7,0,1,0,0,0,École,Public,https://www.polyblacklake.com/,822000,Centre de services scolaire des Appalaches,-71.362555,46.047822,Primaire,Franco,418 423-4291
,822045,Polyvalente de Thetford Mines,Polyvalente de Thetford Mines,"561, rue Saint-Patrick",,31084,Thetford Mines,V,G6G5W1,0,1,1,0,0,École,Public,https://www.cssa.gouv.qc.ca,822000,Centre de services scolaire des Appalaches,-71.290372,46.085284,Primaire - Secondaire,Franco,418 338-7800
,822355,CEA l'Escale,Centre d'éducation des adultes l'Escale,"1265, rue Notre-Dame Est",,31084,Thetford Mines,V,G6G2V3,0,0,0,0,1,Centre éducation aux adultes,Public,https://www.cssa.gouv.qc.ca,822000,Centre de services scolaire des Appalaches,-71.281964,46.105824,Éducation aux adultes,Franco,418 338-7800
,822451,CFP le Tremplin,Centre de formation professionnelle le Tremplin,"578, rue Monfette Est",,31084,Thetford Mines,V,G6G7G9,0,0,0,1,0,Centre de formation professionnelle,Public,https://www.cfpletremplin.com/,822000,Centre de services scolaire des Appalaches,-71.302156,46.106719,Formation professionnelle,Franco,418 338-7800
,823004,École Saints-Anges,École Saints-Anges,"320, rue des Érables",,26010,Saints-Anges,M,G0S3E0,1,1,0,0,0,École,Public,https://cssbe.gouv.qc.ca/etablissement/ecole-saints-anges/,823000,Centre de services scolaire de la Beauce-Etchemin,-70.877808,46.41648,Préscolaire - Primaire,Franco,418 386-5541
,823005,École De Léry-Monseigneur-De-Laval,École De Léry-Monseigneur-De Laval,"99, 125e Rue Est",,27028,Beauceville,V,G5X2R2,1,1,0,0,0,École,Public,https://cssbe.gouv.qc.ca/etablissement/ecole-de-lery/,823000,Centre de services scolaire de la Beauce-Etchemin,-70.772212,46.210358,Préscolaire - Primaire,Franco,418 228-5541
,823007,École le Tremplin,École le Tremplin,"119, rue des Écoliers",,27008,Saint-Victor,M,G0M2B0,1,1,0,0,0,École,Public,https://cssbe.gouv.qc.ca/etablissement/ecole-le-tremplin/,823000,Centre de services scolaire de la Beauce-Etchemin,-70.902367,46.147464,Préscolaire - Primaire,Franco,418 228-5541
,823009,École Sainte-Famille,École Sainte-Famille,"302, rue Saint-Cyrille",,27060,Tring-Jonction,VL,G0N1X0,1,1,0,0,0,École,Public,https://cssbe.gouv.qc.ca/etablissement/ecole-sainte-famille/,823000,Centre de services scolaire de la Beauce-Etchemin,-70.996257,46.267817,Préscolaire - Primaire,Franco,418 228-5541
,823012,École d'Youville-Lambert,École d'Youville-Lambert,"155, rue des Céramistes",,27043,Saint-Joseph-de-Beauce,V,G0S2V0,1,1,0,0,0,École,Public,https://cssbe.gouv.qc.ca/trouver-un-etablissement/#!/primaire~saint-joseph-de-beauce~,823000,Centre de services scolaire de la Beauce-Etchemin,-70.880833,46.31095,Préscolaire - Primaire,Franco,418 228-5541
,823013,École Arc-en-Ciel de Saint-Odilon,École Arc-en-Ciel de Saint-Odilon,"105, rue Hôtel-de-Ville",,27035,Saint-Odilon-de-Cranbourne,M,G0S3A0,1,1,0,0,0,École,Public,https://cssbe.gouv.qc.ca/etablissement/ecole-arc-en-ciel-de-saint-odilon/,823000,Centre de services scolaire de la Beauce-Etchemin,-70.676515,46.356516,Préscolaire - Primaire,Franco,418 228-5541
,823014,École l'Envolée,École l'Envolée,"150, rue Principale",,26005,Frampton,M,G0R1M0,1,1,0,0,0,École,Public,https://cssbe.gouv.qc.ca/etablissement/ecole-lenvolee/,823000,Centre de services scolaire de la Beauce-Etchemin,-70.809627,46.461939,Préscolaire - Primaire,Franco,418 228-5541
,823016,École Louis-Albert Vachon,École Louis-Albert Vachon,"2191, rue Principale",,27065,Saint-Frédéric,P,G0N1P0,1,1,0,0,0,École,Public,https://cssbe.gouv.qc.ca/etablissement/ecole-louis-albert-vachon/,823000,Centre de services scolaire de la Beauce-Etchemin,-70.972055,46.296612,Préscolaire - Primaire,Franco,418 228-5541
,823017,École secondaire Veilleux,École secondaire Veilleux,"695, avenue Robert-Cliche",,27043,Saint-Joseph-de-Beauce,V,G0S2V0,0,1,1,0,0,École,Public,https://veilleux.cssbe.gouv.qc.ca,823000,Centre de services scolaire de la Beauce-Etchemin,-70.879631,46.314976,Primaire - Secondaire,Franco,418 228-5541
,823018,Polyvalente Saint-François,Polyvalente Saint-François,"228, avenue Lambert",,27028,Beauceville,V,G5X3N9,0,1,1,0,0,École,Public,https://psf.cssbe.gouv.qc.ca,823000,Centre de services scolaire de la Beauce-Etchemin,-70.778944,46.210652,Primaire - Secondaire,Franco,418 228-5541
,823019,École l'Enfant-Jésus,École l'Enfant-Jésus,"217, rue Principale",,26015,Vallée-Jonction,M,G0S3J0,1,1,0,0,0,École,Public,https://cssbe.gouv.qc.ca/etablissement/ecole-lenfant-jesus/,823000,Centre de services scolaire de la Beauce-Etchemin,-70.92697,46.378474,Préscolaire - Primaire,Franco,418 228-5541
,823022,Polyvalente de Saint-Georges,Polyvalente de Saint-Georges,"2121, 119e Rue Est",,29073,Saint-Georges,V,G5Y5S1,0,1,1,0,0,École,Public,https://cssbe.gouv.qc.ca/etablissement/polyvalente-de-saint-georges/,823000,Centre de services scolaire de la Beauce-Etchemin,-70.661256,46.129358,Primaire - Secondaire,Franco,418 228-5541
,823024,École Monseigneur-Feuiltault,École Monseigneur-Feuiltault,"35, boulevard Vachon Sud",,26030,Sainte-Marie,V,G6E4G8,0,1,0,0,0,École,Public,https://cssbe.gouv.qc.ca/etablissement/ecole-monseigneur-feuiltault/,823000,Centre de services scolaire de la Beauce-Etchemin,-71.019647,46.43909,Primaire,Franco,418 386-5541
,823025,École Maribel,École Maribel,"62, rue Saint-Antoine",,26030,Sainte-Marie,V,G6E4B8,1,1,0,0,0,École,Public,https://cssbe.gouv.qc.ca/etablissement/ecole-maribel/,823000,Centre de services scolaire de la Beauce-Etchemin,-71.020801,46.437938,Préscolaire - Primaire,Franco,418 386-5541
,823027,École l'Arc-en-Ciel de Saint-Narcisse,École l'Arc-en-Ciel de Saint-Narcisse,"510, rue de l'École",,33030,Saint-Narcisse-de-Beaurivage,P,G0S1W0,1,1,0,0,0,École,Public,https://cssbe.gouv.qc.ca/etablissement/ecole-larc-en-ciel-de-saint-narcisse/,823000,Centre de services scolaire de la Beauce-Etchemin,-71.230557,46.482248,Préscolaire - Primaire,Franco,418 386-5541
,823028,École Notre-Dame de Saint-Elzéar,École Notre-Dame de Saint-Elzéar,"668, rue Principale",,26022,Saint-Elzéar,M,G0S2J0,1,1,0,0,0,École,Public,https://cssbe.gouv.qc.ca/etablissement/ecole-notre-dame-de-saint-elzear/,823000,Centre de services scolaire de la Beauce-Etchemin,-71.060884,46.406911,Préscolaire - Primaire,Franco,418 386-5541
,823030,École Notre-Dame de Lac-Etchemin,École Notre-Dame de Lac-Etchemin,"1468, route 277",,28053,Lac-Etchemin,M,G0R1S0,1,1,0,0,0,École,Public,https://cssbe.gouv.qc.ca/etablissement/ecole-notre-dame-de-lac-etchemin/,823000,Centre de services scolaire de la Beauce-Etchemin,-70.506333,46.399919,Préscolaire - Primaire,Franco,418 228-5541
,823032,École de la Camaraderie,École de la Camaraderie,"15, rue Mercier",,28075,Saint-Magloire,M,G0R3M0,1,1,0,0,0,École,Public,https://cssbe.gouv.qc.ca/etablissement/ecole-rayons-de-soleil/,823000,Centre de services scolaire de la Beauce-Etchemin,-70.285817,46.575533,Préscolaire - Primaire,Franco,418 228-5541
,823036,École Fleurs-de-Soleil,École Fleurs-de-Soleil,"200, rue Bédard", ,28045,Sainte-Justine,M,G0R1Y0,1,1,0,0,0,École,Public,https://rayons-de-soleil@cssbe.gouv.qc.ca,823000,Centre de services scolaire de la Beauce-Etchemin,-70.34996,46.411319,Préscolaire - Primaire,Franco,418 226-5541
,823039,École du Trait-d'Union,École du Trait-d'Union,"2880, 18e Avenue",,28020,Saint-Prosper,M,G0M1Y0,1,1,0,0,0,École,Public,https://cssbe.gouv.qc.ca/etablissement/ecole-du-trait-dunion/,823000,Centre de services scolaire de la Beauce-Etchemin,-70.485718,46.209278,Préscolaire - Primaire,Franco,418 228-5541
,823040,École du Petit-Chercheur,École du Petit-Chercheur,"4, rue Roy",,28030,Sainte-Rose-de-Watford,M,G0R4G0,1,1,0,0,0,École,Public,https://cssbe.gouv.qc.ca/etablissement/ecole-du-petit-chercheur/,823000,Centre de services scolaire de la Beauce-Etchemin,-70.429487,46.320661,Préscolaire - Primaire,Franco,418 228-5541
,823041,École la Tourterelle,École la Tourterelle,"242, rue Principale",,28025,Saint-Benjamin,M,G0M1N0,1,1,0,0,0,École,Public,https://cssbe.gouv.qc.ca/etablissement/ecole-la-tourterelle/,823000,Centre de services scolaire de la Beauce-Etchemin,-70.602311,46.278681,Préscolaire - Primaire,Franco,418 228-5541
,823043,École des Sommets,École des Sommets,"675, 12e Avenue",,28005,Saint-Zacharie,M,G0M2C0,1,1,0,0,0,École,Public,https://cssbe.gouv.qc.ca/etablissement/ecole-des-sommets/,823000,Centre de services scolaire de la Beauce-Etchemin,-70.360411,46.125239,Préscolaire - Primaire,Franco,418 228-5541
,823044,École Jouvence,École Jouvence,"12, rue des Lilas",,28015,Sainte-Aurélie,M,G0M1M0,1,1,0,0,0,École,Public,https://cssbe.gouv.qc.ca/etablissement/ecole-jouvence/,823000,Centre de services scolaire de la Beauce-Etchemin,-70.36027,46.174557,Préscolaire - Primaire,Franco,418 228-5541
,823045,Polyvalente des Abénaquis,Polyvalente des Abénaquis,"2105, 25e Avenue",,28020,Saint-Prosper,M,G0M1Y0,0,1,1,0,0,École,Public,https://cssbe.gouv.qc.ca/etablissement/polyvalente-des-abenaquis/,823000,Centre de services scolaire de la Beauce-Etchemin,-70.483539,46.217996,Primaire - Secondaire,Franco,418 228-5541
,823046,École des Appalaches,École des Appalaches,"135, boulevard Lessard",,28045,Sainte-Justine,M,G0R1Y0,0,1,1,0,0,École,Public,https://appalaches.cssbe.gouv.qc.ca,823000,Centre de services scolaire de la Beauce-Etchemin,-70.360339,46.406762,Primaire - Secondaire,Franco,418 228-5541
,823048,École la Découverte,École la Découverte,"77, rue Langevin",,26040,Sainte-Hénédine,P,G0S2R0,1,1,0,0,0,École,Public,https://ladecouverte.cssbe.gouv.qc.ca,823000,Centre de services scolaire de la Beauce-Etchemin,-70.986984,46.56187,Préscolaire - Primaire,Franco,418 228-5541
,823049,École Maribel 2.0,École Maribel 2.0,"940, route Saint-Martin",,26030,Sainte-Marie,V,G6E1E7,1,1,0,0,0,École,Public,https://cssbe.gouv.qc.ca/etablissement/ecole-maribel/,823000,Centre de services scolaire de la Beauce-Etchemin,-71.024386,46.454508,Préscolaire - Primaire,Franco,418 386-5541
,823052,École Barabé-Drouin,École Barabé-Drouin,"161, rue Sainte-Geneviève",,26063,Saint-Isidore,M,G0S2S0,1,1,0,0,0,École,Public,https://cssbe.gouv.qc.ca/etablissement/ecole-barabe/,823000,Centre de services scolaire de la Beauce-Etchemin,-71.090918,46.583164,Préscolaire - Primaire,Franco,418 386-5541
,823053,École l'Accueil,École l'Accueil,"15, rue Armand-Claude",,26048,Scott,M,G0S3G0,1,1,0,0,0,École,Public,https://accueil.cssbe.gouv.qc.ca,823000,Centre de services scolaire de la Beauce-Etchemin,-71.081969,46.50715,Préscolaire - Primaire,Franco,418 228-5541
,823056,École l'Étincelle de Sainte-Marguerite,École l'Étincelle de Sainte-Marguerite,"359, rue Saint-Jacques",,26035,Sainte-Marguerite,P,G0S2X0,1,1,0,0,0,École,Public,https://etincelle.cssbe.gouv.qc.ca,823000,Centre de services scolaire de la Beauce-Etchemin,-70.931089,46.513449,Préscolaire - Primaire,Franco,418 228-5541
,823060,École L'Aquarelle de Saint-Bernard,École L'Aquarelle de Saint-Bernard,"1492, rue du Couvent",,26055,Saint-Bernard,M,G0S2G0,1,1,0,0,0,École,Public,https://cssbe.gouv.qc.ca/etablissement/ecole-laquarelle-de-saint-bernard/,823000,Centre de services scolaire de la Beauce-Etchemin,-71.135675,46.497289,Préscolaire - Primaire,Franco,418 386-5541
,823062,École Dionne,École Dionne,"1605, boulevard Dionne",,29073,Saint-Georges,V,G5Y3W4,1,1,0,0,0,École,Public,https://cssbe.gouv.qc.ca/etablissement/ecole-dionne/,823000,Centre de services scolaire de la Beauce-Etchemin,-70.677014,46.116306,Préscolaire - Primaire,Franco,418 228-5541
,823063,École Monseigneur-Fortier,École Monseigneur-Fortier,"1545, 8e Avenue",,29073,Saint-Georges,V,G5Y4B4,1,1,0,0,0,École,Public,https://cssbe.gouv.qc.ca/etablissement/ecole-monseigneur-fortier/,823000,Centre de services scolaire de la Beauce-Etchemin,-70.681367,46.114059,Préscolaire - Primaire,Franco,418 228-5541
,823065,École Aquarelle de Saint-Georges,École Aquarelle de Saint-Georges,"370, 127e Rue",,29073,Saint-Georges,V,G5Y2W3,1,1,0,0,0,École,Public,https://cssbe.gouv.qc.ca/etablissement/ecole-aquarelle-de-saint-georges/,823000,Centre de services scolaire de la Beauce-Etchemin,-70.664976,46.118475,Préscolaire - Primaire,Franco,418 228-5541
,823066,École l'Astrale,École l'Astrale,"423, rue Principale",,33007,Saint-Sylvestre,M,G0S3C0,1,1,0,0,0,École,Public,https://cssbe.gouv.qc.ca/etablissement/ecole-lastrale/,823000,Centre de services scolaire de la Beauce-Etchemin,-71.223104,46.365014,Préscolaire - Primaire,Franco,418 386-5541
,823069,École la Source,École la Source,"493, rue du Manoir",,33025,Saint-Patrice-de-Beaurivage,M,G0S1B0,1,1,0,0,0,École,Public,https://cssbe.gouv.qc.ca/etablissement/ecole-la-source/,823000,Centre de services scolaire de la Beauce-Etchemin,-71.237944,46.410218,Préscolaire - Primaire,Franco,418 386-5541
,823070,École la Passerelle,École la Passerelle,"11655, boulevard Lacroix",,29073,Saint-Georges,V,G5Y1L4,1,1,0,0,0,École,Public,https://cssbe.gouv.qc.ca/etablissement/ecole-lacroix/,823000,Centre de services scolaire de la Beauce-Etchemin,-70.670376,46.124207,Préscolaire - Primaire,Franco,418 228-5541
,823072,École primaire les Sittelles,École primaire les Sittelles,"15400, 10e Avenue ",,29073,Saint-Georges,V,G5Y7G1,1,1,0,0,0,École,Public,https://cssbe.gouv.qc.ca/etablissement/ecole-primaire-les-sittelles/,823000,Centre de services scolaire de la Beauce-Etchemin,-70.649682,46.108581,Préscolaire - Primaire,Franco,418 228-5541
,823074,Polyvalente Benoît-Vachon,Polyvalente Benoît-Vachon,"919, route Saint-Martin",,26030,Sainte-Marie,V,G6E1E6,0,1,1,0,0,École,Public,https://mapbv.com,823000,Centre de services scolaire de la Beauce-Etchemin,-71.025596,46.455358,Primaire - Secondaire,Franco,418 386-5541
,823077,École des Deux-Rives,École des Deux-Rives,"3300, 10e Avenue",,29073,Saint-Georges,V,G5Y4G2,0,1,1,0,0,École,Public,https://deux-rives.cssbe.gouv.qc.ca,823000,Centre de services scolaire de la Beauce-Etchemin,-70.676843,46.103071,Primaire - Secondaire,Franco,418 228-5541
,823078,École l'Éco-Pin,École l'Éco-Pin,"3015, 1re Avenue",,29120,Notre-Dame-des-Pins,P,G0M1K0,1,1,0,0,0,École,Public,https://cssbe.gouv.qc.ca/etablissement/ecole-leco-pin/,823000,Centre de services scolaire de la Beauce-Etchemin,-70.712694,46.182988,Préscolaire - Primaire,Franco,418 228-5541
,823080,École Kennebec,École Kennebec,"1519, 19e Rue",,29057,Saint-Côme–Linière,M,G0M1J0,1,1,0,0,0,École,Public,https://cssbe.gouv.qc.ca/etablissement/ecole-kennebec/,823000,Centre de services scolaire de la Beauce-Etchemin,-70.519102,46.059101,Préscolaire - Primaire,Franco,418 228-5541
,823081,École Grande-Coudée,École Grande-Coudée,"10, 7e Rue Est",,29045,Saint-Martin,P,G0M1B0,1,1,0,0,0,École,Public,https://cssbe.gouv.qc.ca/etablissement/ecole-grande-coudee/,823000,Centre de services scolaire de la Beauce-Etchemin,-70.654466,45.959592,Préscolaire - Primaire,Franco,418 228-5541
,823084,École Sainte-Thérèse,École Sainte-Thérèse,"434, rue Champagne Nord",,29038,Saint-Honoré-de-Shenley,M,G0M1V0,1,1,0,0,0,École,Public,https://cssbe.gouv.qc.ca/etablissement/ecole-sainte-therese/,823000,Centre de services scolaire de la Beauce-Etchemin,-70.826069,45.962115,Préscolaire - Primaire,Franco,418 228-5541
,823089,École du Sud-de-la-Beauce,École du Sud-de-la-Beauce,"117, 3e Avenue Sud",,29013,Saint-Gédéon-de-Beauce,M,G0M1T0,1,1,0,0,0,École,Public,https://cssbe.gouv.qc.ca/etablissement/ecole-primaire-de-saint-gedeon/,823000,Centre de services scolaire de la Beauce-Etchemin,-70.637738,45.854425,Préscolaire - Primaire,Franco,418 228-5541
,823092,École primaire l'Éveil,École primaire l'Éveil,"717, boulevard Étienne-Raymond",,26030,Sainte-Marie,V,G6E3B4,1,1,0,0,0,École,Public,https://eveil.cssbe.gouv.qc.ca,823000,Centre de services scolaire de la Beauce-Etchemin,-71.025202,46.451022,Préscolaire - Primaire,Franco,418 386-5541
,823093,École de la Haute-Beauce,École de la Haute-Beauce,"427, 11e Rue Ouest",,29030,La Guadeloupe,VL,G0M1G0,1,1,0,0,0,École,Public,https://cssbe.gouv.qc.ca/etablissement/ecole-roy-et-saint-louis/,823000,Centre de services scolaire de la Beauce-Etchemin,-70.941,45.962472,Préscolaire - Primaire,Franco,418 228-5541
,823095,Polyvalente Bélanger,Polyvalente Bélanger,"30 A, chemin de la Polyvalente",,29045,Saint-Martin,P,G0M1B0,0,1,1,0,0,École,Public,https://cssbe.gouv.qc.ca/etablissement/polyvalente-belanger/,823000,Centre de services scolaire de la Beauce-Etchemin,-70.649815,45.956917,Primaire - Secondaire,Franco,418 228-5541
,823096,École Harmonie,École Harmonie,"598, avenue Saint-Jean-de-la-Lande",,29073,Saint-Georges,V,G5Z0L3,1,1,0,0,0,École,Public,https://cssbe.gouv.qc.ca/etablissement/ecole-harmonie/,823000,Centre de services scolaire de la Beauce-Etchemin,-70.706724,46.048253,Préscolaire - Primaire,Franco,418 228-5541
,823097,École Curé-Beaudet,École Curé-Beaudet,"24, rue du Collège",,29112,Saint-Éphrem-de-Beauce,M,G0M1R0,1,1,0,0,0,École,Public,https://cssbe.gouv.qc.ca/etablissement/ecole-cure-beaudet/,823000,Centre de services scolaire de la Beauce-Etchemin,-70.951282,46.062395,Préscolaire - Primaire,Franco,418 228-5541
,823098,École Notre-Dame-du-Rosaire,École Notre-Dame-du-Rosaire,"56, rue de la Fabrique",,29100,Saint-Benoît-Labre,M,G0M1P0,1,1,0,0,0,École,Public,https://cssbe.gouv.qc.ca/etablissement/ecole-notre-dame-du-rosaire/,823000,Centre de services scolaire de la Beauce-Etchemin,-70.792898,46.0675,Préscolaire - Primaire,Franco,418 228-5541
,823301,Centre de formation des Bâtisseurs,Centre de formation des Bâtisseurs,"925, route Saint-Martin",,26030,Sainte-Marie,V,G6E1E6,0,0,0,0,1,Centre éducation aux adultes,Public,https://cfbatisseurs.cssbe.gouv.qc.ca/,823000,Centre de services scolaire de la Beauce-Etchemin,-71.028796,46.455608,Éducation aux adultes,Franco,418 386-5541
,823337,CEA Saint-Prosper / Ste-Justine,Centre d'éducation des adultes de Saint-Prosper et de Sainte-Justine,"2105, 25e Avenue",,28020,Saint-Prosper,M,G0M1Y0,0,0,0,0,1,Centre éducation aux adultes,Public,https://cssbe.gouv.qc.ca/etablissement/centre-deducation-des-adultes-de-saint-prosper/,823000,Centre de services scolaire de la Beauce-Etchemin,-70.483539,46.217996,Éducation aux adultes,Franco,418 228-5541
,823361,CEA Mgr-Beaudoin-Les Sources,Centre d'éducation des adultes Monseigneur-Beaudoin-Les Sources,"1600, 1re Avenue",,29073,Saint-Georges,V,G5Y3N3,0,0,0,0,1,Centre éducation aux adultes,Public,https://cssbe.gouv.qc.ca/etablissement/edifice-monseigneur-beaudoin/,823000,Centre de services scolaire de la Beauce-Etchemin,-70.674587,46.117948,Éducation aux adultes,Franco,418 228-5541
,823423,CIMIC,Centre intégré de mécanique industrielle de la Chaudière,"11700, 25e Avenue",,29073,Saint-Georges,V,G5Y8B8,0,0,0,1,0,Centre de formation professionnelle,Public,https://cimic.cssbe.gouv.qc.ca,823000,Centre de services scolaire de la Beauce-Etchemin,-70.664363,46.130127,Formation professionnelle,Franco,418 228-1993
,823429,Centre de formation des Bâtisseurs,Centre de formation des Bâtisseurs,"925, route Saint-Martin",,26030,Sainte-Marie,V,G6E1E6,0,0,0,1,0,Centre de formation professionnelle,Public,https://cfbatisseurs.cssbe.gouv.qc.ca,823000,Centre de services scolaire de la Beauce-Etchemin,-71.028796,46.455608,Formation professionnelle,Franco,418 386-5541
,823482,CFP Pozer,Centre de formation professionnelle Pozer,"425, 16e Rue",,29073,Saint-Georges,V,G5Y4W2,0,0,0,1,0,Centre de formation professionnelle,Public,https://cfppozer.cssbe.gouv.qc.ca,823000,Centre de services scolaire de la Beauce-Etchemin,-70.675762,46.117163,Formation professionnelle,Franco,418 226-2685
,824011,"École des Moussaillons, du  Boisé","École des Moussaillons, du Boisé","807, chemin Pintendre",Pintendre,25213,Lévis,V,G6C1C6,1,1,0,0,0,École,Public,https://cssdn.gouv.qc.ca/moussaillonsboise/,824000,Centre de services scolaire des Navigateurs,-71.123304,46.754394,Préscolaire - Primaire,Franco,418 838-8557
,824020,École Charles-Rodrigue,École Charles-Rodrigue,"5485, rue Saint-Georges",,25213,Lévis,V,G6V4M7,1,1,0,0,0,École,Public,https://cssdn.gouv.qc.ca/charlesrodriguepixels/,824000,Centre de services scolaire des Navigateurs,-71.184706,46.798674,Préscolaire - Primaire,Franco,418 838-8571
,824022,École de l'Auberivière,École de l'Auberivière,"3921, rue de la Fabrique",,25213,Lévis,V,G6W1T8,1,1,0,0,0,École,Public,https://cssdn.gouv.qc.ca/auberiviere/,824000,Centre de services scolaire des Navigateurs,-71.201705,46.778013,Préscolaire - Primaire,Franco,418 838-8553
,824023,École Desjardins,École Desjardins,"3700, rue de la Fabrique",,25213,Lévis,V,G6W1J5,0,1,0,0,0,École,Public,https://cssdn.gouv.qc.ca/desjardins/,824000,Centre de services scolaire des Navigateurs,-71.202715,46.775246,Primaire,Franco,418 838-8555
,824024,"École du Ruisseau, Sainte-Marie","École du Ruisseau, Sainte-Marie","688, rue Saint-Joseph",,25213,Lévis,V,G6V1J4,1,1,0,0,0,École,Public,https://cssdn.gouv.qc.ca/duruisseau-sainte-marie/,824000,Centre de services scolaire des Navigateurs,-71.13325,46.825663,Préscolaire - Primaire,Franco,418 838-8560
,824026,École Notre-Dame,École Notre-Dame,"6045, rue Saint-Georges",,25213,Lévis,V,G6V4K6,1,1,0,0,0,École,Public,https://cssdn.gouv.qc.ca/notredame/,824000,Centre de services scolaire des Navigateurs,-71.179859,46.806971,Préscolaire - Primaire,Franco,418 838-8548
,824027,École Saint-Dominique,École Saint-Dominique,"2, rue de l'Entente ",,25213,Lévis,V,G6V1R2,1,1,0,0,0,École,Public,https://cssdn.gouv.qc.ca/saintdominique/,824000,Centre de services scolaire des Navigateurs,-71.176256,46.816465,Préscolaire - Primaire,Franco,418 838-8545
,824028,École Saint-Joseph,École Saint-Joseph,"295, rue Saint-Joseph",,25213,Lévis,V,G6V1G3,1,1,0,0,0,École,Public,https://cssdn.gouv.qc.ca/saintjoseph/,824000,Centre de services scolaire des Navigateurs,-71.165575,46.827036,Préscolaire - Primaire,Franco,418 838-8562
,824030,"École Belleau, Gagnon","École Belleau, Gagnon","121, rue Belleau",,19068,Saint-Henri,M,G0R3E0,1,1,0,0,0,École,Public,https://cssdn.gouv.qc.ca/belleaugagnon/,824000,Centre de services scolaire des Navigateurs,-71.064614,46.694578,Préscolaire - Primaire,Franco,418 834-2465
,824040,École Saint-Louis-de-France,École Saint-Louis-de-France,"3165, avenue Joseph-Hudon",,25213,Lévis,V,G6X2T1,0,1,0,0,0,École,Public,https://cssdn.gouv.qc.ca/saintlouisdefrance/,824000,Centre de services scolaire des Navigateurs,-71.275234,46.714978,Primaire,Franco,418 834-2471
,824045,École des Petits-Cheminots,École des Petits-Cheminots,"6200, avenue des Belles-Amours",,25213,Lévis,V,G6X1R2,1,1,0,0,0,École,Public,https://cssdn.gouv.qc.ca/petitscheminots/,824000,Centre de services scolaire des Navigateurs,-71.259749,46.722558,Préscolaire - Primaire,Franco,418 834-2469
,824050,École de Taniata,École de Taniata,"1002, rue des Écoliers",,25213,Lévis,V,G6Z0C4,1,1,0,0,0,École,Public,https://cssdn.gouv.qc.ca/taniata/,824000,Centre de services scolaire des Navigateurs,-71.19714,46.716569,Préscolaire - Primaire,Franco,418 839-4188
,824052,École de la Rose-des-Vents,École de la Rose-des-Vents,"50, rue Arlette-Fortin",,25213,Lévis,V,G6Z3B9,1,1,0,0,0,École,Public,https://cssdn.gouv.qc.ca/rosedesvents/,824000,Centre de services scolaire des Navigateurs,-71.213108,46.725278,Préscolaire - Primaire,Franco,418 839-0098
,824054,"École de l'Alizé, des Mousserons","École de l'Alizé, des Mousserons","851, rue des Hérons",,25213,Lévis,V,G6Z3L3,1,1,0,0,0,École,Public,https://cssdn.gouv.qc.ca/alizemousserons/,824000,Centre de services scolaire des Navigateurs,-71.201608,46.729308,Préscolaire - Primaire,Franco,418 839-7877
,824057,École de la Nacelle,École de la Nacelle,"1110, rue des Prés",,25213,Lévis,V,G6Z1W4,1,1,0,0,0,École,Public,https://cssdn.gouv.qc.ca/nacelle/,824000,Centre de services scolaire des Navigateurs,-71.204103,46.709833,Préscolaire - Primaire,Franco,418 839-3131
,824060,École du Bac,École du Bac,"1285, rue des Érables",,26070,Saint-Lambert-de-Lauzon,M,G0S2W0,1,1,0,0,0,École,Public,https://cssdn.gouv.qc.ca/bac/,824000,Centre de services scolaire des Navigateurs,-71.211225,46.586047,Préscolaire - Primaire,Franco,418 834-2478
,824070,École du Grand-Voilier,École du Grand-Voilier,"1460, rue des Pionniers",Saint-Nicolas,25213,Lévis,V,G7A4L6,1,1,0,0,0,École,Public,https://cssdn.gouv.qc.ca/grandvoilier/,824000,Centre de services scolaire des Navigateurs,-71.403586,46.702224,Préscolaire - Primaire,Franco,418 834-2479
,824074,École de l'Odyssée,École de l'Odyssée,"885, rue des Mélèzes",,25213,Lévis,V,G7A4B1,1,1,0,0,0,École,Public,https://cssdn.gouv.qc.ca/odyssee/,824000,Centre de services scolaire des Navigateurs,-71.345832,46.711869,Préscolaire - Primaire,Franco,418 834-2474
,824075,École Clair-Soleil,École Clair-Soleil,"363, rue Laure-Conan",,25213,Lévis,V,G7A3K9,1,1,0,0,0,École,Public,https://cssdn.gouv.qc.ca/clairsoleil/,824000,Centre de services scolaire des Navigateurs,-71.300151,46.724913,Préscolaire - Primaire,Franco,418 834-2473
,824076,École de l'Étoile,École de l'Étoile,1300 rue de l'Étoile,,25213,Lévis,V,G7A0S2,1,1,0,0,0,École,Public,https://cssdn.gouv.qc.ca/etoile/,824000,Centre de services scolaire des Navigateurs,-71.316593,46.726619,Préscolaire - Primaire,Franco,418 834-2485
,824077,École La Martinière,École La Martinière,"520, rue de la Sorbonne",Saint-Nicolas,25213,Lévis,V,G7A1Y5,1,1,0,0,0,École,Public,https://cssdn.gouv.qc.ca/martiniere/,824000,Centre de services scolaire des Navigateurs,-71.311547,46.706431,Préscolaire - Primaire,Franco,418 834-2482
,824080,École Sainte-Hélène,École Sainte-Hélène,"11, rue Saint-Maurice",,25213,Lévis,V,G6Z7J4,1,1,0,0,0,École,Public,https://cssdn.gouv.qc.ca/saintehelene/,824000,Centre de services scolaire des Navigateurs,-71.225161,46.677692,Préscolaire - Primaire,Franco,418 834-2472
,824090,École du Tournesol,École du Tournesol,"2435, route des Rivières",,25213,Lévis,V,G6K1E9,1,1,0,0,0,École,Public,https://cssdn.gouv.qc.ca/ruche/,824000,Centre de services scolaire des Navigateurs,-71.285628,46.697535,Préscolaire - Primaire,Franco,418 834-2481
,824097,École de la Ruche,École de la Ruche,"1000, rue du Bourgeois",,25213,Lévis,V,G6K1P1,1,1,0,0,0,École,Public,https://cssdn.gouv.qc.ca/ruche/,824000,Centre de services scolaire des Navigateurs,-71.290296,46.689406,Préscolaire - Primaire,Franco,418 834-2477
,824102,École Notre-Dame-d'Etchemin,École Notre-Dame-d'Etchemin,"2233, rue Dollard",,25213,Lévis,V,G6W2H8,1,1,0,0,0,École,Public,https://cssdn.gouv.qc.ca/notredamedetchemin/,824000,Centre de services scolaire des Navigateurs,-71.23608,46.7569,Préscolaire - Primaire,Franco,418 839-8839
,824111,École Plein-Soleil,École Plein-Soleil,"9, rue Genest",,25213,Lévis,V,G6J1P5,1,1,0,0,0,École,Public,https://cssdn.gouv.qc.ca/pleinsoleil/,824000,Centre de services scolaire des Navigateurs,-71.296443,46.660214,Préscolaire - Primaire,Franco,418 834-2483
,824115,École de la Chanterelle,École de la Chanterelle,"39, rue Denis-Garon",,25213,Lévis,V,G6J1M1,1,1,0,0,0,École,Public,https://cssdn.gouv.qc.ca/chanterelle/,824000,Centre de services scolaire des Navigateurs,-71.304398,46.653861,Préscolaire - Primaire,Franco,418 834-2475
,824119,École de la Clé-du-Boisé,École de la Clé-du-Boisé,"706, avenue Albert-Rousseau",,25213,Lévis,V,G6J1A1,0,1,1,0,0,École,Public,https://cssdn.gouv.qc.ca/cleduboise/,824000,Centre de services scolaire des Navigateurs,-71.311473,46.654314,Primaire - Secondaire,Franco,418 834-2460
,824120,"École du Chêne,  la Berge,  la Falaise","École du Chêne, de la Berge, de la Falaise","105, rue de l'École",,33080,Saint-Édouard-de-Lotbinière,P,G0S1Y0,1,1,0,0,0,École,Public,https://cssdn.gouv.qc.ca/chenebergefalaise/,824000,Centre de services scolaire des Navigateurs,-71.832248,46.567296,Préscolaire - Primaire,Franco,418 796-2433
,824130,École de la Caravelle,École de la Caravelle,"78, rue Principale",,33052,Saint-Flavien,M,G0S2M0,1,1,0,0,0,École,Public,https://cssdn.gouv.qc.ca/caravelle/,824000,Centre de services scolaire des Navigateurs,-71.594923,46.51199,Préscolaire - Primaire,Franco,418 888-0502
,824140,École de la Source,École de la Source,"139, rue de la Station",,33060,Laurier-Station,VL,G0S1N0,1,1,0,0,0,École,Public,https://cssdn.gouv.qc.ca/source/,824000,Centre de services scolaire des Navigateurs,-71.627464,46.540419,Préscolaire - Primaire,Franco,418 888-0504
,824150,École La Mennais,École La Mennais,"105, rue Laflamme",,33102,Sainte-Croix,M,G0S2H0,1,1,0,0,0,École,Public,https://cssdn.gouv.qc.ca/lamennais/,824000,Centre de services scolaire des Navigateurs,-71.741648,46.624474,Préscolaire - Primaire,Franco,418 796-0502
,824160,École de la Clé-d'Or,École de la Clé-d'Or,"3869, chemin de Tilly",,33095,Saint-Antoine-de-Tilly,M,G0S2C0,1,1,0,0,0,École,Public,https://cssdn.gouv.qc.ca/cledor/,824000,Centre de services scolaire des Navigateurs,-71.57297,46.663677,Préscolaire - Primaire,Franco,418 888-0505
,824170,"École Étienne-Chartier, de l'Amitié","École Étienne-Chartier, de l'Amitié","1550, rue du Couvent",,33035,Saint-Gilles,M,G0S2P0,1,1,0,0,0,École,Public,https://cssdn.gouv.qc.ca/etiennechartieramitie/,824000,Centre de services scolaire des Navigateurs,-71.363714,46.506745,Préscolaire - Primaire,Franco,418 888-4210
,824180,École de l'Épervière,École de l'Épervière,"1149, avenue Olivier",,33045,Saint-Agapit,M,G0S1Z0,1,1,0,0,0,École,Public,https://cssdn.gouv.qc.ca/eperviere/,824000,Centre de services scolaire des Navigateurs,-71.435166,46.559588,Préscolaire - Primaire,Franco,418 888-4211
,824190,École des Quatre-Vents,École des Quatre-Vents,"35, rue Roger",,33090,Saint-Apollinaire,M,G0S2E0,1,1,0,0,0,École,Public,https://cssdn.gouv.qc.ca/quatrevents/,824000,Centre de services scolaire des Navigateurs,-71.50593,46.617746,Préscolaire - Primaire,Franco,418 888-0507
,824191,École des Sentiers,École des Sentiers,"70, rue des Vignes",,33090,Saint-Apollinaire,M,G0S2E0,1,1,0,0,0,École,Public,https://cssdn.gouv.qc.ca/sentiers/,824000,Centre de services scolaire des Navigateurs,-71.49779,46.608649,Préscolaire - Primaire,Franco,418 888-4873
,824210,École Îlot des Appalaches,École de l'Îlot-des-Appalaches,"200, route Monseigneur-Bourget",,25213,Lévis,V,G6V2Y9,0,1,1,0,0,École,Public,https://cssdn.gouv.qc.ca/ilot-des-appalaches/,824000,Centre de services scolaire des Navigateurs,-71.15535,46.81611,Primaire - Secondaire,Franco,418 837-1930
,824214,École Pointe-Lévy,École Pointe-Lévy,"55, rue des Commandeurs",,25213,Lévis,V,G6V6P5,0,0,1,0,0,École,Public,https://cssdn.gouv.qc.ca/pointe-levy/,824000,Centre de services scolaire des Navigateurs,-71.173264,46.802912,Secondaire,Franco,418 838-8402
,824217,"École sec. Champagnat, Guillaume-Couture","École secondaire Champagnat, Guillaume-Couture","30, rue Champagnat",,25213,Lévis,V,G6V2A5,0,0,1,0,0,École,Public,https://cssdn.gouv.qc.ca/ecgc/,824000,Centre de services scolaire des Navigateurs,-71.173681,46.806468,Secondaire,Franco,418 838-8500
,824220,École secondaire les Etchemins,École secondaire les Etchemins,"3724, avenue des Églises",,25213,Lévis,V,G6X1X4,0,0,1,0,0,École,Public,https://cssdn.gouv.qc.ca/esle/,824000,Centre de services scolaire des Navigateurs,-71.269812,46.720017,Secondaire,Franco,418 834-2462
,824228,CFER,Centre de formation en entreprise et récupération,"3724, avenue des Églises",,25213,Lévis,V,G6X1X4,0,0,1,0,0,École,Public,https://www.cfernavigateurs.ca/,824000,Centre de services scolaire des Navigateurs,-71.269812,46.720017,Secondaire,Franco,418 834-2489
,824230,École secondaire de l'Horizon,École secondaire de l'Horizon,"200, rue Arlette-Fortin",,25213,Lévis,V,G6Z3B9,0,0,1,0,0,École,Public,https://cssdn.gouv.qc.ca/horizon/,824000,Centre de services scolaire des Navigateurs,-71.216424,46.724754,Secondaire,Franco,418 834-2320
,824240,École de l'Envol,École de l'Envol,"1101, route des Rivières",,25213,Lévis,V,G7A2V3,0,1,1,0,0,École,Public,https://cssdn.gouv.qc.ca/envol/,824000,Centre de services scolaire des Navigateurs,-71.298816,46.724604,Primaire - Secondaire,Franco,418 834-2461
,824250,École secondaire de l'Aubier,École secondaire de l'Aubier,"1020, chemin du Sault",,25213,Lévis,V,G6W0R1,0,0,1,0,0,École,Public,https://cssdn.gouv.qc.ca/aubier/,824000,Centre de services scolaire des Navigateurs,-71.269901,46.733601,Secondaire,Franco,418 839-9468
,824260,École Beaurivage,École Beaurivage,"1134, rue du Centenaire",,33045,Saint-Agapit,M,G0S1Z0,0,0,1,0,0,École,Public,https://cssdn.gouv.qc.ca/beaurivage/,824000,Centre de services scolaire des Navigateurs,-71.439177,46.563757,Secondaire,Franco,418 888-3961
,824270,École secondaire Pamphile-Le May,École secondaire Pamphile-Le May,"6380, rue Garneau",,33102,Sainte-Croix,M,G0S2H0,0,0,1,0,0,École,Public,https://cssdn.gouv.qc.ca/pamphilelemay/,824000,Centre de services scolaire des Navigateurs,-71.744177,46.621698,Secondaire,Franco,418 796-0503
,824320,CEA des Navigateurs,Centre d'éducation des adultes des Navigateurs,"1172, boulevard Guillaume-Couture",,25213,Lévis,V,G6W0R8,0,0,0,0,1,Centre éducation aux adultes,Public,https://cssdn.gouv.qc.ca/education-des-adultes/,824000,Centre de services scolaire des Navigateurs,-71.264171,46.733729,Éducation aux adultes,Franco,418 839-6482
,824414,CFP de Lévis,Centre de formation professionnelle de Lévis,"30, rue Vincent-Chagnon",,25213,Lévis,V,G6V4V6,0,0,0,1,0,Centre de formation professionnelle,Public,https://taformation.ca/centres/centre-de-formation-professionnelle-de-levis/,824000,Centre de services scolaire des Navigateurs,-71.171294,46.805306,Formation professionnelle,Franco,418 838-8400
,824420,CFP montage de lignes,Centre de formation en montage de lignes,"42, route du Président-Kennedy",,19068,Saint-Henri,M,G0R3E0,0,0,0,1,0,Centre de formation professionnelle,Public,https://taformation.ca/centres/centre-de-formation-en-montage-de-lignes/,824000,Centre de services scolaire des Navigateurs,-71.074904,46.688141,Formation professionnelle,Franco,418 834-2463
,824430,C.F.M.V.L. Saint-Romuald,Centre de formation en mécanique de véhicules lourds,"2775, rue de l'Etchemin",,25213,Lévis,V,G6W7X5,0,0,0,1,0,Centre de formation professionnelle,Public,https://taformation.ca/centres/centre-de-formation-en-mecanique-de-vehicules-lourds/,824000,Centre de services scolaire des Navigateurs,-71.189747,46.747565,Formation professionnelle,Franco,418 838-8542
,824434,C.N.C.E.C.,Centre national de conduite d'engins de chantier,"1050, chemin Bélair Ouest",,25213,Lévis,V,G6Z2L2,0,0,0,1,0,Centre de formation professionnelle,Public,https://taformation.ca/centres/centre-national-de-conduite-dengins-de-chantier/,824000,Centre de services scolaire des Navigateurs,-71.170262,46.675482,Formation professionnelle,Franco,418 834-0311
,824440,CFP Gabriel-Rousseau,Centre de formation professionnelle Gabriel-Rousseau,"1155, boulevard Guillaume-Couture",,25213,Lévis,V,G6W0S2,0,0,0,1,0,Centre de formation professionnelle,Public,https://taformation.ca/centres/centre-de-formation-professionnelle-gabriel-rousseau/,824000,Centre de services scolaire des Navigateurs,-71.266721,46.734222,Formation professionnelle,Franco,418 839-0508
,831001,École Raymond,École Raymond,"6145, 27e Avenue",,65005,Laval,V,H7R3K7,1,1,0,0,0,École,Public,https://raymond.cslaval.qc.ca/,831000,Centre de services scolaire de Laval,-73.871657,45.545196,Préscolaire - Primaire,Franco,450 662-7000
,831003,École Fleur-de-vie,École Fleur-de-vie,"3600, rue Duhamel",,65005,Laval,V,H7R1K7,1,1,0,0,0,École,Public,https://fleurdevie.cslaval.qc.ca/,831000,Centre de services scolaire de Laval,-73.866751,45.545037,Préscolaire - Primaire,Franco,450 662-7000
,831007,École La Source ,École La Source ,"4525, boulevard Frenette",,65005,Laval,V,H7R1N7,1,1,0,0,0,École,Public,,831000,Centre de services scolaire de Laval,-73.853168,45.559831,Préscolaire - Primaire,Franco,450 662-7000
,831008,École L'Orée-des-Bois,École L'Orée-des-Bois,"4185, rue Séguin",,65005,Laval,V,H7R2V2,1,1,0,0,0,École,Public,https://loreedesbois.cslaval.qc.ca/,831000,Centre de services scolaire de Laval,-73.842995,45.571378,Préscolaire - Primaire,Franco,450 662-7000
,831009,École Des Cèdres,École Des Cèdres,"3785, boulevard Sainte-Rose",,65005,Laval,V,H7P1C6,1,1,0,0,0,École,Public,https://descedres.cslaval.qc.ca/,831000,Centre de services scolaire de Laval,-73.823239,45.58029,Préscolaire - Primaire,Franco,450 662-7000
,831010,École Coeur-Soleil,École Coeur-Soleil,"3516, rue Edgar",,65005,Laval,V,H7P2E5,1,1,0,0,0,École,Public,https://coeursoleil.cslaval.qc.ca/,831000,Centre de services scolaire de Laval,-73.806034,45.572511,Préscolaire - Primaire,Franco,450 662-7000
,831012,École Pépin,École Pépin,"3220, rue Esther",,65005,Laval,V,H7P2G9,1,1,0,0,0,École,Public,https://pepin.cslaval.qc.ca/,831000,Centre de services scolaire de Laval,-73.799143,45.576146,Préscolaire - Primaire,Franco,450 662-7000
,831013,École Le Petit-Prince,École Le Petit-Prince,"700, rue Fleury",,65005,Laval,V,H7P3B8,1,1,0,0,0,École,Public,https://lepetitprince.cslaval.qc.ca/,831000,Centre de services scolaire de Laval,-73.802429,45.583991,Préscolaire - Primaire,Franco,450 662-7000
,831014,École Marc-Aurèle-Fortin,École Marc-Aurèle-Fortin,"3225, rue Christiane",,65005,Laval,V,H7P1K2,0,1,0,0,0,École,Public,https://marcaurelefortin.cslaval.qc.ca/,831000,Centre de services scolaire de Laval,-73.800763,45.583878,Primaire,Franco,450 662-7000
,831016,École L'Aquarelle,École L'Aquarelle,"707, avenue Marc-Aurèle-Fortin",,65005,Laval,V,H7L5M6,1,1,0,0,0,École,Public,https://marcaurelefortin.cslaval.qc.ca/,831000,Centre de services scolaire de Laval,-73.800552,45.597683,Préscolaire - Primaire,Franco,450 662-7000
,831017,École L'Envolée,École L'Envolée,"2589, boulevard des Oiseaux",,65005,Laval,V,H7L4M4,1,1,0,0,0,École,Public,https://lenvolee.cslaval.qc.ca/,831000,Centre de services scolaire de Laval,-73.777746,45.587219,Préscolaire - Primaire,Franco,450 662-7000
,831018,École Le Baluchon,École Le Baluchon,"216, boulevard Je-Me-Souviens",,65005,Laval,V,H7L1W1,1,1,0,0,0,École,Public,https://lebaluchon.cslaval.qc.ca/,831000,Centre de services scolaire de Laval,-73.785344,45.611076,Préscolaire - Primaire,Franco,450 662-7000
,831020,École Demers,École Demers,"155, rue Deslauriers",,65005,Laval,V,H7L2S2,0,1,0,0,0,École,Public,https://demers.cslaval.qc.ca/,831000,Centre de services scolaire de Laval,-73.785083,45.612334,Primaire,Franco,450 662-7000
,831021,École Villemaire,École Villemaire,"211, boulevard Sainte-Rose",,65005,Laval,V,H7L1L7,1,1,0,0,0,École,Public,https://villemaire.cslaval.qc.ca/,831000,Centre de services scolaire de Laval,-73.786644,45.614359,Préscolaire - Primaire,Franco,450 662-7000
,831023,École Du Parc,École Du Parc,"5, rue du Ruisseau",,65005,Laval,V,H7L1C1,1,1,0,0,0,École,Public,https://duparc.cslaval.qc.ca/,831000,Centre de services scolaire de Laval,-73.781155,45.624922,Préscolaire - Primaire,Franco,450 662-7000
,831025,École Des Cardinaux,École Des Cardinaux,"6060, rue des Cardinaux",,65005,Laval,V,H7L6B7,1,1,0,0,0,École,Public,https://descardinaux.cslaval.qc.ca/,831000,Centre de services scolaire de Laval,-73.76587,45.598085,Préscolaire - Primaire,Franco,450 662-7000
,831027,École Le Sentier,École Le Sentier,"1865, rue André",,65005,Laval,V,H7M2X1,1,1,0,0,0,École,Public,https://lesentier.cslaval.qc.ca/,831000,Centre de services scolaire de Laval,-73.73137,45.599013,Préscolaire - Primaire,Franco,450 662-7000
,831028,École Charles-Bruneau,École Charles-Bruneau,"3001, rue D'Amay",,65005,Laval,V,H7K3P9,1,1,0,0,0,École,Public,https://charlesbruneau.cslaval.qc.ca/,831000,Centre de services scolaire de Laval,-73.752126,45.62066,Préscolaire - Primaire,Franco,450 662-7000
,831030,École Les Explorateurs,École Les Explorateurs,"1895, rue Bédard",,65005,Laval,V,H7M2M8,0,1,0,0,0,École,Public,https://lesexplorateurs.cslaval.qc.ca/,831000,Centre de services scolaire de Laval,-73.726446,45.603291,Primaire,Franco,450 662-7000
,831032,École Paul-Comtois,École Paul-Comtois,"1701, rue Lucerne",,65005,Laval,V,H7M2E9,1,1,0,0,0,École,Public,https://paulcomtois.cslaval.qc.ca/,831000,Centre de services scolaire de Laval,-73.717456,45.599154,Préscolaire - Primaire,Franco,450 662-7000
,831033,École Père-Vimont,École Père-Vimont,"2255, rue Prudentiel",,65005,Laval,V,H7K2C1,1,1,0,0,0,École,Public,https://perevimont.cslaval.qc.ca/,831000,Centre de services scolaire de Laval,-73.734161,45.617982,Préscolaire - Primaire,Franco,450 662-7000
,831034,École Sainte-Béatrice,École Sainte-Béatrice,"5409, rue Prince-Rupert",,65005,Laval,V,H7K2L7,1,1,0,0,0,École,Public,https://saintebeatrice.cslaval.qc.ca/,831000,Centre de services scolaire de Laval,-73.74075,45.628045,Préscolaire - Primaire,Franco,450 662-7000
,831035,École Alfred-Pellan,École Alfred-Pellan,"6269, rue Prince-Rupert",,65005,Laval,V,H7H1C5,1,1,0,0,0,École,Public,https://alfredpellan.cslaval.qc.ca/,831000,Centre de services scolaire de Laval,-73.749995,45.63992,Préscolaire - Primaire,Franco,450 662-7000
,831037,École Hébert,École Hébert,"50, rue Paré",,65005,Laval,V,H7B1B3,1,1,0,0,0,École,Public,https://hebert.cslaval.qc.ca/,831000,Centre de services scolaire de Laval,-73.636401,45.685206,Préscolaire - Primaire,Franco,450 662-7000
,831038,École Fleur-Soleil,École Fleur-Soleil,"8585, rue de l'Église",,65005,Laval,V,H7A1L1,1,1,0,0,0,École,Public,https://fleursoleil.cslaval.qc.ca/,831000,Centre de services scolaire de Laval,-73.574682,45.670175,Préscolaire - Primaire,Franco,450 662-7000
,831039,École L'Escale,École L'Escale,"8050, rue Mylène",,65005,Laval,V,H7A1G3,1,1,0,0,0,École,Public,https://lescale.cslaval.qc.ca/,831000,Centre de services scolaire de Laval,-73.5868,45.66648,Préscolaire - Primaire,Franco,450 662-7000
,831040,École Notre-Dame-du-Sourire,École Notre-Dame-du-Sourire,"240, rue des Sapins",,65005,Laval,V,H7A2W7,1,1,0,0,0,École,Public,https://notredamedusourire.cslaval.qc.ca/,831000,Centre de services scolaire de Laval,-73.59979,45.658028,Préscolaire - Primaire,Franco,450 662-7000
,831042,École Jean-XXIII,École Jean-XXIII,"1100, avenue Jean-XXIII",,65005,Laval,V,H7C0C4,1,1,0,0,0,École,Public,https://jeanxxiii.cslaval.qc.ca/,831000,Centre de services scolaire de Laval,-73.655787,45.611108,Préscolaire - Primaire,Franco,450 662-7000
,831043,École L'Envol,École L'Envol,"3661, boulevard de la Concorde Est",,65005,Laval,V,H7E2E1,1,1,0,0,0,École,Public,https://lenvol.cslaval.qc.ca/,831000,Centre de services scolaire de Laval,-73.658933,45.598087,Préscolaire - Primaire,Franco,450 662-7000
,831044,École du Bois-Joli,École du Bois-Joli,"955, rue Miville-Déchêne",,65005,Laval,V,H7E3A9,1,1,0,0,0,École,Public,https://duboisjoli.cslaval.qc.ca/,831000,Centre de services scolaire de Laval,-73.670048,45.604269,Préscolaire - Primaire,Franco,450 662-7000
,831045,École Val-des-Arbres,École Val-des-Arbres,"3145, avenue Saguenay",,65005,Laval,V,H7E1H6,1,1,0,0,0,École,Public,https://valdesarbres.cslaval.qc.ca/,831000,Centre de services scolaire de Laval,-73.67513,45.599749,Préscolaire - Primaire,Franco,450 662-7000
,831049,École Des Ormeaux,École Des Ormeaux,"2825, rue Dollard",,65005,Laval,V,H7E1S8,1,1,0,0,0,École,Public,https://desormeaux.cslaval.qc.ca/,831000,Centre de services scolaire de Laval,-73.673618,45.594817,Préscolaire - Primaire,Franco,450 662-7000
,831050,École de Val-des-Ruisseaux,École de Val-des-Ruisseaux,"650, avenue des Pélicans",,65005,Laval,V,H7A3K1,1,1,0,0,0,École,Public,https://devaldesruisseaux.cslaval.qc.ca/,831000,Centre de services scolaire de Laval,-73.611665,45.656307,Préscolaire - Primaire,Franco,450 662-7000
,831051,École Eurêka,École Eurêka,"200, boulevard de la Concorde Est",,65005,Laval,V,H7G2C8,1,1,0,0,0,École,Public,https://eureka.cslaval.qc.ca/,831000,Centre de services scolaire de Laval,-73.684212,45.575968,Préscolaire - Primaire,Franco,450 662-7000
,831052,École de l'Avenir,École de l'Avenir,"5055, chemin du Souvenir",,65005,Laval,V,H7W1E1,1,1,0,0,0,École,Public,https://delavenir.cslaval.qc.ca/,831000,Centre de services scolaire de Laval,-73.776645,45.536311,Préscolaire - Primaire,Franco,450 662-7000
,831053,École J.-Jean-Joubert,École J.-Jean-Joubert,"1775, rue Rochefort",,65005,Laval,V,H7G2P8,1,1,0,0,0,École,Public,https://jjeanjoubert.cslaval.qc.ca/,831000,Centre de services scolaire de Laval,-73.683173,45.585147,Préscolaire - Primaire,Franco,450 662-7000
,831054,École Saint-Julien,École Saint-Julien,"525, avenue de la Sorbonne",,65005,Laval,V,H7G3R9,1,1,0,0,0,École,Public,https://saintjulien.cslaval.qc.ca/,831000,Centre de services scolaire de Laval,-73.685782,45.579291,Préscolaire - Primaire,Franco,450 662-7000
,831055,École Saint-Gilles,École Saint-Gilles,"220, rue Dauphin",,65005,Laval,V,H7G1M7,1,1,0,0,0,École,Public,https://saintgilles.cslaval.qc.ca/,831000,Centre de services scolaire de Laval,-73.678518,45.571782,Préscolaire - Primaire,Franco,450 662-7000
,831058,École Coursol,École Coursol,"350, rue Richard",,65005,Laval,V,H7M1T8,1,1,0,0,0,École,Public,https://coursol.cslaval.qc.ca/,831000,Centre de services scolaire de Laval,-73.716533,45.58308,Préscolaire - Primaire,Franco,450 662-7000
,831062,École De l'Arc-en-ciel,École De l'Arc-en-ciel,"51, rue Meunier Ouest",,65005,Laval,V,H7N1V4,1,1,0,0,0,École,Public,https://delarcenciel.cslaval.qc.ca/,831000,Centre de services scolaire de Laval,-73.693269,45.564669,Préscolaire - Primaire,Franco,450 662-7000
,831064,École Léon-Guilbault,École Léon-Guilbault,"133, boulevard Cartier Ouest",,65005,Laval,V,H7N2H7,1,1,0,0,0,École,Public,https://leonguilbault.cslaval.qc.ca/,831000,Centre de services scolaire de Laval,-73.692278,45.558526,Préscolaire - Primaire,Franco,450 662-7000
,831065,École de l'Équinoxe,École de l'Équinoxe,"2949, boulevard de la Renaissance",,65005,Laval,V,H7L0H3,1,1,0,0,0,École,Public,https://delequinoxe.cslaval.qc.ca/,831000,Centre de services scolaire de Laval,-73.775267,45.604691,Préscolaire - Primaire,Franco,450 662-7000
,831067,École du Boisé,École du Boisé,"4, rue de la Plage-Venise",,65005,Laval,V,H7H2Y4,1,1,0,0,0,École,Public,https://duboise.cslaval.qc.ca/,831000,Centre de services scolaire de Laval,-73.762947,45.63975,Préscolaire - Primaire,Franco,450 662-7000
,831068,École Simon-Vanier,École Simon-Vanier,"1755, avenue Dumouchel",,65005,Laval,V,H7S1J7,1,1,0,0,0,École,Public,https://simonvanier.cslaval.qc.ca/,831000,Centre de services scolaire de Laval,-73.733255,45.570632,Préscolaire - Primaire,Franco,450 662-7000
,831069,École Sainte-Marguerite,École Sainte-Marguerite,"40, avenue Dussault",,65005,Laval,V,H7N3K1,1,1,0,0,0,École,Public,https://saintemarguerite.cslaval.qc.ca/,831000,Centre de services scolaire de Laval,-73.710808,45.547079,Préscolaire - Primaire,Franco,450 662-7000
,831071,École des Perséides,École des Perséides,"115, rue Alexandre",,65005,Laval,V,H7G3L3,1,1,0,0,0,École,Public,https://desperseides.cslaval.qc.ca/,831000,Centre de services scolaire de Laval,-73.68009,45.567139,Préscolaire - Primaire,Franco,450 662-7000
,831074,École Saint-Norbert,École Saint-Norbert,"475, 66e Avenue",,65005,Laval,V,H7V2L2,1,1,0,0,0,École,Public,https://saintnorbert.cslaval.qc.ca/,831000,Centre de services scolaire de Laval,-73.73083,45.542259,Préscolaire - Primaire,Franco,450 662-7000
,831077,Les Quatre-Vents,École Les Quatre-Vents,"740, 75e Avenue",,65005,Laval,V,H7V2Y6,1,1,0,0,0,École,Public,https://lesquatrevents.cslaval.qc.ca/,831000,Centre de services scolaire de Laval,-73.74035,45.541491,Préscolaire - Primaire,Franco,450 662-7000
,831081,École Le Tandem,École Le Tandem,"1595, rue du Couvent",,65005,Laval,V,H7W3A8,1,1,0,0,0,École,Public,https://letandem.cslaval.qc.ca/,831000,Centre de services scolaire de Laval,-73.76097,45.548955,Préscolaire - Primaire,Franco,450 662-7000
,831082,École L'Harmonie,École L'Harmonie,"1125, boulevard Élisabeth",,65005,Laval,V,H7W3J7,1,1,0,0,0,École,Public,https://lharmonie.cslaval.qc.ca/,831000,Centre de services scolaire de Laval,-73.758737,45.539441,Préscolaire - Primaire,Franco,450 662-7000
,831083,École Saint-Paul,École Saint-Paul,"280, 92e Avenue",,65005,Laval,V,H7W3N3,1,1,0,0,0,École,Public,https://saintpaul.cslaval.qc.ca/,831000,Centre de services scolaire de Laval,-73.751017,45.531761,Préscolaire - Primaire,Franco,450 662-7000
,831084,École Pierre-Laporte,École Pierre-Laporte,"805, rue Lauzon",,65005,Laval,V,H7X2N4,1,1,0,0,0,École,Public,https://pierrelaporte.cslaval.qc.ca/,831000,Centre de services scolaire de Laval,-73.801045,45.524331,Préscolaire - Primaire,Franco,450 662-7000
,831085,École Jean-Lemonde,École Jean-Lemonde,"400, boulevard Sainte-Dorothée",,65005,Laval,V,H7X1H3,1,1,0,0,0,École,Public,https://jeanlemonde.cslaval.qc.ca/,831000,Centre de services scolaire de Laval,-73.806973,45.530362,Préscolaire - Primaire,Franco,450 662-7000
,831086,École Paul-VI,École Paul-VI,"510, boulevard Samson",,65005,Laval,V,H7X1J6,1,1,0,0,0,École,Public,https://paulvi.cslaval.qc.ca/,831000,Centre de services scolaire de Laval,-73.810237,45.526324,Préscolaire - Primaire,Franco,450 662-7000
,831087,École Sainte-Dorothée,École Sainte-Dorothée,"956, Montée Gravel",,65005,Laval,V,H7X2B8,1,1,0,0,0,École,Public,https://saintedorothee.cslaval.qc.ca/,831000,Centre de services scolaire de Laval,-73.820555,45.527469,Préscolaire - Primaire,Franco,450 662-7000
,831088,École Les Trois-Soleils,École Les Trois-Soleils,"1250, rue Saint-Denis",,65005,Laval,V,H7Y1N6,1,1,0,0,0,École,Public,https://lestroissoleils.cslaval.qc.ca/,831000,Centre de services scolaire de Laval,-73.854826,45.524507,Préscolaire - Primaire,Franco,450 662-7000
,831091,École Marcel-Vaillancourt,École Marcel-Vaillancourt,"150, avenue Legrand",,65005,Laval,V,H7N3T3,1,1,0,0,0,École,Public,https://marcelvaillancourt.cslaval.qc.ca/,831000,Centre de services scolaire de Laval,-73.70868,45.553001,Préscolaire - Primaire,Franco,450 662-7000
,831092,École Saint-François,École Saint-François,"530, rue Huberdeau",,65005,Laval,V,H7X1P7,1,1,0,0,0,École,Public,https://saintfrancois.cslaval.qc.ca/,831000,Centre de services scolaire de Laval,-73.804591,45.521117,Préscolaire - Primaire,Franco,450 662-7000
,831093,École internationale des Aventuriers,École internationale des Aventuriers,"1855, rue Favreau",,65005,Laval,V,H7T2H1,1,1,0,0,0,École,Public,https://eida.cslaval.qc.ca/,831000,Centre de services scolaire de Laval,-73.766793,45.551944,Préscolaire - Primaire,Franco,450 662-7000
,831097,École du Sommet,École du Sommet,"5095, chemin du Souvenir",,65005,Laval,V,H7W1E1,1,1,0,0,0,École,Public,https://dusommet.cslaval.qc.ca/,831000,Centre de services scolaire de Laval,-73.778031,45.534799,Préscolaire - Primaire,Franco,450 662-7000
,831098,École de la Cime,École de la Cime,"445, rue de Chartres",,65005,Laval,V,H7N0G2,1,1,0,0,0,École,Public,https://delacime.cslaval.qc.ca/,831000,Centre de services scolaire de Laval,-73.702058,45.559069,Préscolaire - Primaire,Franco,450 662-7000
,831100,École Poly-Jeunesse,École Poly-Jeunesse,"3578, boulevard Sainte-Rose",,65005,Laval,V,H7P4K6,0,0,1,0,0,École,Public,https://polyjeunesse.cslaval.qc.ca/,831000,Centre de services scolaire de Laval,-73.815101,45.586541,Secondaire,Franco,450 662-7000
,831102,École Curé-Antoine-Labelle,École Curé-Antoine-Labelle,"216, boulevard Marc-Aurèle-Fortin",,65005,Laval,V,H7L1Z5,0,0,1,0,0,École,Public,https://cureantoinelabelle.cslaval.qc.ca/,831000,Centre de services scolaire de Laval,-73.783801,45.605919,Secondaire,Franco,450 662-7000
,831105,École Horizon Jeunesse,École Horizon Jeunesse,"155, boulevard Sainte-Rose Est",,65005,Laval,V,H7H1P2,0,0,1,0,0,École,Public,https://horizonjeunesse.cslaval.qc.ca/,831000,Centre de services scolaire de Laval,-73.760566,45.626859,Secondaire,Franco,450 662-7000
,831106,École l'Odyssée-des-Jeunes,École l'Odyssée-des-Jeunes,"4600, rue Cyrille-Delage",,65005,Laval,V,H7K2S4,0,0,1,0,0,École,Public,https://lodysseedesjeunes.cslaval.qc.ca/,831000,Centre de services scolaire de Laval,-73.741558,45.612761,Secondaire,Franco,450 662-7000
,831107,École Leblanc,École Leblanc,"1750, montée Masson",,65005,Laval,V,H7C0K4,0,0,1,0,0,École,Public,https://leblanc.cslaval.qc.ca/,831000,Centre de services scolaire de Laval,-73.640801,45.649379,Secondaire,Franco,450 662-7000
,831108,École Georges-Vanier,École Georges-Vanier,"3995, boulevard Lévesque Est",,65005,Laval,V,H7E2R3,0,0,1,0,0,École,Public,https://georgesvanier.cslaval.qc.ca/,831000,Centre de services scolaire de Laval,-73.653622,45.59904,Secondaire,Franco,450 662-7000
,831110,École Alphonse-Desjardins,École Alphonse-Desjardins,"3680, boulevard Lévesque Ouest",,65005,Laval,V,H7V1E8,0,0,1,0,0,École,Public,https://alphonsedesjardins.cslaval.qc.ca/,831000,Centre de services scolaire de Laval,-73.735357,45.535303,Secondaire,Franco,450 662-7000
,831113,Centre de qualification professionnelle,Centre de qualification professionnelle et d'entrepreneuriat de Laval,"705, Chemin du Trait Carré",,65005,Laval,V,H7N1B3,0,0,1,0,0,École,Public,https://cqpel.cslaval.qc.ca/,831000,Centre de services scolaire de Laval,-73.717084,45.566746,Secondaire,Franco,450 662-7000
,831114,École Mont-de-La Salle,École Mont-de-La Salle,"125, boulevard des Prairies",,65005,Laval,V,H7N2T6,0,0,1,0,0,École,Public,https://montdelasalle.cslaval.qc.ca/,831000,Centre de services scolaire de Laval,-73.688917,45.55487,Secondaire,Franco,450 662-7000
,831118,École Jean-Piaget,École Jean-Piaget,"3150, boulevard Dagenais Ouest",,65005,Laval,V,H7P1V1,1,1,1,0,0,École,Public,https://jeanpiaget.cslaval.qc.ca/,831000,Centre de services scolaire de Laval,-73.795851,45.578235,Préscolaire - Primaire - Secondaire,Franco,450 662-7000
,831119,École Saint-Maxime,École Saint-Maxime,"3680, boulevard Lévesque Ouest",,65005,Laval,V,H7V1E8,0,0,1,0,0,École,Public,https://saintmaxime.cslaval.qc.ca/,831000,Centre de services scolaire de Laval,-73.735357,45.535303,Secondaire,Franco,450 662-7000
,831120,École Saint-Martin,École Saint-Martin,"4055, boulevard Saint-Martin Ouest",,65005,Laval,V,H7T1B7,0,0,1,0,0,École,Public,https://saintmartin.cslaval.qc.ca/,831000,Centre de services scolaire de Laval,-73.763851,45.550782,Secondaire,Franco,450 662-7000
,831124,École de la Croisée,École de la Croisée,55 boulevard du Souvenir,,65005,Laval,V,H7N0G9,0,0,1,0,0,École,Public,https://delacroisee.csslaval.gouv.qc.ca/,831000,Centre de services scolaire de Laval,-73.699629,45.571984,Secondaire,Franco,450 662-7000
,831150,École éduc. inter. de Laval,École d'éducation internationale de Laval,"5075, chemin du Souvenir",,65005,Laval,V,H7W1E1,0,0,1,0,0,École,Public,https://eeil.cslaval.qc.ca/,831000,Centre de services scolaire de Laval,-73.777763,45.535043,Secondaire,Franco,450 662-7000
,831155,École de La Mosaïque,École de la Mosaïque,"306, boulevard Cartier Ouest ",,65005,Laval,V,H7N2J2,0,1,1,0,0,École,Public,https://delamosaique.cslaval.qc.ca/,831000,Centre de services scolaire de Laval,-73.698002,45.55592,Primaire - Secondaire,Franco,450 975-4060
,831330,CEA L'Impulsion,Centre L'Impulsion,"3995, boulevard Lévesque Est",,65005,Laval,V,H7E2R3,0,0,0,0,1,Centre éducation aux adultes,Public,https://ealaval.com/,831000,Centre de services scolaire de Laval,-73.653622,45.59904,Éducation aux adultes,Franco,450 662-7000
,831340,CEA Le Tremplin,Centre Le Tremplin,"2475, rue Honoré-Mercier",,65005,Laval,V,H7L2S9,0,0,0,0,1,Centre éducation aux adultes,Public,https://ealaval.com/,831000,Centre de services scolaire de Laval,-73.782171,45.603751,Éducation aux adultes,Franco,450 662-7000
,831350,CEA Les Berges,Centre d'éducation des adultes Les Berges,"3670, boulevard Lévesque Ouest",,65005,Laval,V,H7V1E8,0,0,0,0,1,Centre éducation aux adultes,Public,https://ealaval.com/,831000,Centre de services scolaire de Laval,-73.735077,45.535506,Éducation aux adultes,Franco,450 662-7000
,831360,CQPEL,Centre de qualification professionnelle et d'entrepreneuriat de Laval,"705, Chemin du Trait Carré",,65005,Laval,V,H7N1B3,0,0,0,0,1,Centre éducation aux adultes,Public,https://cqpel.cslaval.qc.ca/,831000,Centre de services scolaire de Laval,-73.717084,45.566746,Éducation aux adultes,Franco,450 662-7000
,831370,Centre de formation du Phénix,Centre de formation du Phénix,"400, montée Saint-François",,65005,Laval,V,H7C1S7,0,0,0,0,1,Centre éducation aux adultes,Public,,831000,Centre de services scolaire de Laval,-73.654771,45.619015,Éducation aux adultes,Franco,450 662-7000
,831410,École des métiers spécialisés de Laval,École des métiers spécialisés de Laval (EMS de Laval),"777, avenue de Bois-de-Boulogne",,65005,Laval,V,H7N4G1,0,0,0,1,0,Centre de formation professionnelle,Public,https://emslaval.com/,831000,Centre de services scolaire de Laval,-73.702024,45.571775,Formation professionnelle,Franco,450 662-7000
,831430,École hôtelière et d'adm. de Laval,École hôtelière et d'administration de Laval,2525 boulevard de la Renaissance,,65005,Laval,V,H7L3Y2,0,0,0,1,0,Centre de formation professionnelle,Public,https://ehalaval.com/,831000,Centre de services scolaire de Laval,-73.78309,45.60277,Formation professionnelle,Franco,450 662-7000
,831440,École Polymécanique de Laval,École Polymécanique de Laval,"4095, boulevard Lévesque Est",,65005,Laval,V,H7E2R3,0,0,0,1,0,Centre de formation professionnelle,Public,https://polymecaniquelaval.com/,831000,Centre de services scolaire de Laval,-73.652509,45.599824,Formation professionnelle,Franco,450 662-7000
,831460,Ctre form. horticole de Laval,Centre de formation horticole de Laval,"1051, croissant Pierre-Bédard",,65005,Laval,V,H7E1Y8,0,0,0,1,0,Centre de formation professionnelle,Public,https://centrehorticolelaval.com/,831000,Centre de services scolaire de Laval,-73.657315,45.606302,Formation professionnelle,Franco,450 662-7000
,831470,CFP Le Chantier,Centre de formation Le Chantier,"2875, boulevard Industriel",,65005,Laval,V,H7L3V8,0,0,0,1,0,Centre de formation professionnelle,Public,https://centrelechantier.com/,831000,Centre de services scolaire de Laval,-73.738079,45.587835,Formation professionnelle,Franco,450 662-7000
,831480,CFP IPIQ,IPIQ - Institut de protection contre les incendies du Québec,"1740, montée Masson",,65005,Laval,V,H7C0K4,0,0,0,1,0,Centre de formation professionnelle,Public,https://ipiqlaval.com/,831000,Centre de services scolaire de Laval,-73.639806,45.648646,Formation professionnelle,Franco,450 662-7000
,841001,École la Passerelle,École la Passerelle,"129, rue Notre-Dame",,60013,Repentigny,V,J6A2P1,0,1,0,0,0,École,Public,https://www.cssda.gouv.qc.ca/etablissement/001/,841000,Centre de services scolaire des Affluents,-73.47246,45.71639,Primaire,Franco,450 492-3427
,841002,École institutionnelle de Charlemagne,École institutionnelle de Charlemagne,"117, rue Saint-Alexis",,60005,Charlemagne,V,J5Z1E7,1,1,0,0,0,École,Public,https://www.cssda.gouv.qc.ca/etablissement/002/,841000,Centre de services scolaire des Affluents,-73.485765,45.724491,Préscolaire - Primaire,Franco,450 492-3500
,841006,École institutionnelle Du Méandre,École institutionnelle Du Méandre,"369, rue Marguerite-Bourgeois",,60028,L'Assomption,V,J5W3H1,1,1,0,0,0,École,Public,https://www.cssda.gouv.qc.ca/etablissement/006/,841000,Centre de services scolaire des Affluents,-73.424352,45.825863,Préscolaire - Primaire,Franco,450 492-3506
,841007,École Soleil-de-l'Aube,École Soleil-de-l'Aube,"761, rue du Pont",,60028,L'Assomption,V,J5W3E6,1,1,0,0,0,École,Public,https://cssda.gouv.qc.ca/etablissement/007/,841000,Centre de services scolaire des Affluents,-73.422166,45.823113,Préscolaire - Primaire,Franco,450 492-3508
,841008,École secondaire du Coteau,École secondaire du Coteau,"2121, rue de l'Alizé",,64015,Mascouche,V,J7L4C9,0,0,1,0,0,École,Public,https://www.cssda.gouv.qc.ca/etablissement/008/,841000,Centre de services scolaire des Affluents,-73.63466,45.748849,Secondaire,Franco,450 492-3510
,841011,École Pie-XII,École Pie-XII,"50, rue Robert-Lussier",,60013,Repentigny,V,J6A4C7,1,1,0,0,0,École,Public,https://www.cssda.gouv.qc.ca/etablissement/011/,841000,Centre de services scolaire des Affluents,-73.457261,45.732804,Préscolaire - Primaire,Franco,450 492-3515
,841012,École Henri-Bourassa,École Henri-Bourassa,"283, boulevard Iberville",,60013,Repentigny,V,J6A2A4,1,1,0,0,0,École,Public,https://cssda.gouv.qc.ca/etablissement/012/,841000,Centre de services scolaire des Affluents,-73.461737,45.730631,Préscolaire - Primaire,Franco,450 492-3517
,841013,École Louis-Fréchette,École Louis-Fréchette,"835, rue Fréchette",,60013,Repentigny,V,J5Y1B1,1,1,0,0,0,École,Public,https://www.cssda.gouv.qc.ca/etablissement/013/,841000,Centre de services scolaire des Affluents,-73.423738,45.764067,Préscolaire - Primaire,Franco,450 492-3519
,841014,École Marie-Victorin,École Marie-Victorin,"75, rue du Curé-Martineau",,60013,Repentigny,V,J6A5A8,1,1,0,0,0,École,Public,https://www.cssda.gouv.qc.ca/etablissement/014/,841000,Centre de services scolaire des Affluents,-73.43677,45.755491,Préscolaire - Primaire,Franco,450 492-3522
,841015,École Alphonse-Desjardins,École Alphonse-Desjardins,"31, boulevard Brien",,60013,Repentigny,V,J6A4R9,1,1,0,0,0,École,Public,https://www.cssda.gouv.qc.ca/etablissement/015/,841000,Centre de services scolaire des Affluents,-73.446418,45.740947,Préscolaire - Primaire,Franco,450 492-3524
,841018,École Jean-XXIII,École Jean-XXIII,"185, rue du Curé-Longpré",,60013,Repentigny,V,J6A1V5,1,1,0,0,0,École,Public,https://www.cssda.gouv.qc.ca/etablissement/018/,841000,Centre de services scolaire des Affluents,-73.47101,45.721698,Préscolaire - Primaire,Franco,450 492-3533
,841020,École Longpré,École Longpré,"249, rue Lanoue",,60013,Repentigny,V,J6A1W2,1,1,0,0,0,École,Public,https://www.cssda.gouv.qc.ca/etablissement/020/,841000,Centre de services scolaire des Affluents,-73.465568,45.72742,Préscolaire - Primaire,Franco,450 492-3536
,841023,École inst. Louis-Joseph-Huot,École institutionnelle Louis-Joseph-Huot,"375, boulevard Lacombe",,60013,Repentigny,V,J5Z1N5,1,1,0,0,0,École,Public,https://www.cssda.gouv.qc.ca/etablissement/023/,841000,Centre de services scolaire des Affluents,-73.472931,45.752247,Préscolaire - Primaire,Franco,450 492-3544
,841025,École aux-Quatre-Vents,École aux-Quatre-Vents,"903, rue Notre-Dame",,60020,Saint-Sulpice,P,J5W3W4,1,1,0,0,0,École,Public,https://aux-quatre-vents.csaffluents.qc.ca/,841000,Centre de services scolaire des Affluents,-73.365045,45.824389,Préscolaire - Primaire,Franco,450 492-3547
,841026,École de la Seigneurie,École de la Seigneurie,"2460, rue de Versailles",,64015,Mascouche,V,J7K0J1,1,1,0,0,0,École,Public,https://www.cssda.gouv.qc.ca/etablissement/026/,841000,Centre de services scolaire des Affluents,-73.631467,45.731166,Préscolaire - Primaire,Franco,450 492-3605
,841027,École secondaire Jean-Baptiste-Meilleur,École secondaire Jean-Baptiste-Meilleur,"777, boulevard Iberville",,60013,Repentigny,V,J5Y1A2,0,0,1,0,0,École,Public,https://www.cssda.gouv.qc.ca/etablissement/027/,841000,Centre de services scolaire des Affluents,-73.435001,45.762346,Secondaire,Franco,450 492-3777
,841028,École des Pionniers,École des Pionniers,1241 avenue de la Croisée,,64008,Terrebonne,V,J6V0H4,1,1,0,0,0,École,Public,https://www.cssda.gouv.qc.ca/etablissement/028/,841000,Centre de services scolaire des Affluents,-73.503356,45.727695,Préscolaire - Primaire,Franco,450 492-3500
,841030,École Émile-Nelligan,École Émile-Nelligan,"45, rue Fiset",,60013,Repentigny,V,J6A4G1,1,1,0,0,0,École,Public,https://www.cssda.gouv.qc.ca/etablissement/030/,841000,Centre de services scolaire des Affluents,-73.461861,45.737506,Préscolaire - Primaire,Franco,450 492-3554
,841031,École secondaire Paul-Arseneau,École secondaire Paul-Arseneau,"170, boulevard Hector-Papin",,60028,L'Assomption,V,J5W3L1,0,0,1,0,0,École,Public,https://www.cssda.gouv.qc.ca/etablissement/031/,841000,Centre de services scolaire des Affluents,-73.432168,45.819464,Secondaire,Franco,450 492-3558
,841032,École Tournesol,École Tournesol,"120, rue Payette",,60013,Repentigny,V,J5Z3L9,1,1,0,0,0,École,Public,https://www.cssda.gouv.qc.ca/etablissement/032/,841000,Centre de services scolaire des Affluents,-73.46041,45.761422,Préscolaire - Primaire,Franco,450 492-3560
,841033,École des Moissons,École des Moissons,"945, rue Noiseux",,60013,Repentigny,V,J5Y1Z3,1,1,0,0,0,École,Public,https://desmoissons@csaffluents.qc.ca,841000,Centre de services scolaire des Affluents,-73.428617,45.774438,Préscolaire - Primaire,Franco,450 492-3562
,841034,École Valmont-sur-Parc,École Valmont-sur-Parc,1155 boulevard Basile-Routhier,,60013,Repentigny,V,J5Y0L3,1,1,0,0,0,École,Public,https://valmontsurparc.csaffluents.qc.ca/,841000,Centre de services scolaire des Affluents,-73.438392,45.777348,Préscolaire - Primaire,Franco,450 492-3769
,841035,École Gareau,École Gareau,"2600, boul. de l'Ange-Gardien Nord",,60028,L'Assomption,V,J5W4R5,1,1,0,0,0,École,Public,https://www.cssda.gouv.qc.ca/etablissement/035/,841000,Centre de services scolaire des Affluents,-73.432284,45.893606,Préscolaire - Primaire,Franco,450 492-3565
,841036,École Entramis,École Entramis,"595, boulevard L'Assomption",,60013,Repentigny,V,J6A6Z5,1,1,0,0,0,École,Public,https://entramis.csaffluents.qc.ca/,841000,Centre de services scolaire des Affluents,-73.462416,45.753414,Préscolaire - Primaire,Franco,450 492-3567
,841037,École du Moulin,École du Moulin,"120, boulevard Laurentien",,60013,Repentigny,V,J5Y2R7,1,1,0,0,0,École,Public,https://www.cssda.gouv.qc.ca/etablissement/037/,841000,Centre de services scolaire des Affluents,-73.418077,45.775382,Préscolaire - Primaire,Franco,450 492-3569
,841038,École secondaire l'Horizon,École secondaire l'Horizon,"239, boulevard J.-A. Paré",,60013,Repentigny,V,J5Z4M6,0,0,1,0,0,École,Public,https://www.eshorizon.ca,841000,Centre de services scolaire des Affluents,-73.478467,45.763722,Secondaire,Franco,450 492-3571
,841039,École le Bourg-Neuf,École le Bourg-Neuf,"168, rue Colbert",,60013,Repentigny,V,J5Z4K3,1,1,0,0,0,École,Public,https://www.cssda.gouv.qc.ca/etablissement/039/,841000,Centre de services scolaire des Affluents,-73.471586,45.76839,Préscolaire - Primaire,Franco,450 492-3573
,841040,École de la Paix,École de la Paix,"830, boul. Basile-Routhier",,60013,Repentigny,V,J6A7W9,1,1,0,0,0,École,Public,https://www.cssda.gouv.qc.ca/etablissement/040/,841000,Centre de services scolaire des Affluents,-73.447393,45.763225,Préscolaire - Primaire,Franco,450 492-3576
,841041,École secondaire Félix-Leclerc,École secondaire Félix-Leclerc,"250, boulevard Louis Philippe Picard",,60013,Repentigny,V,J5Y3W9,0,0,1,0,0,École,Public,https://www.esfelixleclerc.com,841000,Centre de services scolaire des Affluents,-73.411763,45.791034,Secondaire,Franco,450 492-3578
,841042,École la Tourterelle,École la Tourterelle,"175, rue Philippe-Goulet",,60013,Repentigny,V,J5Y3M9,1,1,0,0,0,École,Public,https://www.cssda.gouv.qc.ca/etablissement/040/,841000,Centre de services scolaire des Affluents,-73.41767,45.780826,Préscolaire - Primaire,Franco,450 492-3580
,841043,École des Explorateurs,École des Explorateurs,1185 boulevard des Plateaux,,64008,Terrebonne,V,J6Y0E5,1,1,0,0,0,École,Public,https://www.cssda.gouv.qc.ca/etablissement/043/,841000,Centre de services scolaire des Affluents,-73.68522,45.705719,Préscolaire - Primaire,Franco,450 492-3416
,841044,École Louis-Laberge,École Louis-Laberge,969 boulevard Lafortune,,60028,L'Assomption,V,J5W0M9,1,1,0,0,0,École,Public,https://www.cssda.gouv.qc.ca/etablissement/044/,841000,Centre de services scolaire des Affluents,-73.421853,45.84032,Préscolaire - Primaire,Franco,450 492-3783
,841045,École des Sommets,École des Sommets,"585, rue de Saint-Gabriel",,64015,Mascouche,V,J7L0J4,1,1,0,0,0,École,Public,,841000,Centre de services scolaire des Affluents,-73.639859,45.751628,Préscolaire - Primaire,Franco,450 492-3510
,841046,École des Saules,École des Saules,"55, rue Laurier",,60028,L'Assomption,V,J5W0P7,1,1,0,0,0,École,Public,https://cssda.gouv.qc.ca/etablissement/046/,841000,Centre de services scolaire des Affluents,-73.443314,45.828524,Préscolaire - Primaire,Franco,450 765-2758
,841047,École Jean-Duceppe,École Jean-Duceppe,"610, rue Jean-Duceppe",,60013,Repentigny,V,J5Z4V3,1,1,0,0,0,École,Public,https://www.cssda.gouv.qc.ca/etablissement/047/,841000,Centre de services scolaire des Affluents,-73.457428,45.771067,Préscolaire - Primaire,Franco,450 492-3583
,841049,École au Point-du-Jour,École au Point-du-Jour,"1075, boulevard Pierre-Lesueur",,60028,L'Assomption,V,J5W2P2,1,1,0,0,0,École,Public,https://www.cssda.gouv.qc.ca/etablissement/049/,841000,Centre de services scolaire des Affluents,-73.418947,45.849436,Préscolaire - Primaire,Franco,450 492-3586
,841050,École secondaire de l'Amitié,École secondaire de l'Amitié,"1600, boulevard de l'Ange-Gardien Nord",,60028,L'Assomption,V,J5W5H1,0,0,1,0,0,École,Public,https://cssda.gouv.qc.ca/etablissement/050/,841000,Centre de services scolaire des Affluents,-73.434944,45.856051,Secondaire,Franco,450 492-3588
,841051,École la Majuscule,École la Majuscule,"210, rue Bertrand",,60013,Repentigny,V,J5Z4L3,1,1,0,0,0,École,Public,https://lamajuscule.csaffluents.qc.ca/,841000,Centre de services scolaire des Affluents,-73.476905,45.760123,Préscolaire - Primaire,Franco,450 492-3590
,841052,École secondaire Jean-Claude-Crevier,École secondaire Jean-Claude-Crevier,391 rue du Village,,60013,Repentigny,V,J5Z1S6,0,0,1,0,0,École,Public,https://jean-claude-crevier.csaffluents.qc.ca/,841000,Centre de services scolaire des Affluents,-73.470408,45.751504,Secondaire,Franco,450 492-3729
,841053,École secondaire du Havre,École secondaire du Havre,"1101, avenue Gabrielle-Roy",,64008,Terrebonne,V,J6Y0R6,0,0,1,0,0,École,Public,,841000,Centre de services scolaire des Affluents,-73.698229,45.706919,Secondaire,Franco,450 765-2757
,841055,École institutionnelle des Rivières,École institutionnelle des Rivières,"81, rue des Sulpiciens",,60037,L'Épiphanie,V,J5X2Y2,1,1,0,0,0,École,Public,https://www.cssda.gouv.qc.ca/etablissement/055/,841000,Centre de services scolaire des Affluents,-73.482787,45.848982,Préscolaire - Primaire,Franco,450 588-3203
,841101,École La Mennais,École La Mennais,"1177, avenue Saint-Jean",,64015,Mascouche,V,J7K2K8,1,1,0,0,0,École,Public,https://www.cssda.gouv.qc.ca/etablissement/101/,841000,Centre de services scolaire des Affluents,-73.603866,45.750199,Préscolaire - Primaire,Franco,450 492-3598
,841102,École Léopold-Gravel,École Léopold-Gravel,"766, rue Saint-Paul",,64008,Terrebonne,V,J6W1M8,1,1,0,0,0,École,Public,https://www.cssda.gouv.qc.ca/etablissement/102/,841000,Centre de services scolaire des Affluents,-73.637198,45.699547,Préscolaire - Primaire,Franco,450 492-3601
,841103,École Le Rucher,École Le Rucher,"855, rue des Érables",,64015,Mascouche,V,J7L3H2,1,1,0,0,0,École,Public,https://www.cssda.gouv.qc.ca/etablissement/103/,841000,Centre de services scolaire des Affluents,-73.65167,45.747714,Préscolaire - Primaire,Franco,450 492-3603
,841105,École secondaire Le Prélude,École secondaire Le Prélude,"2995, avenue des Ancêtres",,64015,Mascouche,V,J7K1X6,0,0,1,0,0,École,Public,https://www.cssda.gouv.qc.ca/etablissement/105/,841000,Centre de services scolaire des Affluents,-73.604543,45.745554,Secondaire,Franco,450 492-3607
,841106,École Saint-Joachim,École Saint-Joachim,"10521, rue Villeneuve",,64008,Terrebonne,V,J7M0K8,1,1,0,0,0,École,Public,https://www.cssda.gouv.qc.ca/etablissement/106/,841000,Centre de services scolaire des Affluents,-73.763708,45.792176,Préscolaire - Primaire,Franco,450 492-3609
,841107,École Saint-Louis,École Saint-Louis,"539, rue Saint-Sacrement",,64008,Terrebonne,V,J6W3E5,1,1,0,0,0,École,Public,https://www.cssda.gouv.qc.ca/etablissement/107/,841000,Centre de services scolaire des Affluents,-73.636614,45.698306,Préscolaire - Primaire,Franco,450 492-3611
,841108,École secondaire Des Rives,École secondaire Des Rives,"400, Montée Dumais",,64008,Terrebonne,V,J6W5W9,0,0,1,0,0,École,Public,https://www.cssda.gouv.qc.ca/etablissement/108/,841000,Centre de services scolaire des Affluents,-73.578433,45.707935,Secondaire,Franco,450 492-3613
,841111,École du Boisé,École du Boisé,"5800, rue Rodrigue",,64008,Terrebonne,V,J7M1Y6,1,1,0,0,0,École,Public,https://www.cssda.gouv.qc.ca/etablissement/111/,841000,Centre de services scolaire des Affluents,-73.706674,45.769233,Préscolaire - Primaire,Franco,450 492-3617
,841112,École secondaire Armand-Corbeil,École secondaire Armand-Corbeil,"795, rue John-F.-Kennedy",,64008,Terrebonne,V,J6W1X2,0,0,1,0,0,École,Public,https://www.armand-corbeil.ca,841000,Centre de services scolaire des Affluents,-73.64144,45.706822,Secondaire,Franco,450 492-3619
,841114,École de la Sablière,École de la Sablière,"1659, boulevard des Seigneurs",,64008,Terrebonne,V,J6X3E3,1,1,0,0,0,École,Public,https://delasabliere.csaffluents.qc.ca/,841000,Centre de services scolaire des Affluents,-73.668815,45.713443,Préscolaire - Primaire,Franco,450 492-3622
,841115,École des Hauts-Bois,École des Hauts-Bois,"99, avenue Napoléon",,64015,Mascouche,V,J7L3B3,1,1,0,0,0,École,Public,https://www.cssda.gouv.qc.ca/etablissement/115/,841000,Centre de services scolaire des Affluents,-73.674832,45.735768,Préscolaire - Primaire,Franco,450 492-3628
,841116,École de la Source,École de la Source,"1275, avenue Châteaubriant",,64015,Mascouche,V,J7K2B3,1,1,0,0,0,École,Public,https://www.cssda.gouv.qc.ca/etablissement/116/,841000,Centre de services scolaire des Affluents,-73.617736,45.756718,Préscolaire - Primaire,Franco,450 492-3630
,841117,École Esther-Blondin,École Esther-Blondin,"905, rue Vaillant",,64008,Terrebonne,V,J6X1N1,1,1,0,0,0,École,Public,https://www.cssda.gouv.qc.ca/etablissement/117/,841000,Centre de services scolaire des Affluents,-73.658938,45.704684,Préscolaire - Primaire,Franco,450 492-3632
,841118,École Le Castelet,École Le Castelet,"4200, rue Robert",,64008,Terrebonne,V,J6X2N9,1,1,0,0,0,École,Public,,841000,Centre de services scolaire des Affluents,-73.665425,45.718109,Préscolaire - Primaire,Franco,450 492-3636
,841119,École Aux 4 Vents,École Aux 4 Vents,"3000, avenue Bourque",,64015,Mascouche,V,J7K2A3,1,1,0,0,0,École,Public,https://www.cssda.gouv.qc.ca/etablissement/119/,841000,Centre de services scolaire des Affluents,-73.608576,45.73437,Préscolaire - Primaire,Franco,450 492-3639
,841120,École Bernard-Corbin,École Bernard-Corbin,"1747, rue Rochon",,64008,Terrebonne,V,J6W5N9,1,1,0,0,0,École,Public,https://bernard-corbin.csaffluents.qc.ca/,841000,Centre de services scolaire des Affluents,-73.616473,45.701001,Préscolaire - Primaire,Franco,450 392-3656
,841121,École l'Arc-en-ciel,École l'Arc-en-ciel,"273, rue Pierre-Laporte",,64008,Terrebonne,V,J6V1H6,1,1,0,0,0,École,Public,https://www.cssda.gouv.qc.ca/etablissement/121/,841000,Centre de services scolaire des Affluents,-73.516303,45.710112,Préscolaire - Primaire,Franco,450 492-3735
,841122,École instit. Jean-De La Fontaine,École instit. Jean-De La Fontaine,"192, rue de l'Église",,64008,Terrebonne,V,J6V1B4,1,1,0,0,0,École,Public,https://www.cssda.gouv.qc.ca/etablissement/122/,841000,Centre de services scolaire des Affluents,-73.553635,45.703799,Préscolaire - Primaire,Franco,450 492-3736
,841125,École secondaire l'Impact,École secondaire l'Impact,"795, rue John-F. Kennedy",suite 101,64008,Terrebonne,V,J6W1X2,0,0,1,0,0,École,Public,https://cssda.gouv.qc.ca/etablissement/125/,841000,Centre de services scolaire des Affluents,-73.64144,45.706822,Secondaire,Franco,450 492-3738
,841127,École du Vieux-Chêne,École du Vieux-Chêne,"99, croissant de la Matapédia",,64008,Terrebonne,V,J6W5H2,1,1,0,0,0,École,Public,https://www.cssda.gouv.qc.ca/etablissement/127/,841000,Centre de services scolaire des Affluents,-73.646307,45.711972,Préscolaire - Primaire,Franco,450 492-3739
,841128,École de l'Étincelle,École de l'Étincelle,"2225, boulevard des Seigneurs",,64008,Terrebonne,V,J6X4A8,1,1,0,0,0,École,Public,https://www.cssda.gouv.qc.ca/etablissement/128/,841000,Centre de services scolaire des Affluents,-73.686005,45.71851,Préscolaire - Primaire,Franco,450 492-3740
,841129,École du Soleil-Levant,École du Soleil-Levant,"3400, rue Champlain",,64015,Mascouche,V,J7K3M9,1,1,0,0,0,École,Public,https://www.cssda.gouv.qc.ca/etablissement/129/,841000,Centre de services scolaire des Affluents,-73.584138,45.748375,Préscolaire - Primaire,Franco,450 492-3741
,841130,École du Geai-Bleu,École du Geai-Bleu,"7101, rue Rodrigue",,64008,Terrebonne,V,J7M1Y7,1,1,0,0,0,École,Public,https://www.cssda.gouv.qc.ca/etablissement/130/,841000,Centre de services scolaire des Affluents,-73.722971,45.775608,Préscolaire - Primaire,Franco,450 492-3742
,841131,École secondaire de l'Odyssée,École secondaire de l'Odyssée,"2201, rue de la Jonquille",,64008,Terrebonne,V,J7M1Y8,0,0,1,0,0,École,Public,https://www.cssda.gouv.qc.ca/etablissement/131/,841000,Centre de services scolaire des Affluents,-73.726449,45.76813,Secondaire,Franco,450 492-3743
,841133,École secondaire l'Envolée,École secondaire l'Envolée,"815-16, rue Bombardier",,64015,Mascouche,V,J7K1X9,0,0,1,0,0,École,Public,https://www.cssda.gouv.qc.ca/etablissement/133/,841000,Centre de services scolaire des Affluents,-73.592302,45.740066,Secondaire,Franco,450 492-3745
,841134,École secondaire des Trois-Saisons,École secondaire des Trois-Saisons,"1658, boulevard des Seigneurs",,64008,Terrebonne,V,J6X4T1,0,0,1,0,0,École,Public,https://www.cssda.gouv.qc.ca/etablissement/134/,841000,Centre de services scolaire des Affluents,-73.671617,45.713997,Secondaire,Franco,450 492-3746
,841136,École de l'Orée-des-Bois,École de l'Orée-des-Bois,"4960, rue Rodrigue",,64008,Terrebonne,V,J7M1Y9,1,1,0,0,0,École,Public,https://www.cssda.gouv.qc.ca/etablissement/136/,841000,Centre de services scolaire des Affluents,-73.696533,45.765686,Préscolaire - Primaire,Franco,450 492-3747
,841137,École de l'Aubier,École de l'Aubier,"1651, rue Guillemette",,64008,Terrebonne,V,J7M1Z7,1,1,0,0,0,École,Public,https://www.cssda.gouv.qc.ca/etablissement/137/,841000,Centre de services scolaire des Affluents,-73.711279,45.757859,Préscolaire - Primaire,Franco,450 492-3748
,841299,École de programme intégré secondaire,École de programme intégré secondaire,"120, rue Valmont",,60013,Repentigny,V,J5Y1N9,0,0,1,0,0,École,Public,,841000,Centre de services scolaire des Affluents,-73.435033,45.764616,Secondaire,Franco,450 492-3538
,841300,Centre l'Avenir,Centre l'Avenir,508 Montée Masson,,64008,Terrebonne,V,J6W2Z3,0,0,0,0,1,Centre éducation aux adultes,Public,https://www.centrelavenir.ca,841000,Centre de services scolaire des Affluents,-73.635699,45.696256,Éducation aux adultes,Franco,450 492-3737
,841301,Centre la Croisée,Centre la Croisée,"777, boulevard Iberville",,60013,Repentigny,V,J5Y1A2,0,0,0,0,1,Centre éducation aux adultes,Public,https://www.centrelacroisee.com,841000,Centre de services scolaire des Affluents,-73.435001,45.762346,Éducation aux adultes,Franco,450 492-3799
,841302,Centre des Moulins,Centre des Moulins,"2525, boulevard des entreprises",,64008,Terrebonne,V,J6X4J9,0,0,0,0,1,Centre éducation aux adultes,Public,,841000,Centre de services scolaire des Affluents,-73.704128,45.721547,Éducation aux adultes,Franco,450 492-3551
,841400,Centre form. prof. des Moulins,Centre de formation professionnelle des Moulins,"2525, boulevard des Entreprises",,64008,Terrebonne,V,J6X4J9,0,0,0,1,0,Centre de formation professionnelle,Public,https://www.cfpmoulins.qc.ca,841000,Centre de services scolaire des Affluents,-73.704128,45.721547,Formation professionnelle,Franco,450 492-3551
,841401,Centre de form. prof. des Riverains,Centre de formation professionnelle des Riverains,"120, rue Valmont",,60013,Repentigny,V,J5Y1N9,0,0,0,1,0,Centre de formation professionnelle,Public,https://www.cfpriverains.qc.ca,841000,Centre de services scolaire des Affluents,-73.435033,45.764616,Formation professionnelle,Franco,450 492-3538
,842001,École primaire de l'Aubier,École primaire de l'Aubier,"250, chemin Saint-Stanislas",,63048,Saint-Lin–Laurentides,V,J5M2H2,1,1,0,0,0,École,Public,https://www.csssamares.gouv.qc.ca,842000,Centre de services scolaire des Samares,-73.751068,45.825404,Préscolaire - Primaire,Franco,450 439-6051
,842002,École primaire de l'Île Saint-Ignace,École primaire de l'Île Saint-Ignace,"133, rue de l'École",,52045,Saint-Ignace-de-Loyola,M,J0K2P0,1,1,0,0,0,École,Public,https://www.csssamares.gouv.qc.ca,842000,Centre de services scolaire des Samares,-73.133367,46.062744,Préscolaire - Primaire,Franco,450 758-3680
,842004,École primaire Sainte-Anne,École primaire Sainte-Anne,"2130, rue Principale",,52070,Saint-Norbert,P,J0K3C0,1,1,0,0,0,École,Public,https://www.csssamares.gouv.qc.ca,842000,Centre de services scolaire des Samares,-73.314485,46.170322,Préscolaire - Primaire,Franco,450 758-3579
,842005,École primaire du Chemin-du-Roy,École primaire du Chemin-du-Roy,"770, rue Saint-Viateur",,52035,Berthierville,V,J0K1A0,1,1,0,0,0,École,Public,https://www.csssamares.gouv.qc.ca,842000,Centre de services scolaire des Samares,-73.180799,46.082797,Préscolaire - Primaire,Franco,450 758-3580
,842006,École primaire de la Source d'Autray,École primaire de la Source d'Autray,"31, chemin Joliette",,52017,Lanoraie,M,J0K1E0,1,1,0,0,0,École,Public,https://www.csssamares.gouv.qc.ca,842000,Centre de services scolaire des Samares,-73.222731,45.958739,Préscolaire - Primaire,Franco,450 758-3584
,842007,École primaire Sainte-Anne,École primaire Sainte-Anne,"1950, rue Principale",,52062,Saint-Cuthbert,M,J0K2C0,1,1,0,0,0,École,Public,https://www.csssamares.gouv.qc.ca,842000,Centre de services scolaire des Samares,-73.21894,46.14978,Préscolaire - Primaire,Franco,450 758-3682
,842008,École primaire Dusablé,École primaire Dusablé,"601, rue Dusablé",,52055,Saint-Barthélemy,P,J0K1X0,1,1,0,0,0,École,Public,https://www.csssamares.gouv.qc.ca,842000,Centre de services scolaire des Samares,-73.117463,46.189779,Préscolaire - Primaire,Franco,450 758-3583
,842009,École secondaire du Havre-Jeunesse,École secondaire du Havre-Jeunesse,"2175, rue du Domaine-Malo",,63060,Sainte-Julienne,M,J0K2T0,0,0,1,0,0,École,Public,https://www.csssamares.gouv.qc.ca,842000,Centre de services scolaire des Samares,-73.721166,45.956226,Secondaire,Franco,450 758-3744
,842011,École primaire Jean-Chrysostôme-Chaussé,École primaire Jean-Chrysostôme-Chaussé,"41, rue Saint-Antoine Nord",,52007,Lavaltrie,V,J5T2G5,1,1,0,0,0,École,Public,https://www.csssamares.gouv.qc.ca,842000,Centre de services scolaire des Samares,-73.278912,45.885439,Préscolaire - Primaire,Franco,450 758-3588
,842012,École secondaire de la Rive,École secondaire de la Rive,"60, rue Douaire-de-Bondy",,52007,Lavaltrie,V,J5T1G7,0,0,1,0,0,École,Public,https://www.csssamares.gouv.qc.ca,842000,Centre de services scolaire des Samares,-73.291306,45.871171,Secondaire,Franco,450 758-3594
,842013,École primaire des Grands-Vents,École primaire des Grands-Vents,"50, rue des Écoles",,52080,Saint-Gabriel,V,J0K2N0,1,1,0,0,0,École,Public,https://www.csssamares.gouv.qc.ca,842000,Centre de services scolaire des Samares,-73.388183,46.292862,Préscolaire - Primaire,Franco,450 758-3691
,842015,École primaire à l'Unisson,École primaire à l'Unisson,"2747, rue Adolphe",,63060,Sainte-Julienne,M,J0K2T0,1,1,0,0,0,École,Public,https://www.csssamares.gouv.qc.ca,842000,Centre de services scolaire des Samares,-73.704641,45.964157,Préscolaire - Primaire,Franco,450 758-3685
,842016,École primaire Saint-Coeur-de-Marie,École primaire Saint-Coeur-de-Marie,"6960, rue Principale",,62075,Saint-Damien,P,J0K2E0,1,1,0,0,0,École,Public,https://www.csssamares.gouv.qc.ca,842000,Centre de services scolaire des Samares,-73.480154,46.332077,Préscolaire - Primaire,Franco,450 758-3687
,842017,École primaire Sainte-Bernadette,École primaire Sainte-Bernadette,"3961, rue Principale",,61045,Notre-Dame-de-Lourdes,M,J0K1K0,1,1,0,0,0,École,Public,https://www.csssamares.gouv.qc.ca,842000,Centre de services scolaire des Samares,-73.42441,46.098445,Préscolaire - Primaire,Franco,450 758-3576
,842018,École primaire Emmélie-Caron,École primaire Emmélie-Caron,"2420, rue Principale",,52030,Sainte-Élisabeth,M,J0K2J0,1,1,0,0,0,École,Public,https://www.csssamares.gouv.qc.ca,842000,Centre de services scolaire des Samares,-73.354043,46.096792,Préscolaire - Primaire,Franco,450 758-3582
,842022,École primaire des Moulins,École primaire des Moulins,"71, rue Sainte-Marguerite",,62007,Saint-Félix-de-Valois,M,J0K2M0,1,1,0,0,0,École,Public,https://www.csssamares.gouv.qc.ca,842000,Centre de services scolaire des Samares,-73.424912,46.16838,Préscolaire - Primaire,Franco,450 758-3559
,842025,École primaire Bernèche,École primaire Bernèche,"239, rue du Collège",,62015,Saint-Jean-de-Matha,M,J0K2S0,1,1,0,0,0,École,Public,https://www.csssamares.gouv.qc.ca,842000,Centre de services scolaire des Samares,-73.531783,46.231131,Préscolaire - Primaire,Franco,450 758-3688
,842026,École secondaire de l'Évolution,École secondaire de l'Évolution,"570, Côte Jeanne",,63048,Saint-Lin–Laurentides,V,J5M1Y1,0,0,1,0,0,École,Public,https://www.csssamares.gouv.qc.ca,842000,Centre de services scolaire des Samares,-73.75869,45.866538,Secondaire,Franco,450 758-3500
,842027,École primaire Panet,École primaire Panet,"891, rue de l'Église",,62020,Sainte-Béatrix,M,J0K1Y0,1,1,0,0,0,École,Public,https://www.csssamares.gouv.qc.ca,842000,Centre de services scolaire des Samares,-73.621793,46.194038,Préscolaire - Primaire,Franco,450 758-3690
,842029,École primaire de l'Ami-Soleil,École primaire de l'Ami-Soleil,"501, rue Adèle-Deschênes",,62070,Sainte-Émélie-de-l'Énergie,M,J0K2K0,1,1,0,0,0,École,Public,https://www.csssamares.gouv.qc.ca,842000,Centre de services scolaire des Samares,-73.644563,46.320037,Préscolaire - Primaire,Franco,450 758-3710
,842031,École primaire Bérard,École primaire Bérard,"90, rue du Collège",,62080,Saint-Zénon,M,J0K3N0,1,1,0,0,0,École,Public,https://www.csssamares.gouv.qc.ca,842000,Centre de services scolaire des Samares,-73.815532,46.562265,Préscolaire - Primaire,Franco,450 758-3693
,842033,École primaire Youville,École primaire Youville,"275, rue Desjardins",,52095,Mandeville,M,J0K1L0,1,1,0,0,0,École,Public,https://www.csssamares.gouv.qc.ca,842000,Centre de services scolaire des Samares,-73.350967,46.360117,Préscolaire - Primaire,Franco,450 758-3694
,842035,École primaire Germain-Caron,École primaire Germain-Caron,"490, rue Principale",,52090,Saint-Didace,P,J0K2G0,1,1,0,0,0,École,Public,https://www.csssamares.gouv.qc.ca,842000,Centre de services scolaire des Samares,-73.281648,46.327808,Préscolaire - Primaire,Franco,450 758-3695
,842037,École primaire Sainte-Hélène,École primaire Sainte-Hélène,"100, rue de l'Église",,61050,Sainte-Mélanie,M,J0K3A0,1,1,0,0,0,École,Public,https://www.csssamares.gouv.qc.ca,842000,Centre de services scolaire des Samares,-73.513131,46.131823,Préscolaire - Primaire,Franco,450 758-3696
,842040,École primaire Saint-Jean-Baptiste,École primaire Saint-Jean-Baptiste,"380, rue Brassard",,62085,Saint-Michel-des-Saints,M,J0K3B0,1,1,0,0,0,École,Public,https://www.csssamares.gouv.qc.ca,842000,Centre de services scolaire des Samares,-73.916045,46.675301,Préscolaire - Primaire,Franco,450 758-3697
,842041,École primaire de Saint-Alphonse,École primaire de Saint-Alphonse,505 rue du Clocher-du-Lac,,62025,Saint-Alphonse-Rodriguez,M,J0K1W0,1,1,0,0,0,École,Public,https://www.csssamares.gouv.qc.ca,842000,Centre de services scolaire des Samares,-73.68933,46.187452,Préscolaire - Primaire,Franco,450 758-3699
,842043,École primaire des Cascades,École primaire des Cascades,"3790, chemin du Lac Morgan",,62037,Rawdon,M,J0K1S0,1,1,0,0,0,École,Public,https://www.csssamares.gouv.qc.ca,842000,Centre de services scolaire des Samares,-73.710711,46.047258,Préscolaire - Primaire,Franco,450 758-3701
,842047,École primaire de Saint-Côme,École primaire de Saint-Côme,"1611, 55e Rue",,62065,Saint-Côme,M,J0K2B0,1,1,0,0,0,École,Public,https://www.csssamares.gouv.qc.ca,842000,Centre de services scolaire des Samares,-73.773468,46.268912,Préscolaire - Primaire,Franco,450 758-3705
,842048,École primaire de l'Orée-des-Bois,École primaire de l'Orée-des-Bois,"411, rang Pied-de-la-Montagne",,62030,Sainte-Marcelline-de-Kildare,M,J0K2Y0,1,1,0,0,0,École,Public,https://www.csssamares.gouv.qc.ca,842000,Centre de services scolaire des Samares,-73.59722,46.118095,Préscolaire - Primaire,Franco,450 758-3707
,842049,École primaireSaint-Théodore-de-Chertsey,École primaire Saint-Théodore-de-Chertsey,"423, rue de l'Église",,62047,Chertsey,M,J0K3K0,1,1,0,0,0,École,Public,https://www.csssamares.gouv.qc.ca,842000,Centre de services scolaire des Samares,-73.89075,46.074201,Préscolaire - Primaire,Franco,450 758-3708
,842050,École primaire au Gré-des-Vents,École primaire au Gré-des-Vents,"1936, route 125",,62055,Notre-Dame-de-la-Merci,M,J0T2A0,1,1,0,0,0,École,Public,https://www.csssamares.gouv.qc.ca,842000,Centre de services scolaire des Samares,-74.058443,46.226557,Préscolaire - Primaire,Franco,819 424-2466
,842052,École primaire des Trois-Temps,École primaire des Trois-Temps,"265, 16e Avenue",,63048,Saint-Lin–Laurentides,V,J5M2X8,1,1,0,0,0,École,Public,https://www.csssamares.gouv.qc.ca,842000,Centre de services scolaire des Samares,-73.754007,45.856597,Préscolaire - Primaire,Franco,450 439-7135
,842054,École primaire des Amis-Soleils,École primaire des Amis-Soleils,"1351, rue du Tricentenaire",,52007,Lavaltrie,V,J5T2T7,1,1,0,0,0,École,Public,https://www.csssamares.gouv.qc.ca,842000,Centre de services scolaire des Samares,-73.2833,45.886779,Préscolaire - Primaire,Franco,450 758-3590
,842055,École primaire de la Source,École primaire de la Source,"1020, rue du Tricentenaire",,52007,Lavaltrie,V,J5T2S4,1,1,0,0,0,École,Public,https://www.csssamares.gouv.qc.ca,842000,Centre de services scolaire des Samares,-73.286376,45.8809,Préscolaire - Primaire,Franco,450 758-3592
,842056,École primaire des Eaux-Vives,École primaire des Eaux-Vives,"30, montée Guy-Mousseau",,52007,Lavaltrie,V,J5T3B2,1,1,0,0,0,École,Public,https://www.csssamares.gouv.qc.ca,842000,Centre de services scolaire des Samares,-73.29886,45.870633,Préscolaire - Primaire,Franco,450 758-3586
,842058,École primaire de Saint-Calixte,École primaire de Saint-Calixte,"6315, rue de l'Hôtel-de-Ville",,63055,Saint-Calixte,M,J0K1Z0,1,1,0,0,0,École,Public,https://www.csssamares.gouv.qc.ca,842000,Centre de services scolaire des Samares,-73.849851,45.953367,Préscolaire - Primaire,Franco,450 439-7183
,842059,École primaire Notre-Dame,École primaire Notre-Dame,"20, rue Vézina",,63035,Saint-Roch-de-l'Achigan,M,J0K3H0,1,1,0,0,0,École,Public,https://www.csssamares.gouv.qc.ca,842000,Centre de services scolaire des Samares,-73.593196,45.858295,Préscolaire - Primaire,Franco,450 588-7851
,842064,École primaire des Prairies,École primaire des Prairies,"189, rue Jetté",,61030,Notre-Dame-des-Prairies,V,J6E1H7,1,1,0,0,0,École,Public,https://www.csssamares.gouv.qc.ca,842000,Centre de services scolaire des Samares,-73.431586,46.04142,Préscolaire - Primaire,Franco,450 758-3566
,842066,École primaire des Mésanges,École primaire des Mésanges,"574, boulevard  Sainte-Anne",,61025,Joliette,V,J6E5A5,1,1,0,0,0,École,Public,https://www.csssamares.gouv.qc.ca,842000,Centre de services scolaire des Samares,-73.448868,46.03339,Préscolaire - Primaire,Franco,450 758-3712
,842069,École primaire Lorenzo-Gauthier,École primaire Lorenzo-Gauthier,"100, rue Deschênes",,61035,Saint-Charles-Borromée,V,J6E1Z3,1,1,0,0,0,École,Public,https://www.csssamares.gouv.qc.ca,842000,Centre de services scolaire des Samares,-73.465314,46.045073,Préscolaire - Primaire,Franco,450 758-3714
,842070,École primaire Monseigneur J-A.-Papineau,École primaire Monseigneur J.-A.-Papineau,"485, rue Laval",,61025,Joliette,V,J6E5H1,1,1,0,0,0,École,Public,https://www.csssamares.gouv.qc.ca,842000,Centre de services scolaire des Samares,-73.431615,46.018683,Préscolaire - Primaire,Franco,450 758-3716
,842075,École primaire Sainte-Thérèse,École primaire Sainte-Thérèse,"305, rue Calixa-Lavallée",,61025,Joliette,V,J6E4K3,1,1,0,0,0,École,Public,https://www.csssamares.gouv.qc.ca,842000,Centre de services scolaire des Samares,-73.429255,46.025789,Préscolaire - Primaire,Franco,450 758-3718
,842079,École primaire des Quatre-Temps,École primaire des Quatre-Temps,"981, rue Notre-Dame",,61025,Joliette,V,J6E3K1,1,1,0,0,0,École,Public,https://www.csssamares.gouv.qc.ca,842000,Centre de services scolaire des Samares,-73.447246,46.018334,Préscolaire - Primaire,Franco,450 758-3723
,842080,École primaire des Virevents,École primaire des Virevents,"2385, du Domaine Malo",,63060,Sainte-Julienne,M,J0K2T0,1,1,0,0,0,École,Public,https://www.csssamares.gouv.qc.ca,842000,Centre de services scolaire des Samares,-73.71556,45.957915,Préscolaire - Primaire,Franco,450 758-3790
,842081,École primaire du Ruisseau,École primaire du Ruisseau,"646, avenue Villeneuve",,63048,Saint-Lin–Laurentides,V,J5M0K9,1,1,0,0,0,École,Public,https://www.csssamares.gouv.qc.ca,842000,Centre de services scolaire des Samares,-73.73631,45.814662,Préscolaire - Primaire,Franco,450 758-3500
,842084,École primaire Sacré-Coeur-de-Jésus,École primaire Sacré-Coeur-de-Jésus,"141, 8e Rue",,61013,Crabtree,V,J0K1B0,1,1,0,0,0,École,Public,https://www.csssamares.gouv.qc.ca,842000,Centre de services scolaire des Samares,-73.474779,45.96346,Préscolaire - Primaire,Franco,450 758-3724
,842085,École primaire Notre-Dame-de-la-Paix,École primaire Notre-Dame-de-la-Paix,"961, rue des Commissaires",,61040,Saint-Ambroise-de-Kildare,M,J0K1C0,1,1,0,0,0,École,Public,https://www.csssamares.gouv.qc.ca,842000,Centre de services scolaire des Samares,-73.552742,46.076019,Préscolaire - Primaire,Franco,450 758-3726
,842086,École primaire de la Passerelle,École primaire de la Passerelle,"33, boulevard Brassard",,61005,Saint-Paul,M,J0K3E0,1,1,0,0,0,École,Public,https://www.csssamares.gouv.qc.ca,842000,Centre de services scolaire des Samares,-73.444011,45.982384,Préscolaire - Primaire,Franco,450 758-3728
,842087,École primaire des Brise-Vent,École primaire des Brise-Vent,"760, rue Principale",,61027,Saint-Thomas,M,J0K3L0,1,1,0,0,0,École,Public,https://www.csssamares.gouv.qc.ca,842000,Centre de services scolaire des Samares,-73.354352,46.012806,Préscolaire - Primaire,Franco,450 758-3730
,842089,École primaire Saint-Joseph,École primaire Saint-Joseph,"740, rue Principale",,63065,Saint-Liguori,M,J0K2X0,1,1,0,0,0,École,Public,https://www.csssamares.gouv.qc.ca,842000,Centre de services scolaire des Samares,-73.566677,46.007491,Préscolaire - Primaire,Franco,450 758-3731
,842091,École primaire Notre-Dame,École primaire Notre-Dame,"225, rue Principale",,63023,Saint-Alexis,M,J0K1T0,1,1,0,0,0,École,Public,https://www.csssamares.gouv.qc.ca,842000,Centre de services scolaire des Samares,-73.61471,45.934256,Préscolaire - Primaire,Franco,450 758-3732
,842093,École primaire de Sainte-Marie-Salomé,École primaire de Sainte-Marie-Salomé,"141, rue Viger",,63005,Sainte-Marie-Salomé,M,J0K2Z0,1,1,0,0,0,École,Public,https://www.csssamares.gouv.qc.ca,842000,Centre de services scolaire des Samares,-73.49746,45.932857,Préscolaire - Primaire,Franco,450 758-3733
,842094,École primaire Saint-Louis-de-France,École primaire Saint-Louis-de-France,"4, rue du Collège",,63013,Saint-Jacques,M,J0K2R0,1,1,0,0,0,École,Public,https://www.csssamares.gouv.qc.ca,842000,Centre de services scolaire des Samares,-73.567576,45.948025,Préscolaire - Primaire,Franco,450 758-3734
,842095,École primaire de la Récolte,École primaire de la Récolte,"20, rue Beaudry",,63013,Saint-Jacques,M,J0K2R0,1,1,0,0,0,École,Public,https://www.csssamares.gouv.qc.ca,842000,Centre de services scolaire des Samares,-73.573289,45.948021,Préscolaire - Primaire,Franco,450 758-3736
,842096,École primaire Dominique-Savio,École primaire Dominique-Savio,"39, rue des Écoles",,63030,Saint-Esprit,M,J0K2L0,1,1,0,0,0,École,Public,https://www.csssamares.gouv.qc.ca,842000,Centre de services scolaire des Samares,-73.661727,45.900421,Préscolaire - Primaire,Franco,450 758-3737
,842098,École secondaire de l'Achigan,École secondaire de l'Achigan,"60, montée Rémi-Henri",,63035,Saint-Roch-de-l'Achigan,M,J0K3H0,0,0,1,0,0,École,Public,https://www.csssamares.gouv.qc.ca,842000,Centre de services scolaire des Samares,-73.595036,45.862845,Secondaire,Franco,450 588-7410
,842100,École de l'Espace-Jeunesse,École de l'Espace-Jeunesse,"90, boulevard des Mésanges",,61035,Saint-Charles-Borromée,V,J6E0B9,1,1,1,0,0,École,Public,https://www.csssamares.gouv.qc.ca,842000,Centre de services scolaire des Samares,-73.462911,46.036486,Préscolaire - Primaire - Secondaire,Franco,450 758-3556
,842103,École secondaire Thérèse-Martin,École secondaire Thérèse-Martin,"916, rue Ladouceur",,61025,Joliette,V,J6E3W7,0,0,1,0,0,École,Public,https://www.csssamares.gouv.qc.ca,842000,Centre de services scolaire des Samares,-73.424651,46.030546,Secondaire,Franco,450 758-3620
,842104,École secondaire Pierre-de-Lestage,École secondaire Pierre-de-Lestage,"881, rue Pierre-de-Lestage",,52035,Berthierville,V,J0K1A0,0,0,1,0,0,École,Public,https://www.csssamares.gouv.qc.ca,842000,Centre de services scolaire des Samares,-73.19524,46.083106,Secondaire,Franco,450 758-3599
,842105,École Barthélemy-Joliette,École Barthélemy-Joliette,"345, rue Sir-Mathias-Tellier Sud",,61025,Joliette,V,J6E6E6,1,1,1,0,0,École,Public,https://www.csssamares.gouv.qc.ca,842000,Centre de services scolaire des Samares,-73.445245,46.013122,Préscolaire - Primaire - Secondaire,Franco,450 758-3754
,842107,École secondaire des Montagnes,École secondaire des Montagnes,"290, rue Brassard",,62085,Saint-Michel-des-Saints,M,J0K3B0,0,0,1,0,0,École,Public,https://www.csssamares.gouv.qc.ca,842000,Centre de services scolaire des Samares,-73.913466,46.674734,Secondaire,Franco,450 758-3643
,842108,École secondaire Bermon,École secondaire Bermon,"1919, 6e Rang",,52085,Saint-Gabriel-de-Brandon,M,J0K2N0,0,0,1,0,0,École,Public,https://www.csssamares.gouv.qc.ca,842000,Centre de services scolaire des Samares,-73.40079,46.302146,Secondaire,Franco,450 758-3640
,842109,École secondaire des Chutes,École secondaire des Chutes,"3144, 18e Avenue",,62037,Rawdon,M,J0K1S0,0,0,1,0,0,École,Public,https://www.csssamares.gouv.qc.ca,842000,Centre de services scolaire des Samares,-73.726033,46.051133,Secondaire,Franco,450 758-3749
,842125,École primaire du Carrefour-des-Lacs,École primaire du Carrefour-des-Lacs,"145, côte Saint-Ambroise",,63048,Saint-Lin–Laurentides,V,J5M1H2,1,1,0,0,0,École,Public,https://www.csssamares.gouv.qc.ca,842000,Centre de services scolaire des Samares,-73.764482,45.890333,Préscolaire - Primaire,Franco,450 439-6170
,842199,École secondaire de l'Érablière,École secondaire de l'Érablière,"5211, rue Principale",,62007,Saint-Félix-de-Valois,M,J0K2M0,0,0,1,0,0,École,Public,https://www.csssamares.gouv.qc.ca,842000,Centre de services scolaire des Samares,-73.433257,46.167634,Secondaire,Franco,450 758-3570
,842301,Centre multiservice des Samares,Centre multiservice des Samares,"333, rue Sir-Mathias-Tellier Sud",,61025,Joliette,V,J6E6E6,0,0,0,0,1,Centre éducation aux adultes,Public,https://www.csssamares.gouv.qc.ca,842000,Centre de services scolaire des Samares,-73.445246,46.013122,Éducation aux adultes,Franco,450 758-3531
,842401,Centre multiservice des Samares,Centre multiservice des Samares,"333, rue Sir-Mathias-Tellier Sud",,61025,Joliette,V,J6E6E6,0,0,0,1,0,Centre de formation professionnelle,Public,https://www.csssamares.gouv.qc.ca,842000,Centre de services scolaire des Samares,-73.445246,46.013122,Formation professionnelle,Franco,450 758-3531
,851102,École secondaire d'Oka,École secondaire d'Oka,"1700, chemin d'Oka",,72032,Oka,M,J0N1E0,0,0,1,0,0,École,Public,https://eso.cssmi.qc.ca/,851000,Centre de services scolaire des Mille-Îles,-74.033295,45.489158,Secondaire,Franco,450 491-8410
,851104,École Saint-Gabriel,École Saint-Gabriel,"8, rue Tassé",,73010,Sainte-Thérèse,V,J7E1V3,0,0,1,0,0,École,Public,,851000,Centre de services scolaire des Mille-Îles,-73.838413,45.641062,Secondaire,Franco,450 433-5445
,851105,Polyvalente Sainte-Thérèse,Polyvalente Sainte-Thérèse,"401, boulevard du Domaine",,73010,Sainte-Thérèse,V,J7E4S4,0,0,1,0,0,École,Public,https://pst.cssmi.qc.ca/,851000,Centre de services scolaire des Mille-Îles,-73.826496,45.649736,Secondaire,Franco,450 433-5400
,851106,École secondaire Lucille-Teasdale,École secondaire Lucille-Teasdale,"1275, boulevard Céloron",,73015,Blainville,V,J7C5A8,0,0,1,0,0,École,Public,https://lucille-teasdale.cssmi.qc.ca,851000,Centre de services scolaire des Mille-Îles,-73.898581,45.698396,Secondaire,Franco,450 430-2251
,851107,École secondaire Liberté-Jeunesse,École secondaire Liberté-Jeunesse,"2919, boulevard des Promenades",,72015,Sainte-Marthe-sur-le-Lac,V,J0N1P0,0,0,1,0,0,École,Public,,851000,Centre de services scolaire des Mille-Îles,-73.929792,45.535935,Secondaire,Franco,450 623-4666
,851108,École secondaire Henri-Dunant,École secondaire Henri-Dunant,"200, rue Marie-Chapleau",,73015,Blainville,V,J7C5Y8,0,0,1,0,0,École,Public,,851000,Centre de services scolaire des Mille-Îles,-73.883195,45.666127,Secondaire,Franco,450 434-8951
,851109,École secondaire du Maréchal,École secondaire du Maréchal,"15060, rang Petite Côte des Anges",,74005,Mirabel,V,J7N3R7,0,0,1,0,0,École,Public,https://nesm.cssmi.qc.ca,851000,Centre de services scolaire des Mille-Îles,-73.98163,45.636384,Secondaire,Franco,450 424-8898
,851139,Nouvelle école du Centre de réadaptation,Nouvelle école du Centre de réadaptation pour jeunes en difficultés d'adaptation de Sainte-Thérèse,"155, rue Duquet",,73010,Sainte-Thérèse,V,J7E0E6,1,1,1,0,0,École,Public,,851000,Centre de services scolaire des Mille-Îles,-73.841445,45.645273,Préscolaire - Primaire - Secondaire,Franco,514 974-7000
,851142,École des Érables,École des Érables,"1400, chemin de l'Avenir",,72010,Deux-Montagnes,V,J7R6A6,1,1,1,0,0,École,Public,,851000,Centre de services scolaire des Mille-Îles,-73.906521,45.546628,Préscolaire - Primaire - Secondaire,Franco,450 472-2670
,851143,École secondaire des Patriotes,École secondaire des Patriotes,"99, rue Grignon",,72005,Saint-Eustache,V,J7P4S4,0,0,1,0,0,École,Public,https://esp.cssmi.qc.ca,851000,Centre de services scolaire des Mille-Îles,-73.906859,45.574793,Secondaire,Franco,450 472-6060
,851144,Polyvalente Deux-Montagnes,Polyvalente Deux-Montagnes,"500, chemin des Anciens",,72010,Deux-Montagnes,V,J7R6A7,0,0,1,0,0,École,Public,https://pdm.cssmi.qc.ca,851000,Centre de services scolaire des Mille-Îles,-73.906521,45.546628,Secondaire,Franco,450 472-3070
,851171,École secondaire Jean-Jacques-Rousseau,École secondaire Jean-Jacques-Rousseau,"2700, rue Jean-Charles-Bonenfant",,73005,Boisbriand,V,J7H1P1,0,0,1,0,0,École,Public,https://jjr.cssmi.qc.ca,851000,Centre de services scolaire des Mille-Îles,-73.855332,45.61516,Secondaire,Franco,450 433-5455
,851172,École secondaire du Harfang,École secondaire du Harfang,"140, rue des Saisons",,73035,Sainte-Anne-des-Plaines,V,J5N3X5,0,0,1,0,0,École,Public,https://harfang.cssmi.qc.ca,851000,Centre de services scolaire des Mille-Îles,-73.824954,45.761571,Secondaire,Franco,450 434-8570
,851173,École secondaire Rive-Nord,École secondaire Rive-Nord,"400, rue Joseph-Paquette",,73030,Bois-des-Filion,V,J6Z4P7,0,0,1,0,0,École,Public,https://rive-nord.cssmi.qc.ca,851000,Centre de services scolaire des Mille-Îles,-73.760008,45.670212,Secondaire,Franco,450 621-3686
,851174,École sec. Hubert-Maisonneuve,École secondaire Hubert-Maisonneuve,"364, rue de l'Académie",,73020,Rosemère,V,J7A1Z1,0,0,1,0,0,École,Public,,851000,Centre de services scolaire des Mille-Îles,-73.792014,45.63833,Secondaire,Franco,450 621-2003
,851201,École de l'Amitié,École de l'Amitié,"60, avenue Daniel-Morin",,72043,Saint-Placide,M,J0V2B0,1,1,0,0,0,École,Public,,851000,Centre de services scolaire des Mille-Îles,-74.208274,45.526305,Préscolaire - Primaire,Franco,450 434-8391
,851202,École des Pins,École des Pins,"25, rue des Pins",,72032,Oka,M,J0N1E0,1,1,0,0,0,École,Public,https://despins.cssmi.qc.ca,851000,Centre de services scolaire des Mille-Îles,-74.076688,45.468482,Préscolaire - Primaire,Franco,450 491-8400
,851203,École Girouard,École Girouard,"9030, rue Dumouchel",,74005,Mirabel,V,J7N2N8,1,1,0,0,0,École,Public,,851000,Centre de services scolaire des Mille-Îles,-74.098784,45.565124,Préscolaire - Primaire,Franco,450 434-8612
,851204,École Sainte-Scholastique,École Sainte-Scholastique,"9290, côte des Saints",,74005,Mirabel,V,J7N2X5,1,1,0,0,0,École,Public,,851000,Centre de services scolaire des Mille-Îles,-74.095593,45.653883,Préscolaire - Primaire,Franco,450 434-8716
,851205,École Prés fleuris,École Prés fleuris,"15074, rue de Saint-Augustin",,74005,Mirabel,V,J7N2B2,1,1,0,0,0,École,Public,https://pres-fleuris.cssmi.qc.ca,851000,Centre de services scolaire des Mille-Îles,-73.981483,45.623687,Préscolaire - Primaire,Franco,450 434-8656
,851206,École de la Clé-des-Champs,École de la Clé-des-Champs,"14700, rue Jean-Simon",,74005,Mirabel,V,J7N2J6,1,1,0,0,0,École,Public,,851000,Centre de services scolaire des Mille-Îles,-73.991378,45.628703,Préscolaire - Primaire,Franco,450 434-8143
,851207,École Rose-des-Vents,École Rose-des-Vents,"70, montée du Village",,72025,Saint-Joseph-du-Lac,M,J0N1M0,1,1,0,0,0,École,Public,https://rose-des-vents.cssmi.qc.ca,851000,Centre de services scolaire des Mille-Îles,-74.007642,45.5318,Préscolaire - Primaire,Franco,450 473-5116
,851208,École des Lucioles,École des Lucioles,"320, rue de la Sève",,72015,Sainte-Marthe-sur-le-Lac,V,J0N1P0,1,1,0,0,0,École,Public,https://lucioles.cssmi.qc.ca,851000,Centre de services scolaire des Mille-Îles,-73.966077,45.529449,Préscolaire - Primaire,Franco,450 472-8060
,851209,École Horizon-du-Lac,École Horizon-du-Lac,3102 rue de l'Église,,72015,Sainte-Marthe-sur-le-Lac,V,J0N1P0,1,1,0,0,0,École,Public,https://horizon-du-lac.cssmi.qc.ca,851000,Centre de services scolaire des Mille-Îles,-73.941694,45.529145,Préscolaire - Primaire,Franco,450 473-2043
,851210,École des Perséides,École des Perséides,"1020, rue Simonne",,72020,Pointe-Calumet,M,J0N1G0,1,1,0,0,0,École,Public,,851000,Centre de services scolaire des Mille-Îles,-73.98507,45.499387,Préscolaire - Primaire,Franco,450 623-9494
,851212,École Terre-Soleil,École Terre-Soleil,"800, rue de Sève",,73010,Sainte-Thérèse,V,J7E2M6,1,1,0,0,0,École,Public,https://terre-soleil.cssmi.qc.ca,851000,Centre de services scolaire des Mille-Îles,-73.864466,45.653212,Préscolaire - Primaire,Franco,450 433-5355
,851213,École de Fontainebleau,École de Fontainebleau,"10, rue de Montauban",,73015,Blainville,V,J7B1T4,1,1,0,0,0,École,Public,,851000,Centre de services scolaire des Mille-Îles,-73.809435,45.667565,Préscolaire - Primaire,Franco,450 433-5528
,851214,École du Trait-d'Union,École du Trait-d'Union,"66, rue Saint-Stanislas",,73010,Sainte-Thérèse,V,J7E3M7,1,1,0,0,0,École,Public,https://trait-dunion.cssmi.qc.ca,851000,Centre de services scolaire des Mille-Îles,-73.850296,45.642298,Préscolaire - Primaire,Franco,450 433-5505
,851215,École Le Sentier,École Le Sentier,"287, chemin de la Grande-Côte",,73005,Boisbriand,V,J7G2L2,1,1,0,0,0,École,Public,,851000,Centre de services scolaire des Mille-Îles,-73.830851,45.611482,Préscolaire - Primaire,Franco,450 433-5515
,851216,École Arthur-Vaillancourt,École Arthur-Vaillancourt,"25, rue Vézina",,73010,Sainte-Thérèse,V,J7E3A4,0,1,0,0,0,École,Public,https://arthur-vaillancourt.cssmi.qc.ca,851000,Centre de services scolaire des Mille-Îles,-73.833573,45.640223,Primaire,Franco,450 433-5530
,851217,École Saint-Pierre,École Saint-Pierre,"201, rue Saint-Pierre",,73010,Sainte-Thérèse,V,J7E2S3,1,1,0,0,0,École,Public,,851000,Centre de services scolaire des Mille-Îles,-73.825538,45.641677,Préscolaire - Primaire,Franco,450 433-5545
,851218,École de la Renaissance,École de la Renaissance,"370, boulevard d'Annecy",,73015,Blainville,V,J7B1J7,1,1,0,0,0,École,Public,https://renaissance.cssmi.qc.ca,851000,Centre de services scolaire des Mille-Îles,-73.814889,45.651488,Préscolaire - Primaire,Franco,450 433-5375
,851219,École Plateau Saint-Louis,École Plateau Saint-Louis,"425, boulevard du Curé-Labelle",,73015,Blainville,V,J7C2H4,1,1,0,0,0,École,Public,https://plateau-saint-louis.cssmi.qc.ca,851000,Centre de services scolaire des Mille-Îles,-73.84831,45.65227,Préscolaire - Primaire,Franco,450 433-5350
,851220,École des Ramilles,École des Ramilles,"1030, rue Gilles-Vigneault",,73015,Blainville,V,J7C5N4,1,1,0,0,0,École,Public,,851000,Centre de services scolaire des Mille-Îles,-73.896041,45.667811,Préscolaire - Primaire,Franco,450 433-5415
,851221,École Notre-Dame-de-l'Assomption,École Notre-Dame-de-l'Assomption,"1027, boulevard du Curé-Labelle",,73015,Blainville,V,J7C2M2,1,1,0,0,0,École,Public,,851000,Centre de services scolaire des Mille-Îles,-73.883782,45.675185,Préscolaire - Primaire,Franco,450 433-5540
,851222,École de la Seigneurie,École de la Seigneurie,"930, rue de la Mairie",,73015,Blainville,V,J7C3B4,1,1,0,0,0,École,Public,https://seigneurie.cssmi.qc.ca,851000,Centre de services scolaire des Mille-Îles,-73.870988,45.679403,Préscolaire - Primaire,Franco,450 433-5365
,851223,École Chante-Bois,École Chante-Bois,"40, 84e Avenue Est",,73015,Blainville,V,J7C3R5,1,1,0,0,0,École,Public,https://chante-bois.cssmi.qc.ca,851000,Centre de services scolaire des Mille-Îles,-73.885819,45.681865,Préscolaire - Primaire,Franco,450 433-5360
,851224,École de l'Envolée,École de l'Envolée,"60, rue des Grives",,73015,Blainville,V,J7C5J9,1,1,0,0,0,École,Public,,851000,Centre de services scolaire des Mille-Îles,-73.900482,45.678737,Préscolaire - Primaire,Franco,450 433-5385
,851225,École de l'Aquarelle,École de l'Aquarelle,"1430, rue Maurice-Cullen",,73015,Blainville,V,J7C5Y1,1,1,0,0,0,École,Public,,851000,Centre de services scolaire des Mille-Îles,-73.90223,45.698788,Préscolaire - Primaire,Franco,450 433-5470
,851226,École des Semailles,École des Semailles,"1100, boulevard Céloron",,73015,Blainville,V,J7C4Y7,1,1,0,0,0,École,Public,,851000,Centre de services scolaire des Mille-Îles,-73.87859,45.68924,Préscolaire - Primaire,Franco,450 433-4616
,851227,Nouvelle école primaire de Blainville,Nouvelle école primaire de Blainville,"100, rue de Bellevue",,73015,Blainville,V,J7C3X2,1,1,0,0,0,École,Public,,851000,Centre de services scolaire des Mille-Îles,-73.800779,45.677763,Préscolaire - Primaire,Franco,450 974-7000
,851230,École des Grands-Vents,École des Grands-Vents,"3180, rue Laurin",,72015,Sainte-Marthe-sur-le-Lac,V,J0N1P0,1,1,0,0,0,École,Public,,851000,Centre de services scolaire des Mille-Îles,-73.953775,45.531372,Préscolaire - Primaire,Franco,450 974-7000
,851231,École du Grand-Pommier,École du Grand-Pommier,"257, rue Yvon",,72025,Saint-Joseph-du-Lac,M,J0N1M0,1,1,0,0,0,École,Public,,851000,Centre de services scolaire des Mille-Îles,-73.974692,45.522301,Préscolaire - Primaire,Franco,450 491-8415
,851240,École Emmanuel-Chénard,École Emmanuel-Chénard,"600, 28e Avenue",,72010,Deux-Montagnes,V,J7R6L2,1,1,0,0,0,École,Public,https://emmanuel-chenard.cssmi.qc.ca,851000,Centre de services scolaire des Mille-Îles,-73.92081,45.540207,Préscolaire - Primaire,Franco,450 491-5454
,851241,École Sauvé,École Sauvé,"214, 9e Avenue",,72010,Deux-Montagnes,V,J7R3M2,1,1,0,0,0,École,Public,https://sauve.cssmi.qc.ca,851000,Centre de services scolaire des Mille-Îles,-73.895209,45.541531,Préscolaire - Primaire,Franco,450 473-3206
,851244,École des Hirondelles,École des Hirondelles,"430, rue Rocheleau",,72005,Saint-Eustache,V,J7R2W9,1,1,1,0,0,École,Public,https://hirondelles.cssmi.qc.ca,851000,Centre de services scolaire des Mille-Îles,-73.911114,45.56665,Préscolaire - Primaire - Secondaire,Franco,450 473-7422
,851245,École Arc-en-ciel,École Arc-en-ciel,"130, boulevard Louis-Joseph-Rodrigue",,72005,Saint-Eustache,V,J7R5Y5,1,1,0,0,0,École,Public,https://arc-en-ciel.cssmi.qc.ca,851000,Centre de services scolaire des Mille-Îles,-73.923715,45.57744,Préscolaire - Primaire,Franco,450 472-7801
,851246,École au Coeur-du-Boisé,École au Coeur-du-Boisé,"990, rue des Érables",,72005,Saint-Eustache,V,J7R6M5,1,1,0,0,0,École,Public,,851000,Centre de services scolaire des Mille-Îles,-73.932941,45.584127,Préscolaire - Primaire,Franco,450 491-5065
,851247,École Coeur à coeur,"École Coeur à coeur, l'Alternative","799, montée Lauzon",,72005,Saint-Eustache,V,J7R0J1,1,1,0,0,0,École,Public,https://coeur-a-coeur.cssmi.qc.ca,851000,Centre de services scolaire des Mille-Îles,-73.974294,45.561233,Préscolaire - Primaire,Franco,450 473-5614
,851249,École Curé-Paquin,École Curé-Paquin,"43, rue Saint-Laurent",,72005,Saint-Eustache,V,J7P1V9,1,1,0,0,0,École,Public,,851000,Centre de services scolaire des Mille-Îles,-73.897659,45.565701,Préscolaire - Primaire,Franco,450 473-7006
,851250,École Clair Matin,École Clair Matin,"250, rue Therrien",,72005,Saint-Eustache,V,J7P4V4,1,1,0,0,0,École,Public,https://clair-matin.cssmi.qc.ca,851000,Centre de services scolaire des Mille-Îles,-73.884151,45.570534,Préscolaire - Primaire,Franco,450 472-5240
,851251,École Terre des jeunes,École Terre des jeunes,"128, 25e Avenue",,72005,Saint-Eustache,V,J7P2V2,1,1,0,0,0,École,Public,https://terre-des-jeunes.cssmi.qc.ca,851000,Centre de services scolaire des Mille-Îles,-73.871768,45.571421,Préscolaire - Primaire,Franco,450 473-9219
,851252,École Horizon-Soleil,École Horizon-Soleil,"425, rue Hamel",,72005,Saint-Eustache,V,J7P4M2,1,1,0,0,0,École,Public,,851000,Centre de services scolaire des Mille-Îles,-73.860073,45.583912,Préscolaire - Primaire,Franco,450 472-1440
,851253,École des Mésanges,École des Mésanges,"203, 14e Avenue",,72010,Deux-Montagnes,V,J7R3W1,1,1,0,0,0,École,Public,,851000,Centre de services scolaire des Mille-Îles,-73.897321,45.538521,Préscolaire - Primaire,Franco,450 491-5756
,851254,École des Jardins-des-Patriotes,École des Jardins-des-Patriotes,520 boulevard Lavallée,,72005,Saint-Eustache,V,J7P5P3,1,1,0,0,0,École,Public,,851000,Centre de services scolaire des Mille-Îles,-73.903086,45.574288,Préscolaire - Primaire,Franco,450 473-7006
,851260,École des Blés-Dorés,École des Blés-Dorés,13000 rue Pierre-Perrin,,74005,Mirabel,V,J7N0W6,1,1,0,0,0,École,Public,,851000,Centre de services scolaire des Mille-Îles,-74.022743,45.640157,Préscolaire - Primaire,Franco,450 974-7000
,851261,École du Domaine-Vert Nord,École du Domaine-Vert Nord,17050 rue Jacques-Cartier,,74005,Mirabel,V,J7J0X4,1,1,0,0,0,École,Public,,851000,Centre de services scolaire des Mille-Îles,-73.942462,45.669285,Préscolaire - Primaire,Franco,450 433-5535
,851262,École des Étoiles-Filantes,École des Étoiles-Filantes,"13 919, rue des Saules",,74005,Mirabel,V,J7N3G2,1,1,0,0,0,École,Public,,851000,Centre de services scolaire des Mille-Îles,-74.003608,45.631234,Préscolaire - Primaire,Franco,450 974-7000
,851263,Nouvelle école primaire de Mirabel,Nouvelle école primaire de Mirabel,"10800, montée Sainte-Marianne",,74005,Mirabel,V,J7J2V4,1,1,0,0,0,École,Public,,851000,Centre de services scolaire des Mille-Îles,-73.921815,45.66618,Préscolaire - Primaire,Franco,450 974-7000
,851270,École des Grands-Chemins,École des Grands-Chemins,"1650, avenue Alexandre-le-Grand",,73005,Boisbriand,V,J7G3K1,1,1,0,0,0,École,Public,,851000,Centre de services scolaire des Mille-Îles,-73.845706,45.62121,Préscolaire - Primaire,Franco,450 433-5514
,851271,École Le Tandem,École Le Tandem,"10, rue Bélisle",,73010,Sainte-Thérèse,V,J7E3P6,1,1,0,0,0,École,Public,,851000,Centre de services scolaire des Mille-Îles,-73.836366,45.632262,Préscolaire - Primaire,Franco,450 433-5525
,851273,École Gabrielle-Roy,École Gabrielle-Roy,"500, rue Marie-Claire-Daveluy",,73005,Boisbriand,V,J7G3G7,1,1,0,0,0,École,Public,https://gabrielle-roy.cssmi.qc.ca,851000,Centre de services scolaire des Mille-Îles,-73.838577,45.602191,Préscolaire - Primaire,Franco,450 433-5380
,851274,École Gaston-Pilon,École Gaston-Pilon,"1025, rue Castelneau",,73005,Boisbriand,V,J7G1V7,1,1,0,0,0,École,Public,https://gaston-pilon.cssmi.qc.ca,851000,Centre de services scolaire des Mille-Îles,-73.843234,45.613236,Préscolaire - Primaire,Franco,450 433-5520
,851275,École du Mai,École du Mai,"3233, rue de la Bastille",,73005,Boisbriand,V,J7H1R3,1,1,0,0,0,École,Public,https://dumai.cssmi.qc.ca,851000,Centre de services scolaire des Mille-Îles,-73.862278,45.620592,Préscolaire - Primaire,Franco,450 433-5370
,851276,École de la Clairière,École de la Clairière,"3599, rue Charlotte-Boisjoli",,73005,Boisbriand,V,J7H1L5,1,1,0,0,0,École,Public,https://clairiere.cssmi.qc.ca,851000,Centre de services scolaire des Mille-Îles,-73.869798,45.629188,Préscolaire - Primaire,Franco,450 433-5475
,851277,École Val-des-Ormes,École Val-des-Ormes,"199, chemin de la Grande-Côte",,73020,Rosemère,V,J7A1H6,1,1,0,0,0,École,Public,https://val-des-ormes.cssmi.qc.ca,851000,Centre de services scolaire des Mille-Îles,-73.799455,45.628953,Préscolaire - Primaire,Franco,450 437-5770
,851278,École Alpha,École Alpha,"334, rue de l'Académie",,73020,Rosemère,V,J7A3R9,1,1,0,0,0,École,Public,https://alpha.cssmi.qc.ca,851000,Centre de services scolaire des Mille-Îles,-73.794216,45.637614,Préscolaire - Primaire,Franco,450 621-2400
,851279,École Le Tournesol,École Le Tournesol,"155, boulevard De Gaulle",,73025,Lorraine,V,J6Z3Z8,1,1,0,0,0,École,Public,https://tournesol.cssmi.qc.ca,851000,Centre de services scolaire des Mille-Îles,-73.789696,45.671593,Préscolaire - Primaire,Franco,450 621-6301
,851280,École Le Carrefour,École Le Carrefour,"59, boulevard de Vignory",,73025,Lorraine,V,J6Z3L5,1,1,0,0,0,École,Public,https://carrefour.cssmi.qc.ca,851000,Centre de services scolaire des Mille-Îles,-73.785348,45.674529,Préscolaire - Primaire,Franco,450 621-2500
,851282,École Le Rucher,École Le Rucher,"100, 33e Avenue Nord",,73030,Bois-des-Filion,V,J6Z2C4,1,1,0,0,0,École,Public,,851000,Centre de services scolaire des Mille-Îles,-73.75781,45.670079,Préscolaire - Primaire,Franco,450 621-1750
,851283,École Jeunes du monde,École Jeunes du monde,"452, rue de Neuilly",,64008,Terrebonne,V,J6Y1R2,1,1,0,0,0,École,Public,,851000,Centre de services scolaire des Mille-Îles,-73.741733,45.679649,Préscolaire - Primaire,Franco,450 621-5642
,851284,École Marie-Soleil-Tougas,École Marie-Soleil-Tougas,"3415, place Camus",,64008,Terrebonne,V,J6Y1L2,1,1,0,0,0,École,Public,,851000,Centre de services scolaire des Mille-Îles,-73.794777,45.698044,Préscolaire - Primaire,Franco,450 979-9736
,851285,École du Ruisselet,École du Ruisselet,"65, boulevard de Chambord",,73025,Lorraine,V,J6Z4X1,1,1,0,0,0,École,Public,,851000,Centre de services scolaire des Mille-Îles,-73.770366,45.663335,Préscolaire - Primaire,Franco,450 434-8896
,851286,École des Moissons,École des Moissons,"1, rue Chaumont",,73035,Sainte-Anne-des-Plaines,V,J5N1B7,1,1,0,0,0,École,Public,,851000,Centre de services scolaire des Mille-Îles,-73.816613,45.76084,Préscolaire - Primaire,Franco,450 478-4256
,851287,École Du Bois-Joli,École Du Bois-Joli,"200, rue Neuville-en-Ferrain",,73035,Sainte-Anne-des-Plaines,V,J5N2V5,1,1,0,0,0,École,Public,https://bois-joli.cssmi.qc.ca,851000,Centre de services scolaire des Mille-Îles,-73.809048,45.767255,Préscolaire - Primaire,Franco,450 478-4464
,851288,École de l'Harmonie-Jeunesse,École de l'Harmonie-Jeunesse,"540, rue des Colibris",,73035,Sainte-Anne-des-Plaines,V,J5N1E6,1,1,0,0,0,École,Public,https://harmonie-jeunesse.cssmi.qc.ca,851000,Centre de services scolaire des Mille-Îles,-73.797104,45.771287,Préscolaire - Primaire,Franco,450 478-4040
,851289,École de l'Espace-Couleurs,École de l'Espace-Couleurs,"1000, rue Marie-Gérin-Lajoie",,64008,Terrebonne,V,J6Y0M1,1,1,0,0,0,École,Public,,851000,Centre de services scolaire des Mille-Îles,-73.729338,45.685616,Préscolaire - Primaire,Franco,450 621-2352
,851305,Centre multiservice Sainte-Thérèse,Centre multiservice de Sainte-Thérèse,"125, rue Beauchamp",,73010,Sainte-Thérèse,V,J7E5A4,0,0,0,0,1,Centre éducation aux adultes,Public,https://cms.cssmi.qc.ca,851000,Centre de services scolaire des Mille-Îles,-73.83727,45.642912,Éducation aux adultes,Franco,450 433-5432
,851306,Centre form. cont. Patriotes,Centre de formation continue des Patriotes,2705 boulevard des Promenades,,72015,Sainte-Marthe-sur-le-Lac,V,J7R0A6,0,0,0,0,1,Centre éducation aux adultes,Public,,851000,Centre de services scolaire des Mille-Îles,-73.924839,45.540948,Éducation aux adultes,Franco,450 491-4488
,851402,Ctre form. prof. l'Émergence,"Centre de formation professionnelle, l'Émergence","1415, chemin de l'Avenir",,72010,Deux-Montagnes,V,J7R7B4,0,0,0,1,0,Centre de formation professionnelle,Public,https://www.lemergence.qc.ca,851000,Centre de services scolaire des Mille-Îles,-73.907021,45.545688,Formation professionnelle,Franco,450 623-3079
,851403,Ctre form. prof. l'automobile,Centre de formation professionnelle de l'automobile,"301, boulevard du Domaine",,73010,Sainte-Thérèse,V,J7E4S4,0,0,0,1,0,Centre de formation professionnelle,Public,https://www.cfpauto.com,851000,Centre de services scolaire des Mille-Îles,-73.828793,45.649457,Formation professionnelle,Franco,450 433-5435
,851404,Centre de formation des Nouvelles-Techno,Centre de formation des Nouvelles-Technologies,"75, rue Duquet",,73010,Sainte-Thérèse,V,J7E5R8,0,0,0,1,0,Centre de formation professionnelle,Public,https://www.cfnt.qc.ca,851000,Centre de services scolaire des Mille-Îles,-73.838565,45.642737,Formation professionnelle,Franco,450 433-5480
,851407,Centre de formation agricole de Mirabel,Centre de formation agricole de Mirabel,"9850, rue de Belle-Rivière",,74005,Mirabel,V,J7N2X8,0,0,0,1,0,Centre de formation professionnelle,Public,https://www.cfam.qc.ca,851000,Centre de services scolaire des Mille-Îles,-74.091991,45.649917,Formation professionnelle,Franco,450 434-8150
,851460,Centre de formation Construc-Plus,Centre de formation Construc-Plus,246 Allée du golf,,72005,Saint-Eustache,V,J7R0L3,0,0,0,1,0,Centre de formation professionnelle,Public,,851000,Centre de services scolaire des Mille-Îles,-73.930339,45.559006,Formation professionnelle,Franco,450 491-8416
,852001,École De La Durantaye,École De La Durantaye,"31, rue Paul",,75017,Saint-Jérôme,V,J7Y1Z5,1,1,0,0,0,École,Public,https://cssrdn.gouv.qc.ca/durantaye,852000,Centre de services scolaire de la Rivière-du-Nord,-74.009388,45.785668,Préscolaire - Primaire,Franco,450 432-9582
,852003,École secondaire du Flambeau,École secondaire du Flambeau,1031 boul. Lajeunesse ouest,,75017,Saint-Jérôme,V,J5L0N6,0,0,1,0,0,École,Public,https://cssrdn.gouv.qc.ca/flambeau,852000,Centre de services scolaire de la Rivière-du-Nord,-74.045207,45.784908,Secondaire,Franco,450 438-3131
,852004,École secondaire Émilien-Frenette,École secondaire Émilien-Frenette,"109, rue Marie-Victorin",,75017,Saint-Jérôme,V,J7Y2G7,0,0,1,0,0,École,Public,https://cssrdn.gouv.qc.ca/emilienfrenette,852000,Centre de services scolaire de la Rivière-du-Nord,-74.011506,45.778659,Secondaire,Franco,450 438-4108
,852005,École Dubois,École Dubois,"562, rue du Palais",,75017,Saint-Jérôme,V,J7Z1Y6,1,1,0,0,0,École,Public,https://cssrdn.gouv.qc.ca/dubois,852000,Centre de services scolaire de la Rivière-du-Nord,-73.993815,45.777098,Préscolaire - Primaire,Franco,450 438-5008
,852006,École Notre-Dame,École Notre-Dame,"581, rue Ouimet",,75017,Saint-Jérôme,V,J7Z1R3,1,1,0,0,0,École,Public,https://cssrdn.gouv.qc.ca/notredame,852000,Centre de services scolaire de la Rivière-du-Nord,-73.989646,45.784694,Préscolaire - Primaire,Franco,450 432-4472
,852007,École Prévost,École Prévost,"85, rue Lauzon",,75017,Saint-Jérôme,V,J7Y1V8,1,1,0,0,0,École,Public,https://cssrdn.gouv.qc.ca/prevost,852000,Centre de services scolaire de la Rivière-du-Nord,-74.015112,45.791852,Préscolaire - Primaire,Franco,450 438-5603
,852008,École secondaire Saint-Stanislas,École secondaire Saint-Stanislas,"680, 9e Rue",,75017,Saint-Jérôme,V,J7Z2Y9,0,0,1,0,0,École,Public,https://cssrdn.gouv.qc.ca/saintstanislas,852000,Centre de services scolaire de la Rivière-du-Nord,-73.990888,45.763639,Secondaire,Franco,450 436-6100
,852009,École Saint-Jean-Baptiste,École Saint-Jean-Baptiste,"240, rue De Montigny",,75017,Saint-Jérôme,V,J7Z5P8,1,1,0,0,0,École,Public,https://cssrdn.gouv.qc.ca/saintjeanbaptiste,852000,Centre de services scolaire de la Rivière-du-Nord,-74.001795,45.767849,Préscolaire - Primaire,Franco,450 438-3995
,852010,École polyvalente Saint-Jérôme,École polyvalente Saint-Jérôme,"535, rue Filion",,75017,Saint-Jérôme,V,J7Z1J6,0,0,1,0,0,École,Public,https://cssrdn.gouv.qc.ca/epsj,852000,Centre de services scolaire de la Rivière-du-Nord,-73.990416,45.788892,Secondaire,Franco,450 436-4330
,852011,École secondaire Cap-Jeunesse,École secondaire Cap-Jeunesse,"600, 36e Avenue",,75017,Saint-Jérôme,V,J7Z5W2,0,0,1,0,0,École,Public,https://cssrdn.gouv.qc.ca/capjeunesse,852000,Centre de services scolaire de la Rivière-du-Nord,-73.978726,45.773527,Secondaire,Franco,450 436-1858
,852012,École Saint-Joseph,École Saint-Joseph,"616, rue Saint-Georges",,75017,Saint-Jérôme,V,J7Z5B9,1,1,0,0,0,École,Public,,852000,Centre de services scolaire de la Rivière-du-Nord,-74.002294,45.784772,Préscolaire - Primaire,Franco,450 438-3981
,852013,École Mariboisé,École Mariboisé,"175, rue Duvernay",,75017,Saint-Jérôme,V,J7Y2Z6,1,1,0,0,0,École,Public,https://cssrdn.gouv.qc.ca/mariboise,852000,Centre de services scolaire de la Rivière-du-Nord,-74.00995,45.771097,Préscolaire - Primaire,Franco,450 432-4506
,852014,École de l'Horizon-Soleil,École de l'Horizon-Soleil,"1155, avenue du Parc",,75017,Saint-Jérôme,V,J7Z6X6,1,1,1,0,0,École,Public,https://cssrdn.gouv.qc.ca/horizonsoleil,852000,Centre de services scolaire de la Rivière-du-Nord,-73.977913,45.771614,Préscolaire - Primaire - Secondaire,Franco,450 438-1296
,852015,École Sainte-Paule,École Sainte-Paule,"1030, rue Saint-Georges",,75017,Saint-Jérôme,V,J7Z5E8,1,1,0,0,0,École,Public,https://cssrdn.gouv.qc.ca/saintepaule,852000,Centre de services scolaire de la Rivière-du-Nord,-74.006395,45.793104,Préscolaire - Primaire,Franco,450 436-1757
,852016,École Bellefeuille,École Bellefeuille,"997, rue des Lacs",,75017,Saint-Jérôme,V,J5L1T3,1,1,0,0,0,École,Public,https://cssrdn.gouv.qc.ca/bellefeuille,852000,Centre de services scolaire de la Rivière-du-Nord,-74.08045,45.784843,Préscolaire - Primaire,Franco,450 438-9525
,852017,École Sainte-Thérèse-de-l'Enfant-Jésus,École Sainte-Thérèse-de-l'Enfant-Jésus,"700, 9e Rue",,75017,Saint-Jérôme,V,J7Z2Z5,1,1,0,0,0,École,Public,https://cssrdn.gouv.qc.ca/saintetherese,852000,Centre de services scolaire de la Rivière-du-Nord,-73.989494,45.763844,Préscolaire - Primaire,Franco,450 438-8828
,852018,École aux Quatre-Vents,École aux Quatre-Vents,"13815, rue Therrien",,74005,Mirabel,V,J7J1J4,1,1,0,0,0,École,Public,https://cssrdn.gouv.qc.ca/quatrevents,852000,Centre de services scolaire de la Rivière-du-Nord,-73.932932,45.705274,Préscolaire - Primaire,Franco,450 569-2239
,852019,École Jean-Moreau,École Jean-Moreau,"2334, rue Saint-Joseph",,75028,Sainte-Sophie,M,J5J1M9,1,1,0,0,0,École,Public,https://cssrdn.gouv.qc.ca/jeanmoreau,852000,Centre de services scolaire de la Rivière-du-Nord,-73.898886,45.816313,Préscolaire - Primaire,Franco,450 438-0717
,852020,École Sacré-Coeur,École Sacré-Coeur,"70, boulevard des Hauteurs",,75017,Saint-Jérôme,V,J7Y1R4,1,1,0,0,0,École,Public,https://cssrdn.gouv.qc.ca/sacrecoeur,852000,Centre de services scolaire de la Rivière-du-Nord,-74.014862,45.810821,Préscolaire - Primaire,Franco,450 438-1259
,852021,École Val-des-Monts,École Val-des-Monts,"872, rue de l'École",,75040,Prévost,V,J0R1T0,1,1,0,0,0,École,Public,https://cssrdn.gouv.qc.ca/valdesmonts,852000,Centre de services scolaire de la Rivière-du-Nord,-74.072127,45.86071,Préscolaire - Primaire,Franco,450 569-2913
,852022,École des Hauteurs,École des Hauteurs,"30, rue Bourget",,75045,Saint-Hippolyte,M,J8A2M7,1,1,0,0,0,École,Public,https://cssrdn.gouv.qc.ca/hauteurs,852000,Centre de services scolaire de la Rivière-du-Nord,-74.026791,45.92771,Préscolaire - Primaire,Franco,450 569-2023
,852023,École des Hautbois,École des Hautbois,"321, montée de l'Église",,75005,Saint-Colomban,V,J5K2H8,1,1,0,0,0,École,Public,https://cssrdn.gouv.qc.ca/hautbois,852000,Centre de services scolaire de la Rivière-du-Nord,-74.135744,45.737093,Préscolaire - Primaire,Franco,450 438-8836
,852024,École Sainte-Anne,École Sainte-Anne,"9984, boulevard de Saint-Canut",,74005,Mirabel,V,J7N1K1,1,1,0,0,0,École,Public,https://cssrdn.gouv.qc.ca/sainteanne,852000,Centre de services scolaire de la Rivière-du-Nord,-74.0813,45.717202,Préscolaire - Primaire,Franco,450 438-0424
,852025,École Mer-et-Monde,École Mer-et-Monde,"16905, rue de l'Ambre",,74005,Mirabel,V,J7N0K4,1,1,0,0,0,École,Public,https://cssrdn.gouv.qc.ca/meretmonde,852000,Centre de services scolaire de la Rivière-du-Nord,-74.060287,45.749163,Préscolaire - Primaire,Franco,450 569-3325
,852027,École à l'Unisson,École à l'Unisson,"13300, rue Paul-VI",,74005,Mirabel,V,J7J1J2,1,1,0,0,0,École,Public,https://cssrdn.gouv.qc.ca/unisson,852000,Centre de services scolaire de la Rivière-du-Nord,-73.925475,45.69795,Préscolaire - Primaire,Franco,450 569-2233
,852028,École alternative de la Fourmilière,École alternative de la Fourmilière,"175, rue Duvernay",,75017,Saint-Jérôme,V,J7Y2Z6,1,1,0,0,0,École,Public,https://cssrdn.gouv.qc.ca/fourmiliere,852000,Centre de services scolaire de la Rivière-du-Nord,-74.00995,45.771097,Préscolaire - Primaire,Franco,450 438-1220
,852029,École des Falaises,École des Falaises,"977, rue Marchand",,75040,Prévost,V,J0R1T0,1,1,0,0,0,École,Public,https://cssrdn.gouv.qc.ca/falaises,852000,Centre de services scolaire de la Rivière-du-Nord,-74.059848,45.859079,Préscolaire - Primaire,Franco,450 569-2928
,852030,École de l'Envolée,École de l'Envolée,"1475, rue Normand",,75017,Saint-Jérôme,V,J5L2B6,1,1,0,0,0,École,Public,https://cssrdn.gouv.qc.ca/envolee,852000,Centre de services scolaire de la Rivière-du-Nord,-74.048595,45.808725,Préscolaire - Primaire,Franco,450 431-4377
,852031,École Sans-Frontières,École Sans-Frontières,"1100, 112e Avenue",,75017,Saint-Jérôme,V,J7Y5C2,1,1,0,0,0,École,Public,https://cssrdn.gouv.qc.ca/sansfrontieres,852000,Centre de services scolaire de la Rivière-du-Nord,-73.993725,45.806787,Préscolaire - Primaire,Franco,450 569-2131
,852032,École Le Tremplin,École Le Tremplin,471 rue Melançon,,75017,Saint-Jérôme,V,J7Z4K3,0,1,1,0,0,École,Public,https://cssrdn.gouv.qc.ca/ecoles-et-centres/032-le-tremplin,852000,Centre de services scolaire de la Rivière-du-Nord,-73.99572,45.780136,Primaire - Secondaire,Franco,450 566-3108
,852033,École secondaire des-Studios,École secondaire des-Studios,909,montée Saint-Nicolas,75017,Saint-Jérôme,V,J5L2P4,0,0,1,0,0,École,Public,https://cssrdn.gouv.qc.ca/studios,852000,Centre de services scolaire de la Rivière-du-Nord,-74.029159,45.769777,Secondaire,Franco,450 431-2114
,852035,École de la Source,École de la Source,"520, boulevard de La Salette",,75017,Saint-Jérôme,V,J5L2J1,1,1,0,0,0,École,Public,https://cssrdn.gouv.qc.ca/source,852000,Centre de services scolaire de la Rivière-du-Nord,-74.045836,45.793588,Préscolaire - Primaire,Franco,450 431-0816
,852036,École du Joli-Bois,École du Joli-Bois,"100, rue de Val-des-Chênes",,75028,Sainte-Sophie,M,J5J2M5,1,1,0,0,0,École,Public,https://cssrdn.gouv.qc.ca/jolibois,852000,Centre de services scolaire de la Rivière-du-Nord,-73.983992,45.815416,Préscolaire - Primaire,Franco,450 431-0640
,852037,École du Champ-Fleuri,École du Champ-Fleuri,"1135, rue du Clos-Toumalin",,75040,Prévost,V,J0R1T0,1,1,0,0,0,École,Public,https://cssrdn.gouv.qc.ca/champfleuri,852000,Centre de services scolaire de la Rivière-du-Nord,-74.055022,45.830429,Préscolaire - Primaire,Franco,450 431-3327
,852038,École de la Croisée-des-Champs,École de la Croisée-des-Champs,"13705, rue Lacroix",,74005,Mirabel,V,J7J1X4,1,1,0,0,0,École,Public,https://cssrdn.gouv.qc.ca/croiseedeschamps,852000,Centre de services scolaire de la Rivière-du-Nord,-73.915125,45.705396,Préscolaire - Primaire,Franco,450 569-2099
,852039,École à l'Orée-des-Bois,École à l'Orée-des-Bois,"360, côte Saint-Nicholas",,75005,Saint-Colomban,V,J5K1M6,1,1,0,0,0,École,Public,https://cssrdn.gouv.qc.ca/oreedesbois,852000,Centre de services scolaire de la Rivière-du-Nord,-74.090972,45.758417,Préscolaire - Primaire,Franco,450 431-1288
,852040,École de la Volière,École de la Volière,"549, chemin de la Rivière-du-Nord",,75005,Saint-Colomban,V,J5K2E5,1,1,0,0,0,École,Public,https://cssrdn.gouv.qc.ca/voliere,852000,Centre de services scolaire de la Rivière-du-Nord,-74.113513,45.702825,Préscolaire - Primaire,Franco,450 569-3307
,852041,École secondaire des Hauts-Sommets,École secondaire des Hauts-Sommets,"1000, 112e Avenue",,75017,Saint-Jérôme,V,J7Y5C2,0,0,1,0,0,École,Public,https://cssrdn.gouv.qc.ca/hautssommets,852000,Centre de services scolaire de la Rivière-du-Nord,-73.995459,45.806498,Secondaire,Franco,450 436-7414
,852042,École secondaire de Mirabel,École secondaire de Mirabel,"17777, rue Du Val-d'Espoir",,74005,Mirabel,V,J7J1V7,0,0,1,0,0,École,Public,https://cssrdn.gouv.qc.ca/mirabel,852000,Centre de services scolaire de la Rivière-du-Nord,-73.932118,45.710223,Secondaire,Franco,450 569-2014
,852043,École du Grand-Héron,École du Grand-Héron,"1131, montée Morel",,75028,Sainte-Sophie,M,J5J2S1,1,1,0,0,0,École,Public,https://cssrdn.gouv.qc.ca/grandheron,852000,Centre de services scolaire de la Rivière-du-Nord,-73.956965,45.838923,Préscolaire - Primaire,Franco,450 569-2081
,852044,École aux Couleurs-du-Savoir,École aux Couleurs-du-Savoir,"1801, montée Sainte-Thérèse",,75017,Saint-Jérôme,V,J5L2L2,1,1,0,0,0,École,Public,https://cssrdn.gouv.qc.ca/couleursdusavoir,852000,Centre de services scolaire de la Rivière-du-Nord,-74.045169,45.810159,Préscolaire - Primaire,Franco,450 569-2082
,852045,École du Triolet,École du Triolet,"77,rue du Lac-Rinfret",,75005,Saint-Colomban,V,J5K0H2,1,1,0,0,0,École,Public,https://cssrdn.gouv.qc.ca/triolet,852000,Centre de services scolaire de la Rivière-du-Nord,-74.108957,45.724843,Préscolaire - Primaire,Franco,450 569-2676
,852046,École Du Grand-Rocher,École Du Grand-Rocher,"60, 111 ième avenue",,75045,Saint-Hippolyte,M,J8A2C8,1,1,0,0,0,École,Public,https://cssrdn.gouv.qc.ca/grandrocher,852000,Centre de services scolaire de la Rivière-du-Nord,-73.980428,45.898844,Préscolaire - Primaire,Franco,450 569-2122
,852047,École du Parchemin,École du Parchemin,"18555, rue Hubert-Aquin",,74005,Mirabel,V,J7J0Y3,1,1,0,0,0,École,Public,https://cssrdn.gouv.qc.ca/parchemin,852000,Centre de services scolaire de la Rivière-du-Nord,-73.908673,45.710932,Préscolaire - Primaire,Franco,450 569-2925
,852048,École des Sentiers,École des Sentiers,1901 rue Gaston-Miron,,75017,Saint-Jérôme,V,J7Y0S1,1,1,0,0,0,École,Public,https://cssrdn.gouv.qc.ca/sentiers,852000,Centre de services scolaire de la Rivière-du-Nord,-73.981215,45.799938,Préscolaire - Primaire,Franco,450 438-3131
,852049,École de l'Étincelle,École de l'Étincelle,"997, rue Dagenais",,75017,Saint-Jérôme,V,J5L1K3,1,1,0,0,0,École,Public,https://cssrdn.gouv.qc.ca/etincelle,852000,Centre de services scolaire de la Rivière-du-Nord,-74.047702,45.783747,Préscolaire - Primaire,Franco,450 569-2180
,852051,École Saint-André,École Saint-André,"1, rue Legault",,76008,Saint-André-d'Argenteuil,M,J0V1X0,1,1,0,0,0,École,Public,https://cssrdn.gouv.qc.ca/saintandre,852000,Centre de services scolaire de la Rivière-du-Nord,-74.334176,45.562947,Préscolaire - Primaire,Franco,450 566-3114
,852052,École l'Oasis,École l'Oasis,"80, rue Hammond",,76020,Lachute,V,J8H2V3,1,1,0,0,0,École,Public,https://cssrdn.gouv.qc.ca/oasis,852000,Centre de services scolaire de la Rivière-du-Nord,-74.356314,45.648488,Préscolaire - Primaire,Franco,450 562-2223
,852053,École Saint-Philippe,École Saint-Philippe,"223, route du Canton",,76043,Brownsburg-Chatham,V,J8G1R5,1,1,0,0,0,École,Public,https://cssrdn.gouv.qc.ca/saintphilippe,852000,Centre de services scolaire de la Rivière-du-Nord,-74.42452,45.623797,Préscolaire - Primaire,Franco,450 562-8576
,852054,École Saint-Hermas,École Saint-Hermas,"4261, rue Lalande",,74005,Mirabel,V,J7N2Z4,1,1,0,0,0,École,Public,https://cssrdn.gouv.qc.ca/sainthermas,852000,Centre de services scolaire de la Rivière-du-Nord,-74.19347,45.603133,Préscolaire - Primaire,Franco,450 569-3373
,852055,École Saint-Alexandre,École Saint-Alexandre,"451, rue Grace",,76020,Lachute,V,J8H1M5,1,1,0,0,0,École,Public,https://cssrdn.gouv.qc.ca/saintalexandre,852000,Centre de services scolaire de la Rivière-du-Nord,-74.335602,45.654211,Préscolaire - Primaire,Franco,450 562-8519
,852056,École Saint-Julien,École Saint-Julien,"190, rue Mary",,76020,Lachute,V,J8H2C4,1,1,0,0,0,École,Public,https://cssrdn.gouv.qc.ca/saintjulien,852000,Centre de services scolaire de la Rivière-du-Nord,-74.350996,45.649742,Préscolaire - Primaire,Franco,450 562-8521
,852057,École Bouchard,École Bouchard,"294, rue de l'Église",,76043,Brownsburg-Chatham,V,J8G2X5,1,1,0,0,0,École,Public,https://cssrdn.gouv.qc.ca/bouchard,852000,Centre de services scolaire de la Rivière-du-Nord,-74.413248,45.679641,Préscolaire - Primaire,Franco,450 566-3126
,852058,École Dansereau et Saint-Martin,École Dansereau et Saint-Martin,"355, rue Principale",,76055,Grenville,VL,J0V1J0,1,1,0,0,0,École,Public,https://cssrdn.gouv.qc.ca/dansereausaintmartin,852000,Centre de services scolaire de la Rivière-du-Nord,-74.602304,45.624698,Préscolaire - Primaire,Franco,819 566-3103
,852059,École polyvalente Lavigne,École polyvalente Lavigne,"452, avenue d'Argenteuil",,76020,Lachute,V,J8H1W9,0,0,1,0,0,École,Public,https://cssrdn.gouv.qc.ca/lavigne,852000,Centre de services scolaire de la Rivière-du-Nord,-74.350731,45.639045,Secondaire,Franco,450 562-8841
,852300,CFGA de la Rivière-du-Nord,Centre de formation générale des adultes de la Rivière-du-Nord,900 boul. Grignon local 01104,,75017,Saint-Jérôme,V,J7Y3S7,0,0,0,0,1,Centre éducation aux adultes,Public,https://cssrdn.gouv.qc.ca/ecoles-et-centres/300-edifice-marchand,852000,Centre de services scolaire de la Rivière-du-Nord,-74.017507,45.792991,Éducation aux adultes,Franco,450 436-5850
,852400,Centre d'études professionnelles,Centre d'études professionnelles,"917, montée Saint-Nicolas",,75017,Saint-Jérôme,V,J5L2P4,0,0,0,1,0,Centre de formation professionnelle,Public,https://cssrdn.gouv.qc.ca/ecoles-et-centres/400-c-e-p-saint-jerome,852000,Centre de services scolaire de la Rivière-du-Nord,-74.030897,45.770437,Formation professionnelle,Franco,450 565-0006
,852401,Centre de formation du transport routier,Centre de formation du transport routier de Saint-Jérôme,"17000, rue Aubin",,74005,Mirabel,V,J7J1B1,0,0,0,1,0,Centre de formation professionnelle,Public,https://cssrdn.gouv.qc.ca/ecoles-et-centres/401-c-f-t-r-saint-jerome,852000,Centre de services scolaire de la Rivière-du-Nord,-73.941883,45.711242,Formation professionnelle,Franco,450 435-0167
,852402,Centre Performance Plus,Centre Performance Plus,"462, avenue d'Argenteuil",,76020,Lachute,V,J8H1W9,0,0,0,1,0,Centre de formation professionnelle,Public,https://cssrdn.gouv.qc.ca/ecoles-et-centres/402-performance-plus,852000,Centre de services scolaire de la Rivière-du-Nord,-74.350731,45.639045,Formation professionnelle,Franco,450 566-7587
,853001,École secondaire Curé-Mercure,École secondaire Curé-Mercure,"700, boulevard Docteur-Gervais",,78102,Mont-Tremblant,V,J8E2T3,0,0,1,0,0,École,Public,https://curemercure.ca/,853000,Centre de services scolaire des Laurentides,-74.583259,46.124268,Secondaire,Franco,819 425-3743
,853002,École sec. Augustin-Norbert-Morin,École secondaire Augustin-Norbert-Morin,"258, boulevard Sainte-Adèle",,77022,Sainte-Adèle,V,J8B0K6,0,0,1,0,0,École,Public,https://ecoleanm.org/,853000,Centre de services scolaire des Laurentides,-74.134934,45.93683,Secondaire,Franco,450 229-3571
,853004,École Sacré-Coeur,École Sacré-Coeur,"429, rue du Collège",,62060,Saint-Donat,M,J0T2C0,1,1,1,0,0,École,Public,,853000,Centre de services scolaire des Laurentides,-74.221269,46.320594,Préscolaire - Primaire - Secondaire,Franco,819 324-8674
,853005,École Fleur-des-Neiges,École Fleur-des-Neiges,"99, rue Sainte-Agathe",,78032,Sainte-Agathe-des-Monts,V,J8C2J9,1,1,0,0,0,École,Public,,853000,Centre de services scolaire des Laurentides,-74.283822,46.051119,Préscolaire - Primaire,Franco,819 326-3414
,853007,École Lionel-Groulx-Monseigneur-Bazinet,École Lionel-Groulx-Monseigneur-Bazinet,"510, rue Groulx",,78032,Sainte-Agathe-des-Monts,V,J8C1N6,1,1,0,0,0,École,Public,,853000,Centre de services scolaire des Laurentides,-74.27475,46.046103,Préscolaire - Primaire,Franco,819 326-2634
,853009,École Notre-Dame-de-la-Sagesse,École Notre-Dame-de-la-Sagesse,"37, rue Larocque Est",,78032,Sainte-Agathe-des-Monts,V,J8C1H8,1,1,0,0,0,École,Public,,853000,Centre de services scolaire des Laurentides,-74.284484,46.045292,Préscolaire - Primaire,Franco,819 326-2812
,853012,École L'Arc-en-Ciel,École L'Arc-en-Ciel,"200, rue Principale",,78065,Huberdeau,M,J0T1G0,1,1,0,0,0,École,Public,,853000,Centre de services scolaire des Laurentides,-74.63234,45.977146,Préscolaire - Primaire,Franco,819 429-4101
,853013,École Le Carrefour,École Le Carrefour,"259, rue Amherst",,78070,Amherst,CT,J0T2L0,1,1,0,0,0,École,Public,,853000,Centre de services scolaire des Laurentides,-74.762035,46.011045,Préscolaire - Primaire,Franco,819 429-4102
,853014,École Au-Coeur-de-la-Nature,École Au-Coeur-de-la-Nature,"110, rue du Collège",,77065,Saint-Adolphe-d'Howard,M,J0T2B0,1,1,0,0,0,École,Public,,853000,Centre de services scolaire des Laurentides,-74.338261,45.970111,Préscolaire - Primaire,Franco,819 324-0356
,853016,École de l'Expédition,École de l'Expédition,"35, rue Filion",,77043,Saint-Sauveur,V,J0R1R0,1,1,0,0,0,École,Public,,853000,Centre de services scolaire des Laurentides,-74.159295,45.896344,Préscolaire - Primaire,Franco,450 227-2660
,853017,École de la Montagne,École de la Montagne,"33, avenue du Mont-Molson",,77043,Saint-Sauveur,V,J0R1R6,1,1,0,0,0,École,Public,,853000,Centre de services scolaire des Laurentides,-74.14618,45.899622,Préscolaire - Primaire,Franco,450 240-6230
,853019,École Saint-Joseph,École Saint-Joseph,"491, chemin Pierre-Péladeau",,77022,Sainte-Adèle,V,J8B1Z3,1,1,0,0,0,École,Public,https://cslsaintjoseph.wordpress.com/,853000,Centre de services scolaire des Laurentides,-74.132446,45.953594,Préscolaire - Primaire,Franco,450 240-6223
,853020,École Le Tremplin,École Le Tremplin,"155, rue du Collège",,78120,Labelle,M,J0T1H0,1,1,0,0,0,École,Public,,853000,Centre de services scolaire des Laurentides,-74.733477,46.277472,Préscolaire - Primaire,Franco,819 429-4103
,853021,École primaire de la Vallée,École primaire de la Vallée,"167, rue Principale",,77043,Saint-Sauveur,V,J0R1R6,1,1,0,0,0,École,Public,,853000,Centre de services scolaire des Laurentides,-74.154601,45.897144,Préscolaire - Primaire,Franco,450 227-2686
,853022,École La Relève,École La Relève,"8, chemin des Pionniers",,78130,La Minerve,M,J0T1S0,1,1,0,0,0,École,Public,,853000,Centre de services scolaire des Laurentides,-74.937082,46.255525,Préscolaire - Primaire,Franco,819 429-4104
,853024,École Saint-Jean-Baptiste,École Saint-Jean-Baptiste--Sainte-Marie,"2580, chemin de l'Église",,78010,Val-David,VL,J0T2N0,1,1,0,0,0,École,Public,https://sites.google.com/apptab.cslaurentides.qc.ca/ecole-st-jean-baptiste/accueil,853000,Centre de services scolaire des Laurentides,-74.20457,46.031567,Préscolaire - Primaire,Franco,819 324-8670
,853025,École Chante-au-Vent,École Chante-au-Vent,"1400, rue Saint-Jean",,77022,Sainte-Adèle,V,J8B1E6,1,1,0,0,0,École,Public,,853000,Centre de services scolaire des Laurentides,-74.123861,45.939953,Préscolaire - Primaire,Franco,450 240-6224
,853027,École Monseigneur-Ovide-Charlebois,École Monseigneur-Ovide-Charlebois--Monseigneur-Lionel-Scheffer,"20, rue du Collège",,77012,Sainte-Marguerite-du-Lac-Masson,V,J0T1L0,1,1,0,0,0,École,Public,,853000,Centre de services scolaire des Laurentides,-74.063168,46.033339,Préscolaire - Primaire,Franco,450 240-6225
,853028,Polyvalente des Monts,Polyvalente des Monts,"101, rue Légaré",,78032,Sainte-Agathe-des-Monts,V,J8C2T6,0,0,1,0,0,École,Public,https://polyvalentedesmonts.ca/,853000,Centre de services scolaire des Laurentides,-74.276617,46.052402,Secondaire,Franco,819 326-3522
,853031,École Vert-Pré,École Vert-Pré,"106, rue Vert-Pré",,78065,Huberdeau,M,J0T1G0,0,1,1,0,0,École,Public,,853000,Centre de services scolaire des Laurentides,-74.638354,45.974654,Primaire - Secondaire,Franco,819 429-4105
,853050,Campus primaire Mont-Tremblant,Campus primaire Mont-Tremblant,"509, rue Labelle",,78102,Mont-Tremblant,V,J8E3H2,1,1,0,0,0,École,Public,,853000,Centre de services scolaire des Laurentides,-74.592747,46.120658,Préscolaire - Primaire,Franco,819 425-3420
,853051,École L'Odyssée,École L'Odyssée,"546, rue Charbonneau",,78102,Mont-Tremblant,V,J8E3H4,1,1,0,0,0,École,Public,,853000,Centre de services scolaire des Laurentides,-74.592994,46.121349,Préscolaire - Primaire,Franco,819 425-7951
,853300,Centre de formation des Laurentides,Centre de formation des Laurentides,"2, rue Saint-Joseph",,78032,Sainte-Agathe-des-Monts,V,J8C1M4,0,0,0,0,1,Centre éducation aux adultes,Public,https://cflaurentides.ca/education-des-adultes-des-cimes/,853000,Centre de services scolaire des Laurentides,-74.28731,46.047855,Éducation aux adultes,Franco,819 326-6663
,853401,Centre de formation des Laurentides,Centre de formation des Laurentides,"36, rue Brissette",,78032,Sainte-Agathe-des-Monts,V,J8C1T4,0,0,0,1,0,Centre de formation professionnelle,Public,https://cflaurentides.ca/,853000,Centre de services scolaire des Laurentides,-74.275347,46.051285,Formation professionnelle,Franco,819 429-4100
,854001,École de la Madone et de la Carrière,École de la Madone et de la Carrière,"654, rue Léonard",,79088,Mont-Laurier,V,J9L2Z8,1,1,0,0,0,École,Public,https://csshl.gouv.qc.ca/ecole/ecole-de-la-madone-et-de-la-carriere/,854000,Centre de services scolaire des Hautes-Laurentides,-75.488871,46.555868,Préscolaire - Primaire,Franco,819 623-4310
,854003,École de Ferme-Neuve et des Rivières,École de Ferme-Neuve et des Rivières,"148, 12e Rue",,79097,Ferme-Neuve,M,J0W1C0,1,1,0,0,0,École,Public,https://csshl.gouv.qc.ca/ecole/ecole-de-ferme-neuve-et-des-rivieres/,854000,Centre de services scolaire des Hautes-Laurentides,-75.451628,46.701512,Préscolaire - Primaire,Franco,819 623-4310
,854005,École de la Lièvre-Sud,École de la Lièvre-Sud,"4, rue de l'Église",,79005,Notre-Dame-du-Laus,M,J0X2M0,1,1,0,0,0,École,Public,https://csshl.gouv.qc.ca/ecole/ecole-de-la-lievre-sud/,854000,Centre de services scolaire des Hautes-Laurentides,-75.621032,46.088656,Préscolaire - Primaire,Franco,819 623-4310
,854006,École aux Quatre Vents,École aux Quatre Vents,"576, boulevard Saint-François",,79078,Lac-des-Écorces,M,J0W1H0,1,1,0,0,0,École,Public,https://csshl.gouv.qc.ca/ecole/ecole-aux-quatre-vents/,854000,Centre de services scolaire des Hautes-Laurentides,-75.364394,46.556827,Préscolaire - Primaire,Franco,819 623-4310
,854007,École du Val-des-Lacs,École du Val-des-Lacs,"1420, boulevard Des Ruisseaux",,79088,Mont-Laurier,V,J9L0H6,1,1,0,0,0,École,Public,https://csshl.gouv.qc.ca/ecole/ecole-du-val-des-lacs/,854000,Centre de services scolaire des Hautes-Laurentides,-75.583568,46.558822,Préscolaire - Primaire,Franco,819 623-3137
,854009,École des Trois Sentiers,École des Trois Sentiers,"2281, rue Sacré-Coeur",,79030,Nominingue,M,J0W1R0,1,1,0,0,0,École,Public,https://csshl.gouv.qc.ca/ecole/ecole-des-trois-sentiers/,854000,Centre de services scolaire des Hautes-Laurentides,-75.025397,46.403125,Préscolaire - Primaire,Franco,819 278-3842
,854010,École Jean-XXIII,École Jean-XXIII,"525, rue Achim",,79088,Mont-Laurier,V,J9L2H5,1,1,0,0,0,École,Public,https://csshl.gouv.qc.ca/ecole/ecole-jean-xxiii/,854000,Centre de services scolaire des Hautes-Laurentides,-75.509239,46.549618,Préscolaire - Primaire,Franco,819 623-4310
,854014,École Saint-Eugène,École Saint-Eugène,"318, rue du Pont",,79088,Mont-Laurier,V,J9L2R2,1,1,0,0,0,École,Public,https://csshl.gouv.qc.ca/ecole/ecole-saint-eugene/,854000,Centre de services scolaire des Hautes-Laurentides,-75.497136,46.549469,Préscolaire - Primaire,Franco,819 623-4310
,854017,École Polyvalente Saint-Joseph,École Polyvalente Saint-Joseph,"565, rue de la Montagne",,79088,Mont-Laurier,V,J9L2C9,0,0,1,0,0,École,Public,https://www.epsj-csshl.com/,854000,Centre de services scolaire des Hautes-Laurentides,-75.50317,46.558774,Secondaire,Franco,819 623-4113
,854018,École du Méandre,École du Méandre,"50, rue du Pont",,79037,Rivière-Rouge,V,J0T1T0,1,1,1,0,0,École,Public,https://csshl.gouv.qc.ca/ecole/ecole-du-meandre/,854000,Centre de services scolaire des Hautes-Laurentides,-74.867311,46.410013,Préscolaire - Primaire - Secondaire,Franco,819 275-2751
,854302,Centre Christ-Roi,Centre d'éducation des adultes Christ-Roi,"545, rue du Pont",,79088,Mont-Laurier,V,J9L2S2,0,0,0,0,1,Centre éducation aux adultes,Public,https://www.centrechristroi.qc.ca/,854000,Centre de services scolaire des Hautes-Laurentides,-75.500452,46.553538,Éducation aux adultes,Franco,819 623-4310
,854401,CFP de Mont-Laurier,Centre de formation professionnelle de Mont-Laurier,"850, rue Taché",,79088,Mont-Laurier,V,J9L2K2,0,0,0,1,0,Centre de formation professionnelle,Public,https://www.cfpml.qc.ca,854000,Centre de services scolaire des Hautes-Laurentides,-75.505422,46.558811,Formation professionnelle,Franco,819 623-4111
,861005,École secondaire Fernand-Lefebvre,École secondaire Fernand-Lefebvre,"265, rue de Ramesay",,53052,Sorel-Tracy,V,J3P4A5,0,0,1,0,0,École,Public,https://www.cs-soreltracy.qc.ca/esfl/,861000,Centre de services scolaire de Sorel-Tracy,-73.103243,46.035812,Secondaire,Franco,450 742-5901
,861007,Pavillon Tournesol,École secondaire Fernand-Lefebvre - Pavillon Tournesol,"265, rue de Ramesay",,53052,Sorel-Tracy,V,J3P4A5,1,1,1,0,0,École,Public,https://www.cs-soreltracy.qc.ca,861000,Centre de services scolaire de Sorel-Tracy,-73.103243,46.035812,Préscolaire - Primaire - Secondaire,Franco,450 742-5901
,861009,École secondaire Bernard-Gariépy,École secondaire Bernard-Gariépy,"2800, boulevard des Érables",,53052,Sorel-Tracy,V,J3R2W4,0,0,1,0,0,École,Public,https://www.cs-soreltracy.qc.ca/esbg/,861000,Centre de services scolaire de Sorel-Tracy,-73.15021,46.02084,Secondaire,Franco,450 746-3510
,861020,École Monseigneur-Prince,École Monseigneur-Prince,"644, chemin Saint-Robert",,53020,Saint-Robert,M,J0G1S0,1,1,0,0,0,École,Public,https://www.cs-soreltracy.qc.ca/mgrprince/,861000,Centre de services scolaire de Sorel-Tracy,-72.999489,45.971158,Préscolaire - Primaire,Franco,450 746-3517
,861022,École Sainte-Victoire,École Sainte-Victoire,"345, montée Sainte-Victoire",,53025,Sainte-Victoire-de-Sorel,M,J0G1T0,1,1,0,0,0,École,Public,https://www.cs-soreltracy.qc.ca/stevictoire/,861000,Centre de services scolaire de Sorel-Tracy,-73.085975,45.948535,Préscolaire - Primaire,Franco,450 746-3511
,861024,École Maria-Goretti,École Maria-Goretti,"172, rue Guévremont",,53052,Sorel-Tracy,V,J3P3K6,1,1,0,0,0,École,Public,https://www.cs-soreltracy.qc.ca/mariagoretti/,861000,Centre de services scolaire de Sorel-Tracy,-73.100015,46.042576,Préscolaire - Primaire,Franco,450 743-6370
,861026,École Saint-Gabriel-Lalemant,École Saint-Gabriel-Lalemant,"50, rue Brébeuf",,53052,Sorel-Tracy,V,J3P2X5,1,1,0,0,0,École,Public,https://www.cs-soreltracy.qc.ca/stgabriellalemant/,861000,Centre de services scolaire de Sorel-Tracy,-73.106371,46.033862,Préscolaire - Primaire,Franco,450 746-1591
,861030,École Sainte-Anne-les-Îles,École Sainte-Anne-les-Îles,"581, Chenal-du-Moine",,53065,Sainte-Anne-de-Sorel,M,J3P1V8,1,1,0,0,0,École,Public,https://www.cs-soreltracy.qc.ca/steanne/,861000,Centre de services scolaire de Sorel-Tracy,-73.064805,46.056632,Préscolaire - Primaire,Franco,450 746-4575
,861032,École Pierre-de-Saint-Ours,École Pierre-de-Saint-Ours,"2537, rue Immaculée-Conception",,53032,Saint-Ours,V,J0G1P0,1,1,0,0,0,École,Public,https://www.cs-soreltracy.qc.ca/pstours/,861000,Centre de services scolaire de Sorel-Tracy,-73.150334,45.889118,Préscolaire - Primaire,Franco,450 746-3512
,861034,École Yamaska,École Yamaska,"147, rue Principale",,53072,Yamaska,M,J0G1W0,1,1,0,0,0,École,Public,https://www.cs-soreltracy.qc.ca/ndyamaska/,861000,Centre de services scolaire de Sorel-Tracy,-72.914853,46.008905,Préscolaire - Primaire,Franco,450 746-3513
,861036,École Monseigneur-Brunault,École Monseigneur-Brunault,"25, rue Rivière David",,53005,Saint-David,M,J0G1L0,1,1,0,0,0,École,Public,https://www.cs-soreltracy.qc.ca/mgrbrunault/,861000,Centre de services scolaire de Sorel-Tracy,-72.859696,45.95605,Préscolaire - Primaire,Franco,450 746-3514
,861038,École Christ-Roi,École Christ-Roi,"270, rue Bonsecours",,53010,Massueville,VL,J0G1K0,1,1,0,0,0,École,Public,https://www.cs-soreltracy.qc.ca/christroi/,861000,Centre de services scolaire de Sorel-Tracy,-72.933188,45.912375,Préscolaire - Primaire,Franco,450 746-3519
,861040,École Au Petit Bois,École Au Petit Bois,"1060, rue des Grands Bois",,53052,Sorel-Tracy,V,J3P7T7,1,1,0,0,0,École,Public,https://www.cs-soreltracy.qc.ca/aupetitbois/,861000,Centre de services scolaire de Sorel-Tracy,-73.122323,46.014497,Préscolaire - Primaire,Franco,450 743-2777
,861052,École Laplume,École Laplume,"2555, rue Cardin",,53052,Sorel-Tracy,V,J3R2S5,0,1,0,0,0,École,Public,https://www.cs-soreltracy.qc.ca/laplume/,861000,Centre de services scolaire de Sorel-Tracy,-73.146528,46.025049,Primaire,Franco,450 746-3515
,861054,École Martel,École Martel,"1055, rue Saint-Pierre",,53050,Saint-Joseph-de-Sorel,V,J3R1B3,1,1,0,0,0,École,Public,https://www.cs-soreltracy.qc.ca/martel/,861000,Centre de services scolaire de Sorel-Tracy,-73.129465,46.043747,Préscolaire - Primaire,Franco,450 743-6417
,861055,École Saint-Roch,École Saint-Roch,"890, rue Saint-Pierre",,53040,Saint-Roch-de-Richelieu,M,J0L2M0,1,1,0,0,0,École,Public,https://www.cs-soreltracy.qc.ca/stroch/,861000,Centre de services scolaire de Sorel-Tracy,-73.157307,45.891679,Préscolaire - Primaire,Franco,450 746-3516
,861058,École Saint-Jean-Bosco,École Saint-Jean-Bosco,"2425, boulevard Cournoyer",,53052,Sorel-Tracy,V,J3R2N3,1,1,0,0,0,École,Public,https://www.cs-soreltracy.qc.ca/stjbosco/Ecole/,861000,Centre de services scolaire de Sorel-Tracy,-73.144734,46.026816,Préscolaire - Primaire,Franco,450 743-6334
,861300,Centre d'éducation des adultes,Centre d'éducation des adultes Pierre-De Saurel,"2725, boulevard De Tracy",,53052,Sorel-Tracy,V,J3R1C2,0,0,0,0,1,Centre éducation aux adultes,Public,https://www.formationsorel-tracy.qc.ca/,861000,Centre de services scolaire de Sorel-Tracy,-73.148053,46.016794,Éducation aux adultes,Franco,450 743-1285
,861400,Centre de formation professionnelle,Centre de formation professionnelle Bernard-Gariépy,"2725, boulevard De Tracy",,53052,Sorel-Tracy,V,J3R1C2,0,0,0,1,0,Centre de formation professionnelle,Public,,861000,Centre de services scolaire de Sorel-Tracy,-73.148053,46.016794,Formation professionnelle,Franco,450 743-1285
,862002,École secondaire Casavant,École secondaire Casavant,700 rue Girouard Est,,54048,Saint-Hyacinthe,V,J2S2Y2,0,0,1,0,0,École,Public,https://www.csssh.gouv.qc.ca/ecole-secondaire-casavant/notre-ecole,862000,Centre de services scolaire de Saint-Hyacinthe,-72.942946,45.634628,Secondaire,Franco,450 773-8403
,862004,École secondaire Fadette,École secondaire Fadette,"2250, avenue Mailhot",,54048,Saint-Hyacinthe,V,J2S4G2,0,0,1,0,0,École,Public,https://www.csssh.gouv.qc.ca/ecole-secondaire-fadette/notre-ecole/,862000,Centre de services scolaire de Saint-Hyacinthe,-72.949741,45.633599,Secondaire,Franco,450 773-8404
,862005,Polyvalente Hyacinthe-Delorme,Polyvalente Hyacinthe-Delorme,"2700, avenue T.-D.-Bouchard",,54048,Saint-Hyacinthe,V,J2S7G2,0,0,1,0,0,École,Public,https://www.csssh.gouv.qc.ca/polyvalente-hyacinthe-delorme/notre-ecole/,862000,Centre de services scolaire de Saint-Hyacinthe,-72.951413,45.64146,Secondaire,Franco,450 773-8405
,862030,École Raymond,École Raymond,"2350, rue Lafontaine",,54048,Saint-Hyacinthe,V,J2S2N1,0,0,1,0,0,École,Public,https://raymond.cssh.qc.ca,862000,Centre de services scolaire de Saint-Hyacinthe,-72.954509,45.624705,Secondaire,Franco,450 771-2930
,862040,École René-Saint-Pierre,École René-Saint-Pierre,"2255, boulevard Laframboise",,54048,Saint-Hyacinthe,V,J2S4X7,1,1,1,0,0,École,Public,https://rsp.cssh.qc.ca/,862000,Centre de services scolaire de Saint-Hyacinthe,-72.953058,45.630241,Préscolaire - Primaire - Secondaire,Franco,450 773-8408
,862052,Polyvalente Robert-Ouimet,Polyvalente Robert-Ouimet,"1450, 3e Avenue",,48028,Acton Vale,V,J0H1A0,0,0,1,0,0,École,Public,https://www.csssh.gouv.qc.ca/polyvalente-robert-ouimet/notre-ecole/,862000,Centre de services scolaire de Saint-Hyacinthe,-72.571609,45.657953,Secondaire,Franco,450 546-5575
,862103,École Saint-Hugues - Saint-Marcel,École Saint-Hugues - Saint-Marcel,"155, rue du Couvent",,54100,Saint-Hugues,M,J0H1N0,1,1,0,0,0,École,Public,https://www.csssh.gouv.qc.ca/ecole-saint-hugues-saint-marcel/notre-ecole/,862000,Centre de services scolaire de Saint-Hyacinthe,-72.8564,45.79065,Préscolaire - Primaire,Franco,450 773-5081
,862104,École Notre-Dame-de-la-Paix,École Notre-Dame-de-la-Paix,"46, rue des Loisirs",,54090,Saint-Simon,M,J0H1Y0,1,1,0,0,0,École,Public,,862000,Centre de services scolaire de Saint-Hyacinthe,-72.874926,45.735019,Préscolaire - Primaire,Franco,450 773-7210
,862105,École au Coeur-des-Monts,École au Coeur-des-Monts,"145, rue La Présentation",,54008,Saint-Pie,V,J0H1W0,1,1,0,0,0,École,Public,,862000,Centre de services scolaire de Saint-Hyacinthe,-72.907803,45.505316,Préscolaire - Primaire,Franco,450 773-4955
,862107,École Saint-Charles-Garnier,École Saint-Charles-Garnier,"2525, rue Crevier",,54048,Saint-Hyacinthe,V,J2T1T1,1,1,0,0,0,École,Public,,862000,Centre de services scolaire de Saint-Hyacinthe,-72.951012,45.617838,Préscolaire - Primaire,Franco,450 774-6638
,862109,École Plein-Soleil,École Plein-Soleil,"401, 4e Avenue",,54095,Sainte-Hélène-de-Bagot,M,J0H1M0,1,1,0,0,0,École,Public,https://www.csssh.gouv.qc.ca/ecole-plein-soleil/notre-ecole/,862000,Centre de services scolaire de Saint-Hyacinthe,-72.737375,45.730108,Préscolaire - Primaire,Franco,450 773-1237
,862110,École de la Rocade,École de la Rocade,"1236, rue Principale",,54060,Saint-Dominique,M,J0H1L0,1,1,0,0,0,École,Public,https://www.csssh.gouv.qc.ca/ecole-de-la-rocade/notre-ecole/,862000,Centre de services scolaire de Saint-Hyacinthe,-72.852511,45.562957,Préscolaire - Primaire,Franco,450 773-7223
,862111,École Saint-Nazaire,École Saint-Nazaire,"715, rue des Loisirs",,48050,Saint-Nazaire-d'Acton,P,J0H1V0,1,1,0,0,0,École,Public,https://www.csssh.gouv.qc.ca/ecole-saint-nazaire/notre-ecole/,862000,Centre de services scolaire de Saint-Hyacinthe,-72.618464,45.738295,Préscolaire - Primaire,Franco,450 546-4344
,862112,Ecole Saint-Pierre,École Saint-Pierre,"1370, rue Saint-Pierre",,54065,Saint-Valérien-de-Milton,M,J0H2B0,1,1,0,0,0,École,Public,https://www.csssh.gouv.qc.ca/ecole-saint-pierre/notre-ecole/,862000,Centre de services scolaire de Saint-Hyacinthe,-72.708904,45.562766,Préscolaire - Primaire,Franco,450 773-1922
,862113,École Roméo-Forbes,École Roméo-Forbes,"650, rue Desranleau Est",,54048,Saint-Hyacinthe,V,J2T2L6,1,1,0,0,0,École,Public,https://www.csssh.gouv.qc.ca/ecole-romeo-forbes/notre-ecole/,862000,Centre de services scolaire de Saint-Hyacinthe,-72.924776,45.620856,Préscolaire - Primaire,Franco,450 773-2823
,862114,École des Passereaux,École des Passereaux,"855, rue Saint-Pierre Ouest",,54048,Saint-Hyacinthe,V,J2T1N7,1,1,0,0,0,École,Public,https://www.csssh.gouv.qc.ca/ecole-des-passereaux/notre-ecole/,862000,Centre de services scolaire de Saint-Hyacinthe,-72.934914,45.622874,Préscolaire - Primaire,Franco,450 774-5700
,862115,École Henri-Bachand,École Henri-Bachand,"83, rue Saint-Patrice",,54072,Saint-Liboire,M,J0H1R0,1,1,0,0,0,École,Public,https://www.csssh.gouv.qc.ca/ecole-henri-bachand/notre-ecole/,862000,Centre de services scolaire de Saint-Hyacinthe,-72.761213,45.651828,Préscolaire - Primaire,Franco,450 773-3855
,862116,École de la Croisée,École de la Croisée,"331, rue Sacré-Coeur",,48038,Upton,M,J0H2E0,1,1,0,0,0,École,Public,,862000,Centre de services scolaire de Saint-Hyacinthe,-72.6936,45.653334,Préscolaire - Primaire,Franco,450 546-3442
,862140,École Roger-LaBrèque,École Roger-LaBrèque,"901, rue d'Acton",,48028,Acton Vale,V,J0H1A0,1,1,0,0,0,École,Public,https://www.csssh.gouv.qc.ca/ecole-roger-labreque/notre-ecole/,862000,Centre de services scolaire de Saint-Hyacinthe,-72.563121,45.643954,Préscolaire - Primaire,Franco,450 546-2712
,862141,École Saint-André,École Saint-André,"1277, rue Bélair",,48028,Acton Vale,V,J0H1A0,0,1,0,0,0,École,Public,https://www.csssh.gouv.qc.ca/ecole-saint-andre/notre-ecole/,862000,Centre de services scolaire de Saint-Hyacinthe,-72.567148,45.654199,Primaire,Franco,450 546-2785
,862142,École des Moissons,École des Moissons,"1760, rue Sainte-Catherine",,48045,Saint-Théodore-d'Acton,M,J0H1Z0,1,1,0,0,0,École,Public,,862000,Centre de services scolaire de Saint-Hyacinthe,-72.584364,45.68644,Préscolaire - Primaire,Franco,450 546-2263
,862143,École Notre-Dame,École Notre-Dame,"654, 1er Rang",,48020,Sainte-Christine,P,J0H1H0,1,1,0,0,0,École,Public,https://www.csssh.gouv.qc.ca/ecole-notre-dame/notre-ecole/,862000,Centre de services scolaire de Saint-Hyacinthe,-72.428473,45.615882,Préscolaire - Primaire,Franco,450 546-4951
,862144,École Saint-Jean-Baptiste,École Saint-Jean-Baptiste,"6, rue de l'Église",,48010,Roxton Falls,VL,J0H1E0,1,1,0,0,0,École,Public,https://www.csssh.gouv.qc.ca/ecole-saint-jean-baptiste/notre-ecole/,862000,Centre de services scolaire de Saint-Hyacinthe,-72.519894,45.572724,Préscolaire - Primaire,Franco,450 546-2856
,862146,École Saint-Joseph - Spénard,École Saint-Joseph - Spénard,"150, rue du Cinquantenaire",,54025,Sainte-Madeleine,VL,J0H1S0,1,1,0,0,0,École,Public,,862000,Centre de services scolaire de Saint-Hyacinthe,-73.092475,45.591814,Préscolaire - Primaire,Franco,450 773-6881
,862148,École Sacré-Coeur,École Sacré-Coeur,"1258, rue Brousseau",,48028,Acton Vale,V,J0H1A0,1,1,0,0,0,École,Public,,862000,Centre de services scolaire de Saint-Hyacinthe,-72.569495,45.645979,Préscolaire - Primaire,Franco,450 546-2107
,862201,École La Présentation,École La Présentation,"609, rue Desmarais",,54035,La Présentation,M,J0H1B0,1,1,0,0,0,École,Public,,862000,Centre de services scolaire de Saint-Hyacinthe,-73.052003,45.667681,Préscolaire - Primaire,Franco,450 773-5655
,862202,École Assomption,École Assomption,"1900, rue Bernard",,54048,Saint-Hyacinthe,V,J2T1G4,1,1,0,0,0,École,Public,https://www.cssh.qc.ca/ecoles/assomption/,862000,Centre de services scolaire de Saint-Hyacinthe,-72.928969,45.6356,Préscolaire - Primaire,Franco,450 774-8015
,862203,École Bois-Joli - Sacré-Coeur,École Bois-Joli - Sacré-Coeur,"700, rue Millet",,54048,Saint-Hyacinthe,V,J2S1J5,1,1,0,0,0,École,Public,https://www.csssh.gouv.qc.ca/ecole-bois-joli-sacre-coeur/notre-ecole/,862000,Centre de services scolaire de Saint-Hyacinthe,-72.952786,45.639642,Préscolaire - Primaire,Franco,450 773-4505
,862205,École aux Quatre-Vents,École aux Quatre-Vents,"1441, rue Saint-Pierre",,54110,Saint-Jude,M,J0H1P0,1,1,0,0,0,École,Public,,862000,Centre de services scolaire de Saint-Hyacinthe,-72.988806,45.773999,Préscolaire - Primaire,Franco,450 773-0260
,862206,École Douville,École Douville,"5355, rue Joncaire",,54048,Saint-Hyacinthe,V,J2S3X1,1,1,0,0,0,École,Public,https://www.csssh.gouv.qc.ca/ecole-douville/notre-ecole/,862000,Centre de services scolaire de Saint-Hyacinthe,-72.977096,45.603449,Préscolaire - Primaire,Franco,450 773-3835
,862207,École Lafontaine,École Lafontaine,"350, avenue Sainte-Marie",,54048,Saint-Hyacinthe,V,J2S4R3,1,1,0,0,0,École,Public,https://www.csssh.gouv.qc.ca/ecole-lafontaine/notre-ecole/,862000,Centre de services scolaire de Saint-Hyacinthe,-72.942285,45.625032,Préscolaire - Primaire,Franco,450 773-7162
,862208,École Larocque,École Larocque,"2850, rue Notre-Dame",,54048,Saint-Hyacinthe,V,J2S2R9,1,1,0,0,0,École,Public,https://larocque.cssh.qc.ca/,862000,Centre de services scolaire de Saint-Hyacinthe,-72.95867,45.620135,Préscolaire - Primaire,Franco,450 774-7044
,862212,École Sainte-Rosalie,École Sainte-Rosalie,"5020, rue Marquette",,54048,Saint-Hyacinthe,V,J2R2G9,1,1,0,0,0,École,Public,,862000,Centre de services scolaire de Saint-Hyacinthe,-72.901371,45.644711,Préscolaire - Primaire,Franco,450 773-3216
,862215,École Saint-Damase,École Saint-Damase,"18, rue Saint-Joseph",,54017,Saint-Damase,M,J0H1J0,1,1,0,0,0,École,Public,https://www.csssh.gouv.qc.ca/ecole-saint-damase/notre-ecole/,862000,Centre de services scolaire de Saint-Hyacinthe,-73.010957,45.528835,Préscolaire - Primaire,Franco,450 773-8355
,862216,École Saint-Sacrement,École Saint-Sacrement,"2400, rue Bourassa",,54048,Saint-Hyacinthe,V,J2S1R8,1,1,0,0,0,École,Public,https://www.csssh.gouv.qc.ca/ecole-saint-sacrement/notre-ecole/,862000,Centre de services scolaire de Saint-Hyacinthe,-72.961326,45.629389,Préscolaire - Primaire,Franco,450 773-1230
,862217,École Saint-Thomas-d'Aquin,École Saint-Thomas-d'Aquin,"6525, avenue Pinard",,54048,Saint-Hyacinthe,V,J2R1B8,1,1,0,0,0,École,Public,,862000,Centre de services scolaire de Saint-Hyacinthe,-72.995309,45.648288,Préscolaire - Primaire,Franco,450 773-7843
,862218,École au Domaine-sur-le-Vert,École au Domaine sur le Vert,"4800, rue Charles-L'Heureux",,48050,Saint-Nazaire-d'Acton,P,J2R1C7,1,1,0,0,0,École,Public,https://www.csssh.gouv.qc.ca/ecole-au-domaine-sur-le-vert,862000,Centre de services scolaire de Saint-Hyacinthe,-72.601768,45.728884,Préscolaire - Primaire,Franco,450 768-0446
,862326,Centre de formation des Maskoutains,Centre de formation des Maskoutains,"2475, boulevard Laframboise",,54048,Saint-Hyacinthe,V,J2S4Y1,0,0,0,0,1,Centre éducation aux adultes,Public,https://www.cssh.qc.ca/cfm,862000,Centre de services scolaire de Saint-Hyacinthe,-72.95597,45.631478,Éducation aux adultes,Franco,450 771-2930
,862423,École prof. de Saint-Hyacinthe,École professionnelle de Saint-Hyacinthe,"1455, boulevard Casavant Est",,54048,Saint-Hyacinthe,V,J2S8S8,0,0,0,1,0,Centre de formation professionnelle,Public,https://epsh.qc.ca,862000,Centre de services scolaire de Saint-Hyacinthe,-72.953593,45.643859,Formation professionnelle,Franco,450 773-8400
,863001,École Jean XXIII,École Jean XXIII,"125, rue Saint-Jean",,55008,Ange-Gardien,M,J0E1E0,1,1,0,0,0,École,Public,https://www.cssdhr.gouv.qc.ca/ecole/jean-xxiii/#0-notre-ecole,863000,Centre de services scolaire des Hautes-Rivières,-72.93465,45.353873,Préscolaire - Primaire,Franco,450 293-8106
,863002,École Saint-Michel,École Saint-Michel,"915, rue Principale",,55037,Rougemont,M,J0L1M0,1,1,0,0,0,École,Public,https://www.cssdhr.gouv.qc.ca/ecole/saint-michel-2/#0-notre-ecole,863000,Centre de services scolaire des Hautes-Rivières,-73.054163,45.436767,Préscolaire - Primaire,Franco,450 469-3918
,863003,École Saint-Vincent,École Saint-Vincent,"1401, avenue Saint-Paul",,55023,Saint-Césaire,V,J0L1T0,1,1,0,0,0,École,Public,https://www.cssdhr.gouv.qc.ca/ecole/saint-vincent/#0-notre-ecole,863000,Centre de services scolaire des Hautes-Rivières,-73.00758,45.409991,Préscolaire - Primaire,Franco,450 469-2383
,863004,École Micheline-Brodeur,École Micheline-Brodeur,"23, rue Sainte-Anne",,55015,Saint-Paul-d'Abbotsford,M,J0E1A0,1,1,0,0,0,École,Public,https://www.cssdhr.gouv.qc.ca/ecole/micheline-brodeur/#0-notre-ecole,863000,Centre de services scolaire des Hautes-Rivières,-72.879658,45.438047,Préscolaire - Primaire,Franco,450 379-5674
,863005,École Paul-Germain-Ostiguy,École Paul-Germain-Ostiguy,"1881, avenue Saint-Paul",,55023,Saint-Césaire,V,J0L1T0,0,0,1,0,0,École,Public,https://www.cssdhr.gouv.qc.ca/ecole/paul-germain-ostiguy/#0-notre-ecole,863000,Centre de services scolaire des Hautes-Rivières,-73.012906,45.410454,Secondaire,Franco,450 469-3187
,863006,École Notre-Dame-du-Sourire,École Notre-Dame-du-Sourire,"509, 9e Rang",,56105,Sainte-Brigide-d'Iberville,M,J0J1X0,1,1,0,0,0,École,Public,https://www.cssdhr.gouv.qc.ca/ecole/notre-dame-du-sourire/#0-notre-ecole,863000,Centre de services scolaire des Hautes-Rivières,-73.065045,45.321642,Préscolaire - Primaire,Franco,450 293-4604
,863008,École de Monnoir,École de Monnoir,"2366, rue Docteur-Primeau",,55048,Marieville,V,J3M1E1,0,1,0,0,0,École,Public,https://www.cssdhr.gouv.qc.ca/ecole/de-monnoir/#0-notre-ecole,863000,Centre de services scolaire des Hautes-Rivières,-73.148492,45.432824,Primaire,Franco,450 359-6411
,863015,École Notre-Dame-de-Lourdes,École Notre-Dame-de-Lourdes,"295, 6e Avenue",,56083,Saint-Jean-sur-Richelieu,V,J2X1R1,1,1,0,0,0,École,Public,https://www.cssdhr.gouv.qc.ca/ecole/notre-dame-de-lourdes-secteur-iberville/#0-notre-ecole,863000,Centre de services scolaire des Hautes-Rivières,-73.237195,45.307896,Préscolaire - Primaire,Franco,450 347-1687
,863020,École du Pélican,École du Pélican,"975, rue Samuel-de-Champlain",,56083,Saint-Jean-sur-Richelieu,V,J2X3X4,1,1,0,0,0,École,Public,https://www.cssdhr.gouv.qc.ca/ecole/du-pelican/#0-notre-ecole,863000,Centre de services scolaire des Hautes-Rivières,-73.234738,45.298766,Préscolaire - Primaire,Franco,450 347-1327
,863021,École Sacré-Coeur,École Sacré-Coeur,"375, 15e Avenue",,56083,Saint-Jean-sur-Richelieu,V,J2X4W6,1,1,0,0,0,École,Public,https://www.cssdhr.gouv.qc.ca/ecole/sacre-coeur-secteur-iberville/#0-notre-ecole,863000,Centre de services scolaire des Hautes-Rivières,-73.23369,45.315609,Préscolaire - Primaire,Franco,450 346-9808
,863022,École Hamel,École Hamel,"635, rue Yvon",,56083,Saint-Jean-sur-Richelieu,V,J2X4H4,1,1,0,0,0,École,Public,https://www.cssdhr.gouv.qc.ca/ecole/hamel/#0-notre-ecole,863000,Centre de services scolaire des Hautes-Rivières,-73.226534,45.307835,Préscolaire - Primaire,Franco,450 347-1443
,863026,École Saint-Alexandre,École Saint-Alexandre,"501, rue Saint-Denis",,56055,Saint-Alexandre,M,J0J1S0,1,1,0,0,0,École,Public,https://www.cssdhr.gouv.qc.ca/ecole/saint-alexandre/#0-notre-ecole,863000,Centre de services scolaire des Hautes-Rivières,-73.120336,45.242029,Préscolaire - Primaire,Franco,450 347-1376
,863027,École Sainte-Anne,École Sainte-Anne,"1202, rang Bord de l'Eau",,56060,Sainte-Anne-de-Sabrevois,P,J0J2G0,1,1,0,0,0,École,Public,https://www.cssdhr.gouv.qc.ca/ecole/sainte-anne/#0-notre-ecole,863000,Centre de services scolaire des Hautes-Rivières,-73.231606,45.205948,Préscolaire - Primaire,Franco,450 347-1097
,863028,École Frère-André,École Frère-André,"230, rue Bessette",,56097,Mont-Saint-Grégoire,M,J0J1K0,1,1,0,0,0,École,Public,https://www.cssdhr.gouv.qc.ca/ecole/frere-andre/#0-notre-ecole,863000,Centre de services scolaire des Hautes-Rivières,-73.157903,45.337732,Préscolaire - Primaire,Franco,450 347-2612
,863029,École du Petit Clocher,École du Petit Clocher,"1132, rue Front Sud",,56010,Clarenceville,M,J0J1B0,1,1,0,0,0,École,Public,https://www.cssdhr.gouv.qc.ca/ecole/du-petit-clocher/#0-notre-ecole,863000,Centre de services scolaire des Hautes-Rivières,-73.247677,45.061277,Préscolaire - Primaire,Franco,450 294-2131
,863030,École Capitaine-Luc-Fortin,École Capitaine-Luc-Fortin,"215, rue Champagnat",,56042,Henryville,M,J0J1E0,1,1,0,0,0,École,Public,https://www.cssdhr.gouv.qc.ca/ecole/capitaine-luc-fortin/#0-notre-ecole,863000,Centre de services scolaire des Hautes-Rivières,-73.191482,45.134831,Préscolaire - Primaire,Franco,450 515-8080
,863032,École de Richelieu,École de Richelieu,"205, 8e Avenue",,55057,Richelieu,V,J3L3N5,1,1,0,0,0,École,Public,https://www.cssdhr.gouv.qc.ca/ecole/de-richelieu/#0-notre-ecole,863000,Centre de services scolaire des Hautes-Rivières,-73.255161,45.445347,Préscolaire - Primaire,Franco,450 658-8284
,863033,École Jeanne-Mance,École Jeanne-Mance,"43, rue Girard",,55030,Sainte-Angèle-de-Monnoir,M,J0L1P0,1,1,0,0,0,École,Public,https://www.cssdhr.gouv.qc.ca/ecole/jeanne-mance/#0-notre-ecole,863000,Centre de services scolaire des Hautes-Rivières,-73.104871,45.392696,Préscolaire - Primaire,Franco,450 460-7878
,863035,École de Ramezay,École de Ramezay,"1835, rue Du Pont",,55048,Marieville,V,J3M1J8,1,1,0,0,0,École,Public,https://www.cssdhr.gouv.qc.ca/ecole/de-ramezay/#0-notre-ecole,863000,Centre de services scolaire des Hautes-Rivières,-73.158318,45.432966,Préscolaire - Primaire,Franco,450 460-3131
,863037,École Pointe-Olivier,École Pointe-Olivier,"278, chemin des Patriotes",,55065,Saint-Mathias-sur-Richelieu,M,J3L6A3,1,1,0,0,0,École,Public,https://www.cssdhr.gouv.qc.ca/ecole/pointe-olivier/#0-notre-ecole,863000,Centre de services scolaire des Hautes-Rivières,-73.267077,45.473522,Préscolaire - Primaire,Franco,450 658-2015
,863039,École Alberte-Melançon,École Alberte-Melançon,"994, rue Principale",,56035,Saint-Paul-de-l'Île-aux-Noix,M,J0J1G0,1,1,0,0,0,École,Public,https://www.cssdhr.gouv.qc.ca/ecole/alberte-melancon/#0-notre-ecole,863000,Centre de services scolaire des Hautes-Rivières,-73.273636,45.133223,Préscolaire - Primaire,Franco,450 291-3430
,863040,École des Savanes,École des Savanes,"207, rue Courville",,56083,Saint-Jean-sur-Richelieu,V,J2W2M7,1,1,0,0,0,École,Public,https://www.cssdhr.gouv.qc.ca/ecole/des-savanes/#0-notre-ecole,863000,Centre de services scolaire des Hautes-Rivières,-73.302402,45.358483,Préscolaire - Primaire,Franco,450 348-6233
,863043,École Saint-Jacques,École Saint-Jacques,"115, rue Renaud",,68040,Saint-Jacques-le-Mineur,M,J0J1Z0,1,1,0,0,0,École,Public,https://www.cssdhr.gouv.qc.ca/ecole/saint-jacques/#0-notre-ecole,863000,Centre de services scolaire des Hautes-Rivières,-73.417633,45.27976,Préscolaire - Primaire,Franco,450 347-4400
,863044,École Saint-Blaise,École Saint-Blaise,"745, rue Principale",,56065,Saint-Blaise-sur-Richelieu,M,J0J1W0,1,1,0,0,0,École,Public,https://www.cssdhr.gouv.qc.ca/ecole/saint-blaise/#0-notre-ecole,863000,Centre de services scolaire des Hautes-Rivières,-73.285661,45.209749,Préscolaire - Primaire,Franco,450 291-5500
,863046,École Saint-Joseph,École Saint-Joseph,"3, rue du Collège",,56023,Lacolle,M,J0J1J0,1,1,0,0,0,École,Public,https://www.cssdhr.gouv.qc.ca/ecole/saint-joseph-lacolle/#0-notre-ecole,863000,Centre de services scolaire des Hautes-Rivières,-73.374494,45.082234,Préscolaire - Primaire,Franco,450 515-8050
,863047,École Napoléon-Bourassa,École Napoléon-Bourassa,"535, chemin des Vieux-Moulins",,56083,Saint-Jean-sur-Richelieu,V,J2Y1A2,1,1,0,0,0,École,Public,https://www.cssdhr.gouv.qc.ca/ecole/napoleon-bourassa/#0-notre-ecole,863000,Centre de services scolaire des Hautes-Rivières,-73.344067,45.31503,Préscolaire - Primaire,Franco,450 347-1223
,863049,École Saint-Eugène,École Saint-Eugène,"201, rue Turgeon",,56083,Saint-Jean-sur-Richelieu,V,J3B3Z1,1,1,0,0,0,École,Public,https://www.cssdhr.gouv.qc.ca/ecole/saint-eugene/#0-notre-ecole,863000,Centre de services scolaire des Hautes-Rivières,-73.260335,45.279025,Préscolaire - Primaire,Franco,450 346-3535
,863050,École Notre-Dame-du-Sacré-Coeur,École Notre-Dame-du-Sacré-Coeur,"230, rue Laurier",,56083,Saint-Jean-sur-Richelieu,V,J3B6K8,1,1,0,0,0,École,Public,https://www.cssdhr.gouv.qc.ca/ecole/notre-dame-du-sacre-coeur-ndsc/#0-notre-ecole,863000,Centre de services scolaire des Hautes-Rivières,-73.25703,45.306797,Préscolaire - Primaire,Franco,450 347-4493
,863051,École Saint-Gérard,École Saint-Gérard,"700, rue Dorchester",,56083,Saint-Jean-sur-Richelieu,V,J3B5A8,1,1,0,0,0,École,Public,https://www.cssdhr.gouv.qc.ca/ecole/saint-gerard/#0-notre-ecole,863000,Centre de services scolaire des Hautes-Rivières,-73.270328,45.323283,Préscolaire - Primaire,Franco,450 348-5095
,863052,École Notre-Dame-de-Lourdes,École Notre-Dame-de-Lourdes,"800, rue Plaza",,56083,Saint-Jean-sur-Richelieu,V,J3B7Z4,1,1,0,0,0,École,Public,https://www.cssdhr.gouv.qc.ca/ecole/notre-dame-de-lourdes-secteur-saint-jean/#0-notre-ecole,863000,Centre de services scolaire des Hautes-Rivières,-73.293509,45.308219,Préscolaire - Primaire,Franco,450 347-4220
,863054,École Bruno-Choquette,École Bruno-Choquette,"275, boulevard Gouin",,56083,Saint-Jean-sur-Richelieu,V,J3B3C9,1,1,0,0,0,École,Public,https://www.cssdhr.gouv.qc.ca/ecole/bruno-choquette/#0-notre-ecole,863000,Centre de services scolaire des Hautes-Rivières,-73.264935,45.301738,Préscolaire - Primaire,Franco,450 347-1242
,863055,École Saint-Lucien,École Saint-Lucien,"121, rue Lafontaine",,56083,Saint-Jean-sur-Richelieu,V,J3B5E4,1,1,0,0,0,École,Public,https://www.cssdhr.gouv.qc.ca/ecole/saint-lucien/#0-notre-ecole,863000,Centre de services scolaire des Hautes-Rivières,-73.271071,45.303371,Préscolaire - Primaire,Franco,450 347-5518
,863057,École Joséphine-Dandurand,École Joséphine-Dandurand,"90, rue Mackenzie-King",,56083,Saint-Jean-sur-Richelieu,V,J3B5N9,0,0,1,0,0,École,Public,https://www.cssdhr.gouv.qc.ca/ecole/josephine-dandurand/#0-notre-ecole,863000,Centre de services scolaire des Hautes-Rivières,-73.264982,45.302738,Secondaire,Franco,450 346-3652
,863059,École Joseph-Amédée-Bélanger,École Joseph-Amédée-Bélanger,"151, rue Notre-Dame",,56083,Saint-Jean-sur-Richelieu,V,J3B6M9,1,1,0,0,0,École,Public,https://www.cssdhr.gouv.qc.ca/ecole/joseph-amedee-belanger/#0-notre-ecole,863000,Centre de services scolaire des Hautes-Rivières,-73.254952,45.312435,Préscolaire - Primaire,Franco,450 348-4747
,863061,École Marguerite-Bourgeoys,École Marguerite-Bourgeoys,"154, rue Saint-Charles",,56083,Saint-Jean-sur-Richelieu,V,J3B2C6,0,0,1,0,0,École,Public,https://www.cssdhr.gouv.qc.ca/ecole/marguerite-bourgeoys/#0-notre-ecole,863000,Centre de services scolaire des Hautes-Rivières,-73.25704,45.307328,Secondaire,Franco,450 347-5113
,863065,Polyvalente Marcel-Landry,Polyvalente Marcel-Landry,"365, avenue Landry",,56083,Saint-Jean-sur-Richelieu,V,J2X2P6,0,0,1,0,0,École,Public,https://www.cssdhr.gouv.qc.ca/ecole/polyvalente-marcel-landry/#0-notre-ecole,863000,Centre de services scolaire des Hautes-Rivières,-73.234604,45.294653,Secondaire,Franco,450 347-1225
,863067,Polyv. Chanoine-Armand-Racicot,Polyvalente Chanoine-Armand-Racicot,"940, boulevard de Normandie",,56083,Saint-Jean-sur-Richelieu,V,J3A1A7,0,0,1,0,0,École,Public,https://www.cssdhr.gouv.qc.ca/ecole/polyvalente-chanoine-armand-racicot/#0-notre-ecole,863000,Centre de services scolaire des Hautes-Rivières,-73.276769,45.33306,Secondaire,Franco,450 348-6134
,863068,École Dr-Alexis-Bouthillier,École Docteur-Alexis-Bouthillier,"105, rue Jacques-Cartier Sud",,56083,Saint-Jean-sur-Richelieu,V,J3B6S2,0,0,1,0,0,École,Public,https://www.cssdhr.gouv.qc.ca/ecole/docteur-alexis-bouthillier/#0-notre-ecole,863000,Centre de services scolaire des Hautes-Rivières,-73.255714,45.289436,Secondaire,Franco,450 347-5515
,863069,École Mgr-Euclide-Théberge,École Monseigneur-Euclide-Théberge,"677, rue Desjardins",,55048,Marieville,V,J3M1R1,0,0,1,0,0,École,Public,https://www.cssdhr.gouv.qc.ca/ecole/monseigneur-euclide-theberge/#0-notre-ecole,863000,Centre de services scolaire des Hautes-Rivières,-73.148846,45.43192,Secondaire,Franco,450 460-4491
,863080,École Marie-Rivier,École Marie-Rivier,"511, rue Pierre-Caisse",,56083,Saint-Jean-sur-Richelieu,V,J3A1N5,1,1,1,0,0,École,Public,https://www.cssdhr.gouv.qc.ca/ecole/marie-rivier/#0-notre-ecole,863000,Centre de services scolaire des Hautes-Rivières,-73.27783,45.332522,Préscolaire - Primaire - Secondaire,Franco,450 348-0958
,863081,École Aux-Quatre-Vents,École Aux-Quatre-Vents,"185, rue Saint-Gérard",,56083,Saint-Jean-sur-Richelieu,V,J2W2L8,1,1,0,0,0,École,Public,https://www.cssdhr.gouv.qc.ca/ecole/aux-quatre-vents/#0-notre-ecole,863000,Centre de services scolaire des Hautes-Rivières,-73.274357,45.352708,Préscolaire - Primaire,Franco,450 348-7341
,863084,École des Prés-Verts,École des Prés-Verts,"1195, boulevard Alexis-Lebert",,56083,Saint-Jean-sur-Richelieu,V,J2W2N1,1,1,0,0,0,École,Public,https://www.cssdhr.gouv.qc.ca/ecole/des-pres-verts/#0-notre-ecole,863000,Centre de services scolaire des Hautes-Rivières,-73.295559,45.340978,Préscolaire - Primaire,Franco,450 359-9182
,863085,École Marie-Derome,École Marie-Derome,"995, rue Camaraire",,56083,Saint-Jean-sur-Richelieu,V,J3A1X2,1,1,0,0,0,École,Public,https://www.cssdhr.gouv.qc.ca/ecole/marie-derome/#0-notre-ecole,863000,Centre de services scolaire des Hautes-Rivières,-73.279578,45.335774,Préscolaire - Primaire,Franco,450 359-6521
,863358,CEA La Relance,Centre d'éducation des adultes La Relance,"300, rue Georges-Phaneuf",,56083,Saint-Jean-sur-Richelieu,V,J3B8E4,0,0,0,0,1,Centre éducation aux adultes,Public,,863000,Centre de services scolaire des Hautes-Rivières,-73.265034,45.320159,Éducation aux adultes,Franco,450 348-2303
,863460,École professionnelle des Métiers,École professionnelle des Métiers,"100, rue Laurier",,56083,Saint-Jean-sur-Richelieu,V,J3B2Y5,0,0,0,1,0,Centre de formation professionnelle,Public,https://epminfo.ca,863000,Centre de services scolaire des Hautes-Rivières,-73.25696,45.302199,Formation professionnelle,Franco,450 347-3797
,864001,École Adrien-Gamache,École Adrien-Gamache,"2375, rue Lavallée",,58227,Longueuil,V,J4L1R5,1,1,0,0,0,École,Public,https://adriengamache.ecoles.csmv.qc.ca/,864000,Centre de services scolaire Marie-Victorin,-73.468595,45.530243,Préscolaire - Primaire,Franco,450 468-3402
,864002,École Armand-Racicot,École Armand-Racicot,"965, rue Saint-Thomas",,58227,Longueuil,V,J4H3B2,1,1,0,0,0,École,Public,https://armand-racicot.ecoles.csmv.qc.ca/,864000,Centre de services scolaire Marie-Victorin,-73.496633,45.532397,Préscolaire - Primaire,Franco,450 670-5470
,864003,École des Mille-Fleurs,École des Mille-Fleurs,"1600, rue Monaco",(Saint-Hubert),58227,Longueuil,V,J3Z1B7,1,1,0,0,0,École,Public,https://desmillefleurs.ecoles.csmv.qc.ca/,864000,Centre de services scolaire Marie-Victorin,-73.400397,45.500194,Préscolaire - Primaire,Franco,450 462-3844
,864004,École des Quatre-Saisons,École des Quatre-Saisons,"1820, rue Walnut",(Saint-Hubert),58227,Longueuil,V,J4T1G7,1,1,0,0,0,École,Public,https://desquatresaisons.com/,864000,Centre de services scolaire Marie-Victorin,-73.466671,45.492503,Préscolaire - Primaire,Franco,450 678-2383
,864005,École Bourgeoys-Champagnat,École Bourgeoys-Champagnat,"2180, rue Brébeuf",,58227,Longueuil,V,J4J3P8,1,1,0,0,0,École,Public,https://bourgeoys-champagnat.ecoles.csmv.qc.ca/,864000,Centre de services scolaire Marie-Victorin,-73.476778,45.52426,Préscolaire - Primaire,Franco,450 674-6420
,864006,École Carillon,École Carillon,"1360, rue Laurier",,58227,Longueuil,V,J4J4H2,1,1,0,0,0,École,Public,https://carillon.ecoles.csmv.qc.ca/,864000,Centre de services scolaire Marie-Victorin,-73.483304,45.535438,Préscolaire - Primaire,Franco,450 674-3210
,864007,École Charles-Bruneau,École Charles-Bruneau,"3010, boulevard Napoléon",,58007,Brossard,V,J4Y2A3,1,1,0,0,0,École,Public,https://charles-bruneau.ecoles.csmv.qc.ca/,864000,Centre de services scolaire Marie-Victorin,-73.460883,45.444377,Préscolaire - Primaire,Franco,450 676-9285
,864008,École Charles-Le Moyne,École Charles-Le Moyne,"2505, rue Coderre",(Saint-Hubert),58227,Longueuil,V,J3Y4N6,1,1,0,0,0,École,Public,https://charles-lemoyne.ecoles.csmv.qc.ca/,864000,Centre de services scolaire Marie-Victorin,-73.419729,45.501577,Préscolaire - Primaire,Franco,450 678-0078
,864009,École Claude-Lafortune,École Claude-Lafortune,"3000, rue Dumont",,58227,Longueuil,V,J4L3S9,1,1,0,0,0,École,Public,https://claude-lafortune.ecoles.csmv.qc.ca/,864000,Centre de services scolaire Marie-Victorin,-73.461604,45.512604,Préscolaire - Primaire,Franco,450 674-7062
,864010,École du Curé-Lequin,École du Curé-Lequin,"653, rue Préfontaine",,58227,Longueuil,V,J4K3V8,1,1,0,0,0,École,Public,https://cure-lequin.ecoles.csmv.qc.ca/,864000,Centre de services scolaire Marie-Victorin,-73.51074,45.523245,Préscolaire - Primaire,Franco,450 670-7581
,864013,École De Maricourt,École De Maricourt,"3675, rue Coderre",(Saint-Hubert),58227,Longueuil,V,J3Y4P4,1,1,0,0,0,École,Public,https://demaricourt.ecoles.csmv.qc.ca/,864000,Centre de services scolaire Marie-Victorin,-73.426344,45.492412,Préscolaire - Primaire,Franco,450 678-0201
,864014,École de Normandie,École de Normandie,"450, rue De Normandie",,58227,Longueuil,V,J4H3P4,1,1,0,0,0,École,Public,https://denormandie.ecoles.csmv.qc.ca/,864000,Centre de services scolaire Marie-Victorin,-73.501588,45.541459,Préscolaire - Primaire,Franco,450 679-4650
,864015,École des Étincelles,École des Étincelles,1940 Boulevard Marie,Saint-Hubert,58227,Longueuil,V,J4T2A9,1,1,0,0,0,École,Public,https://des-etincelles.ecoles.csmv.qc.ca/,864000,Centre de services scolaire Marie-Victorin,-73.479664,45.499702,Préscolaire - Primaire,Franco,450 671-4463
,864016,École des Saints-Anges,École des Saints-Anges,"126, rue Logan",,58012,Saint-Lambert,V,J4P1H2,1,1,0,0,0,École,Public,https://des-saints-anges.ecoles.csmv.qc.ca/,864000,Centre de services scolaire Marie-Victorin,-73.515356,45.505284,Préscolaire - Primaire,Franco,450 671-8151
,864017,École D'Iberville,École D'Iberville,"5035, rue Redmond",(Saint-Hubert),58227,Longueuil,V,J3Y2C5,1,1,0,0,0,École,Public,https://diberville.ecoles.csmv.qc.ca/,864000,Centre de services scolaire Marie-Victorin,-73.437795,45.480828,Préscolaire - Primaire,Franco,450 678-0145
,864020,École Félix-Leclerc,École Félix-Leclerc,"1450, rue de Wagram",,58227,Longueuil,V,J4K1G1,0,1,0,0,0,École,Public,https://felix-leclerc.ecoles.csmv.qc.ca/,864000,Centre de services scolaire Marie-Victorin,-73.513939,45.516019,Primaire,Franco,450 651-7768
,864021,École Gaétan-Boucher,École Gaétan-Boucher,"4850, boulevard Westley",(Saint-Hubert),58227,Longueuil,V,J3Y2T4,1,1,0,0,0,École,Public,https://gaetan-boucher.ecoles.csmv.qc.ca/,864000,Centre de services scolaire Marie-Victorin,-73.415029,45.470124,Préscolaire - Primaire,Franco,450 656-5521
,864022,École Gentilly,École Gentilly,"1280, rue Beauharnois",,58227,Longueuil,V,J4M1C2,1,1,0,0,0,École,Public,https://gentilly.ecoles.csmv.qc.ca/,864000,Centre de services scolaire Marie-Victorin,-73.455546,45.53408,Préscolaire - Primaire,Franco,450 468-1267
,864023,École George-Étienne-Cartier,École George-Étienne-Cartier,"3455, rue Soissons",,58227,Longueuil,V,J4L3M5,1,1,0,0,0,École,Public,https://george-etienne-cartier.ecoles.csmv.qc.ca/,864000,Centre de services scolaire Marie-Victorin,-73.447654,45.511887,Préscolaire - Primaire,Franco,450 463-1406
,864024,École Georges-P.-Vanier,École Georges-P.-Vanier,"3400, rue Boisclair",,58007,Brossard,V,J4Z2C2,1,1,0,0,0,École,Public,https://georges-p-vanier.ecoles.csmv.qc.ca/,864000,Centre de services scolaire Marie-Victorin,-73.448042,45.46568,Préscolaire - Primaire,Franco,450 678-0490
,864025,École Guillaume-Vignal,École Guillaume-Vignal,"7465, rue Malherbe",,58007,Brossard,V,J4Y1E6,1,1,0,0,0,École,Public,https://guillaume-vignal.ecoles.csmv.qc.ca/,864000,Centre de services scolaire Marie-Victorin,-73.459019,45.458027,Préscolaire - Primaire,Franco,450 676-5946
,864026,École de la Rose-des-Vents,École de la Rose-des-Vents,"8500, rue de Londres",,58007,Brossard,V,J4Y0M9,1,1,0,0,0,École,Public,https://neb.ecoles.csmv.qc.ca/,864000,Centre de services scolaire Marie-Victorin,-73.449915,45.427831,Préscolaire - Primaire,Franco,450 616-8050
,864027,École Hubert-Perron,École Hubert-Perron,"1100, rue Beauregard",,58227,Longueuil,V,J4K2L1,1,1,0,0,0,École,Public,https://hubert-perron.ecoles.csmv.qc.ca/,864000,Centre de services scolaire Marie-Victorin,-73.483514,45.5143,Préscolaire - Primaire,Franco,450 674-7784
,864028,École du Jardin-Bienville,École du Jardin-Bienville,"3950, rue Emma-Collin",,58227,Longueuil,V,J3Y0T4,1,1,0,0,0,École,Public,https://dujardin-bienville.ecoles.csmv.qc.ca/,864000,Centre de services scolaire Marie-Victorin,-73.383139,45.471486,Préscolaire - Primaire,Franco,450 679-9682
,864030,École Joseph-De Sérigny,École Joseph-De Sérigny,"1000, chemin du Lac",,58227,Longueuil,V,J4J1W3,1,1,0,0,0,École,Public,https://joseph-de-serigny.ecoles.csmv.qc.ca/,864000,Centre de services scolaire Marie-Victorin,-73.474914,45.541771,Préscolaire - Primaire,Franco,450 468-1247
,864031,École internationale Greenfield Park,École internationale de Greenfield Park,"776, rue Campbell",(Greenfield Park),58227,Longueuil,V,J4V1Y7,0,1,0,0,0,École,Public,https://igfp.ecoles.csmv.qc.ca/,864000,Centre de services scolaire Marie-Victorin,-73.471589,45.482983,Primaire,Franco,450 672-0042
,864032,École de la Mosaïque,École de la Mosaïque,"6905, boulevard Maricourt",(Saint-Hubert),58227,Longueuil,V,J3Y1T2,1,1,0,0,0,École,Public,https://de-la-mosaique.ecoles.csmv.qc.ca/,864000,Centre de services scolaire Marie-Victorin,-73.405264,45.474021,Préscolaire - Primaire,Franco,450 676-3101
,864033,École Lajeunesse,École Lajeunesse,"160, rue René-Philippe",(LeMoyne),58227,Longueuil,V,J4R2K1,1,1,0,0,0,École,Public,https://lajeunesse.ecoles.csmv.qc.ca/,864000,Centre de services scolaire Marie-Victorin,-73.493756,45.497897,Préscolaire - Primaire,Franco,450 671-7293
,864035,École Laurent-Benoît,École Laurent-Benoît,"5905, avenue Laurent-Benoît",(Saint-Hubert),58227,Longueuil,V,J3Y6H1,1,1,0,0,0,École,Public,https://laurent-benoit.ecoles.csmv.qc.ca/,864000,Centre de services scolaire Marie-Victorin,-73.424721,45.481747,Préscolaire - Primaire,Franco,450 656-2010
,864037,École de l'Avenue-Gervais,École de l'Avenue-Gervais,"8370, avenue Gervais",(Saint-Hubert),58227,Longueuil,V,J3Y7Y9,1,1,0,0,0,École,Public,https://gervais.ecoles.csmv.qc.ca/,864000,Centre de services scolaire Marie-Victorin,-73.380359,45.469499,Préscolaire - Primaire,Franco,450 678-0670
,864038,École Lionel-Groulx,École Lionel-Groulx,"2725, rue Plessis",,58227,Longueuil,V,J4L1S3,1,1,0,0,0,École,Public,https://lionel-groulx.ecoles.csmv.qc.ca/,864000,Centre de services scolaire Marie-Victorin,-73.462056,45.525048,Préscolaire - Primaire,Franco,450 651-6104
,864039,École Marie-Victorin,École Marie-Victorin,"800, avenue Victor-Hugo",,58007,Brossard,V,J4W1V2,1,1,0,0,0,École,Public,https://marie-victorin-brossard.ecoles.csmv.qc.ca/,864000,Centre de services scolaire Marie-Victorin,-73.490356,45.472665,Préscolaire - Primaire,Franco,450 671-3880
,864040,Marie-Victorin (Longueuil),École Marie-Victorin (Longueuil),"2190, rue Limoges",,58227,Longueuil,V,J4G1E3,1,1,0,0,0,École,Public,https://marie-victorin-longueuil.ecoles.csmv.qc.ca/,864000,Centre de services scolaire Marie-Victorin,-73.47631,45.571835,Préscolaire - Primaire,Franco,450 674-1388
,864041,École des Perséides,École des Perséides,"3225, rue Windsor",(Saint-Hubert),58227,Longueuil,V,J4T2X3,1,1,0,0,0,École,Public,https://desperseides.ecoles.csmv.qc.ca/,864000,Centre de services scolaire Marie-Victorin,-73.472527,45.500639,Préscolaire - Primaire,Franco,450 678-1575
,864042,École Monseigneur-Forget,École Monseigneur-Forget,"1700, rue De Gaulle",(Saint-Hubert),58227,Longueuil,V,J4T1M8,1,1,0,0,0,École,Public,https://monseigneur-forget.ecoles.csmv.qc.ca/,864000,Centre de services scolaire Marie-Victorin,-73.466682,45.495787,Préscolaire - Primaire,Franco,450 678-2404
,864043,École Paul-Chagnon,École Paul-Chagnon,"5295, chemin de Chambly",(Saint-Hubert),58227,Longueuil,V,J3Y3N5,1,1,0,0,0,École,Public,https://paul-chagnon.ecoles.csmv.qc.ca/,864000,Centre de services scolaire Marie-Victorin,-73.422247,45.5039,Préscolaire - Primaire,Franco,450 678-0792
,864044,École Paul-De Maricourt,École Paul-De Maricourt,"1275, rue Papineau",,58227,Longueuil,V,J4K3K9,1,1,0,0,0,École,Public,https://paul-demaricourt.ecoles.csmv.qc.ca/,864000,Centre de services scolaire Marie-Victorin,-73.499923,45.516884,Préscolaire - Primaire,Franco,450 674-1753
,864045,École Pierre-D'Iberville,École Pierre-D'Iberville,"897, rue Maple",,58227,Longueuil,V,J4J4N3,1,1,0,0,0,École,Public,https://pierre-diberville.ecoles.csmv.qc.ca/,864000,Centre de services scolaire Marie-Victorin,-73.485363,45.543194,Préscolaire - Primaire,Franco,450 674-3285
,864046,École Pierre-Laporte,École Pierre-Laporte,"1005, rue du Centenaire",(Greenfield Park),58227,Longueuil,V,J4V1B7,1,1,0,0,0,École,Public,https://pierre-laporte.ecoles.csmv.qc.ca/,864000,Centre de services scolaire Marie-Victorin,-73.451232,45.487962,Préscolaire - Primaire,Franco,450 678-7858
,864048,École Préville,École Préville,"139, rue d'Alsace",,58012,Saint-Lambert,V,J4S1M8,1,1,0,0,0,École,Public,https://preville.ecoles.csmv.qc.ca/,864000,Centre de services scolaire Marie-Victorin,-73.495382,45.481043,Préscolaire - Primaire,Franco,450 671-2662
,864049,École Rabeau,École Rabeau,"830, avenue Notre-Dame",,58012,Saint-Lambert,V,J4R1R8,1,1,0,0,0,École,Public,https://rabeau.ecoles.csmv.qc.ca/,864000,Centre de services scolaire Marie-Victorin,-73.503352,45.49886,Préscolaire - Primaire,Franco,450 671-0178
,864050,École Saint-Joseph,École Saint-Joseph,"3855, boulevard Grande-Allée",(Saint-Hubert),58227,Longueuil,V,J4T2V8,1,1,0,0,0,École,Public,https://saint-joseph.ecoles.csmv.qc.ca/,864000,Centre de services scolaire Marie-Victorin,-73.466084,45.490262,Préscolaire - Primaire,Franco,450 678-2781
,864052,École Saint-Romain,École Saint-Romain,"1995, rue Bédard",,58227,Longueuil,V,J4N1B4,1,1,0,0,0,École,Public,https://saint-romain.ecoles.csmv.qc.ca/,864000,Centre de services scolaire Marie-Victorin,-73.456442,45.55098,Préscolaire - Primaire,Franco,450 468-1226
,864054,École Sainte-Claire (Brossard),École Sainte-Claire,"6175, rue Aumont",,58007,Brossard,V,J4Z3H7,1,1,0,0,0,École,Public,https://sainte-claire-brossard.ecoles.csmv.qc.ca/,864000,Centre de services scolaire Marie-Victorin,-73.461589,45.477303,Préscolaire - Primaire,Franco,450 676-5451
,864055,École Sainte-Claire,École Sainte-Claire,"805, rue Gardenville",,58227,Longueuil,V,J4J3B3,1,1,0,0,0,École,Public,https://sainte-claire-longueuil.ecoles.csmv.qc.ca/,864000,Centre de services scolaire Marie-Victorin,-73.504737,45.528159,Préscolaire - Primaire,Franco,450 670-0211
,864056,École Samuel-De Champlain,École Samuel-De Champlain,"7600, rue Tunisie",,58007,Brossard,V,J4W2J4,1,1,0,0,0,École,Public,https://samueldechamplain.ecoles.csmv.qc.ca/,864000,Centre de services scolaire Marie-Victorin,-73.473826,45.459219,Préscolaire - Primaire,Franco,450 672-7950
,864058,École Saint-Laurent,École Saint-Laurent,"8535, avenue Saguenay",,58007,Brossard,V,J4X1M7,1,1,0,0,0,École,Public,https://saint-laurent.ecoles.csmv.qc.ca/,864000,Centre de services scolaire Marie-Victorin,-73.475388,45.453487,Préscolaire - Primaire,Franco,450 465-7552
,864059,École Marcelle-Gauvreau,École Marcelle-Gauvreau,"4405, rue de Châteauneuf",,58007,Brossard,V,J4Z0N4,1,1,0,0,0,École,Public,https://ecolec.ecoles.csmv.qc.ca/,864000,Centre de services scolaire Marie-Victorin,-73.43069,45.45547,Préscolaire - Primaire,Franco,450 678-9103
,864060,École du Tournesol,École du Tournesol,"2515, rue Boulogne",,58227,Longueuil,V,J4L4A3,1,1,0,0,0,École,Public,https://du-tournesol.ecoles.csmv.qc.ca/,864000,Centre de services scolaire Marie-Victorin,-73.471864,45.520588,Préscolaire - Primaire,Franco,450 674-9145
,864063,École des Petits-Explorateurs,École des Petits-Explorateurs,750 boul. Quinn,,58227,Longueuil,V,J4H2N5,1,1,0,0,0,École,Public,https://despetits-explorateurs.ecoles.csmv.qc.ca/,864000,Centre de services scolaire Marie-Victorin,-73.502646,45.530001,Préscolaire - Primaire,Franco,450 616-8035
,864064,École des Semis,École des Semis,"2500, rue Des Salicaires",,58227,Longueuil,V,J4M0B8,1,1,0,0,0,École,Public,https://des-semis.ecoles.csmv.qc.ca/,864000,Centre de services scolaire Marie-Victorin,-73.439579,45.527585,Préscolaire - Primaire,Franco,450 670-3918
,864071,École Tourterelle,École Tourterelle,"1001, rue Du Centenaire",,58227,Longueuil,V,J4V1B8,1,1,0,0,0,École,Public,https://tourterelle.ecoles.csmv.qc.ca/,864000,Centre de services scolaire Marie-Victorin,-73.452116,45.488479,Préscolaire - Primaire,Franco,450 678-0947
,864076,École Mille-Sports,École Mille-Sports,"7395, rue des Jonquilles",(Saint-Hubert),58227,Longueuil,V,J3Y8P7,1,1,0,0,0,École,Public,https://es.ecoles.csmv.qc.ca/,864000,Centre de services scolaire Marie-Victorin,-73.400267,45.480751,Préscolaire - Primaire,Franco,450 678-0987
,864079,École internationale du Vieux-Longueuil,École internationale du Vieux-Longueuil,"2301, boulevard Fernand-Lafontaine",,58227,Longueuil,V,J4Z1N7,1,1,0,0,0,École,Public,https://eivl.ecoles.csmv.qc.ca/,864000,Centre de services scolaire Marie-Victorin,-73.459764,45.562202,Préscolaire - Primaire,Franco,450 670-9494
,864086,École du Vieux-Greenfield Park,École du Vieux-Greenfield Park,"482, rue Springfield",,58227,Longueuil,V,J4V1Y1,1,1,0,0,0,École,Public,https://evgp.ecoles.csmv.qc.ca/,864000,Centre de services scolaire Marie-Victorin,-73.479774,45.488349,Préscolaire - Primaire,Franco,450 671-7209
,864098,École de la Rue-Bourassa,École de la Rue-Bourassa,1711 rue Bourassa,,58227,Longueuil,V,J4J3A5,1,1,0,0,0,École,Public,https://rue-bourassa.ecoles.csmv.qc.ca/,864000,Centre de services scolaire Marie-Victorin,-73.4909,45.522729,Préscolaire - Primaire,Franco,450 670-3243
,864099,Marcelle-Robidoux,Marcelle-Robidoux,"411, rue Dubuc",,58227,Longueuil,V,J4J2R2,1,1,0,0,0,École,Public,,864000,Centre de services scolaire Marie-Victorin,-73.474649,45.53283,Préscolaire - Primaire,Franco,450 670-0730
,864100,École du Parc-des-Glaïeuls,École du Parc-des-Glaïeuls,"7395, rue des Jonquilles",(Saint-Hubert),58227,Longueuil,V,J3Y8P7,1,1,0,0,0,École,Public,https://es.ecoles.csmv.qc.ca/,864000,Centre de services scolaire Marie-Victorin,-73.400267,45.480751,Préscolaire - Primaire,Franco,450 679-0987
,864110,École Saint-Jude,École Saint-Jude,"653, rue Préfontaine",,58227,Longueuil,V,J4K3V8,1,1,0,0,0,École,Public,https://cure-lequin.ecoles.csmv.qc.ca/,864000,Centre de services scolaire Marie-Victorin,-73.51074,45.523245,Préscolaire - Primaire,Franco,450 670-5962
,864165,École Bel-Essor,École Bel-Essor,"1250, chemin du Tremblay",,58227,Longueuil,V,J4N1A2,1,1,0,0,0,École,Public,https://bel-essor.ecoles.csmv.qc.ca/,864000,Centre de services scolaire Marie-Victorin,-73.457705,45.540029,Préscolaire - Primaire,Franco,450 468-0833
,864168,École spécialisée des Remparts,École spécialisée des Remparts,"2115, rue Gamache",,58227,Longueuil,V,J4J4A3,0,1,1,0,0,École,Public,https://desremparts.ecoles.csmv.qc.ca/,864000,Centre de services scolaire Marie-Victorin,-73.476289,45.529831,Primaire - Secondaire,Franco,450 468-3604
,864169,École Jacques-Ouellette,École Jacques-Ouellette,"1240, boulevard Nobert",,58227,Longueuil,V,J4K2P4,1,1,1,0,0,École,Public,https://ecolejo.csmv.qc.ca/,864000,Centre de services scolaire Marie-Victorin,-73.482274,45.509999,Préscolaire - Primaire - Secondaire,Franco,450 670-2951
,864193,École régionale du Vent-Nouveau,École régionale du Vent-Nouveau,"5030, rue Orchard",(Saint-Hubert),58227,Longueuil,V,J3Y2G7,0,0,1,0,0,École,Public,https://du-vent-nouveau.ecoles.csmv.qc.ca/,864000,Centre de services scolaire Marie-Victorin,-73.436477,45.480504,Secondaire,Franco,450 677-2641
,864218,École secondaire Saint-Edmond,École secondaire Saint-Edmond,"346, rue Hubert",(Greenfield Park),58227,Longueuil,V,J4V1S2,0,0,1,0,0,École,Public,https://saint-edmond.ecoles.csmv.qc.ca/,864000,Centre de services scolaire Marie-Victorin,-73.486528,45.488619,Secondaire,Franco,450 671-6339
,864240,École internationale Lucille-Teasdale,École internationale Lucille-Teasdale,"8350, boulevard Pelletier",,58007,Brossard,V,J4X1M8,0,0,1,0,0,École,Public,https://lucille-teasdale.ecoles.csmv.qc.ca/,864000,Centre de services scolaire Marie-Victorin,-73.47787,45.448737,Secondaire,Franco,450 465-6290
,864271,École secondaire de l'Agora,École secondaire de l'Agora,"1001, rue Du Centenaire",(Greenfield Park),58227,Longueuil,V,J4V1B8,0,0,1,0,0,École,Public,https://lagora.ecoles.csmv.qc.ca/,864000,Centre de services scolaire Marie-Victorin,-73.452116,45.488479,Secondaire,Franco,450 678-0947
,864275,École André-Laurendeau,École André-Laurendeau,"7450, boulevard Cousineau",(Saint-Hubert),58227,Longueuil,V,J3Y3L4,0,0,1,0,0,École,Public,https://andre-laurendeau.ecoles.csmv.qc.ca/,864000,Centre de services scolaire Marie-Victorin,-73.394447,45.485899,Secondaire,Franco,450 678-2080
,864276,École Antoine-Brossard,École Antoine-Brossard,"3055, boulevard Rome",,58007,Brossard,V,J4Y1S9,0,0,1,0,0,École,Public,https://antoine-brossard.ecoles.csmv.qc.ca/,864000,Centre de services scolaire Marie-Victorin,-73.458463,45.450324,Secondaire,Franco,450 443-0010
,864278,École Gérard-Filion,École Gérard-Filion,"1330, boulevard Curé-Poirier Ouest",,58227,Longueuil,V,J4K2G8,0,1,1,0,0,École,Public,https://gerard-filion.ecoles.csmv.qc.ca/,864000,Centre de services scolaire Marie-Victorin,-73.491463,45.51207,Primaire - Secondaire,Franco,450 679-9100
,864280,École Jacques-Rousseau,École Jacques-Rousseau,"444, rue de Gentilly Est",,58227,Longueuil,V,J4H3X7,0,0,1,0,0,École,Public,https://jacques-rousseau.ecoles.csmv.qc.ca/,864000,Centre de services scolaire Marie-Victorin,-73.49151,45.539191,Secondaire,Franco,450 651-6800
,864284,École sec. Monseigneur-A.-M.-Parent,École Monseigneur-A.-M.-Parent,"3875, boulevard Grande-Allée",(Saint-Hubert),58227,Longueuil,V,J4T2V8,0,0,1,0,0,École,Public,https://mgr-a-m-parent.ecoles.csmv.qc.ca/,864000,Centre de services scolaire Marie-Victorin,-73.463371,45.491404,Secondaire,Franco,450 676-0261
,864287,École Saint-Jean-Baptiste,École Saint-Jean-Baptiste,"700, rue Duvernay",,58227,Longueuil,V,J4K4L1,0,0,1,0,0,École,Public,https://saintjeanbaptiste.ecoles.csmv.qc.ca/,864000,Centre de services scolaire Marie-Victorin,-73.508935,45.524587,Secondaire,Franco,450 679-3990
,864326,CEA Antoine-Brossard,Centre d'éducation des adultes Antoine-Brossard,"5885, avenue Auteuil",,58007,Brossard,V,J4Z1M9,0,0,0,0,1,Centre éducation aux adultes,Public,https://cea-antoine-brossard.ecoles.csmv.qc.ca/,864000,Centre de services scolaire Marie-Victorin,-73.458229,45.472487,Éducation aux adultes,Franco,450 443-0017
,864338,CEA le Bac,Centre d'éducation des adultes le Bac,"1330, boul. Curé-Poirier Ouest",,58227,Longueuil,V,J4K2G8,0,0,0,0,1,Centre éducation aux adultes,Public,https://gerard-filion.ecoles.csmv.qc.ca/le-bac/,864000,Centre de services scolaire Marie-Victorin,-73.491463,45.51207,Éducation aux adultes,Franco,450 679-9100
,864383,CEA LeMoyne-D'Iberville,Centre d'éducation des adultes Le Moyne-D'Iberville,"560, rue Le Moyne Ouest",,58227,Longueuil,V,J4H1X3,0,0,0,0,1,Centre éducation aux adultes,Public,https://lemoyne-diberville.ecoles.csmv.qc.ca/,864000,Centre de services scolaire Marie-Victorin,-73.504314,45.529806,Éducation aux adultes,Franco,450 670-3130
,864451,École hôtelière de la Montérégie,École hôtelière de la Montérégie,4100 chemin de la Savane,,58227,Longueuil,V,J3Y0T8,0,0,0,1,0,Centre de formation professionnelle,Public,https://ehmonteregie.ca/,864000,Centre de services scolaire Marie-Victorin,-73.432429,45.512054,Formation professionnelle,Franco,450 670-9070
,864478,CFP Charlotte-Tassé,Centre de formation professionnelle Charlotte-Tassé,101 boulevard Roland-Therrien,,58227,Longueuil,V,J4H4B9,0,0,0,1,0,Centre de formation professionnelle,Public,https://charlotte-tasse.ca/,864000,Centre de services scolaire Marie-Victorin,-73.495966,45.549332,Formation professionnelle,Franco,450 550-8007
,864490,CFP Pierre-Dupuy,Centre de formation professionnelle Pierre-Dupuy,"1150, chemin du Tremblay",,58227,Longueuil,V,J4N1A2,0,0,0,1,0,Centre de formation professionnelle,Public,https://pierredupuy.qc.ca/,864000,Centre de services scolaire Marie-Victorin,-73.464779,45.535176,Formation professionnelle,Franco,450 468-4000
,865101,École Saint-Mathieu,École Saint-Mathieu,"225, rue Hubert",,57040,Beloeil,V,J3G2S8,1,1,0,0,0,École,Public,https://saintmathieu.cssp.gouv.qc.ca/,865000,Centre de services scolaire des Patriotes,-73.203602,45.56943,Préscolaire - Primaire,Franco,450 467-9309
,865102,École Jolivent,École Jolivent,"330, boulevard Cartier",,57040,Beloeil,V,J3G3R6,1,1,0,0,0,École,Public,https://jolivent.cssp.gouv.qc.ca/,865000,Centre de services scolaire des Patriotes,-73.214146,45.55588,Préscolaire - Primaire,Franco,450 467-2366
,865104,École au Coeur-des-Monts,École au Coeur-des-Monts,"2035, rue Paul-Perreault",,57040,Beloeil,V,J3G0P3,1,1,0,0,0,École,Public,https://aucoeurdesmonts.cssp.gouv.qc.ca/,865000,Centre de services scolaire des Patriotes,-73.219266,45.589951,Préscolaire - Primaire,Franco,450 467-6681
,865105,École Le Petit-Bonheur,École Le Petit-Bonheur,"80, rue F.-X.-Garneau",,57040,Beloeil,V,J3G3G4,1,1,0,0,0,École,Public,https://lepetitbonheur.cssp.gouv.qc.ca/,865000,Centre de services scolaire des Patriotes,-73.227704,45.557118,Préscolaire - Primaire,Franco,450 467-9932
,865106,École secondaire Polybel,École secondaire Polybel,"725, rue De Lévis",,57040,Beloeil,V,J3G2M1,0,0,1,0,0,École,Public,https://polybel.cssp.gouv.qc.ca/,865000,Centre de services scolaire des Patriotes,-73.218038,45.571618,Secondaire,Franco,450 467-0262
,865107,École Le Tournesol,École Le Tournesol,"201, rue du Buisson",,57040,Beloeil,V,J3G5V5,1,1,0,0,0,École,Public,https://letournesol.cssp.gouv.qc.ca/,865000,Centre de services scolaire des Patriotes,-73.200633,45.58473,Préscolaire - Primaire,Franco,450 467-5032
,865111,École Louis-Hippolyte-Lafontaine,École Louis-Hippolyte-Lafontaine,"795, rue Benjamin-Loiseau",,58033,Boucherville,V,J4B3T3,1,1,0,0,0,École,Public,https://lhl.cssp.gouv.qc.ca/,865000,Centre de services scolaire des Patriotes,-73.450437,45.622289,Préscolaire - Primaire,Franco,450 655-5288
,865112,École Pierre-Boucher,École Pierre-Boucher,"225, rue Joseph-Martel",,58033,Boucherville,V,J4B1L1,1,1,0,0,0,École,Public,https://pierreboucher.cssp.gouv.qc.ca/,865000,Centre de services scolaire des Patriotes,-73.453209,45.588268,Préscolaire - Primaire,Franco,450 655-8088
,865113,École Antoine-Girouard,École Antoine-Girouard,"650, rue Antoine-Girouard",,58033,Boucherville,V,J4B3E5,1,1,0,0,0,École,Public,https://antoinegirouard.cssp.gouv.qc.ca/,865000,Centre de services scolaire des Patriotes,-73.447253,45.612272,Préscolaire - Primaire,Franco,450 655-5991
,865114,École Paul-VI,École Paul-VI,"666, rue Le Laboureur",,58033,Boucherville,V,J4B3R7,1,1,0,0,0,École,Public,https://paulvi.cssp.gouv.qc.ca/,865000,Centre de services scolaire des Patriotes,-73.452647,45.616027,Préscolaire - Primaire,Franco,450 655-8930
,865115,École De La Broquerie,École De La Broquerie,"401, rue De Jumonville",,58033,Boucherville,V,J4B1K4,1,1,0,0,0,École,Public,https://delabroquerie.cssp.gouv.qc.ca/,865000,Centre de services scolaire des Patriotes,-73.44618,45.594842,Préscolaire - Primaire,Franco,450 655-5266
,865116,École Père-Marquette,École Père-Marquette,"900, boulevard du Fort-Saint-Louis",,58033,Boucherville,V,J4B1T6,1,1,0,0,0,École,Public,https://peremarquette.cssp.gouv.qc.ca/,865000,Centre de services scolaire des Patriotes,-73.443148,45.62718,Préscolaire - Primaire,Franco,450 655-9901
,865117,École De Mortagne,École secondaire De Mortagne,"955, boulevard De Montarville",,58033,Boucherville,V,J4B1Z6,0,0,1,0,0,École,Public,https://demortagne.cssp.gouv.qc.ca/,865000,Centre de services scolaire des Patriotes,-73.437325,45.593209,Secondaire,Franco,450 655-7311
,865118,École Les Jeunes Découvreurs,École Les Jeunes Découvreurs,"850, rue Étienne-Brûlé",,58033,Boucherville,V,J4B6T2,1,1,0,0,0,École,Public,https://lesjeunesdecouvreurs.cssp.gouv.qc.ca/,865000,Centre de services scolaire des Patriotes,-73.431469,45.602114,Préscolaire - Primaire,Franco,450 655-7892
,865130,École du Parchemin,École du Parchemin,"1800, rue Gilbert-Martel",,57010,Carignan,V,J3L3P9,1,1,0,0,0,École,Public,https://duparchemin.cssp.gouv.qc.ca/,865000,Centre de services scolaire des Patriotes,-73.339645,45.444108,Préscolaire - Primaire,Franco,450 461-5906
,865131,École Carignan-Salières,École Carignan-Salières,"1551, rue de l'École",,57010,Carignan,V,J3L0X1,1,1,0,0,0,École,Public,https://carignansalieres.cssp.gouv.qc.ca/,865000,Centre de services scolaire des Patriotes,-73.343559,45.462941,Préscolaire - Primaire,Franco,450 461-1187
,865132,École du Boisé,École du Boisé,"1825, rue Marguerite-Roussel",,57010,Carignan,V,J3L4H3,1,1,1,0,0,École,Public,https://duboise.cssp.gouv.qc.ca/,865000,Centre de services scolaire des Patriotes,-73.335922,45.449563,Préscolaire - Primaire - Secondaire,Franco,450 461-5904
,865140,École secondaire le Tremplin,École secondaire le Tremplin,"1501, avenue De Salaberry",,57005,Chambly,V,J3L4V8,0,1,1,0,0,École,Public,https://letremplin.cssp.gouv.qc.ca/,865000,Centre de services scolaire des Patriotes,-73.31018,45.444586,Primaire - Secondaire,Franco,450 461-5909
,865142,École de la Passerelle,École de la Passerelle,"60, rue Saint-Jacques",,57005,Chambly,V,J3L3M1,1,0,0,0,0,École,Public,https://delapasserelle.cssp.gouv.qc.ca/,865000,Centre de services scolaire des Patriotes,-73.264301,45.441441,Préscolaire,Franco,450 461-5903
,865143,École De Bourgogne,École De Bourgogne,"1415, avenue Bourgogne",,57005,Chambly,V,J3L1Y4,1,1,0,0,0,École,Public,https://debourgogne.cssp.gouv.qc.ca/,865000,Centre de services scolaire des Patriotes,-73.293363,45.450199,Préscolaire - Primaire,Franco,450 461-5901
,865144,École Sainte-Marie,École Sainte-Marie,"1111, rue Denault",,57005,Chambly,V,J3L2L7,0,1,0,0,0,École,Public,https://saintemarie.cssp.gouv.qc.ca/,865000,Centre de services scolaire des Patriotes,-73.297291,45.442089,Primaire,Franco,450 461-5907
,865145,École De Salaberry,École De Salaberry,"1371, rue Hertel",,57005,Chambly,V,J3L2M5,0,1,0,0,0,École,Public,https://desalaberry.cssp.gouv.qc.ca/,865000,Centre de services scolaire des Patriotes,-73.284851,45.439439,Primaire,Franco,450 461-5905
,865146,École Jacques-De Chambly,École Jacques-De Chambly,"5, rue des Voltigeurs",,57005,Chambly,V,J3L3H3,1,1,0,0,0,École,Public,https://jacquesdechambly.cssp.gouv.qc.ca/,865000,Centre de services scolaire des Patriotes,-73.270291,45.447961,Préscolaire - Primaire,Franco,450 461-5902
,865147,École secondaire de Chambly,École secondaire de Chambly,"535, boulevard Brassard",,57005,Chambly,V,J3L6H3,0,0,1,0,0,École,Public,https://dechambly.cssp.gouv.qc.ca/,865000,Centre de services scolaire des Patriotes,-73.301237,45.448857,Secondaire,Franco,450 461-5908
,865149,École Madeleine-Brousseau,École Madeleine-Brousseau,1700 boulevard Lebel,,57005,Chambly,V,J3L0Z9,1,1,0,0,0,École,Public,https://madeleinebrousseau.cssp.gouv.qc.ca/,865000,Centre de services scolaire des Patriotes,-73.313829,45.44042,Préscolaire - Primaire,Franco,450 441-2919
,865150,École Mère-Marie-Rose,École Mère-Marie-Rose,"351, rue Chabot",,59035,Contrecoeur,V,J0L1C0,1,1,0,0,0,École,Public,https://meremarierose.cssp.gouv.qc.ca/,865000,Centre de services scolaire des Patriotes,-73.238974,45.855742,Préscolaire - Primaire,Franco,450 645-2342
,865152,École des Coeurs-Vaillants,École des Coeurs-Vaillants,"5200, rue Bourgchemin",,59035,Contrecoeur,V,J0L1C0,1,1,0,0,0,École,Public,https://descoeursvaillants.cssp.gouv.qc.ca/,865000,Centre de services scolaire des Patriotes,-73.22513,45.856849,Préscolaire - Primaire,Franco,450 655-5738
,865161,École La Farandole,École La Farandole,400 boulevard Constable,,57025,McMasterville,V,J3G1N4,1,1,0,0,0,École,Public,https://lafarandole.cssp.gouv.qc.ca/,865000,Centre de services scolaire des Patriotes,-73.2313,45.548236,Préscolaire - Primaire,Franco,450 467-3467
,865170,École Au-Fil-de-l'Eau,École Au-Fil-de-l'Eau,"259, rue Provencher",,57035,Mont-Saint-Hilaire,V,J3H3M3,1,1,0,0,0,École,Public,https://aufildeleau.cssp.gouv.qc.ca/,865000,Centre de services scolaire des Patriotes,-73.192699,45.569056,Préscolaire - Primaire,Franco,450 467-6773
,865173,École de la Pommeraie,École de la Pommeraie,"685, boulevard De Montenach",,57035,Mont-Saint-Hilaire,V,J3H2N8,1,1,0,0,0,École,Public,https://delapommeraie.cssp.gouv.qc.ca/,865000,Centre de services scolaire des Patriotes,-73.18026,45.535594,Préscolaire - Primaire,Franco,450 467-7736
,865174,École secondaire Ozias-Leduc,École secondaire Ozias-Leduc,"525, rue Jolliet",,57035,Mont-Saint-Hilaire,V,J3H3N2,0,0,1,0,0,École,Public,https://oziasleduc.cssp.gouv.qc.ca/,865000,Centre de services scolaire des Patriotes,-73.184531,45.568603,Secondaire,Franco,450 467-0261
,865175,École de l'Aquarelle,École de l'Aquarelle,"50, rue Michel",,57035,Mont-Saint-Hilaire,V,J3H3R3,1,1,0,0,0,École,Public,https://delaquarelle.cssp.gouv.qc.ca/,865000,Centre de services scolaire des Patriotes,-73.19171,45.555649,Préscolaire - Primaire,Franco,450 467-0971
,865177,École Paul-Émile-Borduas,École Paul-Émile-Borduas,165 rue Forbin-Janson,,57035,Mont-Saint-Hilaire,V,J3H0P2,1,1,0,0,0,École,Public,https://paulemileborduas.cssp.gouv.qc.ca/,865000,Centre de services scolaire des Patriotes,-73.185926,45.58463,Préscolaire - Primaire,Franco,450 467-2671
,865180,École Notre-Dame,École Notre-Dame,"306, rue Prince Albert",,57030,Otterburn Park,V,J3H1L6,1,1,0,0,0,École,Public,https://notredame.cssp.gouv.qc.ca/,865000,Centre de services scolaire des Patriotes,-73.210336,45.540679,Préscolaire - Primaire,Franco,450 467-7511
,865190,École secondaire François-Williams,École secondaire François-Williams,"950, rue Normandie",,59015,Saint-Amable,V,J0L1N0,0,0,1,0,0,École,Public,https://francoiswilliams.cssp.gouv.qc.ca/,865000,Centre de services scolaire des Patriotes,-73.293563,45.649029,Secondaire,Franco,450 645-2362
,865191,École Le Sablier,École Le Sablier,"491, rue Ouellette",,59015,Saint-Amable,V,J0L1N0,1,1,0,0,0,École,Public,https://lesablier.cssp.gouv.qc.ca/,865000,Centre de services scolaire des Patriotes,-73.305549,45.638846,Préscolaire - Primaire,Franco,450 645-2357
,865192,École de l'Envolée,École de l'Envolée,"440, rue de l'Église Sud",,59015,Saint-Amable,V,J0L1N0,1,1,0,0,0,École,Public,https://delenvolee.cssp.gouv.qc.ca/,865000,Centre de services scolaire des Patriotes,-73.294261,45.651163,Préscolaire - Primaire,Franco,450 645-2348
,865193,École de l'Odyssée,École de l'Odyssée,"169, rue David Sud",,59015,Saint-Amable,V,J0L1N0,1,1,0,0,0,École,Public,https://delodyssee.cssp.gouv.qc.ca/,865000,Centre de services scolaire des Patriotes,-73.295201,45.640309,Préscolaire - Primaire,Franco,450 645-2349
,865194,École Le Rocher,École Le Rocher,"735, rue Du Parchemin",,59015,Saint-Amable,V,J0L1N0,1,1,0,0,0,École,Public,https://lerocher.cssp.gouv.qc.ca/,865000,Centre de services scolaire des Patriotes,-73.303988,45.647979,Préscolaire - Primaire,Franco,450 655-2693
,865200,École Georges-Étienne-Cartier,École Georges-Étienne-Cartier,"32, rue Marie-Rose",,57075,Saint-Antoine-sur-Richelieu,M,J0L1R0,1,1,0,0,0,École,Public,https://gec.cssp.gouv.qc.ca/,865000,Centre de services scolaire des Patriotes,-73.175013,45.78052,Préscolaire - Primaire,Franco,450 645-2345
,865210,École Jacques-Rocheleau-St-Basile,École Jacques-Rocheleau-Saint-Basile,"10, rue Préfontaine",,57020,Saint-Basile-le-Grand,V,J3N1L6,1,1,0,0,0,École,Public,https://jacquesrocheleau.cssp.gouv.qc.ca/,865000,Centre de services scolaire des Patriotes,-73.287184,45.524971,Préscolaire - Primaire,Franco,450 653-4142
,865212,École de la Chanterelle,École de la Chanterelle,"1, rue de la Chanterelle",,57020,Saint-Basile-le-Grand,V,J3N1L1,1,1,0,0,0,École,Public,https://delachanterelle.cssp.gouv.qc.ca/,865000,Centre de services scolaire des Patriotes,-73.288736,45.514871,Préscolaire - Primaire,Franco,450 461-1425
,865213,École de la Mosaïque,École de la Mosaïque,"105, avenue de Montpellier",,57020,Saint-Basile-le-Grand,V,J3N1C6,1,1,0,0,0,École,Public,https://delamosaique.cssp.gouv.qc.ca/,865000,Centre de services scolaire des Patriotes,-73.295395,45.531683,Préscolaire - Primaire,Franco,450 441-6719
,865220,École De Montarville,École De Montarville,"1725, rue Montarville",,58037,Saint-Bruno-de-Montarville,V,J3V3V2,1,1,0,0,0,École,Public,https://demontarville.cssp.gouv.qc.ca/,865000,Centre de services scolaire des Patriotes,-73.338037,45.524112,Préscolaire - Primaire,Franco,450 653-2411
,865222,École orientante l'Impact,École orientante l'Impact,"544, rue Saint-Sacrement",,58033,Boucherville,V,J4B3K9,0,0,1,0,0,École,Public,https://eoi.cssp.gouv.qc.ca/,865000,Centre de services scolaire des Patriotes,-73.453048,45.61187,Secondaire,Franco,450 655-4521
,865223,École Albert-Schweitzer,École Albert-Schweitzer,"1139, rue Cadieux",,58037,Saint-Bruno-de-Montarville,V,J3V2Z5,1,1,0,0,0,École,Public,https://albertschweitzer.cssp.gouv.qc.ca/,865000,Centre de services scolaire des Patriotes,-73.358128,45.52691,Préscolaire - Primaire,Franco,450 653-2453
,865224,École Monseigneur-Gilles-Gervais,École Monseigneur-Gilles-Gervais,"1435, rue Châteauguay",,58037,Saint-Bruno-de-Montarville,V,J3V3A9,1,1,0,0,0,École,Public,https://mgrgillesgervais.cssp.gouv.qc.ca/,865000,Centre de services scolaire des Patriotes,-73.350254,45.522644,Préscolaire - Primaire,Franco,450 653-7610
,865225,École secondaire du Mont-Bruno,École secondaire du Mont-Bruno,"221, boulevard Clairevue Est",,58037,Saint-Bruno-de-Montarville,V,J3V5J3,0,0,1,0,0,École,Public,https://dumontbruno.cssp.gouv.qc.ca/,865000,Centre de services scolaire des Patriotes,-73.340506,45.534032,Secondaire,Franco,450 653-1541
,865230,École Saint-Charles,École Saint-Charles,"420, chemin des Patriotes",,57057,Saint-Charles-sur-Richelieu,M,J0H2G0,1,1,0,0,0,École,Public,https://saintcharles.cssp.gouv.qc.ca/,865000,Centre de services scolaire des Patriotes,-73.185969,45.685242,Préscolaire - Primaire,Franco,450 467-0135
,865240,École Saint-Denis,École Saint-Denis,"290, rue du Collège",,57068,Saint-Denis-sur-Richelieu,M,J0H1K0,1,1,0,0,0,École,Public,https://saintdenis.cssp.gouv.qc.ca/,865000,Centre de services scolaire des Patriotes,-73.157107,45.782023,Préscolaire - Primaire,Franco,450 645-2360
,865245,École de l'Amitié,École de l'Amitié,"3065, rue Bédard",,57033,Saint-Jean-Baptiste,M,J0L2B0,1,1,0,0,0,École,Public,https://delamitie.cssp.gouv.qc.ca/,865000,Centre de services scolaire des Patriotes,-73.123406,45.519517,Préscolaire - Primaire,Franco,450 467-5870
,865250,École des Trois-Temps,École des Trois-Temps,"103, rue de la Fabrique",,57050,Saint-Marc-sur-Richelieu,M,J0L2E0,1,1,0,0,0,École,Public,https://destroistemps.cssp.gouv.qc.ca/,865000,Centre de services scolaire des Patriotes,-73.195824,45.678334,Préscolaire - Primaire,Franco,450 467-1921
,865260,École d'éducation internationale,École d'éducation internationale,"720, rue Morin",,57025,McMasterville,V,J3G1H1,0,0,1,0,0,École,Public,https://eei.cssp.gouv.qc.ca/,865000,Centre de services scolaire des Patriotes,-73.228704,45.548819,Secondaire,Franco,450 467-4222
,865270,École L'Arpège,École L'Arpège,"649, rue Saint-Joseph",,59010,Sainte-Julie,V,J3E1W8,1,1,0,0,0,École,Public,https://larpege.cssp.gouv.qc.ca/,865000,Centre de services scolaire des Patriotes,-73.340186,45.595142,Préscolaire - Primaire,Franco,450 645-2344
,865271,École Le Rucher,École Le Rucher,"1800, rue Savaria",,59010,Sainte-Julie,V,J3E1J9,1,1,0,0,0,École,Public,https://lerucher.cssp.gouv.qc.ca/,865000,Centre de services scolaire des Patriotes,-73.347448,45.592362,Préscolaire - Primaire,Franco,450 645-2356
,865272,École Aux-Quatre-Vents,École Aux-Quatre-Vents,"1920, rue Borduas",,59010,Sainte-Julie,V,J3E1A4,1,1,0,0,0,École,Public,https://auxquatrevents.cssp.gouv.qc.ca/,865000,Centre de services scolaire des Patriotes,-73.339555,45.58248,Préscolaire - Primaire,Franco,450 645-2347
,865273,École Arc-en-ciel,École Arc-en-ciel,"450, rue Charles-De Gaulle",,59010,Sainte-Julie,V,J3E2V6,1,1,0,0,0,École,Public,https://arcenciel.cssp.gouv.qc.ca/,865000,Centre de services scolaire des Patriotes,-73.322903,45.572,Préscolaire - Primaire,Franco,450 645-2346
,865274,École Du Moulin,École Du Moulin,"1500, rue du Moulin",,59010,Sainte-Julie,V,J3E1P8,1,1,0,0,0,École,Public,https://dumoulin.cssp.gouv.qc.ca/,865000,Centre de services scolaire des Patriotes,-73.341423,45.601964,Préscolaire - Primaire,Franco,450 645-2352
,865275,École du Grand-Chêne,École du Grand-Chêne,"27, rue du Plateau",,59010,Sainte-Julie,V,J3E2X9,1,1,0,0,0,École,Public,https://dugrandchene.cssp.gouv.qc.ca/,865000,Centre de services scolaire des Patriotes,-73.328999,45.564711,Préscolaire - Primaire,Franco,450 645-2343
,865276,École secondaire du Grand-Coteau,École secondaire du Grand-Coteau,"2020, rue Borduas",,59010,Sainte-Julie,V,J3E2G2,0,0,1,0,0,École,Public,https://dugrandcoteau.cssp.gouv.qc.ca/,865000,Centre de services scolaire des Patriotes,-73.34598,45.580987,Secondaire,Franco,450 645-2361
,865277,École du Tourne-Vent,École du Tourne-Vent,"2300, rue de Genève",,59010,Sainte-Julie,V,J3E2J1,1,1,0,0,0,École,Public,https://dutournevent.cssp.gouv.qc.ca/,865000,Centre de services scolaire des Patriotes,-73.349696,45.580901,Préscolaire - Primaire,Franco,450 645-2353
,865281,École J.-P.-Labarre,École J.-P.-Labarre,"2250, route Marie-Victorin",,59020,Varennes,V,J3X1R4,1,1,0,0,0,École,Public,https://jplabarre.cssp.gouv.qc.ca/,865000,Centre de services scolaire des Patriotes,-73.437862,45.683332,Préscolaire - Primaire,Franco,450 645-2359
,865282,École les Marguerite,École les Marguerite,"251, rue Beauchamp",,59020,Varennes,V,J3X1E7,1,1,0,0,0,École,Public,https://lesmarguerite.cssp.gouv.qc.ca/,865000,Centre de services scolaire des Patriotes,-73.427507,45.678542,Préscolaire - Primaire,Franco,450 645-2358
,865283,École La Roseraie,École la Roseraie,"237, rue Mongeau",,59020,Varennes,V,J3X1M6,1,1,0,0,0,École,Public,https://laroseraie.cssp.gouv.qc.ca/,865000,Centre de services scolaire des Patriotes,-73.414499,45.68131,Préscolaire - Primaire,Franco,450 645-2355
,865284,École de la Source,École de la Source,"239, rue du Fief",,59020,Varennes,V,J3X1Z2,1,1,0,0,0,École,Public,https://delasource.cssp.gouv.qc.ca/,865000,Centre de services scolaire des Patriotes,-73.42684,45.661186,Préscolaire - Primaire,Franco,450 645-2350
,865285,École secondaire le Carrefour,École secondaire le Carrefour,"123, chemin du Petit-Bois",,59020,Varennes,V,J3X1P7,0,0,1,0,0,École,Public,https://lecarrefour.cssp.gouv.qc.ca/,865000,Centre de services scolaire des Patriotes,-73.42987,45.670285,Secondaire,Franco,450 645-2363
,865286,École du Carrousel,École du Carrousel,"230, rue Suzor-Côté",,59020,Varennes,V,J3X1L6,1,1,0,0,0,École,Public,https://ducarrousel.cssp.gouv.qc.ca/,865000,Centre de services scolaire des Patriotes,-73.41972,45.683284,Préscolaire - Primaire,Franco,450 645-2351
,865290,École Ludger-Duvernay,École Ludger-Duvernay,"36, rue Dalpé",,59025,Verchères,M,J0L2R0,1,1,0,0,0,École,Public,https://ludgerduvernay.cssp.gouv.qc.ca/,865000,Centre de services scolaire des Patriotes,-73.357015,45.77217,Préscolaire - Primaire,Franco,450 645-2341
,865331,Centre d'éducation des adultes,Centre d'éducation des adultes des Patriotes,"1430, rue Montarville",,58037,Saint-Bruno-de-Montarville,V,J3V3T5,0,0,0,0,1,Centre éducation aux adultes,Public,https://www.eapatriotes.ca/,865000,Centre de services scolaire des Patriotes,-73.342727,45.529183,Éducation aux adultes,Franco,450 467-6205
,865435,CFP des Patriotes,Centre de formation professionnelle des Patriotes,"2121, rue Darwin",,59010,Sainte-Julie,V,J3E0C9,0,0,0,1,0,Centre de formation professionnelle,Public,https://cfpp.csp.qc.ca/,865000,Centre de services scolaire des Patriotes,-73.305816,45.57618,Formation professionnelle,Franco,450 645-2370
,866001,École Eurêka,École Eurêka,220 rue Yvan-Duquette,,47017,Granby,V,J2H0Y9,1,1,0,0,0,École,Public,https://eureka.cssvdc.gouv.qc.ca/,866000,Centre de services scolaire du Val-des-Cerfs,-72.700966,45.386167,Préscolaire - Primaire,Franco,450 372-9079
,866002,École de l'Assomption,École de l'Assomption,"161, rue Albert",,47017,Granby,V,J2G7C8,1,1,0,0,0,École,Public,https://assomption.cssvdc.gouv.qc.ca/,866000,Centre de services scolaire du Val-des-Cerfs,-72.736515,45.397363,Préscolaire - Primaire,Franco,450 375-1316
,866003,École Ave Maria,École Ave Maria,"475, rue Saint-Vincent",,47017,Granby,V,J2G9B2,1,1,0,0,0,École,Public,https://ave-maria.cssvdc.gouv.qc.ca/,866000,Centre de services scolaire du Val-des-Cerfs,-72.739127,45.388842,Préscolaire - Primaire,Franco,450 378-7925
,866004,École de l'Orée-des-Cantons,École de l'Orée-des-Cantons,"50, rue Young",,47025,Waterloo,V,J0E2N0,1,1,0,0,0,École,Public,https://oree-des-cantons.cssvdc.gouv.qc.ca/,866000,Centre de services scolaire du Val-des-Cerfs,-72.518986,45.345071,Préscolaire - Primaire,Franco,450 539-0522
,866006,École Roxton Pond,École Roxton Pond,"676, rue du Lac",,47047,Roxton Pond,M,J0E1Z0,1,1,0,0,0,École,Public,https://roxtonpond.cssvdc.gouv.qc.ca/,866000,Centre de services scolaire du Val-des-Cerfs,-72.658704,45.474568,Préscolaire - Primaire,Franco,450 372-2723
,866007,École Saint-Jean,École Saint-Jean,"52, boulevard Leclerc Est",,47017,Granby,V,J2G1S6,1,1,0,0,0,École,Public,https://st-jean.cssvdc.gouv.qc.ca/,866000,Centre de services scolaire du Val-des-Cerfs,-72.716297,45.408844,Préscolaire - Primaire,Franco,450 372-7290
,866008,École Saint-André,École Saint-André,"415, rue Calixa-Lavallée",,47017,Granby,V,J2G1C4,1,1,0,0,0,École,Public,https://st-andre.cssvdc.gouv.qc.ca/,866000,Centre de services scolaire du Val-des-Cerfs,-72.729956,45.418098,Préscolaire - Primaire,Franco,450 378-8419
,866010,École Saint-Bernard,École Saint-Bernard,"74, rue Glen",,47017,Granby,V,J2G4K4,1,1,0,0,0,École,Public,https://st-bernard.cssvdc.gouv.qc.ca/,866000,Centre de services scolaire du Val-des-Cerfs,-72.711097,45.392377,Préscolaire - Primaire,Franco,450 372-5655
,866011,École du Phénix,École du Phénix,"460, rue Notre-Dame",,47017,Granby,V,J2G3L8,1,1,0,0,0,École,Public,https://phenix.cssvdc.gouv.qc.ca/,866000,Centre de services scolaire du Val-des-Cerfs,-72.738795,45.40025,Préscolaire - Primaire,Franco,450 375-1155
,866012,École Saint-Joseph,École Saint-Joseph,"254, rue Laurier",,47017,Granby,V,J2G5K8,1,1,0,0,0,École,Public,https://st-joseph.cssvdc.gouv.qc.ca/,866000,Centre de services scolaire du Val-des-Cerfs,-72.728977,45.410208,Préscolaire - Primaire,Franco,450 372-7767
,866014,École de l'Étincelle,École de l'Étincelle,"673, rue Cabana",,47017,Granby,V,J2G1R3,1,1,0,0,0,École,Public,https://etincelle.cssvdc.gouv.qc.ca/,866000,Centre de services scolaire du Val-des-Cerfs,-72.742286,45.412403,Préscolaire - Primaire,Franco,450 378-4260
,866016,École Sainte-Cécile,École Sainte-Cécile,"252, rue Principale",,47055,Sainte-Cécile-de-Milton,M,J0E2C0,1,1,0,0,0,École,Public,https://ste-cecile.cssvdc.gouv.qc.ca/,866000,Centre de services scolaire du Val-des-Cerfs,-72.749572,45.481791,Préscolaire - Primaire,Franco,450 378-2221
,866017,École des Bâtisseurs,École des Bâtisseurs,"1199, rue Simonds Sud",,47017,Granby,V,J2G0B3,1,1,0,0,0,École,Public,https://batisseurs.cssvdc.gouv.qc.ca/,866000,Centre de services scolaire du Val-des-Cerfs,-72.742519,45.374308,Préscolaire - Primaire,Franco,450 378-4417
,866019,École Sainte-Famille,École Sainte-Famille,"100, rue Dufferin",,47017,Granby,V,J2G4W9,1,1,0,0,0,École,Public,https://ste-famille.cssvdc.gouv.qc.ca/,866000,Centre de services scolaire du Val-des-Cerfs,-72.72206,45.402252,Préscolaire - Primaire,Franco,450 378-9330
,866020,École de la Moisson-d'Or,École de la Moisson-d'Or,"309, rue Principale",,47010,Saint-Alphonse-de-Granby,M,J0E2A0,1,1,0,0,0,École,Public,https://moisson-dor.cssvdc.gouv.qc.ca/,866000,Centre de services scolaire du Val-des-Cerfs,-72.807494,45.324745,Préscolaire - Primaire,Franco,450 375-4701
,866022,École Joseph-Poitevin,École Joseph-Poitevin,"831, rue Saint-Hubert",,47017,Granby,V,J2H2K7,1,1,0,0,0,École,Public,https://j-poitevin.cssvdc.gouv.qc.ca/,866000,Centre de services scolaire du Val-des-Cerfs,-72.72755,45.436427,Préscolaire - Primaire,Franco,450 777-3804
,866023,École du Zénith,École du Zénith,"1, rue Laurette-Bellefleur",,47035,Shefford,CT,J2M0E8,1,1,0,0,0,École,Public,https://zenith.cssvdc.gouv.qc.ca/,866000,Centre de services scolaire du Val-des-Cerfs,-72.642299,45.380487,Préscolaire - Primaire,Franco,450 378-8243
,866024,École Centrale,École Centrale,"682, rue Principale",,47040,Saint-Joachim-de-Shefford,M,J0E2G0,1,1,0,0,0,École,Public,https://centrale.cssvdc.gouv.qc.ca/,866000,Centre de services scolaire du Val-des-Cerfs,-72.524923,45.453488,Préscolaire - Primaire,Franco,450 539-1816
,866025,École Saint-Romuald,École Saint-Romuald,"650, rue Yamaska Est",,46112,Farnham,V,J2N1J3,1,1,0,0,0,École,Public,https://st-romuald.cssvdc.gouv.qc.ca/,866000,Centre de services scolaire du Val-des-Cerfs,-72.970829,45.28437,Préscolaire - Primaire,Franco,450 293-3147
,866026,École Saint-Joseph,École Saint-Joseph,"1043, rue Principale",,46100,Notre-Dame-de-Stanbridge,M,J0J1M0,1,1,0,0,0,École,Public,https://nds.cssvdc.gouv.qc.ca/,866000,Centre de services scolaire du Val-des-Cerfs,-73.031754,45.171943,Préscolaire - Primaire,Franco,450 296-4325
,866027,École des Perséides,École des Perséides,"180, boulevard Robert",,47017,Granby,V,J2H0R2,1,1,0,0,0,École,Public,https://perseides.cssvdc.gouv.qc.ca/,866000,Centre de services scolaire du Val-des-Cerfs,-72.69929,45.388308,Préscolaire - Primaire,Franco,450 378-3227
,866028,École Notre-Dame-de-Lourdes,École Notre-Dame-de-Lourdes,"390, chemin de l'École",,46017,Saint-Armand,M,J0J1T0,1,1,0,0,0,École,Public,https://nddl.cssvdc.gouv.qc.ca/,866000,Centre de services scolaire du Val-des-Cerfs,-73.045092,45.030269,Préscolaire - Primaire,Franco,450 248-2639
,866029,École du Premier-Envol,École du Premier-Envol,"36, rue de l'Église",,46035,Bedford,V,J0J1A0,1,1,0,0,0,École,Public,https://dpe.cssvdc.gouv.qc.ca/,866000,Centre de services scolaire du Val-des-Cerfs,-72.984239,45.122198,Préscolaire - Primaire,Franco,450 248-3364
,866030,École Saint-Jacques,École Saint-Jacques,"250, rue Aikman Est",,46112,Farnham,V,J2N1T2,1,1,0,0,0,École,Public,https://st-jacques.cssvdc.gouv.qc.ca/,866000,Centre de services scolaire du Val-des-Cerfs,-72.978524,45.278062,Préscolaire - Primaire,Franco,450 293-6929
,866032,École Monseigneur-Desranleau,École Monseigneur-Desranleau,"12, rue Marziali",,46035,Bedford,V,J0J1A0,0,1,1,0,0,École,Public,https://mgrdesranleau.cssvdc.gouv.qc.ca/,866000,Centre de services scolaire du Val-des-Cerfs,-72.997106,45.120374,Primaire - Secondaire,Franco,450 248-3385
,866033,École des Colibris,École des Colibris,"186, rue du Nord",,46080,Cowansville,V,J2K2L5,1,1,0,0,0,École,Public,https://colibris.cssvdc.gouv.qc.ca/,866000,Centre de services scolaire du Val-des-Cerfs,-72.741619,45.213519,Préscolaire - Primaire,Franco,450 263-9828
,866034,École des Monarques,École des Monarques,"261, rue du Mont-Shefford",,47017,Granby,V,J2H3J8,1,1,0,0,0,École,Public,https://monarques.cssvdc.gouv.qc.ca/,866000,Centre de services scolaire du Val-des-Cerfs,-72.704767,45.383773,Préscolaire - Primaire,Franco,450 372-3012
,866035,École Monseigneur-Douville,École Monseigneur-Douville,"260, rue Saint-Romuald Sud",,46112,Farnham,V,J2N2P2,0,1,0,0,0,École,Public,https://mgr-douville.cssvdc.gouv.qc.ca/,866000,Centre de services scolaire du Val-des-Cerfs,-72.964052,45.274201,Primaire,Franco,450 293-4280
,866036,École Saint-François-d'Assise,École Saint-François-d'Assise,"11, rue de l'Église",,46010,Frelighsburg,M,J0J1C0,1,1,0,0,0,École,Public,https://st-francois.cssvdc.gouv.qc.ca/,866000,Centre de services scolaire du Val-des-Cerfs,-72.835117,45.055942,Préscolaire - Primaire,Franco,450 298-5292
,866037,École de la Clé-des-Champs,École de la Clé-des-Champs,"3858, rue Principale",,46050,Dunham,V,J0E1M0,1,1,0,0,0,École,Public,https://cle-des-champs.cssvdc.gouv.qc.ca/,866000,Centre de services scolaire du Val-des-Cerfs,-72.801309,45.128795,Préscolaire - Primaire,Franco,450 295-2722
,866039,École Sutton,École Sutton,"19, rue Highland",,46058,Sutton,V,J0E2K0,1,1,0,0,0,École,Public,https://sutton.cssvdc.gouv.qc.ca/,866000,Centre de services scolaire du Val-des-Cerfs,-72.61119,45.108858,Préscolaire - Primaire,Franco,450 538-2318
,866040,École Saint-Édouard,École Saint-Édouard,"376, rue Knowlton",,46075,Lac-Brome,V,J0E1V0,1,1,0,0,0,École,Public,https://st-edouard.cssvdc.gouv.qc.ca/,866000,Centre de services scolaire du Val-des-Cerfs,-72.518102,45.217819,Préscolaire - Primaire,Franco,450 243-6770
,866041,École Saint-Léon,École Saint-Léon,"201, boulevard Davignon",,46080,Cowansville,V,J2K1N7,1,1,0,0,0,École,Public,https://st-leon.cssvdc.gouv.qc.ca/,866000,Centre de services scolaire du Val-des-Cerfs,-72.743858,45.206438,Préscolaire - Primaire,Franco,450 263-5923
,866042,École Curé-A.-Petit,École Curé-A.-Petit,"229, rue Breault",,46080,Cowansville,V,J2K2T3,1,1,0,0,0,École,Public,https://curea-petit.cssvdc.gouv.qc.ca/,866000,Centre de services scolaire du Val-des-Cerfs,-72.747266,45.197393,Préscolaire - Primaire,Franco,450 263-7533
,866043,École Sainte-Thérèse,École Sainte-Thérèse,"201, boulevard Saint-Joseph",,46080,Cowansville,V,J2K1R9,1,1,0,0,0,École,Public,https://ste-therese.cssvdc.gouv.qc.ca/,866000,Centre de services scolaire du Val-des-Cerfs,-72.748809,45.203551,Préscolaire - Primaire,Franco,450 263-5841
,866044,École Saint-Vincent-Ferrier,École Saint-Vincent-Ferrier,"125, rue Adamsville",,46078,Bromont,V,J2L2Y5,1,1,0,0,0,École,Public,https://svf.cssvdc.gouv.qc.ca/,866000,Centre de services scolaire du Val-des-Cerfs,-72.786488,45.274807,Préscolaire - Primaire,Franco,450 263-4224
,866045,École de la Chantignole,École de la Chantignole,"35, chemin  de Gaspé",,46078,Bromont,V,J2L2N7,1,1,0,0,0,École,Public,https://chantignole.cssvdc.gouv.qc.ca/,866000,Centre de services scolaire du Val-des-Cerfs,-72.655472,45.31654,Préscolaire - Primaire,Franco,450 534-3310
,866046,École des Lucioles,École des Lucioles,"791, rue de la Randonnée",,46112,Farnham,V,J2N1Y7,1,1,0,0,0,École,Public,https://lucioles.cssvdc.gouv.qc.ca/,866000,Centre de services scolaire du Val-des-Cerfs,-72.981001,45.27156,Préscolaire - Primaire,Franco,579 209-0236
,866050,École l'Envolée,École l'Envolée,"549, rue Fournier",,47017,Granby,V,J2J2K5,0,0,1,0,0,École,Public,https://lenvolee.cssvdc.gouv.qc.ca/,866000,Centre de services scolaire du Val-des-Cerfs,-72.750654,45.403712,Secondaire,Franco,450 777-7536
,866051,École de la Haute-Ville,École de la Haute-Ville,"150, rue Lansdowne",,47017,Granby,V,J2G4P4,0,0,1,0,0,École,Public,https://hauteville.cssvdc.gouv.qc.ca/,866000,Centre de services scolaire du Val-des-Cerfs,-72.716189,45.40555,Secondaire,Franco,450 372-5454
,866052,École Joseph-Hermas-Leclerc,École Joseph-Hermas-Leclerc,"1111, rue Simonds Sud",,47017,Granby,V,J2G9H7,0,0,1,0,0,École,Public,https://jhl.cssvdc.gouv.qc.ca/,866000,Centre de services scolaire du Val-des-Cerfs,-72.744127,45.37679,Secondaire,Franco,450 378-9981
,866053,École Wilfrid-Léger,École Wilfrid-Léger,"185, rue Lewis Ouest",,47025,Waterloo,V,J0E2N0,0,0,1,0,0,École,Public,https://wl.cssvdc.gouv.qc.ca/,866000,Centre de services scolaire du Val-des-Cerfs,-72.528161,45.342081,Secondaire,Franco,450 539-0910
,866055,École Jean-Jacques-Bertrand,École Jean-Jacques-Bertrand,"255, rue Saint-André Sud",,46112,Farnham,V,J2N2B8,0,0,1,0,0,École,Public,https://jjb.cssvdc.gouv.qc.ca/,866000,Centre de services scolaire du Val-des-Cerfs,-72.977328,45.274978,Secondaire,Franco,450 293-3181
,866057,École Massey-Vanier,École Massey-Vanier,"222, rue Mercier",,46080,Cowansville,V,J2K3R9,0,0,1,0,0,École,Public,https://mv.cssvdc.gouv.qc.ca/,866000,Centre de services scolaire du Val-des-Cerfs,-72.772443,45.207064,Secondaire,Franco,450 263-6660
,866370,Centre régional intégré de formation,Centre régional intégré de formation,"700, rue Denison Ouest",,47017,Granby,V,J2G4G3,0,0,0,0,1,Centre éducation aux adultes,Public,https://crif.cssvdc.gouv.qc.ca/,866000,Centre de services scolaire du Val-des-Cerfs,-72.745186,45.380672,Éducation aux adultes,Franco,450 378-8544
,866371,Campus de Brome-Missisquoi,Campus de Brome-Missisquoi,"180, rue Adélard-Godbout",,46080,Cowansville,V,J2K3X9,0,0,0,0,1,Centre éducation aux adultes,Public,https://cbm.cssvdc.gouv.qc.ca/,866000,Centre de services scolaire du Val-des-Cerfs,-72.771304,45.206764,Éducation aux adultes,Franco,450 263-7901
,866470,Centre régional intégré de formation,Centre régional intégré de formation,"700, rue Denison Ouest",,47017,Granby,V,J2G4G3,0,0,0,1,0,Centre de formation professionnelle,Public,https://crif.cssvdc.gouv.qc.ca/,866000,Centre de services scolaire du Val-des-Cerfs,-72.745186,45.380672,Formation professionnelle,Franco,450 378-8544
,866471,Campus de Brome-Missisquoi,Campus de Brome-Missisquoi,"180, rue Adélard-Godbout",,46080,Cowansville,V,J2K3X9,0,0,0,1,0,Centre de formation professionnelle,Public,https://cbm.cssvdc.gouv.qc.ca/,866000,Centre de services scolaire du Val-des-Cerfs,-72.771304,45.206764,Formation professionnelle,Franco,450 263-7901
,867001,École de la Petite-Gare,École de la Petite-Gare,"650, boulevard de Palerme",,67015,La Prairie,V,J5R6B2,1,1,0,0,0,École,Public,https://www.csdgs.qc.ca/INTERNET/001/index-01.html,867000,Centre de services scolaire des Grandes-Seigneuries,-73.474625,45.401867,Préscolaire - Primaire,Franco,514 380-8899
,867002,École Émilie-Gamelin,École Émilie-Gamelin,"275, boulevard des Mésanges",,67015,La Prairie,V,J5R5Z1,1,1,0,0,0,École,Public,https://www.csdgs.qc.ca/Internet/002/Index.htm,867000,Centre de services scolaire des Grandes-Seigneuries,-73.461432,45.419374,Préscolaire - Primaire,Franco,514 380-8899
,867003,École Notre-Dame-Saint-Joseph,École Notre-Dame-Saint-Joseph,"320, rue Saint-Charles",,67015,La Prairie,V,J5R2N9,1,1,0,0,0,École,Public,https://www.csdgs.qc.ca/internet/003/NDSJC.HTM,867000,Centre de services scolaire des Grandes-Seigneuries,-73.493136,45.416495,Préscolaire - Primaire,Franco,514 380-8899
,867005,École sec. Saint-François-Xavier,École Saint-François-Xavier,"500, boulevard Taschereau",,67015,La Prairie,V,J5R1V1,0,0,1,0,0,École,Public,https://sfx.cssdgs.gouv.qc.ca/,867000,Centre de services scolaire des Grandes-Seigneuries,-73.492665,45.413142,Secondaire,Franco,514 380-8899
,867006,École Jean-XXIII,École Jean-XXIII,"415, rue Longtin",,67015,La Prairie,V,J5R2W3,1,1,0,0,0,École,Public,,867000,Centre de services scolaire des Grandes-Seigneuries,-73.495568,45.412233,Préscolaire - Primaire,Franco,514 380-8899
,867007,École de la Magdeleine,École de la Magdeleine,"1100, boulevard Taschereau",,67015,La Prairie,V,J5R1W8,0,0,1,0,0,École,Public,https://www.csdgs.qc.ca/Internet/007/Index.htm,867000,Centre de services scolaire des Grandes-Seigneuries,-73.502083,45.404112,Secondaire,Franco,514 380-8899
,867012,École Fernand-Seguin,École Fernand-Seguin,"201, boulevard Jean-Leman",,67020,Candiac,V,J5R4V5,0,0,1,0,0,École,Public,https://fernandseguin.cssdgs.gouv.qc.ca/,867000,Centre de services scolaire des Grandes-Seigneuries,-73.505362,45.377029,Secondaire,Franco,514 380-8899
,867013,École Jean-Leman,École Jean-Leman,"4, avenue Champagne",,67020,Candiac,V,J5R4W3,1,1,0,0,0,École,Public,,867000,Centre de services scolaire des Grandes-Seigneuries,-73.508133,45.378289,Préscolaire - Primaire,Franco,514 380-8899
,867014,École Saint-Marc,École Saint-Marc,"30, chemin Haendel",,67020,Candiac,V,J5R1R8,1,1,0,0,0,École,Public,https://www.csdgs.qc.ca/Internet/014/st_marc/index.htm,867000,Centre de services scolaire des Grandes-Seigneuries,-73.519054,45.390832,Préscolaire - Primaire,Franco,514 380-8899
,867015,École Plein-Soleil,École Plein-Soleil,50 ,rue de Toulouse,67020,Candiac,V,J5R0G6,1,1,0,0,0,École,Public,,867000,Centre de services scolaire des Grandes-Seigneuries,-73.481254,45.384497,Préscolaire - Primaire,Franco,514 380-8899
,867018,École Louis-Lafortune,École Louis-Lafortune,"103, montée des Bouleaux",,67025,Delson,V,J5B1L4,1,1,0,0,0,École,Public,https://www.csdgs.qc.ca/internet/018/index.html,867000,Centre de services scolaire des Grandes-Seigneuries,-73.546425,45.377416,Préscolaire - Primaire,Franco,514 380-8899
,867019,École alternative des Cheminots,École alternative des Cheminots,"35, rue Boardman",,67025,Delson,V,J5B2C3,1,1,0,0,0,École,Public,https://www.csdgs.qc.ca/internet/018/index.html,867000,Centre de services scolaire des Grandes-Seigneuries,-73.54635,45.379251,Préscolaire - Primaire,Franco,514 380-8899
,867021,École de l'Odyssée,École de l'Odyssée,"1025, rue des Colibris",,67030,Sainte-Catherine,V,J5C1P5,1,1,0,0,0,École,Public,,867000,Centre de services scolaire des Grandes-Seigneuries,-73.56553,45.393556,Préscolaire - Primaire,Franco,514 380-8899
,867022,École des Timoniers,École des Timoniers,"3805, rue des Marins",,67030,Sainte-Catherine,V,J5C1W6,0,0,1,0,0,École,Public,https://www.csdgs.qc.ca/Internet/022/accueil1/accueilTimoniers.htm,867000,Centre de services scolaire des Grandes-Seigneuries,-73.554293,45.398035,Secondaire,Franco,514 380-8899
,867023,École des Bourlingueurs,École des Bourlingueurs,"3705, rue des Marins",,67030,Sainte-Catherine,V,J5C1W6,1,1,0,0,0,École,Public,,867000,Centre de services scolaire des Grandes-Seigneuries,-73.553105,45.39782,Préscolaire - Primaire,Franco,514 380-8899
,867025,École Saint-Jean,École Saint-Jean,"1405, rue de l'École",,67030,Sainte-Catherine,V,J5C1K1,1,1,0,0,0,École,Public,,867000,Centre de services scolaire des Grandes-Seigneuries,-73.574271,45.395792,Préscolaire - Primaire,Franco,514 380-8899
,867027,École des Horizons,École des Horizons,"305, rue Wilfrid-Lamarche",,67035,Saint-Constant,V,J5A1W2,1,1,0,0,0,École,Public,https://deshorizons.cssdgs.gouv.qc.ca/,867000,Centre de services scolaire des Grandes-Seigneuries,-73.597937,45.380475,Préscolaire - Primaire,Franco,514 380-8899
,867028,École Piché-Dufrost,École Piché-Dufrost,"26, rue Sainte-Catherine",,67035,Saint-Constant,V,J5A1G2,1,1,0,0,0,École,Public,,867000,Centre de services scolaire des Grandes-Seigneuries,-73.56609,45.379143,Préscolaire - Primaire,Franco,514 380-8899
,867029,École Vinet-Souligny,École Vinet-Souligny,"13, montée Saint-Régis",,67035,Saint-Constant,V,J5A1Y3,1,1,0,0,0,École,Public,https://www.csdgs.qc.ca/INTERNET/029/Index.html,867000,Centre de services scolaire des Grandes-Seigneuries,-73.571271,45.366335,Préscolaire - Primaire,Franco,514 380-8899
,867030,École Jacques-Leber,École Jacques-Leber,"30, rue de l'Église",,67035,Saint-Constant,V,J5A1Y5,0,0,1,0,0,École,Public,,867000,Centre de services scolaire des Grandes-Seigneuries,-73.576106,45.364487,Secondaire,Franco,514 380-8899
,867032,École de l'Aquarelle-Armand-Frappier,École de l'Aquarelle-Armand-Frappier,"291, rue Sainte-Catherine",,67035,Saint-Constant,V,J5A1W2,1,1,0,0,0,École,Public,,867000,Centre de services scolaire des Grandes-Seigneuries,-73.597587,45.384627,Préscolaire - Primaire,Franco,514 380-8899
,867033,École Félix-Leclerc,École Félix-Leclerc,"161, boulevard Monchamp",,67035,Saint-Constant,V,J5A2K8,1,1,0,0,0,École,Public,https://www.csdgs.qc.ca/FelixLeclerc/index.htm,867000,Centre de services scolaire des Grandes-Seigneuries,-73.585191,45.378347,Préscolaire - Primaire,Franco,514 380-8899
,867037,École Marc-André-Fortier,École Marc-André-Fortier,"121, rue Prince",,67050,Châteauguay,V,J6K5J2,1,1,0,0,0,École,Public,,867000,Centre de services scolaire des Grandes-Seigneuries,-73.732414,45.355887,Préscolaire - Primaire,Franco,514 308-8899
,867038,École Gérin-Lajoie,École Gérin-Lajoie,"161, rue Champlain",,67050,Châteauguay,V,J6K4K5,1,1,0,0,0,École,Public,,867000,Centre de services scolaire des Grandes-Seigneuries,-73.735433,45.346893,Préscolaire - Primaire,Franco,514 380-8899
,867039,École alternative des Trois-Sources,École alternative des Trois-Sources,"85, rue Prince",,67050,Châteauguay,V,J6K3Z9,1,1,0,0,0,École,Public,https://www.csdgs.qc.ca/Internet/039/index.htm,867000,Centre de services scolaire des Grandes-Seigneuries,-73.7315,45.35563,Préscolaire - Primaire,Franco,514 380-8899
,867040,École Saint-Jean-Baptiste,École Saint-Jean-Baptiste,"14, rue Rainville",,67050,Châteauguay,V,J6K1H6,1,1,0,0,0,École,Public,https://www.csdgs.qc.ca/Internet/040/index.html,867000,Centre de services scolaire des Grandes-Seigneuries,-73.713769,45.356276,Préscolaire - Primaire,Franco,514 380-8899
,867041,École Laberge,École Laberge,"315, rue Rideau",,67050,Châteauguay,V,J6J1S1,1,1,0,0,0,École,Public,,867000,Centre de services scolaire des Grandes-Seigneuries,-73.723468,45.372149,Préscolaire - Primaire,Franco,514 380-8899
,867042,École Gabrielle-Roy,École Gabrielle-Roy,"275, rue Bonaventure",,67050,Châteauguay,V,J6J1R7,0,0,1,0,0,École,Public,https://www.csdgs.qc.ca/internet/042/index.html,867000,Centre de services scolaire des Grandes-Seigneuries,-73.727529,45.372483,Secondaire,Franco,514 380-8899
,867043,École de la Rive,École de la Rive,"184, boulevard Salaberry Nord",,67050,Châteauguay,V,J6J4K9,1,1,0,0,0,École,Public,,867000,Centre de services scolaire des Grandes-Seigneuries,-73.749397,45.377719,Préscolaire - Primaire,Franco,514 380-8899
,867045,École Notre-Dame-de-l'Assomption,École Notre-Dame-de-l'Assomption,"95, rue Notre-Dame Nord",,67050,Châteauguay,V,J6J4T2,1,1,0,0,0,École,Public,https://www.csdgs.qc.ca//NDAA/index.htm,867000,Centre de services scolaire des Grandes-Seigneuries,-73.760323,45.374078,Préscolaire - Primaire,Franco,514 380-8899
,867046,École Marguerite-Bourgeois,École Marguerite-Bourgeois,"68, rue Principale",,67050,Châteauguay,V,J6J3G9,0,0,1,0,0,École,Public,https://www.csdgs.qc.ca/Internet/002/Index.htm,867000,Centre de services scolaire des Grandes-Seigneuries,-73.7506,45.35996,Secondaire,Franco,514 380-8899
,867047,École Saint-Jude,École Saint-Jude,"71, rue Alphonse-Desjardins",,67050,Châteauguay,V,J6K1N1,1,1,0,0,0,École,Public,,867000,Centre de services scolaire des Grandes-Seigneuries,-73.750091,45.358515,Préscolaire - Primaire,Franco,514 380-8899
,867048,École Louis-Philippe-Paré,École Louis-Philippe-Paré,"235, boulevard Brisebois",,67050,Châteauguay,V,J6K3X4,0,0,1,0,0,École,Public,https://www.csdgs.qc.ca/internet/048/INDEX.HTML,867000,Centre de services scolaire des Grandes-Seigneuries,-73.76787,45.344527,Secondaire,Franco,514 380-8899
,867049,École régionale Brenda Milner,École régionale Brenda Milner,"201, boulevard Sutterlin",,67050,Châteauguay,V,J6K4Z7,1,1,1,0,0,École,Public,https://brenda-milner.cssdgs.gouv.qc.ca/,867000,Centre de services scolaire des Grandes-Seigneuries,-73.763509,45.349529,Préscolaire - Primaire - Secondaire,Franco,514 380-8899
,867053,École de l'Archipel,École de l'Archipel,"7, rue Arlette-Vincter",,67055,Léry,V,J6N0T7,1,1,0,0,0,École,Public,,867000,Centre de services scolaire des Grandes-Seigneuries,-73.811295,45.33661,Préscolaire - Primaire,Franco,514 380-8899
,867054,École Saint-Joseph,École Saint-Joseph,"13, rue de l'Église",,67045,Mercier,V,J6R2K8,1,1,0,0,0,École,Public,https://www.csdgs.qc.ca/INTERNET/054/Index.htm,867000,Centre de services scolaire des Grandes-Seigneuries,-73.743082,45.310351,Préscolaire - Primaire,Franco,514 380-8899
,867055,École Bonnier,École Bonnier,"14, rue Marleau",,67045,Mercier,V,J6R2K8,0,0,1,0,0,École,Public,https://www.csdgs.qc.ca//Internet/055/Publier/index.html,867000,Centre de services scolaire des Grandes-Seigneuries,-73.747195,45.311638,Secondaire,Franco,514 380-8899
,867056,École Saint-René,École Saint-René,"14, rue Vervais",,67045,Mercier,V,J6R2K9,1,1,0,0,0,École,Public,https://www.csdgs.qc.ca/Internet/056/Accsite.htm,867000,Centre de services scolaire des Grandes-Seigneuries,-73.74978,45.310733,Préscolaire - Primaire,Franco,514 380-8899
,867057,École des Bons-Vents,École des Bons-Vents,"11, rue Batiscan",,67045,Mercier,V,J6R2P2,1,1,0,0,0,École,Public,,867000,Centre de services scolaire des Grandes-Seigneuries,-73.74598,45.342485,Préscolaire - Primaire,Franco,514 380-8899
,867060,École Saint-Isidore-Langevin,École Saint-Isidore-Langevin,"641, rue Saint-Régis",,67040,Saint-Isidore,P,J0L2A0,1,1,0,0,0,École,Public,,867000,Centre de services scolaire des Grandes-Seigneuries,-73.680097,45.301484,Préscolaire - Primaire,Franco,514 380-8899
,867063,École Saint-Viateur-Clotilde-Raymond,École Saint-Viateur-Clotilde-Raymond,"60, rue Saint-Viateur",,68055,Saint-Rémi,V,J0L2L0,1,1,0,0,0,École,Public,https://www.csdgs.qc.ca/INTERNET/063/Index/index.htm,867000,Centre de services scolaire des Grandes-Seigneuries,-73.618578,45.25695,Préscolaire - Primaire,Franco,514 380-8899
,867065,École  Pierre-Bédard,École  Pierre-Bédard,"24, rue Saint-Sauveur",,68055,Saint-Rémi,V,J0L2L0,0,0,1,0,0,École,Public,,867000,Centre de services scolaire des Grandes-Seigneuries,-73.615512,45.25588,Secondaire,Franco,514 380-8899
,867068,École Jacques-Barclay,École Jacques-Barclay,"368, rue Principale",,67005,Saint-Mathieu,M,J0L2H0,1,1,0,0,0,École,Public,https://www.csdgs.qc.ca/internet/068/siteweb/index.html,867000,Centre de services scolaire des Grandes-Seigneuries,-73.52288,45.312857,Préscolaire - Primaire,Franco,514 380-8899
,867069,École des Moussaillons-et-de-la-Traversé,École des Moussaillons-et-de-la-Traversée,"2, rue Foucreault",,67010,Saint-Philippe,V,J0L2K0,1,1,0,0,0,École,Public,,867000,Centre de services scolaire des Grandes-Seigneuries,-73.476407,45.354759,Préscolaire - Primaire,Franco,514 380-8899
,867071,École Saint-Édouard,École Saint-Édouard,"70, rue de l'École",,68045,Saint-Édouard,M,J0L1Y0,1,1,0,0,0,École,Public,https://www.csdgs.qc.ca/StEdouard/index.htm,867000,Centre de services scolaire des Grandes-Seigneuries,-73.508751,45.24122,Préscolaire - Primaire,Franco,514 380-8899
,867072,École Saint-Michel-Archange,École Saint-Michel-Archange,"430, place Saint-Michel",,68050,Saint-Michel,M,J0L2J0,1,1,0,0,0,École,Public,https://www.csdgs.qc.ca/internet/072/index.htm,867000,Centre de services scolaire des Grandes-Seigneuries,-73.572138,45.234844,Préscolaire - Primaire,Franco,514 380-8899
,867073,École Sainte-Clotilde,École Sainte-Clotilde,"2459, rue de l'Église",,68020,Sainte-Clotilde,M,J0L1W0,1,1,0,0,0,École,Public,,867000,Centre de services scolaire des Grandes-Seigneuries,-73.680832,45.157054,Préscolaire - Primaire,Franco,514 380-8899
,867075,École Saint-Patrice,École Saint-Patrice,"227, rue Saint-Patrice",,68025,Saint-Patrice-de-Sherrington,M,J0L2N0,1,1,0,0,0,École,Public,,867000,Centre de services scolaire des Grandes-Seigneuries,-73.5238,45.166056,Préscolaire - Primaire,Franco,514 380-8899
,867076,École Louis-Cyr,École Louis-Cyr,"319, rue Saint-Louis",,68030,Napierville,M,J0J1L0,0,0,1,0,0,École,Public,https://www.csdgs.qc.ca/Internet/076/INDEX.HTML,867000,Centre de services scolaire des Grandes-Seigneuries,-73.40443,45.191486,Secondaire,Franco,514 380-8899
,867077,École Daigneau,École Daigneau,"285, rue de l'Église",,68030,Napierville,M,J0J1L0,1,1,0,0,0,École,Public,https://www.csdgs.qc.ca/INTERNET/077/DAIGNEAU/Index.htm,867000,Centre de services scolaire des Grandes-Seigneuries,-73.403134,45.19036,Préscolaire - Primaire,Franco,514 380-8899
,867079,École Saint-Bernard,École Saint-Bernard,"135, rang Saint-Claude",,68005,Saint-Bernard-de-Lacolle,M,J0J1V0,1,1,0,0,0,École,Public,,867000,Centre de services scolaire des Grandes-Seigneuries,-73.411805,45.080428,Préscolaire - Primaire,Franco,514 380-8899
,867080,École Saint-Romain,École Saint-Romain,"557, rue Frontière",,68010,Hemmingford,VL,J0L1H0,1,1,0,0,0,École,Public,https://www.csdgs.qc.ca/INTERNET/080/Index.htm,867000,Centre de services scolaire des Grandes-Seigneuries,-73.587442,45.048823,Préscolaire - Primaire,Franco,514 380-8899
,867081,École du Tournant,École du Tournant,"65, montée Saint-Régis",,67035,Saint-Constant,V,J5A1X9,0,0,1,0,0,École,Public,,867000,Centre de services scolaire des Grandes-Seigneuries,-73.578001,45.368049,Secondaire,Franco,514 380-8899
,867321,Cent. de form. prof. à La Prairie,Centre de formation professionnelle à La Prairie (FGA),"399, rue Conrad-Pelletier",,67015,La Prairie,V,J5R4V1,0,0,0,0,1,Centre éducation aux adultes,Public,https://mondep.com/cfpl/,867000,Centre de services scolaire des Grandes-Seigneuries,-73.50457,45.40369,Éducation aux adultes,Franco,514 380-8899
,867336,École de form. prof. de Châteauguay,École de formation professionnelle de Châteauguay (FGA),"225, boulevard Brisebois",,67050,Châteauguay,V,J6K3X4,0,0,0,0,1,Centre éducation aux adultes,Public,https://mondep.com/efpc/,867000,Centre de services scolaire des Grandes-Seigneuries,-73.76787,45.344527,Éducation aux adultes,Franco,514 380-8899
,867389,Centre de formation générale aux adultes,Centre de formation générale aux adultes des Grandes-Seigneuries,25 rue d'Abbotsford,,67050,Châteauguay,V,J6J1K3,0,0,0,0,1,Centre éducation aux adultes,Public,https://cfgadgs.cssdgs.gouv.qc.ca/,867000,Centre de services scolaire des Grandes-Seigneuries,-73.748072,45.378343,Éducation aux adultes,Franco,514 380-8899
,867420,Cent. de form. prof. à La Prairie,Centre de formation professionnelle à La Prairie (FP),"399, rue Conrad-Pelletier",,67015,La Prairie,V,J5R4V1,0,0,0,1,0,Centre de formation professionnelle,Public,https://www.csdgs.qc.ca/Internet/002/Index.htm,867000,Centre de services scolaire des Grandes-Seigneuries,-73.50457,45.40369,Formation professionnelle,Franco,514 380-8899
,867430,École de form. prof. de Châteauguay (FP),École de formation professionnelle de Châteauguay (FP),"225, boulevard Brisebois",,67050,Châteauguay,V,J6K3X4,0,0,0,1,0,Centre de formation professionnelle,Public,https://mondep.com/efpc/,867000,Centre de services scolaire des Grandes-Seigneuries,-73.76787,45.344527,Formation professionnelle,Franco,514 380-8899
,868001,École Saint-Eugène,École Saint-Eugène,"480, rue de l'Église",,70022,Beauharnois,V,J6N1R4,1,1,0,0,0,École,Public,,868000,Centre de services scolaire de la Vallée-des-Tisserands,-73.841875,45.319196,Préscolaire - Primaire,Franco,450 429-5262
,868002,École Notre-Dame-de-la-Paix,École Notre-Dame-de-la-Paix,"222, rue Principale",,70022,Beauharnois,V,J6N0M8,1,1,0,0,0,École,Public,,868000,Centre de services scolaire de la Vallée-des-Tisserands,-73.930845,45.316726,Préscolaire - Primaire,Franco,450 429-4833
,868003,École Saint-Étienne,École Saint-Étienne,"426, rue de l'Église",,70030,Saint-Étienne-de-Beauharnois,M,J0S1S0,1,1,0,0,0,École,Public,,868000,Centre de services scolaire de la Vallée-des-Tisserands,-73.916412,45.247615,Préscolaire - Primaire,Franco,450 429-4572
,868004,École Jésus-Marie,École Jésus-Marie,"25, rue Saint-Joseph",,70022,Beauharnois,V,J6N1Z3,1,1,0,0,0,École,Public,,868000,Centre de services scolaire de la Vallée-des-Tisserands,-73.876928,45.31177,Préscolaire - Primaire,Franco,450 429-3388
,868005,École Saint-Paul,École Saint-Paul,"205, rue Edmour-Daoust",,70022,Beauharnois,V,J6N2R4,1,1,0,0,0,École,Public,,868000,Centre de services scolaire de la Vallée-des-Tisserands,-73.867726,45.306878,Préscolaire - Primaire,Franco,450 429-5251
,868006,École Sacré-Coeur,École Sacré-Coeur,"9, rue Ronaldo-Bélanger",,70012,Sainte-Martine,M,J0S1V0,1,1,0,0,0,École,Public,,868000,Centre de services scolaire de la Vallée-des-Tisserands,-73.802567,45.243405,Préscolaire - Primaire,Franco,450 225-4970
,868007,École Saint-Urbain,École Saint-Urbain,"9, rue de l'École",,70005,Saint-Urbain-Premier,M,J0S1Y0,1,1,0,0,0,École,Public,,868000,Centre de services scolaire de la Vallée-des-Tisserands,-73.737313,45.221695,Préscolaire - Primaire,Franco,450 225-4971
,868008,École Montpetit,École Montpetit,"57, rue Wood",,69017,Saint-Chrysostome,M,J0S1R0,1,1,0,0,0,École,Public,,868000,Centre de services scolaire de la Vallée-des-Tisserands,-73.758196,45.101878,Préscolaire - Primaire,Franco,450 225-4973
,868009,École Saint-Jean,École Saint-Jean,"9, rue Académie",,69025,Howick,M,J0S1G0,1,1,0,0,0,École,Public,,868000,Centre de services scolaire de la Vallée-des-Tisserands,-73.850054,45.186443,Préscolaire - Primaire,Franco,450 377-6061
,868010,École Centrale Saint-Antoine-Abbé,École Centrale de Saint-Antoine-Abbé,"4110, rue de l'Église",,69010,Franklin,M,J0S1N0,1,1,0,0,0,École,Public,,868000,Centre de services scolaire de la Vallée-des-Tisserands,-73.889938,45.052943,Préscolaire - Primaire,Franco,450 377-6062
,868011,École Omer-Séguin,École Omer-Séguin,"12, rue Saint-Thomas",,70035,Saint-Louis-de-Gonzague,P,J0S1T0,1,1,0,0,0,École,Public,,868000,Centre de services scolaire de la Vallée-des-Tisserands,-73.996122,45.213823,Préscolaire - Primaire,Franco,450 373-2996
,868012,École Notre-Dame-du-Rosaire,École Notre-Dame-du-Rosaire,"8, rue Bridge",,69037,Ormstown,M,J0S1K0,1,1,0,0,0,École,Public,,868000,Centre de services scolaire de la Vallée-des-Tisserands,-73.991319,45.122286,Préscolaire - Primaire,Franco,450 377-6063
,868013,École Notre-Dame,École Notre-Dame,"15, rue York",,69055,Huntingdon,V,J0S1H0,1,1,0,0,0,École,Public,,868000,Centre de services scolaire de la Vallée-des-Tisserands,-74.171968,45.092041,Préscolaire - Primaire,Franco,450 377-6064
,868014,École des Jeunes-Riverains,École des Jeunes-Riverains,"1545, Route 132",,69070,Saint-Anicet,M,J0S1M0,1,1,0,0,0,École,Public,,868000,Centre de services scolaire de la Vallée-des-Tisserands,-74.357124,45.137423,Préscolaire - Primaire,Franco,450 377-6060
,868015,École Notre-Dame-de-l'Assomption,École Notre-Dame-de-l'Assomption,"115, rue Centrale",,70040,Saint-Stanislas-de-Kostka,M,J0S1W0,1,1,0,0,0,École,Public,,868000,Centre de services scolaire de la Vallée-des-Tisserands,-74.131231,45.179282,Préscolaire - Primaire,Franco,450 377-8887
,868016,École int. Marie-Rose - Saint-André,École intégrée Marie-Rose - Saint-André,"5383, boulevard Hébert",,70052,Salaberry-de-Valleyfield,V,J6S6G8,1,1,0,0,0,École,Public,,868000,Centre de services scolaire de la Vallée-des-Tisserands,-74.035471,45.291969,Préscolaire - Primaire,Franco,450 373-3265
,868018,École Élisabeth-Monette,École Élisabeth-Monette,"10, rue Kent",,70052,Salaberry-de-Valleyfield,V,J6S4T3,1,1,0,0,0,École,Public,,868000,Centre de services scolaire de la Vallée-des-Tisserands,-74.083149,45.276726,Préscolaire - Primaire,Franco,450 373-1256
,868019,École Montpetit,École Montpetit,"537, rue Montpetit",,70052,Salaberry-de-Valleyfield,V,J6S4A7,1,1,0,0,0,École,Public,,868000,Centre de services scolaire de la Vallée-des-Tisserands,-74.131061,45.273393,Préscolaire - Primaire,Franco,450 373-2420
,868020,École de la Source,École de la Source,"269, rue Grande-Île",,70052,Salaberry-de-Valleyfield,V,J6S3N3,1,1,0,0,0,École,Public,,868000,Centre de services scolaire de la Vallée-des-Tisserands,-74.136245,45.267479,Préscolaire - Primaire,Franco,450 373-2616
,868021,École Saint-Joseph-Artisan,École Saint-Joseph-Artisan,"65, rue Meloche",,70052,Salaberry-de-Valleyfield,V,J6S1H7,1,1,0,0,0,École,Public,,868000,Centre de services scolaire de la Vallée-des-Tisserands,-74.151805,45.260733,Préscolaire - Primaire,Franco,450 373-7431
,868022,École Langlois,École Langlois,"316, rue Saint-Jean-Baptiste",,70052,Salaberry-de-Valleyfield,V,J6T2A9,1,1,0,0,0,École,Public,,868000,Centre de services scolaire de la Vallée-des-Tisserands,-74.141584,45.249263,Préscolaire - Primaire,Franco,450 373-6661
,868023,École Frédéric-Girard,École Frédéric-Girard,"84, boulevard Quevillon",,70052,Salaberry-de-Valleyfield,V,J6T3K3,1,1,0,0,0,École,Public,,868000,Centre de services scolaire de la Vallée-des-Tisserands,-74.139104,45.246244,Préscolaire - Primaire,Franco,450 373-7897
,868025,École Notre-Dame-du-Saint-Esprit,École Notre-Dame-du-Saint-Esprit,"92, rue des Syndics",,70052,Salaberry-de-Valleyfield,V,J6T2R3,1,1,0,0,0,École,Public,,868000,Centre de services scolaire de la Vallée-des-Tisserands,-74.123335,45.253405,Préscolaire - Primaire,Franco,450 373-2450
,868026,École Sacré-Coeur,École Sacré-Coeur,"285, rue Alphonse-Desjardins",,70052,Salaberry-de-Valleyfield,V,J6S2P2,1,1,0,0,0,École,Public,,868000,Centre de services scolaire de la Vallée-des-Tisserands,-74.116658,45.260388,Préscolaire - Primaire,Franco,450 373-1270
,868027,École Saint-Eugène,École Saint-Eugène,"415, rue Dufferin",,70052,Salaberry-de-Valleyfield,V,J6S2A9,1,1,0,0,0,École,Public,,868000,Centre de services scolaire de la Vallée-des-Tisserands,-74.109431,45.262469,Préscolaire - Primaire,Franco,450 373-0673
,868028,École Edgar-Hébert,École Edgar-Hébert,"161, rue Saint-Thomas",,70052,Salaberry-de-Valleyfield,V,J6T4K1,1,1,0,0,0,École,Public,,868000,Centre de services scolaire de la Vallée-des-Tisserands,-74.127723,45.24925,Préscolaire - Primaire,Franco,450 371-2008
,868029,École de la Traversée,École de la Traversée,"92, rue des Syndics",,70052,Salaberry-de-Valleyfield,V,J6T2R3,1,1,0,0,0,École,Public,,868000,Centre de services scolaire de la Vallée-des-Tisserands,-74.123335,45.253405,Préscolaire - Primaire,Franco,450 373-2450
,868034,École du Parcours,École du Parcours,"301, rue Jacques-Cartier",,70052,Salaberry-de-Valleyfield,V,J6T5H3,0,1,1,0,0,École,Public,,868000,Centre de services scolaire de la Vallée-des-Tisserands,-74.119783,45.244272,Primaire - Secondaire,Franco,450 370-3701
,868035,École sec. Patriotes Beauharnois,École secondaire des Patriotes-de-Beauharnois,"250, rue Gagnon",,70022,Beauharnois,V,J6N2W8,0,0,1,0,0,École,Public,,868000,Centre de services scolaire de la Vallée-des-Tisserands,-73.868443,45.301332,Secondaire,Franco,450 225-2260
,868036,École Sainte-Martine,École Sainte-Martine,"5, rue Ronaldo-Bélanger",,70012,Sainte-Martine,M,J0S1V0,0,1,1,0,0,École,Public,,868000,Centre de services scolaire de la Vallée-des-Tisserands,-73.803986,45.24301,Primaire - Secondaire,Franco,450 225-4972
,868039,École de la Baie-Saint-François,École de la Baie-Saint-François,"70, rue Louis VI Major",,70052,Salaberry-de-Valleyfield,V,J6T3G2,0,0,1,0,0,École,Public,https://ebsf.ca/,868000,Centre de services scolaire de la Vallée-des-Tisserands,-74.112935,45.239971,Secondaire,Franco,450 371-2004
,868040,École Arthur-Pigeon,École Arthur-Pigeon,"1, rue Arthur-Pigeon",,69055,Huntingdon,V,J0S1H0,0,0,1,0,0,École,Public,,868000,Centre de services scolaire de la Vallée-des-Tisserands,-74.168892,45.087962,Secondaire,Franco,450 377-6065
,868303,C.F.G.A.T.,Centre de formation générale des adultes des Tisserands,"115, rue Saint-Charles",,70052,Salaberry-de-Valleyfield,V,J6S4A2,0,0,0,0,1,Centre éducation aux adultes,Public,,868000,Centre de services scolaire de la Vallée-des-Tisserands,-74.124758,45.263457,Éducation aux adultes,Franco,450 371-2006
,868400,CFP du Suroît,Centre de formation professionnelle du Suroît,"445, rue Jacques-Cartier",,70052,Salaberry-de-Valleyfield,V,J6T6L9,0,0,0,1,0,Centre de formation professionnelle,Public,https://www.cfpsuroit.ca/,868000,Centre de services scolaire de la Vallée-des-Tisserands,-74.11576,45.238293,Formation professionnelle,Franco,450 371-2009
,869001,École Sainte-Marthe - Cuillierrier,École Sainte-Marthe - Cuillierrier,"536, rue Principale",,71110,Sainte-Marthe,M,J0P1W0,1,1,0,0,0,École,Public,https://www.csstl.gouv.qc.ca,869000,Centre de services scolaire des Trois-Lacs,-74.295691,45.406171,Préscolaire - Primaire,Franco,450 267-3450
,869002,École du Val-des-Prés,École du Val-des-Prés,"1228, chemin de l'Église",,71020,Saint-Polycarpe,M,J0P1X0,1,1,0,0,0,École,Public,https://www.csstl.gouv.qc.ca,869000,Centre de services scolaire des Trois-Lacs,-74.30079,45.301009,Préscolaire - Primaire,Franco,450 267-3454
,869003,École secondaire Soulanges,École secondaire Soulanges,"137, rue Sainte-Catherine",,71020,Saint-Polycarpe,M,J0P1X0,0,0,1,0,0,École,Public,https://www.csstl.gouv.qc.ca,869000,Centre de services scolaire des Trois-Lacs,-74.31002,45.297299,Secondaire,Franco,450 267-3456
,869004,École secondaire de la Cité-des-Jeunes,École secondaire de la Cité-des-Jeunes,"400, avenue Saint-Charles",,71083,Vaudreuil-Dorion,V,J7V6B1,0,0,1,0,0,École,Public,https://csstl.gouv.qc.ca,869000,Centre de services scolaire des Trois-Lacs,-74.028078,45.393752,Secondaire,Franco,514 477-7007
,869005,École Léopold-Carrière,École Léopold-Carrière,"285, Route 338",,71033,Les Coteaux,M,J7X1G3,1,1,0,0,0,École,Public,https://www.csstl.gouv.qc.ca,869000,Centre de services scolaire des Trois-Lacs,-74.216155,45.25815,Préscolaire - Primaire,Franco,450 267-9233
,869006,École de la Riveraine - Saint-Zotique,École de la Riveraine - Saint-Zotique,"425, 34e Avenue",,71025,Saint-Zotique,V,J0P1Z0,1,1,0,0,0,École,Public,https://www.csstl.gouv.qc.ca,869000,Centre de services scolaire des Trois-Lacs,-74.250006,45.247091,Préscolaire - Primaire,Franco,450 267-3290
,869007,École secondaire du Chêne-Bleu,École secondaire du Chêne-Bleu,"225, boulevard Pincourt",,71070,Pincourt,V,J7W9T2,0,0,1,0,0,École,Public,https://www.csstl.gouv.qc.ca,869000,Centre de services scolaire des Trois-Lacs,-73.971795,45.384865,Secondaire,Franco,514 425-1166
,869008,École de Coteau-du-Lac,École de Coteau-du-Lac,"2, rue Saint-Emmanuel",,71040,Coteau-du-Lac,V,J0P1B0,1,1,0,0,0,École,Public,https://www.csstl.gouv.qc.ca,869000,Centre de services scolaire des Trois-Lacs,-74.14862,45.305547,Préscolaire - Primaire,Franco,450 267-3457
,869011,École Sainte-Madeleine,École Sainte-Madeleine,"14, rue Sainte-Madeleine",,71083,Vaudreuil-Dorion,V,J7V1B2,0,1,0,0,0,École,Public,https://www.csstl.gouv.qc.ca,869000,Centre de services scolaire des Trois-Lacs,-74.03042,45.399653,Primaire,Franco,514 477-7011
,869012,École Saint-Michel,École Saint-Michel,"8, rue Jeannotte",,71083,Vaudreuil-Dorion,V,J7V1E4,1,1,0,0,0,École,Public,https://www.csstl.gouv.qc.ca,869000,Centre de services scolaire des Trois-Lacs,-74.028541,45.398087,Préscolaire - Primaire,Franco,514 477-7010
,869014,École du Papillon-Bleu,École du Papillon-Bleu,"2, avenue de la Fabrique",,71083,Vaudreuil-Dorion,V,J7V0J2,1,1,0,0,0,École,Public,https://www.csstl.gouv.qc.ca,869000,Centre de services scolaire des Trois-Lacs,-74.01362,45.383856,Préscolaire - Primaire,Franco,514 477-7008
,869015,École Marguerite-Bourgeoys,École Marguerite-Bourgeoys,"17, rue Saint-Joseph",,71050,Les Cèdres,M,J7T1T1,1,1,0,0,0,École,Public,https://www.csstl.gouv.qc.ca,869000,Centre de services scolaire des Trois-Lacs,-74.054196,45.307331,Préscolaire - Primaire,Franco,514 477-7004
,869016,École Saint-Thomas,École Saint-Thomas,"393, rue Main",,71100,Hudson,V,J0P1H0,1,1,0,0,0,École,Public,https://www.csstl.gouv.qc.ca,869000,Centre de services scolaire des Trois-Lacs,-74.138029,45.455964,Préscolaire - Primaire,Franco,514 477-7006
,869017,École Auclair,École Auclair,"1550, rue des Cèdres",,71105,Saint-Lazare,V,J7T2P9,0,1,0,0,0,École,Public,https://www.csstl.gouv.qc.ca,869000,Centre de services scolaire des Trois-Lacs,-74.128445,45.400029,Primaire,Franco,514 477-7002
,869018,École de l'Épervière,École de l'Épervière,"24, rue de Lourdes",,71133,Rigaud,V,J0P1P0,1,1,0,0,0,École,Public,https://www.csstl.gouv.qc.ca,869000,Centre de services scolaire des Trois-Lacs,-74.300951,45.473394,Préscolaire - Primaire,Franco,514 477-7005
,869019,École Harwood,École Harwood,"186, 8e Avenue",,71083,Vaudreuil-Dorion,V,J7V3B2,1,1,0,0,0,École,Public,https://www.csstl.gouv.qc.ca,869000,Centre de services scolaire des Trois-Lacs,-74.031667,45.380084,Préscolaire - Primaire,Franco,514 477-7003
,869020,École José-Maria,École José-Maria,"75, 7e Avenue",,71075,Terrasse-Vaudreuil,M,J7V3N2,1,1,0,0,0,École,Public,https://www.csstl.gouv.qc.ca,869000,Centre de services scolaire des Trois-Lacs,-73.987381,45.390359,Préscolaire - Primaire,Franco,514 453-8201
,869021,École des Étriers,École des Étriers,"990, rue des Abeilles",,71105,Saint-Lazare,V,J7T0H7,1,1,0,0,0,École,Public,https://www.csstl.gouv.qc.ca,869000,Centre de services scolaire des Trois-Lacs,-74.113104,45.381024,Préscolaire - Primaire,Franco,514 477-7014
,869022,École Notre-Dame-de-Lorette,École Notre-Dame-de-Lorette,"70, avenue Lussier",,71070,Pincourt,V,J7W5B2,1,1,0,0,0,École,Public,https://www.csstl.gouv.qc.ca,869000,Centre de services scolaire des Trois-Lacs,-73.98874,45.372843,Préscolaire - Primaire,Franco,514 453-8581
,869023,École Notre-Dame-de-la-Garde,École Notre-Dame-de-la-Garde,"2254, boulevard Perrot",,71065,Notre-Dame-de-l'Île-Perrot,V,J7W2Y1,1,1,0,0,0,École,Public,https://www.csstl.gouv.qc.ca,869000,Centre de services scolaire des Trois-Lacs,-73.903104,45.350411,Préscolaire - Primaire,Franco,514 453-2576
,869024,École La Perdriolle,École La Perdriolle,"1030, boulevard Don-Quichotte",,71060,L'Île-Perrot,V,J7V0E9,1,1,0,0,0,École,Public,https://www.csstl.gouv.qc.ca,869000,Centre de services scolaire des Trois-Lacs,-73.945911,45.378417,Préscolaire - Primaire,Franco,514 453-1962
,869025,École Virginie-Roy,École Virginie-Roy,"476, rue Grand-Boulevard",,71060,L'Île-Perrot,V,J7V4X5,1,1,0,0,0,École,Public,https://www.csstl.gouv.qc.ca,869000,Centre de services scolaire des Trois-Lacs,-73.967051,45.388708,Préscolaire - Primaire,Franco,514 453-5441
,869026,École François-Perrot,École François-Perrot,"300, rue Grand boulevard",,71060,L'Île-Perrot,V,J7V4X2,1,1,0,0,0,École,Public,https://www.csstl.gouv.qc.ca,869000,Centre de services scolaire des Trois-Lacs,-73.960327,45.392963,Préscolaire - Primaire,Franco,514 453-4011
,869027,École à l'Orée-du-Bois,École à l'Orée-du-Bois,"1355, rue du Bois",,71105,Saint-Lazare,V,J7T3B5,1,1,0,0,0,École,Public,https://www.csstl.gouv.qc.ca,869000,Centre de services scolaire des Trois-Lacs,-74.141551,45.396662,Préscolaire - Primaire,Franco,514 477-7001
,869028,École de la Samare,École de la Samare,"1350, rue Virginie-Roy",,71065,Notre-Dame-de-l'Île-Perrot,V,J7W3N1,1,1,0,0,0,École,Public,https://www.csstl.gouv.qc.ca,869000,Centre de services scolaire des Trois-Lacs,-73.921618,45.382478,Préscolaire - Primaire,Franco,514 425-2432
,869043,École de l'Hymne-au-Printemps,École de l'Hymne-au-Printemps,"99, rue Maurice-Richard",,71083,Vaudreuil-Dorion,V,J7V0H6,1,1,0,0,0,École,Public,https://www.csstl.gouv.qc.ca,869000,Centre de services scolaire des Trois-Lacs,-74.050989,45.392386,Préscolaire - Primaire,Franco,514 477-7009
,869046,École des Légendes,École des Légendes,"4000, rue Phil-Goyette",,71083,Vaudreuil-Dorion,V,J7V3P2,1,1,0,0,0,École,Public,https://www.csstl.gouv.qc.ca,869000,Centre de services scolaire des Trois-Lacs,-74.05201,45.393797,Préscolaire - Primaire,Franco,514 477-7000
,869048,École Brind'Amour,École Brind'Amour,400 avenue Saint-Charles,Pavillon P,71083,Vaudreuil-Dorion,V,J7V6B1,1,1,0,0,0,École,Public,https://www.csstl.gouv.qc.ca,869000,Centre de services scolaire des Trois-Lacs,-74.028078,45.393752,Préscolaire - Primaire,Franco,514 477-7000
,869049,École des Orioles,École des Orioles,"20, avenue des Maîtres",,71025,Saint-Zotique,V,J0P1Z0,1,1,0,0,0,École,Public,https://www.csstl.gouv.qc.ca,869000,Centre de services scolaire des Trois-Lacs,-74.251392,45.241167,Préscolaire - Primaire,Franco,450 267-3446
,869051,École des Canotiers,École des Canotiers,"250, chemin Saint-Féréol",,71050,Les Cèdres,M,J7T1J3,1,1,0,0,0,École,Public,,869000,Centre de services scolaire des Trois-Lacs,-74.062022,45.313668,Préscolaire - Primaire,Franco,514 477-7000
,869052,École secondaire des Navigateurs,École secondaire des Navigateurs,"3600, 26ieme Avenue",,71025,Saint-Zotique,V,J0P1Z0,0,0,1,0,0,École,Public,https://www.csstl.gouv.qc.ca,869000,Centre de services scolaire des Trois-Lacs,-74.245644,45.253462,Secondaire,Franco,514 477-7000
,869053,École secondaire des Échos,École secondaire des Échos,"1005, rue de Clichy",,71083,Vaudreuil-Dorion,V,J7V0N5,0,0,1,0,0,École,Public,https://www.csstl.gouv.qc.ca,869000,Centre de services scolaire des Trois-Lacs,-74.031255,45.366737,Secondaire,Franco,514 477-7000
,869301,CEA des Belles-Rives,Centre des Belles-Rives,"490, boulevard Harwood",,71083,Vaudreuil-Dorion,V,J7V7H4,0,0,0,0,1,Centre éducation aux adultes,Public,https://www.csstl.gouv.qc.ca,869000,Centre de services scolaire des Trois-Lacs,-74.021251,45.377721,Éducation aux adultes,Franco,514 477-7020
,869401,C.F.P.  Paul Gérin-Lajoie,Centre de formation professionnelle Paul-Gérin-Lajoie,"400, avenue Saint-Charles",,71083,Vaudreuil-Dorion,V,J7V6B1,0,0,0,1,0,Centre de formation professionnelle,Public,https://www.csstl.gouv.qc.ca,869000,Centre de services scolaire des Trois-Lacs,-74.028078,45.393752,Formation professionnelle,Franco,514 477-7020
,869402,Atelier-école Les Cèdres,Atelier-école Les Cèdres,"1587, chemin Saint-Dominique",,71050,Les Cèdres,M,J7T1K8,0,0,0,1,0,Centre de formation professionnelle,Public,https://www.csstl.gouv.qc.ca,869000,Centre de services scolaire des Trois-Lacs,-74.17434,45.37961,Formation professionnelle,Franco,514 477-7020
,871002,École Maurault-Vincent Lemire,École Maurault-Vincent Lemire,"46, rue Maurault",,50113,Pierreville,M,J0G1J0,1,1,0,0,0,École,Public,,871000,Centre de services scolaire de la Riveraine,-72.811601,46.070002,Préscolaire - Primaire,Franco,450 568-2129
,871003,École Notre-Dame-de-l'Assomption,École Notre-Dame-de-l'Assomption,"1000, rue Saint-Joseph",,50090,Saint-Zéphirin-de-Courval,P,J0G1V0,1,1,0,0,0,École,Public,,871000,Centre de services scolaire de la Riveraine,-72.62815,46.058321,Préscolaire - Primaire,Franco,819 293-5821
,871004,École Paradis,École Paradis,"410, rue Principale",,50100,Baie-du-Febvre,M,J0G1A0,1,1,0,0,0,École,Public,,871000,Centre de services scolaire de la Riveraine,-72.714918,46.140377,Préscolaire - Primaire,Franco,819 783-2821
,871005,École Arc-en-Ciel,École Arc-en-Ciel,"160, rue Principale",,50057,Sainte-Monique,M,J0G1N0,1,1,0,0,0,École,Public,,871000,Centre de services scolaire de la Riveraine,-72.53759,46.157043,Préscolaire - Primaire,Franco,819 530-5821
,871006,École Curé-Brassard,École Curé-Brassard,"1150, boulevard Louis-Fréchette",,50072,Nicolet,V,J3T1V5,1,1,0,0,0,École,Public,,871000,Centre de services scolaire de la Riveraine,-72.608239,46.233759,Préscolaire - Primaire,Franco,819 293-2185
,871007,École Beauséjour,École Beauséjour,"18000, rue Béliveau",Saint-Grégoire,38010,Bécancour,V,G9H1H4,1,1,0,0,0,École,Public,,871000,Centre de services scolaire de la Riveraine,-72.514979,46.270149,Préscolaire - Primaire,Franco,819 233-2390
,871008,École Terre-des-Jeunes-Boutons-d'Or,École Terre-des-Jeunes-Boutons-d'Or,"11005, chemin du Saint-Laurent",,38010,Bécancour,V,G9H3B1,1,1,0,0,0,École,Public,,871000,Centre de services scolaire de la Riveraine,-72.399882,46.291995,Préscolaire - Primaire,Franco,819 936-5822
,871010,École Marquis,École Marquis,"440, rue Marquis",,50030,Saint-Célestin,VL,J0C1G0,1,1,1,0,0,École,Public,,871000,Centre de services scolaire de la Riveraine,-72.433795,46.214935,Préscolaire - Primaire - Secondaire,Franco,819 963-5821
,871011,École Tournesol,École Tournesol,"174, rue des Écoles",,50042,Saint-Léonard-d'Aston,M,J0C1M0,1,1,0,0,0,École,Public,,871000,Centre de services scolaire de la Riveraine,-72.376946,46.106561,Préscolaire - Primaire,Franco,819 399-2668
,871012,École secondaire Jean-Nicolet,École secondaire Jean-Nicolet,"497, rue de Monseigneur-Brunault",,50072,Nicolet,V,J3T1Y6,0,0,1,0,0,École,Public,https://cssdlr.gouv.qc.ca/esjeannicolet/,871000,Centre de services scolaire de la Riveraine,-72.6194,46.233501,Secondaire,Franco,819 293-5821
,871013,École secondaire la Découverte,École secondaire la Découverte,"401, rue Germain",,50042,Saint-Léonard-d'Aston,M,J0C1M0,0,0,1,0,0,École,Public,https://cssdlr.gouv.qc.ca/esdecouverte/,871000,Centre de services scolaire de la Riveraine,-72.370366,46.111689,Secondaire,Franco,819 399-2122
,871014,École la Jeunesse,École la Jeunesse,"2504, rue Saint-Joseph",,50050,Sainte-Perpétue,P,J0C1R0,1,1,0,0,0,École,Public,,871000,Centre de services scolaire de la Riveraine,-72.463739,46.079734,Préscolaire - Primaire,Franco,819 336-6623
,871016,École Jean-XXIII,École Jean-XXIII,"1250, rue Principale",,50023,Saint-Wenceslas,M,G0Z1J0,1,1,0,0,0,École,Public,,871000,Centre de services scolaire de la Riveraine,-72.327144,46.167485,Préscolaire - Primaire,Franco,819 224-7739
,871017,École le Rucher,École le Rucher,"260, rue de l'École",,38005,Saint-Sylvère,M,G0Z1H0,1,1,0,0,0,École,Public,,871000,Centre de services scolaire de la Riveraine,-72.222134,46.23484,Préscolaire - Primaire,Franco,819 293-5821
,871019,École secondaire les Seigneuries,École secondaire les Seigneuries,"165, Route 218",,38065,Saint-Pierre-les-Becquets,M,G0X2Z0,0,0,1,0,0,École,Public,https://cssdlr.gouv.qc.ca/esseigneuries/,871000,Centre de services scolaire de la Riveraine,-72.194349,46.497538,Secondaire,Franco,819 263-2323
,871020,École des Arbrisseaux-de-la-Croisée,École des Arbrisseaux-de-la-Croisée,"548, rue des Érables",,50005,Sainte-Eulalie,M,G0Z1E0,1,1,0,0,0,École,Public,,871000,Centre de services scolaire de la Riveraine,-72.24807,46.112202,Préscolaire - Primaire,Franco,819 225-4668
,871021,École Despins,École Despins,"8580, avenue des Saules",Sainte-Gertrude,38010,Bécancour,V,G9H3P6,1,1,0,0,0,École,Public,,871000,Centre de services scolaire de la Riveraine,-72.275645,46.298675,Préscolaire - Primaire,Franco,819 297-2408
,871023,École Harfang-des-Neiges,École Harfang-des-Neiges,"1875, rue des Harfangs-des-Neiges",Gentilly,38010,Bécancour,V,G9H0K8,1,1,0,0,0,École,Public,,871000,Centre de services scolaire de la Riveraine,-72.273011,46.402677,Préscolaire - Primaire,Franco,819 298-2182
,871025,École l'Oasis,École l'Oasis,"556, 10e rang",,38035,Sainte-Françoise,M,G0S2N0,1,1,0,0,0,École,Public,,871000,Centre de services scolaire de la Riveraine,-71.982346,46.448294,Préscolaire - Primaire,Franco,819 287-5960
,871027,École Marie-Sophie,École Marie-Sophie,"184, rue Saint-Antoine",,38040,Sainte-Sophie-de-Lévrard,P,G0X3C0,1,1,0,0,0,École,Public,,871000,Centre de services scolaire de la Riveraine,-72.109759,46.426752,Préscolaire - Primaire,Franco,819 288-5712
,871029,École la Nacelle-la Source,École la Nacelle-la Source,"111, rue Lapérade",,38065,Saint-Pierre-les-Becquets,M,G0X2Z0,1,1,0,0,0,École,Public,,871000,Centre de services scolaire de la Riveraine,-72.203366,46.505037,Préscolaire - Primaire,Franco,819 263-2242
,871031,École le Phare,École le Phare,"155, 16e Avenue",,38070,Deschaillons-sur-Saint-Laurent,M,G0S1G0,1,1,0,0,0,École,Public,,871000,Centre de services scolaire de la Riveraine,-72.115365,46.554256,Préscolaire - Primaire,Franco,819 292-2158
,871032,École Explorami,École Explorami,11295 rue des Immortelles,Saint-Angèle-de-Laval,38010,Bécancour,V,G9H2P7,1,1,0,0,0,École,Public,,871000,Centre de services scolaire de la Riveraine,-72.479241,46.338309,Préscolaire - Primaire,Franco,819 863-5821
,871050,École alternative des Perséides,École alternative des Perséides,"1325, avenue des Pensées",Suite 300,38010,Bécancour,V,G9H2T1,1,1,0,0,0,École,Public,,871000,Centre de services scolaire de la Riveraine,-72.507501,46.328784,Préscolaire - Primaire,Franco,819 293-5821
,871301,Centre d'éducation des adultes,Centre d'éducation des adultes de la Riveraine,"1220, boulevard Louis-Fréchette",,50072,Nicolet,V,J3T1K6,0,0,0,0,1,Centre éducation aux adultes,Public,,871000,Centre de services scolaire de la Riveraine,-72.608239,46.233759,Éducation aux adultes,Franco,819 293-5821
,871401,Centre de formation professionnelle,Centre de formation professionnelle de la Riveraine,"575, rue de Monseigneur-Brunault",,50072,Nicolet,V,J3T1H8,0,0,0,1,0,Centre de formation professionnelle,Public,,871000,Centre de services scolaire de la Riveraine,-72.619279,46.233895,Formation professionnelle,Franco,819 293-5821
,872003,École La Myriade J.-P.-H.-Massicotte,École La Myriade J.-P.-H.-Massicotte,"57, rue Monfette",,39062,Victoriaville,V,G6P1J8,1,1,1,0,0,École,Public,https://www.cssbf.gouv.qc.ca/ecoles-et-centres/43/ecole-la-myriade,872000,Centre de services scolaire des Bois-Francs,-71.964969,46.061887,Préscolaire - Primaire - Secondaire,Franco,819 752-9756
,872005,École Saint-David,École Saint-David,"155, rue Olivier",,39062,Victoriaville,V,G6P5G8,1,1,0,0,0,École,Public,https://www.cssbf.gouv.qc.ca/ecoles-et-centres/62/ecole-saint-david,872000,Centre de services scolaire des Bois-Francs,-71.951033,46.054867,Préscolaire - Primaire,Franco,819 752-6171
,872006,École Sainte-Famille,École Sainte-Famille,"6, rue Paré",,39062,Victoriaville,V,G6P2X6,1,1,0,0,0,École,Public,https://www.cssbf.gouv.qc.ca/ecoles-et-centres/68/ecole-sainte-famille,872000,Centre de services scolaire des Bois-Francs,-71.957754,46.064229,Préscolaire - Primaire,Franco,819 752-5945
,872007,École La Fermentière,École de la Fermentière,"55, route 116 Ouest",,39077,Warwick,V,J0A1M0,0,0,1,0,0,École,Public,,872000,Centre de services scolaire des Bois-Francs,-72.028252,45.904784,Secondaire,Franco,819 358-2966
,872008,École Saint-Gabriel-Lalemant,École Saint-Gabriel-Lalemant,"5, rue Habel",,39062,Victoriaville,V,G6P4M2,1,1,0,0,0,École,Public,https://www.cssbf.gouv.qc.ca/ecoles-et-centres/64/ecole-saint-gabriel-lalemant,872000,Centre de services scolaire des Bois-Francs,-71.954708,46.05159,Préscolaire - Primaire,Franco,819 752-6346
,872009,École Entreprise Prince-Daveluy,École Prince-Daveluy,"50, rue Boulet",,32033,Princeville,V,G6L4M1,0,0,1,0,0,École,Public,,872000,Centre de services scolaire des Bois-Francs,-71.889216,46.153052,Secondaire,Franco,819 364-7859
,872010,École Saint-Paul,École Saint-Paul,"470, rue de l'Accueil",,39030,Chesterville,M,G0P1J0,1,1,0,0,0,École,Public,https://www.cssbf.gouv.qc.ca/ecoles-et-centres/66/ecole-saint-paul,872000,Centre de services scolaire des Bois-Francs,-71.823361,45.96147,Préscolaire - Primaire,Franco,819 382-2164
,872011,École Coeur-Immaculé,École Coeur-Immaculé,"1641, route 161",,39135,Saint-Valère,M,G0P1M0,1,1,0,0,0,École,Public,https://www.cssbf.gouv.qc.ca/ecoles-et-centres/37/ecole-coeur-immacule,872000,Centre de services scolaire des Bois-Francs,-72.096644,46.063954,Préscolaire - Primaire,Franco,819 353-2223
,872013,École Le manège - La ribambelle,École Le manège - La ribambelle Wilfrid Labbé,"110, rue du Manège",,39062,Victoriaville,V,G6P9H4,1,1,0,0,0,École,Public,https://www.cssbf.gouv.qc.ca/ecoles-et-centres/46/ecole-le-manege,872000,Centre de services scolaire des Bois-Francs,-71.959804,46.060603,Préscolaire - Primaire,Franco,819 758-1400
,872014,École Sainte-Marguerite-Bourgeoys,École Sainte-Marguerite-Bourgeoys,"65, rue de Versailles",,39062,Victoriaville,V,G6P1A4,1,1,0,0,0,École,Public,https://www.cssbf.gouv.qc.ca/ecoles-et-centres/70/ecole-sainte-marguerite-bourgeoys,872000,Centre de services scolaire des Bois-Francs,-71.947136,46.062519,Préscolaire - Primaire,Franco,819 752-2976
,872017,École Monseigneur-Grenier,École Monseigneur-Grenier,"20, avenue des Plaines",,39062,Victoriaville,V,G6P2C7,1,1,0,0,0,École,Public,https://www.cssbf.gouv.qc.ca/ecoles-et-centres/48/ecole-monseigneur-grenier,872000,Centre de services scolaire des Bois-Francs,-71.989676,46.056871,Préscolaire - Primaire,Franco,819 752-6455
,872018,École Monseigneur-Milot,École Monseigneur-Milot,"60, rue Piché",,39062,Victoriaville,V,G6P4P3,1,1,0,0,0,École,Public,https://www.cssbf.gouv.qc.ca/ecoles-et-centres/49/ecole-monseigneur-milot,872000,Centre de services scolaire des Bois-Francs,-71.943013,46.051612,Préscolaire - Primaire,Franco,819 752-9954
,872019,École Notre-Dame-de-l'Assomption,École Notre-Dame-de-l'Assomption,"14, rue Champlain",,39062,Victoriaville,V,G6P1W2,1,1,0,0,0,École,Public,https://www.cssbf.gouv.qc.ca/ecoles-et-centres/53/ecole-notre-dame-de-lassomption,872000,Centre de services scolaire des Bois-Francs,-71.974405,46.058517,Préscolaire - Primaire,Franco,819 752-2407
,872021,École Notre-Dame-des-Bois-Francs,École Notre-Dame-des-Bois-Francs--Saint-Christophe,"82, rue du Curé-Suzor",,39062,Victoriaville,V,G6P6M8,1,1,0,0,0,École,Public,https://www.cssbf.gouv.qc.ca/ecoles-et-centres/79/ecole-notre-dame-des-bois-francs,872000,Centre de services scolaire des Bois-Francs,-71.91377,46.045589,Préscolaire - Primaire,Franco,819 357-2451
,872022,École Pie-X,École Pie-X,"30, avenue Sainte-Victoire",,39062,Victoriaville,V,G6P2M9,1,1,0,0,0,École,Public,https://www.cssbf.gouv.qc.ca/ecoles-et-centres/56/ecole-pie-x,872000,Centre de services scolaire des Bois-Francs,-71.966563,46.049342,Préscolaire - Primaire,Franco,819 752-2285
,872024,École Notre-Dame-du-Perpétuel-Secours,École Notre-Dame-du-Perpétuel-Secours,"480, rue Curé-Lemire",,39010,Ham-Nord,CT,G0P1A0,1,1,1,0,0,École,Public,https://www.cssbf.gouv.qc.ca/ecoles-et-centres/55/ecole-notre-dame-du-perpetuel-secours,872000,Centre de services scolaire des Bois-Francs,-71.645998,45.905265,Préscolaire - Primaire - Secondaire,Franco,819 344-2595
,872025,École communautaire l'Eau Vive,École communautaire l'Eau Vive,"11, rue Sainte-Jeanne-d'Arc",,39077,Warwick,V,J0A1M0,1,1,0,0,0,École,Public,https://www.ecoleeauvive.ca/,872000,Centre de services scolaire des Bois-Francs,-71.993391,45.939947,Préscolaire - Primaire,Franco,819 752-9756
,872026,École Centrale,École Centrale,"471, 3e Rang",,39130,Saint-Samuel,M,G0Z1G0,1,1,0,0,0,École,Public,https://www.cssbf.gouv.qc.ca/ecoles-et-centres/35/ecole-centrale,872000,Centre de services scolaire des Bois-Francs,-72.205102,46.068075,Préscolaire - Primaire,Franco,819 353-2378
,872028,École Sacré-Coeur,École Sacré-Coeur,"48, rue Saint-Charles",,32033,Princeville,V,G6L4W4,1,1,0,0,0,École,Public,https://www.cssbf.gouv.qc.ca/ecoles-et-centres/58/ecole-sacre-coeur,872000,Centre de services scolaire des Bois-Francs,-71.873226,46.169037,Préscolaire - Primaire,Franco,819 364-2143
,872029,École Notre-Dame-de-l'Assomption,École Notre-Dame-de-l'Assomption,"414, rue Principale",,39152,Daveluyville,V,G0Z1C0,1,1,0,0,0,École,Public,https://www.cssbf.gouv.qc.ca/ecoles-et-centres/54/ecole-notre-dame-de-lassomption,872000,Centre de services scolaire des Bois-Francs,-72.137912,46.203442,Préscolaire - Primaire,Franco,819 367-2241
,872033,École de la Croisée,École de la Croisée,"11, rue Saint-Pierre",,39145,Saint-Rosaire,P,G0Z1K0,1,1,0,0,0,École,Public,https://www.cssbf.gouv.qc.ca/ecoles-et-centres/39/ecole-de-la-croisee,872000,Centre de services scolaire des Bois-Francs,-72.026957,46.163027,Préscolaire - Primaire,Franco,819 758-1600
,872035,École Notre-Dame,École Notre-Dame,"1, rue Notre-Dame",,39043,Saint-Norbert-d'Arthabaska,M,G0P1B0,1,1,0,0,0,École,Public,,872000,Centre de services scolaire des Bois-Francs,-71.821625,46.106205,Préscolaire - Primaire,Franco,819 369-9226
,872040,Centre d'éduc. préscol. La Samare,Centre d'éducation préscolaire La Samare,"1159, rue Saint-Jean",,32043,Plessisville,V,G6L1E1,1,0,0,0,0,École,Public,https://www.cssbf.gouv.qc.ca/ecoles-et-centres/25/centre-deducation-prescolaire-la-samare,872000,Centre de services scolaire des Bois-Francs,-71.787129,46.218885,Préscolaire,Franco,819 362-3226
,872041,École Notre-Dame,École Notre-Dame - Jean-Rivard,"2050, boulevard des Sucreries",,32043,Plessisville,V,G6L1W6,0,1,0,0,0,École,Public,https://www.cssbf.gouv.qc.ca/ecoles-et-centres/41/ecole-jean-rivard,872000,Centre de services scolaire des Bois-Francs,-71.759528,46.216265,Primaire,Franco,819 362-2374
,872044,École Bon-Pasteur,École Sainte-Julie-Bon-Pasteur,"3345, rue King",,32065,Lyster,M,G0S1V0,1,1,0,0,0,École,Public,https://www.cssbf.gouv.qc.ca/ecoles-et-centres/33/ecole-bon-pasteur,872000,Centre de services scolaire des Bois-Francs,-71.588317,46.374878,Préscolaire - Primaire,Franco,819 389-5437
,872045,École Jean-XXIII,École Jean-XXIII - Marie-Immaculée - Saint-Coeur-de-Marie,"1862, rue Dublin",,32058,Inverness,M,G0S1K0,1,1,0,0,0,École,Public,https://www.cssbf.gouv.qc.ca/ecoles-et-centres/42/ecole-jean-xxiii,872000,Centre de services scolaire des Bois-Francs,-71.51784,46.257515,Préscolaire - Primaire,Franco,418 453-2620
,872046,École Sainte-Famille,École Sainte-Famille,"1114, rue Savoie",,32043,Plessisville,V,G6L1H8,0,1,0,0,0,École,Public,https://www.cssbf.gouv.qc.ca/ecoles-et-centres/67/ecole-sainte-famille,872000,Centre de services scolaire des Bois-Francs,-71.782977,46.21589,Primaire,Franco,819 362-2079
,872048,École Saint-Édouard,École Saint-Édouard,"1666, rue Savoie",,32043,Plessisville,V,G6L1K5,0,1,0,0,0,École,Public,https://www.cssbf.gouv.qc.ca/ecoles-et-centres/63/ecole-saint-edouard,872000,Centre de services scolaire des Bois-Francs,-71.775462,46.220572,Primaire,Franco,819 362-2732
,872052,École intégrée Notre-Dame,École Notre-Dame - Sainte-Thérèse - Centrale,"896, rue Principale",,32080,Notre-Dame-de-Lourdes,P,G0S1T0,1,1,0,0,0,École,Public,https://www.cssbf.gouv.qc.ca/ecoles-et-centres/52/ecole-notre-dame,872000,Centre de services scolaire des Bois-Francs,-71.818177,46.326133,Préscolaire - Primaire,Franco,819 385-4322
,872055,École Saint-Coeur-de-Marie,École Saint-Coeur-de-Marie,"1352, rue Sainte-Marie",,39025,Tingwick,M,J0A1L0,1,1,0,0,0,École,Public,https://www.cssbf.gouv.qc.ca/ecoles-et-centres/60/ecole-saint-coeur-de-marie,872000,Centre de services scolaire des Bois-Francs,-71.943708,45.879588,Préscolaire - Primaire,Franco,819 359-2313
,872056,École secondaire Monique-Proulx,École secondaire Monique-Proulx,"11, rue Sainte-Jeanne-d'Arc",,39077,Warwick,V,J0A1M0,0,0,1,0,0,École,Public,https://www.cssbf.gouv.qc.ca/ecoles-et-centres/75/ecole-secondaire-monique-proulx,872000,Centre de services scolaire des Bois-Francs,-71.993391,45.939947,Secondaire,Franco,819 358-6885
,872061,École Sainte-Marie,École Sainte-Marie - Saint-Médard,"148, rue Saint-Louis",,39077,Warwick,V,J0A1M0,1,1,0,0,0,École,Public,https://www.cssbf.gouv.qc.ca/ecoles-et-centres/71/ecole-sainte-marie,872000,Centre de services scolaire des Bois-Francs,-71.988214,45.94678,Préscolaire - Primaire,Franco,819 358-6881
,872063,École La Sapinière,École La Sapinière - Amédée-Boisvert,"27, rue Saint-Denis",,39117,Sainte-Clotilde-de-Horton,M,J0A1H0,1,1,0,0,0,École,Public,https://www.cssbf.gouv.qc.ca/ecoles-et-centres/32/ecole-amedee-boisvert,872000,Centre de services scolaire des Bois-Francs,-72.235371,45.988971,Préscolaire - Primaire,Franco,819 336-2080
,872065,École Cascatelle,École Cascatelle,"2, rue Lajeunesse",,39097,Kingsey Falls,V,J0A1B0,1,1,0,0,0,École,Public,https://www.cssbf.gouv.qc.ca/ecoles-et-centres/34/ecole-cascatelle,872000,Centre de services scolaire des Bois-Francs,-72.0671,45.859369,Préscolaire - Primaire,Franco,819 363-2213
,872066,École secondaire Le tandem,École secondaire Le tandem Albert-Morissette,"20, rue de l'Ermitage",,39062,Victoriaville,V,G6P1J5,0,0,1,0,0,École,Public,https://letandem.wixsite.com/ecolesecondaire,872000,Centre de services scolaire des Bois-Francs,-71.961468,46.059493,Secondaire,Franco,819 758-4591
,872067,École secondaire Le boisé,École secondaire Le boisé,"605, rue Notre-Dame Est",,39062,Victoriaville,V,G6P6Y9,0,0,1,0,0,École,Public,https://www.cssbf.gouv.qc.ca/ecoles-et-centres/73/ecole-secondaire-le-boise,872000,Centre de services scolaire des Bois-Francs,-71.940857,46.062277,Secondaire,Franco,819 758-1534
,872069,École Polyvalente La Samare,École Polyvalente La Samare,"1159, rue Saint-Jean",,32043,Plessisville,V,G6L1E1,1,1,1,0,0,École,Public,https://www.cssbf.gouv.qc.ca/ecoles-et-centres/78/polyvalente-la-samare,872000,Centre de services scolaire des Bois-Francs,-71.787129,46.218885,Préscolaire - Primaire - Secondaire,Franco,819 362-3226
,872070,École Sainte-Marie,École Sainte-Marie,"75, rue Monseigneur-Poirier",,32033,Princeville,V,G6L4S7,0,0,1,0,0,École,Public,https://www.cssbf.gouv.qc.ca/ecoles-et-centres/77/ecole-secondaire-sainte-marie,872000,Centre de services scolaire des Bois-Francs,-71.875336,46.170144,Secondaire,Franco,819 364-2155
,872071,École Sainte-Anne,École Sainte-Anne,"111, 7e Avenue",,39152,Daveluyville,V,G0Z1C0,0,0,1,0,0,École,Public,https://www.cssbf.gouv.qc.ca/ecoles-et-centres/76/ecole-secondaire-sainte-anne,872000,Centre de services scolaire des Bois-Francs,-72.139527,46.203146,Secondaire,Franco,819 367-2980
,872074,CFER Normand-Maurice,Centre de formation en entreprise et en récupération Normand-Maurice,"605, rue Notre-Dame Est",,39062,Victoriaville,V,G6P6Y9,0,0,1,0,0,École,Public,https://www.cssbf.gouv.qc.ca/ecoles-et-centres/31/cfer-normand-maurice,872000,Centre de services scolaire des Bois-Francs,-71.940857,46.062276,Secondaire,Franco,819 758-4789
,872316,Centre Monseigneur-Côté,Centre Monseigneur-Côté,"38, rue Laurier Ouest",,39062,Victoriaville,V,G6P6P3,0,0,0,0,1,Centre éducation aux adultes,Public,https://centremonseigneurcote.com/,872000,Centre de services scolaire des Bois-Francs,-71.915679,46.03516,Éducation aux adultes,Franco,819 357-2116
,872368,CEA André-Morissette,Centre d'éducation des adultes André-Morissette,"1650, avenue Vallée",,32043,Plessisville,V,G6L2W5,0,0,0,0,1,Centre éducation aux adultes,Public,,872000,Centre de services scolaire des Bois-Francs,-71.768508,46.223942,Éducation aux adultes,Franco,819 362-7348
,872438,CFP Alessa,Centre de formation professionnelle Alessa,"415, rue Des Écoles",,49058,Drummondville,V,J2B1J3,0,0,0,1,0,Centre de formation professionnelle,Public,,872000,Centre de services scolaire des Bois-Francs,-72.485338,45.879653,Formation professionnelle,Franco,819 751-2020
,872467,Centre de formation Vision 20 20,Centre de formation professionnelle Vision 20 20,"595, rue Notre-Dame Est",,39062,Victoriaville,V,G6P4B2,0,0,0,1,0,Centre de formation professionnelle,Public,https://www.cssbf.gouv.qc.ca/ecoles-et-centres/28/centre-de-formation-professionnelle-vision-20-20,872000,Centre de services scolaire des Bois-Francs,-71.943022,46.061593,Formation professionnelle,Franco,819 751-2020
,872468,CFP André-Morissette,Centre de formation professionnelle André-Morissette,"1650, avenue Vallée",,32043,Plessisville,V,G6L2W5,0,0,0,1,0,Centre de formation professionnelle,Public,,872000,Centre de services scolaire des Bois-Francs,-71.768508,46.223942,Formation professionnelle,Franco,819 362-7348
,873001,École Bruyère et Saint-Charles,École Bruyère et Saint-Charles,"850, rue Florette-Lavigne",,49058,Drummondville,V,J2C4X1,1,1,0,0,0,École,Public,https://www.bsc.csdc.qc.ca/accueil,873000,Centre de services scolaire des Chênes,-72.471774,45.897548,Préscolaire - Primaire,Franco,819 474-0701
,873003,École Christ-Roi,École Christ-Roi,"1910, boulevard Mercure",,49058,Drummondville,V,J2B3P1,1,1,0,0,0,École,Public,,873000,Centre de services scolaire des Chênes,-72.462376,45.859575,Préscolaire - Primaire,Franco,819 474-0703
,873004,École Duvernay - Chabanel,École Duvernay - Chabanel,"1355, rue Duvernay",,49058,Drummondville,V,J2B2R8,1,1,1,0,0,École,Public,,873000,Centre de services scolaire des Chênes,-72.471939,45.862908,Préscolaire - Primaire - Secondaire,Franco,819 474-0704
,873005,École Frédéric-Tétreau - Immaculée-Conc.,École Frédéric-Tétreau et Immaculée-Conception,"59, avenue des Saules",,49058,Drummondville,V,J2C3N2,1,1,0,0,0,École,Public,,873000,Centre de services scolaire des Chênes,-72.502348,45.888759,Préscolaire - Primaire,Franco,819 474-0705
,873007,École Saint-Majorique,École Saint-Majorique,"770, rue du Sanctuaire",,49095,Saint-Majorique-de-Grantham,P,J2B8A8,1,1,0,0,0,École,Public,,873000,Centre de services scolaire des Chênes,-72.580596,45.932398,Préscolaire - Primaire,Franco,819 474-0707
,873008,École Saint-Félix-de-Kingsey,École Saint-Félix-de-Kingsey,"6085, rue Principale",,49005,Saint-Félix-de-Kingsey,M,J0B2T0,1,1,0,0,0,École,Public,,873000,Centre de services scolaire des Chênes,-72.191716,45.796262,Préscolaire - Primaire,Franco,819 850-1608
,873009,École Saint-Guillaume,École Saint-Guillaume,"126, rue Saint-Jean-Baptiste",,49113,Saint-Guillaume,M,J0C1L0,1,1,0,0,0,École,Public,,873000,Centre de services scolaire des Chênes,-72.764187,45.8831,Préscolaire - Primaire,Franco,819 850-1609
,873010,École N.-Dame-du-Rosaire et Sainte-Marie,École Notre-Dame-du-Rosaire et Sainte-Marie,"154, 18e Avenue",,49058,Drummondville,V,J2B3T3,1,1,0,0,0,École,Public,,873000,Centre de services scolaire des Chênes,-72.49558,45.866045,Préscolaire - Primaire,Franco,819 474-0710
,873012,École Des 2 Rivières,École Des 2 Rivières,"5250, 7e Rang",,49030,Saint-Lucien,M,J0C1N0,1,1,0,0,0,École,Public,,873000,Centre de services scolaire des Chênes,-72.267557,45.874644,Préscolaire - Primaire,Franco,819 850-1612
,873013,École Saint-Étienne,École Saint-Étienne,"720, rue de Laval",,49058,Drummondville,V,J2B4C6,1,1,0,0,0,École,Public,,873000,Centre de services scolaire des Chênes,-72.4521,45.855341,Préscolaire - Primaire,Franco,819 474-0713
,873014,École Saint-Joseph,École Saint-Joseph,"180, rue Saint-Albert",,49058,Drummondville,V,J2B2A9,1,1,0,0,0,École,Public,https://www.ecolesaintjoseph.cssdc.gouv.qc.ca/,873000,Centre de services scolaire des Chênes,-72.487151,45.875189,Préscolaire - Primaire,Franco,819 474-0714
,873015,École Saint-Louis-de-Gonzague,École Saint-Louis-de-Gonzague,"269, rue Ringuet",,49058,Drummondville,V,J2C2R1,0,1,0,0,0,École,Public,,873000,Centre de services scolaire des Chênes,-72.498093,45.876192,Primaire,Franco,819 474-0715
,873016,École Saint-Nicéphore,École Saint-Nicéphore,"2065, route 139",,49058,Drummondville,V,J2A2G2,1,1,0,0,0,École,Public,,873000,Centre de services scolaire des Chênes,-72.418869,45.829673,Préscolaire - Primaire,Franco,819 474-0716
,873018,École Saint-Pie X,École Saint-Pie X,"227, rue Ringuet",,49058,Drummondville,V,J2C2R1,1,1,1,0,0,École,Public,,873000,Centre de services scolaire des Chênes,-72.499012,45.876695,Préscolaire - Primaire - Secondaire,Franco,819 474-0718
,873019,École Saint-Pierre,École Saint-Pierre,"690, rue Saint-Pierre",,49058,Drummondville,V,J2C3W5,1,1,0,0,0,École,Public,,873000,Centre de services scolaire des Chênes,-72.504532,45.881037,Préscolaire - Primaire,Franco,819 474-0719
,873020,École Saint-Simon et L'Aquarelle,École Saint-Simon et L'Aquarelle,"1180, rue Saint-Thomas",,49058,Drummondville,V,J2B3A9,1,1,0,0,0,École,Public,,873000,Centre de services scolaire des Chênes,-72.480389,45.860755,Préscolaire - Primaire,Franco,819 474-0720
,873022,École Notre-Dame-du-Bon-Conseil,École Notre-Dame-du-Bon-Conseil,"500, rue Saint-Bruno",,49075,Notre-Dame-du-Bon-Conseil,VL,J0C1A0,1,1,0,0,0,École,Public,,873000,Centre de services scolaire des Chênes,-72.343223,45.999006,Préscolaire - Primaire,Franco,819 850-1622
,873024,École Jésus-Adolescent,École Jésus-Adolescent,"253, rue Saint-Édouard",,49048,Saint-Germain-de-Grantham,M,J0C1K0,0,1,0,0,0,École,Public,,873000,Centre de services scolaire des Chênes,-72.569161,45.839489,Primaire,Franco,819 850-1631
,873025,École Saint-Eugène,École Saint-Eugène,"985, rang de l'Église",,49105,Saint-Eugène,M,J0C1J0,1,1,0,0,0,École,Public,,873000,Centre de services scolaire des Chênes,-72.700099,45.804113,Préscolaire - Primaire,Franco,819 850-1625
,873026,École Saint-Bonaventure,École Saint-Bonaventure,"1058, rue Principale",,49125,Saint-Bonaventure,M,J0C1C0,1,1,0,0,0,École,Public,,873000,Centre de services scolaire des Chênes,-72.682712,45.963006,Préscolaire - Primaire,Franco,819 850-1626
,873028,École L'Avenir,École L'Avenir,"580, rue Principale",,49025,L'Avenir,M,J0C1B0,1,1,0,0,0,École,Public,,873000,Centre de services scolaire des Chênes,-72.308853,45.765113,Préscolaire - Primaire,Franco,819 850-1628
,873029,École de la Marconi,École de la Marconi,1205 rue des Tours,,49058,Drummondville,V,J2B0Y4,1,1,0,0,0,École,Public,,873000,Centre de services scolaire des Chênes,-72.469771,45.856312,Préscolaire - Primaire,Franco,819 850-1629
,873030,École Cyrille-Brassard,École Cyrille-Brassard,"4565, rue Principale",,49070,Saint-Cyrille-de-Wendover,M,J1Z1E4,1,1,0,0,0,École,Public,,873000,Centre de services scolaire des Chênes,-72.421021,45.936395,Préscolaire - Primaire,Franco,819 850-1630
,873031,École Roméo-Salois,École Roméo-Salois,"303, rue Saint-Pierre",,49048,Saint-Germain-de-Grantham,M,J0C1K0,1,1,0,0,0,École,Public,,873000,Centre de services scolaire des Chênes,-72.569448,45.83771,Préscolaire - Primaire,Franco,819 850-1631
,873032,École du Sentier,École du Sentier,"1225, rue Victorin",,49058,Drummondville,V,J2C7Z9,1,1,0,0,0,École,Public,https://www.dusentier.com/,873000,Centre de services scolaire des Chênes,-72.484103,45.903424,Préscolaire - Primaire,Franco,819 850-1632
,873033,École des Horizons,École des Horizons,"253, rue Saint-Édouard",,49048,Saint-Germain-de-Grantham,M,J0C1K0,1,1,0,0,0,École,Public,https://www.ecoledeshorizons.ca/,873000,Centre de services scolaire des Chênes,-72.569161,45.839489,Préscolaire - Primaire,Franco,819 850-1631
,873036,École Carrousel,École Carrousel,"410, rue Principale",,49085,Sainte-Brigitte-des-Saults,P,J0C1E0,1,1,0,0,0,École,Public,,873000,Centre de services scolaire des Chênes,-72.479028,46.026976,Préscolaire - Primaire,Franco,819 850-1636
,873037,École Le Relais,École Le Relais,"2645, boulevard Lemire",,49058,Drummondville,V,J2B6Y4,1,1,0,0,0,École,Public,,873000,Centre de services scolaire des Chênes,-72.492093,45.859662,Préscolaire - Primaire,Franco,819 850-1637
,873038,École aux Quatre-Vents,École aux Quatre-Vents,"2700, rue Saint-Laurent",,49058,Drummondville,V,J2B0P7,1,1,0,0,0,École,Public,,873000,Centre de services scolaire des Chênes,-72.507687,45.855231,Préscolaire - Primaire,Franco,819 850-1638
,873039,École à l'Orée-des-Bois,École à l'Orée-des-Bois,"200, rue Georges",,49058,Drummondville,V,J2A2L1,1,1,0,0,0,École,Public,,873000,Centre de services scolaire des Chênes,-72.432514,45.844643,Préscolaire - Primaire,Franco,819 850-1639
,873044,École Notre-Dame et Sacré-Coeur,École Notre-Dame et Sacré-Coeur,"80, rue de l'Église",,49015,Durham-Sud,M,J0H2C0,1,1,0,0,0,École,Public,,873000,Centre de services scolaire des Chênes,-72.341729,45.658703,Préscolaire - Primaire,Franco,819 850-1644
,873046,École Sainte-Jeanne d'Arc,École Sainte-Jeanne d'Arc,"194, 10e rang",,49020,Lefebvre,M,J0H2C0,1,1,0,0,0,École,Public,,873000,Centre de services scolaire des Chênes,-72.412377,45.71241,Préscolaire - Primaire,Franco,819 580-1646
,873047,École Saint-Jean,École Saint-Jean,"887, rue Principale",,49040,Wickham,M,J0C1S0,1,1,0,0,0,École,Public,,873000,Centre de services scolaire des Chênes,-72.498343,45.761105,Préscolaire - Primaire,Franco,819 850-1647
,873050,École Jean-Raimbault,École Jean-Raimbault,"175, rue Pelletier",,49058,Drummondville,V,J2C2W1,0,0,1,0,0,École,Public,,873000,Centre de services scolaire des Chênes,-72.503174,45.875564,Secondaire,Franco,819 474-0750
,873053,École Jeanne-Mance,École Jeanne-Mance,"45, avenue des Frères",,49058,Drummondville,V,J2B6A2,0,0,1,0,0,École,Public,https://ecolejeannemancedrummondville.ca/,873000,Centre de services scolaire des Chênes,-72.478965,45.881455,Secondaire,Franco,819 474-0753
,873055,École Marie-Rivier,École Marie-Rivier,"265, rue Saint-Félix",,49058,Drummondville,V,J2C5M1,0,0,1,0,0,École,Public,,873000,Centre de services scolaire des Chênes,-72.502672,45.897886,Secondaire,Franco,819 478-6600
,873057,École La Poudrière,École La Poudrière,"1125, boulevard Jean-de-Brébeuf",,49058,Drummondville,V,J2B4T5,0,0,1,0,0,École,Public,,873000,Centre de services scolaire des Chênes,-72.475222,45.861279,Secondaire,Franco,819 474-0757
,873061,École du Bosquet,École du Bosquet,"135, rue Charlemagne",,49058,Drummondville,V,J2A0C1,0,0,1,0,0,École,Public,,873000,Centre de services scolaire des Chênes,-72.429491,45.845968,Secondaire,Franco,819 850-1657
,873301,Centre Sainte-Thérèse,Centre d'éducation des adultes Sainte-Thérèse,"623, rue des Écoles",,49058,Drummondville,V,J2B1J6,0,0,0,0,1,Centre éducation aux adultes,Public,https://fgadrummond.ca/,873000,Centre de services scolaire des Chênes,-72.47836,45.875826,Éducation aux adultes,Franco,819 474-0721
,873402,Centre Paul-Rousseau,Centre de formation professionnelle Paul-Rousseau,"125, rue Ringuet",,49058,Drummondville,V,J2B6W6,0,0,0,1,0,Centre de formation professionnelle,Public,https://cfppaulrousseau.ca/,873000,Centre de services scolaire des Chênes,-72.501913,45.877622,Formation professionnelle,Franco,819 474-0751
,873408,Centre André-Morissette,Centre de formation professionnelle André-Morissette,"1650, avenue Vallée",,32043,Plessisville,V,G6L2W5,0,0,0,1,0,Centre de formation professionnelle,Public,https://www.tondep.com/,873000,Centre de services scolaire des Chênes,-71.768508,46.223942,Formation professionnelle,Franco,819 362-7348
,881002,École secondaire Q.H.S.,École secondaire Québec High School,"945, avenue Belvédère",,23027,Québec,V,G1S3G2,0,0,1,0,0,École,Public,,881000,Commission scolaire Central Québec,-71.239365,46.797983,Secondaire,Anglo,418 683-1953
,881003,École Dollard-des-Ormeaux,École Dollard-des-Ormeaux,"18, rue Ladas",,22020,Shannon,V,G3S0B8,1,1,1,0,0,École,Public,https://www.cqsb.qc.ca/fr/web/dollard-des-ormeaux-school/,881000,Commission scolaire Central Québec,-71.506476,46.890375,Préscolaire - Primaire - Secondaire,Anglo,418 844-1457
,881004,École primaire Holland,École primaire Holland,"940, avenue Ernest Gagnon",,23027,Québec,V,G1S3R2,1,1,0,0,0,École,Public,,881000,Commission scolaire Central Québec,-71.249917,46.793731,Préscolaire - Primaire,Anglo,418 681-7705
,881005,École secondaire Saint-Patrick,École secondaire Saint-Patrick,"75, rue de Maisonneuve",,23027,Québec,V,G1R2C4,0,0,1,0,0,École,Public,,881000,Commission scolaire Central Québec,-71.22376,46.80465,Secondaire,Anglo,418 525-8421
,881006,École primaire Sainte-Foy,École primaire Sainte-Foy,"1240, rue Julien-Green",,23027,Québec,V,G1W3M1,1,1,0,0,0,École,Public,https://www.cqsb.qc.ca/fr/web/ste-foy-elementary-school,881000,Commission scolaire Central Québec,-71.283785,46.7662,Préscolaire - Primaire,Anglo,418 651-4396
,881007,École secondaire A.S. Johnson Memorial,École secondaire A.S. Johnson Memorial,"919, rue Mooney Ouest",,31084,Thetford Mines,V,G6G6H3,0,0,1,0,0,École,Public,https://www.cqsb.qc.ca/fr/web/asjstpats,881000,Commission scolaire Central Québec,-71.301098,46.071897,Secondaire,Anglo,418 335-5366
,881008,École primaire de Valcartier,École primaire de Valcartier,"2224, boulevard Valcartier",,22025,Saint-Gabriel-de-Valcartier,M,G0A4S0,1,1,0,0,0,École,Public,https://www.cqsb.qc.ca/fr/web/ecole-primaire-de-valcartier,881000,Commission scolaire Central Québec,-71.464955,46.934169,Préscolaire - Primaire,Anglo,418 844-2233
,881009,École primaire de Portneuf,École primaire de Portneuf,"35, rue Richard",,34030,Cap-Santé,V,G0A1L0,1,1,0,0,0,École,Public,https://www.cqsb.qc.ca/fr/web/portneuf-elementary-school,881000,Commission scolaire Central Québec,-71.756791,46.674738,Préscolaire - Primaire,Anglo,418 285-2313
,881010,École primaire Saint-Patrick,École primaire Saint-Patrick,"919, rue Mooney Ouest",,31084,Thetford Mines,V,G6G6H3,1,1,0,0,0,École,Public,https://www.cqsb.qc.ca/fr/web/asjstpats,881000,Commission scolaire Central Québec,-71.301098,46.071897,Préscolaire - Primaire,Anglo,418 335-2241
,881011,École primaire de l'Everest,École primaire de l'Everest,"2280, rue Laverdière",,23027,Québec,V,G1P2T3,1,1,0,0,0,École,Public,https://www.cqsb.qc.ca/fr/web/everest-elementary-school,881000,Commission scolaire Central Québec,-71.299187,46.814314,Préscolaire - Primaire,Anglo,418 688-8229
,881013,École primaire de New Liverpool,École primaire de New Liverpool,1575 Chemin du Sault,,25213,Lévis,V,G6W2M2,1,1,0,0,0,École,Public,https://www.cqsb.qc.ca/fr/web/new-liverpool-elementary-school,881000,Commission scolaire Central Québec,-71.257364,46.744741,Préscolaire - Primaire,Anglo,418 652-2106
,881014,École primaire anglophone de la Mauricie,École primaire anglophone de la Mauricie,"1241, rue Nicolas-Perrot",,37067,Trois-Rivières,V,G9A1C2,1,1,0,0,0,École,Public,https://www.cqsb.qc.ca/fr/web/mauricie-english-elementary-school,881000,Commission scolaire Central Québec,-72.544249,46.356139,Préscolaire - Primaire,Anglo,819 376-7676
,881015,Académie de Trois-Rivières,Académie de Trois-Rivières,"1875, rue Nicolas-Perrot",,37067,Trois-Rivières,V,G9A1C5,0,0,1,0,0,École,Public,,881000,Commission scolaire Central Québec,-72.548159,46.359185,Secondaire,Anglo,819 375-2332
,881016,École secondaire de Shawinigan,École secondaire de Shawinigan,"1125, avenue des Cèdres",,36033,Shawinigan,V,G9N1P7,1,1,1,0,0,École,Public,https://www.cqsb.qc.ca/fr/ecole-secondaire-shawinigan,881000,Commission scolaire Central Québec,-72.746992,46.545287,Préscolaire - Primaire - Secondaire,Anglo,819 536-2116
,881017,École secondaire de La Tuque,École secondaire de La Tuque,"531, rue Saint-Maurice",,90012,La Tuque,V,G9X3E9,1,1,1,0,0,École,Public,,881000,Commission scolaire Central Québec,-72.787483,47.439607,Préscolaire - Primaire - Secondaire,Anglo,819 523-2515
,881019,École régionale Riverside,École secondaire régionale Riverside,"1770, rue Joule",,94068,Saguenay,V,G7S3B1,0,0,1,0,0,École,Public,https://www.cqsb.qc.ca/fr/web/riverside-regional-high-school,881000,Commission scolaire Central Québec,-71.184037,48.433252,Secondaire,Anglo,418 548-3181
,881020,École régionale Riverside,École primaire régionale Riverside,1750 rue Joule,,94068,Saguenay,V,G7S3B3,1,1,0,0,0,École,Public,https://www.cqsb.qc.ca/fr/web/riverside-regional-elementary-school,881000,Commission scolaire Central Québec,-71.183725,48.43416,Préscolaire - Primaire,Anglo,418 548-3181
,881021,École MacLean Memorial,École MacLean Memorial,"159, 5e Avenue",,99025,Chibougamau,V,G8P2E6,1,1,1,0,0,École,Public,,881000,Commission scolaire Central Québec,-74.366402,49.915224,Préscolaire - Primaire - Secondaire,Anglo,418 748-2038
,881325,École Jimmy Sandy Memorial,École Jimmy Sandy Memorial,"1014, rue Naskapi",Case postale 5152,97806,Kawawachikamach,TK,G0G2Z0,0,0,0,0,1,Centre éducation aux adultes,Public,,881000,Commission scolaire Central Québec,-66.76057,54.862951,Éducation aux adultes,Anglo,418 585-3811
,881328,Centre de formation Eastern Québec,Centre de formation Eastern Québec,"3005, rue William-Stuart",,23027,Québec,V,G1W1V4,0,0,0,0,1,Centre éducation aux adultes,Public,https://easternquebec.ca/,881000,Commission scolaire Central Québec,-71.28668,46.758218,Éducation aux adultes,Anglo,418 654-0537
,881428,Centre de formation prof. Eastern Québec,Centre de formation professsionnelle Eastern Québec,"3005, rue William-Stuart",,23027,Québec,V,G1W1V4,0,0,0,1,0,Centre de formation professionnelle,Public,https://easternquebec.ca/,881000,Commission scolaire Central Québec,-71.28668,46.758218,Formation professionnelle,Anglo,418 654-0537
,882001,École de Belle Anse ,École de Belle Anse,"1298, Route 132",,02005,Percé,V,G0C1A0,1,1,0,0,0,École,Public,,882000,Commission scolaire Eastern Shores,-64.233345,48.626258,Préscolaire - Primaire,Anglo,418 645-2236
,882002,École secondaire de New Carlisle,École secondaire de New Carlisle,"177, boulevard Gérard-D.-Lévesque",,05040,New Carlisle,M,G0C1Z0,1,1,1,0,0,École,Public,,882000,Commission scolaire Eastern Shores,-65.338019,48.009531,Préscolaire - Primaire - Secondaire,Anglo,418 752-3316
,882003,École de Métis-sur-Mer,École de Métis-sur-Mer,"468, rue Beach",,09020,Sainte-Jeanne-d'Arc-de-la-Mitis,M,G0J1S0,1,1,1,0,0,École,Public,,882000,Commission scolaire Eastern Shores,-67.956028,48.493915,Préscolaire - Primaire - Secondaire,Anglo,418 936-3288
,882004,École de Shigawake--Port Daniel,École de Shigawake--Port Daniel,"116, Route 132",,02047,Port-Daniel–Gascons,M,G0C2N0,1,1,0,0,0,École,Public,,882000,Commission scolaire Eastern Shores,-65.029771,48.111732,Préscolaire - Primaire,Anglo,418 396-5252
,882005,École Riverview,École Riverview,"67, rue Audubon",,97022,Port-Cartier,V,G5B1M7,1,1,0,0,0,École,Public,,882000,Commission scolaire Eastern Shores,-66.860251,50.024443,Préscolaire - Primaire,Anglo,418 766-2665
,882006,Polyvalente de Gaspé,Polyvalente de Gaspé,"85, boulevard de Gaspé",,03005,Gaspé,V,G4X2T8,0,0,1,0,0,École,Public,,882000,Commission scolaire Eastern Shores,-64.477564,48.836896,Secondaire,Anglo,418 368-6532
,882007,École de Fermont,École de Fermont,"130, rue Carrefour",AR-35,97035,Fermont,V,G0G1J0,1,1,0,0,0,École,Public,,882000,Commission scolaire Eastern Shores,-67.090658,52.79645,Préscolaire - Primaire,Anglo,418 287-5497
,882008,École secondaire de Grosse-Îles,École secondaire de Grosse-Îles,"448, chemin Principal",,01042,Grosse-Île,M,G4T6A8,1,1,1,0,0,École,Public,,882000,Commission scolaire Eastern Shores,-61.516673,47.618817,Préscolaire - Primaire - Secondaire,Anglo,418 985-2885
,882009,École secondaire Evergreen,École secondaire Evergreen,"155, rue Monseigneur Ross",,02028,Chandler,V,G0C1K0,0,0,1,0,0,École,Public,https://www.essb.qc.ca,882000,Commission scolaire Eastern Shores,-64.68399,48.354127,Secondaire,Anglo,418 689-7540
,882011,École secondaire de New Richmond,École secondaire de New Richmond,"163, boulevard Perron  Ouest",,05070,New Richmond,V,G0C2B0,1,1,1,0,0,École,Public,,882000,Commission scolaire Eastern Shores,-65.863866,48.163314,Préscolaire - Primaire - Secondaire,Anglo,418 392-4441
,882015,École Primaire de Gaspé,École Primaire de Gaspé,"234, rue Monseigneur Leblanc",,03005,Gaspé,V,G4X1S4,1,1,0,0,0,École,Public,,882000,Commission scolaire Eastern Shores,-64.49432,48.827579,Préscolaire - Primaire,Anglo,418 368-2259
,882016,École Intermédiaire d'Escuminac,École Intermédiaire  d'Escuminac,"9, rue de l'École",,06025,Escuminac,M,G0C1N0,1,1,1,0,0,École,Public,,882000,Commission scolaire Eastern Shores,-66.488115,48.117667,Préscolaire - Primaire - Secondaire,Anglo,418 788-5549
,882017,École Saint-Joseph-Saint-Patrick,École Saint-Joseph-Saint-Patrick,"183, rue Commerciale",,02028,Chandler,V,G0C1K0,1,1,0,0,0,École,Public,,882000,Commission scolaire Eastern Shores,-64.684851,48.348694,Préscolaire - Primaire,Anglo,418 689-5905
,882018,École Primaire Flemming,École Primaire Flemming,"542, avenue Brochu",,97007,Sept-Îles,V,G4R2X3,1,1,0,0,0,École,Public,,882000,Commission scolaire Eastern Shores,-66.387953,50.208449,Préscolaire - Primaire,Anglo,418 968-8412
,882019,École secondaire de Baie Comeau,École secondaire de Baie Comeau,"39, avenue Marquette",,96020,Baie-Comeau,V,G4Z1K4,1,1,1,0,0,École,Public,,882000,Commission scolaire Eastern Shores,-68.148731,49.219448,Préscolaire - Primaire - Secondaire,Anglo,418 296-2832
,882112,École secondaire Queen Elizabeth,École secondaire Queen Elizabeth,"95, rue Père Divet",,97007,Sept-Îles,V,G4R3P2,0,0,1,0,0,École,Public,,882000,Commission scolaire Eastern Shores,-66.379511,50.212346,Secondaire,Anglo,418 962-4540
,882302,CEA de Listuguj,Centre d'éducation des adultes de Listuguj,"9, rue de l'École",,06025,Escuminac,M,G0C1N0,0,0,0,0,1,Centre éducation aux adultes,Public,,882000,Commission scolaire Eastern Shores,-66.488115,48.117667,Éducation aux adultes,Anglo,418 788-5549
,882304,CEA de New Richmond,Centre d'éducation des adultes de New Richmond,"163, boulevard Perron Ouest",,05070,New Richmond,V,G0C2B0,0,0,0,0,1,Centre éducation aux adultes,Public,,882000,Commission scolaire Eastern Shores,-65.863866,48.163314,Éducation aux adultes,Anglo,418 752-2247
,882306,CEA Anchor,Centre d'éducation des adultes Anchor,"80, boulevard Gérard-D-Lévesque",,05040,New Carlisle,M,G0C1Z0,0,0,0,0,1,Centre éducation aux adultes,Public,,882000,Commission scolaire Eastern Shores,-65.313144,48.013155,Éducation aux adultes,Anglo,418 752-3848
,882313,CEA de Wakeham,Centre d'éducation des adultes de Wakeham,"39, montée Sandy Beach",Suite 2,03005,Gaspé,V,G4X2A9,0,0,0,0,1,Centre éducation aux adultes,Public,,882000,Commission scolaire Eastern Shores,-64.552412,48.826129,Éducation aux adultes,Anglo,418 368-3376
,882315,CEA de Grosse-Îles,Centre d'éducation des adultes de Grosse-Îles,"448, chemin Principal",,01042,Grosse-Île,M,G4T6A8,0,0,0,0,1,Centre éducation aux adultes,Public,,882000,Commission scolaire Eastern Shores,-61.516673,47.618817,Éducation aux adultes,Anglo,418 985-2885
,882390,CEA Northen Lights,Centre d'éducation des adultes Northern Lights,"95, rue Père Divet",,97007,Sept-Îles,V,G4R3P2,0,0,0,0,1,Centre éducation aux adultes,Public,,882000,Commission scolaire Eastern Shores,-66.379511,50.212346,Éducation aux adultes,Anglo,418 968-8412
,882402,CFP de Listuguj,Centre d'éducation professionnelle de Listuguj,2 Pacific Drive,,06804,Listuguj,R,G0C2R0,0,0,0,1,0,Centre de formation professionnelle,Public,,882000,Commission scolaire Eastern Shores,-66.703738,48.012985,Formation professionnelle,Anglo,418 788-1347
,882404,CFP de New Richmond,Centre d'éducation professionnelle de New Richmond,"101, boulevard Perron",,05070,New Richmond,V,G0C1Y1,0,0,0,1,0,Centre de formation professionnelle,Public,,882000,Commission scolaire Eastern Shores,-65.863866,48.163314,Formation professionnelle,Anglo,418 752-2247
,882406,CFP Anchor,Centre de formation professionnelle Anchor,"80, boulevard Gérard-D-Lévesque",,05040,New Carlisle,M,G0C1Z0,0,0,0,1,0,Centre de formation professionnelle,Public,,882000,Commission scolaire Eastern Shores,-65.313144,48.013155,Formation professionnelle,Anglo,418 752-3848
,882413,CFP de Wakeham,Centre de formation professionnelle de Wakeham,"39, montée Sandy Beach",Suite 2,03005,Gaspé,V,G4X2A9,0,0,0,1,0,Centre de formation professionnelle,Public,,882000,Commission scolaire Eastern Shores,-64.552412,48.826129,Formation professionnelle,Anglo,418 368-3376
,882415,CFP de Grosse-Île,Centre de formation professionnelle de Grosse-Île,"448, chemin principal",,01042,Grosse-Île,M,G4T6A8,0,0,0,1,0,Centre de formation professionnelle,Public,,882000,Commission scolaire Eastern Shores,-61.516673,47.618817,Formation professionnelle,Anglo,418 985-2885
,882490,CFP de Northern Lights,Centre de formation professionnelle de Northern Lights,"95, rue Père Divet",,97007,Sept-Îles,V,G4R3P2,0,0,0,1,0,Centre de formation professionnelle,Public,,882000,Commission scolaire Eastern Shores,-66.379511,50.212346,Formation professionnelle,Anglo,418 968-8412
,883001,École primaire A.D.S.,École primaire Asbestos-Danville-Shipton,"217, rue Water",,40047,Danville,V,J0A1A0,1,1,0,0,0,École,Public,https://sites.google.com/edu.etsb.qc.ca/adselementaryschool/home,883000,Commission scolaire Eastern Townships,-72.003247,45.783374,Préscolaire - Primaire,Anglo,819 839-2352
,883002,École primaire d'Ayer's Cliff,École primaire d'Ayer's Cliff,"952, rue Sanborn",,45035,Ayer's Cliff,VL,J0B1C0,1,1,0,0,0,École,Public,https://ayerscliff.etsb.qc.ca/,883000,Commission scolaire Eastern Townships,-72.043378,45.167375,Préscolaire - Primaire,Anglo,819 838-4983
,883003,École primaire Butler,École primaire Butler,"19, rue Rix",,46035,Bedford,V,J0J1A0,1,1,1,0,0,École,Public,https://butler.etsb.qc.ca/,883000,Commission scolaire Eastern Townships,-72.984257,45.117374,Préscolaire - Primaire - Secondaire,Anglo,450 248-2090
,883005,École primaire de Cookshire,École primaire de Cookshire,"95, rue du Parc",,41038,Cookshire-Eaton,V,J0B1M0,1,1,0,0,0,École,Public,https://cookshire.etsb.qc.ca/,883000,Commission scolaire Eastern Townships,-71.631381,45.41344,Préscolaire - Primaire,Anglo,819 875-3785
,883006,École primaire de Drummondville,École primaire de Drummondville,"565, rue Farrell",,49058,Drummondville,V,J2C0S9,1,1,0,0,0,École,Public,https://drummondville.etsb.qc.ca/,883000,Commission scolaire Eastern Townships,-72.522032,45.885781,Préscolaire - Primaire,Anglo,819 474-8563
,883007,École primaire de Farnham,École primaire de Farnham,"425, rue Saint-Joseph",,46112,Farnham,V,J2N1P4,1,1,0,0,0,École,Public,https://farnham.etsb.qc.ca/,883000,Commission scolaire Eastern Townships,-72.975351,45.282015,Préscolaire - Primaire,Anglo,450 293-6087
,883008,École primaire Heroes' Memorial,École primaire Heroes' Memorial,"317, rue Sud",,46080,Cowansville,V,J2K2X6,1,1,1,0,0,École,Public,https://www.etsb.qc.ca/,883000,Commission scolaire Eastern Townships,-72.745597,45.204884,Préscolaire - Primaire - Secondaire,Anglo,450 263-1612
,883009,Académie Knowlton,Académie Knowlton,"81, rue Victoria",,46075,Lac-Brome,V,J0E1V0,1,1,1,0,0,École,Public,https://knowlton.etsb.qc.ca/,883000,Commission scolaire Eastern Townships,-72.516469,45.22053,Préscolaire - Primaire - Secondaire,Anglo,450 243-6187
,883010,École primaire de Lennoxville,École primaire de Lennoxville,"1, rue Academy",,43027,Sherbrooke,V,J1M2A6,1,1,0,0,0,École,Public,https://lennoxville.etsb.qc.ca/,883000,Commission scolaire Eastern Townships,-71.858419,45.369835,Préscolaire - Primaire,Anglo,819 569-5103
,883011,École primaire de Mansonville,École primaire de Mansonville,"5, rue Marion Atwell",,45030,Potton,CT,J0E1X0,1,1,1,0,0,École,Public,https://sites.google.com/view/mansonville-elementary-school,883000,Commission scolaire Eastern Townships,-72.393545,45.051307,Préscolaire - Primaire - Secondaire,Anglo,450 292-5622
,883012,École primaire de North Hatley,École primaire de North Hatley,"110, rue School",,45050,North Hatley,VL,J0B2C0,1,1,0,0,0,École,Public,https://northhatley.etsb.qc.ca/,883000,Commission scolaire Eastern Townships,-71.972242,45.273976,Préscolaire - Primaire,Anglo,819 842-2491
,883013,École primaire Parkview,École primaire Parkview,"50, rue Lorne",,47017,Granby,V,J2G4W2,1,1,0,0,0,École,Public,https://parkview.etsb.qc.ca/,883000,Commission scolaire Eastern Townships,-72.720222,45.400251,Préscolaire - Primaire,Anglo,450 372-6058
,883014,École primaire Pope Memorial,École primaire Pope Memorial,"523, rue Stokes",,41070,Bury,M,J0B1J0,1,1,0,0,0,École,Public,https://pope.etsb.qc.ca/,883000,Commission scolaire Eastern Townships,-71.510042,45.474931,Préscolaire - Primaire,Anglo,819 872-3771
,883015,École primaire Princess Elizabeth,École primaire Princess Elizabeth,"120, rue Bellevue",,45072,Magog,V,J1X3H2,1,1,0,0,0,École,Public,https://princesselizabeth.etsb.qc.ca/,883000,Commission scolaire Eastern Townships,-72.153299,45.262346,Préscolaire - Primaire,Anglo,819 843-4847
,883016,École primaire de Sawyerville,École primaire de Sawyerville,"51, rue Cookshire",,41038,Cookshire-Eaton,V,J0B3A0,1,1,0,0,0,École,Public,https://sawyerville.etsb.qc.ca/,883000,Commission scolaire Eastern Townships,-71.570464,45.337674,Préscolaire - Primaire,Anglo,819 889-2263
,883017,École primaire de Sherbrooke,École primaire de Sherbrooke,"242, rue Ontario",,43027,Sherbrooke,V,J1J3R1,1,1,0,0,0,École,Public,https://www.etsb.qc.ca/sherbrooke/default.htm,883000,Commission scolaire Eastern Townships,-71.907285,45.402391,Préscolaire - Primaire,Anglo,819 562-3515
,883018,École primaire Saint-Françis,École primaire Saint-Françis,"355, rue Collège Sud",,42098,Richmond,V,J0B2H0,1,1,0,0,0,École,Public,https://stfrancis.etsb.qc.ca/,883000,Commission scolaire Eastern Townships,-72.138655,45.653948,Préscolaire - Primaire,Anglo,819 826-3737
,883019,École primaire Sunnyside,École primaire Sunnyside,"441, rue Dufferin",,45008,Stanstead,V,J0B3E2,1,1,0,0,0,École,Public,https://sunnyside.etsb.qc.ca/,883000,Commission scolaire Eastern Townships,-72.097589,45.011758,Préscolaire - Primaire,Anglo,819 876-2469
,883020,École primaire de Sutton,École primaire de Sutton,"19, rue Highland",,46058,Sutton,V,J0E2K0,1,1,0,0,0,École,Public,https://sutton.etsb.qc.ca/,883000,Commission scolaire Eastern Townships,-72.61119,45.108858,Préscolaire - Primaire,Anglo,450 538-2318
,883021,École primaire de Waterloo,École primaire de Waterloo,"5, rue Clark Hill",,47025,Waterloo,V,J0E2N0,1,1,1,0,0,École,Public,https://waterloo.etsb.qc.ca/,883000,Commission scolaire Eastern Townships,-72.512953,45.342321,Préscolaire - Primaire - Secondaire,Anglo,450 539-0162
,883022,École secondaire Alexander Galt,École secondaire régionale Alexander Galt,"1700, rue Collège",,43027,Sherbrooke,V,J1M0C8,0,0,1,0,0,École,Public,https://alexandergalt.etsb.qc.ca/,883000,Commission scolaire Eastern Townships,-71.815267,45.364635,Secondaire,Anglo,819 563-0770
,883023,École secondaire Massey-Vanier,École secondaire Massey-Vanier,"224, rue Mercier",,46080,Cowansville,V,J2K5C3,0,0,1,0,0,École,Public,https://masseyvanier.etsb.qc.ca/,883000,Commission scolaire Eastern Townships,-72.772443,45.207064,Secondaire,Anglo,450 263-3772
,883024,École secondaire de Richmond,École secondaire régionale de Richmond,"375, rue Armstrong",,42098,Richmond,V,J0B2H0,0,0,1,0,0,École,Public,https://richmondhigh.etsb.qc.ca/,883000,Commission scolaire Eastern Townships,-72.131909,45.655377,Secondaire,Anglo,819 826-3702
,883303,ETAGE,Centre d'Éducation Générale aux Adultes Eastern Townships,340 Saint-Jean-Bosco,,45072,Magog,V,J1X1K9,0,0,0,0,1,Centre éducation aux adultes,Public,https://www.etsb.qc.ca/,883000,Commission scolaire Eastern Townships,-72.135318,45.268979,Éducation aux adultes,Anglo,819 566-0250
,883401,CFP Campus de Brome-Missisquoi,Centre de formation professionnelle Campus de Brome-Missisquoi,"180, rue Adélard-Godbout",,46080,Cowansville,V,J2K3X9,0,0,0,1,0,Centre de formation professionnelle,Public,https://www.cbm.csvdc.qc.ca/,883000,Commission scolaire Eastern Townships,-72.771304,45.206764,Formation professionnelle,Anglo,450 263-7901
,883402,FP professionnelle de Lennoxville,Centre de Formation  professionnelle de Lennoxville,"1700, rue Collège",,43027,Sherbrooke,V,J1M0C8,0,0,0,1,0,Centre de formation professionnelle,Public,https://www.lvtc.ca/,883000,Commission scolaire Eastern Townships,-71.815267,45.364635,Formation professionnelle,Anglo,819 563-5627
,884001,École Saint-Johns,École Saint-Johns,"380, rue Saint-Michel",,56083,Saint-Jean-sur-Richelieu,V,J3B1T4,1,1,1,0,0,École,Public,,884000,Commission scolaire Riverside,-73.270286,45.314725,Préscolaire - Primaire - Secondaire,Anglo,877 550-2501
,884003,École John-Adam Memorial,École John-Adam Memorial,"120, Montée des Bouleaux",,67025,Delson,V,J5B1L7,1,1,0,0,0,École,Public,,884000,Commission scolaire Riverside,-73.54672,45.378496,Préscolaire - Primaire,Anglo,450 550-2503
,884005,École Saint-Jude,École Saint-Jude,"781, rue Miller",,58227,Longueuil,V,J4V1W8,1,1,0,0,0,École,Public,,884000,Commission scolaire Riverside,-73.474033,45.481481,Préscolaire - Primaire,Anglo,450 672-2090
,884006,École Good Shepherd,École Good Shepherd,"5770, rue Aline",,58007,Brossard,V,J4Z1R3,1,1,0,0,0,École,Public,,884000,Commission scolaire Riverside,-73.453688,45.472981,Préscolaire - Primaire,Anglo,450 676-8166
,884007,École primaire internationale GFP,École primaire internationale Greenfield Park,"776, rue Campbell",,58227,Longueuil,V,J4V1Y7,0,1,0,0,0,École,Public,,884000,Commission scolaire Riverside,-73.471589,45.482983,Primaire,Anglo,450 672-0042
,884009,École Royal Charles,École Royal Charles,"5525,  boulevard Maricourt",,58227,Longueuil,V,J3Y1S5,1,1,0,0,0,École,Public,,884000,Commission scolaire Riverside,-73.429575,45.486952,Préscolaire - Primaire,Anglo,450 676-2011
,884011,École Mount Bruno,École Mount Bruno,"20, rue des Peupliers",,58037,Saint-Bruno-de-Montarville,V,J3V2L8,1,1,0,0,0,École,Public,,884000,Commission scolaire Riverside,-73.335995,45.522039,Préscolaire - Primaire,Anglo,450 550-2511
,884012,École Primaire Boucherville,École Primaire Boucherville,"800, rue du Père-Le Jeune",,58033,Boucherville,V,J4B3K1,1,1,0,0,0,École,Public,,884000,Commission scolaire Riverside,-73.445757,45.620757,Préscolaire - Primaire,Anglo,450 550-2512
,884013,École Cedar Street,École Cedar Street,"250, rue Cedar",,57040,Beloeil,V,J3G3M1,1,1,0,0,0,École,Public,,884000,Commission scolaire Riverside,-73.21799,45.55699,Préscolaire - Primaire,Anglo,450 550-2513
,884014,École internationale Courtland Park,École internationale Courtland Park,"1075, rue Wolfe",,58037,Saint-Bruno-de-Montarville,V,J3V3K6,1,1,0,0,0,École,Public,,884000,Commission scolaire Riverside,-73.356847,45.532479,Préscolaire - Primaire,Anglo,450 550-2514
,884016,École secondaire régionale Héritage,École secondaire régionale Héritage,"7445, Chemin Chambly",,58227,Longueuil,V,J3Y3S3,0,0,1,0,0,École,Public,,884000,Commission scolaire Riverside,-73.391573,45.490368,Secondaire,Anglo,450 678-1070
,884017,École Mountainview,École Mountainview,"444, rue Mountainview",,57030,Otterburn Park,V,J3H2K2,1,1,0,0,0,École,Public,,884000,Commission scolaire Riverside,-73.196728,45.545552,Préscolaire - Primaire,Anglo,450 550-2517
,884018,École Terry-Fox,École Terry-Fox,"1648, rue Langevin",,58227,Longueuil,V,J4T1X7,1,1,0,0,0,École,Public,,884000,Commission scolaire Riverside,-73.469866,45.499864,Préscolaire - Primaire,Anglo,450 678-2142
,884019,École Saint-Mary's,École Saint-Mary's,"1863, rue Brébeuf",,58227,Longueuil,V,J4J3P3,1,1,0,0,0,École,Public,,884000,Commission scolaire Riverside,-73.484945,45.527726,Préscolaire - Primaire,Anglo,450 674-0851
,884021,École Harold-Sheppard,École Harold-Sheppard,"6205, boulevard des Étudiants",,53052,Sorel-Tracy,V,J3R4K7,1,1,0,0,0,École,Public,,884000,Commission scolaire Riverside,-73.148169,46.0189,Préscolaire - Primaire,Anglo,877 550-2521
,884025,École Saint-Lawrence,École Saint-Lawrence,"148, boulevard Champlain",,67020,Candiac,V,J5R3T2,1,1,0,0,0,École,Public,,884000,Commission scolaire Riverside,-73.528108,45.38858,Préscolaire - Primaire,Anglo,450 550-2500
,884027,École William-Latter,École William-Latter,"1300, rue Barré",,57005,Chambly,V,J3L2V4,1,1,0,0,0,École,Public,,884000,Commission scolaire Riverside,-73.297193,45.444348,Préscolaire - Primaire,Anglo,450 550-2527
,884030,École Primaire Saint-Lambert,École Primaire Saint-Lambert,"81, rue Green",,58012,Saint-Lambert,V,J4P1S4,1,1,0,0,0,École,Public,,884000,Commission scolaire Riverside,-73.510314,45.502261,Préscolaire - Primaire,Anglo,450 671-7301
,884031,École Reach,École Reach,"471, rue Green",,58012,Saint-Lambert,V,J4R1V2,1,1,1,0,0,École,Public,,884000,Commission scolaire Riverside,-73.506347,45.507247,Préscolaire - Primaire - Secondaire,Anglo,450 671-1649
,884032,École sec. internationale de St-Lambert,École secondaire internationale de Saint-Lambert,"675, rue Green",,58012,Saint-Lambert,V,J4P1V9,0,0,1,0,0,École,Public,,884000,Commission scolaire Riverside,-73.504377,45.509757,Secondaire,Anglo,450 671-5534
,884035,École secondaire régionale Centennial,École secondaire régionale Centennial,"880, rue Hudson",,58227,Longueuil,V,J4V1H1,0,0,1,0,0,École,Public,,884000,Commission scolaire Riverside,-73.446713,45.491856,Secondaire,Anglo,450 656-6100
,884037,École Harold-Napper,École Harold-Napper,"6375, avenue Baffin",,58007,Brossard,V,J4Z2H9,1,1,0,0,0,École,Public,,884000,Commission scolaire Riverside,-73.445384,45.46378,Préscolaire - Primaire,Anglo,450 676-2651
,884350,Centre adulte ACCESS Cleghorn,Centre de formation générale adulte ACCESS Cleghorn,"163, avenue Cleghorn",,58012,Saint-Lambert,V,J4R2J4,0,0,0,0,1,Centre éducation aux adultes,Public,,884000,Commission scolaire Riverside,-73.5087,45.493857,Éducation aux adultes,Anglo,450 676-1843
,884351,Centre adulte ACCESS Royal Oak,Centre de formation générale adulte ACCESS Royal Oak,3555 rue Rocheleau,,58227,Longueuil,V,J3Y4T6,0,0,0,0,1,Centre éducation aux adultes,Public,,884000,Commission scolaire Riverside,-73.423451,45.493346,Éducation aux adultes,Anglo,450 676-3636
,884352,Centre d'expertise en Transport - ACCESS,Centre d'expertise en Transport - ACCESS (CET-A),"4861, chemin de la Savane",,58227,Longueuil,V,J3Y9G1,0,0,0,0,1,Centre éducation aux adultes,Public,,884000,Commission scolaire Riverside,-73.425831,45.522241,Éducation aux adultes,Anglo,450 672-9011
,884450,Centre professionnelle ACCESS Cleghorn,Centre de formation professionnelle ACCESS Cleghorn,163 avenue Cleghorn,,58012,Saint-Lambert,V,J4R2J4,0,0,0,1,0,Centre de formation professionnelle,Public,,884000,Commission scolaire Riverside,-73.5087,45.493857,Formation professionnelle,Anglo,450 676-1843
,884451,Centre professionnelle ACCESS Royal Oak,Centre de formation professionnelle ACCESS Royal Oak,3555 rue Rocheleau,,58227,Longueuil,V,J3Y4T6,0,0,0,1,0,Centre de formation professionnelle,Public,,884000,Commission scolaire Riverside,-73.423451,45.493346,Formation professionnelle,Anglo,450 676-3636
,884452,Centre d'expertise en Transport - ACCESS,Centre d'expertise en Transport - ACCESS (CET-A),"4861, chemin de la Savane",,58227,Longueuil,V,J3Y9G1,0,0,0,1,0,Centre de formation professionnelle,Public,,884000,Commission scolaire Riverside,-73.425831,45.522241,Formation professionnelle,Anglo,450 672-9011
,885026,Centre de la Nature d'Arundel,Centre de la Nature et des Sciences d'Arundel,"90, route de Crystal Falls",,78060,Arundel,CT,J0T1A0,1,1,1,0,0,École,Public,https://www.swlauriersb.qc.ca,885000,Commission scolaire Sir-Wilfrid-Laurier,-74.620955,46.001508,Préscolaire - Primaire - Secondaire,Anglo,514 932-7722
,885149,École primaire Héritage,École primaire Héritage,"878, 9E avenue",,63048,Saint-Lin–Laurentides,V,J5M2T5,1,1,0,0,0,École,Public,,885000,Commission scolaire Sir-Wilfrid-Laurier,-73.754252,45.84686,Préscolaire - Primaire,Anglo,450 621-7277
,885151,École primaire d'Arundel,École primaire d'Arundel,"5, rue School",,78060,Arundel,CT,J0T1A0,1,1,0,0,0,École,Public,https://www.swlauriersb.qc.ca,885000,Commission scolaire Sir-Wilfrid-Laurier,-74.614907,45.968008,Préscolaire - Primaire,Anglo,819 687-9159
,885152,École primaire Crestview,École primaire Crestview,"750, avenue du Devonshire",,65005,Laval,V,H7W4C7,1,1,0,0,0,École,Public,https://www.swlauriersb.qc.ca,885000,Commission scolaire Sir-Wilfrid-Laurier,-73.766782,45.532522,Préscolaire - Primaire,Anglo,450 681-6703
,885153,École primaire de Grenville,École primaire de Grenville,"184, rue Principale",,76055,Grenville,VL,J0V1J0,1,1,0,0,0,École,Public,https://www.swlauriersb.qc.ca,885000,Commission scolaire Sir-Wilfrid-Laurier,-74.598678,45.632045,Préscolaire - Primaire,Anglo,819 242-2852
,885154,Académie Hillcrest,Académie Hillcrest,"265, rue Bladen",,65005,Laval,V,H7W4J8,1,1,0,0,0,École,Public,https://www.swlauriersb.qc.ca,885000,Commission scolaire Sir-Wilfrid-Laurier,-73.765431,45.525039,Préscolaire - Primaire,Anglo,450 688-3002
,885155,École primaire Pinewood,École primaire Pinewood,"412, chemin des Anglais",,64015,Mascouche,V,J7L3R1,1,1,0,0,0,École,Public,https://www.swlauriersb.qc.ca,885000,Commission scolaire Sir-Wilfrid-Laurier,-73.649511,45.733068,Préscolaire - Primaire,Anglo,450 477-5353
,885156,École primaire John-F.-Kennedy,École primaire John-F.-Kennedy,"500, rue Cardinal",,65005,Laval,V,H7V1T5,1,1,0,0,0,École,Public,https://www.swlauriersb.qc.ca,885000,Commission scolaire Sir-Wilfrid-Laurier,-73.743711,45.548225,Préscolaire - Primaire,Anglo,450 686-6292
,885157,École primaire de Joliette,École primaire de Joliette,345 boulevard l'Assomption Ouest,,61035,Saint-Charles-Borromée,V,J6E0R3,1,1,0,0,0,École,Public,https://www.swlauriersb.qc.ca,885000,Commission scolaire Sir-Wilfrid-Laurier,-73.472671,46.042263,Préscolaire - Primaire,Anglo,450 759-1600
,885158,École primaire Laurentia,École primaire Laurentia,"457, rue Filion",,75017,Saint-Jérôme,V,J7Z1H7,1,1,0,0,0,École,Public,https://www.swlauriersb.qc.ca,885000,Commission scolaire Sir-Wilfrid-Laurier,-74.002218,45.787814,Préscolaire - Primaire,Anglo,450 438-6078
,885159,École primaire Laurentian,École primaire Laurentian,"455, rue Court",,76020,Lachute,V,J8H1T2,1,1,0,0,0,École,Public,https://www.swlauriersb.qc.ca,885000,Commission scolaire Sir-Wilfrid-Laurier,-74.336745,45.657489,Préscolaire - Primaire,Anglo,450 562-2401
,885161,École primaire McCaig,École primaire McCaig,"501, rue Northcote",,73020,Rosemère,V,J7A1Y1,1,1,0,0,0,École,Public,https://www.swlauriersb.qc.ca,885000,Commission scolaire Sir-Wilfrid-Laurier,-73.788627,45.64821,Préscolaire - Primaire,Anglo,450 621-6111
,885162,École primaire de Morin-Heights,École primaire de Morin-Heights,"647, chemin du Village",,77050,Morin-Heights,M,J0R1H0,1,1,0,0,0,École,Public,https://www.swlauriersb.qc.ca,885000,Commission scolaire Sir-Wilfrid-Laurier,-74.241896,45.904293,Préscolaire - Primaire,Anglo,450 226-2017
,885163,École primaire Mountainview,École primaire Mountainview,"2001, rue Guy",,72010,Deux-Montagnes,V,J7R1W6,1,1,0,0,0,École,Public,https://www.swlauriersb.qc.ca,885000,Commission scolaire Sir-Wilfrid-Laurier,-73.911183,45.541023,Préscolaire - Primaire,Anglo,450 621-7780
,885164,École primaire Our Lady of Peace,École primaire Our Lady of Peace,"3900, rue Nicole",,65005,Laval,V,H7P1L5,1,1,0,0,0,École,Public,https://www.swlauriersb.qc.ca,885000,Commission scolaire Sir-Wilfrid-Laurier,-73.824652,45.573051,Préscolaire - Primaire,Anglo,450 680-3031
,885165,École primaire de Rawdon,École primaire de Rawdon,"4121, rue Queen",,62037,Rawdon,M,J0K1S0,1,1,0,0,0,École,Public,https://www.swlauriersb.qc.ca,885000,Commission scolaire Sir-Wilfrid-Laurier,-73.725407,46.053597,Préscolaire - Primaire,Anglo,450 834-2427
,885166,École primaire Souvenir,École primaire Souvenir,"4885, chemin du Souvenir ",,65005,Laval,V,H7W1E1,1,1,0,0,0,École,Public,https://www.swlauriersb.qc.ca,885000,Commission scolaire Sir-Wilfrid-Laurier,-73.772366,45.537572,Préscolaire - Primaire,Anglo,450 688-1944
,885168,École primaire Saint-Jude,École primaire Saint-Jude,"122, rue Saint-Jude",,72010,Deux-Montagnes,V,J7R3L6,1,1,0,0,0,École,Public,https://www.swlauriersb.qc.ca,885000,Commission scolaire Sir-Wilfrid-Laurier,-73.891995,45.539316,Préscolaire - Primaire,Anglo,450 621-7805
,885169,École primaire Saint-Paul,École primaire Saint-Paul,"2425, rue Honfleur",,65005,Laval,V,H7E1Y3,1,1,0,0,0,École,Public,https://www.swlauriersb.qc.ca,885000,Commission scolaire Sir-Wilfrid-Laurier,-73.676319,45.589546,Préscolaire - Primaire,Anglo,450 680-3033
,885170,École primaire Genesis,École primaire Genesis,"2450, rue Rosemère",,65005,Laval,V,H7E2J8,1,1,0,0,0,École,Public,https://www.swlauriersb.qc.ca,885000,Commission scolaire Sir-Wilfrid-Laurier,-73.669762,45.583982,Préscolaire - Primaire,Anglo,450 680-3035
,885171,École primaire de Sainte-Adèle,École primaire de Sainte-Adèle,"60, rue Henri-Dunant",,77022,Sainte-Adèle,V,J8B2X5,1,1,0,0,0,École,Public,https://www.swlauriersb.qc.ca,885000,Commission scolaire Sir-Wilfrid-Laurier,-74.138159,45.95204,Préscolaire - Primaire,Anglo,450 229-3226
,885173,École primaire Terry-Fox,École primaire Terry-Fox,"900, avenue des Lacasse",,65005,Laval,V,H7K3V9,1,1,0,0,0,École,Public,https://www.swlauriersb.qc.ca,885000,Commission scolaire Sir-Wilfrid-Laurier,-73.7363,45.625097,Préscolaire - Primaire,Anglo,450 680-3040
,885174,École primaire Twin Oaks,École primaire Twin Oaks,"700, rue Lisane",,65005,Laval,V,H7P3T2,1,1,0,0,0,École,Public,https://www.swlauriersb.qc.ca,885000,Commission scolaire Sir-Wilfrid-Laurier,-73.817276,45.576266,Préscolaire - Primaire,Anglo,450 680-3045
,885175,École primaire Saint-Vincent,École primaire Saint-Vincent,"4881, rue Saint-Jacques",,65005,Laval,V,H7C1G6,1,1,0,0,0,École,Public,https://www.swlauriersb.qc.ca,885000,Commission scolaire Sir-Wilfrid-Laurier,-73.650403,45.611626,Préscolaire - Primaire,Anglo,450 680-3056
,885177,École primaire Pierre-Elliott-Trudeau,École primaire Pierre-Elliott-Trudeau,"1455, rue Jean-Paul-Riopelle",,73015,Blainville,V,J7C5V4,1,1,0,0,0,École,Public,https://www.swlauriersb.qc.ca,885000,Commission scolaire Sir-Wilfrid-Laurier,-73.910151,45.694981,Préscolaire - Primaire,Anglo,450 621-7606
,885178,École primaire Jules-Verne,École primaire Jules-Verne,"1701, rue de l'École",,65005,Laval,V,H7G1V5,1,1,0,0,0,École,Public,https://www.swlauriersb.qc.ca,885000,Commission scolaire Sir-Wilfrid-Laurier,-73.677446,45.578482,Préscolaire - Primaire,Anglo,450 680-3050
,885179,Ecole primaire Franklin-Hill,Ecole primaire Franklin-Hill,"1111, rue Basile-Routhier",,60013,Repentigny,V,J5Y4C8,1,1,0,0,0,École,Public,https://www.swlauriersb.qc.ca,885000,Commission scolaire Sir-Wilfrid-Laurier,-73.440977,45.776332,Préscolaire - Primaire,Anglo,450 470-0755
,885181,École secondaire de Joliette,École secondaire de Joliette,"107, rue de Lorimier",,61025,Joliette,V,J6E6E8,0,0,1,0,0,École,Public,https://www.swlauriersb.qc.ca,885000,Commission scolaire Sir-Wilfrid-Laurier,-73.452139,46.014258,Secondaire,Anglo,450 755-1556
,885183,École secondaire Lake of Two Mountains,École secondaire Lake of Two Mountains,"2105, rue Guy",,72010,Deux-Montagnes,V,J7R1W6,0,0,1,0,0,École,Public,https://www.swlauriersb.qc.ca,885000,Commission scolaire Sir-Wilfrid-Laurier,-73.913706,45.541058,Secondaire,Anglo,450 621-7830
,885184,École secondaire régionale Laurentian,École secondaire régionale Laurentian,"448, avenue Argenteuil",,76020,Lachute,V,J8H1W9,0,0,1,0,0,École,Public,https://www.swlauriersb.qc.ca,885000,Commission scolaire Sir-Wilfrid-Laurier,-74.34785,45.640133,Secondaire,Anglo,450 562-8571
,885186,École alternative Phoenix,École alternative Phoenix,"1105, rue Victor-Morin",,65005,Laval,V,H7G4B8,0,0,1,0,0,École,Public,https://www.swlauriersb.qc.ca,885000,Commission scolaire Sir-Wilfrid-Laurier,-73.685116,45.584146,Secondaire,Anglo,450 680-3036
,885187,École secondaire de Rosemère,École secondaire de Rosemère,"530, rue Northcote",,73020,Rosemère,V,J7A1Y2,0,0,1,0,0,École,Public,https://www.swlauriersb.qc.ca,885000,Commission scolaire Sir-Wilfrid-Laurier,-73.785029,45.647112,Secondaire,Anglo,450 621-5900
,885188,École secondaire Laval Junior,École secondaire Laval Junior,"2323, boulevard Daniel-Johnson",,65005,Laval,V,H7T1H8,0,0,1,0,0,École,Public,https://www.swlauriersb.qc.ca,885000,Commission scolaire Sir-Wilfrid-Laurier,-73.750333,45.564117,Secondaire,Anglo,450 680-3044
,885189,Académie de Sainte-Agathe,Académie de Sainte-Agathe,"26, rue Napoléon",,78032,Sainte-Agathe-des-Monts,V,J8C1Z3,1,1,1,0,0,École,Public,https://www.swlauriersb.qc.ca,885000,Commission scolaire Sir-Wilfrid-Laurier,-74.291728,46.052467,Préscolaire - Primaire - Secondaire,Anglo,819 326-2563
,885190,École secondaire Laval Senior,École secondaire Laval Senior,"3200, boulevard du Souvenir",,65005,Laval,V,H7V1W9,0,0,1,0,0,École,Public,https://www.swlauriersb.qc.ca,885000,Commission scolaire Sir-Wilfrid-Laurier,-73.742147,45.552488,Secondaire,Anglo,450 686-6300
,885191,École Secondaire Mountainview,École Secondaire Mountainview,"3065, boulevard Labelle",,75040,Prévost,V,J0R1T0,0,0,1,0,0,École,Public,https://www.swlauriersb.qc.ca,885000,Commission scolaire Sir-Wilfrid-Laurier,-74.08558,45.878064,Secondaire,Anglo,514 932-7722
,885301,CDC LAURIER - VIMONT,Centre de développement des compétences Laurier - Vimont,"2100, boulevard des Laurentides",,65005,Laval,V,H7M2Y6,0,0,0,0,1,Centre éducation aux adultes,Public,https://www.swlauriersb.qc.ca,885000,Commission scolaire Sir-Wilfrid-Laurier,-73.734468,45.608171,Éducation aux adultes,Anglo,450 688-2933
,885303,CDC LAURIER - LACHUTE,Centre de développement des compétences Laurier - Lachute,"455, rue Court",,76020,Lachute,V,J8H1T2,0,0,0,0,1,Centre éducation aux adultes,Public,https://www.swlauriersb.qc.ca,885000,Commission scolaire Sir-Wilfrid-Laurier,-74.336745,45.657489,Éducation aux adultes,Anglo,450 562-3721
,885401,CDC LAURIER - PONT-VIAU,Centre de développement des compétences Laurier - Pont-Viau,"60, rue Lahaie",,65005,Laval,V,H7G3A8,0,0,0,1,0,Centre de formation professionnelle,Public,https://www.swlauriersb.qc.ca,885000,Commission scolaire Sir-Wilfrid-Laurier,-73.681929,45.564264,Formation professionnelle,Anglo,450 680-3032
,885403,CDC LAURIER - LACHUTE,Centre de développement des compétences Laurier - Lachute,"455, rue Court",,76020,Lachute,V,J8H1T2,0,0,0,1,0,Centre de formation professionnelle,Public,https://www.swlauriersb.qc.ca,885000,Commission scolaire Sir-Wilfrid-Laurier,-74.336745,45.657489,Formation professionnelle,Anglo,450 562-3721
,885460,Centre de formation Construc-Plus,Centre de formation Construc-Plus,"246, allée du Golf",,72005,Saint-Eustache,V,J7R0L3,0,0,0,1,0,Centre de formation professionnelle,Public,https://construcplus.cssmi.qc.ca/,885000,Commission scolaire Sir-Wilfrid-Laurier,-73.930361,45.559007,Formation professionnelle,Anglo,450 974-7000
,886001,École secondaire Philemon Wright,École secondaire Philemon Wright,"80, rue Daniel Johnson",,81017,Gatineau,V,J8Z1S3,0,0,1,0,0,École,Public,https://www.wqsb.qc.ca/Schools/philemon_fr.htm,886000,Commission scolaire Western Québec,-75.748884,45.465951,Secondaire,Anglo,819 776-3158
,886002,École secondaire Pontiac,École secondaire Pontiac,"455, rue Maple",,84010,Shawville,M,J0X2Y0,0,0,1,0,0,École,Public,https://www.wqsb.qc.ca/Schools/pontiac_fr.htm,886000,Commission scolaire Western Québec,-76.493291,45.609287,Secondaire,Anglo,819 647-2244
,886004,École secondaire D'Arcy McGee,École secondaire D'Arcy McGee,"925, boulevard du Plateau",,81017,Gatineau,V,J9J3G2,0,0,1,0,0,École,Public,https://www.wqsb.qc.ca/Schools/darcymc_fr.htm,886000,Commission scolaire Western Québec,-75.806098,45.422517,Secondaire,Anglo,819 684-7472
,886005,École Dr. Wilbert Keon,École Dr. Wilbert Keon,"104, rue Notre-Dame",,84082,L'Isle-aux-Allumettes,M,J0X1M0,1,1,1,0,0,École,Public,https://www.wqsb.qc.ca/Schools/immacul_fr.htm,886000,Commission scolaire Western Québec,-77.075769,45.909255,Préscolaire - Primaire - Secondaire,Anglo,819 689-2488
,886006,École Golden Valley,École Golden Valley,"980, 7e Rue",,89008,Val-d'Or,V,J9P3P8,1,1,1,0,0,École,Public,https://www.wqsb.qc.ca/Schools/golden_fr.htm,886000,Commission scolaire Western Québec,-77.789721,48.099202,Préscolaire - Primaire - Secondaire,Anglo,819 825-3211
,886007,École St. John's,École St. John's,"10, rue Leslie",,84030,Campbell's Bay,M,J0X1K0,1,1,0,0,0,École,Public,https://www.wqsb.qc.ca/Schools/st_john_fr.htm,886000,Commission scolaire Western Québec,-76.595384,45.736689,Préscolaire - Primaire,Anglo,819 648-2149
,886008,École Namur,École Namur,"333, rue de Hotel-de-Ville",,80110,Namur,M,J0V1N0,1,1,1,0,0,École,Public,https://www.wqsb.qc.ca/Schools/namur_fr.htm,886000,Commission scolaire Western Québec,-74.930653,45.894508,Préscolaire - Primaire - Secondaire,Anglo,819 426-2996
,886009,École Noranda,École Noranda,"10, Avenue Québec",,86042,Rouyn-Noranda,V,J9X1G2,1,1,1,0,0,École,Public,https://www.wqsb.qc.ca/Schools/noranda_fr.htm,886000,Commission scolaire Western Québec,-79.02451,48.246841,Préscolaire - Primaire - Secondaire,Anglo,819 762-2706
,886011,École primaire Buckingham,École primaire Buckingham,"615, rue George",,81017,Gatineau,V,J8L2E1,1,1,0,0,0,École,Public,https://www.wqsb.qc.ca/Schools/buckingh_fr.htm,886000,Commission scolaire Western Québec,-75.422824,45.582128,Préscolaire - Primaire,Anglo,819 986-3191
,886012,École secondaire Saint-Michael,École secondaire Saint-Michael,"26, rue Principale",,83010,Low,CT,J0X2C0,0,0,1,0,0,École,Public,https://www.wqsb.qc.ca/Schools/st_mich_fr.htm,886000,Commission scolaire Western Québec,-75.947584,45.809825,Secondaire,Anglo,819 422-3584
,886013,École Pierre Elliott Trudeau,École Pierre Elliott Trudeau,"2, rue Millar",,81017,Gatineau,V,J8Y3N3,1,1,0,0,0,École,Public,https://www.wqsb.qc.ca/Schools/pierre_e_fr.htm,886000,Commission scolaire Western Québec,-75.729312,45.425411,Préscolaire - Primaire,Anglo,819 777-8600
,886015,École primaire Chelsea,École primaire Chelsea,"74, chemin Old Chelsea",,82025,Chelsea,M,J0X1N0,1,1,0,0,0,École,Public,https://www.wqsb.qc.ca/Schools/chelsea_fr.htm,886000,Commission scolaire Western Québec,-75.79442,45.50526,Préscolaire - Primaire,Anglo,819 827-0245
,886016,École primaire Greater Gatineau,École primaire Greater Gatineau,"297, rue Alice",,81017,Gatineau,V,J8P3M6,1,1,0,0,0,École,Public,https://www.wqsb.qc.ca/Schools/greater_g_fr.htm,886000,Commission scolaire Western Québec,-75.645335,45.488383,Préscolaire - Primaire,Anglo,819 663-4842
,886017,École Intermédiaire Hadley,École Intermédiaire Hadley,"80, rue Daniel Johnson",,81017,Gatineau,V,J8Z1S3,0,0,1,0,0,École,Public,https://www.wqsb.qc.ca/Schools/hadley_fr.htm,886000,Commission scolaire Western Québec,-75.748884,45.465951,Secondaire,Anglo,819 777-9117
,886018,École primaire South Hull,École primaire South Hull,"86, Promenade Crescent",,81017,Gatineau,V,J9H1T6,1,1,0,0,0,École,Public,https://www.wqsb.qc.ca/Schools/south_hu_fr.htm,886000,Commission scolaire Western Québec,-75.804297,45.397371,Préscolaire - Primaire,Anglo,819 684-6565
,886019,École primaire Wakefield,École primaire Wakefield,"878, chemin Riverside",,82035,La Pêche,M,J0X3G0,1,1,0,0,0,École,Public,https://www.wqsb.qc.ca/Schools/wakefiel_fr.htm,886000,Commission scolaire Western Québec,-75.927408,45.645223,Préscolaire - Primaire,Anglo,819 459-2373
,886021,École Dr. S.E. McDowell,École Dr. S.E. McDowell,"89, rue Centre",,84010,Shawville,M,J0X2Y0,1,1,0,0,0,École,Public,https://www.wqsb.qc.ca/Schools/dr_mcdow_fr.htm,886000,Commission scolaire Western Québec,-76.492556,45.602639,Préscolaire - Primaire,Anglo,819 647-3800
,886022,École primaire Onslow,École primaire Onslow,"850, rue Clarendon",,82030,Pontiac,M,J0X2V0,1,1,0,0,0,École,Public,https://www.wqsb.qc.ca/Schools/onslow_fr.htm,886000,Commission scolaire Western Québec,-76.240973,45.518462,Préscolaire - Primaire,Anglo,819 458-2375
,886023,École Eardley,École Eardley,"180, rue North",,81017,Gatineau,V,J9H6Y9,1,1,0,0,0,École,Public,https://www.wqsb.qc.ca/Schools/eardley_fr.htm,886000,Commission scolaire Western Québec,-75.84021,45.398844,Préscolaire - Primaire,Anglo,819 684-5955
,886024,Centre R. J. de l'Outaouais,Centre de Réadaptation les jeunes de l'Outaouais,"155, chemin Freeman",,81017,Gatineau,V,J8Z2A7,0,0,1,0,0,École,Public,,886000,Commission scolaire Western Québec,-75.743816,45.472179,Secondaire,Anglo,819 778-2099
,886025,École Intermédiaire Symmes,École Intermédiaire Symmes,"925, boulevard du Plateau",,81017,Gatineau,V,J9J3G2,0,0,1,0,0,École,Public,https://www.wqsb.qc.ca/Schools/symmes_fr.htm,886000,Commission scolaire Western Québec,-75.806098,45.422517,Secondaire,Anglo,819 684-7472
,886030,École primaire Maniwaki Woodland,École primaire Maniwaki Woodland,"247, rue Des Oblats",,83065,Maniwaki,V,J9E1G6,1,1,1,0,0,École,Public,https://www.wqsb.qc.ca/Schools/maniwaki_fr.htm,886000,Commission scolaire Western Québec,-75.975582,46.378708,Préscolaire - Primaire - Secondaire,Anglo,819 449-2597
,886031,École G. Théberge,École G. Théberge,"38, rue Boucher",,85005,Témiscaming,V,J0Z3R0,1,1,1,0,0,École,Public,https://www.wqsb.qc.ca/Schools/theberge_fr.htm,886000,Commission scolaire Western Québec,-79.100691,46.720932,Préscolaire - Primaire - Secondaire,Anglo,819 627-1212
,886032,École primaire Poltimore,École primaire Poltimore,"2, rue Paugan",,82015,Val-des-Monts,M,J8N2G9,1,1,0,0,0,École,Public,https://www.wqsb.qc.ca/Schools/poltimor_fr.htm,886000,Commission scolaire Western Québec,-75.711667,45.789343,Préscolaire - Primaire,Anglo,819 457-2335
,886033,École primaire Queen Elizabeth,École primaire Queen Elizabeth,"9, chemin Begley",,83015,Kazabazua,M,J0X1X0,1,1,0,0,0,École,Public,https://www.wqsb.qc.ca/Schools/queen_e_fr.htm,886000,Commission scolaire Western Québec,-76.015146,45.949516,Préscolaire - Primaire,Anglo,819 467-2865
,886034,École Lord Aylmer,École Lord Aylmer,"116, avenue Frank Robinson",,81017,Gatineau,V,J9H4A6,1,1,0,0,0,École,Public,https://www.wqsb.qc.ca/Schools/aylmer_fr.htm,886000,Commission scolaire Western Québec,-75.839433,45.39093,Préscolaire - Primaire,Anglo,819 684-6801
,886311,CEA Hull,Centre d'éducation des adultes de Hull,"185, rue Archambault",,81017,Gatineau,V,J8Y5E3,0,0,0,0,1,Centre éducation aux adultes,Public,,886000,Commission scolaire Western Québec,-75.744406,45.451,Éducation aux adultes,Anglo,819 595-1226
,886321,Centre des Carrières Western Québec,Centre des Carrières Western Québec,"100, avenue Frank Robinson",,81017,Gatineau,V,J9H4A6,0,0,0,0,1,Centre éducation aux adultes,Public,,886000,Commission scolaire Western Québec,-75.839482,45.389778,Éducation aux adultes,Anglo,819 684-1770
,886331,Centre de Formation Continue Pontiac,Centre de Formation Continue Pontiac,89 rue Centre,Boîte 1500,84010,Shawville,M,J0X2Y0,0,0,0,0,1,Centre éducation aux adultes,Public,https://pontiac.westernquebec.ca//,886000,Commission scolaire Western Québec,-76.492556,45.602639,Éducation aux adultes,Anglo,819 648-5197
,886351,CEA Maniwaki,Centre d'éducation des adultes de Maniwaki,"265, rue Hill",,83065,Maniwaki,V,J9E2G8,0,0,0,0,1,Centre éducation aux adultes,Public,,886000,Commission scolaire Western Québec,-75.980815,46.371201,Éducation aux adultes,Anglo,819 449-1731
,886361,Centre Formation Continue Western Québec,Centre de formation continue Western Québec,"980, 7ième Rue",,89008,Val-d'Or,V,J9P3P8,0,0,0,0,1,Centre éducation aux adultes,Public,,886000,Commission scolaire Western Québec,-77.789721,48.099202,Éducation aux adultes,Anglo,819 825-4135
,886421,Centre des Carrières Western Québec,Centre des Carrières Western Québec,"100, avenue Frank Robinson",,81017,Gatineau,V,J9H4A6,0,0,0,1,0,Centre de formation professionnelle,Public,,886000,Commission scolaire Western Québec,-75.839482,45.389778,Formation professionnelle,Anglo,819 684-1770
,886431,Centre de formation continue Pontiac,Centre de formation continue Pontiac,"89 Centre, Boîte 1500",,84010,Shawville,M,J0X2Y0,0,0,0,1,0,Centre de formation professionnelle,Public,https://pontiac.westernquebec.ca/,886000,Commission scolaire Western Québec,-76.492556,45.602639,Formation professionnelle,Anglo,819 647-5605
,886451,CFP Maniwaki,Centre de formation professionnelle de Maniwaki,"265, rue Hill",,83065,Maniwaki,V,J9E2G8,0,0,0,1,0,Centre de formation professionnelle,Public,,886000,Commission scolaire Western Québec,-75.980815,46.371201,Formation professionnelle,Anglo,819 449-1731
,886461,Centre Formation Continue Western Québec,Centre de Formation Continue Western Québec,"980, 7ième Rue",,89008,Val-d'Or,V,J9P3P8,0,0,0,1,0,Centre de formation professionnelle,Public,,886000,Commission scolaire Western Québec,-77.789721,48.099202,Formation professionnelle,Anglo,819 825-4135
,887001,École Bancroft,École Bancroft,"4563, rue Saint-Urbain",,66023,Montréal,V,H2T2V9,1,1,0,0,0,École,Public,https://bancroft.emsb.qc.ca/,887000,Commission scolaire English-Montréal,-73.588432,45.519649,Préscolaire - Primaire,Anglo,514 845-8031
,887002,École Carlyle,École Carlyle,"109, avenue Carlyle",,66072,Mont-Royal,V,H3R1S8,1,1,0,0,0,École,Public,https://carlyle.emsb.qc.ca,887000,Commission scolaire English-Montréal,-73.646542,45.513142,Préscolaire - Primaire,Anglo,514 738-1256
,887003,École Cedarcrest,École Cedarcrest,"1505, rue Muir",,66023,Montréal,V,H4L4T1,1,1,0,0,0,École,Public,https://cedarcrest.emsb.qc.ca/,887000,Commission scolaire English-Montréal,-73.679917,45.526425,Préscolaire - Primaire,Anglo,514 744-2614
,887004,École Dalkeith,École Dalkeith,"7951, avenue Dalkeith",,66023,Montréal,V,H1K3X6,1,1,0,0,0,École,Public,https://dalkeith.emsb.qc.ca,887000,Commission scolaire English-Montréal,-73.550379,45.602785,Préscolaire - Primaire,Anglo,514 352-6730
,887005,École Dante,École Dante,"6090, rue Lachenaie",,66023,Montréal,V,H1S1P1,1,1,0,0,0,École,Public,https://dante.emsb.qc.ca,887000,Commission scolaire English-Montréal,-73.575458,45.587172,Préscolaire - Primaire,Anglo,514 254-5941
,887006,École Dunrae Gardens,École Dunrae Gardens,"235, avenue Dunrae",,66072,Mont-Royal,V,H3P1T5,1,1,0,0,0,École,Public,https://dunraegardens.emsb.qc.ca/,887000,Commission scolaire English-Montréal,-73.636032,45.521373,Préscolaire - Primaire,Anglo,514 735-1916
,887007,École East Hill,École East Hill,"10350, boulevard Perras",,66023,Montréal,V,H1C2H1,1,1,0,0,0,École,Public,https://easthill.emsb.qc.ca,887000,Commission scolaire English-Montréal,-73.553689,45.664418,Préscolaire - Primaire,Anglo,514 494-3202
,887008,École Edinburgh,École Edinburgh,"500, avenue Hudson",,66047,Montréal-Ouest,V,H4X1X1,1,1,0,0,0,École,Public,https://edinburgh.emsb.qc.ca,887000,Commission scolaire English-Montréal,-73.660313,45.457355,Préscolaire - Primaire,Anglo,514 486-0981
,887009,École Edward Murphy,École Edward Murphy,"6800, avenue Pierre-de-Coubertin",,66023,Montréal,V,H1N1T2,1,1,0,0,0,École,Public,https://edwardmurphy.emsb.qc.ca/,887000,Commission scolaire English-Montréal,-73.532815,45.581851,Préscolaire - Primaire,Anglo,514 259-8883
,887010,École Elizabeth Ballantyne,École Elizabeth Ballantyne,"314, avenue Northview",,66047,Montréal-Ouest,V,H4X1E2,1,1,0,0,0,École,Public,https://elizabethballantyne.emsb.qc.ca/elizabethballantyne,887000,Commission scolaire English-Montréal,-73.654897,45.454384,Préscolaire - Primaire,Anglo,514 484-1006
,887012,École Pierre Elliott Trudeau,École Pierre Elliott Trudeau,"6855, rue Cartier",,66023,Montréal,V,H2G2W1,1,1,0,0,0,École,Public,https://petrudeau.emsb.qc.ca/trudeau,887000,Commission scolaire English-Montréal,-73.601832,45.546786,Préscolaire - Primaire,Anglo,514 374-7337
,887014,École Gardenview,École Gardenview,"700, rue Brunet",,66023,Montréal,V,H4M1Y2,1,1,0,0,0,École,Public,https://gardenview.emsb.qc.ca/,887000,Commission scolaire English-Montréal,-73.689265,45.500521,Préscolaire - Primaire,Anglo,514 744-1401
,887015,École Gerald McShane,École Gerald McShane,"6111, boul. Maurice-Duplessis",,66023,Montréal,V,H1G1Y6,1,1,0,0,0,École,Public,https://geraldmcshane.emsb.qc.ca,887000,Commission scolaire English-Montréal,-73.620463,45.615109,Préscolaire - Primaire,Anglo,514 321-1100
,887016,École Hampstead,École Hampstead,"83, chemin Thurlow",,66062,Hampstead,V,H3X3G8,1,1,0,0,0,École,Public,https://hampstead.emsb.qc.ca/,887000,Commission scolaire English-Montréal,-73.64275,45.479757,Préscolaire - Primaire,Anglo,514 486-6758
,887018,École Honoré-Mercier,École Honoré-Mercier,"8280, rue Nantes",,66023,Montréal,V,H1P2J1,1,1,0,0,0,École,Public,https://honoremercier.emsb.qc.ca/,887000,Commission scolaire English-Montréal,-73.589091,45.592975,Préscolaire - Primaire,Anglo,514 323-2980
,887019,Académie John Caboto,Académie John Caboto,"8955, rue Meunier",,66023,Montréal,V,H2N1W3,1,1,0,0,0,École,Public,https://johncaboto.emsb.qc.ca/johncaboto,887000,Commission scolaire English-Montréal,-73.648179,45.539425,Préscolaire - Primaire,Anglo,514 381-0052
,887021,Académie Leonardo-da-Vinci,Académie Leonardo-da-Vinci,"12025, rue André Dumas",,66023,Montréal,V,H1E4G2,1,1,0,0,0,École,Public,https://leonardodavinciacademy.emsb.qc.ca/ldva,887000,Commission scolaire English-Montréal,-73.583923,45.637737,Préscolaire - Primaire,Anglo,514 648-2764
,887023,École Merton,École Merton,"5554, avenue Robinson",,66058,Côte-Saint-Luc,V,H4V2P8,1,1,0,0,0,École,Public,https://merton.emsb.qc.ca/,887000,Commission scolaire English-Montréal,-73.651978,45.47207,Préscolaire - Primaire,Anglo,514 481-7425
,887024,École  prim. internationale Michelangelo,École primaire internationale Michelangelo,"9360, 5e Rue",,66023,Montréal,V,H1E1K1,1,1,0,0,0,École,Public,https://michelangelo.emsb.qc.ca,887000,Commission scolaire English-Montréal,-73.568251,45.650391,Préscolaire - Primaire,Anglo,514 648-1218
,887026,École Nesbitt,École Nesbitt,"6108, 8e Avenue",,66023,Montréal,V,H1Y2M2,1,1,0,0,0,École,Public,https://nesbitt.emsb.qc.ca,887000,Commission scolaire English-Montréal,-73.583436,45.551273,Préscolaire - Primaire,Anglo,514 721-2850
,887027,École Our Lady of Pompei,École Our Lady of Pompei,"9944, boulevard Saint-Michel",,66023,Montréal,V,H1H5G8,1,1,0,0,0,École,Public,https://www.emsb.qc.ca/ourladyofpompei,887000,Commission scolaire English-Montréal,-73.639724,45.576908,Préscolaire - Primaire,Anglo,514 381-0411
,887028,École Parkdale,École Parkdale,"1475, rue Deguire",,66023,Montréal,V,H4L1M4,1,1,0,0,0,École,Public,https://www.emsb.qc.ca/parkdale,887000,Commission scolaire English-Montréal,-73.690868,45.520297,Préscolaire - Primaire,Anglo,514 744-6423
,887029,École Pierre-de-Coubertin,École Pierre-de-Coubertin,"4700, boulevard Lavoisier",,66023,Montréal,V,H1R1H9,1,1,0,0,0,École,Public,https://www.emsb.qc.ca/pierredecoubertin/,887000,Commission scolaire English-Montréal,-73.611066,45.583589,Préscolaire - Primaire,Anglo,514 323-6586
,887030,École Roslyn,École Roslyn,"4699, avenue Westmount",,66032,Westmount,V,H3Y1X5,1,1,0,0,0,École,Public,https://www.emsb.qc.ca/roslyn,887000,Commission scolaire English-Montréal,-73.60982,45.483348,Préscolaire - Primaire,Anglo,514 481-5581
,887032,École Sinclair Laird,École Sinclair Laird,"8380, avenue Wiseman",,66023,Montréal,V,H3N2P6,1,1,0,0,0,École,Public,https://www.emsb.qc.ca/sinclairlaird,887000,Commission scolaire English-Montréal,-73.641759,45.530258,Préscolaire - Primaire,Anglo,514 279-9026
,887036,École Saint-Gabriel,École Saint-Gabriel,"600, rue Dublin",,66023,Montréal,V,H3K2S4,1,1,0,0,0,École,Public,https://stgabriel.emsb.qc.ca/,887000,Commission scolaire English-Montréal,-73.559036,45.476791,Préscolaire - Primaire,Anglo,514 934-2111
,887039,École Sainte-Monica,École Sainte-Monica,"6440, rue de Terrebonne",,66023,Montréal,V,H4B1B1,1,1,0,0,0,École,Public,https://stmonica.emsb.qc.ca,887000,Commission scolaire English-Montréal,-73.634196,45.467215,Préscolaire - Primaire,Anglo,514 369-0070
,887042,École Westmount Park,École Westmount Park,"15, Place Park",,66032,Westmount,V,H3Z2K4,1,1,0,0,0,École,Public,https://www.emsb.qc.ca/westmountpark,887000,Commission scolaire English-Montréal,-73.595212,45.480564,Préscolaire - Primaire,Anglo,514 935-4388
,887043,École Willingdon,École Willingdon,"5870, rue de Terrebonne",,66023,Montréal,V,H4A1B5,1,1,0,0,0,École,Public,https://www.emsb.qc.ca/willingdon,887000,Commission scolaire English-Montréal,-73.62843,45.47344,Préscolaire - Primaire,Anglo,514 484-2881
,887044,École Saint-Raphaël,École Saint-Raphaël,"8380, avenue Wiseman",,66023,Montréal,V,H3N2P6,1,1,1,0,0,École,Public,https://straphael.emsb.qc.ca/,887000,Commission scolaire English-Montréal,-73.641759,45.530258,Préscolaire - Primaire - Secondaire,Anglo,514 381-0811
,887045,École Coronation,École Coronation,"4810, avenue Van Horne",,66023,Montréal,V,H3W1J3,1,1,0,0,0,École,Public,https://coronation.emsb.qc.ca,887000,Commission scolaire English-Montréal,-73.637406,45.493469,Préscolaire - Primaire,Anglo,514 733-7790
,887046,École Royal Vale,École Royal Vale,"5851, avenue Somerled",,66023,Montréal,V,H3X2A5,1,1,1,0,0,École,Public,https://royalvale.emsb.qc.ca/,887000,Commission scolaire English-Montréal,-73.633806,45.475395,Préscolaire - Primaire - Secondaire,Anglo,514 481-2463
,887047,École F.A.C.E.,École F.A.C.E.,"3449, rue Université",,66023,Montréal,V,H3A2A8,1,1,1,0,0,École,Public,https://face.emsb.qc.ca,887000,Commission scolaire English-Montréal,-73.574787,45.506197,Préscolaire - Primaire - Secondaire,Anglo,514 350-8899
,887101,École secondaire James Lyng,École secondaire James Lyng,"5440, rue Notre-Dame Ouest",,66023,Montréal,V,H4C1T9,0,0,1,0,0,École,Public,https://www.emsb.qc.ca/jameslyng,887000,Commission scolaire English-Montréal,-73.596088,45.467974,Secondaire,Anglo,514 846-8814
,887102,École secondaire John F. Kennedy,École secondaire John F. Kennedy,"3030, rue Villeray",,66023,Montréal,V,H2A1E7,0,0,1,0,0,École,Public,https://www.emsb.qc.ca/jfk,887000,Commission scolaire English-Montréal,-73.604059,45.559822,Secondaire,Anglo,514 374-1449
,887104,Académie LaurenHill,Académie LaurenHill,"2505, boulevard Côte-Vertu",,66023,Montréal,V,H4R1P3,0,0,1,0,0,École,Public,https://www.emsb.qc.ca/laurenhill/,887000,Commission scolaire English-Montréal,-73.69853,45.504348,Secondaire,Anglo,514 331-8781
,887105,École secondaire Laurier Macdonald,École secondaire Laurier Macdonald,"7355, boulevard Viau",,66023,Montréal,V,H1S3C2,0,0,1,0,0,École,Public,https://lauriermac.emsb.qc.ca/lmac,887000,Commission scolaire English-Montréal,-73.58549,45.576844,Secondaire,Anglo,514 374-6000
,887106,École secondaire Lester B. Pearson,École secondaire Lester B. Pearson,"11575, rue P.M. Favier",,66023,Montréal,V,H1G6E5,0,0,1,0,0,École,Public,https://www.emsb.qc.ca/LesterBPearson,887000,Commission scolaire English-Montréal,-73.616874,45.610484,Secondaire,Anglo,514 328-4442
,887107,École secondaire M.I.N.D.,École secondaire M.I.N.D.,"4563, rue Saint-Urbain",,66023,Montréal,V,H2T2V9,0,0,1,0,0,École,Public,https://www.mindhighschool.com/,887000,Commission scolaire English-Montréal,-73.588432,45.519649,Secondaire,Anglo,514 842-0792
,887108,Académie Internationale Marymount,Académie Internationale Marymount,"5100, chemin de la Côte-Saint-Luc",,66023,Montréal,V,H3W2G9,0,0,1,0,0,École,Public,https://marymount.emsb.qc.ca/,887000,Commission scolaire English-Montréal,-73.620033,45.482177,Secondaire,Anglo,514 488-8144
,887109,École secondaire L.I.N.K.S.,École secondaire L.I.N.K.S.,"9905, rue Papineau",,66023,Montréal,V,H2B1Z9,0,0,1,0,0,École,Public,https://www.emsb.qc.ca/links,887000,Commission scolaire English-Montréal,-73.649389,45.566694,Secondaire,Anglo,514 723-2845
,887110,École secondaire Rosemont,École secondaire Rosemont,"3737, rue Beaubien Est",,66023,Montréal,V,H1X1H2,0,0,1,0,0,École,Public,https://rosemount.emsb.qc.ca/rhs,887000,Commission scolaire English-Montréal,-73.584678,45.559658,Secondaire,Anglo,514 376-4720
,887111,Académie Royal West,Académie Royal West,"189, avenue Easton",,66047,Montréal-Ouest,V,H4X1L4,0,0,1,0,0,École,Public,https://royalwest.emsb.qc.ca/,887000,Commission scolaire English-Montréal,-73.64329,45.450179,Secondaire,Anglo,514 489-8454
,887114,Collège Vincent Massey,Collège Vincent Massey,"5925, 27e Avenue",,66023,Montréal,V,H1T3J5,0,0,1,0,0,École,Public,https://www.vmc.qc.ca/,887000,Commission scolaire English-Montréal,-73.572092,45.564274,Secondaire,Anglo,514 374-1999
,887116,École secondaire Westmount,École secondaire Westmount,"4350, rue Sainte-Catherine Ouest",,66032,Westmount,V,H3Z1R1,0,0,1,0,0,École,Public,https://westmount.emsb.qc.ca/whs,887000,Commission scolaire English-Montréal,-73.589775,45.483366,Secondaire,Anglo,514 933-2701
,887117,École secondaire John Grant,École secondaire John Grant,"5785, avenue Parkhaven",,66058,Côte-Saint-Luc,V,H4W1X8,0,0,1,0,0,École,Public,https://johngrant.emsb.qc.ca/,887000,Commission scolaire English-Montréal,-73.669327,45.470147,Secondaire,Anglo,514 484-4161
,887203,École secondaire Options,École secondaire Options,"1741, rue de Biencourt",,66023,Montréal,V,H4E1T4,0,0,1,0,0,École,Public,https://outreach.emsb.qc.ca/schools-options.asp,887000,Commission scolaire English-Montréal,-73.587353,45.45883,Secondaire,Anglo,514 769-5282
,887204,École secondaire Outreach,École secondaire Outreach,5440 rue Notre Dame Ouest,,66023,Montréal,V,H4C1T9,0,0,1,0,0,École,Public,https://outreach.emsb.qc.ca/schools-outreach.asp,887000,Commission scolaire English-Montréal,-73.643838,45.461912,Secondaire,Anglo,514 933-7488
,887205,École secondaire Programme Mile-End,École secondaire Programme Mile-End,4810 avenue Van Horne,,66023,Montréal,V,H3W1J3,0,0,1,0,0,École,Public,https://outreach.emsb.qc.ca/,887000,Commission scolaire English-Montréal,-73.637406,45.493469,Secondaire,Anglo,514 277-9826
,887206,École secondaire Venture,École secondaire Venture,"1741, rue de Biencourt",,66023,Montréal,V,H4E1T4,0,0,1,0,0,École,Public,https://outreach.emsb.qc.ca/schools-venture.asp,887000,Commission scolaire English-Montréal,-73.587353,45.45883,Secondaire,Anglo,514 768-1398
,887207,École secondaire Vézina,École secondaire Vézina,"600, rue Dublin",,66023,Montréal,V,H3K2S4,0,0,1,0,0,École,Public,https://outreach.emsb.qc.ca/,887000,Commission scolaire English-Montréal,-73.559036,45.476791,Secondaire,Anglo,514 482-6964
,887208,Ecole secondaire Perspectives I,Ecole secondaire Perspectives I,7770-20e Avenue,,66023,Montréal,V,H2A2K9,0,0,1,0,0,École,Public,https://outreach.emsb.qc.ca/,887000,Commission scolaire English-Montréal,-73.600499,45.567969,Secondaire,Anglo,514 798-2136
,887209,Ecole secondaire Perspectives II,Ecole secondaire Perspectives II,7770-20e Avenue,,66023,Montréal,V,H2A2K9,0,0,1,0,0,École,Public,https://outreach.emsb.qc.ca/,887000,Commission scolaire English-Montréal,-73.600499,45.567969,Secondaire,Anglo,514 798-2136
,887247,Hôpital pour enfants Shriners,Hôpital pour enfants Shriners,"1003, boulevard Décarie",,66023,Montréal,V,H4A0A9,1,1,1,0,0,École,Public,,887000,Commission scolaire English-Montréal,-73.602,45.471771,Préscolaire - Primaire - Secondaire,Anglo,514 842-4464
,887248,Centre de réadaption Marie-Enfant,Centre de réadaption Marie-Enfant - CHU Saint-Justine,"5200, rue Bélanger",,66023,Montréal,V,H1T1C9,1,1,1,0,0,École,Public,,887000,Commission scolaire English-Montréal,-73.576782,45.575262,Préscolaire - Primaire - Secondaire,Anglo,514 374-1710
,887249,Unité Ulluriaq Boys,Unité Ulluriaq Boys,"4434, boulevard Décarie",,66023,Montréal,V,H4A3P2,0,0,1,0,0,École,Public,,887000,Commission scolaire English-Montréal,-73.622394,45.47979,Secondaire,Anglo,514 485-5800
,887250,Cité des Prairies,Cité des Prairies,"12165, boul. Saint-Jean Baptiste",,66023,Montréal,V,H1C1S4,0,0,1,0,0,École,Public,,887000,Commission scolaire English-Montréal,-73.540834,45.662928,Secondaire,Anglo,514 881-4351
,887251,École secondaire Elizabeth,École secondaire Elizabeth,"1741, rue de Biencourt",,66023,Montréal,V,H4E1T4,0,0,1,0,0,École,Public,https://outreach.emsb.qc.ca/,887000,Commission scolaire English-Montréal,-73.587353,45.45883,Secondaire,Anglo,514 488-6529
,887253,École Centre Mackay,École Centre Mackay,"6333, rue de Terrebonne",,66023,Montréal,V,H4B1A8,1,1,1,0,0,École,Public,https://www.emsb.qc.ca/mackay/,887000,Commission scolaire English-Montréal,-73.633781,45.46863,Préscolaire - Primaire - Secondaire,Anglo,514 482-0500
,887254,Hôpital de Montréal pour enfants,Hôpital de Montréal pour enfants,"2300, rue Tupper",,66023,Montréal,V,H3H1P3,1,1,1,0,0,École,Public,,887000,Commission scolaire English-Montréal,-73.582312,45.48896,Préscolaire - Primaire - Secondaire,Anglo,514 412-4400
,887255,Centre Mountainview School Project,Centre Mountainview School Project,"7450, chemin de la Côte-Saint-Luc",,66058,Côte-Saint-Luc,V,H4W1R1,0,0,1,0,0,École,Public,,887000,Commission scolaire English-Montréal,-73.658889,45.46021,Secondaire,Anglo,514 483-3477
,887256,École Philip E. Layton,École Philip E. Layton,"6333, rue de Terrebonne",,66023,Montréal,V,H4B1A8,1,1,1,0,0,École,Public,,887000,Commission scolaire English-Montréal,-73.633781,45.46863,Préscolaire - Primaire - Secondaire,Anglo,514 489-8207
,887257,École Sir Mortimer B. Davis,École Sir Mortimer B. Davis,"3755, chemin de la Côte-Sainte-Catherine",,66023,Montréal,V,H3T1E2,1,1,1,0,0,École,Public,,887000,Commission scolaire English-Montréal,-73.628807,45.497811,Préscolaire - Primaire - Secondaire,Anglo,514 340-8222
,887259,École secondaire Focus,École secondaire Focus,5440 rue Notre Dame Ouest,,66023,Montréal,V,H4C1T9,0,0,1,0,0,École,Public,https://outreach.emsb.qc.ca/,887000,Commission scolaire English-Montréal,-73.643838,45.461912,Secondaire,Anglo,514 481-1818
,887260,Académie Québec Virtual,Académie Québec Virtual,6000 avenue Fielding,,66023,Montréal,V,H3X1T4,1,1,1,0,0,École,Public,https://www.emsb.qc.ca/emsb/qva,887000,Commission scolaire English-Montréal,-73.636161,45.476157,Préscolaire - Primaire - Secondaire,Anglo,514 483-7200
,887330,CEA Galileo,Centre d'éducation des adultes Galileo,"10921, avenue Gariépy",,66023,Montréal,V,H1H4C6,0,0,0,0,1,Centre éducation aux adultes,Public,,887000,Commission scolaire English-Montréal,-73.63829,45.590776,Éducation aux adultes,Anglo,514 721-0120
,887331,CEA HSM,Centre d'éducation des adultes du HSM,"3711, rue de Bullion",,66023,Montréal,V,H2X3A2,0,0,0,0,1,Centre éducation aux adultes,Public,,887000,Commission scolaire English-Montréal,-73.573016,45.516312,Éducation aux adultes,Anglo,514 788-5937
,887332,CEA James Lyng,Centre d'éducation des adultes James Lyng,"5440, rue Notre Dame Ouest",,66023,Montréal,V,H4C1T9,0,0,0,0,1,Centre éducation aux adultes,Public,,887000,Commission scolaire English-Montréal,-73.596088,45.467974,Éducation aux adultes,Anglo,514 846-0019
,887333,CEA Wagar,Centre d'éducation des adultes Wagar,"5785, avenue Parkhaven",,66058,Côte-Saint-Luc,V,H4W1X8,0,0,0,0,1,Centre éducation aux adultes,Public,,887000,Commission scolaire English-Montréal,-73.669327,45.470147,Éducation aux adultes,Anglo,514 488-8203
,887334,CEA Saint-Laurent,Centre d'éducation des adultes Saint-Laurent,"2405, Place Lafortune Ouest",,66023,Montréal,V,H4M1C2,0,0,0,0,1,Centre éducation aux adultes,Public,,887000,Commission scolaire English-Montréal,-73.69453,45.503752,Éducation aux adultes,Anglo,514 337-3856
,887336,Centre d'éducation des adultes John F. K,Centre d'éducation des adultes John F. Kennedy,3030  rue Villeray,,66023,Montréal,V,H2A1E7,0,0,0,0,1,Centre éducation aux adultes,Public,,887000,Commission scolaire English-Montréal,-73.604059,45.559822,Éducation aux adultes,Anglo,514 374-2888
,887403,Centre de santé et d'études commerciales,Centre de santé et d'études commerciales Shadd,"1000, avenue Old Orchard",,66023,Montréal,V,H4A3A4,0,0,0,1,0,Centre de formation professionnelle,Public,,887000,Commission scolaire English-Montréal,-73.606999,45.469161,Formation professionnelle,Anglo,514 484-0485
,887405,Centre de technologie Rosemont,Centre de technologie Rosemont,"3737, rue Beaubien Est",,66023,Montréal,V,H1X1H2,0,0,0,1,0,Centre de formation professionnelle,Public,https://www.rosemount-technology.qc.ca/,887000,Commission scolaire English-Montréal,-73.584678,45.559658,Formation professionnelle,Anglo,514 376-4725
,887406,CFP Laurier Macdonald,Centre de formation professionnelle Laurier Macdonald,"5025, rue Jean Talon Est",,66023,Montréal,V,H1S3G6,0,0,0,1,0,Centre de formation professionnelle,Public,https://lmaccareercentre.com/,887000,Commission scolaire English-Montréal,-73.584982,45.576184,Formation professionnelle,Anglo,514 374-4278
,887408,Centre de carrières Saint Pius X,Centre de carrières Saint Pius X,9955 rue Papineau,,66023,Montréal,V,H2B1Z9,0,0,0,1,0,Centre de formation professionnelle,Public,,887000,Commission scolaire English-Montréal,-73.64971,45.566824,Formation professionnelle,Anglo,514 381-5440
,888002,École primaire Allion,École primaire Allion,"140, 9e Avenue",,66023,Montréal,V,H8P2N9,1,1,0,0,0,École,Public,https://allion.lbpsb.qc.ca,888000,Commission scolaire Lester-B.-Pearson,-73.60055,45.428178,Préscolaire - Primaire,Anglo,514 595-2040
,888003,École primaire Beacon Hill,École primaire Beacon Hill,"170, Allée Alton",,66107,Beaconsfield,V,H9W2Z3,1,1,0,0,0,École,Public,https://beaconhill.lbpsb.qc.ca,888000,Commission scolaire Lester-B.-Pearson,-73.843877,45.439259,Préscolaire - Primaire,Anglo,514 695-3301
,888004,École primaire Beechwood,École primaire Beechwood,"13155, rue Shelborne",,66023,Montréal,V,H9A1L4,1,1,0,0,0,École,Public,https://beechwood.lbpsb.qc.ca,888000,Commission scolaire Lester-B.-Pearson,-73.836516,45.495386,Préscolaire - Primaire,Anglo,514 626-3484
,888009,École primaire Children's World Academy,École primaire Children's World Academy,"2241, rue Ménard",LaSalle,66023,Montréal,V,H8N1J4,1,1,0,0,0,École,Public,https://cwa.lbpsb.qc.ca,888000,Commission scolaire Lester-B.-Pearson,-73.629762,45.438389,Préscolaire - Primaire,Anglo,514 595-2043
,888010,École primaire Christmas Park,École primaire Christmas Park,"422, boulevard Beaconsfield",,66107,Beaconsfield,V,H9W4B7,1,1,0,0,0,École,Public,https://www.novalink.ca/cpark,888000,Commission scolaire Lester-B.-Pearson,-73.876878,45.419565,Préscolaire - Primaire,Anglo,514 695-0651
,888012,École primaire Dorset,École primaire Dorset,"106, rue Dorset",,66112,Baie-D'Urfé,V,H9X2Z6,1,1,0,0,0,École,Public,https://dorset.lbpsb.qc.ca,888000,Commission scolaire Lester-B.-Pearson,-73.920035,45.413749,Préscolaire - Primaire,Anglo,514 457-3631
,888013,École primaire Edgewater,École primaire Edgewater,"220, boulevard Cardinal-Léger",,71070,Pincourt,V,J7W3Y5,1,1,0,0,0,École,Public,https://edgewater.lbpsb.qc.ca,888000,Commission scolaire Lester-B.-Pearson,-73.99002,45.380621,Préscolaire - Primaire,Anglo,514 453-4534
,888014,École primaire Evergreen,École primaire Evergreen,"2625, rue du Bordelais",,71105,Saint-Lazare,V,J7T2Z9,1,1,0,0,0,École,Public,,888000,Commission scolaire Lester-B.-Pearson,-74.147655,45.430112,Préscolaire - Primaire,Anglo,514 798-4445
,888015,École primaire Forest Hill Junior,École primaire Forest Hill Junior,"1950, rue Chanterel",,71105,Saint-Lazare,V,J7T3C2,1,1,0,0,0,École,Public,,888000,Commission scolaire Lester-B.-Pearson,-74.149329,45.412258,Préscolaire - Primaire,Anglo,514 798-0777
,888022,École primaire Mount Pleasant,École primaire Mount Pleasant,"97, rue Mount Pleasant",,71100,Hudson,V,J0P1H0,1,1,0,0,0,École,Public,,888000,Commission scolaire Lester-B.-Pearson,-74.141942,45.451515,Préscolaire - Primaire,Anglo,514 798-0400
,888024,École primaire Riverview,École primaire Riverview,"971, avenue Riverview",,66023,Montréal,V,H4H2C3,1,1,0,0,0,École,Public,https://riverview.lbpsb.qc.ca,888000,Commission scolaire Lester-B.-Pearson,-73.577583,45.447112,Préscolaire - Primaire,Anglo,514 761-4524
,888027,École primaire Saint-Anthony,École primaire Saint-Anthony,"17750, rue Meloche",,66023,Montréal,V,H9J3P9,1,1,0,0,0,École,Public,https://stanthony.lbpsb.qc.ca,888000,Commission scolaire Lester-B.-Pearson,-73.883363,45.458309,Préscolaire - Primaire,Anglo,514 624-6614
,888029,École primaire Saint-Charles,École primaire Saint-Charles,"4331, rue Sainte-Anne",,66023,Montréal,V,H9H4G7,1,1,0,0,0,École,Public,https://stcharles.lbpsb.qc.ca,888000,Commission scolaire Lester-B.-Pearson,-73.865809,45.472566,Préscolaire - Primaire,Anglo,514 626-0480
,888030,École primaire Saint-Edmund,École primaire Saint-Edmund,"115, boulevard Beaconsfield",,66107,Beaconsfield,V,H9W3Z8,1,1,0,0,0,École,Public,https://stedmund.lbpsb.qc.ca,888000,Commission scolaire Lester-B.-Pearson,-73.848312,45.430823,Préscolaire - Primaire,Anglo,514 697-7621
,888031,École primaire Saint-John-Fisher Senior,École primaire Saint-John-Fisher Senior,"121, avenue Summerhill",,66097,Pointe-Claire,V,H9R2L8,0,1,0,0,0,École,Public,,888000,Commission scolaire Lester-B.-Pearson,-73.795668,45.456796,Primaire,Anglo,514 695-1112
,888032,École primaire Soulanges,École primaire Soulanges,"1135, rue Saint-Georges",,71015,Saint-Télesphore,M,J0P1Y0,1,1,0,0,0,École,Public,,888000,Commission scolaire Lester-B.-Pearson,-74.418432,45.297883,Préscolaire - Primaire,Anglo,450 269-2452
,888037,École primaire Terry-Fox,École primaire Terry-Fox,"13350, rue Purcell",,66023,Montréal,V,H8Z1P7,1,1,0,0,0,École,Public,https://terryfox.lbpsb.qc.ca,888000,Commission scolaire Lester-B.-Pearson,-73.845518,45.502711,Préscolaire - Primaire,Anglo,514 626-6253
,888040,École primaire Westpark,École primaire Westpark,"6, rue Howard",,66142,Dollard-des-Ormeaux,V,H9A2L2,1,1,0,0,0,École,Public,https://westpark.lbpsb.qc.ca,888000,Commission scolaire Lester-B.-Pearson,-73.824288,45.49723,Préscolaire - Primaire,Anglo,514 684-1418
,888041,École primaire Wilder-Penfield,École primaire Wilder-Penfield,"551, avenue Westminster",,66142,Dollard-des-Ormeaux,V,H9G1E8,1,1,0,0,0,École,Public,https://wilderpenfield.lbpsb.qc.ca,888000,Commission scolaire Lester-B.-Pearson,-73.846858,45.471941,Préscolaire - Primaire,Anglo,514 626-0670
,888044,École primaire Saint-Patrick,École primaire Saint-Patrick,"261, rue Shamrock",,71070,Pincourt,V,J7W3W5,1,1,0,0,0,École,Public,https://stpatrick.lbpsb.qc.ca,888000,Commission scolaire Lester-B.-Pearson,-73.98558,45.378067,Préscolaire - Primaire,Anglo,514 453-6351
,888045,École primaire Pierre-Elliott-Trudeau,École primaire Pierre-Elliott-Trudeau,"490, rue Bourget",,71083,Vaudreuil-Dorion,V,J7V6N2,1,1,0,0,0,École,Public,,888000,Commission scolaire Lester-B.-Pearson,-74.023043,45.411367,Préscolaire - Primaire,Anglo,514 798-4454
,888046,École primaire Margaret-Manson,École primaire Margaret-Manson,"18750, boulevard Elkas",,66102,Kirkland,V,H9J4C1,1,1,0,0,0,École,Public,https://margaretmanson.lbpsb.qc.ca,888000,Commission scolaire Lester-B.-Pearson,-73.891583,45.443272,Préscolaire - Primaire,Anglo,514 694-7808
,888047,École primaire Verdun,École primaire Verdun,"610, avenue Desmarchais",,66023,Montréal,V,H4H1S6,1,1,0,0,0,École,Public,,888000,Commission scolaire Lester-B.-Pearson,-73.572774,45.454284,Préscolaire - Primaire,Anglo,514 767-5344
,888048,École primaire Forest Hill Senior,École primaire Forest Hill Senior,"1449, avenue Bédard",,71105,Saint-Lazare,V,J7T3B4,0,1,0,0,0,École,Public,,888000,Commission scolaire Lester-B.-Pearson,-74.139663,45.398014,Primaire,Anglo,514 798-5556
,888049,École primaire Maple Grove,École primaire Maple Grove,"740, 52 ième Avenue",,66023,Montréal,V,H8T2X6,1,1,0,0,0,École,Public,,888000,Commission scolaire Lester-B.-Pearson,-73.715865,45.444614,Préscolaire - Primaire,Anglo,514 637-5868
,888050,École primaire Birchwood,École primaire Birchwood,1325 rue Jolicoeur,,71105,Saint-Lazare,V,J7T1Z4,1,1,0,0,0,École,Public,,888000,Commission scolaire Lester-B.-Pearson,-74.112085,45.392141,Préscolaire - Primaire,Anglo,514 798-8757
,888051,École secondaire Beaconsfield,École secondaire Beaconsfield,"250, promenade Beaurepaire",,66107,Beaconsfield,V,H9W5G7,0,0,1,0,0,École,Public,https://beaconsfield.lbpsb.qc.ca,888000,Commission scolaire Lester-B.-Pearson,-73.861898,45.429976,Secondaire,Anglo,514 697-7220
,888055,École secondaire Westwood Senior,École secondaire Westwood Senior,"69, Côte Saint-Charles",,71100,Hudson,V,J0P1H0,0,0,1,0,0,École,Public,,888000,Commission scolaire Lester-B.-Pearson,-74.152054,45.46141,Secondaire,Anglo,514 798-4900
,888057,École secondaire John-Rennie,École secondaire John-Rennie,"501, boulevard Saint-Jean",,66097,Pointe-Claire,V,H9R3J5,0,0,1,0,0,École,Public,https://johnrennie.lbpsb.qc.ca,888000,Commission scolaire Lester-B.-Pearson,-73.816659,45.450855,Secondaire,Anglo,514 697-3210
,888058,École secondaire Lakeside Academy,École secondaire Lakeside Academy,"5050, rue Sherbrooke",,66023,Montréal,V,H8T1H8,0,0,1,0,0,École,Public,https://lakesideacademy.lbpsb.qc.ca,888000,Commission scolaire Lester-B.-Pearson,-73.714191,45.44636,Secondaire,Anglo,514 637-2505
,888059,Polyvalente LaSalle,Polyvalente LaSalle,"240, 9e Avenue",,66023,Montréal,V,H8P2N9,0,0,1,0,0,École,Public,https://lcchs.lbpsb.qc.ca,888000,Commission scolaire Lester-B.-Pearson,-73.60055,45.428178,Secondaire,Anglo,514 595-2050
,888061,École secondaire Macdonald,École secondaire Macdonald,"17, avenue Maple",,66117,Sainte-Anne-de-Bellevue,V,H9X2E5,0,0,1,0,0,École,Public,https://macdonald.lbpsb.qc.ca,888000,Commission scolaire Lester-B.-Pearson,-73.944147,45.407436,Secondaire,Anglo,514 457-3770
,888062,École secondaire Pierrefonds,École secondaire Pierrefonds,"13800, boulevard de Pierrefonds",,66023,Montréal,V,H9A1A7,0,0,1,0,0,École,Public,https://pchs.lbpsb.qc.ca,888000,Commission scolaire Lester-B.-Pearson,-73.846581,45.492495,Secondaire,Anglo,514 626-9610
,888065,École secondaire Saint-Thomas,École secondaire Saint-Thomas,"111, avenue Broadview",,66097,Pointe-Claire,V,H9R3Z3,0,0,1,0,0,École,Public,https://stthomas.lbpsb.qc.ca,888000,Commission scolaire Lester-B.-Pearson,-73.796707,45.456658,Secondaire,Anglo,514 694-3770
,888066,École secondaire Westwood Junior,École secondaire Westwood Junior,"2800, rue du Bordelais",,71105,Saint-Lazare,V,J7T3E3,0,0,1,0,0,École,Public,,888000,Commission scolaire Lester-B.-Pearson,-74.148669,45.434929,Secondaire,Anglo,514 798-4500
,888069,École secondaire Beurling Academy,École secondaire Beurling Academy,"6100, boulevard Champlain",,66023,Montréal,V,H4H1A5,0,0,1,0,0,École,Public,,888000,Commission scolaire Lester-B.-Pearson,-73.587617,45.448284,Secondaire,Anglo,514 766-2357
,888070,École Angrignon,École Angrignon,"6875, boulevard LaSalle",,66023,Montréal,V,H4H1R3,1,1,1,0,0,École,Public,,888000,Commission scolaire Lester-B.-Pearson,-73.585926,45.442444,Préscolaire - Primaire - Secondaire,Anglo,514 762-3005
,888071,Centre d'accueil Dawson Alternative,Centre d'accueil Dawson Alternative,"825, boulevard Dawson",,66087,Dorval,V,H9S1X5,0,1,1,0,0,École,Public,,888000,Commission scolaire Lester-B.-Pearson,-73.742278,45.441993,Primaire - Secondaire,Anglo,514 636-0910
,888074,Centre Bourbonnière (Mountainview),Centre Bourbonnière (Mountainview),"7587, boulevard LaSalle",,66023,Montréal,V,H8P1X9,1,1,1,0,0,École,Public,,888000,Commission scolaire Lester-B.-Pearson,-73.590856,45.431633,Préscolaire - Primaire - Secondaire,Anglo,514 365-1484
,888077,Centre Portage West Island,Centre d'accueil le Programme de Portage inc.,"141, avenue Elm",,66107,Beaconsfield,V,H9W2E1,0,0,1,0,0,École,Public,,888000,Commission scolaire Lester-B.-Pearson,-73.852453,45.434922,Secondaire,Anglo,514 694-9894
,888079,École secondaire Horizon,École secondaire Horizon,"90, avenue de Jubilee Square",,66097,Pointe-Claire,V,H9R1M3,0,0,1,0,0,École,Public,,888000,Commission scolaire Lester-B.-Pearson,-73.804175,45.464062,Secondaire,Anglo,514 798-8707
,888080,École primaire Clearpoint,École primaire Clearpoint,"17, avenue Cedar",,66097,Pointe-Claire,V,H9S4X9,1,1,0,0,0,École,Public,,888000,Commission scolaire Lester-B.-Pearson,-73.815046,45.435559,Préscolaire - Primaire,Anglo,514 798-0792
,888081,École primaire Dorval,École primaire Dorval,"1750, avenue Carson",,66087,Dorval,V,H9S1N3,1,1,0,0,0,École,Public,,888000,Commission scolaire Lester-B.-Pearson,-73.765618,45.444326,Préscolaire - Primaire,Anglo,514 798-0738
,888084,Académie Sunshine Academy,École primaire Sunshine Academy,"65, avenue Sunshine",,66142,Dollard-des-Ormeaux,V,H9B1G9,1,1,0,0,0,École,Public,,888000,Commission scolaire Lester-B.-Pearson,-73.798845,45.49594,Préscolaire - Primaire,Anglo,514 798-5610
,888085,École primaire Springdale,École primaire Springdale,"150, rue Hyman",,66142,Dollard-des-Ormeaux,V,H9B1L6,1,1,0,0,0,École,Public,,888000,Commission scolaire Lester-B.-Pearson,-73.796517,45.49358,Préscolaire - Primaire,Anglo,514 798-0767
,888086,École primaire Saint-John-Fisher Junior,École primaire Saint-John-Fisher Junior,"87, avenue Belmont",,66097,Pointe-Claire,V,H9R2N7,1,1,0,0,0,École,Public,,888000,Commission scolaire Lester-B.-Pearson,-73.795059,45.454512,Préscolaire - Primaire,Anglo,514 798-0746
,888090,École primaire Kingsdale Academy,École primaire Kingsdale Academy,"4381, rue King",,66023,Montréal,V,H9H2E8,1,1,0,0,0,École,Public,,888000,Commission scolaire Lester-B.-Pearson,-73.852688,45.480787,Préscolaire - Primaire,Anglo,514 626-7880
,888091,École primaire Sherbrooke Academy Junior,École primaire Sherbrooke Academy Junior,"230, rue Sherbrooke",,66107,Beaconsfield,V,H9W1P5,1,1,0,0,0,École,Public,,888000,Commission scolaire Lester-B.-Pearson,-73.86275,45.43615,Préscolaire - Primaire,Anglo,514 697-7830
,888092,École primaire Sherbrooke Academy Senior,École primaire Sherbrooke Academy Senior,"313, chemin Windermere",,66107,Beaconsfield,V,H9W1W1,0,1,0,0,0,École,Public,,888000,Commission scolaire Lester-B.-Pearson,-73.87237,45.437496,Primaire,Anglo,514 798-0769
,888093,École primaire Lasalle Junior,École primaire Lasalle Junior,"8340, rue David-Boyer",,66023,Montréal,V,H8N2A1,1,1,0,0,0,École,Public,,888000,Commission scolaire Lester-B.-Pearson,-73.62571,45.432364,Préscolaire - Primaire,Anglo,514 798-0743
,888094,École primaire Lasalle Senior,École primaire Lasalle Senior,"1555, rue Rancourt",,66023,Montréal,V,H8N1R7,0,1,0,0,0,École,Public,,888000,Commission scolaire Lester-B.-Pearson,-73.627173,45.429393,Primaire,Anglo,514 798-0744
,888306,Centre PACC-Éducation des adultes,Centre de formation des adultes et de formation professionnelle Pearson-Éducation des adultes,"8300, rue George",,66023,Montréal,V,H8P1E5,0,0,0,0,1,Centre éducation aux adultes,Public,,888000,Commission scolaire Lester-B.-Pearson,-73.611337,45.422211,Éducation aux adultes,Anglo,514 798-5588
,888308,Centre d'éducation des adultes Verdun,Centre d'éducation des adultes Verdun,"6050, boulevard Champlain",,66023,Montréal,V,H4H1A5,0,0,0,0,1,Centre éducation aux adultes,Public,,888000,Commission scolaire Lester-B.-Pearson,-73.587617,45.448284,Éducation aux adultes,Anglo,514 422-3000
,888310,Centre de formation des adultes West-Isl,Centre de formation des adultes West-Island,"13700, boulevard de Pierrefonds",,66023,Montréal,V,H9A1A7,0,0,0,0,1,Centre éducation aux adultes,Public,,888000,Commission scolaire Lester-B.-Pearson,-73.846581,45.492495,Éducation aux adultes,Anglo,514 620-0707
,888311,Centre d'éducation adultes Place Cartier,Centre d'éducation des adultes Place Cartier,120 avenue Ambassador,,66097,Pointe-Claire,V,H9R1S8,0,0,0,0,1,Centre éducation aux adultes,Public,,888000,Commission scolaire Lester-B.-Pearson,-73.824917,45.450193,Éducation aux adultes,Anglo,514 422-3000
,888400,Académie de beauté Gordon-Robertson,Académie de beauté Gordon-Robertson,"240, promenade Beaurepaire",,66107,Beaconsfield,V,H9W6G4,0,0,0,1,0,Centre de formation professionnelle,Public,,888000,Commission scolaire Lester-B.-Pearson,-73.861898,45.429976,Formation professionnelle,Anglo,514 426-5096
,888401,Centre PACC-Formation professionnelle,Centre de formation des adultes et de formation professionnelle Pearson-Formation professionnelle,"8310, rue George",,66023,Montréal,V,H8P1E5,0,0,0,1,0,Centre de formation professionnelle,Public,,888000,Commission scolaire Lester-B.-Pearson,-73.611337,45.422211,Formation professionnelle,Anglo,514 363-6213
,888403,Centre de formation prof. West-Island,Centre de formation professionnelle West-Island,"13700, boulevard de Pierrefonds",,66023,Montréal,V,H9A1A7,0,0,0,1,0,Centre de formation professionnelle,Public,,888000,Commission scolaire Lester-B.-Pearson,-73.846581,45.492495,Formation professionnelle,Anglo,514 620-0707
,888404,Centre d'électrotechnologie Pearson,Centre d'électrotechnologie Pearson,"5000, rue René-Huguet",,66023,Montréal,V,H8T1M7,0,0,0,1,0,Centre de formation professionnelle,Public,,888000,Commission scolaire Lester-B.-Pearson,-73.712194,45.442054,Formation professionnelle,Anglo,514 798-1818
,888408,Centre de formation de métiers  Verdun,Centre de formation des métiers de Verdun,6050 boulevard Champlain,,66023,Montréal,V,H4H1A5,0,0,0,1,0,Centre de formation professionnelle,Public,,888000,Commission scolaire Lester-B.-Pearson,-73.586574,45.448175,Formation professionnelle,Anglo,514 422-3000
,888411,Centre formation prof. Place Cartier,Centre de formation professionnelle Place Cartier,120 avenue Ambassador,,66097,Pointe-Claire,V,H9R1S8,0,0,0,1,0,Centre de formation professionnelle,Public,,888000,Commission scolaire Lester-B.-Pearson,-73.824917,45.450193,Formation professionnelle,Anglo,514 422-3000
,889002,École Mary Gardner,École Mary Gardner,"42, rue Saint-Hubert",,67050,Châteauguay,V,J6K3K8,1,1,0,0,0,École,Public,https://mgs.nfsb.qc.ca,889000,Commission scolaire New Frontiers,-73.732096,45.354585,Préscolaire - Primaire,Anglo,450 691-2600
,889004,École primaire Saint-Willibrord,École primaire Saint-Willibrord,"300, avenue McLeod",,67050,Châteauguay,V,J6J2H6,1,1,0,0,0,École,Public,https://stwill.nfsb.qc.ca,889000,Commission scolaire New Frontiers,-73.724101,45.362925,Préscolaire - Primaire,Anglo,450 691-4550
,889005,École primaire Franklin,École primaire Franklin,"1410, route 202",,69010,Franklin,M,J0S1E0,1,1,0,0,0,École,Public,https://www.franklin.nfsb.qc.ca,889000,Commission scolaire New Frontiers,-73.938278,45.027104,Préscolaire - Primaire,Anglo,450 827-2505
,889008,Ecole primaire Heritage,Ecole primaire Heritage,"21, rue King",,69055,Huntingdon,V,J0S1H0,1,1,0,0,0,École,Public,https://heritage.nfsb.qc.ca,889000,Commission scolaire New Frontiers,-74.174424,45.087344,Préscolaire - Primaire,Anglo,450 264-5482
,889009,Institut Gault,Institut Gault,"17, rue Gault",,70052,Salaberry-de-Valleyfield,V,J6S3R4,1,1,0,0,0,École,Public,https://gault.nfsb.qc.ca,889000,Commission scolaire New Frontiers,-74.131153,45.262162,Préscolaire - Primaire,Anglo,450 373-6922
,889010,École primaire Howick,École primaire Howick,"5, avenue Lambton",,69025,Howick,M,J0S1G0,1,1,0,0,0,École,Public,https://howick.nfsb.qc.ca,889000,Commission scolaire New Frontiers,-73.847045,45.182625,Préscolaire - Primaire,Anglo,450 825-2606
,889011,École primaire Ormstown,École primaire Ormstown,"7, rue George",,69037,Ormstown,M,J0S1K0,1,1,0,0,0,École,Public,https://oes.nfsb.qc.ca,889000,Commission scolaire New Frontiers,-73.988462,45.122703,Préscolaire - Primaire,Anglo,450 829-2641
,889012,École primaire Hemmingford,École primaire Hemmingford,"548, avenue Champlain est",,68010,Hemmingford,VL,J0L1H0,1,1,0,0,0,École,Public,https://hemmingford.nfsb.qc.ca,889000,Commission scolaire New Frontiers,-73.58314,45.045002,Préscolaire - Primaire,Anglo,450 247-2022
,889014,École secondaire Châteauguay Valley,École secondaire régionale Châteauguay Valley,"1597, route 138A",,69037,Ormstown,M,J0S1K0,0,0,1,0,0,École,Public,https://cvr.nfsb.qc.ca,889000,Commission scolaire New Frontiers,-74.013911,45.124774,Secondaire,Anglo,450 829-2382
,889016,École secondaire Howard S. Billings,École secondaire régionale Howard S. Billings,"210, rue McLeod",,67050,Châteauguay,V,J6J2H4,0,0,1,0,0,École,Public,https://hsb.nfsb.qc.ca,889000,Commission scolaire New Frontiers,-73.730918,45.363064,Secondaire,Anglo,450 691-3230
,889018,École Centennial Park,École Centennial Park,"85, rue Jeffries",,67050,Châteauguay,V,J6J4A4,1,1,0,0,0,École,Public,https://cps.nfsb.qc.ca,889000,Commission scolaire New Frontiers,-73.741971,45.369889,Préscolaire - Primaire,Anglo,450 692-8251
,889019,École primaire Harmony,École primaire Harmony,"280, rue Brahms",,67050,Châteauguay,V,J6K5G1,1,1,0,0,0,École,Public,https://harmony.nfsb.qc.ca,889000,Commission scolaire New Frontiers,-73.710943,45.347814,Préscolaire - Primaire,Anglo,450 691-9099
,889303,HAECC,Centre d'éducation aux adultes et communautaire Huntingdon,"24, rue York",,69055,Huntingdon,V,J0S1H0,0,0,0,0,1,Centre éducation aux adultes,Public,https://www.nfsb.me,889000,Commission scolaire New Frontiers,-74.173097,45.092329,Éducation aux adultes,Anglo,450 264-9276
,889317,CEA Châteauguay Valley,Centre d'éducation aux adultes Châteauguay Valley,"46, rue Roy",,69037,Ormstown,M,J0S1K0,0,0,0,0,1,Centre éducation aux adultes,Public,https://www.nfsb.me,889000,Commission scolaire New Frontiers,-73.992564,45.120796,Éducation aux adultes,Anglo,450 829-2396
,889399,CEA Nova,Centre d'éducation aux adultes Nova,"70, boulevard Maple",,67050,Châteauguay,V,J6J3P8,0,0,0,0,1,Centre éducation aux adultes,Public,https://www.novacareer.com,889000,Commission scolaire New Frontiers,-73.732118,45.362491,Éducation aux adultes,Anglo,450 691-2540
,889403,HAECC,Centre d'éducation aux adultes et communautaire Huntingdon,"24, rue York",,69055,Huntingdon,V,J0S1H0,0,0,0,1,0,Centre de formation professionnelle,Public,https://www.nfsb.me,889000,Commission scolaire New Frontiers,-74.173097,45.092329,Formation professionnelle,Anglo,450 264-9276
,889417,CFP Châteauguay Valley,Centre de formation professionnelle Châteauguay Valley,"46, rue Roy",,69037,Ormstown,M,J0S1K0,0,0,0,1,0,Centre de formation professionnelle,Public,https://www.nfsb.me,889000,Commission scolaire New Frontiers,-73.992564,45.120796,Formation professionnelle,Anglo,450 829-2396
,889499,CFP Nova,Centre de formation professionnelle Nova,"70, boulevard  Maple",,67050,Châteauguay,V,J6J3P8,0,0,0,1,0,Centre de formation professionnelle,Public,https://www.novacareer.com,889000,Commission scolaire New Frontiers,-73.732118,45.362491,Formation professionnelle,Anglo,450 691-2540
