categorie;game_id;cote;rseq_game_id;ligue;nom_servi;equipe_reliee;team_id;rseq_colonne;rseq_equipe_reliee;rseq_servi
"b_autre_equipe_servie";"00c8a441-957b-4f7c-a175-b2fe92721ad2";"visitor";"46de93ea-4fe6-43cf-9607-2f0f3c6cea86";"Volleyball B Filles D3 A";"St. Thomas";"St. Thomas";"841c6565-ea95-45aa-a0b0-e7465a916640";"d6b599af-b8c0-4d9d-9dc9-d1287b6cf144";"5c8070d8-51f0-450a-a39f-d438ff2e64e6";"d6b599af-b8c0-4d9d-9dc9-d1287b6cf144"
"b_autre_equipe_servie";"00dceb31-213f-4038-8793-ef27b0b8a96d";"home";"5bb544f2-17ea-4057-8b44-cca5653c3417";"Soccer C Filles D3 A";"St. Thomas";"St. Thomas";"a3b937e6-6d30-43d4-be4d-efec40cae414";"a139cfa0-9d9f-4e88-80da-768f75178cae";"4f50e790-7caf-4e8f-bef3-1914790b11bc";"a139cfa0-9d9f-4e88-80da-768f75178cae"
"b_autre_equipe_servie";"00e14dc3-3971-4028-beb7-971476691921";"visitor";"2e881c6a-1c8a-4d70-b59b-efbbe8299829";"Flag football J M D4 Niveau 3";"Collège d'Anjou";"Collège d'Anjou";"d50baa17-df67-47a4-ae5d-f87ef68850ac";"1c2ded8a-c1c2-465a-9442-2398c8d96f0e";"0ef55900-0c81-495b-a9f5-47d53d820962";"1c2ded8a-c1c2-465a-9442-2398c8d96f0e"
"b_autre_equipe_servie";"0110dc32-db83-4cd2-90f7-7154a4e0d32c";"home";"faef08d3-3d25-4a2a-992c-398cead8d8b6";"Flag football B F D3";"De la Croisée";"De la Croisée";"8c279071-828c-4ff6-ab74-a6838d63a7ef";"3b31a1ac-09dc-4083-9788-e4a90d896c96";"886b3172-e0d7-47a6-b93d-d0a24dae0ff4";"3b31a1ac-09dc-4083-9788-e4a90d896c96"
"b_autre_equipe_servie";"015fbe50-4699-4fcc-93b1-73b71bad0bfa";"visitor";"f9f88f8f-4f65-4080-b025-a7655e7e5a47";"Volleyball C Filles D3 B";"Loyola";"Loyola";"e725e9c1-f50c-4c16-8c9f-6d2da76f22fe";"2e1510cb-e48c-46b3-8d98-e007aa3fc848";"eda3b035-b965-4606-a704-f36f2afb1b35";"2e1510cb-e48c-46b3-8d98-e007aa3fc848"
"b_autre_equipe_servie";"01a132f1-d5b0-4de5-bbc1-774c340d3155";"home";"0db0149a-9c8f-4ed1-967f-df39e6a648f5";"Flag football J F D4 Niveau 1";"La Découverte";"La Découverte";"2d36d17e-d5f7-47fd-b995-345e8b32a12b";"0fde9abe-8079-4938-96b4-6b414dcf06db";"7d0f9003-dcb6-414c-9506-a48de6c4a937";"0fde9abe-8079-4938-96b4-6b414dcf06db"
"b_autre_equipe_servie";"01b434ec-edd6-44ce-8136-cf8f004be37e";"home";"fd0fd203-5d62-4ee4-a940-bdb564a047f6";"Volleyball B Filles D3 A";"St. Thomas";"St. Thomas";"841c6565-ea95-45aa-a0b0-e7465a916640";"d6b599af-b8c0-4d9d-9dc9-d1287b6cf144";"5c8070d8-51f0-450a-a39f-d438ff2e64e6";"d6b599af-b8c0-4d9d-9dc9-d1287b6cf144"
"b_autre_equipe_servie";"01b434ec-edd6-44ce-8136-cf8f004be37e";"visitor";"fd0fd203-5d62-4ee4-a940-bdb564a047f6";"Volleyball B Filles D3 A";"Loyola";"Loyola";"7038b42c-8d94-4174-a20e-6ffee617c1e9";"c1bdd457-9b1a-4832-91f7-9c6aea3ff4b4";"6880efdb-b62d-4261-9b65-3792d035ad34";"c1bdd457-9b1a-4832-91f7-9c6aea3ff4b4"
"b_autre_equipe_servie";"01b66a1a-fc6b-4bd8-bb6e-83f9b6d1677a";"visitor";"0b2f3675-c8a8-474c-8942-1c4e006d417a";"Flag football B F D4 Niveau 1 Automne Bleue";"Félix-Leclerc";"Félix-Leclerc";"d03ed9de-a04a-418a-80a4-7602ba961d89";"92cc4b9c-0030-455b-ac3f-d9bfd037341d";"1ee1ceca-caa4-401d-be46-afbf207d6577";"92cc4b9c-0030-455b-ac3f-d9bfd037341d"
"b_autre_equipe_servie";"01e048cb-65e7-4dac-bc6f-4ba60902271d";"home";"4cc30f59-d0cf-4fde-8881-840cf8b293dd";"Flag football C M D3";"Keranna";"Keranna";"8e4c4a18-20a4-434b-873b-5a57894acc16";"48bd2869-cbbd-44e7-b505-15264e6b359a";"92b7dded-5766-468d-a09f-f78ca4db7422";"48bd2869-cbbd-44e7-b505-15264e6b359a"
"b_autre_equipe_servie";"01e048cb-65e7-4dac-bc6f-4ba60902271d";"visitor";"4cc30f59-d0cf-4fde-8881-840cf8b293dd";"Flag football C M D3";"Chavigny";"Chavigny";"26e5f1cf-d481-4d53-bf42-323be2909a4f";"ce7c5792-1006-452a-9c28-18c1fff39649";"8135c065-0bb7-4fc7-8559-927d983996f7";"ce7c5792-1006-452a-9c28-18c1fff39649"
"b_autre_equipe_servie";"01fc24e3-4fd5-4525-9b2d-c14ff8639832";"home";"8ed11923-0638-416d-a3ab-9ec75a71e3be";"Rugby J F D3";"Pontiac";"Pontiac";"a8ae97c2-a677-451c-ab20-044722830f1b";"c6a9fa3a-c94f-4a9a-954d-068b3d64e36e";"14abf13f-a35f-44af-85ab-27bf377df80c";"c6a9fa3a-c94f-4a9a-954d-068b3d64e36e"
"b_autre_equipe_servie";"01fc24e3-4fd5-4525-9b2d-c14ff8639832";"visitor";"8ed11923-0638-416d-a3ab-9ec75a71e3be";"Rugby J F D3";"Philemon Wright";"Philemon Wright";"dfdaf91f-367d-417e-935b-b98392d7bce9";"ae69bf34-f967-4557-864d-81e8e7edb903";"7cdf6d8f-2307-41de-8e72-7dd686b81d53";"ae69bf34-f967-4557-864d-81e8e7edb903"
"b_autre_equipe_servie";"0216e453-fac5-467d-afea-c30ccbbbb3c6";"home";"2892021e-9970-4e88-a58a-a954493f22b6";"Rugby C F D4";"Louis-Philippe-Paré";"Louis-Philippe-Paré";"7eaaf529-41c4-4de4-880a-f0e4d841562e";"a9bd364c-fa1e-4db1-962a-88e99dec3b5e";"9126dac8-6056-4ea4-8675-3323ba716855";"a9bd364c-fa1e-4db1-962a-88e99dec3b5e"
"b_autre_equipe_servie";"02b72942-168d-4cee-8c81-8a524469cda4";"home";"21c19b02-c6d6-42e5-b7d6-6895a8d15ea9";"Volleyball C Garçons D3";"Loyola";"Loyola";"b313784c-ba77-4c54-af66-8b2cf916473c";"149a1cec-b797-4551-854a-d6fa0ab35979";"89d68e71-0f2c-4754-bf54-d5201d785aa4";"149a1cec-b797-4551-854a-d6fa0ab35979"
"b_autre_equipe_servie";"02bb226d-58e3-48a5-b15f-1211f45a9e43";"visitor";"9c23232b-1543-4564-8fe6-6bb307604f93";"Volleyball B Garçons D3 B";"Collège Notre-Dame";"Collège Notre-Dame";"aaa6ba91-8840-4726-81fc-2cbfe9df2379";"dbb0de18-c040-4d86-a0c7-7f85e0ca6eef";"6b4eb500-abcc-4655-8e71-cbfc8f9f1bd9";"dbb0de18-c040-4d86-a0c7-7f85e0ca6eef"
"b_autre_equipe_servie";"030f92b3-71fa-4be8-896b-bad97fe1e668";"home";"5d46ddae-701b-48cf-aa31-9c364a605353";"Rugby J F D4";"Cité-des-Jeunes";"Cité-des-Jeunes";"02c60b9a-fd03-4a97-a42e-93671e5a1095";"1406338c-e857-49f7-bdf2-6c489c0d9fbf";"e2396918-2ccc-48e3-bc81-bcade52e58e7";"1406338c-e857-49f7-bdf2-6c489c0d9fbf"
"b_autre_equipe_servie";"030f92b3-71fa-4be8-896b-bad97fe1e668";"visitor";"5d46ddae-701b-48cf-aa31-9c364a605353";"Rugby J F D4";"Louis-Philippe-Paré";"Louis-Philippe-Paré";"387ce7de-f19b-44b7-8ce5-39a08d414327";"1cb260ec-3ae9-4ff4-99cf-c58c2a9fbb4a";"12665e0c-61e5-4d08-bc20-0e5cf8c33736";"1cb260ec-3ae9-4ff4-99cf-c58c2a9fbb4a"
"b_autre_equipe_servie";"03530072-c7d4-4034-819d-604eca5bedd5";"home";"48ce45ee-e4b0-4df0-bfd9-f70e6ddd9980";"Flag football B F D4 Niveau 1 Printemps Bleue";"Académie Ste-Thérèse";"Académie Ste-Thérèse";"41d65b2d-0b58-4c60-9bfc-e9f0d4906b10";"c1064f2d-19e4-4ef9-a736-e9048c774c58";"8bda15b7-d54a-4921-a545-9191c9386bcd";"c1064f2d-19e4-4ef9-a736-e9048c774c58"
"b_autre_equipe_servie";"03530072-c7d4-4034-819d-604eca5bedd5";"visitor";"48ce45ee-e4b0-4df0-bfd9-f70e6ddd9980";"Flag football B F D4 Niveau 1 Printemps Bleue";"Maréchal";"Maréchal";"99b94fd3-173a-43a6-9c4b-a3600fbe039f";"3c38c30f-cc65-436f-a84d-65b3d648ee56";"65b57f06-2be1-45e2-8280-dccd7f807872";"3c38c30f-cc65-436f-a84d-65b3d648ee56"
"b_autre_equipe_servie";"03df1639-69a9-4085-a1e1-2316d1a70d33";"home";"16bade5e-1014-4ce2-bf4c-5cb7a255b6c1";"Flag football J F D4";"É.S. Monique Proulx";"É.S. Monique Proulx";"b6c9a680-49a4-41a1-a890-74e6171f73db";"48ef6f8f-293c-442d-a89f-58418d22b72f";"fe2dd27e-d57d-40c9-a0ad-1bc2ac669685";"48ef6f8f-293c-442d-a89f-58418d22b72f"
"b_autre_equipe_servie";"04a5e344-aaf6-4e36-9356-ec9752a124c6";"visitor";"5cfeb094-7904-491b-9c90-2818096a11f6";"Flag football C M D3";"Keranna";"Keranna";"8e4c4a18-20a4-434b-873b-5a57894acc16";"48bd2869-cbbd-44e7-b505-15264e6b359a";"92b7dded-5766-468d-a09f-f78ca4db7422";"48bd2869-cbbd-44e7-b505-15264e6b359a"
"b_autre_equipe_servie";"04ae216c-f6cc-45ac-b7f3-7325cb7314fa";"home";"575ba48b-c465-40fd-aac2-92e5f007ca1c";"Flag football B F D3";"Collège St-Jean-Vianney";"Collège St-Jean-Vianney";"11f06eff-610a-4372-b4b7-73900256266d";"07f2e407-d6c9-4b71-a872-11e20a824ba3";"e1953a0f-d02f-47e1-bd1b-49e270431959";"07f2e407-d6c9-4b71-a872-11e20a824ba3"
"b_autre_equipe_servie";"04ae216c-f6cc-45ac-b7f3-7325cb7314fa";"visitor";"575ba48b-c465-40fd-aac2-92e5f007ca1c";"Flag football B F D3";"Collège Mont-St-Louis";"Collège Mont-St-Louis";"f31fd5dc-bfcc-41a1-a9f2-60ce3187b1dc";"decb9c40-49e9-42b0-8ca5-d97c37d96b2a";"76ba448a-6219-481b-bbb3-d9f3e233bc25";"decb9c40-49e9-42b0-8ca5-d97c37d96b2a"
"b_autre_equipe_servie";"04e3ef53-144f-4db5-b6f9-2820892982d0";"home";"ccbbaebd-7913-4db9-bc22-7c10e9f1897f";"Soccer B F D3";"Sém. St-François";"Sém. St-François";"db4f75a3-208d-489f-873e-72f539d4a33e";"186813dc-d045-4f35-842d-ac22595b1508";"6e971a78-5e2b-498c-8373-193aa66a39be";"186813dc-d045-4f35-842d-ac22595b1508"
"b_autre_equipe_servie";"0508ca0f-45da-46bb-bff0-d8ddb5effa92";"home";"84bb0971-216d-46a9-a71e-7d8cf8ac9ab4";"Volleyball C Garçons D3";"Loyola";"Loyola";"b313784c-ba77-4c54-af66-8b2cf916473c";"149a1cec-b797-4551-854a-d6fa0ab35979";"89d68e71-0f2c-4754-bf54-d5201d785aa4";"149a1cec-b797-4551-854a-d6fa0ab35979"
"b_autre_equipe_servie";"050fc8b1-0086-4678-98d7-2e455b9000d4";"home";"7c405250-1dd4-4817-ae3d-f7bc1927043f";"Flag football J F D4";"Poly La Samare";"Poly La Samare";"7f320590-4edf-4999-b3b0-1ba2d5df377c";"9dfab3f5-bbef-43e0-a48a-8a4516095e01";"99bca96f-8725-4d0a-94ac-dc97dbcf3d37";"9dfab3f5-bbef-43e0-a48a-8a4516095e01"
"b_autre_equipe_servie";"0566e56b-f364-451c-8ab8-c75b43b5b089";"visitor";"1b337151-c59d-469c-b5bf-39b61ecd918d";"Flag football C M D4";"L'Escale";"L'Escale";"01500a13-b182-4c6d-a966-ebe03ef6bc2b";"53bd5bef-8454-4a1e-8b1d-5bcdb28ce176";"c529e448-a991-4fcc-98bd-becd1a6b7316";"53bd5bef-8454-4a1e-8b1d-5bcdb28ce176"
"b_autre_equipe_servie";"056f1434-5824-46cc-9169-d838b4abb028";"home";"74f7396d-061e-4977-8625-a00071f9d439";"Soccer C Garçons D3 A";"Collège Jean-de-Brébeuf";"Collège Jean-de-Brébeuf";"de0e10c3-09de-4d06-81c5-cc2c2c6dfcbc";"0b44e927-d042-4583-b6af-55176f302738";"6a3a8e8a-5e82-4dc9-aa50-66742df41010";"0b44e927-d042-4583-b6af-55176f302738"
"b_autre_equipe_servie";"056f1434-5824-46cc-9169-d838b4abb028";"visitor";"74f7396d-061e-4977-8625-a00071f9d439";"Soccer C Garçons D3 A";"Collège St-Jean-Vianney";"Collège St-Jean-Vianney";"7b96aaab-f3b8-4a68-ad39-23b339aded0d";"d8d75aa6-31c9-46e1-8d72-2bb712f0f4e5";"c5b472ff-c9f4-43fc-baee-e70fd43bb00a";"d8d75aa6-31c9-46e1-8d72-2bb712f0f4e5"
"b_autre_equipe_servie";"060742f2-6530-4deb-b821-29e94b49f694";"home";"6a1edc0b-8a51-4bdc-8c96-7fec1fd0d30c";"Flag football J F D4 Niveau 1";"Jean-Nicolet";"Jean-Nicolet";"e920723c-ad6c-4954-80b9-6b60de1130a0";"d4bdd2c3-feca-42d3-8ad8-fbcadb22a6bc";"8b5e17a1-40e5-4581-bcd8-a8698dafcaf4";"d4bdd2c3-feca-42d3-8ad8-fbcadb22a6bc"
"b_autre_equipe_servie";"0632adf8-08d6-4e82-b5ab-ee71e1df6d0b";"home";"7b4d0cfe-4095-4a03-8754-5d1dc3968838";"Soccer B M D4 Niveau 1";"Poly. Black-Lake";"Poly. Black-Lake";"69ecbba0-33d5-4e94-a564-150a9767f528";"0b4fdb84-c1df-4c2c-8815-5fd3b3634c7f";"0dd006a2-b3aa-43b0-aef6-a9fb0d81ec02";"0b4fdb84-c1df-4c2c-8815-5fd3b3634c7f"
"b_autre_equipe_servie";"06c12886-7cd5-475b-ad19-6400a4bb53aa";"visitor";"42fc4998-feca-4840-b148-d563530e5cf3";"Flag football B F D4 Niveau 2 Printemps Bleue";"Externat Sacré-Coeur";"Externat Sacré-Coeur";"6942bcdb-ab5d-438f-86f4-3c394a88d5a2";"fdd60545-566b-4d5e-9f83-1dabc22259a7";"c7b9b36d-f86a-43f4-ac7f-4bccf5e2918c";"fdd60545-566b-4d5e-9f83-1dabc22259a7"
"b_autre_equipe_servie";"06f4bd0a-66f1-41a1-bdca-77855b59e23a";"visitor";"a5fcaf19-9884-45d1-b00a-9714b56a232f";"Flag football J F D4 Niveau 1 Printemps Noire";"Antoine-Manseau";"Antoine-Manseau";"d2451207-dc7e-4af8-b809-9f568c9c6573";"804a49cc-dae0-4194-8d2c-2397806cc168";"09b19983-8a9a-4fea-902b-2a02a3158ab1";"804a49cc-dae0-4194-8d2c-2397806cc168"
"b_autre_equipe_servie";"06ffd05e-252f-4266-8d44-f188859c1c5b";"visitor";"c8eddba8-1c7a-4976-9a7b-3e010cefdef0";"Flag football C F D3";"Letendre";"Letendre";"2ac2df35-879a-4efd-949d-93481e4959e5";"b987573f-adff-452d-8a4c-9310702efd42";"e999b557-0e17-4f14-ab75-b0173610b59c";"b987573f-adff-452d-8a4c-9310702efd42"
"b_autre_equipe_servie";"07416d97-2823-43e7-996f-da3c81b9a4b4";"home";"e9592d4a-9d9c-4a70-94a5-7ac07539f5c9";"Volleyball C Garçons D3";"Loyola";"Loyola";"b313784c-ba77-4c54-af66-8b2cf916473c";"149a1cec-b797-4551-854a-d6fa0ab35979";"89d68e71-0f2c-4754-bf54-d5201d785aa4";"149a1cec-b797-4551-854a-d6fa0ab35979"
"b_autre_equipe_servie";"074fd3c9-4117-445b-8755-0a42f59272c8";"home";"cdc13977-5242-4d65-a739-2f82a5486b7b";"Flag football C F D3";"Des Pionniers";"Des Pionniers";"ff21aa79-3ea4-454b-97bf-cb320cd125fc";"5bcd3141-ea4c-4f10-b813-cf7c90cc7283";"c443670f-5922-48e0-bacc-afb9f1fb6656";"5bcd3141-ea4c-4f10-b813-cf7c90cc7283"
"b_autre_equipe_servie";"075c7305-a964-4865-a9f4-f1c7e46700d7";"home";"08b9bc21-98d1-4aa3-8767-94585ed4ff01";"Soccer C M D3";"Aubier";"Aubier";"83ea51a5-6b47-466d-8896-3f272dbac111";"ebfb0d5c-27c5-4b69-9826-6592e4715f01";"44d3e1b8-b2f7-4484-aa2b-26d30a34cc98";"ebfb0d5c-27c5-4b69-9826-6592e4715f01"
"b_autre_equipe_servie";"075c7305-a964-4865-a9f4-f1c7e46700d7";"visitor";"08b9bc21-98d1-4aa3-8767-94585ed4ff01";"Soccer C M D3";"Acad. Saint-Louis";"Acad. Saint-Louis";"688697a0-f47a-466d-9dac-68260b0ba3bb";"d79ef77e-b1e0-4c38-9887-69033fc3dbda";"9be97f39-aba3-4ee6-bdf4-220ec07e3913";"d79ef77e-b1e0-4c38-9887-69033fc3dbda"
"b_autre_equipe_servie";"07684fd4-e341-44e6-8dd8-b8c4f5acd0fa";"home";"c276eed0-3324-44fd-b7d6-1b8e7b2b4fab";"Soccer C Garçons D3 A";"Collège Sainte-Anne";"Collège Sainte-Anne";"e2f9ab5e-3c60-45a6-a3e6-d1792ca5fc6f";"43f59393-bcd5-4281-bed7-5d3f9b460f85";"f9aa0101-4a96-4528-a1d4-7f248e9c60b4";"43f59393-bcd5-4281-bed7-5d3f9b460f85"
"b_autre_equipe_servie";"07d4701b-984e-4da8-8f26-1f9fa5bb93ab";"home";"16a79171-4f62-4e05-8a72-e302c9f6ad61";"Soccer B Garçons D3 A";"2e position Section A- Loyola ";"Loyola";"a43970ec-24bc-4c8f-a621-c9ba57bb18b6";"f7dae16e-360c-43ef-ba53-8f6b1184af96";"cbb2fe47-9daf-4242-baba-d314eab310e8";"f7dae16e-360c-43ef-ba53-8f6b1184af96"
"b_autre_equipe_servie";"0828d730-1014-42de-8dad-2a97a5faca66";"home";"93ff3b1f-67da-4f46-b9d9-08e0bc0cd15c";"Football B U D3 9 vs 9";"Collège Saint-Alexandre";"Collège Saint-Alexandre";"9377e0cb-79e4-4bc8-b6da-19d8437929db";"e02b6ece-c480-45ee-aa6d-c964c5bbea28";"33e89322-7be3-446b-aae1-1a8462e40829";"e02b6ece-c480-45ee-aa6d-c964c5bbea28"
"b_autre_equipe_servie";"0828d730-1014-42de-8dad-2a97a5faca66";"visitor";"93ff3b1f-67da-4f46-b9d9-08e0bc0cd15c";"Football B U D3 9 vs 9";"Hormisdas-Gamelin";"Hormisdas-Gamelin";"4f4e5c3e-4da0-4add-a098-7c1cc10c4122";"82674dc5-eb09-4eb0-bd7b-6af9d1823629";"dc5202f4-8d52-43c9-a661-3183075bf657";"82674dc5-eb09-4eb0-bd7b-6af9d1823629"
"b_autre_equipe_servie";"0867a2b9-88c7-4c99-8db9-58221f02c65d";"home";"b4785da0-20ac-4ec7-bb15-0529ad3d165f";"Soccer J F D3";"Sém. St-François";"Sém. St-François";"0c361f10-7462-4d3a-a945-160f4c023997";"0b03232b-1696-4760-bcb5-6762964a15a0";"b91eb083-dd03-4a92-a57d-a094ec0bd85e";"0b03232b-1696-4760-bcb5-6762964a15a0"
"b_autre_equipe_servie";"0867a2b9-88c7-4c99-8db9-58221f02c65d";"visitor";"b4785da0-20ac-4ec7-bb15-0529ad3d165f";"Soccer J F D3";"Coll. Jésus-Marie de Sillery";"Coll. Jésus-Marie de Sillery";"d26aba16-5d7f-4832-ab1d-d23fdd257737";"09f3f0f7-6e80-4d38-b029-d38c0c0014f0";"0812379c-5284-4f25-a1fe-6ab32ce37986";"09f3f0f7-6e80-4d38-b029-d38c0c0014f0"
"b_autre_equipe_servie";"089807ee-5f05-4025-98b8-82c023350a5f";"home";"a8b2b9d5-2446-4662-a824-75712a040366";"Flag football B F D4 Niveau 1 Printemps Bleue";"Cap-Jeunesse";"Cap-Jeunesse";"9b13b2cf-8f31-4c50-aac5-5db4d320a5e2";"e9534fcc-742a-46dd-9873-eabaaa614303";"f1955764-b492-4ae3-a10c-ff92d41c8c68";"e9534fcc-742a-46dd-9873-eabaaa614303"
"b_autre_equipe_servie";"08b575f7-22cd-4966-ac19-bf5c029a282f";"visitor";"8deecf31-a334-4ba2-acee-665b8b09beb8";"Flag football B M D3 AUTOMNE";"Collège Ville-Marie";"Collège Ville-Marie";"ad358ed9-50f2-4cf0-b6c0-cd9abf187e55";"f892a9e2-e19c-4620-94fc-e05e8f904330";"f958d15a-f2d3-4b21-94d5-6accf420b61a";"f892a9e2-e19c-4620-94fc-e05e8f904330"
"b_autre_equipe_servie";"08c0f4af-ee70-4a73-84b3-16ab42a11e28";"home";"29acea35-386e-4d4d-8d5e-2a8e1f566009";"Flag football C M D4";"Keranna F";"Keranna F";"7d091d97-24a2-4f1b-a8c0-46daed1e0135";"c96da4c1-d23d-487a-9091-73a9750ad66d";"036fc191-51a7-4b17-bd78-9795ad5b980d";"c96da4c1-d23d-487a-9091-73a9750ad66d"
"b_autre_equipe_servie";"08c0f4af-ee70-4a73-84b3-16ab42a11e28";"visitor";"29acea35-386e-4d4d-8d5e-2a8e1f566009";"Flag football C M D4";"Du Rocher";"Du Rocher";"843096cc-8175-4aa6-9c2c-a7b9a5fd55b2";"df47c926-4ab5-4495-bf4f-58dab581fc74";"a15da282-40e2-4c17-93f6-209ef5af4e8c";"df47c926-4ab5-4495-bf4f-58dab581fc74"
"b_autre_equipe_servie";"08ce5f2e-7919-4b8c-ab3d-94b7d556899a";"home";"8e861c3c-1256-4111-b277-f4751e5b56a9";"Flag football J F D3 AUTOMNE";"Collège St-Jean-Vianney";"Collège St-Jean-Vianney";"b20244af-f266-4072-95f0-3c38da5ff194";"41ac6d11-dfb6-48b3-a95c-44fb7210987a";"6e464732-eda7-47bc-a1bb-0ddeb63c6163";"41ac6d11-dfb6-48b3-a95c-44fb7210987a"
"b_autre_equipe_servie";"0a571579-2032-4eb5-9c17-b44a5e92cdc7";"visitor";"1b3ba254-b07e-4a59-b6fc-5fd90e920ed9";"Flag football B M D3 AUTOMNE";"ÉS Père-Marquette";"ÉS Père-Marquette";"f1bdd2d7-40a0-438a-a483-53431dad157a";"9cef1809-1ff1-4253-ac75-bb6513c614a1";"4880bc60-0cad-45e4-bca1-dab618962df8";"9cef1809-1ff1-4253-ac75-bb6513c614a1"
"b_autre_equipe_servie";"0af58800-2b5a-43c2-a095-02248f917a2e";"home";"b80953f0-506e-4bf0-9945-dc04433f0f32";"Soccer C Filles D3 A";"Position 2- St. Thomas ";"St. Thomas";"a3b937e6-6d30-43d4-be4d-efec40cae414";"a139cfa0-9d9f-4e88-80da-768f75178cae";"4f50e790-7caf-4e8f-bef3-1914790b11bc";"a139cfa0-9d9f-4e88-80da-768f75178cae"
"b_autre_equipe_servie";"0b09ae59-0c29-4d9c-a4af-cc4d99d005bd";"home";"cb7008a0-6c50-4024-abbd-5adffbfa5ddd";"Flag football J F D3";"Curé-Antoine-Labelle";"Curé-Antoine-Labelle";"76f3e1ba-694a-45d8-b73b-be5d9053754e";"5b2bccf9-96e8-41dd-b277-72ae4ede2548";"e9147c31-d7f9-4e53-a542-c12c12d7843e";"5b2bccf9-96e8-41dd-b277-72ae4ede2548"
"b_autre_equipe_servie";"0b09ae59-0c29-4d9c-a4af-cc4d99d005bd";"visitor";"cb7008a0-6c50-4024-abbd-5adffbfa5ddd";"Flag football J F D3";"Collège Laval";"Collège Laval";"5e7dee86-294e-4ef1-85b7-a5e29d997007";"c6f1ae19-b6e3-4400-b739-f1c5767d6fb6";"ba5842f5-e433-4682-96ed-4cc27746f6f2";"c6f1ae19-b6e3-4400-b739-f1c5767d6fb6"
"b_autre_equipe_servie";"0b446b15-8174-4efa-82bd-fc0f9b375d92";"visitor";"b5572017-4733-492e-84c4-c3922684e8b3";"Flag football B M D3 AUTOMNE";"Collège St-Jean-Vianney";"Collège St-Jean-Vianney";"5bb84857-fd94-4f99-adc5-91b4dda142bb";"c7a0d819-46af-453a-acb3-faeda1be571c";"b9dde348-6a7e-400d-8653-710516392237";"c7a0d819-46af-453a-acb3-faeda1be571c"
"b_autre_equipe_servie";"0b4ab6e0-74b0-4879-a9b2-f387003a69d0";"home";"fe0913c9-d2f4-4bc7-9b6b-1750c3f22f00";"Soccer J M D4 Niveau 2";"Coll. Champigny";"Coll. Champigny";"2e07e2fd-4e39-495d-ba0a-a07cb40c200d";"f85cc63b-f5f8-43b6-95a3-8eff2db0821a";"2daf695d-befa-47a3-8ca8-ffebb9823de0";"f014c7cc-1d60-4d03-9ec2-a428bec87de7"
"b_autre_equipe_servie";"0b4ab6e0-74b0-4879-a9b2-f387003a69d0";"visitor";"fe0913c9-d2f4-4bc7-9b6b-1750c3f22f00";"Soccer J M D4 Niveau 2";"Pionniers";"Pionniers";"e7196785-a1bb-4221-8df8-cefa1611142c";"f014c7cc-1d60-4d03-9ec2-a428bec87de7";"1b8a6c0a-a39d-4592-9900-a4868c66c9cf";"61a63aeb-b7c5-4e0f-8eba-79649148dfbf"
"b_autre_equipe_servie";"0b5dc31a-35ed-4190-9337-2db2242358ab";"home";"a2e2b2a2-e4da-4f64-a158-6c74cf41c239";"Volleyball J Garçons D4 B";"Vincent Massey";"Vincent Massey";"23bdc81b-896e-4d84-a507-a58d93f51cce";"6e635f0a-1702-440e-b1f9-b8d60b47c488";"a234eed2-c9be-489a-9c6b-4081adb0e1af";"6e635f0a-1702-440e-b1f9-b8d60b47c488"
"b_autre_equipe_servie";"0b8a848b-e595-42b4-bd88-2f335144f0b9";"visitor";"54362162-8576-4227-a749-9513176ab08c";"Soccer J M D3";"St-Ch.Garnier";"St-Ch.Garnier";"bcad0356-6dda-4bad-8204-7620ace98a0a";"dafb4803-9d3a-4a89-be48-f677732db26d";"fb03e430-2527-4824-bad4-ddebd803f8cf";"dafb4803-9d3a-4a89-be48-f677732db26d"
"b_autre_equipe_servie";"0b8f9827-6d28-49f8-aa44-7aabc5e28de0";"home";"a374ccc2-0a6c-4ad7-9304-74e09a9bad73";"Flag football J F D4 Niveau 2";"Keranna";"Keranna";"fe618731-fb76-403b-a160-eac9a75825f1";"3fb96c84-8649-4be4-a75b-feb9e791c399";"a2c44904-c8e2-47b6-aa8d-af1de83fddd1";"3fb96c84-8649-4be4-a75b-feb9e791c399"
"b_autre_equipe_servie";"0b8f9827-6d28-49f8-aa44-7aabc5e28de0";"visitor";"a374ccc2-0a6c-4ad7-9304-74e09a9bad73";"Flag football J F D4 Niveau 2";"Le Tremplin";"Le Tremplin";"f2d48f42-2df5-4efa-aed9-7d95cc43a6f3";"ce97c7bd-9952-42f5-bce5-c936984466a7";"2b7f3e45-53ca-4de4-8d21-9d6f8aa64ece";"ce97c7bd-9952-42f5-bce5-c936984466a7"
"b_autre_equipe_servie";"0c08f5fe-3024-4e1e-af82-2cb1202d9d7a";"home";"bf91ef9f-54d3-466a-9841-080cec0ba2e1";"Football J M D4";"Odyssée";"Odyssée";"6da9a54a-9e1b-4d2a-9a8b-f819c0f1893d";"b351d04d-11d0-4116-b152-30cc2783962f";"c4c12334-5011-4d35-ac04-d791fb6eb43a";"b351d04d-11d0-4116-b152-30cc2783962f"
"b_autre_equipe_servie";"0c08f5fe-3024-4e1e-af82-2cb1202d9d7a";"visitor";"bf91ef9f-54d3-466a-9841-080cec0ba2e1";"Football J M D4";"Porte-du-Nord";"Porte-du-Nord";"0095b948-554e-4800-80f6-7039ab27e2f7";"6cf105f1-bcfb-4172-a914-872f116a7f39";"8660d029-021c-40f5-9354-464d5d80f536";"6cf105f1-bcfb-4172-a914-872f116a7f39"
"b_autre_equipe_servie";"0c500fea-77c1-4646-85fb-44d38405ed75";"home";"e595e556-5a39-424a-acaa-e2561d04b746";"Volleyball J Filles D3 B";"Vincent Massey";"Vincent Massey";"61ae54c9-926c-4590-9b56-8f0d2624f05d";"35dd97ed-493b-4b1b-af7b-0a6be4d7b7ab";"ffae5407-e3df-4d29-bf55-f7976dd39cc7";"35dd97ed-493b-4b1b-af7b-0a6be4d7b7ab"
"b_autre_equipe_servie";"0c72a8c0-e34a-443f-b812-c8aea57f92ea";"visitor";"e1a2fa49-d18d-4d69-aefa-a0859f36bd80";"Volleyball C Filles D3 A";"John-Rennie";"John-Rennie";"ee9e77c1-58c7-4afe-a05d-029b50c9591c";"55f90e35-a7e0-4f7c-ab28-9cff54d91bd0";"40257dd1-fce5-4bac-98f7-259a15747354";"55f90e35-a7e0-4f7c-ab28-9cff54d91bd0"
"b_autre_equipe_servie";"0d21c57b-3fa7-4204-91c6-7f6baefebbe6";"home";"5e3f9733-ddc7-4705-8c11-5892705a3697";"Volleyball J Filles D3 A";"St. Thomas";"St. Thomas";"965eaded-5ed7-4569-a8e3-e7416469ce98";"faea7178-3fe6-47af-ad56-4cca73d1c736";"873e45c8-3720-4b7c-b1ab-14ddd4ecc054";"faea7178-3fe6-47af-ad56-4cca73d1c736"
"b_autre_equipe_servie";"0d2bc174-b83e-4583-b4ad-7146f6178af4";"home";"f1719fe7-8f03-403b-a1d7-924bf6e8637f";"Soccer B M D3";"Acad. Saint-Louis";"Acad. Saint-Louis";"fa3b684f-0a82-4084-a13d-9cf558127c50";"c0637643-0fe8-40d7-b8eb-deb4616705e5";"0f19d38a-b5c2-4910-9cf9-fc10499ceca4";"c0637643-0fe8-40d7-b8eb-deb4616705e5"
"b_autre_equipe_servie";"0d2bc174-b83e-4583-b4ad-7146f6178af4";"visitor";"f1719fe7-8f03-403b-a1d7-924bf6e8637f";"Soccer B M D3";"Aubier";"Aubier";"ad300fce-10db-4fa5-a2ef-d8f809168433";"5f057c5d-387f-4ba4-a213-a51bb1a14704";"1cb04277-7aad-46b1-99aa-4629297795d2";"5f057c5d-387f-4ba4-a213-a51bb1a14704"
"b_autre_equipe_servie";"0d31e7c2-f1b1-427b-9415-7f2801bcaff8";"home";"ea10222a-f35d-4efc-ba81-20af31737ae4";"Flag football J F D3";"De la Croisée";"De la Croisée";"713aba27-67a8-4250-a9ba-36d6dce2f844";"238b0163-b062-43ca-a3cd-17bf253936cc";"e777a3e8-b4c1-4531-869e-d0ddca28a64c";"238b0163-b062-43ca-a3cd-17bf253936cc"
"b_autre_equipe_servie";"0d9053c6-20c3-4665-82ad-835eceadd700";"home";"fb003959-ec14-4bf7-abf2-d90c794108a9";"Volleyball B Filles D3 B";"Vincent Massey";"Vincent Massey";"04a1a220-e9f5-4a63-b3bc-e62d22b0a912";"0cb50c40-a579-469f-abd4-ac2ce3d60d67";"2c4b35e9-c397-4764-a032-37706506c6ce";"0cb50c40-a579-469f-abd4-ac2ce3d60d67"
"b_autre_equipe_servie";"0dad82a3-db1c-4c94-b9e8-ed0f04001db4";"visitor";"5a32dc8f-88b8-4260-a471-1b5eff823cb3";"Soccer C Filles D3 A";"Collège Sainte-Anne";"Collège Sainte-Anne";"c23cf5a4-d0ab-477b-9824-9e1728497dc3";"73b827b0-a204-46e1-a745-a810cf6f2867";"27446482-ff82-4074-ab0a-02ce5149be6b";"73b827b0-a204-46e1-a745-a810cf6f2867"
"b_autre_equipe_servie";"0de434a4-b66c-4db7-b499-874142731cd6";"home";"3a00e005-2736-41f5-9016-901f5c64f4f2";"Volleyball J Garçons D4 B";"Vincent Massey";"Vincent Massey";"23bdc81b-896e-4d84-a507-a58d93f51cce";"6e635f0a-1702-440e-b1f9-b8d60b47c488";"a234eed2-c9be-489a-9c6b-4081adb0e1af";"6e635f0a-1702-440e-b1f9-b8d60b47c488"
"b_autre_equipe_servie";"0de6220b-e99a-494c-a0b5-87e76086a7d0";"home";"ba46311d-6323-4960-b7a8-d374e9776979";"Flag football C M D3";"Grande-Rivière";"Grande-Rivière";"bbf64225-2b6f-47c1-b2d7-8b1c47dfc4c6";"5f1ca83e-d5b7-4a3b-8155-01d37b858ae4";"0c41f4d6-af9b-4661-b7ef-ead05b3ea2d9";"5f1ca83e-d5b7-4a3b-8155-01d37b858ae4"
"b_autre_equipe_servie";"0e0663f8-c08e-4734-b119-61fcfcc6ce47";"home";"50e98573-bec4-4251-b9fe-6ae20d0825fd";"Flag football J F D4 Niveau 2";"Les Seigneuries";"Les Seigneuries";"3d8f3e17-67d7-4b67-90fb-4f6b303c5135";"84e9deb5-de91-40f5-b8c8-44eaf2fe6e53";"d31cbb64-fa7d-4169-a8dd-f3979dbee616";"84e9deb5-de91-40f5-b8c8-44eaf2fe6e53"
"b_autre_equipe_servie";"0e0663f8-c08e-4734-b119-61fcfcc6ce47";"visitor";"50e98573-bec4-4251-b9fe-6ae20d0825fd";"Flag football J F D4 Niveau 2";"Des Pionniers";"Des Pionniers";"06e7274f-9d23-4d48-87ea-2123b537ff6c";"eca74e7a-6b9f-4d09-b691-fdfdd973336a";"840c291e-92e1-4927-9539-a909143c2915";"eca74e7a-6b9f-4d09-b691-fdfdd973336a"
"b_autre_equipe_servie";"0eba019e-3fad-49b1-94ba-a535a196415b";"visitor";"94d9187f-9e03-4db1-90a3-33c57dbb942a";"Flag football C M D3";"Collège Mont-St-Louis";"Collège Mont-St-Louis";"016073a6-aa19-4f89-8cd8-eaa776f45147";"ada720bc-1dd4-49c8-b5cb-60715f7a5e36";"3bb264fd-cede-4eea-ab1a-97149688f61e";"ada720bc-1dd4-49c8-b5cb-60715f7a5e36"
"b_autre_equipe_servie";"0edbad79-dee1-4387-bfdf-6bb0a8f9aa2f";"home";"6e845eea-eaa4-49af-94e2-13950e0dc634";"Flag football J F D3";"Les Estacades";"Les Estacades";"82ff7714-b9e0-41f6-8bc4-afe70ff9cb02";"a9fb5ad5-e146-4af5-b7a7-5e3a05e31d97";"314fdb41-3f82-4d4f-90f6-248a584bbdbc";"a9fb5ad5-e146-4af5-b7a7-5e3a05e31d97"
"b_autre_equipe_servie";"0edbad79-dee1-4387-bfdf-6bb0a8f9aa2f";"visitor";"6e845eea-eaa4-49af-94e2-13950e0dc634";"Flag football J F D3";"Keranna";"Keranna";"0e6c2bb5-4044-4bff-a922-0fc57bcfb1c1";"c602e2a7-7bc1-42ab-b810-03046bc4fde0";"f266dcd6-fa98-44c7-a0e6-d2fd4af4c461";"c602e2a7-7bc1-42ab-b810-03046bc4fde0"
"b_autre_equipe_servie";"0f20b0dd-a95b-4d8c-a5aa-a79d00f2e59b";"visitor";"c6435c93-1c8a-45f8-921a-2a08dfdb3c92";"Flag football J F D4 Niveau 1 Printemps Noire";"Antoine-Manseau";"Antoine-Manseau";"d2451207-dc7e-4af8-b809-9f568c9c6573";"804a49cc-dae0-4194-8d2c-2397806cc168";"09b19983-8a9a-4fea-902b-2a02a3158ab1";"804a49cc-dae0-4194-8d2c-2397806cc168"
"b_autre_equipe_servie";"0fa0f358-861e-46a3-9aa0-b69ecabbb3a9";"home";"35d93269-db33-4878-a95b-2ce37c68a8f9";"Volleyball J Filles D3 A";"St. Thomas";"St. Thomas";"965eaded-5ed7-4569-a8e3-e7416469ce98";"faea7178-3fe6-47af-ad56-4cca73d1c736";"873e45c8-3720-4b7c-b1ab-14ddd4ecc054";"faea7178-3fe6-47af-ad56-4cca73d1c736"
"b_autre_equipe_servie";"0fafecd2-d364-4dda-bfc2-47b90e90248a";"home";"ed20587d-3ff4-4f45-ba71-4ad48fc7af6f";"Flag football J F D3";"Jean-Nicolet";"Jean-Nicolet";"fce377df-7ccf-48fe-95e4-8c495beb78f7";"8fb67088-d17d-49ca-b77a-0ef8b88a67ca";"a8d1a4df-bc95-4634-9558-77b153932a2f";"8fb67088-d17d-49ca-b77a-0ef8b88a67ca"
"b_autre_equipe_servie";"0fafecd2-d364-4dda-bfc2-47b90e90248a";"visitor";"ed20587d-3ff4-4f45-ba71-4ad48fc7af6f";"Flag football J F D3";"Keranna";"Keranna";"0e6c2bb5-4044-4bff-a922-0fc57bcfb1c1";"c602e2a7-7bc1-42ab-b810-03046bc4fde0";"f266dcd6-fa98-44c7-a0e6-d2fd4af4c461";"c602e2a7-7bc1-42ab-b810-03046bc4fde0"
"b_autre_equipe_servie";"0fc4166b-f320-492c-8d5d-7ea507147683";"home";"036c6fd7-9bd7-4728-a8f1-0bffe5e25509";"Soccer B Filles D3 A";"St. Thomas";"St. Thomas";"5294a97a-8468-4d4e-8b1d-dd89eec1fdf7";"bd94806d-9326-448f-988c-e8e0965c434f";"a1ce89f9-bf76-4d8e-8279-257fe96d1969";"bd94806d-9326-448f-988c-e8e0965c434f"
"b_autre_equipe_servie";"0fcb3b58-8817-420e-b737-7ee902229850";"visitor";"4ede8c62-b3b4-4ee4-9010-7eda35daadf5";"Flag football B F D4 Niveau 1 Printemps Bleue";"Maréchal";"Maréchal";"99b94fd3-173a-43a6-9c4b-a3600fbe039f";"3c38c30f-cc65-436f-a84d-65b3d648ee56";"65b57f06-2be1-45e2-8280-dccd7f807872";"3c38c30f-cc65-436f-a84d-65b3d648ee56"
"b_autre_equipe_servie";"0fd51ecd-ae77-401c-8ce4-634f9a172c2f";"home";"3e1ee69a-2184-472e-9cbb-0ac6abdbcf92";"Flag football B Garçons D3";"St. Thomas";"St. Thomas";"1275fac4-0dfa-4472-b847-16f59607814c";"85e323cf-7804-4c94-a8bc-b68b210fb6b6";"f29603cc-8dfe-48eb-ab1d-955fdb4c1c69";"85e323cf-7804-4c94-a8bc-b68b210fb6b6"
"b_autre_equipe_servie";"0fd51ecd-ae77-401c-8ce4-634f9a172c2f";"visitor";"3e1ee69a-2184-472e-9cbb-0ac6abdbcf92";"Flag football B Garçons D3";"Loyola";"Loyola";"d0eec0f1-f967-4a59-822f-68c69f286c32";"88afd489-5965-432f-98e3-694e9baaa7b8";"a46ce3cc-47a0-43d8-892f-37cf8105a310";"88afd489-5965-432f-98e3-694e9baaa7b8"
"b_autre_equipe_servie";"1053af93-2536-4799-b151-f6d8c37939c8";"home";"a7d89ec0-431e-4550-a22d-52b90c301816";"Soccer B F D4";"Benoit-Vachon";"Benoit-Vachon";"18a03a58-c486-4cf7-8113-e18caa2957c8";"679428eb-e803-4aca-b482-671d21c4820d";"e32cff2a-3e6e-4e84-b95f-266d15136adc";"679428eb-e803-4aca-b482-671d21c4820d"
"b_autre_equipe_servie";"10947a68-ba78-4222-8a43-abc1d4923349";"home";"2602d1ab-9afe-4ceb-9757-6160c7d4ee76";"Soccer C M D4";"Acad. Saint-Louis";"Acad. Saint-Louis";"a6ac4e8f-2af8-44ff-b0c5-69a2bbd611c7";"d6fbad25-27e0-4202-a99f-642f85202c6e";"ddac2475-988c-4617-b729-9f86249bff1a";"d6fbad25-27e0-4202-a99f-642f85202c6e"
"b_autre_equipe_servie";"10bb924c-2b72-4d17-aa69-23838eec44fa";"visitor";"086d2068-3ff8-4f74-8b02-7ba7e71a5538";"Soccer C M D3";"Coll. Jésus-Marie de Sillery";"Coll. Jésus-Marie de Sillery";"58ab4606-8249-4282-89bf-74f31c3f8a40";"91634316-db6d-48e4-bb46-9a57272f4c0e";"137328a2-c1aa-4f69-9952-5107c5a695d8";"91634316-db6d-48e4-bb46-9a57272f4c0e"
"b_autre_equipe_servie";"10cefe6b-fb51-4679-b0df-06d6f697b0da";"home";"ef82c4a7-5410-401a-87dd-4307588fe780";"Flag football J F D4 Niveau 1 Printemps Rouge";"Du Havre";"Du Havre";"5e91c2b2-76f4-4bf3-960d-a3550310c147";"24df857e-aba1-4284-857d-e4acca46266a";"fda820a7-d603-45c4-b953-3d26fe305940";"24df857e-aba1-4284-857d-e4acca46266a"
"b_autre_equipe_servie";"10cefe6b-fb51-4679-b0df-06d6f697b0da";"visitor";"ef82c4a7-5410-401a-87dd-4307588fe780";"Flag football J F D4 Niveau 1 Printemps Rouge";"Horizon";"Horizon";"9e24b148-2228-41dc-a140-146b9ccc45fa";"14bbaefa-164f-47dc-b8a0-4c130a5d0d15";"67fd1af7-a728-435b-a7f7-e6ffb127bdc4";"14bbaefa-164f-47dc-b8a0-4c130a5d0d15"
"b_autre_equipe_servie";"10cf75d9-97d3-4fbf-b002-662dbe28ca4f";"home";"b5df20ed-29e9-42bd-a181-c845e0c546b5";"Flag football J F D3";"Curé-Antoine-Labelle";"Curé-Antoine-Labelle";"76f3e1ba-694a-45d8-b73b-be5d9053754e";"5b2bccf9-96e8-41dd-b277-72ae4ede2548";"e9147c31-d7f9-4e53-a542-c12c12d7843e";"5b2bccf9-96e8-41dd-b277-72ae4ede2548"
"b_autre_equipe_servie";"10cf75d9-97d3-4fbf-b002-662dbe28ca4f";"visitor";"b5df20ed-29e9-42bd-a181-c845e0c546b5";"Flag football J F D3";"Georges-Vanier";"Georges-Vanier";"a83a9df4-1a0a-42f8-800f-817051bf0e88";"2216d2d5-4812-42ed-a01b-7f48ed8b4b38";"ec1c2e6e-5d63-4027-9f67-f6c62669085c";"2216d2d5-4812-42ed-a01b-7f48ed8b4b38"
"b_autre_equipe_servie";"1124021c-6425-47cf-97fd-b322a58ddb0a";"visitor";"298c8d8f-343c-4633-959a-094a1912e864";"Flag football J F D4 Niveau 1";"Champagnat";"Champagnat";"3559e2fe-abe2-42ca-851c-86a76b03a9ff";"55cb6875-9b41-446c-914c-50d3de95583c";"2d38ae3d-e2f2-4b82-977a-375b6440e906";"55cb6875-9b41-446c-914c-50d3de95583c"
"b_autre_equipe_servie";"112bd011-7c20-45e0-8da5-78bc47932144";"home";"dc68774b-4bc4-46d8-8ef2-672ebe8ced19";"Flag football B F D4 Niveau 1 Printemps Rouge";"Des Rives";"Des Rives";"c60943c4-0b26-4bec-9b21-f7e6d32c85b4";"bbec00fb-b43b-4f6d-9406-531815a606c3";"d5c85f39-972e-47d3-ac90-064dd822afbb";"bbec00fb-b43b-4f6d-9406-531815a606c3"
"b_autre_equipe_servie";"113701d6-a9b0-4807-992d-5a86c5311a78";"home";"d66d28d1-e4b9-489e-9957-1546eb544b1a";"Soccer B Filles D3 A";"Loyola";"Loyola";"ba39789e-2856-4aa8-99d5-a9fbb4f4ad81";"aa174ef3-e6a9-432c-835d-a474fa93e618";"f6386d51-c7b1-4350-a639-5146f1be1017";"aa174ef3-e6a9-432c-835d-a474fa93e618"
"b_autre_equipe_servie";"116a0e6c-94da-4261-861d-45b9617bbeb8";"home";"5c5c06f9-c4f1-4e86-977d-5f50c76f9c76";"Soccer C M D3";"Acad. Saint-Louis";"Acad. Saint-Louis";"688697a0-f47a-466d-9dac-68260b0ba3bb";"d79ef77e-b1e0-4c38-9887-69033fc3dbda";"9be97f39-aba3-4ee6-bdf4-220ec07e3913";"d79ef77e-b1e0-4c38-9887-69033fc3dbda"
"b_autre_equipe_servie";"116a0e6c-94da-4261-861d-45b9617bbeb8";"visitor";"5c5c06f9-c4f1-4e86-977d-5f50c76f9c76";"Soccer C M D3";"St-Ch.Garnier";"St-Ch.Garnier";"bdacde59-6442-498b-bd78-f3b5d9794760";"d5a5f0fa-09b0-4f8d-8407-1dc4999d90b4";"01072e59-bee3-4570-af4c-1e0409f3ce4a";"d5a5f0fa-09b0-4f8d-8407-1dc4999d90b4"
"b_autre_equipe_servie";"11803f11-45dc-493d-bd23-66920e5314d2";"home";"9291e55f-fc7e-499c-b3d0-15017ccb7e2d";"Flag football J F D4 Niveau 1 Printemps Noire";"Antoine-Manseau";"Antoine-Manseau";"d2451207-dc7e-4af8-b809-9f568c9c6573";"804a49cc-dae0-4194-8d2c-2397806cc168";"09b19983-8a9a-4fea-902b-2a02a3158ab1";"804a49cc-dae0-4194-8d2c-2397806cc168"
"b_autre_equipe_servie";"1200774f-ad78-4579-b357-95032964543b";"visitor";"bd795ffc-1405-4d7d-9b62-029aebb66b94";"Flag football B F D4 Niveau 1 Printemps Bleue";"Maréchal";"Maréchal";"99b94fd3-173a-43a6-9c4b-a3600fbe039f";"3c38c30f-cc65-436f-a84d-65b3d648ee56";"65b57f06-2be1-45e2-8280-dccd7f807872";"3c38c30f-cc65-436f-a84d-65b3d648ee56"
"b_autre_equipe_servie";"12995e0b-73d4-4dbb-b603-d181907d383b";"home";"305c9be3-6f23-442b-b7e5-3ee1ab1d93ce";"Flag football J F D3";"Jean-Nicolet";"Jean-Nicolet";"fce377df-7ccf-48fe-95e4-8c495beb78f7";"8fb67088-d17d-49ca-b77a-0ef8b88a67ca";"a8d1a4df-bc95-4634-9558-77b153932a2f";"8fb67088-d17d-49ca-b77a-0ef8b88a67ca"
"b_autre_equipe_servie";"12cc2533-bdca-4de7-ac33-9b0f58f093d8";"visitor";"b0b011c9-79c4-49a6-afcb-235821458184";"Soccer C Filles D3 A";"Position 4- John Rennie";"John-Rennie";"7169f79d-d8d0-4a0f-a69e-a464a57342d0";"9c1298bb-bde8-444c-8e02-23109bb09ca8";"f477afcc-de09-4017-bdb4-ca7f5299cc1d";"9c1298bb-bde8-444c-8e02-23109bb09ca8"
"b_autre_equipe_servie";"12e4b7fd-d5d7-41fc-8f83-0c0d3296f10a";"home";"7f09e9c2-4755-43a4-8186-77cc1a2090fe";"Flag football J F D4";"Poly La Samare";"Poly La Samare";"7f320590-4edf-4999-b3b0-1ba2d5df377c";"9dfab3f5-bbef-43e0-a48a-8a4516095e01";"99bca96f-8725-4d0a-94ac-dc97dbcf3d37";"9dfab3f5-bbef-43e0-a48a-8a4516095e01"
"b_autre_equipe_servie";"1306a4b2-4039-4f3f-a867-d1de165ab525";"visitor";"902a4553-384a-4be2-b654-1b00fd886073";"Flag football J F D4 Niveau 1 Printemps Noire";"Antoine-Manseau";"Antoine-Manseau";"d2451207-dc7e-4af8-b809-9f568c9c6573";"804a49cc-dae0-4194-8d2c-2397806cc168";"09b19983-8a9a-4fea-902b-2a02a3158ab1";"804a49cc-dae0-4194-8d2c-2397806cc168"
"b_autre_equipe_servie";"133f97e6-8b41-4369-9183-1e9428e7b4a6";"visitor";"4f074a68-9956-42e0-821e-c0c4f5e35097";"Volleyball J Filles D3 B";"Collège Notre-Dame";"Collège Notre-Dame";"340e1e9c-592a-463e-915d-fc44c2edf786";"8696dcb4-9c7d-4a8d-8c6e-b2b5fce72fd8";"aeb7b60a-ad42-4a0a-a30e-f1a297263d23";"8696dcb4-9c7d-4a8d-8c6e-b2b5fce72fd8"
"b_autre_equipe_servie";"1397e766-5097-409e-bc70-572f4d647ddb";"home";"e22eb3dd-3b84-48a9-81d3-7ce8ba685515";"Flag football J M D4 Niveau 2 SECTION 2";"ÉS Marguerite-De Lajemmerais";"ÉS Marguerite-De Lajemmerais";"89c5c17c-e806-41c9-88c6-c2568977a640";"df139f3a-4155-4480-95bc-b2880b899120";"4036c6c0-7c89-4ae3-92ca-ff09f97eecc4";"df139f3a-4155-4480-95bc-b2880b899120"
"b_autre_equipe_servie";"13b9a00a-5f7b-4dda-b5b4-85ced47a1c1c";"home";"be2496c1-60ae-4fc7-8639-f74443e76ca3";"Flag football C F D4 Niveau 2 Printemps Blanche";"Poly. Deux-Montagnes";"Poly. Deux-Montagnes";"44ffdced-16d2-49b2-884b-f2c698584a11";"7ecf3af6-2c62-48e5-a67b-a8b0aeacec21";"da3c67ea-cb62-475b-830a-c43ba2e20b9f";"7ecf3af6-2c62-48e5-a67b-a8b0aeacec21"
"b_autre_equipe_servie";"13ba8aff-aa76-4a29-8da4-43532b63c0ca";"visitor";"ea3f7105-d11b-4529-ab6b-31a35b1b7abb";"Flag football B F D3";"Collège Laval";"Collège Laval";"80538262-7b15-4ff5-9b73-a5b24ec25183";"9e17cfb8-3d75-40c0-b7eb-7c108e115244";"c83aa582-e3ad-4444-80ce-ded3386a4b47";"9e17cfb8-3d75-40c0-b7eb-7c108e115244"
"b_autre_equipe_servie";"1427e8b9-5744-4371-81c2-15fa17886250";"home";"2f38376b-cb97-4de2-ab1f-aeb668013604";"Football B U D3 9 vs 9";"Nouvelles Frontières";"Nouvelles Frontières";"288b69f9-33cc-4882-ae58-f241b2f93355";"d346d2a5-6784-48b8-acd9-e6144e693ca5";"0c2dbb00-88cb-4c3e-8f9b-98c19a79c042";"d346d2a5-6784-48b8-acd9-e6144e693ca5"
"b_autre_equipe_servie";"1427e8b9-5744-4371-81c2-15fa17886250";"visitor";"2f38376b-cb97-4de2-ab1f-aeb668013604";"Football B U D3 9 vs 9";"Collège Saint-Alexandre";"Collège Saint-Alexandre";"9377e0cb-79e4-4bc8-b6da-19d8437929db";"e02b6ece-c480-45ee-aa6d-c964c5bbea28";"33e89322-7be3-446b-aae1-1a8462e40829";"e02b6ece-c480-45ee-aa6d-c964c5bbea28"
"b_autre_equipe_servie";"147634c9-18ac-475b-809e-a9c7d3e6b3e3";"home";"1a0c81a2-9b63-4064-871b-12bc4214b158";"Flag football J F D4 Niveau 2 Printemps";"Henri-Dunant";"Henri-Dunant";"560c3cd7-ae6a-4bde-a20b-8ed73262097f";"5514e385-5703-41b9-b568-4e2c49051a34";"599f73f5-c6c1-412f-9d6a-3770b5502b06";"5514e385-5703-41b9-b568-4e2c49051a34"
"b_autre_equipe_servie";"14b10bf6-f4dc-4d91-9bc7-c69f612a7342";"home";"7e262669-f794-4935-83c1-9dd720eaac77";"Volleyball B Filles D3 A";"St. Thomas";"St. Thomas";"841c6565-ea95-45aa-a0b0-e7465a916640";"d6b599af-b8c0-4d9d-9dc9-d1287b6cf144";"5c8070d8-51f0-450a-a39f-d438ff2e64e6";"d6b599af-b8c0-4d9d-9dc9-d1287b6cf144"
"b_autre_equipe_servie";"14c6c290-ca7e-4de8-a397-92d61ca050e8";"visitor";"39d2f708-e134-4a11-b8bc-c089536d42bc";"Flag football C F D3";"Keranna";"Keranna";"64ee8121-29e1-4b74-80b6-28eb7e980dd5";"f9d1057a-08b8-4c87-b074-9379a8de248a";"51825efe-6158-463f-910a-733c1b16cbe7";"f9d1057a-08b8-4c87-b074-9379a8de248a"
"b_autre_equipe_servie";"14eb3f88-06d8-4640-9b9c-7a200b17a04c";"visitor";"b829865e-dd54-4206-b24e-f04bff97de26";"Flag football B F D4 Niveau 1 Printemps Noire";"Antoine-Manseau";"Antoine-Manseau";"7f0c4641-4321-46b3-bbca-e43b805f114c";"a64e3a00-a713-4609-85c8-232792f8cc9d";"80f1044a-86a7-4aa6-b49d-e953dba27525";"a64e3a00-a713-4609-85c8-232792f8cc9d"
"b_autre_equipe_servie";"15062f0f-c403-4b15-8d01-43b969e57da0";"visitor";"9a6e5e19-d1ec-4283-9eda-b86d6ee0c377";"Flag football C F D3";"Letendre";"Letendre";"2ac2df35-879a-4efd-949d-93481e4959e5";"b987573f-adff-452d-8a4c-9310702efd42";"e999b557-0e17-4f14-ab75-b0173610b59c";"b987573f-adff-452d-8a4c-9310702efd42"
"b_autre_equipe_servie";"15307cc4-7c5b-422d-a366-7645fd9be02c";"visitor";"c5aab8a7-704c-41c7-bb0a-eb64efb82db4";"Volleyball J Filles D3 B";"Collège Notre-Dame";"Collège Notre-Dame";"340e1e9c-592a-463e-915d-fc44c2edf786";"8696dcb4-9c7d-4a8d-8c6e-b2b5fce72fd8";"aeb7b60a-ad42-4a0a-a30e-f1a297263d23";"8696dcb4-9c7d-4a8d-8c6e-b2b5fce72fd8"
"b_autre_equipe_servie";"1536fadd-d218-48a7-9a36-3fb90a3bac40";"visitor";"b9043038-6afd-47c7-a865-087cfd0d7b68";"Soccer B Filles D3 A";"Collège Sainte-Anne";"Collège Sainte-Anne";"73e3e5d3-6ccc-48c9-a3bc-1f524556e51e";"687d9f70-e233-4f30-bab4-6fde3ea78d85";"8ed287bc-e79f-4fd8-9160-06ae00ab63c1";"687d9f70-e233-4f30-bab4-6fde3ea78d85"
"b_autre_equipe_servie";"15550c42-9368-4b04-ac64-9e3d5ea8f47b";"visitor";"6487316d-e9e6-43d2-9ce8-86bcef95b3c2";"Flag football B F D4 Niveau 1 Automne Noire";"Barthélemy-Joliette";"Barthélemy-Joliette";"9f493149-6512-47a3-9ae7-01a86e67b90c";"64dc66d7-f8d6-48c0-8c58-47a2b16be284";"27b30554-3ba1-4925-bfb4-58b4d4130832";"64dc66d7-f8d6-48c0-8c58-47a2b16be284"
"b_autre_equipe_servie";"158a37fb-b8b2-4157-8a0d-260b729811ef";"home";"a393c554-2a14-43f8-aede-106a3cedcbb3";"Soccer C Filles D3 A";"John-Rennie";"John-Rennie";"7169f79d-d8d0-4a0f-a69e-a464a57342d0";"9c1298bb-bde8-444c-8e02-23109bb09ca8";"f477afcc-de09-4017-bdb4-ca7f5299cc1d";"9c1298bb-bde8-444c-8e02-23109bb09ca8"
"b_autre_equipe_servie";"158a37fb-b8b2-4157-8a0d-260b729811ef";"visitor";"a393c554-2a14-43f8-aede-106a3cedcbb3";"Soccer C Filles D3 A";"St. Thomas";"St. Thomas";"a3b937e6-6d30-43d4-be4d-efec40cae414";"a139cfa0-9d9f-4e88-80da-768f75178cae";"4f50e790-7caf-4e8f-bef3-1914790b11bc";"a139cfa0-9d9f-4e88-80da-768f75178cae"
"b_autre_equipe_servie";"15cde79b-18b1-49ce-aca1-afd6f800f646";"home";"ca5b4d76-573e-4672-ae2b-58ced95bb925";"Flag football B F D3";"Collège Notre-Dame";"Collège Notre-Dame";"5a3db3ba-d32d-47fb-928a-de1f6910f51d";"2fb0c17b-9a09-4294-8511-1de6b8a82163";"d91cc894-9c54-443f-baf4-491cee77e80f";"2fb0c17b-9a09-4294-8511-1de6b8a82163"
"b_autre_equipe_servie";"1627cff1-1b6b-429a-b5ad-7c1e38f76cc9";"home";"7ad3a70c-885e-477a-8f61-f44cc04298ef";"Flag football J F D4 Niveau 1";"La Découverte";"La Découverte";"2d36d17e-d5f7-47fd-b995-345e8b32a12b";"0fde9abe-8079-4938-96b4-6b414dcf06db";"7d0f9003-dcb6-414c-9506-a48de6c4a937";"0fde9abe-8079-4938-96b4-6b414dcf06db"
"b_autre_equipe_servie";"1670a37d-156d-4dab-9d12-c3b4757edb14";"visitor";"352c70a6-4c51-4fa6-9b2b-5f3f1aa1a889";"Football J M D4";"Quatre-Vents";"Quatre-Vents";"536932f9-df83-4033-91de-350ad3d77998";"1a7549f9-bd1e-4849-8d11-1589f1eff42e";"30a99e79-3d60-4edc-bbfd-09b3436b9f7c";"1a7549f9-bd1e-4849-8d11-1589f1eff42e"
"b_autre_equipe_servie";"16eae0b4-f740-4ece-960a-fcd9a61b33d7";"home";"2a2fce53-b16d-4f3c-94cc-041d40091350";"Flag football J F D3";"Georges-Vanier";"Georges-Vanier";"a83a9df4-1a0a-42f8-800f-817051bf0e88";"2216d2d5-4812-42ed-a01b-7f48ed8b4b38";"ec1c2e6e-5d63-4027-9f67-f6c62669085c";"2216d2d5-4812-42ed-a01b-7f48ed8b4b38"
"b_autre_equipe_servie";"16eae0b4-f740-4ece-960a-fcd9a61b33d7";"visitor";"2a2fce53-b16d-4f3c-94cc-041d40091350";"Flag football J F D3";"De la Croisée";"De la Croisée";"713aba27-67a8-4250-a9ba-36d6dce2f844";"238b0163-b062-43ca-a3cd-17bf253936cc";"e777a3e8-b4c1-4531-869e-d0ddca28a64c";"238b0163-b062-43ca-a3cd-17bf253936cc"
"b_autre_equipe_servie";"16f64ea2-5f7d-4374-a38c-596b569f9980";"visitor";"9c4c7974-112c-47e5-98ee-a50e2c504391";"Soccer C M D4";"Benoit-Vachon";"Benoit-Vachon";"d7fd05f7-4b8c-4d81-813b-77667864fbe8";"7e533e00-edac-43a8-8f23-fb6cf384475e";"e99b72f4-2492-4dfc-88c6-4dffa743b176";"7e533e00-edac-43a8-8f23-fb6cf384475e"
"b_autre_equipe_servie";"170141fe-d25f-42d0-a902-7ac7522ad986";"home";"85c5bcaa-1748-4285-a5ec-fefd141f6b2a";"Flag football C M D4";"L'Escale";"L'Escale";"01500a13-b182-4c6d-a966-ebe03ef6bc2b";"53bd5bef-8454-4a1e-8b1d-5bcdb28ce176";"c529e448-a991-4fcc-98bd-becd1a6b7316";"53bd5bef-8454-4a1e-8b1d-5bcdb28ce176"
"b_autre_equipe_servie";"170141fe-d25f-42d0-a902-7ac7522ad986";"visitor";"85c5bcaa-1748-4285-a5ec-fefd141f6b2a";"Flag football C M D4";"Du Rocher";"Du Rocher";"843096cc-8175-4aa6-9c2c-a7b9a5fd55b2";"df47c926-4ab5-4495-bf4f-58dab581fc74";"a15da282-40e2-4c17-93f6-209ef5af4e8c";"df47c926-4ab5-4495-bf4f-58dab581fc74"
"b_autre_equipe_servie";"1737e3af-d422-4536-a78c-0d94081d165e";"home";"dc298af8-77fe-44e1-9a4e-ddeeca170702";"Soccer B M D4 Niveau 3";"Coll. Champigny";"Coll. Champigny";"8c0c206a-64b1-4979-9ddc-603c0fba8701";"91cecef8-5eb9-4953-b0a7-e66e85a75b73";"ae941847-6edf-408e-b088-89002766c39b";"91cecef8-5eb9-4953-b0a7-e66e85a75b73"
"b_autre_equipe_servie";"17a3c77c-d681-442e-b0c7-d85db6301f34";"visitor";"ad80df11-afa0-4f75-926f-82ea720817a6";"Flag football J F D4 Niveau 1 Printemps Rouge";"Du Havre";"Du Havre";"5e91c2b2-76f4-4bf3-960d-a3550310c147";"24df857e-aba1-4284-857d-e4acca46266a";"fda820a7-d603-45c4-b953-3d26fe305940";"24df857e-aba1-4284-857d-e4acca46266a"
"b_autre_equipe_servie";"17bab8fb-8507-4ac4-966f-7309fc3e34db";"visitor";"104b44f6-4aa9-4c78-b07b-8d86421b0e7b";"Soccer B Filles D3 A";"Collège Sainte-Anne";"Collège Sainte-Anne";"73e3e5d3-6ccc-48c9-a3bc-1f524556e51e";"687d9f70-e233-4f30-bab4-6fde3ea78d85";"8ed287bc-e79f-4fd8-9160-06ae00ab63c1";"687d9f70-e233-4f30-bab4-6fde3ea78d85"
"b_autre_equipe_servie";"18087eb7-bc7a-4a6c-86e0-ef5555b0374f";"visitor";"cdc00973-7fcf-4b23-909e-de538c74f97c";"Volleyball B Filles D3 A";"Loyola";"Loyola";"7038b42c-8d94-4174-a20e-6ffee617c1e9";"c1bdd457-9b1a-4832-91f7-9c6aea3ff4b4";"6880efdb-b62d-4261-9b65-3792d035ad34";"c1bdd457-9b1a-4832-91f7-9c6aea3ff4b4"
"b_autre_equipe_servie";"1811f0a2-25c8-4b59-adda-4cf6fb00a835";"home";"478b56c7-9d05-48bb-a475-3418eb223903";"Soccer C F D3";"St-Ch.Garnier";"St-Ch.Garnier";"f65c9dbf-101a-45cd-8048-927badcc9781";"deda4093-014d-4928-9902-d72301a80ad3";"5503e4e9-66f8-4c1e-b84a-7cd3b9ae93be";"deda4093-014d-4928-9902-d72301a80ad3"
"b_autre_equipe_servie";"18214520-ab45-4063-8d9f-4a7ee43b397c";"home";"b8522b9b-0efc-47d7-955e-51e54c26f104";"Volleyball J Filles D3 B";"Vincent Massey";"Vincent Massey";"61ae54c9-926c-4590-9b56-8f0d2624f05d";"35dd97ed-493b-4b1b-af7b-0a6be4d7b7ab";"ffae5407-e3df-4d29-bf55-f7976dd39cc7";"35dd97ed-493b-4b1b-af7b-0a6be4d7b7ab"
"b_autre_equipe_servie";"1869370c-6d15-4a09-b9c8-1d251eb35663";"home";"05768753-9ca3-4213-9ea0-505ef7675c9b";"Flag football B Garçons D3";"Loyola";"Loyola";"d0eec0f1-f967-4a59-822f-68c69f286c32";"88afd489-5965-432f-98e3-694e9baaa7b8";"a46ce3cc-47a0-43d8-892f-37cf8105a310";"88afd489-5965-432f-98e3-694e9baaa7b8"
"b_autre_equipe_servie";"18dd4025-f66d-4bcc-b2dc-3a534e9e0a30";"home";"ca7508f8-9ba8-42a2-bb97-1b8590d93f95";"Flag football B F D3";"Collège Mont-St-Louis";"Collège Mont-St-Louis";"f31fd5dc-bfcc-41a1-a9f2-60ce3187b1dc";"decb9c40-49e9-42b0-8ca5-d97c37d96b2a";"76ba448a-6219-481b-bbb3-d9f3e233bc25";"decb9c40-49e9-42b0-8ca5-d97c37d96b2a"
"b_autre_equipe_servie";"18dd4025-f66d-4bcc-b2dc-3a534e9e0a30";"visitor";"ca7508f8-9ba8-42a2-bb97-1b8590d93f95";"Flag football B F D3";"Collège St-Jean-Vianney";"Collège St-Jean-Vianney";"11f06eff-610a-4372-b4b7-73900256266d";"07f2e407-d6c9-4b71-a872-11e20a824ba3";"e1953a0f-d02f-47e1-bd1b-49e270431959";"07f2e407-d6c9-4b71-a872-11e20a824ba3"
"b_autre_equipe_servie";"192a47d8-c194-4557-bd54-961639199d6c";"home";"34f2421c-7c62-41d5-8904-5b21491548f5";"Soccer C Garçons D3 A";"Loyola";"Loyola";"3a2c0cec-ba6e-4068-975d-59895d2798a4";"1945d4bf-bd04-46cb-8b28-ecc70b29e924";"4b25f1ee-34f7-4cd5-896f-055a2f426a97";"1945d4bf-bd04-46cb-8b28-ecc70b29e924"
"b_autre_equipe_servie";"193caba2-f6f2-4921-b709-f7677bf9313c";"home";"6fb64fd3-1775-4d74-ab0a-eacb9584dc76";"Flag football C M D4";"Le Tremplin";"Le Tremplin";"1a351f3e-a171-4200-8d6b-7f78d860189d";"b4806885-e39f-43c3-b441-b2755d7544fd";"eb067125-a9a7-4a65-a802-0ebf186b7ac6";"b4806885-e39f-43c3-b441-b2755d7544fd"
"b_autre_equipe_servie";"19ee9f20-b78d-4dc3-8c70-bda02506afc2";"home";"f65b8b18-be37-4fad-86a9-9cb4d645df18";"Flag football J F D4 Niveau 1";"Du Rocher";"Du Rocher";"e0bb38a1-e65f-4561-985d-9a26a313d562";"a936ba2c-57fb-4e40-bfc0-3311506e89ae";"bcacb355-5dc5-4c15-93e7-614db59a38fa";"a936ba2c-57fb-4e40-bfc0-3311506e89ae"
"b_autre_equipe_servie";"19ee9f20-b78d-4dc3-8c70-bda02506afc2";"visitor";"f65b8b18-be37-4fad-86a9-9cb4d645df18";"Flag football J F D4 Niveau 1";"Paul-Le Jeune";"Paul-Le Jeune";"f5cf64b7-310a-4c07-a18d-e346c4f1717a";"8167fe7b-01fc-47d9-b77f-97c5d58d0705";"2ad4a7aa-ca9c-4490-934b-03c21b0cac95";"8167fe7b-01fc-47d9-b77f-97c5d58d0705"
"b_autre_equipe_servie";"1a00a1da-3a6e-4274-8bb3-f00faaf120e7";"visitor";"636713c9-aede-4944-95e7-7d12699a6c0b";"Flag football J M D4 Niveau 3";"Collège d'Anjou";"Collège d'Anjou";"d50baa17-df67-47a4-ae5d-f87ef68850ac";"1c2ded8a-c1c2-465a-9442-2398c8d96f0e";"0ef55900-0c81-495b-a9f5-47d53d820962";"1c2ded8a-c1c2-465a-9442-2398c8d96f0e"
"b_autre_equipe_servie";"1a2b1af5-c7c6-4af6-aa2e-266fe91f8e43";"visitor";"d902814f-31c0-4d9c-9325-aed740a6c71c";"Soccer B M D3";"Aubier";"Aubier";"ad300fce-10db-4fa5-a2ef-d8f809168433";"5f057c5d-387f-4ba4-a213-a51bb1a14704";"1cb04277-7aad-46b1-99aa-4629297795d2";"5f057c5d-387f-4ba4-a213-a51bb1a14704"
"b_autre_equipe_servie";"1a532383-7407-402a-ad9a-c19edc6cc633";"home";"0842824c-5ebf-4397-9d3e-d1178d64088e";"Soccer B M D3";"Sém. St-François";"Sém. St-François";"4884b9d8-271b-4c8c-bbfa-f1d001503e3a";"807ae59e-77aa-4b6b-bec8-6bfcb9a9f345";"18fda611-73ef-4c03-a090-92ece48c69c0";"807ae59e-77aa-4b6b-bec8-6bfcb9a9f345"
"b_autre_equipe_servie";"1a532383-7407-402a-ad9a-c19edc6cc633";"visitor";"0842824c-5ebf-4397-9d3e-d1178d64088e";"Soccer B M D3";"Aubier";"Aubier";"ad300fce-10db-4fa5-a2ef-d8f809168433";"5f057c5d-387f-4ba4-a213-a51bb1a14704";"1cb04277-7aad-46b1-99aa-4629297795d2";"5f057c5d-387f-4ba4-a213-a51bb1a14704"
"b_autre_equipe_servie";"1ad38a2b-e3b4-4713-aa6c-a2d749b33f69";"home";"60b80518-c385-48ba-a886-6ff558679b21";"Flag football J F D3 AUTOMNE";"Collège St-Jean-Vianney";"Collège St-Jean-Vianney";"b20244af-f266-4072-95f0-3c38da5ff194";"41ac6d11-dfb6-48b3-a95c-44fb7210987a";"6e464732-eda7-47bc-a1bb-0ddeb63c6163";"41ac6d11-dfb6-48b3-a95c-44fb7210987a"
"b_autre_equipe_servie";"1ad38a2b-e3b4-4713-aa6c-a2d749b33f69";"visitor";"60b80518-c385-48ba-a886-6ff558679b21";"Flag football J F D3 AUTOMNE";"Collège Notre-Dame";"Collège Notre-Dame";"099c0446-4eb6-42c4-b9d3-5e2a8d97db9b";"51304192-0336-4a08-bd8b-f767da22a202";"dab3d5b4-94ee-4ee6-9727-b69ff813dc03";"51304192-0336-4a08-bd8b-f767da22a202"
"b_autre_equipe_servie";"1bfc0e90-0006-4491-85c8-5d6cafc813ee";"visitor";"bcc8dc58-98ca-4464-b25b-5a84d49608aa";"Flag football C F D3";"Keranna";"Keranna";"64ee8121-29e1-4b74-80b6-28eb7e980dd5";"f9d1057a-08b8-4c87-b074-9379a8de248a";"51825efe-6158-463f-910a-733c1b16cbe7";"f9d1057a-08b8-4c87-b074-9379a8de248a"
"b_autre_equipe_servie";"1c15d0d2-974f-4f8f-8c49-615f3ce9b0c6";"home";"505d3347-8fa2-4a50-b945-48878296a5a6";"Flag football J F D4 Niveau 1";"Champagnat";"Champagnat";"3559e2fe-abe2-42ca-851c-86a76b03a9ff";"55cb6875-9b41-446c-914c-50d3de95583c";"2d38ae3d-e2f2-4b82-977a-375b6440e906";"55cb6875-9b41-446c-914c-50d3de95583c"
"b_autre_equipe_servie";"1c9820c8-bd1e-445f-bc46-5fb679f334d7";"home";"11829140-797e-4310-a6d0-5b7c6899fdde";"Flag football B M D3";"Collège Reine-Marie";"Collège Reine-Marie";"20eadcaf-4913-441a-bda8-fb62ada925c6";"1d0c69c4-bfb1-45ac-90ae-ae0fcc4818c4";"36af98ef-b4b5-4453-bcad-4fae819c37f4";"1d0c69c4-bfb1-45ac-90ae-ae0fcc4818c4"
"b_autre_equipe_servie";"1c9c9e73-c1e1-4ab8-93d1-ad7069fc1fa1";"home";"f79f3bb5-2ca2-4552-b2ee-02f9bdf113ff";"Flag football B F D4 Niveau 1 Automne Bleue";"Félix-Leclerc";"Félix-Leclerc";"d03ed9de-a04a-418a-80a4-7602ba961d89";"92cc4b9c-0030-455b-ac3f-d9bfd037341d";"1ee1ceca-caa4-401d-be46-afbf207d6577";"92cc4b9c-0030-455b-ac3f-d9bfd037341d"
"b_autre_equipe_servie";"1ce81870-516a-4c34-8d16-778c7a41cbf3";"home";"39ccbe12-7456-4b25-9d1c-33b6f25335f7";"Flag football C M D4";"Keranna F";"Keranna F";"7d091d97-24a2-4f1b-a8c0-46daed1e0135";"c96da4c1-d23d-487a-9091-73a9750ad66d";"036fc191-51a7-4b17-bd78-9795ad5b980d";"c96da4c1-d23d-487a-9091-73a9750ad66d"
"b_autre_equipe_servie";"1ce81870-516a-4c34-8d16-778c7a41cbf3";"visitor";"39ccbe12-7456-4b25-9d1c-33b6f25335f7";"Flag football C M D4";"La Découverte";"La Découverte";"03447e48-a804-49e0-b2b9-d82e928ab996";"6befc759-5ec1-4b59-a105-3e8d706ddc34";"5bfaa963-9f5b-4869-b85c-24d4e65de989";"6befc759-5ec1-4b59-a105-3e8d706ddc34"
"b_autre_equipe_servie";"1d2fc6b3-c046-4644-8c6f-ecbdfe82b295";"visitor";"e1be5210-6b61-44c2-8a51-a239c2013342";"Flag football B F D3";"Collège Notre-Dame";"Collège Notre-Dame";"5a3db3ba-d32d-47fb-928a-de1f6910f51d";"2fb0c17b-9a09-4294-8511-1de6b8a82163";"d91cc894-9c54-443f-baf4-491cee77e80f";"2fb0c17b-9a09-4294-8511-1de6b8a82163"
"b_autre_equipe_servie";"1d9378df-6796-4ad1-9b47-08dec5bb9fb5";"home";"6646613e-5745-4bf9-8913-5cf2a53e0822";"Flag football J F D3";"Jean-Nicolet";"Jean-Nicolet";"fce377df-7ccf-48fe-95e4-8c495beb78f7";"8fb67088-d17d-49ca-b77a-0ef8b88a67ca";"a8d1a4df-bc95-4634-9558-77b153932a2f";"8fb67088-d17d-49ca-b77a-0ef8b88a67ca"
"b_autre_equipe_servie";"1d9378df-6796-4ad1-9b47-08dec5bb9fb5";"visitor";"6646613e-5745-4bf9-8913-5cf2a53e0822";"Flag football J F D3";"Les Estacades";"Les Estacades";"82ff7714-b9e0-41f6-8bc4-afe70ff9cb02";"a9fb5ad5-e146-4af5-b7a7-5e3a05e31d97";"314fdb41-3f82-4d4f-90f6-248a584bbdbc";"a9fb5ad5-e146-4af5-b7a7-5e3a05e31d97"
"b_autre_equipe_servie";"1d98b9c5-8ad5-4e40-a022-aab4ec123738";"home";"670c3d06-7853-4bf3-9d75-0bb135851ac9";"Flag football C M D4";"Jean-Nicolet";"Jean-Nicolet";"0c55e091-7a8a-4279-aeed-7fef1fe3d3a4";"f0bd5efa-3fa1-4ebf-9e59-94b35bf60b39";"da1d244d-8f96-4854-9f29-1fd38c534858";"f0bd5efa-3fa1-4ebf-9e59-94b35bf60b39"
"b_autre_equipe_servie";"1dbefb8c-1210-4cd4-a2ab-87bde080455e";"home";"dc0ec62e-e617-467f-b304-768ed38471cc";"Volleyball C Filles D4 Niveau 1 A";"St. Thomas";"St. Thomas";"b35f766c-78ab-482a-9aee-e0a62235e41c";"edceb2bd-43e5-4ab6-8582-61cd932c6df0";"71d19fd0-8d99-4efe-907b-ea1e9f749b62";"edceb2bd-43e5-4ab6-8582-61cd932c6df0"
"b_autre_equipe_servie";"1df3f0f5-a0c0-44e3-83d0-585d719829a7";"home";"d3c130e2-c062-472c-a72c-d7add33302ea";"Volleyball C Garçons D3";"Loyola";"Loyola";"b313784c-ba77-4c54-af66-8b2cf916473c";"149a1cec-b797-4551-854a-d6fa0ab35979";"89d68e71-0f2c-4754-bf54-d5201d785aa4";"149a1cec-b797-4551-854a-d6fa0ab35979"
"b_autre_equipe_servie";"1e3534e9-9a0c-4237-8a44-8fbacb6202bb";"visitor";"381533b3-3035-4688-9133-1e4ea6073e10";"Flag football J F D4";"Poly La Samare";"Poly La Samare";"7f320590-4edf-4999-b3b0-1ba2d5df377c";"9dfab3f5-bbef-43e0-a48a-8a4516095e01";"99bca96f-8725-4d0a-94ac-dc97dbcf3d37";"9dfab3f5-bbef-43e0-a48a-8a4516095e01"
"b_autre_equipe_servie";"1e4762c5-033d-49c4-9777-a1cbce86d353";"visitor";"69e0ec82-2da6-42a9-885a-985e11454294";"Soccer C Garçons D3 A";"Collège St-Jean-Vianney";"Collège St-Jean-Vianney";"7b96aaab-f3b8-4a68-ad39-23b339aded0d";"d8d75aa6-31c9-46e1-8d72-2bb712f0f4e5";"c5b472ff-c9f4-43fc-baee-e70fd43bb00a";"d8d75aa6-31c9-46e1-8d72-2bb712f0f4e5"
"b_autre_equipe_servie";"1e635a58-0327-4030-8794-90f7475dc75b";"home";"f3c8ef99-deef-4d5c-b55f-801964a5998d";"Flag football C F D4 Niveau 2 Printemps Blanche";"Poly. Deux-Montagnes";"Poly. Deux-Montagnes";"44ffdced-16d2-49b2-884b-f2c698584a11";"7ecf3af6-2c62-48e5-a67b-a8b0aeacec21";"da3c67ea-cb62-475b-830a-c43ba2e20b9f";"7ecf3af6-2c62-48e5-a67b-a8b0aeacec21"
"b_autre_equipe_servie";"1e953118-78a3-411f-859c-ef4eb404b857";"visitor";"1bb58a95-a656-49cd-8d0a-c47d25e34ccb";"Soccer J M D4 Niveau 2";"Coll. Champigny";"Coll. Champigny";"2e07e2fd-4e39-495d-ba0a-a07cb40c200d";"f85cc63b-f5f8-43b6-95a3-8eff2db0821a";"2daf695d-befa-47a3-8ca8-ffebb9823de0";"f85cc63b-f5f8-43b6-95a3-8eff2db0821a"
"b_autre_equipe_servie";"1e9eefa5-5f18-4e21-89f6-18d00c903bd6";"home";"29fdd60d-a466-4a7e-9d5a-9a2af6d0dc09";"Flag football J F D4 Niveau 2";"Des Pionniers";"Des Pionniers";"06e7274f-9d23-4d48-87ea-2123b537ff6c";"eca74e7a-6b9f-4d09-b691-fdfdd973336a";"840c291e-92e1-4927-9539-a909143c2915";"eca74e7a-6b9f-4d09-b691-fdfdd973336a"
"b_autre_equipe_servie";"1ec29828-ed1b-462d-a282-c24feac1ca2a";"visitor";"cc7fa3bc-6355-4b99-80c9-74641b087c4c";"Soccer B Filles D3 A";"St. Thomas";"St. Thomas";"5294a97a-8468-4d4e-8b1d-dd89eec1fdf7";"bd94806d-9326-448f-988c-e8e0965c434f";"a1ce89f9-bf76-4d8e-8279-257fe96d1969";"bd94806d-9326-448f-988c-e8e0965c434f"
"b_autre_equipe_servie";"1f022ad6-a860-4baa-a34c-edf8a93860aa";"visitor";"45765cb1-f0d3-4644-9a8d-89aeaa39b507";"Flag football C M D3";"Collège St-Jean-Vianney";"Collège St-Jean-Vianney";"30f7d148-24d6-4d48-920d-da55128051bf";"6806bef5-c01c-4b16-992f-cc0bf74bb04b";"cba3c9b3-4223-4e38-aa19-92e9942e2268";"6806bef5-c01c-4b16-992f-cc0bf74bb04b"
"b_autre_equipe_servie";"1f607bd1-28c7-429b-b097-f0d0ddade997";"visitor";"14bc18f7-5e96-4b1e-8e03-263e22a8deae";"Flag football B F D4 Niveau 1 Printemps Rouge";"Horizon";"Horizon";"e4f77e52-dcc3-4b6f-a4f7-b83790f89147";"ef86f420-9c85-4459-85a9-ce2854c6d139";"8e54ae62-5b1f-4fb1-bd97-69416ba9c57f";"ef86f420-9c85-4459-85a9-ce2854c6d139"
"b_autre_equipe_servie";"1fc08e39-d9b7-4510-b40f-184794fcf7ca";"visitor";"3dbe04a7-48ca-4b10-b479-5c91d15166af";"Volleyball C Filles D3 B";"Loyola";"Loyola";"e725e9c1-f50c-4c16-8c9f-6d2da76f22fe";"2e1510cb-e48c-46b3-8d98-e007aa3fc848";"eda3b035-b965-4606-a704-f36f2afb1b35";"2e1510cb-e48c-46b3-8d98-e007aa3fc848"
"b_autre_equipe_servie";"203a0127-a22e-4eba-b953-dea6b65e4be2";"home";"7b91e2bb-b5d7-4ff0-a238-ecb248f56e2f";"Soccer C Garçons D3 A";"Vincent Massey";"Vincent Massey";"72bf5301-b901-4f17-bac9-8da2c7eba2ae";"7c166bde-ea46-4afa-8dd3-992793757254";"552eb8e1-8996-4d2e-8385-398e84773a39";"7c166bde-ea46-4afa-8dd3-992793757254"
"b_autre_equipe_servie";"203a0127-a22e-4eba-b953-dea6b65e4be2";"visitor";"7b91e2bb-b5d7-4ff0-a238-ecb248f56e2f";"Soccer C Garçons D3 A";"Loyola";"Loyola";"3a2c0cec-ba6e-4068-975d-59895d2798a4";"1945d4bf-bd04-46cb-8b28-ecc70b29e924";"4b25f1ee-34f7-4cd5-896f-055a2f426a97";"1945d4bf-bd04-46cb-8b28-ecc70b29e924"
"b_autre_equipe_servie";"205d272b-1045-4db9-baad-bf8f7ca371db";"home";"a3604346-ee4b-43dc-94a0-8f9a7ad5bc5c";"Flag football C F D4 Niveau 2 Printemps Blanche";"Poly. Deux-Montagnes";"Poly. Deux-Montagnes";"44ffdced-16d2-49b2-884b-f2c698584a11";"7ecf3af6-2c62-48e5-a67b-a8b0aeacec21";"da3c67ea-cb62-475b-830a-c43ba2e20b9f";"7ecf3af6-2c62-48e5-a67b-a8b0aeacec21"
"b_autre_equipe_servie";"20a267f1-ce30-4c73-ac92-3c048e6d169b";"home";"04101737-8063-4ec0-bc6d-0be06de2b2b4";"Flag football B F D4 Niveau 1 Printemps Noire";"Antoine-Manseau";"Antoine-Manseau";"7f0c4641-4321-46b3-bbca-e43b805f114c";"a64e3a00-a713-4609-85c8-232792f8cc9d";"80f1044a-86a7-4aa6-b49d-e953dba27525";"a64e3a00-a713-4609-85c8-232792f8cc9d"
"b_autre_equipe_servie";"20c5f730-2857-4082-bea7-84e6dbff5b28";"home";"f0aab3fc-9ec8-4168-9f32-169e7787a96e";"Volleyball B Filles D3 B";"Vincent Massey";"Vincent Massey";"04a1a220-e9f5-4a63-b3bc-e62d22b0a912";"0cb50c40-a579-469f-abd4-ac2ce3d60d67";"2c4b35e9-c397-4764-a032-37706506c6ce";"0cb50c40-a579-469f-abd4-ac2ce3d60d67"
"b_autre_equipe_servie";"20ee2c69-2750-44a3-a130-7526c8a84bf4";"visitor";"20ca38d4-7463-43d9-895c-c325e3bc5b6a";"Soccer C Filles D3 A";"John-Rennie";"John-Rennie";"7169f79d-d8d0-4a0f-a69e-a464a57342d0";"9c1298bb-bde8-444c-8e02-23109bb09ca8";"f477afcc-de09-4017-bdb4-ca7f5299cc1d";"9c1298bb-bde8-444c-8e02-23109bb09ca8"
"b_autre_equipe_servie";"20ee5e62-2ad5-438f-9cd5-ce70e648e498";"visitor";"e8a0e86f-e1e9-4daa-b450-6f0e64a80406";"Soccer C M D4";"Acad. Saint-Louis";"Acad. Saint-Louis";"a6ac4e8f-2af8-44ff-b0c5-69a2bbd611c7";"d6fbad25-27e0-4202-a99f-642f85202c6e";"ddac2475-988c-4617-b729-9f86249bff1a";"d6fbad25-27e0-4202-a99f-642f85202c6e"
"b_autre_equipe_servie";"21b12cb9-f3c9-49ee-859c-7492d531710b";"visitor";"6b7bc235-d12e-4f1e-b8a3-9d33b9b46fb4";"Volleyball J Filles D3 A";"St. Thomas";"St. Thomas";"965eaded-5ed7-4569-a8e3-e7416469ce98";"faea7178-3fe6-47af-ad56-4cca73d1c736";"873e45c8-3720-4b7c-b1ab-14ddd4ecc054";"faea7178-3fe6-47af-ad56-4cca73d1c736"
"b_autre_equipe_servie";"2200e342-9078-4ee7-902a-486a4129aa7b";"visitor";"c38e7771-dfe5-46bc-9ba8-8347e2a1b4b0";"Soccer B F D3";"Sém. St-François";"Sém. St-François";"db4f75a3-208d-489f-873e-72f539d4a33e";"186813dc-d045-4f35-842d-ac22595b1508";"6e971a78-5e2b-498c-8373-193aa66a39be";"186813dc-d045-4f35-842d-ac22595b1508"
"b_autre_equipe_servie";"2221868a-82de-4093-9cde-376d39f8c8c6";"home";"10ec004e-36f1-4b6c-bcd5-86f9841992d1";"Soccer C Garçons D3 A";"Loyola";"Loyola";"3a2c0cec-ba6e-4068-975d-59895d2798a4";"1945d4bf-bd04-46cb-8b28-ecc70b29e924";"4b25f1ee-34f7-4cd5-896f-055a2f426a97";"1945d4bf-bd04-46cb-8b28-ecc70b29e924"
"b_autre_equipe_servie";"2244a7a3-e47a-437e-9575-6cd5a39f9448";"visitor";"4ccd8426-e263-4615-baae-198c2047443f";"Flag football C F D4 Niveau 1 Printemps Noire";"Antoine-Manseau";"Antoine-Manseau";"bfe30218-1e3f-4033-bac0-8894d692d4e5";"a92c5a4e-b2e3-42a8-b384-bad6b6d11f36";"0781aee3-3abf-4383-8be8-2e64da510655";"a92c5a4e-b2e3-42a8-b384-bad6b6d11f36"
"b_autre_equipe_servie";"224f61b8-e74e-488e-b559-b8c426c612e0";"home";"e8e177fc-3d51-42e4-b8b6-4001f4f16c8e";"Volleyball J Filles D3 B";"Vincent Massey";"Vincent Massey";"61ae54c9-926c-4590-9b56-8f0d2624f05d";"35dd97ed-493b-4b1b-af7b-0a6be4d7b7ab";"ffae5407-e3df-4d29-bf55-f7976dd39cc7";"35dd97ed-493b-4b1b-af7b-0a6be4d7b7ab"
"b_autre_equipe_servie";"224f61b8-e74e-488e-b559-b8c426c612e0";"visitor";"e8e177fc-3d51-42e4-b8b6-4001f4f16c8e";"Volleyball J Filles D3 B";"Collège Notre-Dame";"Collège Notre-Dame";"340e1e9c-592a-463e-915d-fc44c2edf786";"8696dcb4-9c7d-4a8d-8c6e-b2b5fce72fd8";"aeb7b60a-ad42-4a0a-a30e-f1a297263d23";"8696dcb4-9c7d-4a8d-8c6e-b2b5fce72fd8"
"b_autre_equipe_servie";"229a827a-d2e8-4ba5-b884-747dbe4c1d22";"home";"af1edb87-f1f1-475e-9a8b-0097233a756f";"Soccer C Garçons D4 Niveau 1 A";"St. Thomas";"St. Thomas";"225cd842-236e-4e6f-8791-7c2d3df441eb";"1a2aeadc-90d0-4b30-a839-1c7a93ec6f91";"6dd2557c-f6a9-4234-8dfd-81921b6b7f41";"1a2aeadc-90d0-4b30-a839-1c7a93ec6f91"
"b_autre_equipe_servie";"229e8cb4-75f9-4785-aeb5-e0baa5286c17";"home";"cadb3ea6-e7eb-4dfe-a486-8e4321a7dc15";"Flag football C F D3";"Letendre";"Letendre";"2ac2df35-879a-4efd-949d-93481e4959e5";"b987573f-adff-452d-8a4c-9310702efd42";"e999b557-0e17-4f14-ab75-b0173610b59c";"b987573f-adff-452d-8a4c-9310702efd42"
"b_autre_equipe_servie";"22f78355-7238-40e9-ac0a-d49add73b094";"home";"739843e1-b317-4049-b7fa-2a0cfec21e77";"Soccer B M D4 Niveau 1";"Poly. Black-Lake";"Poly. Black-Lake";"69ecbba0-33d5-4e94-a564-150a9767f528";"0b4fdb84-c1df-4c2c-8815-5fd3b3634c7f";"0dd006a2-b3aa-43b0-aef6-a9fb0d81ec02";"0b4fdb84-c1df-4c2c-8815-5fd3b3634c7f"
"b_autre_equipe_servie";"22f78355-7238-40e9-ac0a-d49add73b094";"visitor";"739843e1-b317-4049-b7fa-2a0cfec21e77";"Soccer B M D4 Niveau 1";"Samuel-Champlain";"Samuel-Champlain";"c9a5b768-f239-4207-90c2-93f4fc18a4c2";"01a19d6a-3ea2-4665-a5d5-ede3eee89439";"ba03109c-7726-4db7-b348-87bce8f32bfb";"01a19d6a-3ea2-4665-a5d5-ede3eee89439"
"b_autre_equipe_servie";"231b2274-298a-4714-b7a7-cbb4250d29e5";"visitor";"4ac94485-5c48-40c1-8099-f64dcc94518d";"Volleyball J Filles D3 B";"Collège Notre-Dame";"Collège Notre-Dame";"340e1e9c-592a-463e-915d-fc44c2edf786";"8696dcb4-9c7d-4a8d-8c6e-b2b5fce72fd8";"aeb7b60a-ad42-4a0a-a30e-f1a297263d23";"8696dcb4-9c7d-4a8d-8c6e-b2b5fce72fd8"
"b_autre_equipe_servie";"235072d3-963f-492c-940e-f82169e61c0e";"visitor";"10f2c9b3-28a8-4cae-9f56-eef1fbfd1b42";"Flag football B F D4 Niveau 2 Printemps Noire";"Amitié";"Amitié";"ff2f31f7-6794-4d33-a1a1-b33f757c2094";"031b6af5-9f8e-472b-a7a2-e599992fefc0";"6fcdc16f-a623-45c0-9e64-fdfe47fc7fce";"031b6af5-9f8e-472b-a7a2-e599992fefc0"
"b_autre_equipe_servie";"2353abcc-ca60-46ac-812c-1a78392e377a";"visitor";"f34f2960-258c-4d64-bc5b-1faa67a607a9";"Flag football J F D4 Niveau 1 Printemps Rouge";"Horizon";"Horizon";"9e24b148-2228-41dc-a140-146b9ccc45fa";"14bbaefa-164f-47dc-b8a0-4c130a5d0d15";"67fd1af7-a728-435b-a7f7-e6ffb127bdc4";"14bbaefa-164f-47dc-b8a0-4c130a5d0d15"
"b_autre_equipe_servie";"23677ecf-3519-4e95-8ad5-b6c969eff6de";"home";"c05d9d22-87e5-42e0-8d88-55251f0dcec8";"Soccer B F D3";"Sém. St-François";"Sém. St-François";"db4f75a3-208d-489f-873e-72f539d4a33e";"186813dc-d045-4f35-842d-ac22595b1508";"6e971a78-5e2b-498c-8373-193aa66a39be";"186813dc-d045-4f35-842d-ac22595b1508"
"b_autre_equipe_servie";"23ad28e4-d975-44e1-8cbe-d3449cfc19c8";"visitor";"71a77f79-9b8b-43d9-a857-09bc6e4d4895";"Soccer J Garçons D3 A";"John-Rennie";"John-Rennie";"e0581212-8a5f-42ff-90c3-9a26d15aa8f7";"a9b97733-4ad1-4c5e-80f5-8c445fe4ebe7";"bb5f542e-a8c1-4da6-a2d7-be164d9c2874";"a9b97733-4ad1-4c5e-80f5-8c445fe4ebe7"
"b_autre_equipe_servie";"240bf226-a5f1-4a36-bad3-675090426536";"visitor";"4aa05ad1-1d3d-4c40-aa05-8ffa44b417fc";"Soccer C M D4";"Benoit-Vachon";"Benoit-Vachon";"d7fd05f7-4b8c-4d81-813b-77667864fbe8";"7e533e00-edac-43a8-8f23-fb6cf384475e";"e99b72f4-2492-4dfc-88c6-4dffa743b176";"7e533e00-edac-43a8-8f23-fb6cf384475e"
"b_autre_equipe_servie";"2476719e-360b-408a-a57b-6b01d5ae5227";"home";"b4f90b31-9842-4e51-ba86-55283d4a283f";"Flag football B F D3";"Collège Laval";"Collège Laval";"80538262-7b15-4ff5-9b73-a5b24ec25183";"9e17cfb8-3d75-40c0-b7eb-7c108e115244";"c83aa582-e3ad-4444-80ce-ded3386a4b47";"9e17cfb8-3d75-40c0-b7eb-7c108e115244"
"b_autre_equipe_servie";"2476719e-360b-408a-a57b-6b01d5ae5227";"visitor";"b4f90b31-9842-4e51-ba86-55283d4a283f";"Flag football B F D3";"Letendre";"Letendre";"659b343c-3c43-4ce3-95de-06f00e334dce";"cda7148e-0fa9-4859-86d7-3a1eca7414c9";"6f52d32c-3716-4c58-8e2a-1e503ae6d709";"cda7148e-0fa9-4859-86d7-3a1eca7414c9"
"b_autre_equipe_servie";"249f73ad-aa0f-4990-81d3-6e3b7998e93a";"home";"3e37e31f-ebaa-43c0-814f-d6e9d3b0d77d";"Soccer C M D3";"St-Ch.Garnier";"St-Ch.Garnier";"bdacde59-6442-498b-bd78-f3b5d9794760";"d5a5f0fa-09b0-4f8d-8407-1dc4999d90b4";"01072e59-bee3-4570-af4c-1e0409f3ce4a";"d5a5f0fa-09b0-4f8d-8407-1dc4999d90b4"
"b_autre_equipe_servie";"249f73ad-aa0f-4990-81d3-6e3b7998e93a";"visitor";"3e37e31f-ebaa-43c0-814f-d6e9d3b0d77d";"Soccer C M D3";"Aubier";"Aubier";"83ea51a5-6b47-466d-8896-3f272dbac111";"ebfb0d5c-27c5-4b69-9826-6592e4715f01";"44d3e1b8-b2f7-4484-aa2b-26d30a34cc98";"ebfb0d5c-27c5-4b69-9826-6592e4715f01"
"b_autre_equipe_servie";"24c5a84e-e592-420b-b146-130bd137b6bd";"visitor";"0946b67c-15b7-40c7-94fc-213ccd339234";"Volleyball B Garçons D3 B";"Collège Notre-Dame";"Collège Notre-Dame";"aaa6ba91-8840-4726-81fc-2cbfe9df2379";"dbb0de18-c040-4d86-a0c7-7f85e0ca6eef";"6b4eb500-abcc-4655-8e71-cbfc8f9f1bd9";"dbb0de18-c040-4d86-a0c7-7f85e0ca6eef"
"b_autre_equipe_servie";"24e3cbce-edb6-4522-913c-e309f163efa0";"visitor";"48c41dd3-d0e0-47be-95bf-3241e1f0f9d7";"Soccer J F D3";"Acad. Saint-Louis";"Acad. Saint-Louis";"b1b00ba1-ba59-47ca-977d-94da486df8d8";"38e6ded8-385a-42fa-bcda-317121bf97f9";"a8e4e0cd-1e79-4e60-9321-f0024ad740c0";"38e6ded8-385a-42fa-bcda-317121bf97f9"
"b_autre_equipe_servie";"25273e73-1e1e-45f3-83ef-2c177ddd066b";"home";"f1b3a021-c91c-4eaf-9346-087609a016e8";"Flag football J F D3";"Collège Laval";"Collège Laval";"5e7dee86-294e-4ef1-85b7-a5e29d997007";"c6f1ae19-b6e3-4400-b739-f1c5767d6fb6";"ba5842f5-e433-4682-96ed-4cc27746f6f2";"c6f1ae19-b6e3-4400-b739-f1c5767d6fb6"
"b_autre_equipe_servie";"25273e73-1e1e-45f3-83ef-2c177ddd066b";"visitor";"f1b3a021-c91c-4eaf-9346-087609a016e8";"Flag football J F D3";"Georges-Vanier";"Georges-Vanier";"a83a9df4-1a0a-42f8-800f-817051bf0e88";"2216d2d5-4812-42ed-a01b-7f48ed8b4b38";"ec1c2e6e-5d63-4027-9f67-f6c62669085c";"2216d2d5-4812-42ed-a01b-7f48ed8b4b38"
"b_autre_equipe_servie";"25439f71-0393-4dea-ba4a-fe3c1df4593e";"home";"9016bfdb-d838-4219-a4bc-d574bd2e4334";"Volleyball J Garçons D4 B";"Vincent Massey";"Vincent Massey";"23bdc81b-896e-4d84-a507-a58d93f51cce";"6e635f0a-1702-440e-b1f9-b8d60b47c488";"a234eed2-c9be-489a-9c6b-4081adb0e1af";"6e635f0a-1702-440e-b1f9-b8d60b47c488"
"b_autre_equipe_servie";"2593291f-d5f7-46b9-9a19-ebe827276582";"visitor";"4d663fa3-08a5-40fb-8d04-13cedf1af88d";"Flag football J F D4";"Poly La Samare";"Poly La Samare";"7f320590-4edf-4999-b3b0-1ba2d5df377c";"9dfab3f5-bbef-43e0-a48a-8a4516095e01";"99bca96f-8725-4d0a-94ac-dc97dbcf3d37";"9dfab3f5-bbef-43e0-a48a-8a4516095e01"
"b_autre_equipe_servie";"25ff8646-012e-4e2f-ac89-c6c2cb0dac51";"home";"5b77bee0-f19a-4ef1-b5a9-de705306d63e";"Flag football J F D4 Niveau 1 Printemps Rouge";"Horizon";"Horizon";"9e24b148-2228-41dc-a140-146b9ccc45fa";"14bbaefa-164f-47dc-b8a0-4c130a5d0d15";"67fd1af7-a728-435b-a7f7-e6ffb127bdc4";"14bbaefa-164f-47dc-b8a0-4c130a5d0d15"
"b_autre_equipe_servie";"2612f150-8d31-49bf-b811-4bc1a79bb0b5";"visitor";"c6051605-b0ec-42d7-866e-2e0c937e3f59";"Soccer J M D3";"St-Ch.Garnier";"St-Ch.Garnier";"bcad0356-6dda-4bad-8204-7620ace98a0a";"dafb4803-9d3a-4a89-be48-f677732db26d";"fb03e430-2527-4824-bad4-ddebd803f8cf";"dafb4803-9d3a-4a89-be48-f677732db26d"
"b_autre_equipe_servie";"26358f5a-756c-455b-9611-09af3940fcf0";"home";"642cd94b-b886-4b75-b8a7-c38f21021855";"Flag football C M D3";"Collège Mont-St-Louis";"Collège Mont-St-Louis";"016073a6-aa19-4f89-8cd8-eaa776f45147";"ada720bc-1dd4-49c8-b5cb-60715f7a5e36";"3bb264fd-cede-4eea-ab1a-97149688f61e";"ada720bc-1dd4-49c8-b5cb-60715f7a5e36"
"b_autre_equipe_servie";"2714fd66-b0c4-42d3-97fd-a6b4d102e888";"home";"730fc297-7ebc-42bd-96a6-d3fbec60efe5";"Soccer B Filles D3 A";"Collège Sainte-Anne";"Collège Sainte-Anne";"73e3e5d3-6ccc-48c9-a3bc-1f524556e51e";"687d9f70-e233-4f30-bab4-6fde3ea78d85";"8ed287bc-e79f-4fd8-9160-06ae00ab63c1";"687d9f70-e233-4f30-bab4-6fde3ea78d85"
"b_autre_equipe_servie";"2714fd66-b0c4-42d3-97fd-a6b4d102e888";"visitor";"730fc297-7ebc-42bd-96a6-d3fbec60efe5";"Soccer B Filles D3 A";"Loyola";"Loyola";"ba39789e-2856-4aa8-99d5-a9fbb4f4ad81";"aa174ef3-e6a9-432c-835d-a474fa93e618";"f6386d51-c7b1-4350-a639-5146f1be1017";"aa174ef3-e6a9-432c-835d-a474fa93e618"
"b_autre_equipe_servie";"272d60c4-cd09-4ec1-87d0-a7649233333e";"home";"c8b850ae-3078-4db1-868a-0c92ce7d60fe";"Flag football C M D3";"Chavigny";"Chavigny";"26e5f1cf-d481-4d53-bf42-323be2909a4f";"ce7c5792-1006-452a-9c28-18c1fff39649";"8135c065-0bb7-4fc7-8559-927d983996f7";"ce7c5792-1006-452a-9c28-18c1fff39649"
"b_autre_equipe_servie";"28000b3c-a597-4681-a93c-5b580400c236";"home";"209ddce5-45e6-40c8-a5a0-3056464a71fa";"Soccer B Garçons D3 A";"St. Thomas";"St. Thomas";"62c72c2a-ee52-4ba9-b1a4-c4e18bad43b6";"b86fcec9-2409-4899-955d-453d4eb5ee21";"54d8de2e-fb28-46a2-9680-cab4a17159cc";"b86fcec9-2409-4899-955d-453d4eb5ee21"
"b_autre_equipe_servie";"280bb08d-8bb3-4d75-b9f8-989d5bf6b0e9";"visitor";"182cd4eb-015f-4e67-8a46-53699b167e62";"Soccer C Garçons D3 A";"Collège Jean-de-Brébeuf";"Collège Jean-de-Brébeuf";"de0e10c3-09de-4d06-81c5-cc2c2c6dfcbc";"0b44e927-d042-4583-b6af-55176f302738";"6a3a8e8a-5e82-4dc9-aa50-66742df41010";"0b44e927-d042-4583-b6af-55176f302738"
"b_autre_equipe_servie";"281da41d-696f-42e3-b8bd-09fc10526100";"home";"48e8d9cc-f262-4ffa-8344-21736a2078bf";"Volleyball C Filles D3 A";"John-Rennie";"John-Rennie";"ee9e77c1-58c7-4afe-a05d-029b50c9591c";"55f90e35-a7e0-4f7c-ab28-9cff54d91bd0";"40257dd1-fce5-4bac-98f7-259a15747354";"55f90e35-a7e0-4f7c-ab28-9cff54d91bd0"
"b_autre_equipe_servie";"28de4741-f0e2-489f-8e35-bcfb3e532844";"visitor";"90398f0d-3665-4a19-935a-81a99ee185c2";"Flag football C M D3";"Érablière";"Érablière";"4fb39697-c93d-4515-ae3b-4eff4f97c4e6";"7abcfd74-cfdb-4367-9aa9-55f470356830";"7847ba1a-3820-411d-9d20-3b3cfd2745aa";"7abcfd74-cfdb-4367-9aa9-55f470356830"
"b_autre_equipe_servie";"2935bbaf-4ee2-45f7-9d0d-9410a462978a";"home";"24a8d341-fbfc-4d29-b971-717b9ef53159";"Flag football B F D3";"Collège Notre-Dame";"Collège Notre-Dame";"5a3db3ba-d32d-47fb-928a-de1f6910f51d";"2fb0c17b-9a09-4294-8511-1de6b8a82163";"d91cc894-9c54-443f-baf4-491cee77e80f";"2fb0c17b-9a09-4294-8511-1de6b8a82163"
"b_autre_equipe_servie";"29b8be6e-8b74-435e-acb6-76c92249b1ee";"home";"58749e6d-972e-49ee-a5ca-f4e3f928f2bb";"Flag football B F D3";"De la Croisée";"De la Croisée";"8c279071-828c-4ff6-ab74-a6838d63a7ef";"3b31a1ac-09dc-4083-9788-e4a90d896c96";"886b3172-e0d7-47a6-b93d-d0a24dae0ff4";"3b31a1ac-09dc-4083-9788-e4a90d896c96"
"b_autre_equipe_servie";"2a20b1a9-8307-4adb-9667-b3d582cae963";"visitor";"9ee27ae7-45f0-475d-b246-7810d6041090";"Volleyball B Garçons D3 B";"Collège Notre-Dame";"Collège Notre-Dame";"aaa6ba91-8840-4726-81fc-2cbfe9df2379";"dbb0de18-c040-4d86-a0c7-7f85e0ca6eef";"6b4eb500-abcc-4655-8e71-cbfc8f9f1bd9";"dbb0de18-c040-4d86-a0c7-7f85e0ca6eef"
"b_autre_equipe_servie";"2a69195a-8571-4de8-a4de-aef1daccc9ec";"home";"bb09302c-af15-4dcc-8e9d-23bfb8626ee3";"Volleyball J Garçons D4 B";"Vincent Massey";"Vincent Massey";"23bdc81b-896e-4d84-a507-a58d93f51cce";"6e635f0a-1702-440e-b1f9-b8d60b47c488";"a234eed2-c9be-489a-9c6b-4081adb0e1af";"6e635f0a-1702-440e-b1f9-b8d60b47c488"
"b_autre_equipe_servie";"2a88e4bc-9bc5-4c80-bbae-1645cccf4e47";"home";"27761111-1c55-4328-b620-d26bfd7c01ea";"Flag football B F D4 Niveau 2 Printemps Noire";"Amitié";"Amitié";"ff2f31f7-6794-4d33-a1a1-b33f757c2094";"031b6af5-9f8e-472b-a7a2-e599992fefc0";"6fcdc16f-a623-45c0-9e64-fdfe47fc7fce";"031b6af5-9f8e-472b-a7a2-e599992fefc0"
"b_autre_equipe_servie";"2b416447-371c-42a9-a241-af16fb1f9a7e";"home";"b59d243d-24d0-4df1-a932-275a9c7fd0b7";"Flag football J M D4 Niveau 2 SECTION 2";"ÉS Marguerite-De Lajemmerais";"ÉS Marguerite-De Lajemmerais";"89c5c17c-e806-41c9-88c6-c2568977a640";"df139f3a-4155-4480-95bc-b2880b899120";"4036c6c0-7c89-4ae3-92ca-ff09f97eecc4";"df139f3a-4155-4480-95bc-b2880b899120"
"b_autre_equipe_servie";"2b86b2f2-b40a-4d19-a069-ac0151dfd26f";"visitor";"567f4066-d245-4549-a94b-9a1eebcc8a8f";"Football B M D4";"Quatre-Vents";"Quatre-Vents";"7998eb28-c4f5-429d-a8a2-3bc3474efda1";"4f9f21cf-a8e6-4f48-8b1d-58cd452f4ef5";"fe1bbe92-d89b-4a10-80da-b6cb7f304758";"4f9f21cf-a8e6-4f48-8b1d-58cd452f4ef5"
"b_autre_equipe_servie";"2c0d726f-2c73-4453-9291-6e97327e8d37";"home";"abada519-2d9f-4737-99c6-0ec2ec62d217";"Soccer B Garçons D3 A";"Loyola";"Loyola";"a43970ec-24bc-4c8f-a621-c9ba57bb18b6";"f7dae16e-360c-43ef-ba53-8f6b1184af96";"cbb2fe47-9daf-4242-baba-d314eab310e8";"f7dae16e-360c-43ef-ba53-8f6b1184af96"
"b_autre_equipe_servie";"2c1daf40-e96b-4311-adad-3ccfad9b60ba";"visitor";"80c3099c-d03f-4f7e-8512-bf8aa72f1815";"Volleyball B Garçons D3 B";"Collège Notre-Dame";"Collège Notre-Dame";"aaa6ba91-8840-4726-81fc-2cbfe9df2379";"dbb0de18-c040-4d86-a0c7-7f85e0ca6eef";"6b4eb500-abcc-4655-8e71-cbfc8f9f1bd9";"dbb0de18-c040-4d86-a0c7-7f85e0ca6eef"
"b_autre_equipe_servie";"2c410ca2-f0a7-416c-a5ef-150c28e01886";"home";"464f1d87-a74d-478f-bee4-8f03bb35ef3e";"Flag football B F D4 Niveau 1 Automne Noire";"Barthélemy-Joliette";"Barthélemy-Joliette";"9f493149-6512-47a3-9ae7-01a86e67b90c";"64dc66d7-f8d6-48c0-8c58-47a2b16be284";"27b30554-3ba1-4925-bfb4-58b4d4130832";"64dc66d7-f8d6-48c0-8c58-47a2b16be284"
"b_autre_equipe_servie";"2c94be58-c9ce-4f6f-bd18-e665aee06135";"visitor";"392abc4a-5fda-4cc1-ba71-3406574f80fd";"Flag football J F D4 Niveau 1";"Paul-Le Jeune";"Paul-Le Jeune";"f5cf64b7-310a-4c07-a18d-e346c4f1717a";"8167fe7b-01fc-47d9-b77f-97c5d58d0705";"2ad4a7aa-ca9c-4490-934b-03c21b0cac95";"8167fe7b-01fc-47d9-b77f-97c5d58d0705"
"b_autre_equipe_servie";"2cbae95c-f179-48fb-b5ac-f1ceb77a82fd";"visitor";"993c4979-4330-406b-afd5-58e442a1c462";"Flag football J Garçons D3 Fall B";"St. Thomas";"St. Thomas";"10031fbc-739d-47f5-a8bf-30ae4822c5cf";"7eb78569-f713-45dd-be90-325aa31e4fdb";"0f464fed-4180-420c-865c-a10acb99e18f";"7eb78569-f713-45dd-be90-325aa31e4fdb"
"b_autre_equipe_servie";"2cd27663-d0f7-4964-be16-3154b9c13dda";"visitor";"e110b7f9-4473-42c1-b6e3-82bf6f97d6a6";"Soccer B M D4 Niveau 1";"Samuel-Champlain";"Samuel-Champlain";"c9a5b768-f239-4207-90c2-93f4fc18a4c2";"01a19d6a-3ea2-4665-a5d5-ede3eee89439";"ba03109c-7726-4db7-b348-87bce8f32bfb";"01a19d6a-3ea2-4665-a5d5-ede3eee89439"
"b_autre_equipe_servie";"2cf5f0b4-caef-421d-89b3-d201df97b791";"home";"8a467bd4-6d08-4c3b-9577-b1cce2b3f937";"Soccer J M D3";"St-Ch.Garnier";"St-Ch.Garnier";"bcad0356-6dda-4bad-8204-7620ace98a0a";"dafb4803-9d3a-4a89-be48-f677732db26d";"fb03e430-2527-4824-bad4-ddebd803f8cf";"dafb4803-9d3a-4a89-be48-f677732db26d"
"b_autre_equipe_servie";"2cf5f0b4-caef-421d-89b3-d201df97b791";"visitor";"8a467bd4-6d08-4c3b-9577-b1cce2b3f937";"Soccer J M D3";"La Seigneurie";"La Seigneurie";"da10e633-b8f8-4088-8ce9-8e52421f52f9";"af09c5d4-2b4f-4718-a8de-ea6f63ee34ec";"b5d64381-0a41-42dc-b97a-54513f625fb0";"af09c5d4-2b4f-4718-a8de-ea6f63ee34ec"
"b_autre_equipe_servie";"2d33bc3a-64c2-41e0-a059-85d53be79655";"home";"147b312a-405b-4478-b481-e76b3e5c47f3";"Flag football C F D3";"Keranna";"Keranna";"64ee8121-29e1-4b74-80b6-28eb7e980dd5";"f9d1057a-08b8-4c87-b074-9379a8de248a";"51825efe-6158-463f-910a-733c1b16cbe7";"f9d1057a-08b8-4c87-b074-9379a8de248a"
"b_autre_equipe_servie";"2d6fb7be-91fb-4d75-a45d-a4a88a55edec";"home";"8939403d-1850-4997-8f0b-5a7b1b618bdb";"Flag football C M D3";"Keranna";"Keranna";"8e4c4a18-20a4-434b-873b-5a57894acc16";"48bd2869-cbbd-44e7-b505-15264e6b359a";"92b7dded-5766-468d-a09f-f78ca4db7422";"48bd2869-cbbd-44e7-b505-15264e6b359a"
"b_autre_equipe_servie";"2d854b01-4c56-499b-864b-7c6a376b9552";"home";"6d599591-e744-437e-b47b-ba626a554706";"Flag football J F D3";"Les Estacades";"Les Estacades";"82ff7714-b9e0-41f6-8bc4-afe70ff9cb02";"a9fb5ad5-e146-4af5-b7a7-5e3a05e31d97";"314fdb41-3f82-4d4f-90f6-248a584bbdbc";"a9fb5ad5-e146-4af5-b7a7-5e3a05e31d97"
"b_autre_equipe_servie";"2dd1154e-04f9-4137-a65b-66d805540ba6";"home";"f7306d23-d40e-4dd4-ac4f-6a06ff2d3d72";"Soccer B Filles D3 A";"Loyola";"Loyola";"ba39789e-2856-4aa8-99d5-a9fbb4f4ad81";"aa174ef3-e6a9-432c-835d-a474fa93e618";"f6386d51-c7b1-4350-a639-5146f1be1017";"aa174ef3-e6a9-432c-835d-a474fa93e618"
"b_autre_equipe_servie";"2dd1154e-04f9-4137-a65b-66d805540ba6";"visitor";"f7306d23-d40e-4dd4-ac4f-6a06ff2d3d72";"Soccer B Filles D3 A";"Collège Sainte-Anne";"Collège Sainte-Anne";"73e3e5d3-6ccc-48c9-a3bc-1f524556e51e";"687d9f70-e233-4f30-bab4-6fde3ea78d85";"8ed287bc-e79f-4fd8-9160-06ae00ab63c1";"687d9f70-e233-4f30-bab4-6fde3ea78d85"
"b_autre_equipe_servie";"2dd19d78-e440-4f1d-ab7d-16ed5586bb5d";"visitor";"69fd8083-dd1e-4bb1-9288-eada211bd143";"Volleyball C Filles D3 A";"John-Rennie";"John-Rennie";"ee9e77c1-58c7-4afe-a05d-029b50c9591c";"55f90e35-a7e0-4f7c-ab28-9cff54d91bd0";"40257dd1-fce5-4bac-98f7-259a15747354";"55f90e35-a7e0-4f7c-ab28-9cff54d91bd0"
"b_autre_equipe_servie";"2ddcf41e-a053-48d3-a5da-9da826efa066";"home";"2cf0f5b9-cb34-46ca-8b4b-faa35f749ad5";"Flag football B M D3 AUTOMNE";"ÉS Père-Marquette";"ÉS Père-Marquette";"f1bdd2d7-40a0-438a-a483-53431dad157a";"9cef1809-1ff1-4253-ac75-bb6513c614a1";"4880bc60-0cad-45e4-bca1-dab618962df8";"9cef1809-1ff1-4253-ac75-bb6513c614a1"
"b_autre_equipe_servie";"2deeb65e-bc49-4d2c-b427-f2fed790f86e";"home";"8c991148-12d3-4963-9ea7-8e9235a1bd4c";"Flag football J F D4 Niveau 1";"Champagnat";"Champagnat";"3559e2fe-abe2-42ca-851c-86a76b03a9ff";"55cb6875-9b41-446c-914c-50d3de95583c";"2d38ae3d-e2f2-4b82-977a-375b6440e906";"55cb6875-9b41-446c-914c-50d3de95583c"
"b_autre_equipe_servie";"2deeb65e-bc49-4d2c-b427-f2fed790f86e";"visitor";"8c991148-12d3-4963-9ea7-8e9235a1bd4c";"Flag football J F D4 Niveau 1";"Du Rocher";"Du Rocher";"e0bb38a1-e65f-4561-985d-9a26a313d562";"a936ba2c-57fb-4e40-bfc0-3311506e89ae";"bcacb355-5dc5-4c15-93e7-614db59a38fa";"a936ba2c-57fb-4e40-bfc0-3311506e89ae"
"b_autre_equipe_servie";"2e3f9fb3-bc79-4b16-b7d7-ca4096744a01";"home";"4dfc2aeb-ad19-42ee-878d-0fc40eeb8f06";"Flag football J F D4 Niveau 1 Automne Rouge";"Jean-Baptiste-Meilleur";"Jean-Baptiste-Meilleur";"83f7b9db-96ff-4150-b4f4-bb96f8892a7c";"d6db6f2e-def0-40cf-9edc-003c3c445331";"5b74a422-f064-444f-b36c-3973512d70f6";"d6db6f2e-def0-40cf-9edc-003c3c445331"
"b_autre_equipe_servie";"2e726649-e01c-48bb-9f75-d028bb60618a";"home";"d174fad7-5629-4650-8484-d50f5143a06f";"Football B U D3 9 vs 9";"Nouvelles Frontières";"Nouvelles Frontières";"288b69f9-33cc-4882-ae58-f241b2f93355";"d346d2a5-6784-48b8-acd9-e6144e693ca5";"0c2dbb00-88cb-4c3e-8f9b-98c19a79c042";"d346d2a5-6784-48b8-acd9-e6144e693ca5"
"b_autre_equipe_servie";"2e726649-e01c-48bb-9f75-d028bb60618a";"visitor";"d174fad7-5629-4650-8484-d50f5143a06f";"Football B U D3 9 vs 9";"Hormisdas-Gamelin";"Hormisdas-Gamelin";"4f4e5c3e-4da0-4add-a098-7c1cc10c4122";"82674dc5-eb09-4eb0-bd7b-6af9d1823629";"dc5202f4-8d52-43c9-a661-3183075bf657";"82674dc5-eb09-4eb0-bd7b-6af9d1823629"
"b_autre_equipe_servie";"2ea11368-44bb-4689-9810-393287eba37b";"home";"9c0f4a2a-63e9-4cdf-8b2f-9532c3077409";"Flag football J F D3";"Des Pionniers";"Des Pionniers";"ff75e7d6-d39a-46ad-a5d3-38bfa287ee7d";"c28d50f0-72bf-4b77-9297-53af1bae2597";"8fd9ff1f-e30a-4df7-bee2-593225647626";"c28d50f0-72bf-4b77-9297-53af1bae2597"
"b_autre_equipe_servie";"2f287476-6b98-4305-bdb7-86e4e0dcf9f8";"home";"18b59022-37a9-4952-9c33-4d677f8ea81a";"Flag football C M D4";"Du Rocher";"Du Rocher";"843096cc-8175-4aa6-9c2c-a7b9a5fd55b2";"df47c926-4ab5-4495-bf4f-58dab581fc74";"a15da282-40e2-4c17-93f6-209ef5af4e8c";"df47c926-4ab5-4495-bf4f-58dab581fc74"
"b_autre_equipe_servie";"2f4d6b70-835f-48cb-bf3e-8211ed81a42a";"home";"57232e45-f837-461f-93ab-4eafd21690f2";"Soccer J M D4 Niveau 2";"Louis-Jobin";"Louis-Jobin";"df631f47-7d86-4814-8a93-8394b341a8f3";"61a63aeb-b7c5-4e0f-8eba-79649148dfbf";"90da7b99-cc36-4cc9-88f1-579731f84a65";"61a63aeb-b7c5-4e0f-8eba-79649148dfbf"
"b_autre_equipe_servie";"2f57cae8-6597-4f05-93c1-897086406897";"home";"81cecb52-0a12-4b79-9670-84fb4f80a473";"Rugby C F D4";"Saint-Joseph";"Saint-Joseph";"6a7cc135-bc23-431d-9386-748719185ebc";"7464715c-45a8-49df-a194-811ebd82b6bf";"f241ee42-83f9-4afa-b264-7a454d389ee8";"7464715c-45a8-49df-a194-811ebd82b6bf"
"b_autre_equipe_servie";"2f57cae8-6597-4f05-93c1-897086406897";"visitor";"81cecb52-0a12-4b79-9670-84fb4f80a473";"Rugby C F D4";"Louis-Philippe-Paré";"Louis-Philippe-Paré";"7eaaf529-41c4-4de4-880a-f0e4d841562e";"a9bd364c-fa1e-4db1-962a-88e99dec3b5e";"9126dac8-6056-4ea4-8675-3323ba716855";"a9bd364c-fa1e-4db1-962a-88e99dec3b5e"
"b_autre_equipe_servie";"2f7740ea-ae7d-4dbb-a5c8-5db437ef8a36";"home";"2a2dae83-e65d-468d-bb3b-74188b46a464";"Flag football J F D3";"Curé-Antoine-Labelle";"Curé-Antoine-Labelle";"76f3e1ba-694a-45d8-b73b-be5d9053754e";"5b2bccf9-96e8-41dd-b277-72ae4ede2548";"e9147c31-d7f9-4e53-a542-c12c12d7843e";"5b2bccf9-96e8-41dd-b277-72ae4ede2548"
"b_autre_equipe_servie";"2f7740ea-ae7d-4dbb-a5c8-5db437ef8a36";"visitor";"2a2dae83-e65d-468d-bb3b-74188b46a464";"Flag football J F D3";"Collège Laval";"Collège Laval";"5e7dee86-294e-4ef1-85b7-a5e29d997007";"c6f1ae19-b6e3-4400-b739-f1c5767d6fb6";"ba5842f5-e433-4682-96ed-4cc27746f6f2";"c6f1ae19-b6e3-4400-b739-f1c5767d6fb6"
"b_autre_equipe_servie";"3005762d-d4cd-4d1f-9067-8a10aeda47de";"home";"c8dc6a5c-ea2f-482e-ae26-909b0aaf944d";"Rugby J F D3";"Philemon Wright";"Philemon Wright";"dfdaf91f-367d-417e-935b-b98392d7bce9";"ae69bf34-f967-4557-864d-81e8e7edb903";"7cdf6d8f-2307-41de-8e72-7dd686b81d53";"ae69bf34-f967-4557-864d-81e8e7edb903"
"b_autre_equipe_servie";"302ff56e-7bca-43d9-a0fc-7b3c364dd7fe";"home";"4d9b866e-edc0-44f1-a62b-85f412658810";"Rugby J F D4";"Polybel";"Polybel";"bab310a9-acb9-4465-8850-452b6b540bf4";"bfb487ff-8bcf-4ab5-bf4e-411e54d5f792";"4cac9a6a-f48b-4131-a39c-1d512e755ae4";"bfb487ff-8bcf-4ab5-bf4e-411e54d5f792"
"b_autre_equipe_servie";"30508432-3e73-4d62-aafd-f7e214718cb0";"visitor";"f9fa7bb2-8b1b-45d5-a083-02939edec1af";"Flag football J M D4 Niveau 2 SECTION 2";"ÉS Père-Marquette";"ÉS Père-Marquette";"e25b5591-03f4-47ca-a560-34de311ac035";"59f59f9b-d7c1-45ee-8b26-d7f25c4fe4f0";"e2cc3eae-31c4-458a-9ace-200b8f404925";"59f59f9b-d7c1-45ee-8b26-d7f25c4fe4f0"
"b_autre_equipe_servie";"306e7741-3a8c-4997-b5cd-c9b4a3347a29";"home";"0672cd75-ed2d-4418-96cf-b8d064efb0cd";"Soccer B F D3";"Acad. Saint-Louis";"Acad. Saint-Louis";"37db89e7-cf71-49e8-b4f9-de5dddfcbe1d";"2eb14599-f10a-456a-b587-d8c9894762c2";"f693cc3e-ea74-49a2-b727-4a4e563e5a32";"2eb14599-f10a-456a-b587-d8c9894762c2"
"b_autre_equipe_servie";"308848f3-49db-459a-b833-4ad8a86132a7";"home";"2b6bf9da-4c0d-4dac-a32e-124f9ae07466";"Football B U D3 9 vs 9";"Collège Saint-Alexandre";"Collège Saint-Alexandre";"9377e0cb-79e4-4bc8-b6da-19d8437929db";"e02b6ece-c480-45ee-aa6d-c964c5bbea28";"33e89322-7be3-446b-aae1-1a8462e40829";"e02b6ece-c480-45ee-aa6d-c964c5bbea28"
"b_autre_equipe_servie";"308848f3-49db-459a-b833-4ad8a86132a7";"visitor";"2b6bf9da-4c0d-4dac-a32e-124f9ae07466";"Football B U D3 9 vs 9";"Nicolas-Gatineau";"Nicolas-Gatineau";"cda37289-fb16-4cbb-8c7b-991f7cd061dc";"34fd3959-e76d-4408-a5eb-f4e8e63345f4";"5563f7a2-ef59-440d-bb22-32a2195b69a7";"34fd3959-e76d-4408-a5eb-f4e8e63345f4"
"b_autre_equipe_servie";"30939b28-29d3-4545-942c-8243f5c709de";"home";"0d7ee472-f752-46d5-9795-fb56912f7e0b";"Flag football C M D3";"Collège St-Jean-Vianney";"Collège St-Jean-Vianney";"30f7d148-24d6-4d48-920d-da55128051bf";"6806bef5-c01c-4b16-992f-cc0bf74bb04b";"cba3c9b3-4223-4e38-aa19-92e9942e2268";"6806bef5-c01c-4b16-992f-cc0bf74bb04b"
"b_autre_equipe_servie";"30939b28-29d3-4545-942c-8243f5c709de";"visitor";"0d7ee472-f752-46d5-9795-fb56912f7e0b";"Flag football C M D3";"Collège Reine-Marie";"Collège Reine-Marie";"3b213a03-c477-40c6-8eec-c512cd2c2094";"540f4ea6-00c9-4c48-88de-0108a93a76cc";"9c102b7b-15d9-407f-98d6-3ee73d29ab5a";"540f4ea6-00c9-4c48-88de-0108a93a76cc"
"b_autre_equipe_servie";"30b247ae-e1b3-4068-a397-15c120fa2c1c";"home";"4665917a-5fb4-4f8a-8b57-b6c47ede03e6";"Rugby C F D4";"Louis-Philippe-Paré";"Louis-Philippe-Paré";"7eaaf529-41c4-4de4-880a-f0e4d841562e";"a9bd364c-fa1e-4db1-962a-88e99dec3b5e";"9126dac8-6056-4ea4-8675-3323ba716855";"a9bd364c-fa1e-4db1-962a-88e99dec3b5e"
"b_autre_equipe_servie";"30b247ae-e1b3-4068-a397-15c120fa2c1c";"visitor";"4665917a-5fb4-4f8a-8b57-b6c47ede03e6";"Rugby C F D4";"Saint-Joseph";"Saint-Joseph";"6a7cc135-bc23-431d-9386-748719185ebc";"7464715c-45a8-49df-a194-811ebd82b6bf";"f241ee42-83f9-4afa-b264-7a454d389ee8";"7464715c-45a8-49df-a194-811ebd82b6bf"
"b_autre_equipe_servie";"30c4333e-5fe3-4d24-ab38-041c89188652";"visitor";"91fcbde1-7171-424d-95ed-21f60afa4f46";"Flag football J F D4 Niveau 1";"Paul-Le Jeune";"Paul-Le Jeune";"f5cf64b7-310a-4c07-a18d-e346c4f1717a";"8167fe7b-01fc-47d9-b77f-97c5d58d0705";"2ad4a7aa-ca9c-4490-934b-03c21b0cac95";"8167fe7b-01fc-47d9-b77f-97c5d58d0705"
"b_autre_equipe_servie";"30d23ecc-bacd-4938-9e2e-832388de221e";"home";"f294fc98-9b25-447e-85c3-0b670e47175d";"Flag football J F D3";"De la Croisée";"De la Croisée";"713aba27-67a8-4250-a9ba-36d6dce2f844";"238b0163-b062-43ca-a3cd-17bf253936cc";"e777a3e8-b4c1-4531-869e-d0ddca28a64c";"238b0163-b062-43ca-a3cd-17bf253936cc"
"b_autre_equipe_servie";"30d23ecc-bacd-4938-9e2e-832388de221e";"visitor";"f294fc98-9b25-447e-85c3-0b670e47175d";"Flag football J F D3";"Curé-Antoine-Labelle";"Curé-Antoine-Labelle";"76f3e1ba-694a-45d8-b73b-be5d9053754e";"5b2bccf9-96e8-41dd-b277-72ae4ede2548";"e9147c31-d7f9-4e53-a542-c12c12d7843e";"5b2bccf9-96e8-41dd-b277-72ae4ede2548"
"b_autre_equipe_servie";"30e612d6-79e2-491f-957b-5c4295b8ef0d";"home";"bc15edc6-da02-4030-a18c-0c346acc4214";"Soccer C Garçons D4 Niveau 1 A";"St. Thomas";"St. Thomas";"225cd842-236e-4e6f-8791-7c2d3df441eb";"1a2aeadc-90d0-4b30-a839-1c7a93ec6f91";"6dd2557c-f6a9-4234-8dfd-81921b6b7f41";"1a2aeadc-90d0-4b30-a839-1c7a93ec6f91"
"b_autre_equipe_servie";"311c7642-5cdd-452f-8e92-c5ed5c0310cf";"visitor";"a22dfa75-2c81-4cba-b81d-ecb65fe64154";"Volleyball C Filles D4 Niveau 1 A";"St. Thomas";"St. Thomas";"b35f766c-78ab-482a-9aee-e0a62235e41c";"edceb2bd-43e5-4ab6-8582-61cd932c6df0";"71d19fd0-8d99-4efe-907b-ea1e9f749b62";"edceb2bd-43e5-4ab6-8582-61cd932c6df0"
"b_autre_equipe_servie";"31836be4-3f43-4e65-9271-be02277733a4";"home";"e684a9c3-7863-4970-aedc-9597440878ad";"Soccer C Garçons D3 A";"Collège Sainte-Anne";"Collège Sainte-Anne";"e2f9ab5e-3c60-45a6-a3e6-d1792ca5fc6f";"43f59393-bcd5-4281-bed7-5d3f9b460f85";"f9aa0101-4a96-4528-a1d4-7f248e9c60b4";"43f59393-bcd5-4281-bed7-5d3f9b460f85"
"b_autre_equipe_servie";"31836be4-3f43-4e65-9271-be02277733a4";"visitor";"e684a9c3-7863-4970-aedc-9597440878ad";"Soccer C Garçons D3 A";"Collège Jean-de-Brébeuf";"Collège Jean-de-Brébeuf";"de0e10c3-09de-4d06-81c5-cc2c2c6dfcbc";"0b44e927-d042-4583-b6af-55176f302738";"6a3a8e8a-5e82-4dc9-aa50-66742df41010";"0b44e927-d042-4583-b6af-55176f302738"
"b_autre_equipe_servie";"319134a7-1793-4f53-ada9-ffe3063ce333";"home";"9ab0a27d-c0da-4125-b3bf-db76069e68ff";"Volleyball J Garçons D4 B";"Vincent Massey";"Vincent Massey";"23bdc81b-896e-4d84-a507-a58d93f51cce";"6e635f0a-1702-440e-b1f9-b8d60b47c488";"a234eed2-c9be-489a-9c6b-4081adb0e1af";"6e635f0a-1702-440e-b1f9-b8d60b47c488"
"b_autre_equipe_servie";"319ece03-7c28-4c37-b6f8-f048a010941b";"visitor";"a09c3b19-40da-4669-b2eb-54cd5e22affb";"Volleyball C Filles D3 B";"Loyola";"Loyola";"e725e9c1-f50c-4c16-8c9f-6d2da76f22fe";"2e1510cb-e48c-46b3-8d98-e007aa3fc848";"eda3b035-b965-4606-a704-f36f2afb1b35";"2e1510cb-e48c-46b3-8d98-e007aa3fc848"
"b_autre_equipe_servie";"31d0947a-aef0-4b04-bbf5-4f780f65f392";"home";"9d3989ad-95bb-4c7e-915a-54717c3f5d46";"Volleyball J Garçons D4 B";"Vincent Massey";"Vincent Massey";"23bdc81b-896e-4d84-a507-a58d93f51cce";"6e635f0a-1702-440e-b1f9-b8d60b47c488";"a234eed2-c9be-489a-9c6b-4081adb0e1af";"6e635f0a-1702-440e-b1f9-b8d60b47c488"
"b_autre_equipe_servie";"31d3cf91-a433-4422-ad9e-cb2afc2b5846";"home";"270e57bd-a2d2-4d71-903a-b7ff4d0de649";"Soccer C M D3";"Coll. des Compagnons";"Coll. des Compagnons";"3dc8c9ac-1de6-4418-8a4d-662471c42efe";"fd0dd869-d8d6-4b6a-9554-38d34f31fad2";"e898d8d7-6d74-4ba0-89cf-c714822388ab";"fd0dd869-d8d6-4b6a-9554-38d34f31fad2"
"b_autre_equipe_servie";"31d3cf91-a433-4422-ad9e-cb2afc2b5846";"visitor";"270e57bd-a2d2-4d71-903a-b7ff4d0de649";"Soccer C M D3";"Acad. Saint-Louis";"Acad. Saint-Louis";"688697a0-f47a-466d-9dac-68260b0ba3bb";"d79ef77e-b1e0-4c38-9887-69033fc3dbda";"9be97f39-aba3-4ee6-bdf4-220ec07e3913";"d79ef77e-b1e0-4c38-9887-69033fc3dbda"
"b_autre_equipe_servie";"32367e7c-0591-440c-b08e-45f9216ec939";"home";"9fa18c5c-431b-4c7c-94ed-06be4a1bcaae";"Flag football J F D3";"Georges-Vanier";"Georges-Vanier";"a83a9df4-1a0a-42f8-800f-817051bf0e88";"2216d2d5-4812-42ed-a01b-7f48ed8b4b38";"ec1c2e6e-5d63-4027-9f67-f6c62669085c";"2216d2d5-4812-42ed-a01b-7f48ed8b4b38"
"b_autre_equipe_servie";"32367e7c-0591-440c-b08e-45f9216ec939";"visitor";"9fa18c5c-431b-4c7c-94ed-06be4a1bcaae";"Flag football J F D3";"Letendre";"Letendre";"f7bb60ef-d707-4be0-91cd-5aeb72f01159";"9dc3fff7-feea-45bf-b4e9-275be3464259";"a9d2827e-8a68-4253-bc45-2f0cab85ba99";"9dc3fff7-feea-45bf-b4e9-275be3464259"
"b_autre_equipe_servie";"32431b4e-ad7e-4e42-822a-b50c40ad9260";"home";"f64c4898-80fd-4e42-9808-741827f94fd8";"Soccer J Garçons D3 C";"Collège Sainte-Anne";"Collège Sainte-Anne";"ebf8cb23-c51e-4ba1-9d55-23078cf09f0d";"cda673b2-8a38-4656-aedb-ddf403d429b8";"089cf689-2453-4d65-80f0-0f908bbe53e4";"cda673b2-8a38-4656-aedb-ddf403d429b8"
"b_autre_equipe_servie";"324c0729-efeb-432b-aea6-87a2094694e3";"visitor";"dd95bab4-0f86-4024-8721-6672ed2d5d76";"Soccer B Filles D3 A";"Loyola";"Loyola";"ba39789e-2856-4aa8-99d5-a9fbb4f4ad81";"aa174ef3-e6a9-432c-835d-a474fa93e618";"f6386d51-c7b1-4350-a639-5146f1be1017";"aa174ef3-e6a9-432c-835d-a474fa93e618"
"b_autre_equipe_servie";"32c1e254-f08c-4c73-8a99-7d217a2d8afe";"visitor";"37eb2956-4c35-4a89-b09f-051b4731aaf1";"Flag football C F D4 Niveau 1 Printemps Noire";"Antoine-Manseau";"Antoine-Manseau";"bfe30218-1e3f-4033-bac0-8894d692d4e5";"a92c5a4e-b2e3-42a8-b384-bad6b6d11f36";"0781aee3-3abf-4383-8be8-2e64da510655";"a92c5a4e-b2e3-42a8-b384-bad6b6d11f36"
"b_autre_equipe_servie";"32d24216-49cb-4252-afa2-1ac10d7b86a1";"home";"063a5c0b-9d0f-489d-b87d-0b13775eabb5";"Flag football C M D4";"Les Seigneuries";"Les Seigneuries";"ee96df69-70e4-437d-abcc-cbc38e2c8266";"d9fd05f3-aaa7-4c3a-85b8-e9ca0c1b32cc";"8ae637de-dfb1-4580-a462-f8c00bd88fbc";"d9fd05f3-aaa7-4c3a-85b8-e9ca0c1b32cc"
"b_autre_equipe_servie";"32d24216-49cb-4252-afa2-1ac10d7b86a1";"visitor";"063a5c0b-9d0f-489d-b87d-0b13775eabb5";"Flag football C M D4";"L'Escale";"L'Escale";"01500a13-b182-4c6d-a966-ebe03ef6bc2b";"53bd5bef-8454-4a1e-8b1d-5bcdb28ce176";"c529e448-a991-4fcc-98bd-becd1a6b7316";"53bd5bef-8454-4a1e-8b1d-5bcdb28ce176"
"b_autre_equipe_servie";"32fb35ab-209c-45f9-b476-73d3a369d000";"home";"d85bf6e1-0da0-4b9d-b08f-5861beb4c4d9";"Volleyball B Filles D3 A";"Position 1-A-LOY";"Loyola";"7038b42c-8d94-4174-a20e-6ffee617c1e9";"c1bdd457-9b1a-4832-91f7-9c6aea3ff4b4";"6880efdb-b62d-4261-9b65-3792d035ad34";"c1bdd457-9b1a-4832-91f7-9c6aea3ff4b4"
"b_autre_equipe_servie";"3314ea2d-024c-4fdd-a483-957a136a943d";"visitor";"59e0e59b-17d1-4f4a-b76b-43d5bdc3a876";"Soccer B Garçons D3 A";"St. Thomas";"St. Thomas";"62c72c2a-ee52-4ba9-b1a4-c4e18bad43b6";"b86fcec9-2409-4899-955d-453d4eb5ee21";"54d8de2e-fb28-46a2-9680-cab4a17159cc";"b86fcec9-2409-4899-955d-453d4eb5ee21"
"b_autre_equipe_servie";"33285d82-fb3e-4e06-a012-467bbe3c41bb";"home";"9f8f2f39-041f-43b2-9134-74ca8eecb989";"Rugby C F D4";"Louis-Philippe-Paré";"Louis-Philippe-Paré";"7eaaf529-41c4-4de4-880a-f0e4d841562e";"a9bd364c-fa1e-4db1-962a-88e99dec3b5e";"9126dac8-6056-4ea4-8675-3323ba716855";"a9bd364c-fa1e-4db1-962a-88e99dec3b5e"
"b_autre_equipe_servie";"3339c9c2-6c60-4f9f-9123-ac9d7fbbf15a";"visitor";"e16d92b7-db5d-4a14-bbf2-b9961db3895a";"Flag football J F D4 AUTOMNE Est";"Académie Dunton";"Académie Dunton";"5dc79710-f838-41ae-9172-e44834ab1c03";"8dcff620-53ec-4463-83f4-c6eacff3be25";"ed56fe8c-12ab-4353-bc90-f27d1962542a";"8dcff620-53ec-4463-83f4-c6eacff3be25"
"b_autre_equipe_servie";"3359075e-d195-4197-9fb2-1b89a6a92ff8";"home";"7480b48f-7cdf-496a-8a63-c7a02b5a582b";"Flag football J M D4 Niveau 2 SECTION 1";"ÉS Père-Marquette";"ÉS Père-Marquette";"e25b5591-03f4-47ca-a560-34de311ac035";"59f59f9b-d7c1-45ee-8b26-d7f25c4fe4f0";"e2cc3eae-31c4-458a-9ace-200b8f404925";"59f59f9b-d7c1-45ee-8b26-d7f25c4fe4f0"
"b_autre_equipe_servie";"336266df-2e68-4e24-b609-d28e3464aadc";"visitor";"f46dafc6-bba4-492b-8018-42e5f7b1e60b";"Flag football C M D3";"D'Arcy McGee";"D'Arcy McGee";"3df7cc0b-59f6-42f0-89c9-d2000e62980a";"37f82d0a-778b-4185-8aea-a43a8d233858";"74c0f897-74d9-4004-a0a1-59f94728fae3";"37f82d0a-778b-4185-8aea-a43a8d233858"
"b_autre_equipe_servie";"337e7196-7c81-401b-b78f-4dd30fe6c658";"visitor";"ddb09791-d655-47f6-8f19-1be3cb3f8881";"Flag football J F D4";"É.S. Monique Proulx";"É.S. Monique Proulx";"b6c9a680-49a4-41a1-a890-74e6171f73db";"48ef6f8f-293c-442d-a89f-58418d22b72f";"fe2dd27e-d57d-40c9-a0ad-1bc2ac669685";"48ef6f8f-293c-442d-a89f-58418d22b72f"
"b_autre_equipe_servie";"33bc7209-f7f0-4434-910a-54e358da0019";"home";"63674c9c-ddf3-4366-a800-5c0e6eeb2ca4";"Flag football J M D3";"Collège St-Jean-Vianney";"Collège St-Jean-Vianney";"77b09d75-350c-45aa-9b0f-7b8be7193c7d";"aa80b959-a4cd-4f1d-9d63-aa0fcc39beef";"35df4f7a-344f-430e-b40f-cbff6a23bce1";"aa80b959-a4cd-4f1d-9d63-aa0fcc39beef"
"b_autre_equipe_servie";"341c2a03-106d-4713-b588-1d13c831e9b2";"home";"78dc4bed-ab2f-4b1e-9cb7-5c4ab1409486";"Soccer C Filles D3 A";"Loyola";"Loyola";"dcd0a98a-fe5c-411c-bcb8-181fa7499535";"ebbd2646-9b30-40f0-95e9-e22dfbe9f22c";"da021e3c-d0e2-4606-b3b0-f9e04def93eb";"ebbd2646-9b30-40f0-95e9-e22dfbe9f22c"
"b_autre_equipe_servie";"3434293d-703c-4c6c-829f-f9dc1566cee5";"visitor";"046ff248-ffb0-4086-a663-0f6008b92233";"Soccer B F D4";"Benoit-Vachon";"Benoit-Vachon";"18a03a58-c486-4cf7-8113-e18caa2957c8";"679428eb-e803-4aca-b482-671d21c4820d";"e32cff2a-3e6e-4e84-b95f-266d15136adc";"679428eb-e803-4aca-b482-671d21c4820d"
"b_autre_equipe_servie";"34ffef62-73a7-470f-a277-065fe28bfea3";"home";"1a704772-73bb-4490-8c1f-13440f42c3f4";"Flag football J F D4 Niveau 1 Printemps Blanche";"Oka";"Oka";"fa8bd3ec-613c-41a3-964a-8ea83df0b52b";"6793f849-718d-423b-a1f4-e06387fc2916";"be5cd12b-d4de-43ee-a2df-fa13b7a5acc2";"6793f849-718d-423b-a1f4-e06387fc2916"
"b_autre_equipe_servie";"355e0d42-fddb-40ee-9a85-1c01bbb2cebb";"home";"372f5b96-24f5-46e1-b113-aed0341fd1c8";"Flag football C F D3";"De la Croisée";"De la Croisée";"a1d1609f-3210-4e69-872b-4a0f9b265765";"e952c549-f77a-47b5-b248-68d266b18fcc";"bf124b17-6ac5-44ed-a736-9d4a72e04f85";"e952c549-f77a-47b5-b248-68d266b18fcc"
"b_autre_equipe_servie";"359b7931-0ba5-4a88-aff0-11db13584536";"home";"4dc2ef6c-2d94-4813-b927-e5224cfee00b";"Flag football J F D4 Niveau 1 Printemps Blanche";"Des Patriotes";"Des Patriotes";"9274efd7-3130-491b-8f37-680544650fc8";"8df911c0-dc7f-48f6-8b2d-b46221296a03";"5a500f5f-8d18-4880-aeab-05392b0699b8";"8df911c0-dc7f-48f6-8b2d-b46221296a03"
"b_autre_equipe_servie";"359ff2c1-f3e4-4df0-b811-2f40b7dfbaaf";"visitor";"ed762fe5-aba9-42f1-b4e3-3a4d18cfd192";"Flag football J F D3";"Les Estacades";"Les Estacades";"82ff7714-b9e0-41f6-8bc4-afe70ff9cb02";"a9fb5ad5-e146-4af5-b7a7-5e3a05e31d97";"314fdb41-3f82-4d4f-90f6-248a584bbdbc";"a9fb5ad5-e146-4af5-b7a7-5e3a05e31d97"
"b_autre_equipe_servie";"35ca1dbb-4f1e-4b99-b359-58876b8fa5b9";"visitor";"41aeae03-c057-4d24-a3dc-4ee2fd7e0e8b";"Flag football J F D4 Niveau 1";"Du Rocher";"Du Rocher";"e0bb38a1-e65f-4561-985d-9a26a313d562";"a936ba2c-57fb-4e40-bfc0-3311506e89ae";"bcacb355-5dc5-4c15-93e7-614db59a38fa";"a936ba2c-57fb-4e40-bfc0-3311506e89ae"
"b_autre_equipe_servie";"35cf413a-2dbb-44b7-8beb-947371ba01cb";"home";"7d764b3f-4cc2-4277-9ae0-39564c7a4da4";"Soccer B M D4 Niveau 1";"Samuel-Champlain";"Samuel-Champlain";"c9a5b768-f239-4207-90c2-93f4fc18a4c2";"01a19d6a-3ea2-4665-a5d5-ede3eee89439";"ba03109c-7726-4db7-b348-87bce8f32bfb";"01a19d6a-3ea2-4665-a5d5-ede3eee89439"
"b_autre_equipe_servie";"36006c1e-9960-45c7-96ba-51733cef81a3";"home";"5b06e34f-5e9d-4b05-8a41-db0758b9c369";"Flag football B F D4 Niveau 1 Automne Noire";"Barthélemy-Joliette";"Barthélemy-Joliette";"9f493149-6512-47a3-9ae7-01a86e67b90c";"64dc66d7-f8d6-48c0-8c58-47a2b16be284";"27b30554-3ba1-4925-bfb4-58b4d4130832";"64dc66d7-f8d6-48c0-8c58-47a2b16be284"
"b_autre_equipe_servie";"3639c014-618d-4415-9422-a97849c6aa43";"home";"1a0f70e0-a3a6-4568-8ea6-c4df377687b6";"Flag football C M D3";"Grande-Rivière";"Grande-Rivière";"bbf64225-2b6f-47c1-b2d7-8b1c47dfc4c6";"5f1ca83e-d5b7-4a3b-8155-01d37b858ae4";"0c41f4d6-af9b-4661-b7ef-ead05b3ea2d9";"5f1ca83e-d5b7-4a3b-8155-01d37b858ae4"
"b_autre_equipe_servie";"36af7d19-3312-46bb-9f88-1c4f9336ca5a";"home";"df142f42-fcde-41ea-a47b-29ac2c401321";"Soccer J Garçons D3 C";"Collège Sainte-Anne";"Collège Sainte-Anne";"ebf8cb23-c51e-4ba1-9d55-23078cf09f0d";"cda673b2-8a38-4656-aedb-ddf403d429b8";"089cf689-2453-4d65-80f0-0f908bbe53e4";"cda673b2-8a38-4656-aedb-ddf403d429b8"
"b_autre_equipe_servie";"36db363f-5525-4a54-b04b-da7e750d9da2";"home";"a385f1c7-3a59-47e3-b97e-1a8a3fc5805f";"Flag football C M D3";"Collège St-Jean-Vianney";"Collège St-Jean-Vianney";"30f7d148-24d6-4d48-920d-da55128051bf";"6806bef5-c01c-4b16-992f-cc0bf74bb04b";"cba3c9b3-4223-4e38-aa19-92e9942e2268";"6806bef5-c01c-4b16-992f-cc0bf74bb04b"
"b_autre_equipe_servie";"3779da1d-1dbb-47e1-a5c3-d36037ac71de";"visitor";"e62cd4e6-06d1-40f0-ac66-48dc2b6e3863";"Volleyball B Filles D3 A";"Loyola";"Loyola";"7038b42c-8d94-4174-a20e-6ffee617c1e9";"c1bdd457-9b1a-4832-91f7-9c6aea3ff4b4";"6880efdb-b62d-4261-9b65-3792d035ad34";"c1bdd457-9b1a-4832-91f7-9c6aea3ff4b4"
"b_autre_equipe_servie";"3788005d-d858-485a-af71-fc3c7a70ce61";"home";"f31372e1-a888-43de-bfde-e7368087fa84";"Soccer J Garçons D3 C";"Collège Sainte-Anne";"Collège Sainte-Anne";"ebf8cb23-c51e-4ba1-9d55-23078cf09f0d";"cda673b2-8a38-4656-aedb-ddf403d429b8";"089cf689-2453-4d65-80f0-0f908bbe53e4";"cda673b2-8a38-4656-aedb-ddf403d429b8"
"b_autre_equipe_servie";"3814ce16-3b14-4584-b0c5-5a4653c726ca";"visitor";"f84f54f8-6f97-47af-9f2a-7fdedd5e40b9";"Volleyball B Filles D3 A";"St. Thomas";"St. Thomas";"841c6565-ea95-45aa-a0b0-e7465a916640";"d6b599af-b8c0-4d9d-9dc9-d1287b6cf144";"5c8070d8-51f0-450a-a39f-d438ff2e64e6";"d6b599af-b8c0-4d9d-9dc9-d1287b6cf144"
"b_autre_equipe_servie";"385ce0ea-1201-4209-b268-c2434b6fd7bf";"visitor";"3f1205ca-25c1-4957-a8b3-241a41151ea2";"Soccer J F D3";"Sém. St-François";"Sém. St-François";"0c361f10-7462-4d3a-a945-160f4c023997";"0b03232b-1696-4760-bcb5-6762964a15a0";"b91eb083-dd03-4a92-a57d-a094ec0bd85e";"0b03232b-1696-4760-bcb5-6762964a15a0"
"b_autre_equipe_servie";"38773bd1-4ef3-449b-af84-32464cba2933";"home";"e686ed9d-956a-490f-8669-bd94f197be6c";"Soccer C M D3";"Coll. Jésus-Marie de Sillery";"Coll. Jésus-Marie de Sillery";"58ab4606-8249-4282-89bf-74f31c3f8a40";"91634316-db6d-48e4-bb46-9a57272f4c0e";"137328a2-c1aa-4f69-9952-5107c5a695d8";"91634316-db6d-48e4-bb46-9a57272f4c0e"
"b_autre_equipe_servie";"38773bd1-4ef3-449b-af84-32464cba2933";"visitor";"e686ed9d-956a-490f-8669-bd94f197be6c";"Soccer C M D3";"Coll. des Compagnons";"Coll. des Compagnons";"3dc8c9ac-1de6-4418-8a4d-662471c42efe";"fd0dd869-d8d6-4b6a-9554-38d34f31fad2";"e898d8d7-6d74-4ba0-89cf-c714822388ab";"fd0dd869-d8d6-4b6a-9554-38d34f31fad2"
"b_autre_equipe_servie";"3883d28c-b4eb-4852-875f-5aa8cfa247b4";"home";"7a1b70fc-fa3a-416d-9557-ac60a23fde6e";"Football J M D4";"Porte-du-Nord";"Porte-du-Nord";"0095b948-554e-4800-80f6-7039ab27e2f7";"6cf105f1-bcfb-4172-a914-872f116a7f39";"8660d029-021c-40f5-9354-464d5d80f536";"6cf105f1-bcfb-4172-a914-872f116a7f39"
"b_autre_equipe_servie";"38870708-e704-403b-a5a2-05e2d550bf39";"home";"a48b5565-02b4-4747-b63d-a12e8e2f1eda";"Volleyball J Filles D3 B";"Vincent Massey";"Vincent Massey";"61ae54c9-926c-4590-9b56-8f0d2624f05d";"35dd97ed-493b-4b1b-af7b-0a6be4d7b7ab";"ffae5407-e3df-4d29-bf55-f7976dd39cc7";"35dd97ed-493b-4b1b-af7b-0a6be4d7b7ab"
"b_autre_equipe_servie";"38870708-e704-403b-a5a2-05e2d550bf39";"visitor";"a48b5565-02b4-4747-b63d-a12e8e2f1eda";"Volleyball J Filles D3 B";"Collège Notre-Dame";"Collège Notre-Dame";"340e1e9c-592a-463e-915d-fc44c2edf786";"8696dcb4-9c7d-4a8d-8c6e-b2b5fce72fd8";"aeb7b60a-ad42-4a0a-a30e-f1a297263d23";"8696dcb4-9c7d-4a8d-8c6e-b2b5fce72fd8"
"b_autre_equipe_servie";"38de8149-9a61-4754-b2cd-2dc084b26a19";"visitor";"85167ffa-9455-4485-8c9f-7e468958f322";"Flag football B F D4 Niveau 1 Printemps Bleue";"Maréchal";"Maréchal";"99b94fd3-173a-43a6-9c4b-a3600fbe039f";"3c38c30f-cc65-436f-a84d-65b3d648ee56";"65b57f06-2be1-45e2-8280-dccd7f807872";"3c38c30f-cc65-436f-a84d-65b3d648ee56"
"b_autre_equipe_servie";"395cf759-b995-413d-9d46-04bddc7ded86";"visitor";"c382e7e7-9a3c-44f8-be11-a8028c72118a";"Soccer B M D4 Niveau 3";"Coll. Champigny";"Coll. Champigny";"8c0c206a-64b1-4979-9ddc-603c0fba8701";"91cecef8-5eb9-4953-b0a7-e66e85a75b73";"ae941847-6edf-408e-b088-89002766c39b";"91cecef8-5eb9-4953-b0a7-e66e85a75b73"
"b_autre_equipe_servie";"39c662fd-8652-4528-866e-ccc3f8d16eb3";"home";"e28b3361-3c40-4228-a442-7556c336974d";"Soccer C M D3";"Coll. Jésus-Marie de Sillery";"Coll. Jésus-Marie de Sillery";"58ab4606-8249-4282-89bf-74f31c3f8a40";"91634316-db6d-48e4-bb46-9a57272f4c0e";"137328a2-c1aa-4f69-9952-5107c5a695d8";"91634316-db6d-48e4-bb46-9a57272f4c0e"
"b_autre_equipe_servie";"39c662fd-8652-4528-866e-ccc3f8d16eb3";"visitor";"e28b3361-3c40-4228-a442-7556c336974d";"Soccer C M D3";"Coll. des Compagnons";"Coll. des Compagnons";"3dc8c9ac-1de6-4418-8a4d-662471c42efe";"fd0dd869-d8d6-4b6a-9554-38d34f31fad2";"e898d8d7-6d74-4ba0-89cf-c714822388ab";"fd0dd869-d8d6-4b6a-9554-38d34f31fad2"
"b_autre_equipe_servie";"39fdcf6e-4f02-4d74-8e14-c4e2197a6157";"visitor";"b77ecb3e-0aff-4967-9f9d-b6cbcd62514a";"Flag football B M D3";"Collège Reine-Marie";"Collège Reine-Marie";"20eadcaf-4913-441a-bda8-fb62ada925c6";"1d0c69c4-bfb1-45ac-90ae-ae0fcc4818c4";"36af98ef-b4b5-4453-bcad-4fae819c37f4";"1d0c69c4-bfb1-45ac-90ae-ae0fcc4818c4"
"b_autre_equipe_servie";"39fe1f30-326c-4fd9-ae98-c16b4eca6e43";"home";"0ba824f0-5694-47e6-984e-0354c04a95cc";"Soccer J Filles D3 A";"John-Rennie";"John-Rennie";"72769c16-52c5-4f5a-93d1-d77c516fbdc5";"2acb0446-bb4a-4d77-91f5-5b4ed18aa6d5";"00300778-0c3f-46de-91f8-11b3a6f5d02a";"2acb0446-bb4a-4d77-91f5-5b4ed18aa6d5"
"b_autre_equipe_servie";"3a148931-ff21-495f-ac7f-bf01be4a2afb";"home";"9e75dc6b-c5f2-465f-8f19-0e22a1c50d98";"Rugby J F D4";"Polybel";"Polybel";"bab310a9-acb9-4465-8850-452b6b540bf4";"bfb487ff-8bcf-4ab5-bf4e-411e54d5f792";"4cac9a6a-f48b-4131-a39c-1d512e755ae4";"bfb487ff-8bcf-4ab5-bf4e-411e54d5f792"
"b_autre_equipe_servie";"3a148931-ff21-495f-ac7f-bf01be4a2afb";"visitor";"9e75dc6b-c5f2-465f-8f19-0e22a1c50d98";"Rugby J F D4";"Louis-Philippe-Paré";"Louis-Philippe-Paré";"387ce7de-f19b-44b7-8ce5-39a08d414327";"1cb260ec-3ae9-4ff4-99cf-c58c2a9fbb4a";"12665e0c-61e5-4d08-bc20-0e5cf8c33736";"1cb260ec-3ae9-4ff4-99cf-c58c2a9fbb4a"
"b_autre_equipe_servie";"3a549427-e14b-4766-b155-d4d59d24e974";"visitor";"6e98f816-8fdd-4c51-abf6-37c0acd4b3ad";"Rugby J F D4";"Collège Sainte-Anne";"Collège Sainte-Anne";"b665eb86-4ab6-4d36-a5f7-58f256e1ee32";"8089b76c-0095-4dce-bc13-43f0b65de51f";"eb986db5-f276-43ba-bc4a-a3bbcc32dd8f";"8089b76c-0095-4dce-bc13-43f0b65de51f"
"b_autre_equipe_servie";"3a685ceb-2d5f-4eb5-b5c6-852a676b4194";"home";"f03f65de-9b87-4e8a-9750-a7df1c91c13e";"Rugby J F D3";"Pontiac";"Pontiac";"a8ae97c2-a677-451c-ab20-044722830f1b";"c6a9fa3a-c94f-4a9a-954d-068b3d64e36e";"14abf13f-a35f-44af-85ab-27bf377df80c";"c6a9fa3a-c94f-4a9a-954d-068b3d64e36e"
"b_autre_equipe_servie";"3a685ceb-2d5f-4eb5-b5c6-852a676b4194";"visitor";"f03f65de-9b87-4e8a-9750-a7df1c91c13e";"Rugby J F D3";"Philemon Wright";"Philemon Wright";"dfdaf91f-367d-417e-935b-b98392d7bce9";"ae69bf34-f967-4557-864d-81e8e7edb903";"7cdf6d8f-2307-41de-8e72-7dd686b81d53";"ae69bf34-f967-4557-864d-81e8e7edb903"
"b_autre_equipe_servie";"3ac36c39-067e-4bde-97f5-229c91b91ab8";"home";"b04fa34a-66cf-4e0b-b95a-b9e10fd64154";"Volleyball C Filles D3 B";"Loyola";"Loyola";"e725e9c1-f50c-4c16-8c9f-6d2da76f22fe";"2e1510cb-e48c-46b3-8d98-e007aa3fc848";"eda3b035-b965-4606-a704-f36f2afb1b35";"2e1510cb-e48c-46b3-8d98-e007aa3fc848"
"b_autre_equipe_servie";"3b686c48-774e-4350-b6cd-3a4d03193c5a";"home";"cf9d99e0-6ca0-4527-b6d9-8e741d5db9bf";"Soccer C M D3";"Acad. Saint-Louis";"Acad. Saint-Louis";"688697a0-f47a-466d-9dac-68260b0ba3bb";"d79ef77e-b1e0-4c38-9887-69033fc3dbda";"9be97f39-aba3-4ee6-bdf4-220ec07e3913";"d79ef77e-b1e0-4c38-9887-69033fc3dbda"
"b_autre_equipe_servie";"3b686c48-774e-4350-b6cd-3a4d03193c5a";"visitor";"cf9d99e0-6ca0-4527-b6d9-8e741d5db9bf";"Soccer C M D3";"St-Ch.Garnier";"St-Ch.Garnier";"bdacde59-6442-498b-bd78-f3b5d9794760";"d5a5f0fa-09b0-4f8d-8407-1dc4999d90b4";"01072e59-bee3-4570-af4c-1e0409f3ce4a";"d5a5f0fa-09b0-4f8d-8407-1dc4999d90b4"
"b_autre_equipe_servie";"3bfe7cde-5fb9-41aa-82ff-8b9370c8d7a5";"visitor";"2951e2d9-cb03-4b1a-8560-02b46c9af737";"Flag football J Garçons D3 Fall B";"St. Thomas";"St. Thomas";"10031fbc-739d-47f5-a8bf-30ae4822c5cf";"7eb78569-f713-45dd-be90-325aa31e4fdb";"0f464fed-4180-420c-865c-a10acb99e18f";"7eb78569-f713-45dd-be90-325aa31e4fdb"
"b_autre_equipe_servie";"3c704e3b-939b-419b-a5e0-982bb60a1c92";"visitor";"6136a630-c6da-4f81-9e19-08af53c54078";"Flag football C F D4 Niveau 1 Automne Noire";"Thérèse-Martin";"Thérèse-Martin";"539f3f92-e1b2-4c2f-b8c7-0305f27280ab";"bc0d4aba-ce7c-4ccd-833e-7a6457b9abb1";"f5347bb5-d398-4c01-a0d5-62a7c94979c8";"bc0d4aba-ce7c-4ccd-833e-7a6457b9abb1"
"b_autre_equipe_servie";"3c86dbd7-346d-4621-9ba5-08c3779f3226";"home";"5dca8cdf-ad38-40f9-883b-2f6f6d9e22f0";"Soccer C M D3";"Acad. Saint-Louis";"Acad. Saint-Louis";"688697a0-f47a-466d-9dac-68260b0ba3bb";"d79ef77e-b1e0-4c38-9887-69033fc3dbda";"9be97f39-aba3-4ee6-bdf4-220ec07e3913";"d79ef77e-b1e0-4c38-9887-69033fc3dbda"
"b_autre_equipe_servie";"3c86dbd7-346d-4621-9ba5-08c3779f3226";"visitor";"5dca8cdf-ad38-40f9-883b-2f6f6d9e22f0";"Soccer C M D3";"Coll. Jésus-Marie de Sillery";"Coll. Jésus-Marie de Sillery";"58ab4606-8249-4282-89bf-74f31c3f8a40";"91634316-db6d-48e4-bb46-9a57272f4c0e";"137328a2-c1aa-4f69-9952-5107c5a695d8";"91634316-db6d-48e4-bb46-9a57272f4c0e"
"b_autre_equipe_servie";"3cde95ab-483f-4389-9c08-abe0002ee4f2";"home";"7b68d22f-c58d-403c-90d2-f5e8103f4ffe";"Flag football C F D3";"De la Croisée";"De la Croisée";"a1d1609f-3210-4e69-872b-4a0f9b265765";"e952c549-f77a-47b5-b248-68d266b18fcc";"bf124b17-6ac5-44ed-a736-9d4a72e04f85";"e952c549-f77a-47b5-b248-68d266b18fcc"
"b_autre_equipe_servie";"3cde95ab-483f-4389-9c08-abe0002ee4f2";"visitor";"7b68d22f-c58d-403c-90d2-f5e8103f4ffe";"Flag football C F D3";"Collège Laval";"Collège Laval";"7c85cb28-97a3-45ba-837d-5102ae60e136";"67d06c20-9fa7-44f0-9a78-9e09b8060e7a";"48858e5a-4e54-4604-acf0-a1665be482b0";"67d06c20-9fa7-44f0-9a78-9e09b8060e7a"
"b_autre_equipe_servie";"3d23fd86-56f6-4dbf-b50b-d820e41875cc";"home";"d105c051-6fce-448b-81d2-175a863036a5";"Flag football J F D3";"Collège Laval";"Collège Laval";"5e7dee86-294e-4ef1-85b7-a5e29d997007";"c6f1ae19-b6e3-4400-b739-f1c5767d6fb6";"ba5842f5-e433-4682-96ed-4cc27746f6f2";"c6f1ae19-b6e3-4400-b739-f1c5767d6fb6"
"b_autre_equipe_servie";"3d543709-5081-4711-a4af-ad426e08f5f8";"home";"2ddab75a-42fe-493c-8a31-0d3ad716a67d";"Flag football C M D4";"Le Tremplin";"Le Tremplin";"1a351f3e-a171-4200-8d6b-7f78d860189d";"b4806885-e39f-43c3-b441-b2755d7544fd";"eb067125-a9a7-4a65-a802-0ebf186b7ac6";"b4806885-e39f-43c3-b441-b2755d7544fd"
"b_autre_equipe_servie";"3d543709-5081-4711-a4af-ad426e08f5f8";"visitor";"2ddab75a-42fe-493c-8a31-0d3ad716a67d";"Flag football C M D4";"Les Seigneuries";"Les Seigneuries";"ee96df69-70e4-437d-abcc-cbc38e2c8266";"d9fd05f3-aaa7-4c3a-85b8-e9ca0c1b32cc";"8ae637de-dfb1-4580-a462-f8c00bd88fbc";"d9fd05f3-aaa7-4c3a-85b8-e9ca0c1b32cc"
"b_autre_equipe_servie";"3d782530-965e-4266-8b33-94439b8a7d1d";"home";"f567e44a-27c0-413e-83e2-f32ed3ea4b52";"Flag football B F D4 Niveau 1 Automne Bleue";"Félix-Leclerc";"Félix-Leclerc";"d03ed9de-a04a-418a-80a4-7602ba961d89";"92cc4b9c-0030-455b-ac3f-d9bfd037341d";"1ee1ceca-caa4-401d-be46-afbf207d6577";"92cc4b9c-0030-455b-ac3f-d9bfd037341d"
"b_autre_equipe_servie";"3d882bea-5fbd-49ff-9f3d-84c76dd1b401";"visitor";"15cd842b-0896-4b0f-b418-235f623d0477";"Flag football C M D3";"Keranna";"Keranna";"8e4c4a18-20a4-434b-873b-5a57894acc16";"48bd2869-cbbd-44e7-b505-15264e6b359a";"92b7dded-5766-468d-a09f-f78ca4db7422";"48bd2869-cbbd-44e7-b505-15264e6b359a"
"b_autre_equipe_servie";"3d95a6a9-381a-410d-8653-bf86b64ac618";"home";"4e37557c-77a4-46d7-ba32-59942a9fc5cf";"Flag football C F D3";"Collège Laval";"Collège Laval";"7c85cb28-97a3-45ba-837d-5102ae60e136";"67d06c20-9fa7-44f0-9a78-9e09b8060e7a";"48858e5a-4e54-4604-acf0-a1665be482b0";"67d06c20-9fa7-44f0-9a78-9e09b8060e7a"
"b_autre_equipe_servie";"3d95a6a9-381a-410d-8653-bf86b64ac618";"visitor";"4e37557c-77a4-46d7-ba32-59942a9fc5cf";"Flag football C F D3";"Curé-Antoine-Labelle";"Curé-Antoine-Labelle";"9b8d8c74-5b02-4eea-b55a-6b74a52c6a07";"756b1ac6-c36f-4d51-9b16-b3070e474e5d";"d1fa5dda-b79e-4d03-8282-8aadf746d5ad";"756b1ac6-c36f-4d51-9b16-b3070e474e5d"
"b_autre_equipe_servie";"3dac2af5-002a-4a4c-a80e-32d71e9b6dc9";"home";"2e0a7b1e-74e4-405f-ac70-ccf9fb317da6";"Soccer C Garçons D3 A";"Vincent Massey";"Vincent Massey";"72bf5301-b901-4f17-bac9-8da2c7eba2ae";"7c166bde-ea46-4afa-8dd3-992793757254";"552eb8e1-8996-4d2e-8385-398e84773a39";"7c166bde-ea46-4afa-8dd3-992793757254"
"b_autre_equipe_servie";"3dc230b6-f62a-43bc-8a7b-17bef300b2da";"home";"41bdb470-2371-460a-acd6-8628c000e2b9";"Flag football J F D3";"Collège Laval";"Collège Laval";"5e7dee86-294e-4ef1-85b7-a5e29d997007";"c6f1ae19-b6e3-4400-b739-f1c5767d6fb6";"ba5842f5-e433-4682-96ed-4cc27746f6f2";"c6f1ae19-b6e3-4400-b739-f1c5767d6fb6"
"b_autre_equipe_servie";"3dc230b6-f62a-43bc-8a7b-17bef300b2da";"visitor";"41bdb470-2371-460a-acd6-8628c000e2b9";"Flag football J F D3";"Curé-Antoine-Labelle";"Curé-Antoine-Labelle";"76f3e1ba-694a-45d8-b73b-be5d9053754e";"5b2bccf9-96e8-41dd-b277-72ae4ede2548";"e9147c31-d7f9-4e53-a542-c12c12d7843e";"5b2bccf9-96e8-41dd-b277-72ae4ede2548"
"b_autre_equipe_servie";"3dc3c82b-dc62-4cbd-8141-e5a0ae4aea7a";"home";"9632bb0f-e9e7-47f5-bd99-841cf4ce39e2";"Volleyball B Filles D3 B";"Vincent Massey";"Vincent Massey";"04a1a220-e9f5-4a63-b3bc-e62d22b0a912";"0cb50c40-a579-469f-abd4-ac2ce3d60d67";"2c4b35e9-c397-4764-a032-37706506c6ce";"0cb50c40-a579-469f-abd4-ac2ce3d60d67"
"b_autre_equipe_servie";"3dfc82d4-bc66-43d8-ae4a-f17090402303";"visitor";"0dd00a01-3204-416c-8ab9-03a8f109cb29";"Volleyball B Filles D3 A";"Loyola";"Loyola";"7038b42c-8d94-4174-a20e-6ffee617c1e9";"c1bdd457-9b1a-4832-91f7-9c6aea3ff4b4";"6880efdb-b62d-4261-9b65-3792d035ad34";"c1bdd457-9b1a-4832-91f7-9c6aea3ff4b4"
"b_autre_equipe_servie";"3e63f6ee-2ccc-4b44-88bc-11fbc4134132";"home";"76517da6-f5e8-41e7-8eef-31d6a1612495";"Flag football C M D4";"La Découverte";"La Découverte";"03447e48-a804-49e0-b2b9-d82e928ab996";"6befc759-5ec1-4b59-a105-3e8d706ddc34";"5bfaa963-9f5b-4869-b85c-24d4e65de989";"6befc759-5ec1-4b59-a105-3e8d706ddc34"
"b_autre_equipe_servie";"3ea386d9-3699-45bf-94c7-b37d5985f65b";"visitor";"e494dc33-281e-4c2d-99b8-0ae63550de04";"Flag football C F D3";"Des Pionniers";"Des Pionniers";"ff21aa79-3ea4-454b-97bf-cb320cd125fc";"5bcd3141-ea4c-4f10-b813-cf7c90cc7283";"c443670f-5922-48e0-bacc-afb9f1fb6656";"5bcd3141-ea4c-4f10-b813-cf7c90cc7283"
"b_autre_equipe_servie";"3ed81dbc-caf9-4059-a3cb-1a1cb14d44c4";"visitor";"4293b8f4-b216-4fab-84f9-1c191fd4b462";"Flag football J F D3 AUTOMNE";"Collège Mont-St-Louis";"Collège Mont-St-Louis";"3137e064-cc69-4786-b9be-38efbd6fd77d";"89d6b494-d0e0-426b-b014-5ceec9541866";"e336e16a-7f91-480d-8fd7-c30f31a3e5ce";"89d6b494-d0e0-426b-b014-5ceec9541866"
"b_autre_equipe_servie";"3ef5246c-593b-4c27-87f9-78dfe9fea0c1";"home";"520ea3ef-9801-4dff-be01-c31ee2723d09";"Soccer J F D3";"Sém. St-François";"Sém. St-François";"0c361f10-7462-4d3a-a945-160f4c023997";"0b03232b-1696-4760-bcb5-6762964a15a0";"b91eb083-dd03-4a92-a57d-a094ec0bd85e";"0b03232b-1696-4760-bcb5-6762964a15a0"
"b_autre_equipe_servie";"3ef5246c-593b-4c27-87f9-78dfe9fea0c1";"visitor";"520ea3ef-9801-4dff-be01-c31ee2723d09";"Soccer J F D3";"Acad. Saint-Louis";"Acad. Saint-Louis";"b1b00ba1-ba59-47ca-977d-94da486df8d8";"38e6ded8-385a-42fa-bcda-317121bf97f9";"a8e4e0cd-1e79-4e60-9321-f0024ad740c0";"38e6ded8-385a-42fa-bcda-317121bf97f9"
"b_autre_equipe_servie";"3f1be12b-0422-4a0e-a593-94da7b910ff9";"visitor";"4bf40667-11b8-49c2-acb3-487552406370";"Flag football C F D4 Niveau 2 Printemps Bleue";"Curé-Mercure";"Curé-Mercure";"bfd5a0ab-e341-4e60-b492-0288daf04150";"49f55647-1858-4af3-b791-2dcb7b4e8976";"217043ab-eeda-42da-8b85-ee90bfac8e09";"49f55647-1858-4af3-b791-2dcb7b4e8976"
"b_autre_equipe_servie";"3ff7f1ae-e529-4368-98e5-7678926fdeca";"home";"920a8f85-8a5a-4a33-8441-d6bbb047804c";"Soccer C Garçons D3 A";"Collège Sainte-Anne";"Collège Sainte-Anne";"e2f9ab5e-3c60-45a6-a3e6-d1792ca5fc6f";"43f59393-bcd5-4281-bed7-5d3f9b460f85";"f9aa0101-4a96-4528-a1d4-7f248e9c60b4";"43f59393-bcd5-4281-bed7-5d3f9b460f85"
"b_autre_equipe_servie";"40333e1a-b6c7-4777-9ba4-4ee250eb87c0";"visitor";"094bf6e0-375b-48b8-b307-fabe64b5530d";"Flag football B Garçons D3";"St. Thomas";"St. Thomas";"1275fac4-0dfa-4472-b847-16f59607814c";"85e323cf-7804-4c94-a8bc-b68b210fb6b6";"f29603cc-8dfe-48eb-ab1d-955fdb4c1c69";"85e323cf-7804-4c94-a8bc-b68b210fb6b6"
"b_autre_equipe_servie";"404440dd-b4df-40f1-8046-6e1ae0fb529f";"home";"638ad1df-01ae-4dcd-9cb5-c4f5dff8f6d8";"Volleyball C Filles D4 Niveau 1 A";"St. Thomas";"St. Thomas";"b35f766c-78ab-482a-9aee-e0a62235e41c";"edceb2bd-43e5-4ab6-8582-61cd932c6df0";"71d19fd0-8d99-4efe-907b-ea1e9f749b62";"edceb2bd-43e5-4ab6-8582-61cd932c6df0"
"b_autre_equipe_servie";"406ca4f2-47f7-453b-a70e-142c9f626537";"visitor";"6db8d73d-0650-44f2-90ad-b33183bda0d0";"Flag football J F D4";"Poly La Samare";"Poly La Samare";"7f320590-4edf-4999-b3b0-1ba2d5df377c";"9dfab3f5-bbef-43e0-a48a-8a4516095e01";"99bca96f-8725-4d0a-94ac-dc97dbcf3d37";"9dfab3f5-bbef-43e0-a48a-8a4516095e01"
"b_autre_equipe_servie";"40e931a5-e595-4bcd-b86a-059f188d88a1";"home";"7a331076-8ec5-4a07-8e3a-17a14e120f88";"Flag football B F D4 Niveau 1 Printemps Bleue";"Maréchal";"Maréchal";"99b94fd3-173a-43a6-9c4b-a3600fbe039f";"3c38c30f-cc65-436f-a84d-65b3d648ee56";"65b57f06-2be1-45e2-8280-dccd7f807872";"3c38c30f-cc65-436f-a84d-65b3d648ee56"
"b_autre_equipe_servie";"411c301b-32c6-4223-9d2e-6253a752885c";"visitor";"30dd9132-6a7d-406e-bf28-1d88ff71e392";"Rugby J F D3";"Philemon Wright";"Philemon Wright";"dfdaf91f-367d-417e-935b-b98392d7bce9";"ae69bf34-f967-4557-864d-81e8e7edb903";"7cdf6d8f-2307-41de-8e72-7dd686b81d53";"ae69bf34-f967-4557-864d-81e8e7edb903"
"b_autre_equipe_servie";"41727feb-24d2-4374-a6df-4622ee7699a3";"home";"881d8854-b3c3-44e8-95e4-5de43dc10947";"Flag football J F D4 Niveau 1";"Jean-Nicolet";"Jean-Nicolet";"e920723c-ad6c-4954-80b9-6b60de1130a0";"d4bdd2c3-feca-42d3-8ad8-fbcadb22a6bc";"8b5e17a1-40e5-4581-bcd8-a8698dafcaf4";"d4bdd2c3-feca-42d3-8ad8-fbcadb22a6bc"
"b_autre_equipe_servie";"417c0e16-2113-4fd0-bd43-0228313fb02d";"home";"e82f2b81-7c98-4465-a3ff-ab3fa10e5e04";"Soccer C Garçons D3 A";"Collège St-Jean-Vianney";"Collège St-Jean-Vianney";"7b96aaab-f3b8-4a68-ad39-23b339aded0d";"d8d75aa6-31c9-46e1-8d72-2bb712f0f4e5";"c5b472ff-c9f4-43fc-baee-e70fd43bb00a";"d8d75aa6-31c9-46e1-8d72-2bb712f0f4e5"
"b_autre_equipe_servie";"41a2cfb4-5d13-4cf6-a5a0-6ee57851fc89";"visitor";"51fda1aa-bba3-4d71-b773-2b548ee11a68";"Flag football C F D4 Niveau 1 Automne Noire";"Thérèse-Martin";"Thérèse-Martin";"539f3f92-e1b2-4c2f-b8c7-0305f27280ab";"bc0d4aba-ce7c-4ccd-833e-7a6457b9abb1";"f5347bb5-d398-4c01-a0d5-62a7c94979c8";"bc0d4aba-ce7c-4ccd-833e-7a6457b9abb1"
"b_autre_equipe_servie";"420e7670-bddb-4b33-b55d-70c76ecf9c00";"home";"6bb34906-d420-4006-bba8-6b9771d4f218";"Flag football J F D4 Niveau 2";"Les Seigneuries";"Les Seigneuries";"3d8f3e17-67d7-4b67-90fb-4f6b303c5135";"84e9deb5-de91-40f5-b8c8-44eaf2fe6e53";"d31cbb64-fa7d-4169-a8dd-f3979dbee616";"84e9deb5-de91-40f5-b8c8-44eaf2fe6e53"
"b_autre_equipe_servie";"420e7670-bddb-4b33-b55d-70c76ecf9c00";"visitor";"6bb34906-d420-4006-bba8-6b9771d4f218";"Flag football J F D4 Niveau 2";"Keranna";"Keranna";"fe618731-fb76-403b-a160-eac9a75825f1";"3fb96c84-8649-4be4-a75b-feb9e791c399";"a2c44904-c8e2-47b6-aa8d-af1de83fddd1";"3fb96c84-8649-4be4-a75b-feb9e791c399"
"b_autre_equipe_servie";"422c036e-ce75-4a6c-9a2d-6d93b7cca26e";"visitor";"c696cc71-9709-42a3-b6e4-7147f63f050c";"Volleyball C Filles D3 B";"Loyola";"Loyola";"e725e9c1-f50c-4c16-8c9f-6d2da76f22fe";"2e1510cb-e48c-46b3-8d98-e007aa3fc848";"eda3b035-b965-4606-a704-f36f2afb1b35";"2e1510cb-e48c-46b3-8d98-e007aa3fc848"
"b_autre_equipe_servie";"430af33c-3fe9-4daa-93d9-1ce9e973811e";"visitor";"032d79e6-9e8b-4f30-9c1d-fcb783c0b989";"Flag football J F D3 AUTOMNE";"Collège Mont-St-Louis";"Collège Mont-St-Louis";"3137e064-cc69-4786-b9be-38efbd6fd77d";"89d6b494-d0e0-426b-b014-5ceec9541866";"e336e16a-7f91-480d-8fd7-c30f31a3e5ce";"89d6b494-d0e0-426b-b014-5ceec9541866"
"b_autre_equipe_servie";"43709ea6-1345-4b0a-a009-6d77ab34a8a2";"visitor";"5e18268f-4a46-4cb1-8198-45f149d4fd0c";"Soccer B Garçons D3 A";"Loyola";"Loyola";"a43970ec-24bc-4c8f-a621-c9ba57bb18b6";"f7dae16e-360c-43ef-ba53-8f6b1184af96";"cbb2fe47-9daf-4242-baba-d314eab310e8";"f7dae16e-360c-43ef-ba53-8f6b1184af96"
"b_autre_equipe_servie";"43952c9d-ee40-4721-ae26-f3080580193a";"visitor";"dd7972e3-d8ad-46d1-9a1d-5d6e4d4d656b";"Soccer J M D4 Niveau 2";"Pionniers";"Pionniers";"e7196785-a1bb-4221-8df8-cefa1611142c";"f014c7cc-1d60-4d03-9ec2-a428bec87de7";"1b8a6c0a-a39d-4592-9900-a4868c66c9cf";"f014c7cc-1d60-4d03-9ec2-a428bec87de7"
"b_autre_equipe_servie";"43ab649a-548d-490f-8f28-dbcff2db7cf4";"home";"d6dca726-8556-4635-bb7f-78a7dfcfc3cb";"Rugby J F D4";"Polybel";"Polybel";"bab310a9-acb9-4465-8850-452b6b540bf4";"bfb487ff-8bcf-4ab5-bf4e-411e54d5f792";"4cac9a6a-f48b-4131-a39c-1d512e755ae4";"bfb487ff-8bcf-4ab5-bf4e-411e54d5f792"
"b_autre_equipe_servie";"43ab649a-548d-490f-8f28-dbcff2db7cf4";"visitor";"d6dca726-8556-4635-bb7f-78a7dfcfc3cb";"Rugby J F D4";"Cité-des-Jeunes";"Cité-des-Jeunes";"02c60b9a-fd03-4a97-a42e-93671e5a1095";"1406338c-e857-49f7-bdf2-6c489c0d9fbf";"e2396918-2ccc-48e3-bc81-bcade52e58e7";"1406338c-e857-49f7-bdf2-6c489c0d9fbf"
"b_autre_equipe_servie";"43d7ccb4-35dc-48c5-ade2-a99fd8161f64";"home";"71600f02-4d6f-4f08-a340-e56d3c6b35d9";"Flag football C F D4 Niveau 2 Printemps Bleue";"Curé-Mercure";"Curé-Mercure";"bfd5a0ab-e341-4e60-b492-0288daf04150";"49f55647-1858-4af3-b791-2dcb7b4e8976";"217043ab-eeda-42da-8b85-ee90bfac8e09";"49f55647-1858-4af3-b791-2dcb7b4e8976"
"b_autre_equipe_servie";"44682e12-e28e-4e87-8d3c-ff7c503ac74c";"home";"843f6ae6-d276-4202-a3fb-ebf5a4ef66f5";"Flag football B F D4 Niveau 1 Automne Bleue";"Félix-Leclerc";"Félix-Leclerc";"d03ed9de-a04a-418a-80a4-7602ba961d89";"92cc4b9c-0030-455b-ac3f-d9bfd037341d";"1ee1ceca-caa4-401d-be46-afbf207d6577";"92cc4b9c-0030-455b-ac3f-d9bfd037341d"
"b_autre_equipe_servie";"446c8dab-e0f2-4334-b1a5-7a6db13fc5d3";"visitor";"5766010b-d4c7-428a-ac34-46df0593de95";"Volleyball B Garçons D3 B";"Collège Notre-Dame";"Collège Notre-Dame";"aaa6ba91-8840-4726-81fc-2cbfe9df2379";"dbb0de18-c040-4d86-a0c7-7f85e0ca6eef";"6b4eb500-abcc-4655-8e71-cbfc8f9f1bd9";"dbb0de18-c040-4d86-a0c7-7f85e0ca6eef"
"b_autre_equipe_servie";"446daa4b-1baa-4f4a-9078-025389296c35";"visitor";"529fa413-79ae-4e43-b77e-e83bde7d88a3";"Volleyball C Filles D4 Niveau 1 A";"St. Thomas";"St. Thomas";"b35f766c-78ab-482a-9aee-e0a62235e41c";"edceb2bd-43e5-4ab6-8582-61cd932c6df0";"71d19fd0-8d99-4efe-907b-ea1e9f749b62";"edceb2bd-43e5-4ab6-8582-61cd932c6df0"
"b_autre_equipe_servie";"44e9743a-ad29-4d44-a7c2-eed8514e8240";"visitor";"3956330c-3b0a-404b-976e-ea5de5d48bf0";"Volleyball C Filles D3 A";"John-Rennie";"John-Rennie";"ee9e77c1-58c7-4afe-a05d-029b50c9591c";"55f90e35-a7e0-4f7c-ab28-9cff54d91bd0";"40257dd1-fce5-4bac-98f7-259a15747354";"55f90e35-a7e0-4f7c-ab28-9cff54d91bd0"
"b_autre_equipe_servie";"451f1df8-5f9b-4a2c-ad7d-98167b4bc683";"visitor";"77bc1b3d-fab1-4f4e-846a-d801ae5e4312";"Volleyball C Garçons D3";"Loyola";"Loyola";"b313784c-ba77-4c54-af66-8b2cf916473c";"149a1cec-b797-4551-854a-d6fa0ab35979";"89d68e71-0f2c-4754-bf54-d5201d785aa4";"149a1cec-b797-4551-854a-d6fa0ab35979"
"b_autre_equipe_servie";"4520eaae-6482-4315-8020-e399d02e19e7";"visitor";"5d0a7d0e-6282-4142-9087-5a1229b6fd9c";"Soccer J F D3";"Acad. Saint-Louis";"Acad. Saint-Louis";"b1b00ba1-ba59-47ca-977d-94da486df8d8";"38e6ded8-385a-42fa-bcda-317121bf97f9";"a8e4e0cd-1e79-4e60-9321-f0024ad740c0";"38e6ded8-385a-42fa-bcda-317121bf97f9"
"b_autre_equipe_servie";"452d5788-e588-4034-ac28-07c33acab417";"home";"d0b670bb-09b6-4764-8b89-bd10884f8fb6";"Rugby J F D4";"Marcellin-Champagnat";"Marcellin-Champagnat";"c1dbfc29-478b-4a48-877e-6015f7b52bd1";"52149486-c23a-4412-af24-c92632b1e54a";"950da248-7ef5-4354-bbab-26eb1e37d10f";"52149486-c23a-4412-af24-c92632b1e54a"
"b_autre_equipe_servie";"452d5788-e588-4034-ac28-07c33acab417";"visitor";"d0b670bb-09b6-4764-8b89-bd10884f8fb6";"Rugby J F D4";"Polybel";"Polybel";"bab310a9-acb9-4465-8850-452b6b540bf4";"bfb487ff-8bcf-4ab5-bf4e-411e54d5f792";"4cac9a6a-f48b-4131-a39c-1d512e755ae4";"bfb487ff-8bcf-4ab5-bf4e-411e54d5f792"
"b_autre_equipe_servie";"457f7bf7-2897-44c2-a69e-e911b55cfbf2";"home";"cc8f5efa-192a-47cf-9654-ca1457778814";"Flag football J F D4 Niveau 1 Printemps Blanche";"Des Patriotes";"Des Patriotes";"9274efd7-3130-491b-8f37-680544650fc8";"8df911c0-dc7f-48f6-8b2d-b46221296a03";"5a500f5f-8d18-4880-aeab-05392b0699b8";"8df911c0-dc7f-48f6-8b2d-b46221296a03"
"b_autre_equipe_servie";"457f7bf7-2897-44c2-a69e-e911b55cfbf2";"visitor";"cc8f5efa-192a-47cf-9654-ca1457778814";"Flag football J F D4 Niveau 1 Printemps Blanche";"Oka";"Oka";"fa8bd3ec-613c-41a3-964a-8ea83df0b52b";"6793f849-718d-423b-a1f4-e06387fc2916";"be5cd12b-d4de-43ee-a2df-fa13b7a5acc2";"6793f849-718d-423b-a1f4-e06387fc2916"
"b_autre_equipe_servie";"45b76813-faa4-4edd-99cf-30c829df7477";"home";"26180de4-8c88-47da-9fa6-83b769ac225b";"Rugby J F D4";"Collège Sainte-Anne";"Collège Sainte-Anne";"b665eb86-4ab6-4d36-a5f7-58f256e1ee32";"8089b76c-0095-4dce-bc13-43f0b65de51f";"eb986db5-f276-43ba-bc4a-a3bbcc32dd8f";"8089b76c-0095-4dce-bc13-43f0b65de51f"
"b_autre_equipe_servie";"45b76813-faa4-4edd-99cf-30c829df7477";"visitor";"26180de4-8c88-47da-9fa6-83b769ac225b";"Rugby J F D4";"Polybel";"Polybel";"bab310a9-acb9-4465-8850-452b6b540bf4";"bfb487ff-8bcf-4ab5-bf4e-411e54d5f792";"4cac9a6a-f48b-4131-a39c-1d512e755ae4";"bfb487ff-8bcf-4ab5-bf4e-411e54d5f792"
"b_autre_equipe_servie";"45d0d6f1-21f1-4804-8f35-00842a26490e";"home";"54a4af0c-0e2a-4ccf-965d-1cb7f9903b3e";"Volleyball B Filles D3 B";"Vincent Massey";"Vincent Massey";"04a1a220-e9f5-4a63-b3bc-e62d22b0a912";"0cb50c40-a579-469f-abd4-ac2ce3d60d67";"2c4b35e9-c397-4764-a032-37706506c6ce";"0cb50c40-a579-469f-abd4-ac2ce3d60d67"
"b_autre_equipe_servie";"45d24317-9713-4e07-b053-0a9e10baf6f1";"home";"d49e5af7-2184-427b-bd72-2ffee214be44";"Flag football J F D3";"Letendre";"Letendre";"f7bb60ef-d707-4be0-91cd-5aeb72f01159";"9dc3fff7-feea-45bf-b4e9-275be3464259";"a9d2827e-8a68-4253-bc45-2f0cab85ba99";"9dc3fff7-feea-45bf-b4e9-275be3464259"
"b_autre_equipe_servie";"45d24317-9713-4e07-b053-0a9e10baf6f1";"visitor";"d49e5af7-2184-427b-bd72-2ffee214be44";"Flag football J F D3";"Georges-Vanier";"Georges-Vanier";"a83a9df4-1a0a-42f8-800f-817051bf0e88";"2216d2d5-4812-42ed-a01b-7f48ed8b4b38";"ec1c2e6e-5d63-4027-9f67-f6c62669085c";"2216d2d5-4812-42ed-a01b-7f48ed8b4b38"
"b_autre_equipe_servie";"45d278bc-92f6-4938-89e4-17b50a894bd2";"home";"a2aef941-5e38-4a84-b49e-be2a0046097b";"Rugby J F D4";"Cité-des-Jeunes";"Cité-des-Jeunes";"02c60b9a-fd03-4a97-a42e-93671e5a1095";"1406338c-e857-49f7-bdf2-6c489c0d9fbf";"e2396918-2ccc-48e3-bc81-bcade52e58e7";"1406338c-e857-49f7-bdf2-6c489c0d9fbf"
"b_autre_equipe_servie";"45d278bc-92f6-4938-89e4-17b50a894bd2";"visitor";"a2aef941-5e38-4a84-b49e-be2a0046097b";"Rugby J F D4";"Ozias-Leduc";"Ozias-Leduc";"7ef4a932-107a-438b-b2fd-5ddedf0cac28";"ceab6414-a407-4514-a60f-46447d52d349";"75929bcf-ff75-4d90-beba-067966ee42a6";"ceab6414-a407-4514-a60f-46447d52d349"
"b_autre_equipe_servie";"466c21dc-dabd-48db-84a3-163cd21d7502";"home";"5c9928f5-748f-487d-be1e-4f8fcdeb40ac";"Flag football J F D4 Niveau 1";"Du Rocher";"Du Rocher";"e0bb38a1-e65f-4561-985d-9a26a313d562";"a936ba2c-57fb-4e40-bfc0-3311506e89ae";"bcacb355-5dc5-4c15-93e7-614db59a38fa";"a936ba2c-57fb-4e40-bfc0-3311506e89ae"
"b_autre_equipe_servie";"4670ec52-3b8c-4ed0-8f94-593d04eb07a7";"home";"447f9717-b769-4771-81e8-449639a76bf2";"Flag football B F D4 Niveau 1 Printemps Bleue";"Académie Ste-Thérèse";"Académie Ste-Thérèse";"41d65b2d-0b58-4c60-9bfc-e9f0d4906b10";"c1064f2d-19e4-4ef9-a736-e9048c774c58";"8bda15b7-d54a-4921-a545-9191c9386bcd";"c1064f2d-19e4-4ef9-a736-e9048c774c58"
"b_autre_equipe_servie";"468da297-03f6-48af-898d-6458800130e1";"home";"274fc53a-444e-422a-8f87-83d481eb5bc9";"Soccer C M D3";"St-Ch.Garnier";"St-Ch.Garnier";"bdacde59-6442-498b-bd78-f3b5d9794760";"d5a5f0fa-09b0-4f8d-8407-1dc4999d90b4";"01072e59-bee3-4570-af4c-1e0409f3ce4a";"d5a5f0fa-09b0-4f8d-8407-1dc4999d90b4"
"b_autre_equipe_servie";"468da297-03f6-48af-898d-6458800130e1";"visitor";"274fc53a-444e-422a-8f87-83d481eb5bc9";"Soccer C M D3";"Coll. Jésus-Marie de Sillery";"Coll. Jésus-Marie de Sillery";"58ab4606-8249-4282-89bf-74f31c3f8a40";"91634316-db6d-48e4-bb46-9a57272f4c0e";"137328a2-c1aa-4f69-9952-5107c5a695d8";"91634316-db6d-48e4-bb46-9a57272f4c0e"
"b_autre_equipe_servie";"46a0d5f0-f961-461a-8266-c2350d3c30ef";"home";"bf0b4d7d-c0bd-486a-a12b-2641be79caf7";"Flag football J F D4 Niveau 1";"Paul-Le Jeune";"Paul-Le Jeune";"f5cf64b7-310a-4c07-a18d-e346c4f1717a";"8167fe7b-01fc-47d9-b77f-97c5d58d0705";"2ad4a7aa-ca9c-4490-934b-03c21b0cac95";"8167fe7b-01fc-47d9-b77f-97c5d58d0705"
"b_autre_equipe_servie";"46a0d5f0-f961-461a-8266-c2350d3c30ef";"visitor";"bf0b4d7d-c0bd-486a-a12b-2641be79caf7";"Flag football J F D4 Niveau 1";"La Découverte";"La Découverte";"2d36d17e-d5f7-47fd-b995-345e8b32a12b";"0fde9abe-8079-4938-96b4-6b414dcf06db";"7d0f9003-dcb6-414c-9506-a48de6c4a937";"0fde9abe-8079-4938-96b4-6b414dcf06db"
"b_autre_equipe_servie";"46ae3dd8-ae95-4290-ab20-1107c5517504";"home";"54700775-11db-4893-bf15-583262e9244b";"Soccer J F D4 Niveau 2";"St-Marc";"St-Marc";"662bce4c-d6ff-4221-a1e9-00e88bc53a8b";"24064fca-97a5-430e-8a2f-0a456ba8cfab";"e1ba37c4-c7b3-42ec-9441-32c137786b4f";"24064fca-97a5-430e-8a2f-0a456ba8cfab"
"b_autre_equipe_servie";"46de7ef4-d350-4f1d-9e18-cd427b3f21bc";"visitor";"1c5cbefc-1267-4dff-9b52-ffdb62dc9ed2";"Volleyball J Filles D3 B";"Collège Notre-Dame";"Collège Notre-Dame";"340e1e9c-592a-463e-915d-fc44c2edf786";"8696dcb4-9c7d-4a8d-8c6e-b2b5fce72fd8";"aeb7b60a-ad42-4a0a-a30e-f1a297263d23";"8696dcb4-9c7d-4a8d-8c6e-b2b5fce72fd8"
"b_autre_equipe_servie";"476bdcc6-5dcf-4981-bebb-c936adb2695e";"visitor";"19b2b808-3c44-41ad-a157-70fd116ac61b";"Volleyball J Filles D3 B";"Collège Notre-Dame";"Collège Notre-Dame";"340e1e9c-592a-463e-915d-fc44c2edf786";"8696dcb4-9c7d-4a8d-8c6e-b2b5fce72fd8";"aeb7b60a-ad42-4a0a-a30e-f1a297263d23";"8696dcb4-9c7d-4a8d-8c6e-b2b5fce72fd8"
"b_autre_equipe_servie";"477a154b-591d-4dca-916a-6f1e489fc1f8";"home";"60a76dda-def1-434e-93d9-40da2ac6a94d";"Flag football C M D4";"Jean-Nicolet";"Jean-Nicolet";"0c55e091-7a8a-4279-aeed-7fef1fe3d3a4";"f0bd5efa-3fa1-4ebf-9e59-94b35bf60b39";"da1d244d-8f96-4854-9f29-1fd38c534858";"f0bd5efa-3fa1-4ebf-9e59-94b35bf60b39"
"b_autre_equipe_servie";"477a154b-591d-4dca-916a-6f1e489fc1f8";"visitor";"60a76dda-def1-434e-93d9-40da2ac6a94d";"Flag football C M D4";"Keranna F";"Keranna F";"7d091d97-24a2-4f1b-a8c0-46daed1e0135";"c96da4c1-d23d-487a-9091-73a9750ad66d";"036fc191-51a7-4b17-bd78-9795ad5b980d";"c96da4c1-d23d-487a-9091-73a9750ad66d"
"b_autre_equipe_servie";"478c2982-bdde-4c1a-9c48-b6a2e038b9de";"home";"cfa64de9-d59b-40db-8313-4180fbb2fcbc";"Flag football J F D3 AUTOMNE";"Collège Notre-Dame";"Collège Notre-Dame";"099c0446-4eb6-42c4-b9d3-5e2a8d97db9b";"51304192-0336-4a08-bd8b-f767da22a202";"dab3d5b4-94ee-4ee6-9727-b69ff813dc03";"51304192-0336-4a08-bd8b-f767da22a202"
"b_autre_equipe_servie";"478c2982-bdde-4c1a-9c48-b6a2e038b9de";"visitor";"cfa64de9-d59b-40db-8313-4180fbb2fcbc";"Flag football J F D3 AUTOMNE";"Collège Mont-St-Louis";"Collège Mont-St-Louis";"3137e064-cc69-4786-b9be-38efbd6fd77d";"89d6b494-d0e0-426b-b014-5ceec9541866";"e336e16a-7f91-480d-8fd7-c30f31a3e5ce";"89d6b494-d0e0-426b-b014-5ceec9541866"
"b_autre_equipe_servie";"47ac4558-b5e3-46b4-8830-40d9a98934c2";"home";"38d38958-9792-47ce-bce0-86e971c4e1cf";"Flag football C F D3";"Keranna";"Keranna";"64ee8121-29e1-4b74-80b6-28eb7e980dd5";"f9d1057a-08b8-4c87-b074-9379a8de248a";"51825efe-6158-463f-910a-733c1b16cbe7";"f9d1057a-08b8-4c87-b074-9379a8de248a"
"b_autre_equipe_servie";"47c6ed7d-890f-4f4b-815c-d1ea47384cb3";"visitor";"13860de7-5c67-42d1-8717-60c362135f85";"Flag football J F D4 Niveau 1 Printemps Rouge";"Du Havre";"Du Havre";"5e91c2b2-76f4-4bf3-960d-a3550310c147";"24df857e-aba1-4284-857d-e4acca46266a";"fda820a7-d603-45c4-b953-3d26fe305940";"24df857e-aba1-4284-857d-e4acca46266a"
"b_autre_equipe_servie";"47d6a50f-0fce-4416-a1bb-a781fefdcbc7";"visitor";"b9c249bd-06ea-40d1-ab02-a704c02d4011";"Soccer B M D4 Niveau 3";"Coll. Champigny";"Coll. Champigny";"8c0c206a-64b1-4979-9ddc-603c0fba8701";"91cecef8-5eb9-4953-b0a7-e66e85a75b73";"ae941847-6edf-408e-b088-89002766c39b";"91cecef8-5eb9-4953-b0a7-e66e85a75b73"
"b_autre_equipe_servie";"485c9d76-21f2-47e1-93b3-0f378cefe3cd";"visitor";"1f52612b-f44b-4c13-9fbc-0576c19d044f";"Volleyball J Filles D3 A";"St. Thomas";"St. Thomas";"965eaded-5ed7-4569-a8e3-e7416469ce98";"faea7178-3fe6-47af-ad56-4cca73d1c736";"873e45c8-3720-4b7c-b1ab-14ddd4ecc054";"faea7178-3fe6-47af-ad56-4cca73d1c736"
"b_autre_equipe_servie";"48a0ad7d-75a3-4f9d-ac19-84afd0ffe76d";"home";"ea44678e-c3ce-4781-b00d-81ed33cdc01f";"Flag football J F D3";"Des Pionniers";"Des Pionniers";"ff75e7d6-d39a-46ad-a5d3-38bfa287ee7d";"c28d50f0-72bf-4b77-9297-53af1bae2597";"8fd9ff1f-e30a-4df7-bee2-593225647626";"c28d50f0-72bf-4b77-9297-53af1bae2597"
"b_autre_equipe_servie";"48a0ad7d-75a3-4f9d-ac19-84afd0ffe76d";"visitor";"ea44678e-c3ce-4781-b00d-81ed33cdc01f";"Flag football J F D3";"Jean-Nicolet";"Jean-Nicolet";"fce377df-7ccf-48fe-95e4-8c495beb78f7";"8fb67088-d17d-49ca-b77a-0ef8b88a67ca";"a8d1a4df-bc95-4634-9558-77b153932a2f";"8fb67088-d17d-49ca-b77a-0ef8b88a67ca"
"b_autre_equipe_servie";"48e5caa6-8185-4f36-9fbe-2c53a97cf7c0";"home";"5a7d0c7f-a291-4101-94f7-00da24ad18cd";"Football J M D4";"Porte-du-Nord";"Porte-du-Nord";"0095b948-554e-4800-80f6-7039ab27e2f7";"6cf105f1-bcfb-4172-a914-872f116a7f39";"8660d029-021c-40f5-9354-464d5d80f536";"6cf105f1-bcfb-4172-a914-872f116a7f39"
"b_autre_equipe_servie";"49258ebf-8fd5-4ea6-bd5f-2459928ae6ce";"home";"b2badc86-3923-44f9-9052-614265428ec0";"Soccer C Garçons D3 A";"2nd Place Section A - College Sainte Anne";"Collège Sainte-Anne";"e2f9ab5e-3c60-45a6-a3e6-d1792ca5fc6f";"43f59393-bcd5-4281-bed7-5d3f9b460f85";"f9aa0101-4a96-4528-a1d4-7f248e9c60b4";"43f59393-bcd5-4281-bed7-5d3f9b460f85"
"b_autre_equipe_servie";"49623d8b-7d84-43a0-aa6c-cd30a7105e6b";"home";"8e5b45be-93b0-4045-94d2-83a513822c70";"Flag football J F D4 AUTOMNE Est";"Académie Dunton";"Académie Dunton";"5dc79710-f838-41ae-9172-e44834ab1c03";"8dcff620-53ec-4463-83f4-c6eacff3be25";"ed56fe8c-12ab-4353-bc90-f27d1962542a";"8dcff620-53ec-4463-83f4-c6eacff3be25"
"b_autre_equipe_servie";"498d5f26-1172-4148-accf-ff5178687081";"home";"2fb50b91-a9f7-43fc-9bb4-c083592e9cfd";"Rugby J F D4";"Collège Sainte-Anne";"Collège Sainte-Anne";"b665eb86-4ab6-4d36-a5f7-58f256e1ee32";"8089b76c-0095-4dce-bc13-43f0b65de51f";"eb986db5-f276-43ba-bc4a-a3bbcc32dd8f";"8089b76c-0095-4dce-bc13-43f0b65de51f"
"b_autre_equipe_servie";"49b7ec47-76eb-4412-b55f-52fe9e999a7e";"home";"70d5a861-9d85-4ff9-9433-7a002d93e0dd";"Soccer B M D4 Niveau 1";"Samuel-Champlain";"Samuel-Champlain";"c9a5b768-f239-4207-90c2-93f4fc18a4c2";"01a19d6a-3ea2-4665-a5d5-ede3eee89439";"ba03109c-7726-4db7-b348-87bce8f32bfb";"01a19d6a-3ea2-4665-a5d5-ede3eee89439"
"b_autre_equipe_servie";"49b7ec47-76eb-4412-b55f-52fe9e999a7e";"visitor";"70d5a861-9d85-4ff9-9433-7a002d93e0dd";"Soccer B M D4 Niveau 1";"Poly. Black-Lake";"Poly. Black-Lake";"69ecbba0-33d5-4e94-a564-150a9767f528";"0b4fdb84-c1df-4c2c-8815-5fd3b3634c7f";"0dd006a2-b3aa-43b0-aef6-a9fb0d81ec02";"0b4fdb84-c1df-4c2c-8815-5fd3b3634c7f"
"b_autre_equipe_servie";"4a8e7b63-836e-4db4-8841-d18d1fa2c506";"visitor";"80bda5ff-111b-4966-99ea-e06492ff3b7a";"Flag football C M D4";"La Découverte";"La Découverte";"03447e48-a804-49e0-b2b9-d82e928ab996";"6befc759-5ec1-4b59-a105-3e8d706ddc34";"5bfaa963-9f5b-4869-b85c-24d4e65de989";"6befc759-5ec1-4b59-a105-3e8d706ddc34"
"b_autre_equipe_servie";"4ad6be0d-d8c3-48f6-aed8-d2e2a9d65340";"home";"fe689703-7acf-41b0-ba34-5bab2071c8da";"Flag football C M D4";"Jean-Nicolet";"Jean-Nicolet";"0c55e091-7a8a-4279-aeed-7fef1fe3d3a4";"f0bd5efa-3fa1-4ebf-9e59-94b35bf60b39";"da1d244d-8f96-4854-9f29-1fd38c534858";"f0bd5efa-3fa1-4ebf-9e59-94b35bf60b39"
"b_autre_equipe_servie";"4ad6be0d-d8c3-48f6-aed8-d2e2a9d65340";"visitor";"fe689703-7acf-41b0-ba34-5bab2071c8da";"Flag football C M D4";"Les Seigneuries";"Les Seigneuries";"ee96df69-70e4-437d-abcc-cbc38e2c8266";"d9fd05f3-aaa7-4c3a-85b8-e9ca0c1b32cc";"8ae637de-dfb1-4580-a462-f8c00bd88fbc";"d9fd05f3-aaa7-4c3a-85b8-e9ca0c1b32cc"
"b_autre_equipe_servie";"4ae651fa-e810-4853-9ecd-d422282458b4";"home";"375b0f25-65ad-4b5b-a0cc-02d1a818575e";"Football B M D4";"Quatre-Vents";"Quatre-Vents";"7998eb28-c4f5-429d-a8a2-3bc3474efda1";"4f9f21cf-a8e6-4f48-8b1d-58cd452f4ef5";"fe1bbe92-d89b-4a10-80da-b6cb7f304758";"4f9f21cf-a8e6-4f48-8b1d-58cd452f4ef5"
"b_autre_equipe_servie";"4aed9b4f-84ca-4acd-9ce1-a8f33a791a26";"home";"bed60081-6663-46ee-b999-7d5ab93edfac";"Volleyball C Filles D3 A";"John-Rennie";"John-Rennie";"ee9e77c1-58c7-4afe-a05d-029b50c9591c";"55f90e35-a7e0-4f7c-ab28-9cff54d91bd0";"40257dd1-fce5-4bac-98f7-259a15747354";"55f90e35-a7e0-4f7c-ab28-9cff54d91bd0"
"b_autre_equipe_servie";"4b0f7d08-3f56-44cb-a67c-147c18a68cc4";"home";"d21941f7-ec03-4133-ae47-2f61c3539ba2";"Flag football J F D4 AUTOMNE Est";"Académie Dunton";"Académie Dunton";"5dc79710-f838-41ae-9172-e44834ab1c03";"8dcff620-53ec-4463-83f4-c6eacff3be25";"ed56fe8c-12ab-4353-bc90-f27d1962542a";"8dcff620-53ec-4463-83f4-c6eacff3be25"
"b_autre_equipe_servie";"4b11c833-af23-4952-9aea-60d283792a81";"home";"f2471d9d-ff89-44f3-b34f-b5ddf4b5aa8e";"Flag football B Garçons D3";"St. Thomas";"St. Thomas";"1275fac4-0dfa-4472-b847-16f59607814c";"85e323cf-7804-4c94-a8bc-b68b210fb6b6";"f29603cc-8dfe-48eb-ab1d-955fdb4c1c69";"85e323cf-7804-4c94-a8bc-b68b210fb6b6"
"b_autre_equipe_servie";"4b87e136-a932-43d3-813c-9e8a91454f22";"visitor";"8110f369-32f3-4268-a523-2e1c0201509a";"Flag football C F D3";"Des Pionniers";"Des Pionniers";"ff21aa79-3ea4-454b-97bf-cb320cd125fc";"5bcd3141-ea4c-4f10-b813-cf7c90cc7283";"c443670f-5922-48e0-bacc-afb9f1fb6656";"5bcd3141-ea4c-4f10-b813-cf7c90cc7283"
"b_autre_equipe_servie";"4bd2a0e3-21cd-4223-b000-2f38a636130a";"home";"11aa9da9-821f-409a-9af2-11671f1fe6a6";"Flag football B F D4 Niveau 2 Printemps Noire";"Amitié";"Amitié";"ff2f31f7-6794-4d33-a1a1-b33f757c2094";"031b6af5-9f8e-472b-a7a2-e599992fefc0";"6fcdc16f-a623-45c0-9e64-fdfe47fc7fce";"031b6af5-9f8e-472b-a7a2-e599992fefc0"
"b_autre_equipe_servie";"4bd3deb1-caf5-4e19-997c-4390607724db";"home";"d4479b8a-6928-47cc-9008-05d583f45d11";"Rugby C F D4";"Louis-Philippe-Paré";"Louis-Philippe-Paré";"7eaaf529-41c4-4de4-880a-f0e4d841562e";"a9bd364c-fa1e-4db1-962a-88e99dec3b5e";"9126dac8-6056-4ea4-8675-3323ba716855";"a9bd364c-fa1e-4db1-962a-88e99dec3b5e"
"b_autre_equipe_servie";"4ca82040-bc71-4c4b-a536-974183b2d16a";"home";"1dde6b73-40e5-4250-8a4f-a614e9ce001e";"Flag football B F D3";"Collège Notre-Dame";"Collège Notre-Dame";"5a3db3ba-d32d-47fb-928a-de1f6910f51d";"2fb0c17b-9a09-4294-8511-1de6b8a82163";"d91cc894-9c54-443f-baf4-491cee77e80f";"2fb0c17b-9a09-4294-8511-1de6b8a82163"
"b_autre_equipe_servie";"4ca82040-bc71-4c4b-a536-974183b2d16a";"visitor";"1dde6b73-40e5-4250-8a4f-a614e9ce001e";"Flag football B F D3";"Collège Mont-St-Louis";"Collège Mont-St-Louis";"f31fd5dc-bfcc-41a1-a9f2-60ce3187b1dc";"decb9c40-49e9-42b0-8ca5-d97c37d96b2a";"76ba448a-6219-481b-bbb3-d9f3e233bc25";"decb9c40-49e9-42b0-8ca5-d97c37d96b2a"
"b_autre_equipe_servie";"4ce3e9ed-7b1e-4483-9f81-a7380bba6695";"home";"ac32a490-e75e-496a-81d0-eec9be77fd4e";"Flag football B M D3 AUTOMNE";"ÉS Père-Marquette";"ÉS Père-Marquette";"f1bdd2d7-40a0-438a-a483-53431dad157a";"9cef1809-1ff1-4253-ac75-bb6513c614a1";"4880bc60-0cad-45e4-bca1-dab618962df8";"9cef1809-1ff1-4253-ac75-bb6513c614a1"
"b_autre_equipe_servie";"4ce3e9ed-7b1e-4483-9f81-a7380bba6695";"visitor";"ac32a490-e75e-496a-81d0-eec9be77fd4e";"Flag football B M D3 AUTOMNE";"Collège Ville-Marie";"Collège Ville-Marie";"ad358ed9-50f2-4cf0-b6c0-cd9abf187e55";"f892a9e2-e19c-4620-94fc-e05e8f904330";"f958d15a-f2d3-4b21-94d5-6accf420b61a";"f892a9e2-e19c-4620-94fc-e05e8f904330"
"b_autre_equipe_servie";"4d005baa-12e3-47c8-939e-64b9f9ec9455";"home";"b35e50ae-3db3-48f3-9c3d-fe8811fd15de";"Flag football B F D3";"Letendre";"Letendre";"659b343c-3c43-4ce3-95de-06f00e334dce";"cda7148e-0fa9-4859-86d7-3a1eca7414c9";"6f52d32c-3716-4c58-8e2a-1e503ae6d709";"cda7148e-0fa9-4859-86d7-3a1eca7414c9"
"b_autre_equipe_servie";"4d05d3a9-947b-4a47-8614-a37c847c1022";"home";"45d78673-575f-4d9e-8683-5a35e84509c7";"Flag football C F D4 Niveau 1 Printemps Noire";"Antoine-Manseau";"Antoine-Manseau";"bfe30218-1e3f-4033-bac0-8894d692d4e5";"a92c5a4e-b2e3-42a8-b384-bad6b6d11f36";"0781aee3-3abf-4383-8be8-2e64da510655";"a92c5a4e-b2e3-42a8-b384-bad6b6d11f36"
"b_autre_equipe_servie";"4d4938b6-15e7-4e07-bf42-c0011486a5d4";"home";"46f603e8-e180-4674-8ea6-9a243d8cfb7c";"Flag football C F D3";"Curé-Antoine-Labelle";"Curé-Antoine-Labelle";"9b8d8c74-5b02-4eea-b55a-6b74a52c6a07";"756b1ac6-c36f-4d51-9b16-b3070e474e5d";"d1fa5dda-b79e-4d03-8282-8aadf746d5ad";"756b1ac6-c36f-4d51-9b16-b3070e474e5d"
"b_autre_equipe_servie";"4d4938b6-15e7-4e07-bf42-c0011486a5d4";"visitor";"46f603e8-e180-4674-8ea6-9a243d8cfb7c";"Flag football C F D3";"Collège Laval";"Collège Laval";"7c85cb28-97a3-45ba-837d-5102ae60e136";"67d06c20-9fa7-44f0-9a78-9e09b8060e7a";"48858e5a-4e54-4604-acf0-a1665be482b0";"67d06c20-9fa7-44f0-9a78-9e09b8060e7a"
"b_autre_equipe_servie";"4da6d30d-2363-496a-9fbc-35511db0505d";"home";"bc124761-998d-4d12-9064-e4a323f8965c";"Football B U D3 9 vs 9";"Hormisdas-Gamelin";"Hormisdas-Gamelin";"4f4e5c3e-4da0-4add-a098-7c1cc10c4122";"82674dc5-eb09-4eb0-bd7b-6af9d1823629";"dc5202f4-8d52-43c9-a661-3183075bf657";"82674dc5-eb09-4eb0-bd7b-6af9d1823629"
"b_autre_equipe_servie";"4da6d30d-2363-496a-9fbc-35511db0505d";"visitor";"bc124761-998d-4d12-9064-e4a323f8965c";"Football B U D3 9 vs 9";"Collège Saint-Alexandre";"Collège Saint-Alexandre";"9377e0cb-79e4-4bc8-b6da-19d8437929db";"e02b6ece-c480-45ee-aa6d-c964c5bbea28";"33e89322-7be3-446b-aae1-1a8462e40829";"e02b6ece-c480-45ee-aa6d-c964c5bbea28"
"b_autre_equipe_servie";"4db3e659-87e5-4779-8201-bbf4b37f9213";"home";"9e02ad83-04d2-42f2-8af3-f42cfb6cebe9";"Football B U D3 9 vs 9";"Nicolas-Gatineau";"Nicolas-Gatineau";"cda37289-fb16-4cbb-8c7b-991f7cd061dc";"34fd3959-e76d-4408-a5eb-f4e8e63345f4";"5563f7a2-ef59-440d-bb22-32a2195b69a7";"34fd3959-e76d-4408-a5eb-f4e8e63345f4"
"b_autre_equipe_servie";"4db3e659-87e5-4779-8201-bbf4b37f9213";"visitor";"9e02ad83-04d2-42f2-8af3-f42cfb6cebe9";"Football B U D3 9 vs 9";"Collège Saint-Alexandre";"Collège Saint-Alexandre";"9377e0cb-79e4-4bc8-b6da-19d8437929db";"e02b6ece-c480-45ee-aa6d-c964c5bbea28";"33e89322-7be3-446b-aae1-1a8462e40829";"e02b6ece-c480-45ee-aa6d-c964c5bbea28"
"b_autre_equipe_servie";"4db6c084-7878-4750-8342-741b5dc1a756";"visitor";"59c6aba3-5964-4100-b38d-88759323d1d4";"Flag football C M D3";"Chavigny";"Chavigny";"26e5f1cf-d481-4d53-bf42-323be2909a4f";"ce7c5792-1006-452a-9c28-18c1fff39649";"8135c065-0bb7-4fc7-8559-927d983996f7";"ce7c5792-1006-452a-9c28-18c1fff39649"
"b_autre_equipe_servie";"4e02e7e5-6de2-45ea-83de-c0f59e00da47";"visitor";"c7370189-b419-4daf-9443-33d6ebd60cf3";"Football B M D4";"Odyssée";"Odyssée";"eca5a6cf-6cca-4685-9611-2d1184f89d8e";"e99dbe5d-8be7-4a46-9009-fd88f8f3572d";"7cbcbac6-1c30-4ad3-9d59-f7acc19e99fd";"e99dbe5d-8be7-4a46-9009-fd88f8f3572d"
"b_autre_equipe_servie";"4e391b36-6005-43f8-ab74-250a692893d7";"home";"eccfacd7-3ca6-4c82-996a-6425ba2a29e4";"Rugby J F D4";"Marcellin-Champagnat";"Marcellin-Champagnat";"c1dbfc29-478b-4a48-877e-6015f7b52bd1";"52149486-c23a-4412-af24-c92632b1e54a";"950da248-7ef5-4354-bbab-26eb1e37d10f";"52149486-c23a-4412-af24-c92632b1e54a"
"b_autre_equipe_servie";"4e391b36-6005-43f8-ab74-250a692893d7";"visitor";"eccfacd7-3ca6-4c82-996a-6425ba2a29e4";"Rugby J F D4";"Cité-des-Jeunes";"Cité-des-Jeunes";"02c60b9a-fd03-4a97-a42e-93671e5a1095";"1406338c-e857-49f7-bdf2-6c489c0d9fbf";"e2396918-2ccc-48e3-bc81-bcade52e58e7";"1406338c-e857-49f7-bdf2-6c489c0d9fbf"
"b_autre_equipe_servie";"4e7f42bd-73ce-40f8-8fe9-6a67f4662829";"visitor";"6c1ce891-4585-40eb-b565-2d3cf2bc980e";"Flag football C F D3";"Keranna";"Keranna";"64ee8121-29e1-4b74-80b6-28eb7e980dd5";"f9d1057a-08b8-4c87-b074-9379a8de248a";"51825efe-6158-463f-910a-733c1b16cbe7";"f9d1057a-08b8-4c87-b074-9379a8de248a"
"b_autre_equipe_servie";"4e8f2fcb-e7d0-4585-8806-78da08db9274";"home";"bbaaa5e2-12b5-41c7-8543-33629541fd34";"Flag football B F D4 Niveau 2 Printemps Bleue";"Externat Sacré-Coeur";"Externat Sacré-Coeur";"6942bcdb-ab5d-438f-86f4-3c394a88d5a2";"fdd60545-566b-4d5e-9f83-1dabc22259a7";"c7b9b36d-f86a-43f4-ac7f-4bccf5e2918c";"fdd60545-566b-4d5e-9f83-1dabc22259a7"
"b_autre_equipe_servie";"4eaca870-9a09-4414-8f59-3935126308b6";"home";"53a82221-bd39-4ef0-848b-893d36bc633a";"Flag football C M D4";"Jean-Nicolet";"Jean-Nicolet";"0c55e091-7a8a-4279-aeed-7fef1fe3d3a4";"f0bd5efa-3fa1-4ebf-9e59-94b35bf60b39";"da1d244d-8f96-4854-9f29-1fd38c534858";"f0bd5efa-3fa1-4ebf-9e59-94b35bf60b39"
"b_autre_equipe_servie";"4eb31222-52d9-4469-bf9c-12caf73ff464";"home";"08c17dc0-b61d-4a6e-b935-ac26d182e3a2";"Soccer C F D3";"St-Ch.Garnier";"St-Ch.Garnier";"f65c9dbf-101a-45cd-8048-927badcc9781";"deda4093-014d-4928-9902-d72301a80ad3";"5503e4e9-66f8-4c1e-b84a-7cd3b9ae93be";"deda4093-014d-4928-9902-d72301a80ad3"
"b_autre_equipe_servie";"4eb3a5da-80b5-40c2-bb21-770d1cb15917";"home";"2f547e1b-c88e-4a34-b45a-debbad3e7c25";"Soccer B M D3";"Samuel-Champlain";"Samuel-Champlain";"1f320599-51b0-4d25-ad96-2244ec46f8c0";"70c59170-b063-4311-b5ab-70f4ee342e82";"aa0a5b89-d9aa-4be4-8906-863dad14ef19";"70c59170-b063-4311-b5ab-70f4ee342e82"
"b_autre_equipe_servie";"4eb3a5da-80b5-40c2-bb21-770d1cb15917";"visitor";"2f547e1b-c88e-4a34-b45a-debbad3e7c25";"Soccer B M D3";"Acad. Saint-Louis";"Acad. Saint-Louis";"fa3b684f-0a82-4084-a13d-9cf558127c50";"c0637643-0fe8-40d7-b8eb-deb4616705e5";"0f19d38a-b5c2-4910-9cf9-fc10499ceca4";"c0637643-0fe8-40d7-b8eb-deb4616705e5"
"b_autre_equipe_servie";"4eca3338-3b0b-4597-b710-95e8bc30e887";"visitor";"3edd5662-e9b4-48fa-b9d4-badc613d0232";"Rugby C F D4";"Saint-Joseph";"Saint-Joseph";"6a7cc135-bc23-431d-9386-748719185ebc";"7464715c-45a8-49df-a194-811ebd82b6bf";"f241ee42-83f9-4afa-b264-7a454d389ee8";"7464715c-45a8-49df-a194-811ebd82b6bf"
"b_autre_equipe_servie";"4edc3294-bd15-4e1c-925a-b061026ddd15";"home";"c23466cb-cf81-4961-960c-6e2fd649ebc2";"Football B U D3 9 vs 9";"Nouvelles Frontières";"Nouvelles Frontières";"288b69f9-33cc-4882-ae58-f241b2f93355";"d346d2a5-6784-48b8-acd9-e6144e693ca5";"0c2dbb00-88cb-4c3e-8f9b-98c19a79c042";"d346d2a5-6784-48b8-acd9-e6144e693ca5"
"b_autre_equipe_servie";"4edc3294-bd15-4e1c-925a-b061026ddd15";"visitor";"c23466cb-cf81-4961-960c-6e2fd649ebc2";"Football B U D3 9 vs 9";"Nicolas-Gatineau";"Nicolas-Gatineau";"cda37289-fb16-4cbb-8c7b-991f7cd061dc";"34fd3959-e76d-4408-a5eb-f4e8e63345f4";"5563f7a2-ef59-440d-bb22-32a2195b69a7";"34fd3959-e76d-4408-a5eb-f4e8e63345f4"
"b_autre_equipe_servie";"4eebd739-5208-45c6-9379-5721ed7ff3c7";"home";"0a591f48-330f-4c53-88e9-d5d3eb426c20";"Soccer J Filles D3 A";"John-Rennie";"John-Rennie";"72769c16-52c5-4f5a-93d1-d77c516fbdc5";"2acb0446-bb4a-4d77-91f5-5b4ed18aa6d5";"00300778-0c3f-46de-91f8-11b3a6f5d02a";"2acb0446-bb4a-4d77-91f5-5b4ed18aa6d5"
"b_autre_equipe_servie";"4f2d4fac-f08c-4a9a-89de-dec45efb3405";"home";"b8dee7de-609a-4b02-b8c8-39b361374119";"Flag football C M D3";"Érablière";"Érablière";"4fb39697-c93d-4515-ae3b-4eff4f97c4e6";"7abcfd74-cfdb-4367-9aa9-55f470356830";"7847ba1a-3820-411d-9d20-3b3cfd2745aa";"7abcfd74-cfdb-4367-9aa9-55f470356830"
"b_autre_equipe_servie";"4f4fd023-80e6-4a54-a714-68ae48105ca3";"home";"fff4e1ad-ee1b-4521-838c-0dd5d235a771";"Soccer J M D3";"Acad. Saint-Louis";"Acad. Saint-Louis";"3490fa45-d2be-4f4f-aeaf-60c795ee9cdd";"61779947-c82b-46b7-aa40-91824f364561";"9642311d-1337-4558-9cd4-2bb457cfadc2";"61779947-c82b-46b7-aa40-91824f364561"
"b_autre_equipe_servie";"4f5623fd-0e24-4a19-abbe-36f1a9654e61";"home";"ebbd4e36-b286-4795-904f-9250d906aa4f";"Flag football B F D4 Niveau 1 Printemps Rouge";"Des Rives";"Des Rives";"c60943c4-0b26-4bec-9b21-f7e6d32c85b4";"bbec00fb-b43b-4f6d-9406-531815a606c3";"d5c85f39-972e-47d3-ac90-064dd822afbb";"bbec00fb-b43b-4f6d-9406-531815a606c3"
"b_autre_equipe_servie";"4f5623fd-0e24-4a19-abbe-36f1a9654e61";"visitor";"ebbd4e36-b286-4795-904f-9250d906aa4f";"Flag football B F D4 Niveau 1 Printemps Rouge";"Horizon";"Horizon";"e4f77e52-dcc3-4b6f-a4f7-b83790f89147";"ef86f420-9c85-4459-85a9-ce2854c6d139";"8e54ae62-5b1f-4fb1-bd97-69416ba9c57f";"ef86f420-9c85-4459-85a9-ce2854c6d139"
"b_autre_equipe_servie";"5048599e-45fd-4802-885b-52d0465e94eb";"visitor";"d797c398-af87-4122-af16-b39a10ac4bde";"Soccer B F D3";"Sém. St-François";"Sém. St-François";"db4f75a3-208d-489f-873e-72f539d4a33e";"186813dc-d045-4f35-842d-ac22595b1508";"6e971a78-5e2b-498c-8373-193aa66a39be";"186813dc-d045-4f35-842d-ac22595b1508"
"b_autre_equipe_servie";"509b0cbc-a31c-497c-a4f2-c74caf3b7152";"visitor";"ceb0e257-9bd8-45e7-9e4c-204ce6ac9645";"Flag football C M D3";"Érablière";"Érablière";"4fb39697-c93d-4515-ae3b-4eff4f97c4e6";"7abcfd74-cfdb-4367-9aa9-55f470356830";"7847ba1a-3820-411d-9d20-3b3cfd2745aa";"7abcfd74-cfdb-4367-9aa9-55f470356830"
"b_autre_equipe_servie";"50dc865c-bcd1-4594-a272-0bca089a5945";"home";"41b2bd81-6e80-4f5e-af48-2f0a0cdaf2cd";"Flag football J F D4 Niveau 2";"Les Seigneuries";"Les Seigneuries";"3d8f3e17-67d7-4b67-90fb-4f6b303c5135";"84e9deb5-de91-40f5-b8c8-44eaf2fe6e53";"d31cbb64-fa7d-4169-a8dd-f3979dbee616";"84e9deb5-de91-40f5-b8c8-44eaf2fe6e53"
"b_autre_equipe_servie";"50dc865c-bcd1-4594-a272-0bca089a5945";"visitor";"41b2bd81-6e80-4f5e-af48-2f0a0cdaf2cd";"Flag football J F D4 Niveau 2";"Le Tremplin";"Le Tremplin";"f2d48f42-2df5-4efa-aed9-7d95cc43a6f3";"ce97c7bd-9952-42f5-bce5-c936984466a7";"2b7f3e45-53ca-4de4-8d21-9d6f8aa64ece";"ce97c7bd-9952-42f5-bce5-c936984466a7"
"b_autre_equipe_servie";"50eb3297-3219-4392-8b2b-4f5a5a92c72c";"home";"663b3b97-7e5d-40dc-9e05-5347a91e4000";"Flag football J F D3 AUTOMNE";"Collège St-Jean-Vianney";"Collège St-Jean-Vianney";"b20244af-f266-4072-95f0-3c38da5ff194";"41ac6d11-dfb6-48b3-a95c-44fb7210987a";"6e464732-eda7-47bc-a1bb-0ddeb63c6163";"41ac6d11-dfb6-48b3-a95c-44fb7210987a"
"b_autre_equipe_servie";"518f350a-15e4-45e3-9dae-18486f71d344";"home";"42bd904e-c940-4166-9ef4-9c936e568194";"Flag football J F D4 Niveau 1";"Du Rocher";"Du Rocher";"e0bb38a1-e65f-4561-985d-9a26a313d562";"a936ba2c-57fb-4e40-bfc0-3311506e89ae";"bcacb355-5dc5-4c15-93e7-614db59a38fa";"a936ba2c-57fb-4e40-bfc0-3311506e89ae"
"b_autre_equipe_servie";"51aa999e-1b5e-4f94-b72f-8e719985caee";"visitor";"b73e970d-71d4-4b72-ab3a-eceea02a3157";"Flag football C M D3";"D'Arcy McGee";"D'Arcy McGee";"3df7cc0b-59f6-42f0-89c9-d2000e62980a";"37f82d0a-778b-4185-8aea-a43a8d233858";"74c0f897-74d9-4004-a0a1-59f94728fae3";"37f82d0a-778b-4185-8aea-a43a8d233858"
"b_autre_equipe_servie";"51b6dad4-81bc-4157-aae7-f1d561411b09";"home";"cd89d381-4697-4887-bd0f-e8d59daf4ef8";"Football B M D4";"Odyssée";"Odyssée";"eca5a6cf-6cca-4685-9611-2d1184f89d8e";"e99dbe5d-8be7-4a46-9009-fd88f8f3572d";"7cbcbac6-1c30-4ad3-9d59-f7acc19e99fd";"e99dbe5d-8be7-4a46-9009-fd88f8f3572d"
"b_autre_equipe_servie";"51b6dad4-81bc-4157-aae7-f1d561411b09";"visitor";"cd89d381-4697-4887-bd0f-e8d59daf4ef8";"Football B M D4";"Quatre-Vents";"Quatre-Vents";"7998eb28-c4f5-429d-a8a2-3bc3474efda1";"4f9f21cf-a8e6-4f48-8b1d-58cd452f4ef5";"fe1bbe92-d89b-4a10-80da-b6cb7f304758";"4f9f21cf-a8e6-4f48-8b1d-58cd452f4ef5"
"b_autre_equipe_servie";"5203973b-69f9-42b1-aab1-af8788795e67";"visitor";"08d1909f-410f-4614-8cd0-2a45a88dc0b7";"Soccer B M D4 Niveau 1";"Poly. Black-Lake";"Poly. Black-Lake";"69ecbba0-33d5-4e94-a564-150a9767f528";"0b4fdb84-c1df-4c2c-8815-5fd3b3634c7f";"0dd006a2-b3aa-43b0-aef6-a9fb0d81ec02";"0b4fdb84-c1df-4c2c-8815-5fd3b3634c7f"
"b_autre_equipe_servie";"5203a2c7-11d6-4d73-bdb9-577c09234a06";"visitor";"84260d91-0aeb-4146-ac75-047f3c497546";"Soccer J M D3";"St-Ch.Garnier";"St-Ch.Garnier";"bcad0356-6dda-4bad-8204-7620ace98a0a";"dafb4803-9d3a-4a89-be48-f677732db26d";"fb03e430-2527-4824-bad4-ddebd803f8cf";"dafb4803-9d3a-4a89-be48-f677732db26d"
"b_autre_equipe_servie";"52d2bca4-58d1-45b1-a4f3-081abaaf5214";"home";"242eb601-a2be-40ab-91a2-ecc1e9cfa80f";"Flag football C M D4";"Du Rocher";"Du Rocher";"843096cc-8175-4aa6-9c2c-a7b9a5fd55b2";"df47c926-4ab5-4495-bf4f-58dab581fc74";"a15da282-40e2-4c17-93f6-209ef5af4e8c";"df47c926-4ab5-4495-bf4f-58dab581fc74"
"b_autre_equipe_servie";"533ac710-9002-40fb-ad52-78d90dc28b5f";"home";"fec04a22-b923-4d9c-ad8d-b6d1266bef73";"Flag football B M D3 AUTOMNE";"Collège St-Jean-Vianney";"Collège St-Jean-Vianney";"5bb84857-fd94-4f99-adc5-91b4dda142bb";"c7a0d819-46af-453a-acb3-faeda1be571c";"b9dde348-6a7e-400d-8653-710516392237";"c7a0d819-46af-453a-acb3-faeda1be571c"
"b_autre_equipe_servie";"533ac710-9002-40fb-ad52-78d90dc28b5f";"visitor";"fec04a22-b923-4d9c-ad8d-b6d1266bef73";"Flag football B M D3 AUTOMNE";"ÉS Père-Marquette";"ÉS Père-Marquette";"f1bdd2d7-40a0-438a-a483-53431dad157a";"9cef1809-1ff1-4253-ac75-bb6513c614a1";"4880bc60-0cad-45e4-bca1-dab618962df8";"9cef1809-1ff1-4253-ac75-bb6513c614a1"
"b_autre_equipe_servie";"534005a7-f238-45a4-ba1f-9a4a3c2b8bdd";"home";"195c4961-c61d-49b3-94ca-310d1dcb6a9f";"Soccer C M D3";"Coll. des Compagnons";"Coll. des Compagnons";"3dc8c9ac-1de6-4418-8a4d-662471c42efe";"fd0dd869-d8d6-4b6a-9554-38d34f31fad2";"e898d8d7-6d74-4ba0-89cf-c714822388ab";"fd0dd869-d8d6-4b6a-9554-38d34f31fad2"
"b_autre_equipe_servie";"53c5bfc3-8f9a-44b6-a7d5-5c935784b625";"visitor";"d4017c1a-daa8-43bc-bcc0-f7828ff52704";"Flag football J F D4 Niveau 1 Printemps Blanche";"Antoine-Manseau";"Antoine-Manseau";"d2451207-dc7e-4af8-b809-9f568c9c6573";"804a49cc-dae0-4194-8d2c-2397806cc168";"09b19983-8a9a-4fea-902b-2a02a3158ab1";"804a49cc-dae0-4194-8d2c-2397806cc168"
"b_autre_equipe_servie";"53c8cb7d-67bf-4a51-8496-eda1b1312fe9";"home";"79390b6a-ee89-4e5e-b611-0b21045a76e2";"Flag football B M D3";"Collège Reine-Marie";"Collège Reine-Marie";"20eadcaf-4913-441a-bda8-fb62ada925c6";"1d0c69c4-bfb1-45ac-90ae-ae0fcc4818c4";"36af98ef-b4b5-4453-bcad-4fae819c37f4";"1d0c69c4-bfb1-45ac-90ae-ae0fcc4818c4"
"b_autre_equipe_servie";"53e6e497-0f64-4e16-82c2-a9a0b842ebc7";"home";"21e15689-1733-4c73-a4f4-c85532fa88c4";"Volleyball C Filles D4 Niveau 1 A";"St. Thomas";"St. Thomas";"b35f766c-78ab-482a-9aee-e0a62235e41c";"edceb2bd-43e5-4ab6-8582-61cd932c6df0";"71d19fd0-8d99-4efe-907b-ea1e9f749b62";"edceb2bd-43e5-4ab6-8582-61cd932c6df0"
"b_autre_equipe_servie";"54011d81-57d2-469f-867b-d3d334845ae8";"visitor";"438d1d8b-512b-4c9f-b493-d4edd0a22457";"Soccer B M D4 Niveau 1";"Poly. Black-Lake";"Poly. Black-Lake";"69ecbba0-33d5-4e94-a564-150a9767f528";"0b4fdb84-c1df-4c2c-8815-5fd3b3634c7f";"0dd006a2-b3aa-43b0-aef6-a9fb0d81ec02";"0b4fdb84-c1df-4c2c-8815-5fd3b3634c7f"
"b_autre_equipe_servie";"5403a738-5ff8-4af6-95dc-5135771a452b";"home";"7e54014f-9024-4925-807b-cb818e23dd80";"Flag football J F D3";"Keranna";"Keranna";"0e6c2bb5-4044-4bff-a922-0fc57bcfb1c1";"c602e2a7-7bc1-42ab-b810-03046bc4fde0";"f266dcd6-fa98-44c7-a0e6-d2fd4af4c461";"c602e2a7-7bc1-42ab-b810-03046bc4fde0"
"b_autre_equipe_servie";"5403a738-5ff8-4af6-95dc-5135771a452b";"visitor";"7e54014f-9024-4925-807b-cb818e23dd80";"Flag football J F D3";"Les Estacades";"Les Estacades";"82ff7714-b9e0-41f6-8bc4-afe70ff9cb02";"a9fb5ad5-e146-4af5-b7a7-5e3a05e31d97";"314fdb41-3f82-4d4f-90f6-248a584bbdbc";"a9fb5ad5-e146-4af5-b7a7-5e3a05e31d97"
"b_autre_equipe_servie";"540b4e15-91f7-4443-8d68-bee18c56a205";"home";"793168a5-4db3-44e6-af56-ddf6e72ad595";"Flag football C F D4 Niveau 1 Printemps Noire";"Antoine-Manseau";"Antoine-Manseau";"bfe30218-1e3f-4033-bac0-8894d692d4e5";"a92c5a4e-b2e3-42a8-b384-bad6b6d11f36";"0781aee3-3abf-4383-8be8-2e64da510655";"a92c5a4e-b2e3-42a8-b384-bad6b6d11f36"
"b_autre_equipe_servie";"543f12cb-59f4-4563-b072-ed045b4f644d";"home";"fe240f77-a840-4b50-a800-a17f1b0e321a";"Soccer C M D3";"Coll. des Compagnons";"Coll. des Compagnons";"3dc8c9ac-1de6-4418-8a4d-662471c42efe";"fd0dd869-d8d6-4b6a-9554-38d34f31fad2";"e898d8d7-6d74-4ba0-89cf-c714822388ab";"fd0dd869-d8d6-4b6a-9554-38d34f31fad2"
"b_autre_equipe_servie";"543f12cb-59f4-4563-b072-ed045b4f644d";"visitor";"fe240f77-a840-4b50-a800-a17f1b0e321a";"Soccer C M D3";"Acad. Saint-Louis";"Acad. Saint-Louis";"688697a0-f47a-466d-9dac-68260b0ba3bb";"d79ef77e-b1e0-4c38-9887-69033fc3dbda";"9be97f39-aba3-4ee6-bdf4-220ec07e3913";"d79ef77e-b1e0-4c38-9887-69033fc3dbda"
"b_autre_equipe_servie";"54491487-8334-4d59-833f-512557424075";"visitor";"0dbee142-38d3-46dd-96c9-76613b5f30d8";"Flag football J F D4";"É.S. Monique Proulx";"É.S. Monique Proulx";"b6c9a680-49a4-41a1-a890-74e6171f73db";"48ef6f8f-293c-442d-a89f-58418d22b72f";"fe2dd27e-d57d-40c9-a0ad-1bc2ac669685";"48ef6f8f-293c-442d-a89f-58418d22b72f"
"b_autre_equipe_servie";"54c7f175-ced0-46df-b46b-059d4e870193";"home";"62d76f4d-6ad0-41e1-bd27-62a40118c6fc";"Flag football B F D3";"Collège St-Jean-Vianney";"Collège St-Jean-Vianney";"11f06eff-610a-4372-b4b7-73900256266d";"07f2e407-d6c9-4b71-a872-11e20a824ba3";"e1953a0f-d02f-47e1-bd1b-49e270431959";"07f2e407-d6c9-4b71-a872-11e20a824ba3"
"b_autre_equipe_servie";"54e30689-1e8c-41b7-a339-9832321550c0";"visitor";"2d431e82-f14f-4d0e-8f42-2174543a94a4";"Soccer C Garçons D3 A";"Gagnant SE-25-CSA";"Collège Sainte-Anne";"e2f9ab5e-3c60-45a6-a3e6-d1792ca5fc6f";"43f59393-bcd5-4281-bed7-5d3f9b460f85";"f9aa0101-4a96-4528-a1d4-7f248e9c60b4";"43f59393-bcd5-4281-bed7-5d3f9b460f85"
"b_autre_equipe_servie";"55898a66-44dd-4d29-9950-2eca4a7f17c6";"home";"3a03743c-fc60-4696-a6c1-40d699a0c462";"Flag football J M D4 Niveau 3";"Collège d'Anjou";"Collège d'Anjou";"d50baa17-df67-47a4-ae5d-f87ef68850ac";"1c2ded8a-c1c2-465a-9442-2398c8d96f0e";"0ef55900-0c81-495b-a9f5-47d53d820962";"1c2ded8a-c1c2-465a-9442-2398c8d96f0e"
"b_autre_equipe_servie";"55961cd7-6108-4e05-8de9-f1c78980050a";"home";"c4f54163-9c6c-42bf-88c4-6adadaf54e25";"Soccer C Garçons D3 A";"Vincent Massey";"Vincent Massey";"72bf5301-b901-4f17-bac9-8da2c7eba2ae";"7c166bde-ea46-4afa-8dd3-992793757254";"552eb8e1-8996-4d2e-8385-398e84773a39";"7c166bde-ea46-4afa-8dd3-992793757254"
"b_autre_equipe_servie";"55e200f7-8845-4c72-bb1f-b42be3c6b96f";"home";"235d2f9a-6dda-4191-810e-1bf57a0a83a8";"Volleyball B Filles D3 A";"St. Thomas";"St. Thomas";"841c6565-ea95-45aa-a0b0-e7465a916640";"d6b599af-b8c0-4d9d-9dc9-d1287b6cf144";"5c8070d8-51f0-450a-a39f-d438ff2e64e6";"d6b599af-b8c0-4d9d-9dc9-d1287b6cf144"
"b_autre_equipe_servie";"5624c0e8-abcc-4849-b1e3-f43be1db0a05";"home";"f6ae500f-b22c-4ea6-9d0a-36ce8460f4a7";"Soccer B M D3";"Coll. des Compagnons";"Coll. des Compagnons";"64af9bca-84d3-4a20-b956-3f2c3c8946a2";"b639c6b0-18d7-432d-9e84-d3644e91f12d";"cb38e65e-7c7b-4e56-83f2-d709402163c1";"b639c6b0-18d7-432d-9e84-d3644e91f12d"
"b_autre_equipe_servie";"5624c0e8-abcc-4849-b1e3-f43be1db0a05";"visitor";"f6ae500f-b22c-4ea6-9d0a-36ce8460f4a7";"Soccer B M D3";"Sém. St-François";"Sém. St-François";"4884b9d8-271b-4c8c-bbfa-f1d001503e3a";"807ae59e-77aa-4b6b-bec8-6bfcb9a9f345";"18fda611-73ef-4c03-a090-92ece48c69c0";"807ae59e-77aa-4b6b-bec8-6bfcb9a9f345"
"b_autre_equipe_servie";"56672c1b-7218-4b71-817a-baf38efc281c";"home";"7252dc06-8434-4b4c-a4fc-2047272f449c";"Flag football J F D3 AUTOMNE";"Collège Mont-St-Louis";"Collège Mont-St-Louis";"3137e064-cc69-4786-b9be-38efbd6fd77d";"89d6b494-d0e0-426b-b014-5ceec9541866";"e336e16a-7f91-480d-8fd7-c30f31a3e5ce";"89d6b494-d0e0-426b-b014-5ceec9541866"
"b_autre_equipe_servie";"568e0ae5-5bd4-42e6-b6ce-f88e0b977e19";"visitor";"b5589327-1f94-4a25-86d6-d0abfc5ba6a8";"Football J M D4";"Porte-du-Nord";"Porte-du-Nord";"0095b948-554e-4800-80f6-7039ab27e2f7";"6cf105f1-bcfb-4172-a914-872f116a7f39";"8660d029-021c-40f5-9354-464d5d80f536";"6cf105f1-bcfb-4172-a914-872f116a7f39"
"b_autre_equipe_servie";"56a0a71b-534d-43d5-9536-50b582f90980";"home";"3ff96cb8-a4b8-4535-8858-22d7b1c2ebf2";"Soccer J M D4 Niveau 2";"Coll. Champigny";"Coll. Champigny";"2e07e2fd-4e39-495d-ba0a-a07cb40c200d";"f85cc63b-f5f8-43b6-95a3-8eff2db0821a";"2daf695d-befa-47a3-8ca8-ffebb9823de0";"f85cc63b-f5f8-43b6-95a3-8eff2db0821a"
"b_autre_equipe_servie";"56fe5cdd-ed71-492b-9a13-9f24e587a996";"visitor";"72d6f523-0bad-4a0e-b882-62aa9df47982";"Volleyball J Filles D3 A";"St. Thomas";"St. Thomas";"965eaded-5ed7-4569-a8e3-e7416469ce98";"faea7178-3fe6-47af-ad56-4cca73d1c736";"873e45c8-3720-4b7c-b1ab-14ddd4ecc054";"faea7178-3fe6-47af-ad56-4cca73d1c736"
"b_autre_equipe_servie";"5763ff37-4190-4403-af67-32527238283b";"visitor";"35b4ad33-cf76-4a28-a84a-aa3be5ff2010";"Flag football B F D4 Niveau 1 Automne Bleue";"Félix-Leclerc";"Félix-Leclerc";"d03ed9de-a04a-418a-80a4-7602ba961d89";"92cc4b9c-0030-455b-ac3f-d9bfd037341d";"1ee1ceca-caa4-401d-be46-afbf207d6577";"92cc4b9c-0030-455b-ac3f-d9bfd037341d"
"b_autre_equipe_servie";"585d27de-0643-4567-98a7-9ad886fdfc52";"visitor";"9fae6acf-c3f3-463d-9b3b-4a6eaadcd500";"Flag football B F D4 Niveau 1 Automne Noire";"Barthélemy-Joliette";"Barthélemy-Joliette";"9f493149-6512-47a3-9ae7-01a86e67b90c";"64dc66d7-f8d6-48c0-8c58-47a2b16be284";"27b30554-3ba1-4925-bfb4-58b4d4130832";"64dc66d7-f8d6-48c0-8c58-47a2b16be284"
"b_autre_equipe_servie";"58b07eb6-9606-438c-88c3-a7c59921f480";"home";"ea95bbc7-1a7f-4845-b6ed-a989f9c64f69";"Flag football B M D3 AUTOMNE";"Collège Ville-Marie";"Collège Ville-Marie";"ad358ed9-50f2-4cf0-b6c0-cd9abf187e55";"f892a9e2-e19c-4620-94fc-e05e8f904330";"f958d15a-f2d3-4b21-94d5-6accf420b61a";"f892a9e2-e19c-4620-94fc-e05e8f904330"
"b_autre_equipe_servie";"58cd7daa-7996-4814-a9af-ac2c8a8fcc72";"visitor";"82f84a3a-964c-40f6-9a7d-c08c4e2a3e59";"Soccer B M D3";"Sém. St-François";"Sém. St-François";"4884b9d8-271b-4c8c-bbfa-f1d001503e3a";"807ae59e-77aa-4b6b-bec8-6bfcb9a9f345";"18fda611-73ef-4c03-a090-92ece48c69c0";"807ae59e-77aa-4b6b-bec8-6bfcb9a9f345"
"b_autre_equipe_servie";"58f394b7-d734-4fd9-ab90-d194ad605cb9";"visitor";"42db5ef4-ef5b-4057-a1ec-df4e6c6bbfa7";"Volleyball C Filles D3 A";"John-Rennie";"John-Rennie";"ee9e77c1-58c7-4afe-a05d-029b50c9591c";"55f90e35-a7e0-4f7c-ab28-9cff54d91bd0";"40257dd1-fce5-4bac-98f7-259a15747354";"55f90e35-a7e0-4f7c-ab28-9cff54d91bd0"
"b_autre_equipe_servie";"59207ab0-9c88-44dd-9dfd-eb80df0feb29";"home";"a4422d9f-a472-4db3-b85f-7c9ea613978f";"Flag football J F D4 Niveau 1";"Paul-Le Jeune";"Paul-Le Jeune";"f5cf64b7-310a-4c07-a18d-e346c4f1717a";"8167fe7b-01fc-47d9-b77f-97c5d58d0705";"2ad4a7aa-ca9c-4490-934b-03c21b0cac95";"8167fe7b-01fc-47d9-b77f-97c5d58d0705"
"b_autre_equipe_servie";"5968172d-88ec-4105-8572-1bf2ae97b5a9";"home";"401930d4-7c60-4167-a8e1-26ab20991e72";"Flag football J M D4 Niveau 2 SECTION 2";"ÉS Père-Marquette";"ÉS Père-Marquette";"e25b5591-03f4-47ca-a560-34de311ac035";"59f59f9b-d7c1-45ee-8b26-d7f25c4fe4f0";"e2cc3eae-31c4-458a-9ace-200b8f404925";"59f59f9b-d7c1-45ee-8b26-d7f25c4fe4f0"
"b_autre_equipe_servie";"597091b0-79ce-42f8-a7ee-89c4134d366d";"home";"03df185e-5626-41e4-bbca-89bb68b6f590";"Flag football J F D4";"Poly La Samare";"Poly La Samare";"7f320590-4edf-4999-b3b0-1ba2d5df377c";"9dfab3f5-bbef-43e0-a48a-8a4516095e01";"99bca96f-8725-4d0a-94ac-dc97dbcf3d37";"9dfab3f5-bbef-43e0-a48a-8a4516095e01"
"b_autre_equipe_servie";"597091b0-79ce-42f8-a7ee-89c4134d366d";"visitor";"03df185e-5626-41e4-bbca-89bb68b6f590";"Flag football J F D4";"É.S. Monique Proulx";"É.S. Monique Proulx";"b6c9a680-49a4-41a1-a890-74e6171f73db";"48ef6f8f-293c-442d-a89f-58418d22b72f";"fe2dd27e-d57d-40c9-a0ad-1bc2ac669685";"48ef6f8f-293c-442d-a89f-58418d22b72f"
"b_autre_equipe_servie";"59892eeb-b094-4174-b512-b3d70613e9e2";"home";"6e85d955-7452-4f52-9e3e-229457de334c";"Flag football C M D3";"Chavigny";"Chavigny";"26e5f1cf-d481-4d53-bf42-323be2909a4f";"ce7c5792-1006-452a-9c28-18c1fff39649";"8135c065-0bb7-4fc7-8559-927d983996f7";"ce7c5792-1006-452a-9c28-18c1fff39649"
"b_autre_equipe_servie";"59a39186-c845-467e-864d-e2f90fb5e17b";"visitor";"796fc04e-4a3b-4974-94fe-aa6bf59b60f9";"Soccer B F D4";"Coll. Jésus-Marie de Sillery";"Coll. Jésus-Marie de Sillery";"fb865b9d-09b5-4600-8de9-2308bcabddb6";"7f60f746-0b5f-4f14-a4e6-8626187f8233";"46f415d9-6238-431c-81d5-93288ab6dec7";"7f60f746-0b5f-4f14-a4e6-8626187f8233"
"b_autre_equipe_servie";"59b258c4-2db5-437d-b027-36efa510c18f";"home";"e609f5a4-e8c9-4259-814c-90f63853f114";"Flag football B Garçons D3";"Loyola";"Loyola";"d0eec0f1-f967-4a59-822f-68c69f286c32";"88afd489-5965-432f-98e3-694e9baaa7b8";"a46ce3cc-47a0-43d8-892f-37cf8105a310";"88afd489-5965-432f-98e3-694e9baaa7b8"
"b_autre_equipe_servie";"59b258c4-2db5-437d-b027-36efa510c18f";"visitor";"e609f5a4-e8c9-4259-814c-90f63853f114";"Flag football B Garçons D3";"St. Thomas";"St. Thomas";"1275fac4-0dfa-4472-b847-16f59607814c";"85e323cf-7804-4c94-a8bc-b68b210fb6b6";"f29603cc-8dfe-48eb-ab1d-955fdb4c1c69";"85e323cf-7804-4c94-a8bc-b68b210fb6b6"
"b_autre_equipe_servie";"5a050faf-46cd-4662-988a-f601f68c91bd";"visitor";"74dc0c7e-6e78-43f2-831d-5d44f31c6339";"Rugby J F D4";"Polybel";"Polybel";"bab310a9-acb9-4465-8850-452b6b540bf4";"bfb487ff-8bcf-4ab5-bf4e-411e54d5f792";"4cac9a6a-f48b-4131-a39c-1d512e755ae4";"bfb487ff-8bcf-4ab5-bf4e-411e54d5f792"
"b_autre_equipe_servie";"5a1f3c4f-386e-4264-b9bd-4398b2982016";"home";"ae811104-71d9-4b7d-910c-0ffe7321bab2";"Baseball J U D3 Baseball";"Mont-Bleu - GRIS";"Mont-Bleu - GRIS";"7d4b7993-8413-4433-a1bd-1094ca1c7c15";"f005f217-49ad-43b4-8bed-a6684d2b10c8";"58a97283-edc5-4b8c-a6a9-056b249cb850";"f005f217-49ad-43b4-8bed-a6684d2b10c8"
"b_autre_equipe_servie";"5b3b2a20-55d5-4ae6-8b7e-39a6bcde1549";"visitor";"587bc04f-f424-45a6-a4aa-bb6882159a3b";"Soccer C Filles D3 A";"Collège Sainte-Anne";"Collège Sainte-Anne";"c23cf5a4-d0ab-477b-9824-9e1728497dc3";"73b827b0-a204-46e1-a745-a810cf6f2867";"27446482-ff82-4074-ab0a-02ce5149be6b";"73b827b0-a204-46e1-a745-a810cf6f2867"
"b_autre_equipe_servie";"5bd4b898-f08e-4cd5-a6aa-1d3436778bce";"home";"400aa630-7e8e-4d17-97b4-27d16f97534a";"Soccer B F D3";"Sém. St-François";"Sém. St-François";"db4f75a3-208d-489f-873e-72f539d4a33e";"186813dc-d045-4f35-842d-ac22595b1508";"6e971a78-5e2b-498c-8373-193aa66a39be";"186813dc-d045-4f35-842d-ac22595b1508"
"b_autre_equipe_servie";"5bd4b898-f08e-4cd5-a6aa-1d3436778bce";"visitor";"400aa630-7e8e-4d17-97b4-27d16f97534a";"Soccer B F D3";"Acad. Saint-Louis";"Acad. Saint-Louis";"37db89e7-cf71-49e8-b4f9-de5dddfcbe1d";"2eb14599-f10a-456a-b587-d8c9894762c2";"f693cc3e-ea74-49a2-b727-4a4e563e5a32";"2eb14599-f10a-456a-b587-d8c9894762c2"
"b_autre_equipe_servie";"5bd53d0a-4987-445f-a573-1b624fbfe21b";"home";"67038030-ba9f-4860-b567-d9b6afbf261f";"Flag football J F D4 Niveau 1";"Paul-Le Jeune";"Paul-Le Jeune";"f5cf64b7-310a-4c07-a18d-e346c4f1717a";"8167fe7b-01fc-47d9-b77f-97c5d58d0705";"2ad4a7aa-ca9c-4490-934b-03c21b0cac95";"8167fe7b-01fc-47d9-b77f-97c5d58d0705"
"b_autre_equipe_servie";"5bd53d0a-4987-445f-a573-1b624fbfe21b";"visitor";"67038030-ba9f-4860-b567-d9b6afbf261f";"Flag football J F D4 Niveau 1";"Jean-Nicolet";"Jean-Nicolet";"e920723c-ad6c-4954-80b9-6b60de1130a0";"d4bdd2c3-feca-42d3-8ad8-fbcadb22a6bc";"8b5e17a1-40e5-4581-bcd8-a8698dafcaf4";"d4bdd2c3-feca-42d3-8ad8-fbcadb22a6bc"
"b_autre_equipe_servie";"5c0db060-b82c-4663-a4a3-84624f413244";"home";"57b7ca5b-172e-4efb-8925-2f46a178f672";"Soccer C M D4";"Benoit-Vachon";"Benoit-Vachon";"d7fd05f7-4b8c-4d81-813b-77667864fbe8";"7e533e00-edac-43a8-8f23-fb6cf384475e";"e99b72f4-2492-4dfc-88c6-4dffa743b176";"7e533e00-edac-43a8-8f23-fb6cf384475e"
"b_autre_equipe_servie";"5c20c35a-af29-440a-9d87-b65cb7f1629f";"visitor";"4bf1a4ad-fa24-4e67-8b66-4ff849f5aa4c";"Flag football B F D3";"De la Croisée";"De la Croisée";"8c279071-828c-4ff6-ab74-a6838d63a7ef";"3b31a1ac-09dc-4083-9788-e4a90d896c96";"886b3172-e0d7-47a6-b93d-d0a24dae0ff4";"3b31a1ac-09dc-4083-9788-e4a90d896c96"
"b_autre_equipe_servie";"5c93e512-bc40-4d4f-911b-0a3da133b631";"visitor";"f5d35e9b-a756-4cda-b3dd-e14dbd6f66a3";"Flag football J F D4 Niveau 1 Automne Rouge";"Jean-Baptiste-Meilleur";"Jean-Baptiste-Meilleur";"83f7b9db-96ff-4150-b4f4-bb96f8892a7c";"d6db6f2e-def0-40cf-9edc-003c3c445331";"5b74a422-f064-444f-b36c-3973512d70f6";"d6db6f2e-def0-40cf-9edc-003c3c445331"
"b_autre_equipe_servie";"5c9d182e-f7fb-48f1-90b3-2ae18d91dca8";"home";"3f8a2598-d6bc-4931-b803-043614c7fe24";"Flag football C F D3";"Des Pionniers";"Des Pionniers";"ff21aa79-3ea4-454b-97bf-cb320cd125fc";"5bcd3141-ea4c-4f10-b813-cf7c90cc7283";"c443670f-5922-48e0-bacc-afb9f1fb6656";"5bcd3141-ea4c-4f10-b813-cf7c90cc7283"
"b_autre_equipe_servie";"5c9d182e-f7fb-48f1-90b3-2ae18d91dca8";"visitor";"3f8a2598-d6bc-4931-b803-043614c7fe24";"Flag football C F D3";"Les Estacades";"Les Estacades";"e8695dd7-dc30-4704-9683-162383b62317";"121fae32-ff6a-4238-8a3d-1cf2d33b258c";"90df9427-f91a-4497-adf9-df1a900d40d5";"121fae32-ff6a-4238-8a3d-1cf2d33b258c"
"b_autre_equipe_servie";"5d54ac9d-1052-44fc-9515-98bdcaa98f16";"home";"a6c30e53-5eff-4c58-b4d6-867321686f3f";"Flag football C F D4 Niveau 2 Printemps Bleue";"Curé-Mercure";"Curé-Mercure";"bfd5a0ab-e341-4e60-b492-0288daf04150";"49f55647-1858-4af3-b791-2dcb7b4e8976";"217043ab-eeda-42da-8b85-ee90bfac8e09";"49f55647-1858-4af3-b791-2dcb7b4e8976"
"b_autre_equipe_servie";"5d54ac9d-1052-44fc-9515-98bdcaa98f16";"visitor";"a6c30e53-5eff-4c58-b4d6-867321686f3f";"Flag football C F D4 Niveau 2 Printemps Bleue";"Évolution";"Évolution";"ac00dc0c-10d5-4b2e-aa58-7773796ef511";"09556a57-bc60-48a1-8650-75b57ba62f6b";"8d71b383-7f30-4873-86ca-f462ebbcbe68";"09556a57-bc60-48a1-8650-75b57ba62f6b"
"b_autre_equipe_servie";"5da0aff8-40dc-403a-a994-4ecddb5eecf4";"visitor";"d8e16b91-1e78-46f0-82cb-190a5e27f829";"Flag football B Garçons D3";"Loyola";"Loyola";"d0eec0f1-f967-4a59-822f-68c69f286c32";"88afd489-5965-432f-98e3-694e9baaa7b8";"a46ce3cc-47a0-43d8-892f-37cf8105a310";"88afd489-5965-432f-98e3-694e9baaa7b8"
"b_autre_equipe_servie";"5df5459b-4c33-489a-8630-5f4fe5b7ecd2";"visitor";"9519df1d-44cc-4d91-87c9-45d4cc89a750";"Flag football B F D3";"Curé-Antoine-Labelle";"Curé-Antoine-Labelle";"fdb5bcc1-1659-455a-9604-b8b32fefc1a3";"cd0a4f18-f80f-4de6-9e41-a531c761a2ae";"e8eae32e-2ce1-4bea-b15a-3b3aecc6a6cf";"cd0a4f18-f80f-4de6-9e41-a531c761a2ae"
"b_autre_equipe_servie";"5e8f4000-3a6b-479e-bfd1-8b68f5b5247d";"visitor";"3533ad8e-8e4b-44e7-ac8f-9705bfbaa483";"Flag football J F D4 Niveau 1 Printemps Rouge";"Horizon";"Horizon";"9e24b148-2228-41dc-a140-146b9ccc45fa";"14bbaefa-164f-47dc-b8a0-4c130a5d0d15";"67fd1af7-a728-435b-a7f7-e6ffb127bdc4";"14bbaefa-164f-47dc-b8a0-4c130a5d0d15"
"b_autre_equipe_servie";"5e9079fe-4c08-4ea7-b7e9-9d0196514661";"visitor";"d3370068-e908-433a-888a-5f61e94e09b8";"Flag football C M D4";"Le Tremplin";"Le Tremplin";"1a351f3e-a171-4200-8d6b-7f78d860189d";"b4806885-e39f-43c3-b441-b2755d7544fd";"eb067125-a9a7-4a65-a802-0ebf186b7ac6";"b4806885-e39f-43c3-b441-b2755d7544fd"
"b_autre_equipe_servie";"5ed6cdad-2b9b-413d-bc9f-0573220b7597";"visitor";"b8c78258-7fdf-40ef-89dd-e71b9f1e9689";"Flag football J F D4 Niveau 1";"Du Rocher";"Du Rocher";"e0bb38a1-e65f-4561-985d-9a26a313d562";"a936ba2c-57fb-4e40-bfc0-3311506e89ae";"bcacb355-5dc5-4c15-93e7-614db59a38fa";"a936ba2c-57fb-4e40-bfc0-3311506e89ae"
"b_autre_equipe_servie";"5eda20b4-9b67-4a56-a734-2c519a1d2617";"home";"6a2ac190-e3f8-43cc-817b-a947c9ee7f14";"Flag football C M D3";"Collège Reine-Marie";"Collège Reine-Marie";"3b213a03-c477-40c6-8eec-c512cd2c2094";"540f4ea6-00c9-4c48-88de-0108a93a76cc";"9c102b7b-15d9-407f-98d6-3ee73d29ab5a";"540f4ea6-00c9-4c48-88de-0108a93a76cc"
"b_autre_equipe_servie";"5f14860e-e029-45c2-befa-f477b0f9c390";"home";"0661538a-24ed-49fb-9496-21ae83ff3728";"Soccer J F D3";"Acad. Saint-Louis";"Acad. Saint-Louis";"b1b00ba1-ba59-47ca-977d-94da486df8d8";"38e6ded8-385a-42fa-bcda-317121bf97f9";"a8e4e0cd-1e79-4e60-9321-f0024ad740c0";"38e6ded8-385a-42fa-bcda-317121bf97f9"
"b_autre_equipe_servie";"5f14860e-e029-45c2-befa-f477b0f9c390";"visitor";"0661538a-24ed-49fb-9496-21ae83ff3728";"Soccer J F D3";"Sém. St-François";"Sém. St-François";"0c361f10-7462-4d3a-a945-160f4c023997";"0b03232b-1696-4760-bcb5-6762964a15a0";"b91eb083-dd03-4a92-a57d-a094ec0bd85e";"0b03232b-1696-4760-bcb5-6762964a15a0"
"b_autre_equipe_servie";"5f19d940-7f57-4dfa-8807-731fe7f834f5";"home";"e2bfba5c-b5e3-48f3-bd43-50f2723b7902";"Soccer B Filles D3 A";"St. Thomas";"St. Thomas";"5294a97a-8468-4d4e-8b1d-dd89eec1fdf7";"bd94806d-9326-448f-988c-e8e0965c434f";"a1ce89f9-bf76-4d8e-8279-257fe96d1969";"bd94806d-9326-448f-988c-e8e0965c434f"
"b_autre_equipe_servie";"5f8a1fc6-c64f-4d98-aea4-ad9bbcd12a3e";"home";"b0ce5973-4374-4f5d-b800-311016127d48";"Flag football J F D4 Niveau 1 Printemps Rouge";"Du Havre";"Du Havre";"5e91c2b2-76f4-4bf3-960d-a3550310c147";"24df857e-aba1-4284-857d-e4acca46266a";"fda820a7-d603-45c4-b953-3d26fe305940";"24df857e-aba1-4284-857d-e4acca46266a"
"b_autre_equipe_servie";"5fbe5b27-baba-4c5c-8926-0a1ada14c31e";"home";"5efa5eeb-6803-43fb-8ace-4a773080c492";"Soccer J M D3";"St-Ch.Garnier";"St-Ch.Garnier";"bcad0356-6dda-4bad-8204-7620ace98a0a";"dafb4803-9d3a-4a89-be48-f677732db26d";"fb03e430-2527-4824-bad4-ddebd803f8cf";"dafb4803-9d3a-4a89-be48-f677732db26d"
"b_autre_equipe_servie";"5fbe5b27-baba-4c5c-8926-0a1ada14c31e";"visitor";"5efa5eeb-6803-43fb-8ace-4a773080c492";"Soccer J M D3";"Acad. Saint-Louis";"Acad. Saint-Louis";"3490fa45-d2be-4f4f-aeaf-60c795ee9cdd";"61779947-c82b-46b7-aa40-91824f364561";"9642311d-1337-4558-9cd4-2bb457cfadc2";"61779947-c82b-46b7-aa40-91824f364561"
"b_autre_equipe_servie";"5ffd713b-4b8a-4779-8a8b-46abd7765bb9";"home";"0553ca43-ca54-4386-9916-cf06323cc3a9";"Soccer B F D4";"Coll. Jésus-Marie de Sillery";"Coll. Jésus-Marie de Sillery";"fb865b9d-09b5-4600-8de9-2308bcabddb6";"7f60f746-0b5f-4f14-a4e6-8626187f8233";"46f415d9-6238-431c-81d5-93288ab6dec7";"7f60f746-0b5f-4f14-a4e6-8626187f8233"
"b_autre_equipe_servie";"5ffe00d6-66e5-4c23-8a29-0e865be7ad98";"visitor";"fc6c1a70-a0db-4855-9741-143bdc70b605";"Soccer B Filles D3 A";"Loyola";"Loyola";"ba39789e-2856-4aa8-99d5-a9fbb4f4ad81";"aa174ef3-e6a9-432c-835d-a474fa93e618";"f6386d51-c7b1-4350-a639-5146f1be1017";"aa174ef3-e6a9-432c-835d-a474fa93e618"
"b_autre_equipe_servie";"604ac6a8-1efa-48c0-a238-b6b3b72838e4";"visitor";"8f97bc42-dc6c-443b-8dba-b313287e6bbe";"Flag football B M D3";"Collège Reine-Marie";"Collège Reine-Marie";"20eadcaf-4913-441a-bda8-fb62ada925c6";"1d0c69c4-bfb1-45ac-90ae-ae0fcc4818c4";"36af98ef-b4b5-4453-bcad-4fae819c37f4";"1d0c69c4-bfb1-45ac-90ae-ae0fcc4818c4"
"b_autre_equipe_servie";"61cebbe2-ef51-4f8e-a598-9fcbc731a9f1";"home";"cc261712-ad96-4597-9436-41fde81a25f4";"Flag football J F D4 Niveau 2";"Keranna";"Keranna";"fe618731-fb76-403b-a160-eac9a75825f1";"3fb96c84-8649-4be4-a75b-feb9e791c399";"a2c44904-c8e2-47b6-aa8d-af1de83fddd1";"3fb96c84-8649-4be4-a75b-feb9e791c399"
"b_autre_equipe_servie";"629aa332-86a0-45a1-9209-c0200b1fdc9c";"visitor";"fa59ac1a-9bc7-44a3-87f6-9f1cf034d55b";"Flag football J F D3 AUTOMNE";"Collège Notre-Dame";"Collège Notre-Dame";"099c0446-4eb6-42c4-b9d3-5e2a8d97db9b";"51304192-0336-4a08-bd8b-f767da22a202";"dab3d5b4-94ee-4ee6-9727-b69ff813dc03";"51304192-0336-4a08-bd8b-f767da22a202"
"b_autre_equipe_servie";"62f710ec-6deb-41ef-aadb-e2587061f923";"visitor";"3ac9dbfd-5780-4b12-ab75-9634e4d5e0c8";"Soccer J F D3";"Coll. Jésus-Marie de Sillery";"Coll. Jésus-Marie de Sillery";"d26aba16-5d7f-4832-ab1d-d23fdd257737";"09f3f0f7-6e80-4d38-b029-d38c0c0014f0";"0812379c-5284-4f25-a1fe-6ab32ce37986";"09f3f0f7-6e80-4d38-b029-d38c0c0014f0"
"b_autre_equipe_servie";"6472a16a-ad7a-447a-ab24-5f020c58ccd3";"home";"b780f1c5-2395-42df-abab-9fa6895f519d";"Flag football C M D4";"La Découverte";"La Découverte";"03447e48-a804-49e0-b2b9-d82e928ab996";"6befc759-5ec1-4b59-a105-3e8d706ddc34";"5bfaa963-9f5b-4869-b85c-24d4e65de989";"6befc759-5ec1-4b59-a105-3e8d706ddc34"
"b_autre_equipe_servie";"6472a16a-ad7a-447a-ab24-5f020c58ccd3";"visitor";"b780f1c5-2395-42df-abab-9fa6895f519d";"Flag football C M D4";"Jean-Nicolet";"Jean-Nicolet";"0c55e091-7a8a-4279-aeed-7fef1fe3d3a4";"f0bd5efa-3fa1-4ebf-9e59-94b35bf60b39";"da1d244d-8f96-4854-9f29-1fd38c534858";"f0bd5efa-3fa1-4ebf-9e59-94b35bf60b39"
"b_autre_equipe_servie";"64962534-a0b4-4fa1-82ed-b5318dfa9c1c";"home";"0c896123-239b-4110-92c0-bcaecd18f9eb";"Flag football B F D4 Niveau 1 Printemps Bleue";"Cap-Jeunesse";"Cap-Jeunesse";"9b13b2cf-8f31-4c50-aac5-5db4d320a5e2";"e9534fcc-742a-46dd-9873-eabaaa614303";"f1955764-b492-4ae3-a10c-ff92d41c8c68";"e9534fcc-742a-46dd-9873-eabaaa614303"
"b_autre_equipe_servie";"64962534-a0b4-4fa1-82ed-b5318dfa9c1c";"visitor";"0c896123-239b-4110-92c0-bcaecd18f9eb";"Flag football B F D4 Niveau 1 Printemps Bleue";"Académie Ste-Thérèse";"Académie Ste-Thérèse";"41d65b2d-0b58-4c60-9bfc-e9f0d4906b10";"c1064f2d-19e4-4ef9-a736-e9048c774c58";"8bda15b7-d54a-4921-a545-9191c9386bcd";"c1064f2d-19e4-4ef9-a736-e9048c774c58"
"b_autre_equipe_servie";"64c83b0e-8408-4263-8ef8-8aafe4c31113";"home";"328981ab-d355-4c57-beed-d39d4ba02279";"Flag football B F D4 Niveau 1 Printemps Rouge";"Horizon";"Horizon";"e4f77e52-dcc3-4b6f-a4f7-b83790f89147";"ef86f420-9c85-4459-85a9-ce2854c6d139";"8e54ae62-5b1f-4fb1-bd97-69416ba9c57f";"ef86f420-9c85-4459-85a9-ce2854c6d139"
"b_autre_equipe_servie";"64d17cd5-2f57-4182-be1c-59e9b7ee8a81";"home";"dfb16fb3-39d7-4f98-9e31-0c8e22c2e214";"Flag football B F D4 Niveau 1 Printemps Bleue";"Maréchal";"Maréchal";"99b94fd3-173a-43a6-9c4b-a3600fbe039f";"3c38c30f-cc65-436f-a84d-65b3d648ee56";"65b57f06-2be1-45e2-8280-dccd7f807872";"3c38c30f-cc65-436f-a84d-65b3d648ee56"
"b_autre_equipe_servie";"65095e21-6d3c-4d8d-ac02-342f60b36e68";"home";"f0fce6c6-a4dd-46ff-97b1-00214bc41512";"Soccer C M D4";"Benoit-Vachon";"Benoit-Vachon";"d7fd05f7-4b8c-4d81-813b-77667864fbe8";"7e533e00-edac-43a8-8f23-fb6cf384475e";"e99b72f4-2492-4dfc-88c6-4dffa743b176";"7e533e00-edac-43a8-8f23-fb6cf384475e"
"b_autre_equipe_servie";"65095e21-6d3c-4d8d-ac02-342f60b36e68";"visitor";"f0fce6c6-a4dd-46ff-97b1-00214bc41512";"Soccer C M D4";"Acad. Saint-Louis";"Acad. Saint-Louis";"a6ac4e8f-2af8-44ff-b0c5-69a2bbd611c7";"d6fbad25-27e0-4202-a99f-642f85202c6e";"ddac2475-988c-4617-b729-9f86249bff1a";"d6fbad25-27e0-4202-a99f-642f85202c6e"
"b_autre_equipe_servie";"657e424b-0607-45bb-a640-95d9d82707b2";"home";"1ad9cd82-f049-4db4-8391-ed45d210ca77";"Soccer J F D3";"Sém. St-François";"Sém. St-François";"0c361f10-7462-4d3a-a945-160f4c023997";"0b03232b-1696-4760-bcb5-6762964a15a0";"b91eb083-dd03-4a92-a57d-a094ec0bd85e";"0b03232b-1696-4760-bcb5-6762964a15a0"
"b_autre_equipe_servie";"657e424b-0607-45bb-a640-95d9d82707b2";"visitor";"1ad9cd82-f049-4db4-8391-ed45d210ca77";"Soccer J F D3";"Coll. Jésus-Marie de Sillery";"Coll. Jésus-Marie de Sillery";"d26aba16-5d7f-4832-ab1d-d23fdd257737";"09f3f0f7-6e80-4d38-b029-d38c0c0014f0";"0812379c-5284-4f25-a1fe-6ab32ce37986";"09f3f0f7-6e80-4d38-b029-d38c0c0014f0"
"b_autre_equipe_servie";"65ff618d-d6d8-4401-ad95-6083a27be08f";"home";"453151f5-adb9-4764-a6cc-d104693ac975";"Flag football C M D3";"Collège St-Jean-Vianney";"Collège St-Jean-Vianney";"30f7d148-24d6-4d48-920d-da55128051bf";"6806bef5-c01c-4b16-992f-cc0bf74bb04b";"cba3c9b3-4223-4e38-aa19-92e9942e2268";"6806bef5-c01c-4b16-992f-cc0bf74bb04b"
"b_autre_equipe_servie";"65ff618d-d6d8-4401-ad95-6083a27be08f";"visitor";"453151f5-adb9-4764-a6cc-d104693ac975";"Flag football C M D3";"Collège Mont-St-Louis";"Collège Mont-St-Louis";"016073a6-aa19-4f89-8cd8-eaa776f45147";"ada720bc-1dd4-49c8-b5cb-60715f7a5e36";"3bb264fd-cede-4eea-ab1a-97149688f61e";"ada720bc-1dd4-49c8-b5cb-60715f7a5e36"
"b_autre_equipe_servie";"6614df4b-1515-45a8-88e6-96636bf6e269";"home";"465a0f34-e762-4419-ab3b-512d3e45f6ec";"Soccer J Garçons D3 A";"John-Rennie";"John-Rennie";"e0581212-8a5f-42ff-90c3-9a26d15aa8f7";"a9b97733-4ad1-4c5e-80f5-8c445fe4ebe7";"bb5f542e-a8c1-4da6-a2d7-be164d9c2874";"a9b97733-4ad1-4c5e-80f5-8c445fe4ebe7"
"b_autre_equipe_servie";"664fa589-c415-4b33-bfe1-ea6999d44645";"home";"96b9c931-c1b2-4e57-9868-cef2c2831100";"Flag football B F D3";"Collège Mont-St-Louis";"Collège Mont-St-Louis";"f31fd5dc-bfcc-41a1-a9f2-60ce3187b1dc";"decb9c40-49e9-42b0-8ca5-d97c37d96b2a";"76ba448a-6219-481b-bbb3-d9f3e233bc25";"decb9c40-49e9-42b0-8ca5-d97c37d96b2a"
"b_autre_equipe_servie";"664fa589-c415-4b33-bfe1-ea6999d44645";"visitor";"96b9c931-c1b2-4e57-9868-cef2c2831100";"Flag football B F D3";"Collège St-Jean-Vianney";"Collège St-Jean-Vianney";"11f06eff-610a-4372-b4b7-73900256266d";"07f2e407-d6c9-4b71-a872-11e20a824ba3";"e1953a0f-d02f-47e1-bd1b-49e270431959";"07f2e407-d6c9-4b71-a872-11e20a824ba3"
"b_autre_equipe_servie";"666179ef-8ac8-405d-9af3-3023187a5768";"visitor";"de873cd9-ca60-4f6c-9c37-328c383399e9";"Soccer B F D3";"Acad. Saint-Louis";"Acad. Saint-Louis";"37db89e7-cf71-49e8-b4f9-de5dddfcbe1d";"2eb14599-f10a-456a-b587-d8c9894762c2";"f693cc3e-ea74-49a2-b727-4a4e563e5a32";"2eb14599-f10a-456a-b587-d8c9894762c2"
"b_autre_equipe_servie";"668ffd90-16cd-4c44-a87e-a2962bf7aa4a";"home";"c4fe3ddc-c07b-42dd-8b02-38be3fee2c9d";"Flag football J F D4 Niveau 1 Printemps Blanche";"Académie Ste-Thérèse";"Académie Ste-Thérèse";"7094824e-81d6-4bdb-aec2-f53eed1b86bd";"2ca64219-3aea-4ae5-8b29-07aa982bec41";"e09dcbb4-6ff4-47d2-8542-8040cd37b77b";"2ca64219-3aea-4ae5-8b29-07aa982bec41"
"b_autre_equipe_servie";"66ac6689-8faf-4ace-98b9-254bde2fca73";"visitor";"17460360-c5a3-4d92-83ea-90b455107342";"Volleyball C Filles D3 B";"Loyola";"Loyola";"e725e9c1-f50c-4c16-8c9f-6d2da76f22fe";"2e1510cb-e48c-46b3-8d98-e007aa3fc848";"eda3b035-b965-4606-a704-f36f2afb1b35";"2e1510cb-e48c-46b3-8d98-e007aa3fc848"
"b_autre_equipe_servie";"670c641a-efde-4532-8830-724dbb35b207";"home";"cf0b66d8-3f1b-46d2-9f6c-c50adf50c4f3";"Soccer C Filles D3 A";"Collège Sainte-Anne";"Collège Sainte-Anne";"c23cf5a4-d0ab-477b-9824-9e1728497dc3";"73b827b0-a204-46e1-a745-a810cf6f2867";"27446482-ff82-4074-ab0a-02ce5149be6b";"73b827b0-a204-46e1-a745-a810cf6f2867"
"b_autre_equipe_servie";"670c641a-efde-4532-8830-724dbb35b207";"visitor";"cf0b66d8-3f1b-46d2-9f6c-c50adf50c4f3";"Soccer C Filles D3 A";"Loyola";"Loyola";"dcd0a98a-fe5c-411c-bcb8-181fa7499535";"ebbd2646-9b30-40f0-95e9-e22dfbe9f22c";"da021e3c-d0e2-4606-b3b0-f9e04def93eb";"ebbd2646-9b30-40f0-95e9-e22dfbe9f22c"
"b_autre_equipe_servie";"67662a00-8d2c-4688-b07d-65abfa32863b";"home";"c22937c4-8b57-480f-94a5-fb0c2c79f4bf";"Flag football C F D4 Niveau 2 Printemps Bleue";"Évolution";"Évolution";"ac00dc0c-10d5-4b2e-aa58-7773796ef511";"09556a57-bc60-48a1-8650-75b57ba62f6b";"8d71b383-7f30-4873-86ca-f462ebbcbe68";"09556a57-bc60-48a1-8650-75b57ba62f6b"
"b_autre_equipe_servie";"67662a00-8d2c-4688-b07d-65abfa32863b";"visitor";"c22937c4-8b57-480f-94a5-fb0c2c79f4bf";"Flag football C F D4 Niveau 2 Printemps Bleue";"Curé-Mercure";"Curé-Mercure";"bfd5a0ab-e341-4e60-b492-0288daf04150";"49f55647-1858-4af3-b791-2dcb7b4e8976";"217043ab-eeda-42da-8b85-ee90bfac8e09";"49f55647-1858-4af3-b791-2dcb7b4e8976"
"b_autre_equipe_servie";"67779d55-605c-4907-9ff2-2ce22f65de97";"home";"7706d084-e30f-48cf-a951-1326eb514469";"Flag football J F D4 Niveau 1 Automne Rouge";"Jean-Baptiste-Meilleur";"Jean-Baptiste-Meilleur";"83f7b9db-96ff-4150-b4f4-bb96f8892a7c";"d6db6f2e-def0-40cf-9edc-003c3c445331";"5b74a422-f064-444f-b36c-3973512d70f6";"d6db6f2e-def0-40cf-9edc-003c3c445331"
"b_autre_equipe_servie";"679d0fd1-2bbf-49b9-bb71-e00580c15bec";"home";"410f69f7-a348-48f6-888a-9733eebde510";"Flag football C M D4";"Du Rocher";"Du Rocher";"843096cc-8175-4aa6-9c2c-a7b9a5fd55b2";"df47c926-4ab5-4495-bf4f-58dab581fc74";"a15da282-40e2-4c17-93f6-209ef5af4e8c";"df47c926-4ab5-4495-bf4f-58dab581fc74"
"b_autre_equipe_servie";"679d0fd1-2bbf-49b9-bb71-e00580c15bec";"visitor";"410f69f7-a348-48f6-888a-9733eebde510";"Flag football C M D4";"Le Tremplin";"Le Tremplin";"1a351f3e-a171-4200-8d6b-7f78d860189d";"b4806885-e39f-43c3-b441-b2755d7544fd";"eb067125-a9a7-4a65-a802-0ebf186b7ac6";"b4806885-e39f-43c3-b441-b2755d7544fd"
"b_autre_equipe_servie";"67a5f410-749a-47ec-a9a0-427541538ecf";"home";"0e90f2ef-ffde-431d-9623-8c6efcd41841";"Soccer J M D3";"La Seigneurie";"La Seigneurie";"da10e633-b8f8-4088-8ce9-8e52421f52f9";"af09c5d4-2b4f-4718-a8de-ea6f63ee34ec";"b5d64381-0a41-42dc-b97a-54513f625fb0";"af09c5d4-2b4f-4718-a8de-ea6f63ee34ec"
"b_autre_equipe_servie";"67a5f410-749a-47ec-a9a0-427541538ecf";"visitor";"0e90f2ef-ffde-431d-9623-8c6efcd41841";"Soccer J M D3";"Acad. Saint-Louis";"Acad. Saint-Louis";"3490fa45-d2be-4f4f-aeaf-60c795ee9cdd";"61779947-c82b-46b7-aa40-91824f364561";"9642311d-1337-4558-9cd4-2bb457cfadc2";"61779947-c82b-46b7-aa40-91824f364561"
"b_autre_equipe_servie";"67ccd2c5-c505-48dc-898a-efe8a1381cff";"home";"34d2de90-7a2f-45f5-810b-e99c4843cbdd";"Flag football J F D4 Niveau 2";"Les Seigneuries";"Les Seigneuries";"3d8f3e17-67d7-4b67-90fb-4f6b303c5135";"84e9deb5-de91-40f5-b8c8-44eaf2fe6e53";"d31cbb64-fa7d-4169-a8dd-f3979dbee616";"84e9deb5-de91-40f5-b8c8-44eaf2fe6e53"
"b_autre_equipe_servie";"67ccd2c5-c505-48dc-898a-efe8a1381cff";"visitor";"34d2de90-7a2f-45f5-810b-e99c4843cbdd";"Flag football J F D4 Niveau 2";"Val-Mauricie";"Val-Mauricie";"5649dccc-5ba7-4032-bdc0-1f09da83aa8c";"79162e04-d6ea-4f8e-9b8b-a9249a7a8e87";"ec6f3b9f-0940-48c8-9685-9ea39fd265fb";"79162e04-d6ea-4f8e-9b8b-a9249a7a8e87"
"b_autre_equipe_servie";"67eb1a2c-7096-401c-92c1-2fb0a2b68ca0";"visitor";"41ec399e-4588-46b9-8eca-2b03786c8624";"Flag football B F D4 Niveau 1 Printemps Noire";"Antoine-Manseau";"Antoine-Manseau";"7f0c4641-4321-46b3-bbca-e43b805f114c";"a64e3a00-a713-4609-85c8-232792f8cc9d";"80f1044a-86a7-4aa6-b49d-e953dba27525";"a64e3a00-a713-4609-85c8-232792f8cc9d"
"b_autre_equipe_servie";"68690b1f-e622-4b78-bb74-bbd43ec3274f";"home";"5d6023e2-0779-46e5-8985-13446d80534a";"Flag football C F D4 Niveau 2 Printemps Bleue";"Évolution";"Évolution";"ac00dc0c-10d5-4b2e-aa58-7773796ef511";"09556a57-bc60-48a1-8650-75b57ba62f6b";"8d71b383-7f30-4873-86ca-f462ebbcbe68";"09556a57-bc60-48a1-8650-75b57ba62f6b"
"b_autre_equipe_servie";"68924e6e-7ca2-416b-83d7-26bff05e72c5";"visitor";"476ad871-7277-4eee-8f17-5fcb788ac1b2";"Flag football J F D4 Niveau 1 Printemps Blanche";"Horizon";"Horizon";"9e24b148-2228-41dc-a140-146b9ccc45fa";"14bbaefa-164f-47dc-b8a0-4c130a5d0d15";"67fd1af7-a728-435b-a7f7-e6ffb127bdc4";"14bbaefa-164f-47dc-b8a0-4c130a5d0d15"
"b_autre_equipe_servie";"68d379af-2391-4695-a2e9-d8804e29639c";"visitor";"a2b750fc-185d-41ad-bbbe-2d9d730539df";"Flag football J F D4 Niveau 1 Printemps Blanche";"Académie Ste-Thérèse";"Académie Ste-Thérèse";"7094824e-81d6-4bdb-aec2-f53eed1b86bd";"2ca64219-3aea-4ae5-8b29-07aa982bec41";"e09dcbb4-6ff4-47d2-8542-8040cd37b77b";"2ca64219-3aea-4ae5-8b29-07aa982bec41"
"b_autre_equipe_servie";"691453be-3cf1-43f5-9906-1e337d23ddca";"visitor";"90a7d8e3-b146-4255-ae78-34d42eabd82a";"Rugby J F D4";"Louis-Philippe-Paré";"Louis-Philippe-Paré";"387ce7de-f19b-44b7-8ce5-39a08d414327";"1cb260ec-3ae9-4ff4-99cf-c58c2a9fbb4a";"12665e0c-61e5-4d08-bc20-0e5cf8c33736";"1cb260ec-3ae9-4ff4-99cf-c58c2a9fbb4a"
"b_autre_equipe_servie";"6927dfa5-f195-4871-b8cc-5884ebe128db";"home";"f717d2f6-5432-4259-b1df-a99e923ff0bd";"Flag football J F D4 Niveau 2";"Des Pionniers";"Des Pionniers";"06e7274f-9d23-4d48-87ea-2123b537ff6c";"eca74e7a-6b9f-4d09-b691-fdfdd973336a";"840c291e-92e1-4927-9539-a909143c2915";"eca74e7a-6b9f-4d09-b691-fdfdd973336a"
"b_autre_equipe_servie";"6927dfa5-f195-4871-b8cc-5884ebe128db";"visitor";"f717d2f6-5432-4259-b1df-a99e923ff0bd";"Flag football J F D4 Niveau 2";"Keranna";"Keranna";"fe618731-fb76-403b-a160-eac9a75825f1";"3fb96c84-8649-4be4-a75b-feb9e791c399";"a2c44904-c8e2-47b6-aa8d-af1de83fddd1";"3fb96c84-8649-4be4-a75b-feb9e791c399"
"b_autre_equipe_servie";"692ef68f-d12b-421f-8831-3833170230a2";"home";"8275255f-80d1-4ae6-9b9c-26b220eec5f5";"Flag football C M D3";"Collège Mont-St-Louis";"Collège Mont-St-Louis";"016073a6-aa19-4f89-8cd8-eaa776f45147";"ada720bc-1dd4-49c8-b5cb-60715f7a5e36";"3bb264fd-cede-4eea-ab1a-97149688f61e";"ada720bc-1dd4-49c8-b5cb-60715f7a5e36"
"b_autre_equipe_servie";"692f6ef2-b4a9-4c71-8891-0dadcde8f9dc";"visitor";"8044e874-cb91-4e0e-98d0-31c79bc8d272";"Flag football J M D3";"Collège St-Jean-Vianney";"Collège St-Jean-Vianney";"77b09d75-350c-45aa-9b0f-7b8be7193c7d";"aa80b959-a4cd-4f1d-9d63-aa0fcc39beef";"35df4f7a-344f-430e-b40f-cbff6a23bce1";"aa80b959-a4cd-4f1d-9d63-aa0fcc39beef"
"b_autre_equipe_servie";"6966f6e4-ce76-460d-808c-53441c652301";"visitor";"8d73f918-b9aa-4cbe-a6fb-69783bd8d588";"Soccer J F D3";"Coll. Jésus-Marie de Sillery";"Coll. Jésus-Marie de Sillery";"d26aba16-5d7f-4832-ab1d-d23fdd257737";"09f3f0f7-6e80-4d38-b029-d38c0c0014f0";"0812379c-5284-4f25-a1fe-6ab32ce37986";"09f3f0f7-6e80-4d38-b029-d38c0c0014f0"
"b_autre_equipe_servie";"69682210-ecb7-42bb-9058-b341b214b690";"visitor";"ed0509cb-808c-460c-932c-7ee6439a22e5";"Volleyball B Filles D3 A";"Loyola";"Loyola";"7038b42c-8d94-4174-a20e-6ffee617c1e9";"c1bdd457-9b1a-4832-91f7-9c6aea3ff4b4";"6880efdb-b62d-4261-9b65-3792d035ad34";"c1bdd457-9b1a-4832-91f7-9c6aea3ff4b4"
"b_autre_equipe_servie";"6997643c-ad5e-47dc-add4-3653043e0a4d";"visitor";"ca24ffb6-4698-4688-94fe-97f5b3973fb7";"Flag football J F D4 Niveau 1 Printemps Blanche";"Antoine-Manseau";"Antoine-Manseau";"d2451207-dc7e-4af8-b809-9f568c9c6573";"804a49cc-dae0-4194-8d2c-2397806cc168";"09b19983-8a9a-4fea-902b-2a02a3158ab1";"804a49cc-dae0-4194-8d2c-2397806cc168"
"b_autre_equipe_servie";"6999825e-09b3-404c-9b2b-83b8867c5d88";"home";"33e6e400-3332-454a-8646-56130c0caf5a";"Flag football C M D4";"Jean-Nicolet";"Jean-Nicolet";"0c55e091-7a8a-4279-aeed-7fef1fe3d3a4";"f0bd5efa-3fa1-4ebf-9e59-94b35bf60b39";"da1d244d-8f96-4854-9f29-1fd38c534858";"f0bd5efa-3fa1-4ebf-9e59-94b35bf60b39"
"b_autre_equipe_servie";"69a8f47d-8fca-45e3-8451-d468e6439aef";"home";"13f3de5e-3e66-4581-824b-2938bacd5e6b";"Flag football C M D4";"Keranna F";"Keranna F";"7d091d97-24a2-4f1b-a8c0-46daed1e0135";"c96da4c1-d23d-487a-9091-73a9750ad66d";"036fc191-51a7-4b17-bd78-9795ad5b980d";"c96da4c1-d23d-487a-9091-73a9750ad66d"
"b_autre_equipe_servie";"69a8f47d-8fca-45e3-8451-d468e6439aef";"visitor";"13f3de5e-3e66-4581-824b-2938bacd5e6b";"Flag football C M D4";"Le Tremplin";"Le Tremplin";"1a351f3e-a171-4200-8d6b-7f78d860189d";"b4806885-e39f-43c3-b441-b2755d7544fd";"eb067125-a9a7-4a65-a802-0ebf186b7ac6";"b4806885-e39f-43c3-b441-b2755d7544fd"
"b_autre_equipe_servie";"69bcca8b-a6f3-45de-9b57-21ba23db8ef8";"home";"e55e3b48-bc92-414e-89d1-79688605bb78";"Volleyball C Garçons D3";"Loyola";"Loyola";"b313784c-ba77-4c54-af66-8b2cf916473c";"149a1cec-b797-4551-854a-d6fa0ab35979";"89d68e71-0f2c-4754-bf54-d5201d785aa4";"149a1cec-b797-4551-854a-d6fa0ab35979"
"b_autre_equipe_servie";"69ecdb22-0d75-4d2d-96e3-da492b7232ba";"home";"e0e10841-df7d-4ce8-8bd4-7e4a031cbab5";"Flag football C M D3";"D'Arcy McGee";"D'Arcy McGee";"3df7cc0b-59f6-42f0-89c9-d2000e62980a";"37f82d0a-778b-4185-8aea-a43a8d233858";"74c0f897-74d9-4004-a0a1-59f94728fae3";"37f82d0a-778b-4185-8aea-a43a8d233858"
"b_autre_equipe_servie";"6a3ae8ca-a20b-44a4-8e17-55619a36d825";"home";"3aaa35ac-82a0-4f01-8896-0eb41a474156";"Soccer J M D3";"Acad. Saint-Louis";"Acad. Saint-Louis";"3490fa45-d2be-4f4f-aeaf-60c795ee9cdd";"61779947-c82b-46b7-aa40-91824f364561";"9642311d-1337-4558-9cd4-2bb457cfadc2";"61779947-c82b-46b7-aa40-91824f364561"
"b_autre_equipe_servie";"6a95140c-083b-4f7b-8057-9b7fd6cafe68";"home";"0cd95567-b268-445f-bb84-bd43625eaa1a";"Soccer B Garçons D3 A";"Loyola";"Loyola";"a43970ec-24bc-4c8f-a621-c9ba57bb18b6";"f7dae16e-360c-43ef-ba53-8f6b1184af96";"cbb2fe47-9daf-4242-baba-d314eab310e8";"f7dae16e-360c-43ef-ba53-8f6b1184af96"
"b_autre_equipe_servie";"6a9ebcf8-d8ec-4112-bd9c-1580da33f534";"home";"43ebc48b-e97e-4b35-b77c-73fba1a45b5a";"Volleyball B Filles D3 B";"Vincent Massey";"Vincent Massey";"04a1a220-e9f5-4a63-b3bc-e62d22b0a912";"0cb50c40-a579-469f-abd4-ac2ce3d60d67";"2c4b35e9-c397-4764-a032-37706506c6ce";"0cb50c40-a579-469f-abd4-ac2ce3d60d67"
"b_autre_equipe_servie";"6b566ff5-832a-4995-99fd-ad5979b65e6e";"home";"bec01a8c-c157-4f21-8f9d-17de95052a59";"Flag football C F D4 Niveau 1 Automne Noire";"Thérèse-Martin";"Thérèse-Martin";"539f3f92-e1b2-4c2f-b8c7-0305f27280ab";"bc0d4aba-ce7c-4ccd-833e-7a6457b9abb1";"f5347bb5-d398-4c01-a0d5-62a7c94979c8";"bc0d4aba-ce7c-4ccd-833e-7a6457b9abb1"
"b_autre_equipe_servie";"6b6267df-0196-4b57-aef4-5028f16ccbff";"home";"0ba0936c-252e-4aca-bcd1-26b669b3d087";"Soccer C Garçons D3 A";"Collège St-Jean-Vianney";"Collège St-Jean-Vianney";"7b96aaab-f3b8-4a68-ad39-23b339aded0d";"d8d75aa6-31c9-46e1-8d72-2bb712f0f4e5";"c5b472ff-c9f4-43fc-baee-e70fd43bb00a";"d8d75aa6-31c9-46e1-8d72-2bb712f0f4e5"
"b_autre_equipe_servie";"6b6267df-0196-4b57-aef4-5028f16ccbff";"visitor";"0ba0936c-252e-4aca-bcd1-26b669b3d087";"Soccer C Garçons D3 A";"Collège Sainte-Anne";"Collège Sainte-Anne";"e2f9ab5e-3c60-45a6-a3e6-d1792ca5fc6f";"43f59393-bcd5-4281-bed7-5d3f9b460f85";"f9aa0101-4a96-4528-a1d4-7f248e9c60b4";"43f59393-bcd5-4281-bed7-5d3f9b460f85"
"b_autre_equipe_servie";"6bc54759-fe47-46e7-b935-ca052d8e4cb3";"visitor";"06d3fe75-76d2-4774-9dde-1824ade70a04";"Soccer B Filles D3 A";"Collège Sainte-Anne";"Collège Sainte-Anne";"73e3e5d3-6ccc-48c9-a3bc-1f524556e51e";"687d9f70-e233-4f30-bab4-6fde3ea78d85";"8ed287bc-e79f-4fd8-9160-06ae00ab63c1";"687d9f70-e233-4f30-bab4-6fde3ea78d85"
"b_autre_equipe_servie";"6c2ae360-5439-4960-8a7b-28c6c87a268e";"home";"fbe5efc6-9813-4ee0-93cd-a402d0806d65";"Flag football C M D4";"Du Rocher";"Du Rocher";"843096cc-8175-4aa6-9c2c-a7b9a5fd55b2";"df47c926-4ab5-4495-bf4f-58dab581fc74";"a15da282-40e2-4c17-93f6-209ef5af4e8c";"df47c926-4ab5-4495-bf4f-58dab581fc74"
"b_autre_equipe_servie";"6c2ae360-5439-4960-8a7b-28c6c87a268e";"visitor";"fbe5efc6-9813-4ee0-93cd-a402d0806d65";"Flag football C M D4";"Jean-Nicolet";"Jean-Nicolet";"0c55e091-7a8a-4279-aeed-7fef1fe3d3a4";"f0bd5efa-3fa1-4ebf-9e59-94b35bf60b39";"da1d244d-8f96-4854-9f29-1fd38c534858";"f0bd5efa-3fa1-4ebf-9e59-94b35bf60b39"
"b_autre_equipe_servie";"6c5e80c6-b1ed-43b0-a84b-7ea1af60a479";"visitor";"d47f06b9-76ac-4c01-a902-d62354334403";"Flag football J M D4 Niveau 2 SECTION 2";"ÉS Marguerite-De Lajemmerais";"ÉS Marguerite-De Lajemmerais";"89c5c17c-e806-41c9-88c6-c2568977a640";"df139f3a-4155-4480-95bc-b2880b899120";"4036c6c0-7c89-4ae3-92ca-ff09f97eecc4";"df139f3a-4155-4480-95bc-b2880b899120"
"b_autre_equipe_servie";"6c9fc909-2776-43c7-892e-db268d9f6449";"visitor";"2dd96751-da1c-48c4-9039-9f59ac6cc3e4";"Flag football B F D4 Niveau 1 Printemps Rouge";"Horizon";"Horizon";"e4f77e52-dcc3-4b6f-a4f7-b83790f89147";"ef86f420-9c85-4459-85a9-ce2854c6d139";"8e54ae62-5b1f-4fb1-bd97-69416ba9c57f";"ef86f420-9c85-4459-85a9-ce2854c6d139"
"b_autre_equipe_servie";"6cb3a03e-a202-4bfe-8037-451ed1563223";"home";"d41d4c6e-5f5c-4b26-ae75-575d922793cb";"Rugby J F D4";"Marcellin-Champagnat";"Marcellin-Champagnat";"c1dbfc29-478b-4a48-877e-6015f7b52bd1";"52149486-c23a-4412-af24-c92632b1e54a";"950da248-7ef5-4354-bbab-26eb1e37d10f";"52149486-c23a-4412-af24-c92632b1e54a"
"b_autre_equipe_servie";"6cb3a03e-a202-4bfe-8037-451ed1563223";"visitor";"d41d4c6e-5f5c-4b26-ae75-575d922793cb";"Rugby J F D4";"Coll. Trinité";"Coll. Trinité";"6246a329-6361-495d-a79b-0429863b3953";"3513f3a9-c6c8-4a8e-ab14-98e3b1a20811";"0686efc1-92d7-4719-86f0-f350b5f8ae14";"3513f3a9-c6c8-4a8e-ab14-98e3b1a20811"
"b_autre_equipe_servie";"6cdda07f-661a-4074-a7e6-437e1a6945a4";"visitor";"03c32ac3-be45-480b-b106-8b585348b437";"Soccer J Garçons D3 C";"Collège Sainte-Anne";"Collège Sainte-Anne";"ebf8cb23-c51e-4ba1-9d55-23078cf09f0d";"cda673b2-8a38-4656-aedb-ddf403d429b8";"089cf689-2453-4d65-80f0-0f908bbe53e4";"cda673b2-8a38-4656-aedb-ddf403d429b8"
"b_autre_equipe_servie";"6cde0861-0706-4697-b0fc-c8f976dfc924";"home";"d097573e-3f97-450a-b7ea-dbc66250fdd7";"Soccer C Garçons D3 A";"Loyola";"Loyola";"3a2c0cec-ba6e-4068-975d-59895d2798a4";"1945d4bf-bd04-46cb-8b28-ecc70b29e924";"4b25f1ee-34f7-4cd5-896f-055a2f426a97";"1945d4bf-bd04-46cb-8b28-ecc70b29e924"
"b_autre_equipe_servie";"6cde0861-0706-4697-b0fc-c8f976dfc924";"visitor";"d097573e-3f97-450a-b7ea-dbc66250fdd7";"Soccer C Garçons D3 A";"Vincent Massey";"Vincent Massey";"72bf5301-b901-4f17-bac9-8da2c7eba2ae";"7c166bde-ea46-4afa-8dd3-992793757254";"552eb8e1-8996-4d2e-8385-398e84773a39";"7c166bde-ea46-4afa-8dd3-992793757254"
"b_autre_equipe_servie";"6d516152-7994-4105-98d0-536774fb2f40";"visitor";"cbb3297f-2cd0-4089-9dd2-7b9c0eefc8e3";"Flag football J F D4 Niveau 1 Automne Rouge";"Jean-Baptiste-Meilleur";"Jean-Baptiste-Meilleur";"83f7b9db-96ff-4150-b4f4-bb96f8892a7c";"d6db6f2e-def0-40cf-9edc-003c3c445331";"5b74a422-f064-444f-b36c-3973512d70f6";"d6db6f2e-def0-40cf-9edc-003c3c445331"
"b_autre_equipe_servie";"6d52e72a-67fb-4e5a-bbe3-d49de0308a32";"visitor";"800181ca-d35b-41a5-8491-7c9cc1037437";"Flag football B F D3";"Collège St-Jean-Vianney";"Collège St-Jean-Vianney";"11f06eff-610a-4372-b4b7-73900256266d";"07f2e407-d6c9-4b71-a872-11e20a824ba3";"e1953a0f-d02f-47e1-bd1b-49e270431959";"07f2e407-d6c9-4b71-a872-11e20a824ba3"
"b_autre_equipe_servie";"6d717949-f87c-4cd4-9493-9ba2c4188b2d";"home";"7f06a52d-a536-432d-b42c-aad89eced468";"Flag football C M D4";"Jean-Nicolet";"Jean-Nicolet";"0c55e091-7a8a-4279-aeed-7fef1fe3d3a4";"f0bd5efa-3fa1-4ebf-9e59-94b35bf60b39";"da1d244d-8f96-4854-9f29-1fd38c534858";"f0bd5efa-3fa1-4ebf-9e59-94b35bf60b39"
"b_autre_equipe_servie";"6d717949-f87c-4cd4-9493-9ba2c4188b2d";"visitor";"7f06a52d-a536-432d-b42c-aad89eced468";"Flag football C M D4";"Les Seigneuries";"Les Seigneuries";"ee96df69-70e4-437d-abcc-cbc38e2c8266";"d9fd05f3-aaa7-4c3a-85b8-e9ca0c1b32cc";"8ae637de-dfb1-4580-a462-f8c00bd88fbc";"d9fd05f3-aaa7-4c3a-85b8-e9ca0c1b32cc"
"b_autre_equipe_servie";"6e58f0fa-33cf-4e08-a517-194314003cab";"home";"15a1dc73-b1d2-463c-ae7e-66655d9bb7f9";"Soccer C F D3";"St-Ch.Garnier";"St-Ch.Garnier";"f65c9dbf-101a-45cd-8048-927badcc9781";"deda4093-014d-4928-9902-d72301a80ad3";"5503e4e9-66f8-4c1e-b84a-7cd3b9ae93be";"deda4093-014d-4928-9902-d72301a80ad3"
"b_autre_equipe_servie";"6e5c6182-a1ab-45d3-819f-7c9794be1997";"home";"5187d65b-0928-41e5-8011-ffb949df4778";"Soccer C M D3";"Coll. Jésus-Marie de Sillery";"Coll. Jésus-Marie de Sillery";"58ab4606-8249-4282-89bf-74f31c3f8a40";"91634316-db6d-48e4-bb46-9a57272f4c0e";"137328a2-c1aa-4f69-9952-5107c5a695d8";"91634316-db6d-48e4-bb46-9a57272f4c0e"
"b_autre_equipe_servie";"6e5c6182-a1ab-45d3-819f-7c9794be1997";"visitor";"5187d65b-0928-41e5-8011-ffb949df4778";"Soccer C M D3";"St-Ch.Garnier";"St-Ch.Garnier";"bdacde59-6442-498b-bd78-f3b5d9794760";"d5a5f0fa-09b0-4f8d-8407-1dc4999d90b4";"01072e59-bee3-4570-af4c-1e0409f3ce4a";"d5a5f0fa-09b0-4f8d-8407-1dc4999d90b4"
"b_autre_equipe_servie";"6e7d0c82-5f78-488c-8673-5c425d2e80f6";"home";"4591f0c8-dfa3-40a2-b2a8-afb2e4a1f965";"Flag football B F D3";"Curé-Antoine-Labelle";"Curé-Antoine-Labelle";"fdb5bcc1-1659-455a-9604-b8b32fefc1a3";"cd0a4f18-f80f-4de6-9e41-a531c761a2ae";"e8eae32e-2ce1-4bea-b15a-3b3aecc6a6cf";"cd0a4f18-f80f-4de6-9e41-a531c761a2ae"
"b_autre_equipe_servie";"6e7d0c82-5f78-488c-8673-5c425d2e80f6";"visitor";"4591f0c8-dfa3-40a2-b2a8-afb2e4a1f965";"Flag football B F D3";"Collège Laval";"Collège Laval";"80538262-7b15-4ff5-9b73-a5b24ec25183";"9e17cfb8-3d75-40c0-b7eb-7c108e115244";"c83aa582-e3ad-4444-80ce-ded3386a4b47";"9e17cfb8-3d75-40c0-b7eb-7c108e115244"
"b_autre_equipe_servie";"6ebd3353-3575-4875-a624-519dc5c15a4f";"home";"1cb10939-037f-4451-911d-9df860955669";"Soccer B M D3";"Coll. Jésus-Marie de Sillery";"Coll. Jésus-Marie de Sillery";"09a925ae-8850-4196-9ff1-69d77aec6647";"07eef12a-4cc0-4f83-bcdc-de98358a7d1e";"5ed7f1f0-d273-4ff7-858a-30a1b0047d5d";"07eef12a-4cc0-4f83-bcdc-de98358a7d1e"
"b_autre_equipe_servie";"6ebd3353-3575-4875-a624-519dc5c15a4f";"visitor";"1cb10939-037f-4451-911d-9df860955669";"Soccer B M D3";"Acad. Saint-Louis";"Acad. Saint-Louis";"fa3b684f-0a82-4084-a13d-9cf558127c50";"c0637643-0fe8-40d7-b8eb-deb4616705e5";"0f19d38a-b5c2-4910-9cf9-fc10499ceca4";"c0637643-0fe8-40d7-b8eb-deb4616705e5"
"b_autre_equipe_servie";"6ec46fd6-27eb-4f02-ac2a-ddf1f52ba25b";"home";"db376883-4f1c-4ca2-844d-6fce811756a5";"Flag football J F D3";"Letendre";"Letendre";"f7bb60ef-d707-4be0-91cd-5aeb72f01159";"9dc3fff7-feea-45bf-b4e9-275be3464259";"a9d2827e-8a68-4253-bc45-2f0cab85ba99";"9dc3fff7-feea-45bf-b4e9-275be3464259"
"b_autre_equipe_servie";"6ec46fd6-27eb-4f02-ac2a-ddf1f52ba25b";"visitor";"db376883-4f1c-4ca2-844d-6fce811756a5";"Flag football J F D3";"Collège Laval";"Collège Laval";"5e7dee86-294e-4ef1-85b7-a5e29d997007";"c6f1ae19-b6e3-4400-b739-f1c5767d6fb6";"ba5842f5-e433-4682-96ed-4cc27746f6f2";"c6f1ae19-b6e3-4400-b739-f1c5767d6fb6"
"b_autre_equipe_servie";"6f1268d3-4197-4a3a-9b73-49464de942d4";"home";"091ed7b7-4119-4080-a994-faacf359add9";"Flag football C M D4";"Les Seigneuries";"Les Seigneuries";"ee96df69-70e4-437d-abcc-cbc38e2c8266";"d9fd05f3-aaa7-4c3a-85b8-e9ca0c1b32cc";"8ae637de-dfb1-4580-a462-f8c00bd88fbc";"d9fd05f3-aaa7-4c3a-85b8-e9ca0c1b32cc"
"b_autre_equipe_servie";"6f1268d3-4197-4a3a-9b73-49464de942d4";"visitor";"091ed7b7-4119-4080-a994-faacf359add9";"Flag football C M D4";"L'Escale";"L'Escale";"01500a13-b182-4c6d-a966-ebe03ef6bc2b";"53bd5bef-8454-4a1e-8b1d-5bcdb28ce176";"c529e448-a991-4fcc-98bd-becd1a6b7316";"53bd5bef-8454-4a1e-8b1d-5bcdb28ce176"
"b_autre_equipe_servie";"6f12af78-b051-4c6e-9b88-f345d63d7bfd";"home";"8c11d322-75d3-4f4c-b1ee-0aab77c0e147";"Flag football B F D4 Niveau 2 Printemps Noire";"du Havre-Jeunesse";"du Havre-Jeunesse";"69010f74-9e9d-4353-badc-6a16a14fa0b6";"6ac85b32-1d65-4cc2-a092-e71a6a057a49";"0fa2705e-d5f0-4729-b990-616a2c883e06";"6ac85b32-1d65-4cc2-a092-e71a6a057a49"
"b_autre_equipe_servie";"6f34e5f0-02c8-47da-bea5-e91898328eac";"visitor";"045a6a73-df90-47c1-b74e-24f83388da71";"Flag football C F D3";"Les Estacades";"Les Estacades";"e8695dd7-dc30-4704-9683-162383b62317";"121fae32-ff6a-4238-8a3d-1cf2d33b258c";"90df9427-f91a-4497-adf9-df1a900d40d5";"121fae32-ff6a-4238-8a3d-1cf2d33b258c"
"b_autre_equipe_servie";"6f3db885-9e7a-45ce-9fda-c784fcb17372";"home";"df070506-7049-43c4-8770-a492c182d7a2";"Flag football C M D4";"Les Seigneuries";"Les Seigneuries";"ee96df69-70e4-437d-abcc-cbc38e2c8266";"d9fd05f3-aaa7-4c3a-85b8-e9ca0c1b32cc";"8ae637de-dfb1-4580-a462-f8c00bd88fbc";"d9fd05f3-aaa7-4c3a-85b8-e9ca0c1b32cc"
"b_autre_equipe_servie";"6f3db885-9e7a-45ce-9fda-c784fcb17372";"visitor";"df070506-7049-43c4-8770-a492c182d7a2";"Flag football C M D4";"Keranna F";"Keranna F";"7d091d97-24a2-4f1b-a8c0-46daed1e0135";"c96da4c1-d23d-487a-9091-73a9750ad66d";"036fc191-51a7-4b17-bd78-9795ad5b980d";"c96da4c1-d23d-487a-9091-73a9750ad66d"
"b_autre_equipe_servie";"6fa5c205-d2ae-43e5-a976-96a8a454f427";"visitor";"702fe688-c655-4bbe-b355-f1b9afdad02e";"Volleyball B Garçons D3 B";"Collège Notre-Dame";"Collège Notre-Dame";"aaa6ba91-8840-4726-81fc-2cbfe9df2379";"dbb0de18-c040-4d86-a0c7-7f85e0ca6eef";"6b4eb500-abcc-4655-8e71-cbfc8f9f1bd9";"dbb0de18-c040-4d86-a0c7-7f85e0ca6eef"
"b_autre_equipe_servie";"6fca8710-082a-46b2-9aef-30f6d3b7fe45";"visitor";"d066046d-fecb-4948-add9-9ba08c995aee";"Flag football B F D3";"Collège Mont-St-Louis";"Collège Mont-St-Louis";"f31fd5dc-bfcc-41a1-a9f2-60ce3187b1dc";"decb9c40-49e9-42b0-8ca5-d97c37d96b2a";"76ba448a-6219-481b-bbb3-d9f3e233bc25";"decb9c40-49e9-42b0-8ca5-d97c37d96b2a"
"b_autre_equipe_servie";"6ffcb35b-dd8d-463b-b10e-a00b28de6dd2";"visitor";"34f14313-e1b5-4e49-bdf2-cc3299ed0206";"Soccer B M D4 Niveau 3";"Coll. Champigny";"Coll. Champigny";"8c0c206a-64b1-4979-9ddc-603c0fba8701";"91cecef8-5eb9-4953-b0a7-e66e85a75b73";"ae941847-6edf-408e-b088-89002766c39b";"91cecef8-5eb9-4953-b0a7-e66e85a75b73"
"b_autre_equipe_servie";"70296079-a927-454d-a171-2a37ee497c07";"visitor";"1d91e281-ee3b-47f2-9674-1554646952f2";"Rugby C F D4";"Saint-Joseph";"Saint-Joseph";"6a7cc135-bc23-431d-9386-748719185ebc";"7464715c-45a8-49df-a194-811ebd82b6bf";"f241ee42-83f9-4afa-b264-7a454d389ee8";"7464715c-45a8-49df-a194-811ebd82b6bf"
"b_autre_equipe_servie";"70438b52-3fcf-4e58-8305-003b9ab52766";"home";"45184b08-ca47-4821-999d-97c16079a4a9";"Flag football B M D3";"Collège Reine-Marie";"Collège Reine-Marie";"20eadcaf-4913-441a-bda8-fb62ada925c6";"1d0c69c4-bfb1-45ac-90ae-ae0fcc4818c4";"36af98ef-b4b5-4453-bcad-4fae819c37f4";"1d0c69c4-bfb1-45ac-90ae-ae0fcc4818c4"
"b_autre_equipe_servie";"71241935-1a1a-4a06-b303-99ba4f03a706";"home";"743b1cbd-c2ea-4725-85e8-ed7d76fb594b";"Soccer B M D3";"Coll. Jésus-Marie de Sillery";"Coll. Jésus-Marie de Sillery";"09a925ae-8850-4196-9ff1-69d77aec6647";"07eef12a-4cc0-4f83-bcdc-de98358a7d1e";"5ed7f1f0-d273-4ff7-858a-30a1b0047d5d";"07eef12a-4cc0-4f83-bcdc-de98358a7d1e"
"b_autre_equipe_servie";"71241935-1a1a-4a06-b303-99ba4f03a706";"visitor";"743b1cbd-c2ea-4725-85e8-ed7d76fb594b";"Soccer B M D3";"Sém. St-François";"Sém. St-François";"4884b9d8-271b-4c8c-bbfa-f1d001503e3a";"807ae59e-77aa-4b6b-bec8-6bfcb9a9f345";"18fda611-73ef-4c03-a090-92ece48c69c0";"807ae59e-77aa-4b6b-bec8-6bfcb9a9f345"
"b_autre_equipe_servie";"7176206c-7d59-434f-a5c2-e8053c9678a2";"visitor";"ec94e9ae-6807-494a-857a-64b46ada9d75";"Soccer C Garçons D4 Niveau 1 A";"St. Thomas";"St. Thomas";"225cd842-236e-4e6f-8791-7c2d3df441eb";"1a2aeadc-90d0-4b30-a839-1c7a93ec6f91";"6dd2557c-f6a9-4234-8dfd-81921b6b7f41";"1a2aeadc-90d0-4b30-a839-1c7a93ec6f91"
"b_autre_equipe_servie";"7196b4b8-7278-429d-9308-ce2b87541f34";"home";"df32c69d-1942-448f-aec5-87e79aa5e436";"Soccer C Garçons D3 A";"Collège Sainte-Anne";"Collège Sainte-Anne";"e2f9ab5e-3c60-45a6-a3e6-d1792ca5fc6f";"43f59393-bcd5-4281-bed7-5d3f9b460f85";"f9aa0101-4a96-4528-a1d4-7f248e9c60b4";"43f59393-bcd5-4281-bed7-5d3f9b460f85"
"b_autre_equipe_servie";"7196b4b8-7278-429d-9308-ce2b87541f34";"visitor";"df32c69d-1942-448f-aec5-87e79aa5e436";"Soccer C Garçons D3 A";"Collège St-Jean-Vianney";"Collège St-Jean-Vianney";"7b96aaab-f3b8-4a68-ad39-23b339aded0d";"d8d75aa6-31c9-46e1-8d72-2bb712f0f4e5";"c5b472ff-c9f4-43fc-baee-e70fd43bb00a";"d8d75aa6-31c9-46e1-8d72-2bb712f0f4e5"
"b_autre_equipe_servie";"71a2c2b3-3fca-41f0-bbe2-e854689c643d";"visitor";"e4786376-6ff9-40c3-bcba-13a615c4ef9a";"Soccer C Filles D3 A";"John-Rennie";"John-Rennie";"7169f79d-d8d0-4a0f-a69e-a464a57342d0";"9c1298bb-bde8-444c-8e02-23109bb09ca8";"f477afcc-de09-4017-bdb4-ca7f5299cc1d";"9c1298bb-bde8-444c-8e02-23109bb09ca8"
"b_autre_equipe_servie";"720d334d-11d5-4f07-b5b7-4efe1930f583";"home";"bf78193f-5741-4adf-a459-07b6111c1d27";"Flag football B F D3";"Letendre";"Letendre";"659b343c-3c43-4ce3-95de-06f00e334dce";"cda7148e-0fa9-4859-86d7-3a1eca7414c9";"6f52d32c-3716-4c58-8e2a-1e503ae6d709";"cda7148e-0fa9-4859-86d7-3a1eca7414c9"
"b_autre_equipe_servie";"720d334d-11d5-4f07-b5b7-4efe1930f583";"visitor";"bf78193f-5741-4adf-a459-07b6111c1d27";"Flag football B F D3";"De la Croisée";"De la Croisée";"8c279071-828c-4ff6-ab74-a6838d63a7ef";"3b31a1ac-09dc-4083-9788-e4a90d896c96";"886b3172-e0d7-47a6-b93d-d0a24dae0ff4";"3b31a1ac-09dc-4083-9788-e4a90d896c96"
"b_autre_equipe_servie";"72130c06-9a98-4e23-a35d-61554239d50b";"visitor";"34d77f92-91b4-461e-9d84-956ac3936733";"Flag football J F D4 Niveau 1 Printemps Blanche";"Antoine-Manseau";"Antoine-Manseau";"d2451207-dc7e-4af8-b809-9f568c9c6573";"804a49cc-dae0-4194-8d2c-2397806cc168";"09b19983-8a9a-4fea-902b-2a02a3158ab1";"804a49cc-dae0-4194-8d2c-2397806cc168"
"b_autre_equipe_servie";"727564a5-c244-4712-9640-e8b3d77e064f";"home";"ad784427-25f9-48ea-bd61-c5de3fd2221e";"Flag football J Garçons D3 Fall B";"St. Thomas";"St. Thomas";"10031fbc-739d-47f5-a8bf-30ae4822c5cf";"7eb78569-f713-45dd-be90-325aa31e4fdb";"0f464fed-4180-420c-865c-a10acb99e18f";"7eb78569-f713-45dd-be90-325aa31e4fdb"
"b_autre_equipe_servie";"72973cfd-10b4-4edc-9f2e-dd898dc4ac08";"visitor";"ca3173c2-7b92-49c6-b995-93c671f247c3";"Volleyball C Filles D3 A";"John-Rennie";"John-Rennie";"ee9e77c1-58c7-4afe-a05d-029b50c9591c";"55f90e35-a7e0-4f7c-ab28-9cff54d91bd0";"40257dd1-fce5-4bac-98f7-259a15747354";"55f90e35-a7e0-4f7c-ab28-9cff54d91bd0"
"b_autre_equipe_servie";"72c7f335-eb7d-4924-bb7f-0ce19cb2fb74";"home";"a15cded4-10f4-40f9-8a34-f4fe9c6a598c";"Football J M D4";"Quatre-Vents";"Quatre-Vents";"536932f9-df83-4033-91de-350ad3d77998";"1a7549f9-bd1e-4849-8d11-1589f1eff42e";"30a99e79-3d60-4edc-bbfd-09b3436b9f7c";"1a7549f9-bd1e-4849-8d11-1589f1eff42e"
"b_autre_equipe_servie";"72c7f335-eb7d-4924-bb7f-0ce19cb2fb74";"visitor";"a15cded4-10f4-40f9-8a34-f4fe9c6a598c";"Football J M D4";"Odyssée";"Odyssée";"6da9a54a-9e1b-4d2a-9a8b-f819c0f1893d";"b351d04d-11d0-4116-b152-30cc2783962f";"c4c12334-5011-4d35-ac04-d791fb6eb43a";"b351d04d-11d0-4116-b152-30cc2783962f"
"b_autre_equipe_servie";"737751bd-9826-4b51-8a07-b836f552f24f";"visitor";"44a9caf8-b38a-4ecf-a5bb-827e9277f1af";"Flag football J M D4 Niveau 3";"Collège d'Anjou";"Collège d'Anjou";"d50baa17-df67-47a4-ae5d-f87ef68850ac";"1c2ded8a-c1c2-465a-9442-2398c8d96f0e";"0ef55900-0c81-495b-a9f5-47d53d820962";"1c2ded8a-c1c2-465a-9442-2398c8d96f0e"
"b_autre_equipe_servie";"7386c481-6b0a-4183-9463-7bdc046c4955";"visitor";"10311965-9305-487a-a5f5-84005bf17991";"Soccer B M D4 Niveau 1";"Samuel-Champlain";"Samuel-Champlain";"c9a5b768-f239-4207-90c2-93f4fc18a4c2";"01a19d6a-3ea2-4665-a5d5-ede3eee89439";"ba03109c-7726-4db7-b348-87bce8f32bfb";"01a19d6a-3ea2-4665-a5d5-ede3eee89439"
"b_autre_equipe_servie";"73ad8b4b-71d7-4423-af24-985786056d59";"visitor";"ff9a15ae-4306-4834-950e-2ce59d03be1b";"Volleyball B Garçons D3 B";"Collège Notre-Dame";"Collège Notre-Dame";"aaa6ba91-8840-4726-81fc-2cbfe9df2379";"dbb0de18-c040-4d86-a0c7-7f85e0ca6eef";"6b4eb500-abcc-4655-8e71-cbfc8f9f1bd9";"dbb0de18-c040-4d86-a0c7-7f85e0ca6eef"
"b_autre_equipe_servie";"73ef6d63-1842-421a-826e-907ae9559ca3";"home";"d0917374-5fb9-4d1e-8976-d3de1507ee42";"Flag football B F D4 Niveau 1 Automne Bleue";"Barthélemy-Joliette";"Barthélemy-Joliette";"9f493149-6512-47a3-9ae7-01a86e67b90c";"64dc66d7-f8d6-48c0-8c58-47a2b16be284";"27b30554-3ba1-4925-bfb4-58b4d4130832";"64dc66d7-f8d6-48c0-8c58-47a2b16be284"
"b_autre_equipe_servie";"7418ce12-721a-4388-b850-a9c10678dc31";"visitor";"c70e09ca-4db2-44dd-a100-557da295032f";"Soccer J M D3";"La Seigneurie";"La Seigneurie";"da10e633-b8f8-4088-8ce9-8e52421f52f9";"af09c5d4-2b4f-4718-a8de-ea6f63ee34ec";"b5d64381-0a41-42dc-b97a-54513f625fb0";"af09c5d4-2b4f-4718-a8de-ea6f63ee34ec"
"b_autre_equipe_servie";"743a9fb5-21de-423b-8ef5-e84b29dcd1ff";"home";"d1e607cb-c53c-408d-be0a-39ee32efbf25";"Soccer B F D4";"Benoit-Vachon";"Benoit-Vachon";"18a03a58-c486-4cf7-8113-e18caa2957c8";"679428eb-e803-4aca-b482-671d21c4820d";"e32cff2a-3e6e-4e84-b95f-266d15136adc";"679428eb-e803-4aca-b482-671d21c4820d"
"b_autre_equipe_servie";"749a3307-3ec8-4485-919e-bb8ab0447729";"home";"2da37c73-ba5d-4948-a006-1fae3dfa2549";"Flag football J M D4 Niveau 3";"Collège d'Anjou";"Collège d'Anjou";"d50baa17-df67-47a4-ae5d-f87ef68850ac";"1c2ded8a-c1c2-465a-9442-2398c8d96f0e";"0ef55900-0c81-495b-a9f5-47d53d820962";"1c2ded8a-c1c2-465a-9442-2398c8d96f0e"
"b_autre_equipe_servie";"753c7382-2a7d-462f-95b9-5828b772d5af";"home";"61023682-5972-4cc0-b350-7772e22bfd7d";"Volleyball J Filles D3 A";"St. Thomas";"St. Thomas";"965eaded-5ed7-4569-a8e3-e7416469ce98";"faea7178-3fe6-47af-ad56-4cca73d1c736";"873e45c8-3720-4b7c-b1ab-14ddd4ecc054";"faea7178-3fe6-47af-ad56-4cca73d1c736"
"b_autre_equipe_servie";"755229b8-68f7-4910-ba5c-fe7d5879db35";"home";"67f0a2a3-d40c-47c2-ae98-e2122a8c0096";"Flag football J M D4 Niveau 2 SECTION 2";"ÉS Marguerite-De Lajemmerais";"ÉS Marguerite-De Lajemmerais";"89c5c17c-e806-41c9-88c6-c2568977a640";"df139f3a-4155-4480-95bc-b2880b899120";"4036c6c0-7c89-4ae3-92ca-ff09f97eecc4";"df139f3a-4155-4480-95bc-b2880b899120"
"b_autre_equipe_servie";"7559b797-0824-40dd-aac6-aae0dbbf71fd";"home";"9a7fb8e7-8ff4-4009-9d93-9bdb66a3623c";"Volleyball J Filles D3 A";"St. Thomas";"St. Thomas";"965eaded-5ed7-4569-a8e3-e7416469ce98";"faea7178-3fe6-47af-ad56-4cca73d1c736";"873e45c8-3720-4b7c-b1ab-14ddd4ecc054";"faea7178-3fe6-47af-ad56-4cca73d1c736"
"b_autre_equipe_servie";"7576a4ac-5bbe-443a-8bc7-e556794823ae";"visitor";"7e546a82-dfaa-4b36-80bf-6bf0f5fee803";"Flag football C M D4";"Keranna F";"Keranna F";"7d091d97-24a2-4f1b-a8c0-46daed1e0135";"c96da4c1-d23d-487a-9091-73a9750ad66d";"036fc191-51a7-4b17-bd78-9795ad5b980d";"c96da4c1-d23d-487a-9091-73a9750ad66d"
"b_autre_equipe_servie";"7585fd0f-6043-4249-94ea-99616cfd7bc4";"visitor";"3e14ec51-a38c-40a0-b3df-c4d273d24564";"Flag football C M D3";"Collège St-Jean-Vianney";"Collège St-Jean-Vianney";"30f7d148-24d6-4d48-920d-da55128051bf";"6806bef5-c01c-4b16-992f-cc0bf74bb04b";"cba3c9b3-4223-4e38-aa19-92e9942e2268";"6806bef5-c01c-4b16-992f-cc0bf74bb04b"
"b_autre_equipe_servie";"75aa2080-cb5f-479c-9bbf-f990755eea3f";"home";"e6c3f493-0cbb-492a-8fa2-e3cbb3936c39";"Flag football J F D4";"É.S. Monique Proulx";"É.S. Monique Proulx";"b6c9a680-49a4-41a1-a890-74e6171f73db";"48ef6f8f-293c-442d-a89f-58418d22b72f";"fe2dd27e-d57d-40c9-a0ad-1bc2ac669685";"48ef6f8f-293c-442d-a89f-58418d22b72f"
"b_autre_equipe_servie";"7625a62c-4d71-4ee4-9d00-0482f20c639e";"home";"4d75d42c-d856-4af1-a91a-03d35e8fceba";"Flag football C M D3";"Grande-Rivière";"Grande-Rivière";"bbf64225-2b6f-47c1-b2d7-8b1c47dfc4c6";"5f1ca83e-d5b7-4a3b-8155-01d37b858ae4";"0c41f4d6-af9b-4661-b7ef-ead05b3ea2d9";"5f1ca83e-d5b7-4a3b-8155-01d37b858ae4"
"b_autre_equipe_servie";"76aabbdf-8a95-4e5f-9dc1-6323d8919a08";"home";"75e33029-c67d-4213-88f8-e3d42c53b8de";"Flag football C F D4 Niveau 1 Automne Noire";"Thérèse-Martin";"Thérèse-Martin";"539f3f92-e1b2-4c2f-b8c7-0305f27280ab";"bc0d4aba-ce7c-4ccd-833e-7a6457b9abb1";"f5347bb5-d398-4c01-a0d5-62a7c94979c8";"bc0d4aba-ce7c-4ccd-833e-7a6457b9abb1"
"b_autre_equipe_servie";"76e3cbe7-3eb0-49b5-ae6a-37d40cebbdac";"visitor";"b17ba0ec-08ba-4914-8619-2278e9fad3c7";"Flag football C M D3";"D'Arcy McGee";"D'Arcy McGee";"3df7cc0b-59f6-42f0-89c9-d2000e62980a";"37f82d0a-778b-4185-8aea-a43a8d233858";"74c0f897-74d9-4004-a0a1-59f94728fae3";"37f82d0a-778b-4185-8aea-a43a8d233858"
"b_autre_equipe_servie";"77443497-fb58-4c24-9218-78eb5113f8d8";"home";"13df366d-7bb3-412c-8ec7-2dbe43202abd";"Volleyball J Filles D3 A";"St. Thomas";"St. Thomas";"965eaded-5ed7-4569-a8e3-e7416469ce98";"faea7178-3fe6-47af-ad56-4cca73d1c736";"873e45c8-3720-4b7c-b1ab-14ddd4ecc054";"faea7178-3fe6-47af-ad56-4cca73d1c736"
"b_autre_equipe_servie";"7760da3b-f7b5-4bb3-be31-78e350d35790";"visitor";"db1de938-9809-4fcf-bff7-f3d4a3a892cf";"Volleyball J Filles D3 A";"St. Thomas";"St. Thomas";"965eaded-5ed7-4569-a8e3-e7416469ce98";"faea7178-3fe6-47af-ad56-4cca73d1c736";"873e45c8-3720-4b7c-b1ab-14ddd4ecc054";"faea7178-3fe6-47af-ad56-4cca73d1c736"
"b_autre_equipe_servie";"77bdb843-b269-492c-b502-6d528eef6697";"visitor";"b6315be9-40ed-4342-b48d-a983e3b7846c";"Flag football J M D3";"Collège Mont-St-Louis";"Collège Mont-St-Louis";"7f8dc406-ada5-4702-baec-283b7123abcb";"68688c39-470a-4717-80c2-f049d9b214ba";"3862c17c-0d53-4661-a479-f6919183a412";"68688c39-470a-4717-80c2-f049d9b214ba"
"b_autre_equipe_servie";"77c669f3-7b3e-4231-9301-f4da5e3142b4";"home";"b2d7e725-c824-4eea-8efe-4cdbfba5fa4c";"Soccer B M D4 Niveau 3";"Coll. Champigny";"Coll. Champigny";"8c0c206a-64b1-4979-9ddc-603c0fba8701";"91cecef8-5eb9-4953-b0a7-e66e85a75b73";"ae941847-6edf-408e-b088-89002766c39b";"91cecef8-5eb9-4953-b0a7-e66e85a75b73"
"b_autre_equipe_servie";"77e0da5b-4bc2-49bc-9281-6a7c3e306904";"home";"2cfac580-e52f-4df1-91c7-269f1752cb92";"Soccer J Filles D3 A";"John-Rennie";"John-Rennie";"72769c16-52c5-4f5a-93d1-d77c516fbdc5";"2acb0446-bb4a-4d77-91f5-5b4ed18aa6d5";"00300778-0c3f-46de-91f8-11b3a6f5d02a";"2acb0446-bb4a-4d77-91f5-5b4ed18aa6d5"
"b_autre_equipe_servie";"77f53e9d-3c94-415a-a74f-7db38fad1504";"home";"1490cf22-5a82-47c5-a651-0e69f1502bcd";"Football B U D3 9 vs 9";"Hormisdas-Gamelin";"Hormisdas-Gamelin";"4f4e5c3e-4da0-4add-a098-7c1cc10c4122";"82674dc5-eb09-4eb0-bd7b-6af9d1823629";"dc5202f4-8d52-43c9-a661-3183075bf657";"82674dc5-eb09-4eb0-bd7b-6af9d1823629"
"b_autre_equipe_servie";"77f53e9d-3c94-415a-a74f-7db38fad1504";"visitor";"1490cf22-5a82-47c5-a651-0e69f1502bcd";"Football B U D3 9 vs 9";"Nouvelles Frontières";"Nouvelles Frontières";"288b69f9-33cc-4882-ae58-f241b2f93355";"d346d2a5-6784-48b8-acd9-e6144e693ca5";"0c2dbb00-88cb-4c3e-8f9b-98c19a79c042";"d346d2a5-6784-48b8-acd9-e6144e693ca5"
"b_autre_equipe_servie";"781268ea-0c39-42ef-8dfe-3752f6d05947";"home";"b87f380d-0f03-4c0b-bff2-e610b9815496";"Rugby J F D3";"Pontiac";"Pontiac";"a8ae97c2-a677-451c-ab20-044722830f1b";"c6a9fa3a-c94f-4a9a-954d-068b3d64e36e";"14abf13f-a35f-44af-85ab-27bf377df80c";"c6a9fa3a-c94f-4a9a-954d-068b3d64e36e"
"b_autre_equipe_servie";"7842ef7e-d5b9-4b29-9093-0df42beea300";"visitor";"39182a87-1c6f-4434-9fe1-80b4ecce7d68";"Volleyball C Filles D3 B";"Loyola";"Loyola";"e725e9c1-f50c-4c16-8c9f-6d2da76f22fe";"2e1510cb-e48c-46b3-8d98-e007aa3fc848";"eda3b035-b965-4606-a704-f36f2afb1b35";"2e1510cb-e48c-46b3-8d98-e007aa3fc848"
"b_autre_equipe_servie";"78626d25-f207-40f8-8014-5cf7868fc28c";"home";"659e3e5b-f1a2-4c19-8c40-00968c8bb613";"Soccer C Garçons D3 A";"Collège Jean-de-Brébeuf";"Collège Jean-de-Brébeuf";"de0e10c3-09de-4d06-81c5-cc2c2c6dfcbc";"0b44e927-d042-4583-b6af-55176f302738";"6a3a8e8a-5e82-4dc9-aa50-66742df41010";"0b44e927-d042-4583-b6af-55176f302738"
"b_autre_equipe_servie";"786c50dc-9735-4bea-80ba-856ca8901613";"home";"d5629a8f-ab3f-4c33-aa0b-c8ea97863798";"Flag football J F D4 Niveau 1 Printemps Rouge";"Horizon";"Horizon";"9e24b148-2228-41dc-a140-146b9ccc45fa";"14bbaefa-164f-47dc-b8a0-4c130a5d0d15";"67fd1af7-a728-435b-a7f7-e6ffb127bdc4";"14bbaefa-164f-47dc-b8a0-4c130a5d0d15"
"b_autre_equipe_servie";"78939e7a-898c-4ff6-afb1-5d2c18222777";"home";"1d4d88a3-485c-41e2-b523-38cea134d28f";"Rugby J F D3";"Philemon Wright";"Philemon Wright";"dfdaf91f-367d-417e-935b-b98392d7bce9";"ae69bf34-f967-4557-864d-81e8e7edb903";"7cdf6d8f-2307-41de-8e72-7dd686b81d53";"ae69bf34-f967-4557-864d-81e8e7edb903"
"b_autre_equipe_servie";"78a2b78a-ed06-406b-99b4-460344f7a6e9";"visitor";"3f770548-82b5-499e-aed0-44ff24844d39";"Flag football J M D3";"Collège Mont-St-Louis";"Collège Mont-St-Louis";"7f8dc406-ada5-4702-baec-283b7123abcb";"68688c39-470a-4717-80c2-f049d9b214ba";"3862c17c-0d53-4661-a479-f6919183a412";"68688c39-470a-4717-80c2-f049d9b214ba"
"b_autre_equipe_servie";"78f14fa0-f660-4d56-a34d-eb7ee8ff6a36";"home";"9764bc43-194c-4eea-84b7-bed5d32a577d";"Soccer J Filles D3 A";"John-Rennie";"John-Rennie";"72769c16-52c5-4f5a-93d1-d77c516fbdc5";"2acb0446-bb4a-4d77-91f5-5b4ed18aa6d5";"00300778-0c3f-46de-91f8-11b3a6f5d02a";"2acb0446-bb4a-4d77-91f5-5b4ed18aa6d5"
"b_autre_equipe_servie";"78fcb363-289c-471e-a60e-d0511108cab8";"home";"90fc56b4-5049-4176-a718-71256ba8f31e";"Football J M D4";"Quatre-Vents";"Quatre-Vents";"536932f9-df83-4033-91de-350ad3d77998";"1a7549f9-bd1e-4849-8d11-1589f1eff42e";"30a99e79-3d60-4edc-bbfd-09b3436b9f7c";"1a7549f9-bd1e-4849-8d11-1589f1eff42e"
"b_autre_equipe_servie";"78fcb363-289c-471e-a60e-d0511108cab8";"visitor";"90fc56b4-5049-4176-a718-71256ba8f31e";"Football J M D4";"Porte-du-Nord";"Porte-du-Nord";"0095b948-554e-4800-80f6-7039ab27e2f7";"6cf105f1-bcfb-4172-a914-872f116a7f39";"8660d029-021c-40f5-9354-464d5d80f536";"6cf105f1-bcfb-4172-a914-872f116a7f39"
"b_autre_equipe_servie";"7910af8d-d8e3-4746-88c5-8d2f589285c0";"home";"072b761b-c36d-447f-a09a-b8ef2b111e67";"Flag football B F D4 Niveau 2 Printemps Bleue";"Externat Sacré-Coeur";"Externat Sacré-Coeur";"6942bcdb-ab5d-438f-86f4-3c394a88d5a2";"fdd60545-566b-4d5e-9f83-1dabc22259a7";"c7b9b36d-f86a-43f4-ac7f-4bccf5e2918c";"fdd60545-566b-4d5e-9f83-1dabc22259a7"
"b_autre_equipe_servie";"798e1286-e87d-4d1f-9151-c2c073f24ec5";"home";"d3ec527c-74ab-4abb-acfc-9e7f551ff03c";"Flag football C F D3";"Des Pionniers";"Des Pionniers";"ff21aa79-3ea4-454b-97bf-cb320cd125fc";"5bcd3141-ea4c-4f10-b813-cf7c90cc7283";"c443670f-5922-48e0-bacc-afb9f1fb6656";"5bcd3141-ea4c-4f10-b813-cf7c90cc7283"
"b_autre_equipe_servie";"79c8a84f-054f-4f94-b821-6f6aa38971e1";"visitor";"eaf49e32-b3ea-42b4-868e-3b47e145a530";"Flag football C M D3";"Grande-Rivière";"Grande-Rivière";"bbf64225-2b6f-47c1-b2d7-8b1c47dfc4c6";"5f1ca83e-d5b7-4a3b-8155-01d37b858ae4";"0c41f4d6-af9b-4661-b7ef-ead05b3ea2d9";"5f1ca83e-d5b7-4a3b-8155-01d37b858ae4"
"b_autre_equipe_servie";"79ff7706-5606-4a59-a93b-641ce0256497";"home";"d2cf5742-df6f-4bf8-b44b-126dce311ea8";"Flag football C M D4";"La Découverte";"La Découverte";"03447e48-a804-49e0-b2b9-d82e928ab996";"6befc759-5ec1-4b59-a105-3e8d706ddc34";"5bfaa963-9f5b-4869-b85c-24d4e65de989";"6befc759-5ec1-4b59-a105-3e8d706ddc34"
"b_autre_equipe_servie";"7a32d2a8-38ae-4ebc-997d-5b9a72adcccf";"visitor";"a9c361d3-8c7e-429e-9e6d-2e1d3afbe55d";"Flag football J M D4 Niveau 3";"Collège d'Anjou";"Collège d'Anjou";"d50baa17-df67-47a4-ae5d-f87ef68850ac";"1c2ded8a-c1c2-465a-9442-2398c8d96f0e";"0ef55900-0c81-495b-a9f5-47d53d820962";"1c2ded8a-c1c2-465a-9442-2398c8d96f0e"
"b_autre_equipe_servie";"7a468d51-7413-41c6-8809-70b6dc8b6479";"home";"fe4a256a-410c-4fba-9ea7-04a6a09c1993";"Flag football B F D3";"Curé-Antoine-Labelle";"Curé-Antoine-Labelle";"fdb5bcc1-1659-455a-9604-b8b32fefc1a3";"cd0a4f18-f80f-4de6-9e41-a531c761a2ae";"e8eae32e-2ce1-4bea-b15a-3b3aecc6a6cf";"cd0a4f18-f80f-4de6-9e41-a531c761a2ae"
"b_autre_equipe_servie";"7a468d51-7413-41c6-8809-70b6dc8b6479";"visitor";"fe4a256a-410c-4fba-9ea7-04a6a09c1993";"Flag football B F D3";"Collège Laval";"Collège Laval";"80538262-7b15-4ff5-9b73-a5b24ec25183";"9e17cfb8-3d75-40c0-b7eb-7c108e115244";"c83aa582-e3ad-4444-80ce-ded3386a4b47";"9e17cfb8-3d75-40c0-b7eb-7c108e115244"
"b_autre_equipe_servie";"7a620559-6a98-4e90-81db-aa2f8e83a03a";"home";"68e5e4fe-1c04-4084-853a-a403b370de33";"Soccer J F D3";"Acad. Saint-Louis";"Acad. Saint-Louis";"b1b00ba1-ba59-47ca-977d-94da486df8d8";"38e6ded8-385a-42fa-bcda-317121bf97f9";"a8e4e0cd-1e79-4e60-9321-f0024ad740c0";"38e6ded8-385a-42fa-bcda-317121bf97f9"
"b_autre_equipe_servie";"7a620559-6a98-4e90-81db-aa2f8e83a03a";"visitor";"68e5e4fe-1c04-4084-853a-a403b370de33";"Soccer J F D3";"Coll. Jésus-Marie de Sillery";"Coll. Jésus-Marie de Sillery";"d26aba16-5d7f-4832-ab1d-d23fdd257737";"09f3f0f7-6e80-4d38-b029-d38c0c0014f0";"0812379c-5284-4f25-a1fe-6ab32ce37986";"09f3f0f7-6e80-4d38-b029-d38c0c0014f0"
"b_autre_equipe_servie";"7a631ce4-3705-4522-ae0f-96f5ef2f99e5";"home";"9f8b9087-ec7c-4732-a851-a46d2ff9eec4";"Soccer J Garçons D3 A";"Classé 2e- John Rennie";"John-Rennie";"e0581212-8a5f-42ff-90c3-9a26d15aa8f7";"a9b97733-4ad1-4c5e-80f5-8c445fe4ebe7";"bb5f542e-a8c1-4da6-a2d7-be164d9c2874";"a9b97733-4ad1-4c5e-80f5-8c445fe4ebe7"
"b_autre_equipe_servie";"7a8b14be-8bff-4bf6-bc9a-f7d0d16f32d7";"home";"78c74f80-b9f1-4e13-a331-c130399b24bd";"Flag football J F D4 Niveau 1";"Du Rocher";"Du Rocher";"e0bb38a1-e65f-4561-985d-9a26a313d562";"a936ba2c-57fb-4e40-bfc0-3311506e89ae";"bcacb355-5dc5-4c15-93e7-614db59a38fa";"a936ba2c-57fb-4e40-bfc0-3311506e89ae"
"b_autre_equipe_servie";"7a9f4e61-cf36-49e3-8301-1737b86cc28b";"visitor";"07d08162-b114-450a-863f-b7e64011897c";"Soccer B Filles D3 A";"Collège Sainte-Anne";"Collège Sainte-Anne";"73e3e5d3-6ccc-48c9-a3bc-1f524556e51e";"687d9f70-e233-4f30-bab4-6fde3ea78d85";"8ed287bc-e79f-4fd8-9160-06ae00ab63c1";"687d9f70-e233-4f30-bab4-6fde3ea78d85"
"b_autre_equipe_servie";"7b37d3ea-05cb-4cc2-ad30-76270b72400d";"visitor";"5315f289-aea5-432e-a145-6c0623951957";"Soccer J M D4 Niveau 2";"Pionniers";"Pionniers";"e7196785-a1bb-4221-8df8-cefa1611142c";"f014c7cc-1d60-4d03-9ec2-a428bec87de7";"1b8a6c0a-a39d-4592-9900-a4868c66c9cf";"b68bade7-33e0-4799-adff-e45b0d9588a3"
"b_autre_equipe_servie";"7b795b7e-72d9-42c3-b366-c7ac836add3e";"visitor";"dd5728ce-90df-4fa2-ada4-87b186e13a9a";"Rugby J F D4";"Coll. Trinité";"Coll. Trinité";"6246a329-6361-495d-a79b-0429863b3953";"3513f3a9-c6c8-4a8e-ab14-98e3b1a20811";"0686efc1-92d7-4719-86f0-f350b5f8ae14";"3513f3a9-c6c8-4a8e-ab14-98e3b1a20811"
"b_autre_equipe_servie";"7bbd2845-5166-4710-8e20-a7eeebb1d086";"home";"36918091-3eff-4f2c-bbb5-33162ecd57da";"Flag football C F D3";"Letendre";"Letendre";"2ac2df35-879a-4efd-949d-93481e4959e5";"b987573f-adff-452d-8a4c-9310702efd42";"e999b557-0e17-4f14-ab75-b0173610b59c";"b987573f-adff-452d-8a4c-9310702efd42"
"b_autre_equipe_servie";"7bbd2845-5166-4710-8e20-a7eeebb1d086";"visitor";"36918091-3eff-4f2c-bbb5-33162ecd57da";"Flag football C F D3";"Collège Laval";"Collège Laval";"7c85cb28-97a3-45ba-837d-5102ae60e136";"67d06c20-9fa7-44f0-9a78-9e09b8060e7a";"48858e5a-4e54-4604-acf0-a1665be482b0";"67d06c20-9fa7-44f0-9a78-9e09b8060e7a"
"b_autre_equipe_servie";"7bdd058c-8b96-4213-9a10-5df0ab6ffba6";"visitor";"9c646965-4703-474f-bdd3-d43e3a8f3f84";"Flag football B F D4 Niveau 1 Printemps Bleue";"Antoine-Manseau";"Antoine-Manseau";"7f0c4641-4321-46b3-bbca-e43b805f114c";"a64e3a00-a713-4609-85c8-232792f8cc9d";"80f1044a-86a7-4aa6-b49d-e953dba27525";"a64e3a00-a713-4609-85c8-232792f8cc9d"
"b_autre_equipe_servie";"7c41ca8d-6dce-4154-8d75-8bed291be615";"visitor";"8697cd6b-9e0b-4ad8-b1cb-532841021e65";"Soccer C F D3";"St-Ch.Garnier";"St-Ch.Garnier";"f65c9dbf-101a-45cd-8048-927badcc9781";"deda4093-014d-4928-9902-d72301a80ad3";"5503e4e9-66f8-4c1e-b84a-7cd3b9ae93be";"deda4093-014d-4928-9902-d72301a80ad3"
"b_autre_equipe_servie";"7c4afbfd-3a96-4e01-b56a-96600766134b";"visitor";"77393653-9712-4d2d-abd5-3ca1aa7be824";"Flag football C F D4 Niveau 1 Printemps Blanche";"Antoine-Manseau";"Antoine-Manseau";"bfe30218-1e3f-4033-bac0-8894d692d4e5";"a92c5a4e-b2e3-42a8-b384-bad6b6d11f36";"0781aee3-3abf-4383-8be8-2e64da510655";"a92c5a4e-b2e3-42a8-b384-bad6b6d11f36"
"b_autre_equipe_servie";"7c5a945c-195b-4920-985c-dafeb9807b01";"home";"c1ef66c6-ede3-4256-8a50-9f0c931dfd79";"Flag football J F D4 Niveau 2";"Des Pionniers";"Des Pionniers";"06e7274f-9d23-4d48-87ea-2123b537ff6c";"eca74e7a-6b9f-4d09-b691-fdfdd973336a";"840c291e-92e1-4927-9539-a909143c2915";"eca74e7a-6b9f-4d09-b691-fdfdd973336a"
"b_autre_equipe_servie";"7c5a945c-195b-4920-985c-dafeb9807b01";"visitor";"c1ef66c6-ede3-4256-8a50-9f0c931dfd79";"Flag football J F D4 Niveau 2";"Les Seigneuries";"Les Seigneuries";"3d8f3e17-67d7-4b67-90fb-4f6b303c5135";"84e9deb5-de91-40f5-b8c8-44eaf2fe6e53";"d31cbb64-fa7d-4169-a8dd-f3979dbee616";"84e9deb5-de91-40f5-b8c8-44eaf2fe6e53"
"b_autre_equipe_servie";"7d1f7a69-3a12-436b-bc74-cb3b29213d63";"visitor";"de907d45-0ecf-4e01-b6dc-d6472a0ba8e7";"Flag football J F D3";"Keranna";"Keranna";"0e6c2bb5-4044-4bff-a922-0fc57bcfb1c1";"c602e2a7-7bc1-42ab-b810-03046bc4fde0";"f266dcd6-fa98-44c7-a0e6-d2fd4af4c461";"c602e2a7-7bc1-42ab-b810-03046bc4fde0"
"b_autre_equipe_servie";"7d573207-6966-4415-90d3-390a2c3e25d8";"home";"f5132323-09d6-4284-8202-35d9b8dc8867";"Flag football B F D4 Niveau 1 Automne Noire";"Barthélemy-Joliette";"Barthélemy-Joliette";"9f493149-6512-47a3-9ae7-01a86e67b90c";"64dc66d7-f8d6-48c0-8c58-47a2b16be284";"27b30554-3ba1-4925-bfb4-58b4d4130832";"64dc66d7-f8d6-48c0-8c58-47a2b16be284"
"b_autre_equipe_servie";"7d7db4d2-2152-463f-aa8e-511eccdd74f5";"home";"00b5bc8b-caf1-44ba-ae36-98472c8c9553";"Soccer B M D3";"Coll. Jésus-Marie de Sillery";"Coll. Jésus-Marie de Sillery";"09a925ae-8850-4196-9ff1-69d77aec6647";"07eef12a-4cc0-4f83-bcdc-de98358a7d1e";"5ed7f1f0-d273-4ff7-858a-30a1b0047d5d";"07eef12a-4cc0-4f83-bcdc-de98358a7d1e"
"b_autre_equipe_servie";"7d921fd5-04b1-4b1b-b6a9-e8c02ff13f8d";"home";"676f42a6-cd01-4aee-9f08-940e958ad3cb";"Flag football B F D4 Niveau 2 Printemps Bleue";"Externat Sacré-Coeur";"Externat Sacré-Coeur";"6942bcdb-ab5d-438f-86f4-3c394a88d5a2";"fdd60545-566b-4d5e-9f83-1dabc22259a7";"c7b9b36d-f86a-43f4-ac7f-4bccf5e2918c";"fdd60545-566b-4d5e-9f83-1dabc22259a7"
"b_autre_equipe_servie";"7db324c5-09be-40ee-a62c-cf277d38ebe0";"visitor";"5178ff16-a234-4ac3-9f8e-24289578a1f0";"Flag football J F D3";"Des Pionniers";"Des Pionniers";"ff75e7d6-d39a-46ad-a5d3-38bfa287ee7d";"c28d50f0-72bf-4b77-9297-53af1bae2597";"8fd9ff1f-e30a-4df7-bee2-593225647626";"c28d50f0-72bf-4b77-9297-53af1bae2597"
"b_autre_equipe_servie";"7dd417c8-3a49-40b3-bd8e-54c33593889d";"visitor";"b41832d4-7be5-4430-9bf2-ab0f4526ed03";"Soccer C Filles D3 A";"St. Thomas";"St. Thomas";"a3b937e6-6d30-43d4-be4d-efec40cae414";"a139cfa0-9d9f-4e88-80da-768f75178cae";"4f50e790-7caf-4e8f-bef3-1914790b11bc";"a139cfa0-9d9f-4e88-80da-768f75178cae"
"b_autre_equipe_servie";"7e362472-dd77-41c7-80f9-598c66464e47";"home";"32a08d0b-aa11-4643-a8ce-9125a6aa7506";"Soccer J F D4 Niveau 2";"St-Marc";"St-Marc";"662bce4c-d6ff-4221-a1e9-00e88bc53a8b";"24064fca-97a5-430e-8a2f-0a456ba8cfab";"e1ba37c4-c7b3-42ec-9441-32c137786b4f";"24064fca-97a5-430e-8a2f-0a456ba8cfab"
"b_autre_equipe_servie";"7e6af202-c4d4-40c0-8470-d68a69223879";"home";"0cfcdbb6-3bcc-450e-afe1-9c569519d6b0";"Football B M D4";"Odyssée";"Odyssée";"eca5a6cf-6cca-4685-9611-2d1184f89d8e";"e99dbe5d-8be7-4a46-9009-fd88f8f3572d";"7cbcbac6-1c30-4ad3-9d59-f7acc19e99fd";"e99dbe5d-8be7-4a46-9009-fd88f8f3572d"
"b_autre_equipe_servie";"7f51f61f-b9d1-4f95-b397-393dc403de17";"visitor";"e5d85168-5e1c-4fd5-9287-11e80a4055e2";"Volleyball B Filles D3 A";"Loyola";"Loyola";"7038b42c-8d94-4174-a20e-6ffee617c1e9";"c1bdd457-9b1a-4832-91f7-9c6aea3ff4b4";"6880efdb-b62d-4261-9b65-3792d035ad34";"c1bdd457-9b1a-4832-91f7-9c6aea3ff4b4"
"b_autre_equipe_servie";"7fb272b1-3606-436d-9858-953671a0a2c8";"home";"209acc93-6d7f-4a34-83ac-0311c387f5bc";"Flag football J F D4 Niveau 1 Printemps Blanche";"Oka";"Oka";"fa8bd3ec-613c-41a3-964a-8ea83df0b52b";"6793f849-718d-423b-a1f4-e06387fc2916";"be5cd12b-d4de-43ee-a2df-fa13b7a5acc2";"6793f849-718d-423b-a1f4-e06387fc2916"
"b_autre_equipe_servie";"8053049f-81cd-4b84-bcaa-6a341e792ece";"home";"72a41e81-86cd-46a6-9708-ef8a7df11ad0";"Flag football J F D4 Niveau 1";"La Découverte";"La Découverte";"2d36d17e-d5f7-47fd-b995-345e8b32a12b";"0fde9abe-8079-4938-96b4-6b414dcf06db";"7d0f9003-dcb6-414c-9506-a48de6c4a937";"0fde9abe-8079-4938-96b4-6b414dcf06db"
"b_autre_equipe_servie";"8058d9fa-ec1a-400a-a963-8123b8d429a7";"home";"90ab2630-44e0-4c3d-81e6-6e1968b38c17";"Flag football C M D3";"Chavigny";"Chavigny";"26e5f1cf-d481-4d53-bf42-323be2909a4f";"ce7c5792-1006-452a-9c28-18c1fff39649";"8135c065-0bb7-4fc7-8559-927d983996f7";"ce7c5792-1006-452a-9c28-18c1fff39649"
"b_autre_equipe_servie";"8058d9fa-ec1a-400a-a963-8123b8d429a7";"visitor";"90ab2630-44e0-4c3d-81e6-6e1968b38c17";"Flag football C M D3";"Keranna";"Keranna";"8e4c4a18-20a4-434b-873b-5a57894acc16";"48bd2869-cbbd-44e7-b505-15264e6b359a";"92b7dded-5766-468d-a09f-f78ca4db7422";"48bd2869-cbbd-44e7-b505-15264e6b359a"
"b_autre_equipe_servie";"807d2efd-53b3-4251-a279-da03a7535ebd";"visitor";"5f707c37-bff8-4d53-8b23-04090ee4b478";"Soccer B F D4";"Benoit-Vachon";"Benoit-Vachon";"18a03a58-c486-4cf7-8113-e18caa2957c8";"679428eb-e803-4aca-b482-671d21c4820d";"e32cff2a-3e6e-4e84-b95f-266d15136adc";"679428eb-e803-4aca-b482-671d21c4820d"
"b_autre_equipe_servie";"80dd9425-9dfc-4a3e-b0af-395f0a6e663a";"visitor";"48da399c-b8d2-4514-84fd-ba169dc5417c";"Soccer J Garçons D3 A";"John-Rennie";"John-Rennie";"e0581212-8a5f-42ff-90c3-9a26d15aa8f7";"a9b97733-4ad1-4c5e-80f5-8c445fe4ebe7";"bb5f542e-a8c1-4da6-a2d7-be164d9c2874";"a9b97733-4ad1-4c5e-80f5-8c445fe4ebe7"
"b_autre_equipe_servie";"810728d2-5e67-40f4-a1d0-ba471dc3c17c";"visitor";"a5547f8b-52a7-4da1-9387-674defa96393";"Flag football C M D3";"Collège Reine-Marie";"Collège Reine-Marie";"3b213a03-c477-40c6-8eec-c512cd2c2094";"540f4ea6-00c9-4c48-88de-0108a93a76cc";"9c102b7b-15d9-407f-98d6-3ee73d29ab5a";"540f4ea6-00c9-4c48-88de-0108a93a76cc"
"b_autre_equipe_servie";"8139915a-d333-47c1-88ca-09ef4b326531";"home";"f4371b1c-65c6-4703-a118-c6c8957ffc82";"Flag football J F D4 Niveau 2";"Des Pionniers";"Des Pionniers";"06e7274f-9d23-4d48-87ea-2123b537ff6c";"eca74e7a-6b9f-4d09-b691-fdfdd973336a";"840c291e-92e1-4927-9539-a909143c2915";"eca74e7a-6b9f-4d09-b691-fdfdd973336a"
"b_autre_equipe_servie";"815eb33b-ec86-428d-a081-901aa21d9efd";"visitor";"7d796e69-fd3a-4fe1-83e3-564de66d84e4";"Flag football C M D4";"Les Seigneuries";"Les Seigneuries";"ee96df69-70e4-437d-abcc-cbc38e2c8266";"d9fd05f3-aaa7-4c3a-85b8-e9ca0c1b32cc";"8ae637de-dfb1-4580-a462-f8c00bd88fbc";"d9fd05f3-aaa7-4c3a-85b8-e9ca0c1b32cc"
"b_autre_equipe_servie";"819fa1b5-3840-418c-a49d-0baddb9e8e79";"home";"15d35f3e-4e39-4aaa-bf15-800018882e60";"Flag football C F D3";"Letendre";"Letendre";"2ac2df35-879a-4efd-949d-93481e4959e5";"b987573f-adff-452d-8a4c-9310702efd42";"e999b557-0e17-4f14-ab75-b0173610b59c";"b987573f-adff-452d-8a4c-9310702efd42"
"b_autre_equipe_servie";"819fa1b5-3840-418c-a49d-0baddb9e8e79";"visitor";"15d35f3e-4e39-4aaa-bf15-800018882e60";"Flag football C F D3";"Curé-Antoine-Labelle";"Curé-Antoine-Labelle";"9b8d8c74-5b02-4eea-b55a-6b74a52c6a07";"756b1ac6-c36f-4d51-9b16-b3070e474e5d";"d1fa5dda-b79e-4d03-8282-8aadf746d5ad";"756b1ac6-c36f-4d51-9b16-b3070e474e5d"
"b_autre_equipe_servie";"81c30f9a-223d-454b-a7ce-9fe4db99cc3f";"visitor";"3ff158eb-a202-40b5-902e-65b0f3c7c86e";"Rugby J F D3";"Philemon Wright";"Philemon Wright";"dfdaf91f-367d-417e-935b-b98392d7bce9";"ae69bf34-f967-4557-864d-81e8e7edb903";"7cdf6d8f-2307-41de-8e72-7dd686b81d53";"ae69bf34-f967-4557-864d-81e8e7edb903"
"b_autre_equipe_servie";"81cffaf3-e750-42db-8a52-a7011ef2620e";"visitor";"ac646e0f-580f-4e42-bab3-bbfb5ea26e61";"Flag football C M D4";"Keranna F";"Keranna F";"7d091d97-24a2-4f1b-a8c0-46daed1e0135";"c96da4c1-d23d-487a-9091-73a9750ad66d";"036fc191-51a7-4b17-bd78-9795ad5b980d";"c96da4c1-d23d-487a-9091-73a9750ad66d"
"b_autre_equipe_servie";"822a9291-63ce-4df2-a7bd-8b1afe8cb2f5";"visitor";"749e1889-b4bf-4f06-af3d-f2e64b847b65";"Flag football B F D4 Niveau 2 Printemps Noire";"Amitié";"Amitié";"ff2f31f7-6794-4d33-a1a1-b33f757c2094";"031b6af5-9f8e-472b-a7a2-e599992fefc0";"6fcdc16f-a623-45c0-9e64-fdfe47fc7fce";"031b6af5-9f8e-472b-a7a2-e599992fefc0"
"b_autre_equipe_servie";"824d21ea-daa1-4f13-be7d-25fc957a3b16";"home";"449f4a00-c693-4186-b19d-caa8725fdca1";"Flag football J F D3";"De la Croisée";"De la Croisée";"713aba27-67a8-4250-a9ba-36d6dce2f844";"238b0163-b062-43ca-a3cd-17bf253936cc";"e777a3e8-b4c1-4531-869e-d0ddca28a64c";"238b0163-b062-43ca-a3cd-17bf253936cc"
"b_autre_equipe_servie";"824d21ea-daa1-4f13-be7d-25fc957a3b16";"visitor";"449f4a00-c693-4186-b19d-caa8725fdca1";"Flag football J F D3";"Letendre";"Letendre";"f7bb60ef-d707-4be0-91cd-5aeb72f01159";"9dc3fff7-feea-45bf-b4e9-275be3464259";"a9d2827e-8a68-4253-bc45-2f0cab85ba99";"9dc3fff7-feea-45bf-b4e9-275be3464259"
"b_autre_equipe_servie";"829603ab-25c4-45af-83e6-119ce983f898";"home";"219a31da-3234-4cc5-a90f-d18d5fa6f11a";"Football B M D4";"Odyssée";"Odyssée";"eca5a6cf-6cca-4685-9611-2d1184f89d8e";"e99dbe5d-8be7-4a46-9009-fd88f8f3572d";"7cbcbac6-1c30-4ad3-9d59-f7acc19e99fd";"e99dbe5d-8be7-4a46-9009-fd88f8f3572d"
"b_autre_equipe_servie";"829e2c1e-2ba7-4d31-bfa8-cdf344d6f534";"home";"b9627900-6763-4394-8fc9-d5a095e89ea1";"Soccer B M D3";"Acad. Saint-Louis";"Acad. Saint-Louis";"fa3b684f-0a82-4084-a13d-9cf558127c50";"c0637643-0fe8-40d7-b8eb-deb4616705e5";"0f19d38a-b5c2-4910-9cf9-fc10499ceca4";"c0637643-0fe8-40d7-b8eb-deb4616705e5"
"b_autre_equipe_servie";"829e2c1e-2ba7-4d31-bfa8-cdf344d6f534";"visitor";"b9627900-6763-4394-8fc9-d5a095e89ea1";"Soccer B M D3";"Samuel-Champlain";"Samuel-Champlain";"1f320599-51b0-4d25-ad96-2244ec46f8c0";"70c59170-b063-4311-b5ab-70f4ee342e82";"aa0a5b89-d9aa-4be4-8906-863dad14ef19";"70c59170-b063-4311-b5ab-70f4ee342e82"
"b_autre_equipe_servie";"82bd7791-7335-4b50-a579-7a6d30a5fb65";"home";"785e17c3-b103-46df-afd0-2fa677de8ddc";"Soccer B Filles D3 A";"Position 1-B College Sainte Anne";"Collège Sainte-Anne";"73e3e5d3-6ccc-48c9-a3bc-1f524556e51e";"687d9f70-e233-4f30-bab4-6fde3ea78d85";"8ed287bc-e79f-4fd8-9160-06ae00ab63c1";"687d9f70-e233-4f30-bab4-6fde3ea78d85"
"b_autre_equipe_servie";"82fe42a0-08d8-4bcf-9116-a621d947f931";"home";"1797cd2b-14a1-4d6f-84fd-0e6df63fbb50";"Soccer B F D3";"Acad. Saint-Louis";"Acad. Saint-Louis";"37db89e7-cf71-49e8-b4f9-de5dddfcbe1d";"2eb14599-f10a-456a-b587-d8c9894762c2";"f693cc3e-ea74-49a2-b727-4a4e563e5a32";"2eb14599-f10a-456a-b587-d8c9894762c2"
"b_autre_equipe_servie";"830c344b-7685-4d48-97b6-4f61d1fe8351";"home";"90bd4c57-984e-4c19-9152-72bd73d841b2";"Soccer C M D4";"Acad. Saint-Louis";"Acad. Saint-Louis";"a6ac4e8f-2af8-44ff-b0c5-69a2bbd611c7";"d6fbad25-27e0-4202-a99f-642f85202c6e";"ddac2475-988c-4617-b729-9f86249bff1a";"d6fbad25-27e0-4202-a99f-642f85202c6e"
"b_autre_equipe_servie";"831a0580-298a-4a77-99ca-4b16721e9c77";"visitor";"ae90932a-e071-4aa3-9de5-7667f10ddd28";"Flag football B F D4 Niveau 1 Printemps Noire";"Antoine-Manseau";"Antoine-Manseau";"7f0c4641-4321-46b3-bbca-e43b805f114c";"a64e3a00-a713-4609-85c8-232792f8cc9d";"80f1044a-86a7-4aa6-b49d-e953dba27525";"a64e3a00-a713-4609-85c8-232792f8cc9d"
"b_autre_equipe_servie";"8383d6f0-955c-4ca7-913c-7c2f828c7e4a";"visitor";"37c6428e-766f-473f-a7db-3c27a291afbe";"Soccer C M D3";"St-Ch.Garnier";"St-Ch.Garnier";"bdacde59-6442-498b-bd78-f3b5d9794760";"d5a5f0fa-09b0-4f8d-8407-1dc4999d90b4";"01072e59-bee3-4570-af4c-1e0409f3ce4a";"d5a5f0fa-09b0-4f8d-8407-1dc4999d90b4"
"b_autre_equipe_servie";"83b6a416-39a7-43d4-95b4-7900c9d1a3f7";"home";"38596ec4-82fc-4a61-ab59-191c2e98dde9";"Soccer B F D4";"Benoit-Vachon";"Benoit-Vachon";"18a03a58-c486-4cf7-8113-e18caa2957c8";"679428eb-e803-4aca-b482-671d21c4820d";"e32cff2a-3e6e-4e84-b95f-266d15136adc";"679428eb-e803-4aca-b482-671d21c4820d"
"b_autre_equipe_servie";"83fdfa03-febb-43e6-b192-4a71d9957809";"visitor";"eb22f1af-aff0-4bd5-b4b4-8777da2fe68f";"Flag football B F D4 Niveau 2 Printemps Noire";"du Havre-Jeunesse";"du Havre-Jeunesse";"69010f74-9e9d-4353-badc-6a16a14fa0b6";"6ac85b32-1d65-4cc2-a092-e71a6a057a49";"0fa2705e-d5f0-4729-b990-616a2c883e06";"6ac85b32-1d65-4cc2-a092-e71a6a057a49"
"b_autre_equipe_servie";"843769aa-da57-4427-be33-deb9da71e609";"home";"6eb42dc2-55d5-4912-b1e1-02f147106677";"Football B M D4";"Porte-du-Nord";"Porte-du-Nord";"9c80495e-2e9c-48ad-aa99-ab10b7bececd";"5c8af65d-39a6-431c-9b6d-4d713e0fd021";"1f8aa7f6-de8e-402c-998a-889e1393816b";"5c8af65d-39a6-431c-9b6d-4d713e0fd021"
"b_autre_equipe_servie";"843769aa-da57-4427-be33-deb9da71e609";"visitor";"6eb42dc2-55d5-4912-b1e1-02f147106677";"Football B M D4";"Odyssée";"Odyssée";"eca5a6cf-6cca-4685-9611-2d1184f89d8e";"e99dbe5d-8be7-4a46-9009-fd88f8f3572d";"7cbcbac6-1c30-4ad3-9d59-f7acc19e99fd";"e99dbe5d-8be7-4a46-9009-fd88f8f3572d"
"b_autre_equipe_servie";"8498fb1c-91ee-444a-8f59-bb0e019e48cd";"visitor";"e307e8b0-e361-4309-b51c-753192523296";"Football J M D4";"Quatre-Vents";"Quatre-Vents";"536932f9-df83-4033-91de-350ad3d77998";"1a7549f9-bd1e-4849-8d11-1589f1eff42e";"30a99e79-3d60-4edc-bbfd-09b3436b9f7c";"1a7549f9-bd1e-4849-8d11-1589f1eff42e"
"b_autre_equipe_servie";"84c510a3-e71e-45be-90ce-99b15a500aa6";"home";"99815f09-910a-4b1d-8f2c-15c80815e829";"Soccer B F D4";"Coll. Jésus-Marie de Sillery";"Coll. Jésus-Marie de Sillery";"fb865b9d-09b5-4600-8de9-2308bcabddb6";"7f60f746-0b5f-4f14-a4e6-8626187f8233";"46f415d9-6238-431c-81d5-93288ab6dec7";"7f60f746-0b5f-4f14-a4e6-8626187f8233"
"b_autre_equipe_servie";"851c40da-c3da-48c7-9ac8-f485ce8f7c07";"visitor";"86b836ad-0f30-4aed-a457-9ca7c2e5b0d0";"Volleyball C Garçons D3";"Loyola";"Loyola";"b313784c-ba77-4c54-af66-8b2cf916473c";"149a1cec-b797-4551-854a-d6fa0ab35979";"89d68e71-0f2c-4754-bf54-d5201d785aa4";"149a1cec-b797-4551-854a-d6fa0ab35979"
"b_autre_equipe_servie";"855e6b06-e15e-48b5-a0f9-97917bc5ab25";"home";"ae2e1e5d-a467-43c7-9756-c46edfea1d4a";"Flag football B F D4 Niveau 1 Printemps Rouge";"Des Rives";"Des Rives";"c60943c4-0b26-4bec-9b21-f7e6d32c85b4";"bbec00fb-b43b-4f6d-9406-531815a606c3";"d5c85f39-972e-47d3-ac90-064dd822afbb";"bbec00fb-b43b-4f6d-9406-531815a606c3"
"b_autre_equipe_servie";"85a41b15-8765-4c81-a52c-b93bd7b1fdf0";"home";"1c9ba521-0700-4b09-87e5-386c21744b1e";"Flag football J F D4 Niveau 1 Printemps Blanche";"Académie Ste-Thérèse";"Académie Ste-Thérèse";"7094824e-81d6-4bdb-aec2-f53eed1b86bd";"2ca64219-3aea-4ae5-8b29-07aa982bec41";"e09dcbb4-6ff4-47d2-8542-8040cd37b77b";"2ca64219-3aea-4ae5-8b29-07aa982bec41"
"b_autre_equipe_servie";"8652a5c0-965c-46f9-a2a1-3c9314b0d958";"home";"eee284e0-ffb8-40c0-96f8-737b0498affc";"Soccer B Garçons D3 A";"St. Thomas";"St. Thomas";"62c72c2a-ee52-4ba9-b1a4-c4e18bad43b6";"b86fcec9-2409-4899-955d-453d4eb5ee21";"54d8de2e-fb28-46a2-9680-cab4a17159cc";"b86fcec9-2409-4899-955d-453d4eb5ee21"
"b_autre_equipe_servie";"86893c54-778e-463a-b8fc-74ae645b332f";"visitor";"9bf94540-cacd-49d8-a6f6-0f6b4a827d1b";"Flag football B F D4 Niveau 1 Automne Bleue";"Félix-Leclerc";"Félix-Leclerc";"d03ed9de-a04a-418a-80a4-7602ba961d89";"92cc4b9c-0030-455b-ac3f-d9bfd037341d";"1ee1ceca-caa4-401d-be46-afbf207d6577";"92cc4b9c-0030-455b-ac3f-d9bfd037341d"
"b_autre_equipe_servie";"86b1b823-5306-43c1-b07c-d44b10f3e4cb";"home";"71ff8495-8395-4071-a5fe-7a634ef7a82c";"Flag football B F D4 Niveau 1 Printemps Bleue";"Horizon";"Horizon";"e4f77e52-dcc3-4b6f-a4f7-b83790f89147";"ef86f420-9c85-4459-85a9-ce2854c6d139";"8e54ae62-5b1f-4fb1-bd97-69416ba9c57f";"ef86f420-9c85-4459-85a9-ce2854c6d139"
"b_autre_equipe_servie";"877ad5ca-1438-4024-b273-fb19893c089a";"home";"172776f4-d2db-48f8-bbe0-5610b4c1b4a2";"Baseball J U D3 Baseball";"Mont-Bleu - GRIS";"Mont-Bleu - GRIS";"7d4b7993-8413-4433-a1bd-1094ca1c7c15";"f005f217-49ad-43b4-8bed-a6684d2b10c8";"58a97283-edc5-4b8c-a6a9-056b249cb850";"f005f217-49ad-43b4-8bed-a6684d2b10c8"
"b_autre_equipe_servie";"8790c61a-0f5d-48bf-90c1-2de478e8e1c1";"home";"124af7f4-5997-4cbf-8922-26e7dd509630";"Flag football B F D3";"Letendre";"Letendre";"659b343c-3c43-4ce3-95de-06f00e334dce";"cda7148e-0fa9-4859-86d7-3a1eca7414c9";"6f52d32c-3716-4c58-8e2a-1e503ae6d709";"cda7148e-0fa9-4859-86d7-3a1eca7414c9"
"b_autre_equipe_servie";"8790c61a-0f5d-48bf-90c1-2de478e8e1c1";"visitor";"124af7f4-5997-4cbf-8922-26e7dd509630";"Flag football B F D3";"Collège Laval";"Collège Laval";"80538262-7b15-4ff5-9b73-a5b24ec25183";"9e17cfb8-3d75-40c0-b7eb-7c108e115244";"c83aa582-e3ad-4444-80ce-ded3386a4b47";"9e17cfb8-3d75-40c0-b7eb-7c108e115244"
"b_autre_equipe_servie";"87a5d69d-0ed9-4506-afa8-f569badd8751";"home";"5d9ee49b-bb36-4d12-a5a1-e127d660fe76";"Flag football J F D3 AUTOMNE";"Collège Mont-St-Louis";"Collège Mont-St-Louis";"3137e064-cc69-4786-b9be-38efbd6fd77d";"89d6b494-d0e0-426b-b014-5ceec9541866";"e336e16a-7f91-480d-8fd7-c30f31a3e5ce";"89d6b494-d0e0-426b-b014-5ceec9541866"
"b_autre_equipe_servie";"87a5d69d-0ed9-4506-afa8-f569badd8751";"visitor";"5d9ee49b-bb36-4d12-a5a1-e127d660fe76";"Flag football J F D3 AUTOMNE";"Collège St-Jean-Vianney";"Collège St-Jean-Vianney";"b20244af-f266-4072-95f0-3c38da5ff194";"41ac6d11-dfb6-48b3-a95c-44fb7210987a";"6e464732-eda7-47bc-a1bb-0ddeb63c6163";"41ac6d11-dfb6-48b3-a95c-44fb7210987a"
"b_autre_equipe_servie";"87b265f0-7dcb-448e-92af-457b7eb098e1";"visitor";"b633a960-93a5-4c6d-b5d3-a756bd47a3e0";"Rugby J F D4";"Marcellin-Champagnat";"Marcellin-Champagnat";"c1dbfc29-478b-4a48-877e-6015f7b52bd1";"52149486-c23a-4412-af24-c92632b1e54a";"950da248-7ef5-4354-bbab-26eb1e37d10f";"52149486-c23a-4412-af24-c92632b1e54a"
"b_autre_equipe_servie";"87dfebb7-bf5b-4cc6-ab16-51d2ba3ca84b";"visitor";"b54144a9-e78a-4f74-ae24-97eaf29419e4";"Soccer B F D3";"Sém. St-François";"Sém. St-François";"db4f75a3-208d-489f-873e-72f539d4a33e";"186813dc-d045-4f35-842d-ac22595b1508";"6e971a78-5e2b-498c-8373-193aa66a39be";"186813dc-d045-4f35-842d-ac22595b1508"
"b_autre_equipe_servie";"87f3a14f-fb7e-43a7-9269-3f111e152274";"visitor";"69f9500b-3faa-45be-8cc4-cfac7a88e357";"Soccer J M D3";"La Seigneurie";"La Seigneurie";"da10e633-b8f8-4088-8ce9-8e52421f52f9";"af09c5d4-2b4f-4718-a8de-ea6f63ee34ec";"b5d64381-0a41-42dc-b97a-54513f625fb0";"af09c5d4-2b4f-4718-a8de-ea6f63ee34ec"
"b_autre_equipe_servie";"885d414c-2c4e-4270-8279-8566dfcb4e09";"home";"d0b71146-6d8c-4b0d-9d62-04d5b2697bcb";"Flag football C M D3";"Grande-Rivière";"Grande-Rivière";"bbf64225-2b6f-47c1-b2d7-8b1c47dfc4c6";"5f1ca83e-d5b7-4a3b-8155-01d37b858ae4";"0c41f4d6-af9b-4661-b7ef-ead05b3ea2d9";"5f1ca83e-d5b7-4a3b-8155-01d37b858ae4"
"b_autre_equipe_servie";"885d414c-2c4e-4270-8279-8566dfcb4e09";"visitor";"d0b71146-6d8c-4b0d-9d62-04d5b2697bcb";"Flag football C M D3";"Érablière";"Érablière";"4fb39697-c93d-4515-ae3b-4eff4f97c4e6";"7abcfd74-cfdb-4367-9aa9-55f470356830";"7847ba1a-3820-411d-9d20-3b3cfd2745aa";"7abcfd74-cfdb-4367-9aa9-55f470356830"
"b_autre_equipe_servie";"8863bdff-4846-41d8-a697-7db0111cc65d";"home";"261e0318-781a-4040-a8fa-41854f362078";"Flag football B F D4 Niveau 2 Printemps Noire";"du Havre-Jeunesse";"du Havre-Jeunesse";"69010f74-9e9d-4353-badc-6a16a14fa0b6";"6ac85b32-1d65-4cc2-a092-e71a6a057a49";"0fa2705e-d5f0-4729-b990-616a2c883e06";"6ac85b32-1d65-4cc2-a092-e71a6a057a49"
"b_autre_equipe_servie";"8863cdac-fca1-4671-a8ee-1ed60607347f";"home";"24194c08-1b8a-4682-a951-95f5107eec99";"Flag football J F D3";"Curé-Antoine-Labelle";"Curé-Antoine-Labelle";"76f3e1ba-694a-45d8-b73b-be5d9053754e";"5b2bccf9-96e8-41dd-b277-72ae4ede2548";"e9147c31-d7f9-4e53-a542-c12c12d7843e";"5b2bccf9-96e8-41dd-b277-72ae4ede2548"
"b_autre_equipe_servie";"88eeb233-ba2c-4803-b058-ad02d5a943cd";"home";"9577a334-4e73-49f5-b0f6-783ee97be16f";"Flag football B Garçons D3";"1st-STT";"St. Thomas";"1275fac4-0dfa-4472-b847-16f59607814c";"85e323cf-7804-4c94-a8bc-b68b210fb6b6";"f29603cc-8dfe-48eb-ab1d-955fdb4c1c69";"85e323cf-7804-4c94-a8bc-b68b210fb6b6"
"b_autre_equipe_servie";"89275d2d-9bb4-48de-99e5-4272e5731ce0";"home";"8e3f3a9d-c038-491c-88ba-c694abb555a1";"Flag football C F D3";"Letendre";"Letendre";"2ac2df35-879a-4efd-949d-93481e4959e5";"b987573f-adff-452d-8a4c-9310702efd42";"e999b557-0e17-4f14-ab75-b0173610b59c";"b987573f-adff-452d-8a4c-9310702efd42"
"b_autre_equipe_servie";"89275d2d-9bb4-48de-99e5-4272e5731ce0";"visitor";"8e3f3a9d-c038-491c-88ba-c694abb555a1";"Flag football C F D3";"Curé-Antoine-Labelle";"Curé-Antoine-Labelle";"9b8d8c74-5b02-4eea-b55a-6b74a52c6a07";"756b1ac6-c36f-4d51-9b16-b3070e474e5d";"d1fa5dda-b79e-4d03-8282-8aadf746d5ad";"756b1ac6-c36f-4d51-9b16-b3070e474e5d"
"b_autre_equipe_servie";"893a2302-74fa-45dc-8290-22c173f27335";"home";"26f5ecbc-44d1-43a8-91a1-451f71c8cf99";"Flag football J F D4 Niveau 2";"Val-Mauricie";"Val-Mauricie";"5649dccc-5ba7-4032-bdc0-1f09da83aa8c";"79162e04-d6ea-4f8e-9b8b-a9249a7a8e87";"ec6f3b9f-0940-48c8-9685-9ea39fd265fb";"79162e04-d6ea-4f8e-9b8b-a9249a7a8e87"
"b_autre_equipe_servie";"893a2302-74fa-45dc-8290-22c173f27335";"visitor";"26f5ecbc-44d1-43a8-91a1-451f71c8cf99";"Flag football J F D4 Niveau 2";"Keranna";"Keranna";"fe618731-fb76-403b-a160-eac9a75825f1";"3fb96c84-8649-4be4-a75b-feb9e791c399";"a2c44904-c8e2-47b6-aa8d-af1de83fddd1";"3fb96c84-8649-4be4-a75b-feb9e791c399"
"b_autre_equipe_servie";"8978d69f-2e9c-4456-8668-446198e82633";"home";"21908227-fef8-41af-8bca-a87a12d1c0b4";"Soccer J Garçons D3 A";"John-Rennie";"John-Rennie";"e0581212-8a5f-42ff-90c3-9a26d15aa8f7";"a9b97733-4ad1-4c5e-80f5-8c445fe4ebe7";"bb5f542e-a8c1-4da6-a2d7-be164d9c2874";"a9b97733-4ad1-4c5e-80f5-8c445fe4ebe7"
"b_autre_equipe_servie";"89b944d8-2ff1-4d71-abab-b23794f080bb";"home";"b1f0619a-1ce3-46a4-a8cf-38d986fc65fd";"Flag football B F D3";"Collège Laval";"Collège Laval";"80538262-7b15-4ff5-9b73-a5b24ec25183";"9e17cfb8-3d75-40c0-b7eb-7c108e115244";"c83aa582-e3ad-4444-80ce-ded3386a4b47";"9e17cfb8-3d75-40c0-b7eb-7c108e115244"
"b_autre_equipe_servie";"89b944d8-2ff1-4d71-abab-b23794f080bb";"visitor";"b1f0619a-1ce3-46a4-a8cf-38d986fc65fd";"Flag football B F D3";"De la Croisée";"De la Croisée";"8c279071-828c-4ff6-ab74-a6838d63a7ef";"3b31a1ac-09dc-4083-9788-e4a90d896c96";"886b3172-e0d7-47a6-b93d-d0a24dae0ff4";"3b31a1ac-09dc-4083-9788-e4a90d896c96"
"b_autre_equipe_servie";"89edbd91-ee24-4436-b865-1d9f60a81704";"home";"41d13bbf-2cd7-431b-9c5c-8977a6e58472";"Flag football C M D4";"L'Escale";"L'Escale";"01500a13-b182-4c6d-a966-ebe03ef6bc2b";"53bd5bef-8454-4a1e-8b1d-5bcdb28ce176";"c529e448-a991-4fcc-98bd-becd1a6b7316";"53bd5bef-8454-4a1e-8b1d-5bcdb28ce176"
"b_autre_equipe_servie";"8a571d1f-8c7d-484e-9df4-d2aa5c9ee4d1";"home";"1aa1a3fa-7b85-4a2b-96cc-5734c7af3b59";"Flag football J F D4 Niveau 1";"Champagnat";"Champagnat";"3559e2fe-abe2-42ca-851c-86a76b03a9ff";"55cb6875-9b41-446c-914c-50d3de95583c";"2d38ae3d-e2f2-4b82-977a-375b6440e906";"55cb6875-9b41-446c-914c-50d3de95583c"
"b_autre_equipe_servie";"8a571d1f-8c7d-484e-9df4-d2aa5c9ee4d1";"visitor";"1aa1a3fa-7b85-4a2b-96cc-5734c7af3b59";"Flag football J F D4 Niveau 1";"Paul-Le Jeune";"Paul-Le Jeune";"f5cf64b7-310a-4c07-a18d-e346c4f1717a";"8167fe7b-01fc-47d9-b77f-97c5d58d0705";"2ad4a7aa-ca9c-4490-934b-03c21b0cac95";"8167fe7b-01fc-47d9-b77f-97c5d58d0705"
"b_autre_equipe_servie";"8b664eed-31bc-40f7-adc2-937f4be0b123";"visitor";"b1633240-0184-499e-9644-8030e53890d3";"Flag football B F D4 Niveau 2 Printemps Noire";"du Havre-Jeunesse";"du Havre-Jeunesse";"69010f74-9e9d-4353-badc-6a16a14fa0b6";"6ac85b32-1d65-4cc2-a092-e71a6a057a49";"0fa2705e-d5f0-4729-b990-616a2c883e06";"6ac85b32-1d65-4cc2-a092-e71a6a057a49"
"b_autre_equipe_servie";"8b7852fa-1b59-49c3-87c3-e5ee1ab1b2a7";"home";"ddaa04ba-0687-49ef-9eeb-e0f14c11a412";"Flag football J F D3";"Des Pionniers";"Des Pionniers";"ff75e7d6-d39a-46ad-a5d3-38bfa287ee7d";"c28d50f0-72bf-4b77-9297-53af1bae2597";"8fd9ff1f-e30a-4df7-bee2-593225647626";"c28d50f0-72bf-4b77-9297-53af1bae2597"
"b_autre_equipe_servie";"8b7852fa-1b59-49c3-87c3-e5ee1ab1b2a7";"visitor";"ddaa04ba-0687-49ef-9eeb-e0f14c11a412";"Flag football J F D3";"Keranna";"Keranna";"0e6c2bb5-4044-4bff-a922-0fc57bcfb1c1";"c602e2a7-7bc1-42ab-b810-03046bc4fde0";"f266dcd6-fa98-44c7-a0e6-d2fd4af4c461";"c602e2a7-7bc1-42ab-b810-03046bc4fde0"
"b_autre_equipe_servie";"8bd2113e-cfeb-4ee9-bd92-6fcc8e47e39b";"visitor";"92c39426-fe09-47d4-92ea-a22701e229c2";"Flag football J F D4 Niveau 2";"Keranna";"Keranna";"fe618731-fb76-403b-a160-eac9a75825f1";"3fb96c84-8649-4be4-a75b-feb9e791c399";"a2c44904-c8e2-47b6-aa8d-af1de83fddd1";"3fb96c84-8649-4be4-a75b-feb9e791c399"
"b_autre_equipe_servie";"8be0ff5e-d148-41a9-a7fa-27390eff26f6";"visitor";"d21aae94-8323-4127-89d5-cc2487d0ed0e";"Flag football J F D4 Niveau 2";"Le Tremplin";"Le Tremplin";"f2d48f42-2df5-4efa-aed9-7d95cc43a6f3";"ce97c7bd-9952-42f5-bce5-c936984466a7";"2b7f3e45-53ca-4de4-8d21-9d6f8aa64ece";"ce97c7bd-9952-42f5-bce5-c936984466a7"
"b_autre_equipe_servie";"8bf1b168-4332-4cbd-9102-c7f89e2d5cca";"visitor";"c87274ec-06c8-49e4-8cc2-fdb9fc4adb8c";"Flag football B F D4 Niveau 2 Printemps Bleue";"Externat Sacré-Coeur";"Externat Sacré-Coeur";"6942bcdb-ab5d-438f-86f4-3c394a88d5a2";"fdd60545-566b-4d5e-9f83-1dabc22259a7";"c7b9b36d-f86a-43f4-ac7f-4bccf5e2918c";"fdd60545-566b-4d5e-9f83-1dabc22259a7"
"b_autre_equipe_servie";"8c5b9944-5a20-4146-9476-56164edb2c95";"home";"65e0d802-9fa3-47ab-b4bf-46339b092059";"Soccer C M D3";"Coll. Jésus-Marie de Sillery";"Coll. Jésus-Marie de Sillery";"58ab4606-8249-4282-89bf-74f31c3f8a40";"91634316-db6d-48e4-bb46-9a57272f4c0e";"137328a2-c1aa-4f69-9952-5107c5a695d8";"91634316-db6d-48e4-bb46-9a57272f4c0e"
"b_autre_equipe_servie";"8c5b9944-5a20-4146-9476-56164edb2c95";"visitor";"65e0d802-9fa3-47ab-b4bf-46339b092059";"Soccer C M D3";"Aubier";"Aubier";"83ea51a5-6b47-466d-8896-3f272dbac111";"ebfb0d5c-27c5-4b69-9826-6592e4715f01";"44d3e1b8-b2f7-4484-aa2b-26d30a34cc98";"ebfb0d5c-27c5-4b69-9826-6592e4715f01"
"b_autre_equipe_servie";"8c9f9fa1-af29-4d9f-99c8-837a74ca4806";"home";"316b671e-273c-483f-93a8-022cd9f6239e";"Rugby J F D3";"Pontiac";"Pontiac";"a8ae97c2-a677-451c-ab20-044722830f1b";"c6a9fa3a-c94f-4a9a-954d-068b3d64e36e";"14abf13f-a35f-44af-85ab-27bf377df80c";"c6a9fa3a-c94f-4a9a-954d-068b3d64e36e"
"b_autre_equipe_servie";"8ca38a37-a4ef-43dc-9bbd-a79c665bc9c7";"visitor";"18f3be58-3402-42f2-885e-14479ff5ef24";"Soccer C Garçons D3 A";"Collège Sainte-Anne";"Collège Sainte-Anne";"e2f9ab5e-3c60-45a6-a3e6-d1792ca5fc6f";"43f59393-bcd5-4281-bed7-5d3f9b460f85";"f9aa0101-4a96-4528-a1d4-7f248e9c60b4";"43f59393-bcd5-4281-bed7-5d3f9b460f85"
"b_autre_equipe_servie";"8cd6e242-7f7a-4dfd-87d4-9cd33b7d6520";"visitor";"bf58f846-356c-41eb-b8b5-803b0bb4a636";"Flag football B F D4 Niveau 1 Printemps Bleue";"Cap-Jeunesse";"Cap-Jeunesse";"9b13b2cf-8f31-4c50-aac5-5db4d320a5e2";"e9534fcc-742a-46dd-9873-eabaaa614303";"f1955764-b492-4ae3-a10c-ff92d41c8c68";"e9534fcc-742a-46dd-9873-eabaaa614303"
"b_autre_equipe_servie";"8cf06eed-50a1-4843-afd3-7420edccb6f8";"home";"b001935a-83b8-4cad-ae9a-0e28196767db";"Flag football C F D3";"De la Croisée";"De la Croisée";"a1d1609f-3210-4e69-872b-4a0f9b265765";"e952c549-f77a-47b5-b248-68d266b18fcc";"bf124b17-6ac5-44ed-a736-9d4a72e04f85";"e952c549-f77a-47b5-b248-68d266b18fcc"
"b_autre_equipe_servie";"8cf06eed-50a1-4843-afd3-7420edccb6f8";"visitor";"b001935a-83b8-4cad-ae9a-0e28196767db";"Flag football C F D3";"Curé-Antoine-Labelle";"Curé-Antoine-Labelle";"9b8d8c74-5b02-4eea-b55a-6b74a52c6a07";"756b1ac6-c36f-4d51-9b16-b3070e474e5d";"d1fa5dda-b79e-4d03-8282-8aadf746d5ad";"756b1ac6-c36f-4d51-9b16-b3070e474e5d"
"b_autre_equipe_servie";"8d230bdc-aadc-420c-b010-2a79565ac879";"home";"eff52aaa-b915-47f1-96f5-aa39c655811e";"Football B U D3 9 vs 9";"Hormisdas-Gamelin";"Hormisdas-Gamelin";"4f4e5c3e-4da0-4add-a098-7c1cc10c4122";"82674dc5-eb09-4eb0-bd7b-6af9d1823629";"dc5202f4-8d52-43c9-a661-3183075bf657";"82674dc5-eb09-4eb0-bd7b-6af9d1823629"
"b_autre_equipe_servie";"8d230bdc-aadc-420c-b010-2a79565ac879";"visitor";"eff52aaa-b915-47f1-96f5-aa39c655811e";"Football B U D3 9 vs 9";"Nicolas-Gatineau";"Nicolas-Gatineau";"cda37289-fb16-4cbb-8c7b-991f7cd061dc";"34fd3959-e76d-4408-a5eb-f4e8e63345f4";"5563f7a2-ef59-440d-bb22-32a2195b69a7";"34fd3959-e76d-4408-a5eb-f4e8e63345f4"
"b_autre_equipe_servie";"8d625e13-5c5a-4d15-8f02-7b9e8396f606";"home";"3e01dfc1-131e-4662-b18e-86be06b1d2a6";"Volleyball J Garçons D4 B";"Vincent Massey";"Vincent Massey";"23bdc81b-896e-4d84-a507-a58d93f51cce";"6e635f0a-1702-440e-b1f9-b8d60b47c488";"a234eed2-c9be-489a-9c6b-4081adb0e1af";"6e635f0a-1702-440e-b1f9-b8d60b47c488"
"b_autre_equipe_servie";"8da98547-2aff-4ff1-9974-0d6b5491cb23";"home";"2727b8a8-9f03-48d8-9668-fd022cdb7874";"Soccer B Filles D3 A";"Loyola";"Loyola";"ba39789e-2856-4aa8-99d5-a9fbb4f4ad81";"aa174ef3-e6a9-432c-835d-a474fa93e618";"f6386d51-c7b1-4350-a639-5146f1be1017";"aa174ef3-e6a9-432c-835d-a474fa93e618"
"b_autre_equipe_servie";"8e7c6b0b-297f-4763-9050-37ffe1c7fe1a";"visitor";"9ac1eb7a-45dc-4ba9-85cd-451a5deeda2d";"Volleyball C Filles D4 Niveau 1 A";"St. Thomas";"St. Thomas";"b35f766c-78ab-482a-9aee-e0a62235e41c";"edceb2bd-43e5-4ab6-8582-61cd932c6df0";"71d19fd0-8d99-4efe-907b-ea1e9f749b62";"edceb2bd-43e5-4ab6-8582-61cd932c6df0"
"b_autre_equipe_servie";"8eaf4bd0-21c2-4762-bb0c-75e0a021d0c2";"home";"77c37db8-0733-4a5a-8f5d-b9c5e23ae795";"Flag football J F D4 Niveau 2";"Le Tremplin";"Le Tremplin";"f2d48f42-2df5-4efa-aed9-7d95cc43a6f3";"ce97c7bd-9952-42f5-bce5-c936984466a7";"2b7f3e45-53ca-4de4-8d21-9d6f8aa64ece";"ce97c7bd-9952-42f5-bce5-c936984466a7"
"b_autre_equipe_servie";"8f0acd15-980c-4456-9a78-5902777a8476";"visitor";"b5d98101-e2c6-4952-8dab-64fa007b4424";"Soccer B M D4 Niveau 1";"Samuel-Champlain";"Samuel-Champlain";"c9a5b768-f239-4207-90c2-93f4fc18a4c2";"01a19d6a-3ea2-4665-a5d5-ede3eee89439";"ba03109c-7726-4db7-b348-87bce8f32bfb";"01a19d6a-3ea2-4665-a5d5-ede3eee89439"
"b_autre_equipe_servie";"8f295a11-12d9-4b5e-a116-90b515f714a7";"home";"d6ca1061-7a95-4d45-aa35-8f2527a206a6";"Flag football J M D3";"Collège St-Jean-Vianney";"Collège St-Jean-Vianney";"77b09d75-350c-45aa-9b0f-7b8be7193c7d";"aa80b959-a4cd-4f1d-9d63-aa0fcc39beef";"35df4f7a-344f-430e-b40f-cbff6a23bce1";"aa80b959-a4cd-4f1d-9d63-aa0fcc39beef"
"b_autre_equipe_servie";"8f626644-a93f-47e3-8a98-def5165684ea";"home";"cae876d9-3ad0-46d6-a917-310e5b55defb";"Flag football C F D4 Niveau 1 Automne Bleue";"Thérèse-Martin";"Thérèse-Martin";"539f3f92-e1b2-4c2f-b8c7-0305f27280ab";"bc0d4aba-ce7c-4ccd-833e-7a6457b9abb1";"f5347bb5-d398-4c01-a0d5-62a7c94979c8";"bc0d4aba-ce7c-4ccd-833e-7a6457b9abb1"
"b_autre_equipe_servie";"8f69ef33-e125-469f-a378-c93331a551b9";"home";"30c3fb08-e355-4a20-9e07-40cdee54efda";"Volleyball C Garçons D3";"Loyola";"Loyola";"b313784c-ba77-4c54-af66-8b2cf916473c";"149a1cec-b797-4551-854a-d6fa0ab35979";"89d68e71-0f2c-4754-bf54-d5201d785aa4";"149a1cec-b797-4551-854a-d6fa0ab35979"
"b_autre_equipe_servie";"8fd5ae07-43c5-404c-a71e-1ad145f95201";"home";"cc520b1b-5602-4a5b-86c4-393d75a0cf53";"Flag football J F D4 Niveau 1 Printemps Blanche";"Académie Ste-Thérèse";"Académie Ste-Thérèse";"7094824e-81d6-4bdb-aec2-f53eed1b86bd";"2ca64219-3aea-4ae5-8b29-07aa982bec41";"e09dcbb4-6ff4-47d2-8542-8040cd37b77b";"2ca64219-3aea-4ae5-8b29-07aa982bec41"
"b_autre_equipe_servie";"8fda194e-bba7-400c-880d-f16b880e7177";"home";"82cfd7ef-b3e2-43eb-b5f5-b20505ba247d";"Volleyball J Filles D3 B";"Vincent Massey";"Vincent Massey";"61ae54c9-926c-4590-9b56-8f0d2624f05d";"35dd97ed-493b-4b1b-af7b-0a6be4d7b7ab";"ffae5407-e3df-4d29-bf55-f7976dd39cc7";"35dd97ed-493b-4b1b-af7b-0a6be4d7b7ab"
"b_autre_equipe_servie";"90109b23-ae12-4430-bfb5-57fe87d79ea0";"home";"bce624a8-ec0a-4e0f-bb94-03bc7e58fb05";"Flag football J F D4 Niveau 2";"Les Seigneuries";"Les Seigneuries";"3d8f3e17-67d7-4b67-90fb-4f6b303c5135";"84e9deb5-de91-40f5-b8c8-44eaf2fe6e53";"d31cbb64-fa7d-4169-a8dd-f3979dbee616";"84e9deb5-de91-40f5-b8c8-44eaf2fe6e53"
"b_autre_equipe_servie";"90396beb-242c-457d-b373-863768fc26fb";"home";"3a0abfd6-4802-46a8-b7c6-98e683d3a9bc";"Flag football J F D4 Niveau 1 Printemps Noire";"Antoine-Manseau";"Antoine-Manseau";"d2451207-dc7e-4af8-b809-9f568c9c6573";"804a49cc-dae0-4194-8d2c-2397806cc168";"09b19983-8a9a-4fea-902b-2a02a3158ab1";"804a49cc-dae0-4194-8d2c-2397806cc168"
"b_autre_equipe_servie";"90463a8f-0566-44d9-88d4-e796131a3cc7";"visitor";"f9859c45-1c50-4eb7-a7ab-36aac6d28ae0";"Volleyball J Filles D3 B";"Collège Notre-Dame";"Collège Notre-Dame";"340e1e9c-592a-463e-915d-fc44c2edf786";"8696dcb4-9c7d-4a8d-8c6e-b2b5fce72fd8";"aeb7b60a-ad42-4a0a-a30e-f1a297263d23";"8696dcb4-9c7d-4a8d-8c6e-b2b5fce72fd8"
"b_autre_equipe_servie";"90bb73b2-9916-4646-9544-1bb5455be2e0";"home";"f39f4bba-ef56-44a7-b04e-a4116dc40077";"Flag football J F D3";"Keranna";"Keranna";"0e6c2bb5-4044-4bff-a922-0fc57bcfb1c1";"c602e2a7-7bc1-42ab-b810-03046bc4fde0";"f266dcd6-fa98-44c7-a0e6-d2fd4af4c461";"c602e2a7-7bc1-42ab-b810-03046bc4fde0"
"b_autre_equipe_servie";"9105ebec-490c-47a8-9945-0ddcd2fd0a39";"home";"802b711e-1ee1-42f4-9899-65666e78891d";"Rugby J F D3";"Pontiac";"Pontiac";"a8ae97c2-a677-451c-ab20-044722830f1b";"c6a9fa3a-c94f-4a9a-954d-068b3d64e36e";"14abf13f-a35f-44af-85ab-27bf377df80c";"c6a9fa3a-c94f-4a9a-954d-068b3d64e36e"
"b_autre_equipe_servie";"9105ebec-490c-47a8-9945-0ddcd2fd0a39";"visitor";"802b711e-1ee1-42f4-9899-65666e78891d";"Rugby J F D3";"Philemon Wright";"Philemon Wright";"dfdaf91f-367d-417e-935b-b98392d7bce9";"ae69bf34-f967-4557-864d-81e8e7edb903";"7cdf6d8f-2307-41de-8e72-7dd686b81d53";"ae69bf34-f967-4557-864d-81e8e7edb903"
"b_autre_equipe_servie";"91209e35-a279-43d0-b81c-6f8ab3c1a28b";"visitor";"3bddca31-f61d-44e7-b34e-8f91ad35bddb";"Soccer J Garçons D3 A";"John-Rennie";"John-Rennie";"e0581212-8a5f-42ff-90c3-9a26d15aa8f7";"a9b97733-4ad1-4c5e-80f5-8c445fe4ebe7";"bb5f542e-a8c1-4da6-a2d7-be164d9c2874";"a9b97733-4ad1-4c5e-80f5-8c445fe4ebe7"
"b_autre_equipe_servie";"91602ff0-7c89-45aa-8bb3-52ce712813a6";"home";"8baa95b6-86a9-4d57-8fa3-76b912ee680c";"Soccer C F D3";"St-Ch.Garnier";"St-Ch.Garnier";"f65c9dbf-101a-45cd-8048-927badcc9781";"deda4093-014d-4928-9902-d72301a80ad3";"5503e4e9-66f8-4c1e-b84a-7cd3b9ae93be";"deda4093-014d-4928-9902-d72301a80ad3"
"b_autre_equipe_servie";"91606b94-026d-4b66-afe6-559c6c5b9556";"home";"8e1d4cab-158d-489b-8154-105e1c7bb4b4";"Flag football J F D3";"Jean-Nicolet";"Jean-Nicolet";"fce377df-7ccf-48fe-95e4-8c495beb78f7";"8fb67088-d17d-49ca-b77a-0ef8b88a67ca";"a8d1a4df-bc95-4634-9558-77b153932a2f";"8fb67088-d17d-49ca-b77a-0ef8b88a67ca"
"b_autre_equipe_servie";"91606b94-026d-4b66-afe6-559c6c5b9556";"visitor";"8e1d4cab-158d-489b-8154-105e1c7bb4b4";"Flag football J F D3";"Des Pionniers";"Des Pionniers";"ff75e7d6-d39a-46ad-a5d3-38bfa287ee7d";"c28d50f0-72bf-4b77-9297-53af1bae2597";"8fd9ff1f-e30a-4df7-bee2-593225647626";"c28d50f0-72bf-4b77-9297-53af1bae2597"
"b_autre_equipe_servie";"91c2da82-b59c-4baf-b679-54cc3236f229";"visitor";"d0b3a812-bfbe-44f1-93ce-2f440597a219";"Rugby J F D4";"Cité-des-Jeunes";"Cité-des-Jeunes";"02c60b9a-fd03-4a97-a42e-93671e5a1095";"1406338c-e857-49f7-bdf2-6c489c0d9fbf";"e2396918-2ccc-48e3-bc81-bcade52e58e7";"1406338c-e857-49f7-bdf2-6c489c0d9fbf"
"b_autre_equipe_servie";"91ce94bb-2361-42d3-b973-3b881606e594";"visitor";"aea0710e-aa08-4a4c-b4c2-f763f37909b5";"Football B M D4";"Porte-du-Nord";"Porte-du-Nord";"9c80495e-2e9c-48ad-aa99-ab10b7bececd";"5c8af65d-39a6-431c-9b6d-4d713e0fd021";"1f8aa7f6-de8e-402c-998a-889e1393816b";"5c8af65d-39a6-431c-9b6d-4d713e0fd021"
"b_autre_equipe_servie";"9230c479-1bfa-4a44-bb6f-a5531a1b7434";"home";"d501bb75-1885-4992-b85d-b0b0b5b4731d";"Volleyball J Garçons D4 B";"Vincent Massey";"Vincent Massey";"23bdc81b-896e-4d84-a507-a58d93f51cce";"6e635f0a-1702-440e-b1f9-b8d60b47c488";"a234eed2-c9be-489a-9c6b-4081adb0e1af";"6e635f0a-1702-440e-b1f9-b8d60b47c488"
"b_autre_equipe_servie";"935962aa-583f-4974-b83c-16c34187268f";"visitor";"162b0235-958a-4801-a12e-cb47cfb6d664";"Volleyball B Filles D3 A";"St. Thomas";"St. Thomas";"841c6565-ea95-45aa-a0b0-e7465a916640";"d6b599af-b8c0-4d9d-9dc9-d1287b6cf144";"5c8070d8-51f0-450a-a39f-d438ff2e64e6";"d6b599af-b8c0-4d9d-9dc9-d1287b6cf144"
"b_autre_equipe_servie";"938eb483-f370-4289-adde-d6a64b08f98f";"home";"e2d21931-a498-4d71-9f84-e85595bd8577";"Flag football B F D3";"Collège St-Jean-Vianney";"Collège St-Jean-Vianney";"11f06eff-610a-4372-b4b7-73900256266d";"07f2e407-d6c9-4b71-a872-11e20a824ba3";"e1953a0f-d02f-47e1-bd1b-49e270431959";"07f2e407-d6c9-4b71-a872-11e20a824ba3"
"b_autre_equipe_servie";"938eb483-f370-4289-adde-d6a64b08f98f";"visitor";"e2d21931-a498-4d71-9f84-e85595bd8577";"Flag football B F D3";"Collège Notre-Dame";"Collège Notre-Dame";"5a3db3ba-d32d-47fb-928a-de1f6910f51d";"2fb0c17b-9a09-4294-8511-1de6b8a82163";"d91cc894-9c54-443f-baf4-491cee77e80f";"2fb0c17b-9a09-4294-8511-1de6b8a82163"
"b_autre_equipe_servie";"93ee39b8-b018-4983-bcb6-86b7e0634603";"home";"b0dc9cea-2df8-4f65-8da2-9475e3813274";"Volleyball C Garçons D3";"Loyola";"Loyola";"b313784c-ba77-4c54-af66-8b2cf916473c";"149a1cec-b797-4551-854a-d6fa0ab35979";"89d68e71-0f2c-4754-bf54-d5201d785aa4";"149a1cec-b797-4551-854a-d6fa0ab35979"
"b_autre_equipe_servie";"93ee5bce-235d-4455-be8b-ffdf6ee4ced5";"visitor";"34ac2462-f3d4-4a00-b9a6-e07e72238328";"Flag football C F D3";"Des Pionniers";"Des Pionniers";"ff21aa79-3ea4-454b-97bf-cb320cd125fc";"5bcd3141-ea4c-4f10-b813-cf7c90cc7283";"c443670f-5922-48e0-bacc-afb9f1fb6656";"5bcd3141-ea4c-4f10-b813-cf7c90cc7283"
"b_autre_equipe_servie";"93f89e25-c978-4ab8-a7fe-888bf582e629";"home";"c0cf7dc2-9373-4018-ba08-a3473840b5be";"Soccer C Filles D3 A";"St. Thomas";"St. Thomas";"a3b937e6-6d30-43d4-be4d-efec40cae414";"a139cfa0-9d9f-4e88-80da-768f75178cae";"4f50e790-7caf-4e8f-bef3-1914790b11bc";"a139cfa0-9d9f-4e88-80da-768f75178cae"
"b_autre_equipe_servie";"93f89e25-c978-4ab8-a7fe-888bf582e629";"visitor";"c0cf7dc2-9373-4018-ba08-a3473840b5be";"Soccer C Filles D3 A";"Loyola";"Loyola";"dcd0a98a-fe5c-411c-bcb8-181fa7499535";"ebbd2646-9b30-40f0-95e9-e22dfbe9f22c";"da021e3c-d0e2-4606-b3b0-f9e04def93eb";"ebbd2646-9b30-40f0-95e9-e22dfbe9f22c"
"b_autre_equipe_servie";"9451aad8-360f-406c-94dd-312bbda0cc42";"home";"e83b4692-793d-43f1-b426-92ce6ad8755a";"Flag football C M D3";"Collège Reine-Marie";"Collège Reine-Marie";"3b213a03-c477-40c6-8eec-c512cd2c2094";"540f4ea6-00c9-4c48-88de-0108a93a76cc";"9c102b7b-15d9-407f-98d6-3ee73d29ab5a";"540f4ea6-00c9-4c48-88de-0108a93a76cc"
"b_autre_equipe_servie";"947babd5-7d66-42b8-bd71-2a13ed25aa31";"visitor";"bbc96d91-2d52-4a58-a6ff-b9d6af28c5b1";"Baseball J U D3 Baseball";"Mont-Bleu - GRIS";"Mont-Bleu - GRIS";"7d4b7993-8413-4433-a1bd-1094ca1c7c15";"f005f217-49ad-43b4-8bed-a6684d2b10c8";"58a97283-edc5-4b8c-a6a9-056b249cb850";"f005f217-49ad-43b4-8bed-a6684d2b10c8"
"b_autre_equipe_servie";"9487f6d3-5277-4830-be11-50371c0fff08";"home";"b0411cc6-d64a-4129-b38c-782cb98229bf";"Volleyball B Filles D3 B";"Vincent Massey";"Vincent Massey";"04a1a220-e9f5-4a63-b3bc-e62d22b0a912";"0cb50c40-a579-469f-abd4-ac2ce3d60d67";"2c4b35e9-c397-4764-a032-37706506c6ce";"0cb50c40-a579-469f-abd4-ac2ce3d60d67"
"b_autre_equipe_servie";"94cca0a4-a38a-4772-b08c-cad74182474a";"visitor";"26929f87-81e9-4ab5-9129-b617383454b0";"Soccer B M D3";"Acad. Saint-Louis";"Acad. Saint-Louis";"fa3b684f-0a82-4084-a13d-9cf558127c50";"c0637643-0fe8-40d7-b8eb-deb4616705e5";"0f19d38a-b5c2-4910-9cf9-fc10499ceca4";"c0637643-0fe8-40d7-b8eb-deb4616705e5"
"b_autre_equipe_servie";"95250c02-a194-421f-994d-8d71e70ba6c1";"visitor";"cfa25861-8fab-4279-86ce-408152e8b9f5";"Flag football B Garçons D3";"Loyola";"Loyola";"d0eec0f1-f967-4a59-822f-68c69f286c32";"88afd489-5965-432f-98e3-694e9baaa7b8";"a46ce3cc-47a0-43d8-892f-37cf8105a310";"88afd489-5965-432f-98e3-694e9baaa7b8"
"b_autre_equipe_servie";"95685e72-0871-4368-806a-6d2f73614445";"home";"68b0980c-7fda-477a-bc65-ee348e5bbcde";"Flag football B F D3";"Collège Notre-Dame";"Collège Notre-Dame";"5a3db3ba-d32d-47fb-928a-de1f6910f51d";"2fb0c17b-9a09-4294-8511-1de6b8a82163";"d91cc894-9c54-443f-baf4-491cee77e80f";"2fb0c17b-9a09-4294-8511-1de6b8a82163"
"b_autre_equipe_servie";"95685e72-0871-4368-806a-6d2f73614445";"visitor";"68b0980c-7fda-477a-bc65-ee348e5bbcde";"Flag football B F D3";"Collège Mont-St-Louis";"Collège Mont-St-Louis";"f31fd5dc-bfcc-41a1-a9f2-60ce3187b1dc";"decb9c40-49e9-42b0-8ca5-d97c37d96b2a";"76ba448a-6219-481b-bbb3-d9f3e233bc25";"decb9c40-49e9-42b0-8ca5-d97c37d96b2a"
"b_autre_equipe_servie";"9583d430-0362-4a94-b7e0-b491a7273aa2";"home";"c42a591a-4462-4c92-9428-19f1aa1cf2a7";"Volleyball B Filles D3 B";"Vincent Massey";"Vincent Massey";"04a1a220-e9f5-4a63-b3bc-e62d22b0a912";"0cb50c40-a579-469f-abd4-ac2ce3d60d67";"2c4b35e9-c397-4764-a032-37706506c6ce";"0cb50c40-a579-469f-abd4-ac2ce3d60d67"
"b_autre_equipe_servie";"96938fdd-d7ca-4964-b78b-e7f77b250815";"home";"7b03ec3b-9fab-43f4-8f53-00a67f1616cb";"Flag football J M D4 Niveau 3";"Collège d'Anjou";"Collège d'Anjou";"d50baa17-df67-47a4-ae5d-f87ef68850ac";"1c2ded8a-c1c2-465a-9442-2398c8d96f0e";"0ef55900-0c81-495b-a9f5-47d53d820962";"1c2ded8a-c1c2-465a-9442-2398c8d96f0e"
"b_autre_equipe_servie";"969a0731-2e2b-42d2-9cd8-6685a40d67f4";"visitor";"d3403dee-4ec8-46c9-b9c1-89457f62eaec";"Soccer B Filles D3 A";"St. Thomas";"St. Thomas";"5294a97a-8468-4d4e-8b1d-dd89eec1fdf7";"bd94806d-9326-448f-988c-e8e0965c434f";"a1ce89f9-bf76-4d8e-8279-257fe96d1969";"bd94806d-9326-448f-988c-e8e0965c434f"
"b_autre_equipe_servie";"970a29f6-2503-4958-8d46-3fd0c4cac9a8";"visitor";"cbb6daaa-4d7b-4077-9ef1-657d63f7860b";"Flag football B F D4 Niveau 2 Printemps Bleue";"Externat Sacré-Coeur";"Externat Sacré-Coeur";"6942bcdb-ab5d-438f-86f4-3c394a88d5a2";"fdd60545-566b-4d5e-9f83-1dabc22259a7";"c7b9b36d-f86a-43f4-ac7f-4bccf5e2918c";"fdd60545-566b-4d5e-9f83-1dabc22259a7"
"b_autre_equipe_servie";"97393d99-2bfd-4678-b083-e9543041c462";"home";"5d88d46d-38e5-4729-abc0-8969bfa9b488";"Soccer J F D4 Niveau 2";"St-Marc";"St-Marc";"662bce4c-d6ff-4221-a1e9-00e88bc53a8b";"24064fca-97a5-430e-8a2f-0a456ba8cfab";"e1ba37c4-c7b3-42ec-9441-32c137786b4f";"24064fca-97a5-430e-8a2f-0a456ba8cfab"
"b_autre_equipe_servie";"97643ac2-974a-431a-8a37-5321569f0c73";"visitor";"c59ec022-edd2-4702-aa96-4197bd9a3a9f";"Flag football B M D3 AUTOMNE";"Collège St-Jean-Vianney";"Collège St-Jean-Vianney";"5bb84857-fd94-4f99-adc5-91b4dda142bb";"c7a0d819-46af-453a-acb3-faeda1be571c";"b9dde348-6a7e-400d-8653-710516392237";"c7a0d819-46af-453a-acb3-faeda1be571c"
"b_autre_equipe_servie";"97ab6312-9942-44c6-9287-04ede7d52c19";"visitor";"85fb63fb-b56b-4535-8b7a-85d4ade63b57";"Soccer C Garçons D3 A";"Collège St-Jean-Vianney";"Collège St-Jean-Vianney";"7b96aaab-f3b8-4a68-ad39-23b339aded0d";"d8d75aa6-31c9-46e1-8d72-2bb712f0f4e5";"c5b472ff-c9f4-43fc-baee-e70fd43bb00a";"d8d75aa6-31c9-46e1-8d72-2bb712f0f4e5"
"b_autre_equipe_servie";"97ba2fe2-25e9-4d5b-b290-0bf1742fd17c";"home";"65744476-1385-420a-bc8e-f753bbd13b6b";"Soccer C Garçons D3 A";"Collège St-Jean-Vianney";"Collège St-Jean-Vianney";"7b96aaab-f3b8-4a68-ad39-23b339aded0d";"d8d75aa6-31c9-46e1-8d72-2bb712f0f4e5";"c5b472ff-c9f4-43fc-baee-e70fd43bb00a";"d8d75aa6-31c9-46e1-8d72-2bb712f0f4e5"
"b_autre_equipe_servie";"97d9900b-3d50-41eb-bc9f-5e1d3b436747";"home";"cc0cec37-2f73-4915-bea0-5ccd28ae8f52";"Soccer C Garçons D4 Niveau 1 A";"St. Thomas";"St. Thomas";"225cd842-236e-4e6f-8791-7c2d3df441eb";"1a2aeadc-90d0-4b30-a839-1c7a93ec6f91";"6dd2557c-f6a9-4234-8dfd-81921b6b7f41";"1a2aeadc-90d0-4b30-a839-1c7a93ec6f91"
"b_autre_equipe_servie";"9847b78a-92e2-4b60-a062-f289eb142edf";"home";"b0f92396-a2cd-43d9-a9f9-f86c909eaf8d";"Flag football C M D4";"Le Tremplin";"Le Tremplin";"1a351f3e-a171-4200-8d6b-7f78d860189d";"b4806885-e39f-43c3-b441-b2755d7544fd";"eb067125-a9a7-4a65-a802-0ebf186b7ac6";"b4806885-e39f-43c3-b441-b2755d7544fd"
"b_autre_equipe_servie";"9847b78a-92e2-4b60-a062-f289eb142edf";"visitor";"b0f92396-a2cd-43d9-a9f9-f86c909eaf8d";"Flag football C M D4";"Jean-Nicolet";"Jean-Nicolet";"0c55e091-7a8a-4279-aeed-7fef1fe3d3a4";"f0bd5efa-3fa1-4ebf-9e59-94b35bf60b39";"da1d244d-8f96-4854-9f29-1fd38c534858";"f0bd5efa-3fa1-4ebf-9e59-94b35bf60b39"
"b_autre_equipe_servie";"9876486f-3162-453e-a6ef-83c9c68f45ef";"home";"fb622f62-0187-4082-a3d2-aa9c11b47673";"Rugby J F D4";"Collège Sainte-Anne";"Collège Sainte-Anne";"b665eb86-4ab6-4d36-a5f7-58f256e1ee32";"8089b76c-0095-4dce-bc13-43f0b65de51f";"eb986db5-f276-43ba-bc4a-a3bbcc32dd8f";"8089b76c-0095-4dce-bc13-43f0b65de51f"
"b_autre_equipe_servie";"9876486f-3162-453e-a6ef-83c9c68f45ef";"visitor";"fb622f62-0187-4082-a3d2-aa9c11b47673";"Rugby J F D4";"Marcellin-Champagnat";"Marcellin-Champagnat";"c1dbfc29-478b-4a48-877e-6015f7b52bd1";"52149486-c23a-4412-af24-c92632b1e54a";"950da248-7ef5-4354-bbab-26eb1e37d10f";"52149486-c23a-4412-af24-c92632b1e54a"
"b_autre_equipe_servie";"9892eedf-e2a9-4f32-a9c3-9db1e63d6c5e";"visitor";"c3477303-5628-48ab-9812-8fa3b1186404";"Soccer J M D4 Niveau 2";"Pionniers";"Pionniers";"e7196785-a1bb-4221-8df8-cefa1611142c";"f014c7cc-1d60-4d03-9ec2-a428bec87de7";"1b8a6c0a-a39d-4592-9900-a4868c66c9cf";"f014c7cc-1d60-4d03-9ec2-a428bec87de7"
"b_autre_equipe_servie";"99470c6b-e3e0-46cf-93e0-91a7788c0cea";"visitor";"2675e473-0ff5-44a1-9e20-b4d24633f469";"Soccer J M D4 Niveau 2";"Louis-Jobin";"Louis-Jobin";"df631f47-7d86-4814-8a93-8394b341a8f3";"61a63aeb-b7c5-4e0f-8eba-79649148dfbf";"90da7b99-cc36-4cc9-88f1-579731f84a65";"a5db1686-a035-410c-bb6d-ec0ea3bc516a"
"b_autre_equipe_servie";"99533dca-4b8d-4c43-ab04-b46297054c6c";"home";"cf8200c4-5164-4a10-872d-c5ad294a0b77";"Flag football J F D4 Niveau 2";"Le Tremplin";"Le Tremplin";"f2d48f42-2df5-4efa-aed9-7d95cc43a6f3";"ce97c7bd-9952-42f5-bce5-c936984466a7";"2b7f3e45-53ca-4de4-8d21-9d6f8aa64ece";"ce97c7bd-9952-42f5-bce5-c936984466a7"
"b_autre_equipe_servie";"99dfdc3d-7178-444b-8703-9099d0fa9b71";"visitor";"83d88d3b-b0bf-4bb2-94eb-121037989867";"Rugby C F D4";"Saint-Joseph";"Saint-Joseph";"6a7cc135-bc23-431d-9386-748719185ebc";"7464715c-45a8-49df-a194-811ebd82b6bf";"f241ee42-83f9-4afa-b264-7a454d389ee8";"7464715c-45a8-49df-a194-811ebd82b6bf"
"b_autre_equipe_servie";"9a6e7444-8bdb-4f09-907a-ff7e2f8440a5";"home";"cc53f2d7-b69b-4616-8b51-2058d4fa9582";"Flag football J F D3";"De la Croisée";"De la Croisée";"713aba27-67a8-4250-a9ba-36d6dce2f844";"238b0163-b062-43ca-a3cd-17bf253936cc";"e777a3e8-b4c1-4531-869e-d0ddca28a64c";"238b0163-b062-43ca-a3cd-17bf253936cc"
"b_autre_equipe_servie";"9a6e7444-8bdb-4f09-907a-ff7e2f8440a5";"visitor";"cc53f2d7-b69b-4616-8b51-2058d4fa9582";"Flag football J F D3";"Collège Laval";"Collège Laval";"5e7dee86-294e-4ef1-85b7-a5e29d997007";"c6f1ae19-b6e3-4400-b739-f1c5767d6fb6";"ba5842f5-e433-4682-96ed-4cc27746f6f2";"c6f1ae19-b6e3-4400-b739-f1c5767d6fb6"
"b_autre_equipe_servie";"9aa7c986-1258-4e95-a863-137d0f599f13";"home";"12e9e334-83dd-4185-8e58-e3238b58aaa5";"Volleyball J Filles D3 A";"St. Thomas";"St. Thomas";"965eaded-5ed7-4569-a8e3-e7416469ce98";"faea7178-3fe6-47af-ad56-4cca73d1c736";"873e45c8-3720-4b7c-b1ab-14ddd4ecc054";"faea7178-3fe6-47af-ad56-4cca73d1c736"
"b_autre_equipe_servie";"9aa7dac2-ceb0-43cf-8b88-682f7b002530";"home";"a5ad1d56-95ed-4d3b-a5a3-56771288b3d8";"Rugby J F D4";"Collège Sainte-Anne";"Collège Sainte-Anne";"b665eb86-4ab6-4d36-a5f7-58f256e1ee32";"8089b76c-0095-4dce-bc13-43f0b65de51f";"eb986db5-f276-43ba-bc4a-a3bbcc32dd8f";"8089b76c-0095-4dce-bc13-43f0b65de51f"
"b_autre_equipe_servie";"9aa7dac2-ceb0-43cf-8b88-682f7b002530";"visitor";"a5ad1d56-95ed-4d3b-a5a3-56771288b3d8";"Rugby J F D4";"Cité-des-Jeunes";"Cité-des-Jeunes";"02c60b9a-fd03-4a97-a42e-93671e5a1095";"1406338c-e857-49f7-bdf2-6c489c0d9fbf";"e2396918-2ccc-48e3-bc81-bcade52e58e7";"1406338c-e857-49f7-bdf2-6c489c0d9fbf"
"b_autre_equipe_servie";"9ad7f6a5-6da5-4bce-8c84-d20e286a985c";"visitor";"bfd5e055-8068-4bb9-927b-79a1330009f5";"Football B M D4";"Porte-du-Nord";"Porte-du-Nord";"9c80495e-2e9c-48ad-aa99-ab10b7bececd";"5c8af65d-39a6-431c-9b6d-4d713e0fd021";"1f8aa7f6-de8e-402c-998a-889e1393816b";"5c8af65d-39a6-431c-9b6d-4d713e0fd021"
"b_autre_equipe_servie";"9aed5662-6e3c-48a6-b7a2-7f48c1ebdbe0";"home";"fbb999b9-fd3e-4cc5-9ee9-d50844fc29de";"Volleyball B Filles D3 B";"Vincent Massey";"Vincent Massey";"04a1a220-e9f5-4a63-b3bc-e62d22b0a912";"0cb50c40-a579-469f-abd4-ac2ce3d60d67";"2c4b35e9-c397-4764-a032-37706506c6ce";"0cb50c40-a579-469f-abd4-ac2ce3d60d67"
"b_autre_equipe_servie";"9b0a26fa-7189-4fa9-b0c0-7dc984afbaaf";"visitor";"b0c6f78c-447a-42e9-bf2a-41a436f168f0";"Flag football J F D4 Niveau 1 Printemps Rouge";"Du Havre";"Du Havre";"5e91c2b2-76f4-4bf3-960d-a3550310c147";"24df857e-aba1-4284-857d-e4acca46266a";"fda820a7-d603-45c4-b953-3d26fe305940";"24df857e-aba1-4284-857d-e4acca46266a"
"b_autre_equipe_servie";"9b41983c-e38c-416e-aab9-411199fee281";"visitor";"1810137d-e928-4c83-a4fb-18d7b50860fe";"Soccer B M D4 Niveau 1";"Samuel-Champlain";"Samuel-Champlain";"c9a5b768-f239-4207-90c2-93f4fc18a4c2";"01a19d6a-3ea2-4665-a5d5-ede3eee89439";"ba03109c-7726-4db7-b348-87bce8f32bfb";"01a19d6a-3ea2-4665-a5d5-ede3eee89439"
"b_autre_equipe_servie";"9b63ce2b-7f5d-4ce9-a5e5-724f87fff8b6";"home";"266dcfe4-9876-4ec2-8ff3-7451da3a7ba8";"Rugby C F D4";"Saint-Joseph";"Saint-Joseph";"6a7cc135-bc23-431d-9386-748719185ebc";"7464715c-45a8-49df-a194-811ebd82b6bf";"f241ee42-83f9-4afa-b264-7a454d389ee8";"7464715c-45a8-49df-a194-811ebd82b6bf"
"b_autre_equipe_servie";"9ba10944-e886-4676-a50e-8b662aeeae0d";"home";"218f0a0a-1257-4f31-806b-22640fec0154";"Flag football J F D4 Niveau 2";"Le Tremplin";"Le Tremplin";"f2d48f42-2df5-4efa-aed9-7d95cc43a6f3";"ce97c7bd-9952-42f5-bce5-c936984466a7";"2b7f3e45-53ca-4de4-8d21-9d6f8aa64ece";"ce97c7bd-9952-42f5-bce5-c936984466a7"
"b_autre_equipe_servie";"9ba10944-e886-4676-a50e-8b662aeeae0d";"visitor";"218f0a0a-1257-4f31-806b-22640fec0154";"Flag football J F D4 Niveau 2";"Val-Mauricie";"Val-Mauricie";"5649dccc-5ba7-4032-bdc0-1f09da83aa8c";"79162e04-d6ea-4f8e-9b8b-a9249a7a8e87";"ec6f3b9f-0940-48c8-9685-9ea39fd265fb";"79162e04-d6ea-4f8e-9b8b-a9249a7a8e87"
"b_autre_equipe_servie";"9beefba4-c6e2-4974-b64a-5028a5a6680d";"home";"f1f660bf-b0ee-49f7-9da8-32c94ab8b791";"Flag football J Garçons D3 Fall B";"St. Thomas";"St. Thomas";"10031fbc-739d-47f5-a8bf-30ae4822c5cf";"7eb78569-f713-45dd-be90-325aa31e4fdb";"0f464fed-4180-420c-865c-a10acb99e18f";"7eb78569-f713-45dd-be90-325aa31e4fdb"
"b_autre_equipe_servie";"9bf67fae-39d5-4382-a738-b3da089d8d52";"home";"de42acb3-ee86-4bd3-81af-307f17a10b3e";"Flag football J F D3";"Curé-Antoine-Labelle";"Curé-Antoine-Labelle";"76f3e1ba-694a-45d8-b73b-be5d9053754e";"5b2bccf9-96e8-41dd-b277-72ae4ede2548";"e9147c31-d7f9-4e53-a542-c12c12d7843e";"5b2bccf9-96e8-41dd-b277-72ae4ede2548"
"b_autre_equipe_servie";"9bf67fae-39d5-4382-a738-b3da089d8d52";"visitor";"de42acb3-ee86-4bd3-81af-307f17a10b3e";"Flag football J F D3";"Letendre";"Letendre";"f7bb60ef-d707-4be0-91cd-5aeb72f01159";"9dc3fff7-feea-45bf-b4e9-275be3464259";"a9d2827e-8a68-4253-bc45-2f0cab85ba99";"9dc3fff7-feea-45bf-b4e9-275be3464259"
"b_autre_equipe_servie";"9c33f5f3-41d6-4d8c-b50e-d85b872a1ab6";"home";"419b8f37-0f59-4e65-b0f6-c4d22dc74661";"Soccer B F D4";"Benoit-Vachon";"Benoit-Vachon";"18a03a58-c486-4cf7-8113-e18caa2957c8";"679428eb-e803-4aca-b482-671d21c4820d";"e32cff2a-3e6e-4e84-b95f-266d15136adc";"679428eb-e803-4aca-b482-671d21c4820d"
"b_autre_equipe_servie";"9c33f5f3-41d6-4d8c-b50e-d85b872a1ab6";"visitor";"419b8f37-0f59-4e65-b0f6-c4d22dc74661";"Soccer B F D4";"Coll. Jésus-Marie de Sillery";"Coll. Jésus-Marie de Sillery";"fb865b9d-09b5-4600-8de9-2308bcabddb6";"7f60f746-0b5f-4f14-a4e6-8626187f8233";"46f415d9-6238-431c-81d5-93288ab6dec7";"7f60f746-0b5f-4f14-a4e6-8626187f8233"
"b_autre_equipe_servie";"9c6a8b0a-e34d-4ba0-b603-4f2ce4932436";"visitor";"e79504ce-75aa-4300-8bc9-65621367a146";"Rugby J F D4";"Ozias-Leduc";"Ozias-Leduc";"7ef4a932-107a-438b-b2fd-5ddedf0cac28";"ceab6414-a407-4514-a60f-46447d52d349";"75929bcf-ff75-4d90-beba-067966ee42a6";"ceab6414-a407-4514-a60f-46447d52d349"
"b_autre_equipe_servie";"9cac1168-b78e-4cdc-9b36-ed89010f02d9";"visitor";"1e00fd99-ec5f-4f35-9140-a5c0e99ade6e";"Flag football J F D4 Niveau 1";"Jean-Nicolet";"Jean-Nicolet";"e920723c-ad6c-4954-80b9-6b60de1130a0";"d4bdd2c3-feca-42d3-8ad8-fbcadb22a6bc";"8b5e17a1-40e5-4581-bcd8-a8698dafcaf4";"d4bdd2c3-feca-42d3-8ad8-fbcadb22a6bc"
"b_autre_equipe_servie";"9cf4bc8f-79ce-490f-ae8e-ba11b6f7affd";"home";"0a4462ff-50af-4316-b320-453db6828c7d";"Soccer B F D3";"Acad. Saint-Louis";"Acad. Saint-Louis";"37db89e7-cf71-49e8-b4f9-de5dddfcbe1d";"2eb14599-f10a-456a-b587-d8c9894762c2";"f693cc3e-ea74-49a2-b727-4a4e563e5a32";"2eb14599-f10a-456a-b587-d8c9894762c2"
"b_autre_equipe_servie";"9d7828bc-7c4c-4e4d-a304-ace7a6eb302f";"home";"d4c654f8-3a8a-4d30-9e39-e5605dae7c53";"Football B U D3 9 vs 9";"Nouvelles Frontières";"Nouvelles Frontières";"288b69f9-33cc-4882-ae58-f241b2f93355";"d346d2a5-6784-48b8-acd9-e6144e693ca5";"0c2dbb00-88cb-4c3e-8f9b-98c19a79c042";"d346d2a5-6784-48b8-acd9-e6144e693ca5"
"b_autre_equipe_servie";"9d7828bc-7c4c-4e4d-a304-ace7a6eb302f";"visitor";"d4c654f8-3a8a-4d30-9e39-e5605dae7c53";"Football B U D3 9 vs 9";"Nicolas-Gatineau";"Nicolas-Gatineau";"cda37289-fb16-4cbb-8c7b-991f7cd061dc";"34fd3959-e76d-4408-a5eb-f4e8e63345f4";"5563f7a2-ef59-440d-bb22-32a2195b69a7";"34fd3959-e76d-4408-a5eb-f4e8e63345f4"
"b_autre_equipe_servie";"9d8c932b-b660-4f02-824e-493189809da5";"visitor";"049596e4-7f9c-4d84-bad4-9bb8cce92bcb";"Volleyball C Garçons D3";"Loyola";"Loyola";"b313784c-ba77-4c54-af66-8b2cf916473c";"149a1cec-b797-4551-854a-d6fa0ab35979";"89d68e71-0f2c-4754-bf54-d5201d785aa4";"149a1cec-b797-4551-854a-d6fa0ab35979"
"b_autre_equipe_servie";"9da775e8-59be-4a59-a3b5-757d31f96c1b";"visitor";"9c6d3141-958c-4b9d-9d27-3241991b9df1";"Volleyball B Filles D3 A";"Loyola";"Loyola";"7038b42c-8d94-4174-a20e-6ffee617c1e9";"c1bdd457-9b1a-4832-91f7-9c6aea3ff4b4";"6880efdb-b62d-4261-9b65-3792d035ad34";"c1bdd457-9b1a-4832-91f7-9c6aea3ff4b4"
"b_autre_equipe_servie";"9dd98cb9-a94a-4a1a-ab4e-e52942cc4f97";"home";"ea051f90-dd27-4ae2-9d36-7d4dd3349d99";"Flag football C M D3";"D'Arcy McGee";"D'Arcy McGee";"3df7cc0b-59f6-42f0-89c9-d2000e62980a";"37f82d0a-778b-4185-8aea-a43a8d233858";"74c0f897-74d9-4004-a0a1-59f94728fae3";"37f82d0a-778b-4185-8aea-a43a8d233858"
"b_autre_equipe_servie";"9dd98cb9-a94a-4a1a-ab4e-e52942cc4f97";"visitor";"ea051f90-dd27-4ae2-9d36-7d4dd3349d99";"Flag football C M D3";"Grande-Rivière";"Grande-Rivière";"bbf64225-2b6f-47c1-b2d7-8b1c47dfc4c6";"5f1ca83e-d5b7-4a3b-8155-01d37b858ae4";"0c41f4d6-af9b-4661-b7ef-ead05b3ea2d9";"5f1ca83e-d5b7-4a3b-8155-01d37b858ae4"
"b_autre_equipe_servie";"9dea2dbc-92aa-4104-a856-1cc91b35d12e";"home";"c895b947-56a3-41d9-80e0-dfa2d900a578";"Football B U D3 9 vs 9";"Cité étudiante Haute-Gatineau";"Cité étudiante Haute-Gatineau";"5c639737-3fa2-4463-acd4-5f0bb22001d5";"6016e2a2-acc9-494d-a292-daa805a89ef1";"fcb4f994-62a1-42b5-ab35-c0c4622777d4";"6016e2a2-acc9-494d-a292-daa805a89ef1"
"b_autre_equipe_servie";"9dea2dbc-92aa-4104-a856-1cc91b35d12e";"visitor";"c895b947-56a3-41d9-80e0-dfa2d900a578";"Football B U D3 9 vs 9";"Nicolas-Gatineau";"Nicolas-Gatineau";"cda37289-fb16-4cbb-8c7b-991f7cd061dc";"34fd3959-e76d-4408-a5eb-f4e8e63345f4";"5563f7a2-ef59-440d-bb22-32a2195b69a7";"34fd3959-e76d-4408-a5eb-f4e8e63345f4"
"b_autre_equipe_servie";"9df9fa78-5e5e-4cb3-8193-d4a23d6d98ee";"home";"86b37599-3981-4f7c-8ce6-f6b6779a5cd4";"Volleyball C Filles D4 Niveau 1 A";"St. Thomas";"St. Thomas";"b35f766c-78ab-482a-9aee-e0a62235e41c";"edceb2bd-43e5-4ab6-8582-61cd932c6df0";"71d19fd0-8d99-4efe-907b-ea1e9f749b62";"edceb2bd-43e5-4ab6-8582-61cd932c6df0"
"b_autre_equipe_servie";"9e368a8e-65a1-4acf-ae91-6ce16c89c524";"home";"1e300261-9e4e-4563-83bb-bb0e690ee1ec";"Football B M D4";"Quatre-Vents";"Quatre-Vents";"7998eb28-c4f5-429d-a8a2-3bc3474efda1";"4f9f21cf-a8e6-4f48-8b1d-58cd452f4ef5";"fe1bbe92-d89b-4a10-80da-b6cb7f304758";"4f9f21cf-a8e6-4f48-8b1d-58cd452f4ef5"
"b_autre_equipe_servie";"9e368a8e-65a1-4acf-ae91-6ce16c89c524";"visitor";"1e300261-9e4e-4563-83bb-bb0e690ee1ec";"Football B M D4";"Odyssée";"Odyssée";"eca5a6cf-6cca-4685-9611-2d1184f89d8e";"e99dbe5d-8be7-4a46-9009-fd88f8f3572d";"7cbcbac6-1c30-4ad3-9d59-f7acc19e99fd";"e99dbe5d-8be7-4a46-9009-fd88f8f3572d"
"b_autre_equipe_servie";"9ed385dd-6a4c-475f-86c1-59d024deebfc";"home";"f939633d-df34-4369-9169-e7af51d5e3e9";"Soccer J F D4 Niveau 2";"St-Marc";"St-Marc";"662bce4c-d6ff-4221-a1e9-00e88bc53a8b";"24064fca-97a5-430e-8a2f-0a456ba8cfab";"e1ba37c4-c7b3-42ec-9441-32c137786b4f";"24064fca-97a5-430e-8a2f-0a456ba8cfab"
"b_autre_equipe_servie";"9f0709c9-72ed-41d5-a344-18a6fdac5cf9";"home";"9befd54d-0fdd-4b0b-8adb-58f7c85646e5";"Volleyball J Garçons D4 B";"Vincent Massey";"Vincent Massey";"23bdc81b-896e-4d84-a507-a58d93f51cce";"6e635f0a-1702-440e-b1f9-b8d60b47c488";"a234eed2-c9be-489a-9c6b-4081adb0e1af";"6e635f0a-1702-440e-b1f9-b8d60b47c488"
"b_autre_equipe_servie";"9f58771c-aae6-4c9c-9829-fcabcfb140a1";"home";"33965afc-7ced-4802-8006-065d7167824f";"Soccer J F D4 Niveau 2";"St-Marc";"St-Marc";"662bce4c-d6ff-4221-a1e9-00e88bc53a8b";"24064fca-97a5-430e-8a2f-0a456ba8cfab";"e1ba37c4-c7b3-42ec-9441-32c137786b4f";"24064fca-97a5-430e-8a2f-0a456ba8cfab"
"b_autre_equipe_servie";"9f96718a-afaf-47c8-b17f-31f7295b7276";"home";"2361f24e-8760-4d4e-8d97-d98cce500a45";"Flag football J F D4 Niveau 2 Printemps";"Henri-Dunant";"Henri-Dunant";"560c3cd7-ae6a-4bde-a20b-8ed73262097f";"5514e385-5703-41b9-b568-4e2c49051a34";"599f73f5-c6c1-412f-9d6a-3770b5502b06";"5514e385-5703-41b9-b568-4e2c49051a34"
"b_autre_equipe_servie";"9f9a4165-ba53-4493-9373-3ca9b3f437bf";"home";"dc4d5295-2d6d-421e-808b-5d68ab3a865d";"Flag football C M D3";"Érablière";"Érablière";"4fb39697-c93d-4515-ae3b-4eff4f97c4e6";"7abcfd74-cfdb-4367-9aa9-55f470356830";"7847ba1a-3820-411d-9d20-3b3cfd2745aa";"7abcfd74-cfdb-4367-9aa9-55f470356830"
"b_autre_equipe_servie";"9f9a4165-ba53-4493-9373-3ca9b3f437bf";"visitor";"dc4d5295-2d6d-421e-808b-5d68ab3a865d";"Flag football C M D3";"D'Arcy McGee";"D'Arcy McGee";"3df7cc0b-59f6-42f0-89c9-d2000e62980a";"37f82d0a-778b-4185-8aea-a43a8d233858";"74c0f897-74d9-4004-a0a1-59f94728fae3";"37f82d0a-778b-4185-8aea-a43a8d233858"
"b_autre_equipe_servie";"9fb8ae3f-04e9-4a10-af66-93f1d632d5ac";"visitor";"d20ee137-3e13-4893-af93-8074f5293bbd";"Soccer C Garçons D3 A";"Loyola";"Loyola";"3a2c0cec-ba6e-4068-975d-59895d2798a4";"1945d4bf-bd04-46cb-8b28-ecc70b29e924";"4b25f1ee-34f7-4cd5-896f-055a2f426a97";"1945d4bf-bd04-46cb-8b28-ecc70b29e924"
"b_autre_equipe_servie";"a02640b0-26ac-4db3-a90d-4f63e918c67e";"home";"001b5fdd-8577-42b2-8657-15b65511cf74";"Football B U D3 9 vs 9";"Cité étudiante Haute-Gatineau";"Cité étudiante Haute-Gatineau";"5c639737-3fa2-4463-acd4-5f0bb22001d5";"6016e2a2-acc9-494d-a292-daa805a89ef1";"fcb4f994-62a1-42b5-ab35-c0c4622777d4";"6016e2a2-acc9-494d-a292-daa805a89ef1"
"b_autre_equipe_servie";"a02640b0-26ac-4db3-a90d-4f63e918c67e";"visitor";"001b5fdd-8577-42b2-8657-15b65511cf74";"Football B U D3 9 vs 9";"Hormisdas-Gamelin";"Hormisdas-Gamelin";"4f4e5c3e-4da0-4add-a098-7c1cc10c4122";"82674dc5-eb09-4eb0-bd7b-6af9d1823629";"dc5202f4-8d52-43c9-a661-3183075bf657";"82674dc5-eb09-4eb0-bd7b-6af9d1823629"
"b_autre_equipe_servie";"a0415e43-af81-4d70-b01f-f3d1f196b009";"home";"3171ad15-858b-464f-9c67-66ca7e44eab4";"Soccer J M D4 Niveau 2";"Louis-Jobin";"Louis-Jobin";"df631f47-7d86-4814-8a93-8394b341a8f3";"61a63aeb-b7c5-4e0f-8eba-79649148dfbf";"90da7b99-cc36-4cc9-88f1-579731f84a65";"61a63aeb-b7c5-4e0f-8eba-79649148dfbf"
"b_autre_equipe_servie";"a04e06ea-0cb3-43bf-b6dd-2aad949e1518";"home";"a17737b0-7ad4-4f16-ac36-5932119f07f2";"Volleyball J Filles D3 B";"Vincent Massey";"Vincent Massey";"61ae54c9-926c-4590-9b56-8f0d2624f05d";"35dd97ed-493b-4b1b-af7b-0a6be4d7b7ab";"ffae5407-e3df-4d29-bf55-f7976dd39cc7";"35dd97ed-493b-4b1b-af7b-0a6be4d7b7ab"
"b_autre_equipe_servie";"a0e92ebf-b7e4-4a3f-ba38-f26027e1cc09";"visitor";"d9245dd1-ed0e-4cd5-b825-15360559f974";"Volleyball B Garçons D3 B";"Collège Notre-Dame";"Collège Notre-Dame";"aaa6ba91-8840-4726-81fc-2cbfe9df2379";"dbb0de18-c040-4d86-a0c7-7f85e0ca6eef";"6b4eb500-abcc-4655-8e71-cbfc8f9f1bd9";"dbb0de18-c040-4d86-a0c7-7f85e0ca6eef"
"b_autre_equipe_servie";"a129915b-6a9d-419f-a9ae-05e835c64114";"home";"64549523-7ea2-45be-8953-5bb7ff0bfffb";"Flag football C M D4";"Les Seigneuries";"Les Seigneuries";"ee96df69-70e4-437d-abcc-cbc38e2c8266";"d9fd05f3-aaa7-4c3a-85b8-e9ca0c1b32cc";"8ae637de-dfb1-4580-a462-f8c00bd88fbc";"d9fd05f3-aaa7-4c3a-85b8-e9ca0c1b32cc"
"b_autre_equipe_servie";"a1647012-9d31-4c5f-bce4-284d1b843dc3";"home";"d5ff5753-6887-40e1-ad26-fc3271476b1c";"Flag football C F D3";"Les Estacades";"Les Estacades";"e8695dd7-dc30-4704-9683-162383b62317";"121fae32-ff6a-4238-8a3d-1cf2d33b258c";"90df9427-f91a-4497-adf9-df1a900d40d5";"121fae32-ff6a-4238-8a3d-1cf2d33b258c"
"b_autre_equipe_servie";"a1647012-9d31-4c5f-bce4-284d1b843dc3";"visitor";"d5ff5753-6887-40e1-ad26-fc3271476b1c";"Flag football C F D3";"Keranna";"Keranna";"64ee8121-29e1-4b74-80b6-28eb7e980dd5";"f9d1057a-08b8-4c87-b074-9379a8de248a";"51825efe-6158-463f-910a-733c1b16cbe7";"f9d1057a-08b8-4c87-b074-9379a8de248a"
"b_autre_equipe_servie";"a1eb8848-892f-4f1f-8587-ef0e5f110d1f";"visitor";"090a4608-66d6-4fc5-902b-66fd6c74fc73";"Volleyball J Filles D3 B";"Collège Notre-Dame";"Collège Notre-Dame";"340e1e9c-592a-463e-915d-fc44c2edf786";"8696dcb4-9c7d-4a8d-8c6e-b2b5fce72fd8";"aeb7b60a-ad42-4a0a-a30e-f1a297263d23";"8696dcb4-9c7d-4a8d-8c6e-b2b5fce72fd8"
"b_autre_equipe_servie";"a216c2b9-6402-4516-948b-fe66da458337";"visitor";"12a14b25-82ef-460c-85c9-d8e09c75a323";"Soccer C Garçons D3 A";"Collège Jean-de-Brébeuf";"Collège Jean-de-Brébeuf";"de0e10c3-09de-4d06-81c5-cc2c2c6dfcbc";"0b44e927-d042-4583-b6af-55176f302738";"6a3a8e8a-5e82-4dc9-aa50-66742df41010";"0b44e927-d042-4583-b6af-55176f302738"
"b_autre_equipe_servie";"a258867d-f75b-45bc-8a23-6e2b206fdd1a";"home";"1c2c6afd-9588-414e-8460-884bd829a16b";"Flag football J F D4 AUTOMNE Est";"Académie Dunton";"Académie Dunton";"5dc79710-f838-41ae-9172-e44834ab1c03";"8dcff620-53ec-4463-83f4-c6eacff3be25";"ed56fe8c-12ab-4353-bc90-f27d1962542a";"8dcff620-53ec-4463-83f4-c6eacff3be25"
"b_autre_equipe_servie";"a3543d7e-e3e9-45f4-bf58-49730975a05a";"home";"a2510fbb-e193-43a6-89a6-4f007e811b18";"Volleyball B Filles D3 B";"Vincent Massey";"Vincent Massey";"04a1a220-e9f5-4a63-b3bc-e62d22b0a912";"0cb50c40-a579-469f-abd4-ac2ce3d60d67";"2c4b35e9-c397-4764-a032-37706506c6ce";"0cb50c40-a579-469f-abd4-ac2ce3d60d67"
"b_autre_equipe_servie";"a3baeda5-a0f2-4e5a-88b2-69f55940d134";"visitor";"329e041f-2483-4d31-830a-4884bc0f5089";"Rugby J F D4";"Ozias-Leduc";"Ozias-Leduc";"7ef4a932-107a-438b-b2fd-5ddedf0cac28";"ceab6414-a407-4514-a60f-46447d52d349";"75929bcf-ff75-4d90-beba-067966ee42a6";"ceab6414-a407-4514-a60f-46447d52d349"
"b_autre_equipe_servie";"a3d08e56-8418-43b1-bc6f-c49bea7392d6";"home";"adb72b3d-e6e1-411a-a3e0-4f9edd558c3a";"Soccer B M D3";"Samuel-Champlain";"Samuel-Champlain";"1f320599-51b0-4d25-ad96-2244ec46f8c0";"70c59170-b063-4311-b5ab-70f4ee342e82";"aa0a5b89-d9aa-4be4-8906-863dad14ef19";"70c59170-b063-4311-b5ab-70f4ee342e82"
"b_autre_equipe_servie";"a3d08e56-8418-43b1-bc6f-c49bea7392d6";"visitor";"adb72b3d-e6e1-411a-a3e0-4f9edd558c3a";"Soccer B M D3";"Sém. St-François";"Sém. St-François";"4884b9d8-271b-4c8c-bbfa-f1d001503e3a";"807ae59e-77aa-4b6b-bec8-6bfcb9a9f345";"18fda611-73ef-4c03-a090-92ece48c69c0";"807ae59e-77aa-4b6b-bec8-6bfcb9a9f345"
"b_autre_equipe_servie";"a3f6e30b-26be-4fba-89b2-87dc5ba13fbb";"visitor";"581a0b7a-a970-4c12-ad58-412feb1a2d7e";"Flag football C M D4";"L'Escale";"L'Escale";"01500a13-b182-4c6d-a966-ebe03ef6bc2b";"53bd5bef-8454-4a1e-8b1d-5bcdb28ce176";"c529e448-a991-4fcc-98bd-becd1a6b7316";"53bd5bef-8454-4a1e-8b1d-5bcdb28ce176"
"b_autre_equipe_servie";"a3ff4d08-9ab4-4dc6-b577-74c8b836797a";"visitor";"008c6556-2e7c-4158-9970-2d90e9deef25";"Soccer C Garçons D4 Niveau 1 A";"St. Thomas";"St. Thomas";"225cd842-236e-4e6f-8791-7c2d3df441eb";"1a2aeadc-90d0-4b30-a839-1c7a93ec6f91";"6dd2557c-f6a9-4234-8dfd-81921b6b7f41";"1a2aeadc-90d0-4b30-a839-1c7a93ec6f91"
"b_autre_equipe_servie";"a50e2fca-f5c0-4280-a9bc-92d7e51f9ec0";"visitor";"d72057b8-c336-4d1b-8c59-8ce672f8e80a";"Soccer B Garçons D3 A";"Loyola";"Loyola";"a43970ec-24bc-4c8f-a621-c9ba57bb18b6";"f7dae16e-360c-43ef-ba53-8f6b1184af96";"cbb2fe47-9daf-4242-baba-d314eab310e8";"f7dae16e-360c-43ef-ba53-8f6b1184af96"
"b_autre_equipe_servie";"a5285478-c396-4814-9a9f-b4ae76e700bb";"home";"f8b6f077-a950-4557-8fb7-17b550a303ec";"Flag football J F D3";"Les Estacades";"Les Estacades";"82ff7714-b9e0-41f6-8bc4-afe70ff9cb02";"a9fb5ad5-e146-4af5-b7a7-5e3a05e31d97";"314fdb41-3f82-4d4f-90f6-248a584bbdbc";"a9fb5ad5-e146-4af5-b7a7-5e3a05e31d97"
"b_autre_equipe_servie";"a53aa60c-f00e-447a-a402-8f3451b01e12";"home";"164515f5-1aa4-4092-9e46-c928115ee3ab";"Flag football J F D3 AUTOMNE";"Collège Mont-St-Louis";"Collège Mont-St-Louis";"3137e064-cc69-4786-b9be-38efbd6fd77d";"89d6b494-d0e0-426b-b014-5ceec9541866";"e336e16a-7f91-480d-8fd7-c30f31a3e5ce";"89d6b494-d0e0-426b-b014-5ceec9541866"
"b_autre_equipe_servie";"a553d083-88a7-4565-a66f-86cc12a3dd09";"visitor";"f1391954-2e8d-4f5a-8aa5-43c54f7db670";"Flag football C M D4";"Le Tremplin";"Le Tremplin";"1a351f3e-a171-4200-8d6b-7f78d860189d";"b4806885-e39f-43c3-b441-b2755d7544fd";"eb067125-a9a7-4a65-a802-0ebf186b7ac6";"b4806885-e39f-43c3-b441-b2755d7544fd"
"b_autre_equipe_servie";"a59510ce-0d17-4dbd-b17b-22855a25c3e3";"visitor";"3f7a8701-0e63-45e0-8079-8e27679917f3";"Flag football C F D4 Niveau 2 Printemps Blanche";"Poly. Deux-Montagnes";"Poly. Deux-Montagnes";"44ffdced-16d2-49b2-884b-f2c698584a11";"7ecf3af6-2c62-48e5-a67b-a8b0aeacec21";"da3c67ea-cb62-475b-830a-c43ba2e20b9f";"7ecf3af6-2c62-48e5-a67b-a8b0aeacec21"
"b_autre_equipe_servie";"a636f804-a516-4e47-a2d1-4fe69cfd16b1";"visitor";"f20b8319-6ad7-459f-8fa4-5849edebc408";"Flag football J F D4 Niveau 1 Printemps Blanche";"Des Patriotes";"Des Patriotes";"9274efd7-3130-491b-8f37-680544650fc8";"8df911c0-dc7f-48f6-8b2d-b46221296a03";"5a500f5f-8d18-4880-aeab-05392b0699b8";"8df911c0-dc7f-48f6-8b2d-b46221296a03"
"b_autre_equipe_servie";"a656361d-9501-4f30-9cf3-7c5975ab2acb";"home";"2845ec8f-7f67-4f4b-a3bc-6541309dcde1";"Soccer C M D3";"Coll. Jésus-Marie de Sillery";"Coll. Jésus-Marie de Sillery";"58ab4606-8249-4282-89bf-74f31c3f8a40";"91634316-db6d-48e4-bb46-9a57272f4c0e";"137328a2-c1aa-4f69-9952-5107c5a695d8";"91634316-db6d-48e4-bb46-9a57272f4c0e"
"b_autre_equipe_servie";"a656361d-9501-4f30-9cf3-7c5975ab2acb";"visitor";"2845ec8f-7f67-4f4b-a3bc-6541309dcde1";"Soccer C M D3";"St-Ch.Garnier";"St-Ch.Garnier";"bdacde59-6442-498b-bd78-f3b5d9794760";"d5a5f0fa-09b0-4f8d-8407-1dc4999d90b4";"01072e59-bee3-4570-af4c-1e0409f3ce4a";"d5a5f0fa-09b0-4f8d-8407-1dc4999d90b4"
"b_autre_equipe_servie";"a721992b-6330-4f93-a819-5631ee3e33a0";"home";"88d20cf5-6201-4105-bf20-c8f8383da201";"Flag football B M D3 AUTOMNE";"Collège St-Jean-Vianney";"Collège St-Jean-Vianney";"5bb84857-fd94-4f99-adc5-91b4dda142bb";"c7a0d819-46af-453a-acb3-faeda1be571c";"b9dde348-6a7e-400d-8653-710516392237";"c7a0d819-46af-453a-acb3-faeda1be571c"
"b_autre_equipe_servie";"a77a8d1f-700c-4358-aa54-ecf06f99f85c";"visitor";"189d9203-7e5b-4462-b01b-064c9e7f5409";"Flag football B M D3";"Collège Reine-Marie";"Collège Reine-Marie";"20eadcaf-4913-441a-bda8-fb62ada925c6";"1d0c69c4-bfb1-45ac-90ae-ae0fcc4818c4";"36af98ef-b4b5-4453-bcad-4fae819c37f4";"1d0c69c4-bfb1-45ac-90ae-ae0fcc4818c4"
"b_autre_equipe_servie";"a7f15969-8461-46ea-9250-39ef9fd5dec7";"visitor";"e5d0f5c1-d8c3-45b8-9e19-3cf2843d359a";"Flag football C M D4";"L'Escale";"L'Escale";"01500a13-b182-4c6d-a966-ebe03ef6bc2b";"53bd5bef-8454-4a1e-8b1d-5bcdb28ce176";"c529e448-a991-4fcc-98bd-becd1a6b7316";"53bd5bef-8454-4a1e-8b1d-5bcdb28ce176"
"b_autre_equipe_servie";"a815db5a-325e-4d3f-aed7-754e57fc5706";"home";"62dabbbc-86da-4a2d-8440-85711e907a2b";"Rugby C F D4";"Louis-Philippe-Paré";"Louis-Philippe-Paré";"7eaaf529-41c4-4de4-880a-f0e4d841562e";"a9bd364c-fa1e-4db1-962a-88e99dec3b5e";"9126dac8-6056-4ea4-8675-3323ba716855";"a9bd364c-fa1e-4db1-962a-88e99dec3b5e"
"b_autre_equipe_servie";"a815db5a-325e-4d3f-aed7-754e57fc5706";"visitor";"62dabbbc-86da-4a2d-8440-85711e907a2b";"Rugby C F D4";"Saint-Joseph";"Saint-Joseph";"6a7cc135-bc23-431d-9386-748719185ebc";"7464715c-45a8-49df-a194-811ebd82b6bf";"f241ee42-83f9-4afa-b264-7a454d389ee8";"7464715c-45a8-49df-a194-811ebd82b6bf"
"b_autre_equipe_servie";"a826861c-8ed5-42fd-a83d-3ef493f8c734";"home";"784cd897-2adf-423e-b769-2c8bee3ad7aa";"Flag football J F D3";"Collège Laval";"Collège Laval";"5e7dee86-294e-4ef1-85b7-a5e29d997007";"c6f1ae19-b6e3-4400-b739-f1c5767d6fb6";"ba5842f5-e433-4682-96ed-4cc27746f6f2";"c6f1ae19-b6e3-4400-b739-f1c5767d6fb6"
"b_autre_equipe_servie";"a826861c-8ed5-42fd-a83d-3ef493f8c734";"visitor";"784cd897-2adf-423e-b769-2c8bee3ad7aa";"Flag football J F D3";"De la Croisée";"De la Croisée";"713aba27-67a8-4250-a9ba-36d6dce2f844";"238b0163-b062-43ca-a3cd-17bf253936cc";"e777a3e8-b4c1-4531-869e-d0ddca28a64c";"238b0163-b062-43ca-a3cd-17bf253936cc"
"b_autre_equipe_servie";"a8eab46e-96c2-490e-9368-2c690c566adb";"home";"7548e5c8-cf79-4dd8-8272-00af9027cfcb";"Rugby J F D4";"Collège Sainte-Anne";"Collège Sainte-Anne";"b665eb86-4ab6-4d36-a5f7-58f256e1ee32";"8089b76c-0095-4dce-bc13-43f0b65de51f";"eb986db5-f276-43ba-bc4a-a3bbcc32dd8f";"8089b76c-0095-4dce-bc13-43f0b65de51f"
"b_autre_equipe_servie";"a8eab46e-96c2-490e-9368-2c690c566adb";"visitor";"7548e5c8-cf79-4dd8-8272-00af9027cfcb";"Rugby J F D4";"Coll. Trinité";"Coll. Trinité";"6246a329-6361-495d-a79b-0429863b3953";"3513f3a9-c6c8-4a8e-ab14-98e3b1a20811";"0686efc1-92d7-4719-86f0-f350b5f8ae14";"3513f3a9-c6c8-4a8e-ab14-98e3b1a20811"
"b_autre_equipe_servie";"a8eb7337-ce30-42b8-b317-582e99af0cd5";"visitor";"0b5e15c0-6dc1-4871-9f1c-b9207c63c9f7";"Flag football J F D4 Niveau 1";"Champagnat";"Champagnat";"3559e2fe-abe2-42ca-851c-86a76b03a9ff";"55cb6875-9b41-446c-914c-50d3de95583c";"2d38ae3d-e2f2-4b82-977a-375b6440e906";"55cb6875-9b41-446c-914c-50d3de95583c"
"b_autre_equipe_servie";"a91f2d4f-5ea2-4b06-b3c5-784a97e0db3d";"home";"5f1eb7a3-4755-4276-97ed-fc5c105a03d8";"Soccer J F D3";"Acad. Saint-Louis";"Acad. Saint-Louis";"b1b00ba1-ba59-47ca-977d-94da486df8d8";"38e6ded8-385a-42fa-bcda-317121bf97f9";"a8e4e0cd-1e79-4e60-9321-f0024ad740c0";"38e6ded8-385a-42fa-bcda-317121bf97f9"
"b_autre_equipe_servie";"a91f2d4f-5ea2-4b06-b3c5-784a97e0db3d";"visitor";"5f1eb7a3-4755-4276-97ed-fc5c105a03d8";"Soccer J F D3";"Coll. Jésus-Marie de Sillery";"Coll. Jésus-Marie de Sillery";"d26aba16-5d7f-4832-ab1d-d23fdd257737";"09f3f0f7-6e80-4d38-b029-d38c0c0014f0";"0812379c-5284-4f25-a1fe-6ab32ce37986";"09f3f0f7-6e80-4d38-b029-d38c0c0014f0"
"b_autre_equipe_servie";"a9267e94-e9b5-414f-bb8a-ee99ad87fb28";"home";"5e4cc1b1-0dc6-4c60-a15b-fd50f86f0066";"Flag football B F D4 Niveau 1 Printemps Bleue";"Maréchal";"Maréchal";"99b94fd3-173a-43a6-9c4b-a3600fbe039f";"3c38c30f-cc65-436f-a84d-65b3d648ee56";"65b57f06-2be1-45e2-8280-dccd7f807872";"3c38c30f-cc65-436f-a84d-65b3d648ee56"
"b_autre_equipe_servie";"a9267e94-e9b5-414f-bb8a-ee99ad87fb28";"visitor";"5e4cc1b1-0dc6-4c60-a15b-fd50f86f0066";"Flag football B F D4 Niveau 1 Printemps Bleue";"Cap-Jeunesse";"Cap-Jeunesse";"9b13b2cf-8f31-4c50-aac5-5db4d320a5e2";"e9534fcc-742a-46dd-9873-eabaaa614303";"f1955764-b492-4ae3-a10c-ff92d41c8c68";"e9534fcc-742a-46dd-9873-eabaaa614303"
"b_autre_equipe_servie";"a936de72-60a0-4aad-9fda-6a855677a7fd";"home";"1bbd4ad3-ae30-4027-8473-826b50d09ead";"Flag football B M D3 AUTOMNE";"Collège Ville-Marie";"Collège Ville-Marie";"ad358ed9-50f2-4cf0-b6c0-cd9abf187e55";"f892a9e2-e19c-4620-94fc-e05e8f904330";"f958d15a-f2d3-4b21-94d5-6accf420b61a";"f892a9e2-e19c-4620-94fc-e05e8f904330"
"b_autre_equipe_servie";"a9a52b54-2c57-45ce-b1f3-7badd22945d4";"visitor";"b3b293f3-e33b-43bc-ba51-945b112bf906";"Flag football J F D4 Niveau 1";"La Découverte";"La Découverte";"2d36d17e-d5f7-47fd-b995-345e8b32a12b";"0fde9abe-8079-4938-96b4-6b414dcf06db";"7d0f9003-dcb6-414c-9506-a48de6c4a937";"0fde9abe-8079-4938-96b4-6b414dcf06db"
"b_autre_equipe_servie";"a9b18813-725e-4094-bd4d-f46fe979d594";"home";"f4da5539-2cfa-4b5f-80e7-136eabe3191d";"Rugby J F D4";"Ozias-Leduc";"Ozias-Leduc";"7ef4a932-107a-438b-b2fd-5ddedf0cac28";"ceab6414-a407-4514-a60f-46447d52d349";"75929bcf-ff75-4d90-beba-067966ee42a6";"ceab6414-a407-4514-a60f-46447d52d349"
"b_autre_equipe_servie";"a9b18813-725e-4094-bd4d-f46fe979d594";"visitor";"f4da5539-2cfa-4b5f-80e7-136eabe3191d";"Rugby J F D4";"Marcellin-Champagnat";"Marcellin-Champagnat";"c1dbfc29-478b-4a48-877e-6015f7b52bd1";"52149486-c23a-4412-af24-c92632b1e54a";"950da248-7ef5-4354-bbab-26eb1e37d10f";"52149486-c23a-4412-af24-c92632b1e54a"
"b_autre_equipe_servie";"a9f84130-eace-41fb-a729-811e412f11a8";"home";"b574f1f8-30d6-4e7e-afdc-6d1d9a08ad37";"Volleyball J Garçons D4 B";"Vincent Massey";"Vincent Massey";"23bdc81b-896e-4d84-a507-a58d93f51cce";"6e635f0a-1702-440e-b1f9-b8d60b47c488";"a234eed2-c9be-489a-9c6b-4081adb0e1af";"6e635f0a-1702-440e-b1f9-b8d60b47c488"
"b_autre_equipe_servie";"aa031c24-9881-40f5-952e-d74672483f2f";"visitor";"d5d2a07d-486f-4671-b664-93d3e4dff722";"Soccer B M D3";"Samuel-Champlain";"Samuel-Champlain";"1f320599-51b0-4d25-ad96-2244ec46f8c0";"70c59170-b063-4311-b5ab-70f4ee342e82";"aa0a5b89-d9aa-4be4-8906-863dad14ef19";"70c59170-b063-4311-b5ab-70f4ee342e82"
"b_autre_equipe_servie";"aa13d4f7-380c-422a-b693-b43a6aa6057a";"home";"4e2dc956-ea5a-4c7f-99fa-f2064e4e8a15";"Flag football C F D3";"Des Pionniers";"Des Pionniers";"ff21aa79-3ea4-454b-97bf-cb320cd125fc";"5bcd3141-ea4c-4f10-b813-cf7c90cc7283";"c443670f-5922-48e0-bacc-afb9f1fb6656";"5bcd3141-ea4c-4f10-b813-cf7c90cc7283"
"b_autre_equipe_servie";"aa13d4f7-380c-422a-b693-b43a6aa6057a";"visitor";"4e2dc956-ea5a-4c7f-99fa-f2064e4e8a15";"Flag football C F D3";"Keranna";"Keranna";"64ee8121-29e1-4b74-80b6-28eb7e980dd5";"f9d1057a-08b8-4c87-b074-9379a8de248a";"51825efe-6158-463f-910a-733c1b16cbe7";"f9d1057a-08b8-4c87-b074-9379a8de248a"
"b_autre_equipe_servie";"aa27fbd6-55df-4af7-ad20-da7dd8afec75";"visitor";"332bb0df-6df6-4bd7-be16-9af3db8035a3";"Flag football J F D4 Niveau 2 Printemps";"Henri-Dunant";"Henri-Dunant";"560c3cd7-ae6a-4bde-a20b-8ed73262097f";"5514e385-5703-41b9-b568-4e2c49051a34";"599f73f5-c6c1-412f-9d6a-3770b5502b06";"5514e385-5703-41b9-b568-4e2c49051a34"
"b_autre_equipe_servie";"aa3973fe-7b05-49e8-af03-359dabb206d0";"home";"9e921e0a-3040-4421-b573-c18d8b56a40d";"Flag football C F D4 Niveau 1 Printemps Noire";"Antoine-Manseau";"Antoine-Manseau";"bfe30218-1e3f-4033-bac0-8894d692d4e5";"a92c5a4e-b2e3-42a8-b384-bad6b6d11f36";"0781aee3-3abf-4383-8be8-2e64da510655";"a92c5a4e-b2e3-42a8-b384-bad6b6d11f36"
"b_autre_equipe_servie";"aa46c8d2-cdb9-4b7b-b718-8a6ce8e1de55";"home";"bff81916-8310-4d46-8cc8-60856415d20f";"Soccer B Garçons D3 A";"St. Thomas";"St. Thomas";"62c72c2a-ee52-4ba9-b1a4-c4e18bad43b6";"b86fcec9-2409-4899-955d-453d4eb5ee21";"54d8de2e-fb28-46a2-9680-cab4a17159cc";"b86fcec9-2409-4899-955d-453d4eb5ee21"
"b_autre_equipe_servie";"aa792ca8-1b7e-4500-b11a-4af18efecc55";"home";"31771925-e2b3-405a-aac9-d29108658aca";"Volleyball B Filles D3 B";"Vincent Massey";"Vincent Massey";"04a1a220-e9f5-4a63-b3bc-e62d22b0a912";"0cb50c40-a579-469f-abd4-ac2ce3d60d67";"2c4b35e9-c397-4764-a032-37706506c6ce";"0cb50c40-a579-469f-abd4-ac2ce3d60d67"
"b_autre_equipe_servie";"aab7ff5b-9399-4880-ab1a-4ae84f0e5e37";"home";"fa0fe96b-d00c-4af0-b805-8aa1309fbdb9";"Flag football C M D3";"Collège St-Jean-Vianney";"Collège St-Jean-Vianney";"30f7d148-24d6-4d48-920d-da55128051bf";"6806bef5-c01c-4b16-992f-cc0bf74bb04b";"cba3c9b3-4223-4e38-aa19-92e9942e2268";"6806bef5-c01c-4b16-992f-cc0bf74bb04b"
"b_autre_equipe_servie";"aab7ff5b-9399-4880-ab1a-4ae84f0e5e37";"visitor";"fa0fe96b-d00c-4af0-b805-8aa1309fbdb9";"Flag football C M D3";"Collège Mont-St-Louis";"Collège Mont-St-Louis";"016073a6-aa19-4f89-8cd8-eaa776f45147";"ada720bc-1dd4-49c8-b5cb-60715f7a5e36";"3bb264fd-cede-4eea-ab1a-97149688f61e";"ada720bc-1dd4-49c8-b5cb-60715f7a5e36"
"b_autre_equipe_servie";"ab291c67-d5bc-4168-979b-51d3e14e718a";"home";"1a58b25c-3806-44d7-ab59-3e4194b4440d";"Volleyball C Filles D3 B";"Loyola";"Loyola";"e725e9c1-f50c-4c16-8c9f-6d2da76f22fe";"2e1510cb-e48c-46b3-8d98-e007aa3fc848";"eda3b035-b965-4606-a704-f36f2afb1b35";"2e1510cb-e48c-46b3-8d98-e007aa3fc848"
"b_autre_equipe_servie";"ab694c1e-6cde-4f45-84ab-fcba3935a0f4";"home";"b4410758-328e-4231-930a-ab24672b1455";"Flag football B F D3";"Curé-Antoine-Labelle";"Curé-Antoine-Labelle";"fdb5bcc1-1659-455a-9604-b8b32fefc1a3";"cd0a4f18-f80f-4de6-9e41-a531c761a2ae";"e8eae32e-2ce1-4bea-b15a-3b3aecc6a6cf";"cd0a4f18-f80f-4de6-9e41-a531c761a2ae"
"b_autre_equipe_servie";"ac37bc1f-7dd5-49df-b67d-7d2b76080ed8";"home";"8bad361a-0c47-49f7-88ae-1e3072450e1d";"Flag football J M D3";"Collège Mont-St-Louis";"Collège Mont-St-Louis";"7f8dc406-ada5-4702-baec-283b7123abcb";"68688c39-470a-4717-80c2-f049d9b214ba";"3862c17c-0d53-4661-a479-f6919183a412";"68688c39-470a-4717-80c2-f049d9b214ba"
"b_autre_equipe_servie";"acb5528f-393c-4260-966c-ce68473b57b5";"visitor";"29c454f7-f9a9-4021-93ba-e06ed7edfd40";"Rugby J F D3";"Pontiac";"Pontiac";"a8ae97c2-a677-451c-ab20-044722830f1b";"c6a9fa3a-c94f-4a9a-954d-068b3d64e36e";"14abf13f-a35f-44af-85ab-27bf377df80c";"c6a9fa3a-c94f-4a9a-954d-068b3d64e36e"
"b_autre_equipe_servie";"acd7afd3-be42-4b64-a710-eb610aaeb830";"visitor";"59154a4a-e327-47b3-88a6-47178bd6b168";"Flag football J M D4 Niveau 2 SECTION 2";"ÉS Marguerite-De Lajemmerais";"ÉS Marguerite-De Lajemmerais";"89c5c17c-e806-41c9-88c6-c2568977a640";"df139f3a-4155-4480-95bc-b2880b899120";"4036c6c0-7c89-4ae3-92ca-ff09f97eecc4";"df139f3a-4155-4480-95bc-b2880b899120"
"b_autre_equipe_servie";"acf2b8e6-84f2-4cf7-9925-47420a26e1ed";"home";"65cb3e1e-16c5-4bd0-8e1c-cb925e97d10f";"Flag football J F D4 Niveau 2";"Keranna";"Keranna";"fe618731-fb76-403b-a160-eac9a75825f1";"3fb96c84-8649-4be4-a75b-feb9e791c399";"a2c44904-c8e2-47b6-aa8d-af1de83fddd1";"3fb96c84-8649-4be4-a75b-feb9e791c399"
"b_autre_equipe_servie";"acf2b8e6-84f2-4cf7-9925-47420a26e1ed";"visitor";"65cb3e1e-16c5-4bd0-8e1c-cb925e97d10f";"Flag football J F D4 Niveau 2";"Les Seigneuries";"Les Seigneuries";"3d8f3e17-67d7-4b67-90fb-4f6b303c5135";"84e9deb5-de91-40f5-b8c8-44eaf2fe6e53";"d31cbb64-fa7d-4169-a8dd-f3979dbee616";"84e9deb5-de91-40f5-b8c8-44eaf2fe6e53"
"b_autre_equipe_servie";"ad112510-e12d-47e3-88cb-3bd98d5b4a46";"home";"229e9181-3ada-4320-be73-872e2375d23b";"Flag football C M D3";"Collège Reine-Marie";"Collège Reine-Marie";"3b213a03-c477-40c6-8eec-c512cd2c2094";"540f4ea6-00c9-4c48-88de-0108a93a76cc";"9c102b7b-15d9-407f-98d6-3ee73d29ab5a";"540f4ea6-00c9-4c48-88de-0108a93a76cc"
"b_autre_equipe_servie";"ad112510-e12d-47e3-88cb-3bd98d5b4a46";"visitor";"229e9181-3ada-4320-be73-872e2375d23b";"Flag football C M D3";"Collège St-Jean-Vianney";"Collège St-Jean-Vianney";"30f7d148-24d6-4d48-920d-da55128051bf";"6806bef5-c01c-4b16-992f-cc0bf74bb04b";"cba3c9b3-4223-4e38-aa19-92e9942e2268";"6806bef5-c01c-4b16-992f-cc0bf74bb04b"
"b_autre_equipe_servie";"ad2f81d6-819a-4948-88cb-2dbd88674708";"home";"b7ee1673-c104-4604-b23d-09044e56b2b2";"Rugby J F D4";"Louis-Philippe-Paré";"Louis-Philippe-Paré";"387ce7de-f19b-44b7-8ce5-39a08d414327";"1cb260ec-3ae9-4ff4-99cf-c58c2a9fbb4a";"12665e0c-61e5-4d08-bc20-0e5cf8c33736";"1cb260ec-3ae9-4ff4-99cf-c58c2a9fbb4a"
"b_autre_equipe_servie";"ad2f81d6-819a-4948-88cb-2dbd88674708";"visitor";"b7ee1673-c104-4604-b23d-09044e56b2b2";"Rugby J F D4";"Marcellin-Champagnat";"Marcellin-Champagnat";"c1dbfc29-478b-4a48-877e-6015f7b52bd1";"52149486-c23a-4412-af24-c92632b1e54a";"950da248-7ef5-4354-bbab-26eb1e37d10f";"52149486-c23a-4412-af24-c92632b1e54a"
"b_autre_equipe_servie";"ad7eefad-db35-42cc-b297-f1d30893f44f";"visitor";"cef06d60-7ec3-434b-8f53-8d8d02ee23b8";"Flag football J F D3";"Letendre";"Letendre";"f7bb60ef-d707-4be0-91cd-5aeb72f01159";"9dc3fff7-feea-45bf-b4e9-275be3464259";"a9d2827e-8a68-4253-bc45-2f0cab85ba99";"9dc3fff7-feea-45bf-b4e9-275be3464259"
"b_autre_equipe_servie";"adf12766-5bba-4391-9dc4-edc31dfcf9b4";"visitor";"d1e2d595-4c55-40d4-b192-79adedde71d4";"Flag football B F D4 Niveau 2 Printemps Noire";"Amitié";"Amitié";"ff2f31f7-6794-4d33-a1a1-b33f757c2094";"031b6af5-9f8e-472b-a7a2-e599992fefc0";"6fcdc16f-a623-45c0-9e64-fdfe47fc7fce";"031b6af5-9f8e-472b-a7a2-e599992fefc0"
"b_autre_equipe_servie";"ae099c73-cdb5-4e17-8623-ec81ebd3aeb2";"home";"8e063601-b470-429c-9c65-585a00d21865";"Flag football J F D4 Niveau 1 Printemps Blanche";"Académie Ste-Thérèse";"Académie Ste-Thérèse";"7094824e-81d6-4bdb-aec2-f53eed1b86bd";"2ca64219-3aea-4ae5-8b29-07aa982bec41";"e09dcbb4-6ff4-47d2-8542-8040cd37b77b";"2ca64219-3aea-4ae5-8b29-07aa982bec41"
"b_autre_equipe_servie";"ae294a1b-5e57-492f-9ff1-6b573164121b";"home";"0dde7087-8929-4037-abab-dda98a6eada9";"Rugby J F D4";"Cité-des-Jeunes";"Cité-des-Jeunes";"02c60b9a-fd03-4a97-a42e-93671e5a1095";"1406338c-e857-49f7-bdf2-6c489c0d9fbf";"e2396918-2ccc-48e3-bc81-bcade52e58e7";"1406338c-e857-49f7-bdf2-6c489c0d9fbf"
"b_autre_equipe_servie";"ae776306-69b3-4af8-bee6-3dbaf28d6473";"home";"5b622ffc-860c-4073-8f66-d2e3ffc7569a";"Flag football J F D4 Niveau 2";"Le Tremplin";"Le Tremplin";"f2d48f42-2df5-4efa-aed9-7d95cc43a6f3";"ce97c7bd-9952-42f5-bce5-c936984466a7";"2b7f3e45-53ca-4de4-8d21-9d6f8aa64ece";"ce97c7bd-9952-42f5-bce5-c936984466a7"
"b_autre_equipe_servie";"ae776306-69b3-4af8-bee6-3dbaf28d6473";"visitor";"5b622ffc-860c-4073-8f66-d2e3ffc7569a";"Flag football J F D4 Niveau 2";"Des Pionniers";"Des Pionniers";"06e7274f-9d23-4d48-87ea-2123b537ff6c";"eca74e7a-6b9f-4d09-b691-fdfdd973336a";"840c291e-92e1-4927-9539-a909143c2915";"eca74e7a-6b9f-4d09-b691-fdfdd973336a"
"b_autre_equipe_servie";"aeccb6b7-7e23-43ba-88a0-fd246d1b9cf4";"home";"3ab985d4-d38d-4660-8153-b62dace81646";"Flag football B F D3";"Collège Notre-Dame";"Collège Notre-Dame";"5a3db3ba-d32d-47fb-928a-de1f6910f51d";"2fb0c17b-9a09-4294-8511-1de6b8a82163";"d91cc894-9c54-443f-baf4-491cee77e80f";"2fb0c17b-9a09-4294-8511-1de6b8a82163"
"b_autre_equipe_servie";"aeccb6b7-7e23-43ba-88a0-fd246d1b9cf4";"visitor";"3ab985d4-d38d-4660-8153-b62dace81646";"Flag football B F D3";"Collège St-Jean-Vianney";"Collège St-Jean-Vianney";"11f06eff-610a-4372-b4b7-73900256266d";"07f2e407-d6c9-4b71-a872-11e20a824ba3";"e1953a0f-d02f-47e1-bd1b-49e270431959";"07f2e407-d6c9-4b71-a872-11e20a824ba3"
"b_autre_equipe_servie";"aed2c9e8-c414-4fb0-a1a0-0097c0f95fb5";"visitor";"7df220ad-4795-4ac2-8a15-2850e7e68c42";"Flag football C M D3";"Keranna";"Keranna";"8e4c4a18-20a4-434b-873b-5a57894acc16";"48bd2869-cbbd-44e7-b505-15264e6b359a";"92b7dded-5766-468d-a09f-f78ca4db7422";"48bd2869-cbbd-44e7-b505-15264e6b359a"
"b_autre_equipe_servie";"af0f8a81-8cac-4d91-a70d-2f00db55e142";"home";"2cea2bbb-b5cf-410c-8c36-b4a03b782d6a";"Flag football J F D3";"Keranna";"Keranna";"0e6c2bb5-4044-4bff-a922-0fc57bcfb1c1";"c602e2a7-7bc1-42ab-b810-03046bc4fde0";"f266dcd6-fa98-44c7-a0e6-d2fd4af4c461";"c602e2a7-7bc1-42ab-b810-03046bc4fde0"
"b_autre_equipe_servie";"afa9d770-93a0-4d13-8310-aac464343c6e";"home";"0751c89f-5780-460d-a938-493d7ea9130f";"Soccer B Garçons D3 A";"Loyola";"Loyola";"a43970ec-24bc-4c8f-a621-c9ba57bb18b6";"f7dae16e-360c-43ef-ba53-8f6b1184af96";"cbb2fe47-9daf-4242-baba-d314eab310e8";"f7dae16e-360c-43ef-ba53-8f6b1184af96"
"b_autre_equipe_servie";"b008dc84-31ad-45aa-a80b-9f5c802c6759";"home";"42f37697-9dd4-4c5e-af01-f08914cb210b";"Flag football C F D3";"Les Estacades";"Les Estacades";"e8695dd7-dc30-4704-9683-162383b62317";"121fae32-ff6a-4238-8a3d-1cf2d33b258c";"90df9427-f91a-4497-adf9-df1a900d40d5";"121fae32-ff6a-4238-8a3d-1cf2d33b258c"
"b_autre_equipe_servie";"b02c1f3d-fd49-4bdc-af91-6595bb9b0cd7";"home";"a6e9eb3b-ce84-4b9c-8b48-473538c848c4";"Soccer B M D3";"Acad. Saint-Louis";"Acad. Saint-Louis";"fa3b684f-0a82-4084-a13d-9cf558127c50";"c0637643-0fe8-40d7-b8eb-deb4616705e5";"0f19d38a-b5c2-4910-9cf9-fc10499ceca4";"c0637643-0fe8-40d7-b8eb-deb4616705e5"
"b_autre_equipe_servie";"b02c1f3d-fd49-4bdc-af91-6595bb9b0cd7";"visitor";"a6e9eb3b-ce84-4b9c-8b48-473538c848c4";"Soccer B M D3";"Sém. St-François";"Sém. St-François";"4884b9d8-271b-4c8c-bbfa-f1d001503e3a";"807ae59e-77aa-4b6b-bec8-6bfcb9a9f345";"18fda611-73ef-4c03-a090-92ece48c69c0";"807ae59e-77aa-4b6b-bec8-6bfcb9a9f345"
"b_autre_equipe_servie";"b1775858-eb83-4fdd-8704-f91da01c3078";"visitor";"2ce01d74-0db7-47c1-8e77-5802298eb3d9";"Volleyball C Filles D4 Niveau 1 A";"Position 2-A-STT";"St. Thomas";"b35f766c-78ab-482a-9aee-e0a62235e41c";"edceb2bd-43e5-4ab6-8582-61cd932c6df0";"71d19fd0-8d99-4efe-907b-ea1e9f749b62";"edceb2bd-43e5-4ab6-8582-61cd932c6df0"
"b_autre_equipe_servie";"b1bc185c-ffbb-4026-85f2-260e7ca633bd";"home";"8cb325cf-1ae6-491d-841d-fb6b547b6343";"Flag football C F D3";"Les Estacades";"Les Estacades";"e8695dd7-dc30-4704-9683-162383b62317";"121fae32-ff6a-4238-8a3d-1cf2d33b258c";"90df9427-f91a-4497-adf9-df1a900d40d5";"121fae32-ff6a-4238-8a3d-1cf2d33b258c"
"b_autre_equipe_servie";"b1bc185c-ffbb-4026-85f2-260e7ca633bd";"visitor";"8cb325cf-1ae6-491d-841d-fb6b547b6343";"Flag football C F D3";"Des Pionniers";"Des Pionniers";"ff21aa79-3ea4-454b-97bf-cb320cd125fc";"5bcd3141-ea4c-4f10-b813-cf7c90cc7283";"c443670f-5922-48e0-bacc-afb9f1fb6656";"5bcd3141-ea4c-4f10-b813-cf7c90cc7283"
"b_autre_equipe_servie";"b1c3ea53-9e60-48f5-93b7-5148b2e6baa5";"home";"c2ea6d49-005f-43f6-9b59-cd95c3593dab";"Soccer B F D4";"Coll. Jésus-Marie de Sillery";"Coll. Jésus-Marie de Sillery";"fb865b9d-09b5-4600-8de9-2308bcabddb6";"7f60f746-0b5f-4f14-a4e6-8626187f8233";"46f415d9-6238-431c-81d5-93288ab6dec7";"7f60f746-0b5f-4f14-a4e6-8626187f8233"
"b_autre_equipe_servie";"b1c48892-d65d-4838-92fa-24cd9b15a0cd";"home";"2c5f34ac-148d-4690-9a74-67ce5956a52d";"Soccer C M D3";"St-Ch.Garnier";"St-Ch.Garnier";"bdacde59-6442-498b-bd78-f3b5d9794760";"d5a5f0fa-09b0-4f8d-8407-1dc4999d90b4";"01072e59-bee3-4570-af4c-1e0409f3ce4a";"d5a5f0fa-09b0-4f8d-8407-1dc4999d90b4"
"b_autre_equipe_servie";"b1c48892-d65d-4838-92fa-24cd9b15a0cd";"visitor";"2c5f34ac-148d-4690-9a74-67ce5956a52d";"Soccer C M D3";"Coll. des Compagnons";"Coll. des Compagnons";"3dc8c9ac-1de6-4418-8a4d-662471c42efe";"fd0dd869-d8d6-4b6a-9554-38d34f31fad2";"e898d8d7-6d74-4ba0-89cf-c714822388ab";"fd0dd869-d8d6-4b6a-9554-38d34f31fad2"
"b_autre_equipe_servie";"b1d4f75e-cce4-48b2-b077-bf6a2ca9e192";"visitor";"d4986c80-c9e6-4082-a835-e8bf7d205e02";"Soccer C Garçons D3 A";"Loyola";"Loyola";"3a2c0cec-ba6e-4068-975d-59895d2798a4";"1945d4bf-bd04-46cb-8b28-ecc70b29e924";"4b25f1ee-34f7-4cd5-896f-055a2f426a97";"1945d4bf-bd04-46cb-8b28-ecc70b29e924"
"b_autre_equipe_servie";"b2495424-6f1f-4887-aff9-edba57666f5d";"home";"ef1738cf-4248-4399-822f-cb92d0d4df1d";"Flag football C M D3";"Keranna";"Keranna";"8e4c4a18-20a4-434b-873b-5a57894acc16";"48bd2869-cbbd-44e7-b505-15264e6b359a";"92b7dded-5766-468d-a09f-f78ca4db7422";"48bd2869-cbbd-44e7-b505-15264e6b359a"
"b_autre_equipe_servie";"b3c55eb1-5e66-46ef-a6cc-34d9b2576457";"home";"aad63dec-5e00-493d-a10e-08b791e18f97";"Flag football B F D3";"Collège Laval";"Collège Laval";"80538262-7b15-4ff5-9b73-a5b24ec25183";"9e17cfb8-3d75-40c0-b7eb-7c108e115244";"c83aa582-e3ad-4444-80ce-ded3386a4b47";"9e17cfb8-3d75-40c0-b7eb-7c108e115244"
"b_autre_equipe_servie";"b4334c30-27df-4d98-b641-232be003a02f";"home";"c7277a75-c191-43de-989d-79c4b0034001";"Flag football C F D4 Niveau 1 Automne Noire";"Thérèse-Martin";"Thérèse-Martin";"539f3f92-e1b2-4c2f-b8c7-0305f27280ab";"bc0d4aba-ce7c-4ccd-833e-7a6457b9abb1";"f5347bb5-d398-4c01-a0d5-62a7c94979c8";"bc0d4aba-ce7c-4ccd-833e-7a6457b9abb1"
"b_autre_equipe_servie";"b45d06ce-ee6b-42e8-904c-38dd4d24982e";"visitor";"5901fb4f-7e4a-41f3-8748-f7db467b0636";"Rugby J F D4";"Marcellin-Champagnat";"Marcellin-Champagnat";"c1dbfc29-478b-4a48-877e-6015f7b52bd1";"52149486-c23a-4412-af24-c92632b1e54a";"950da248-7ef5-4354-bbab-26eb1e37d10f";"52149486-c23a-4412-af24-c92632b1e54a"
"b_autre_equipe_servie";"b4a0e2ff-1c02-4240-854d-3b032eda5ced";"visitor";"04911b1b-ee5a-407b-a66c-32d71ef31235";"Flag football C M D4";"La Découverte";"La Découverte";"03447e48-a804-49e0-b2b9-d82e928ab996";"6befc759-5ec1-4b59-a105-3e8d706ddc34";"5bfaa963-9f5b-4869-b85c-24d4e65de989";"6befc759-5ec1-4b59-a105-3e8d706ddc34"
"b_autre_equipe_servie";"b4a35339-4ac8-47e5-851a-189dc9d37972";"home";"0d78002e-99df-4f43-acfd-763454747512";"Rugby J F D4";"Marcellin-Champagnat";"Marcellin-Champagnat";"c1dbfc29-478b-4a48-877e-6015f7b52bd1";"52149486-c23a-4412-af24-c92632b1e54a";"950da248-7ef5-4354-bbab-26eb1e37d10f";"52149486-c23a-4412-af24-c92632b1e54a"
"b_autre_equipe_servie";"b4a35339-4ac8-47e5-851a-189dc9d37972";"visitor";"0d78002e-99df-4f43-acfd-763454747512";"Rugby J F D4";"Collège Sainte-Anne";"Collège Sainte-Anne";"b665eb86-4ab6-4d36-a5f7-58f256e1ee32";"8089b76c-0095-4dce-bc13-43f0b65de51f";"eb986db5-f276-43ba-bc4a-a3bbcc32dd8f";"8089b76c-0095-4dce-bc13-43f0b65de51f"
"b_autre_equipe_servie";"b4ba11bb-e380-40ab-a137-289df2b5f810";"home";"828dba9b-1c75-438d-9fd6-b184dcccffec";"Flag football J F D4 Niveau 2";"Val-Mauricie";"Val-Mauricie";"5649dccc-5ba7-4032-bdc0-1f09da83aa8c";"79162e04-d6ea-4f8e-9b8b-a9249a7a8e87";"ec6f3b9f-0940-48c8-9685-9ea39fd265fb";"79162e04-d6ea-4f8e-9b8b-a9249a7a8e87"
"b_autre_equipe_servie";"b4f8a40e-b09a-4164-bb72-cf35cf859d8b";"home";"ecd4e729-dd78-4158-980d-d3fff0d5ef64";"Flag football J F D4 Niveau 1";"Paul-Le Jeune";"Paul-Le Jeune";"f5cf64b7-310a-4c07-a18d-e346c4f1717a";"8167fe7b-01fc-47d9-b77f-97c5d58d0705";"2ad4a7aa-ca9c-4490-934b-03c21b0cac95";"8167fe7b-01fc-47d9-b77f-97c5d58d0705"
"b_autre_equipe_servie";"b4fa3955-6e48-4501-b7cd-11106a06c143";"visitor";"bf7c8890-fc63-4f23-b00d-3da0a7a0532c";"Flag football C F D3";"Les Estacades";"Les Estacades";"e8695dd7-dc30-4704-9683-162383b62317";"121fae32-ff6a-4238-8a3d-1cf2d33b258c";"90df9427-f91a-4497-adf9-df1a900d40d5";"121fae32-ff6a-4238-8a3d-1cf2d33b258c"
"b_autre_equipe_servie";"b50fbcc3-e28e-495c-a543-577f2de43d64";"home";"936cebf4-b1ce-4b8d-82c3-5afe453a961b";"Volleyball B Filles D3 B";"Vincent Massey";"Vincent Massey";"04a1a220-e9f5-4a63-b3bc-e62d22b0a912";"0cb50c40-a579-469f-abd4-ac2ce3d60d67";"2c4b35e9-c397-4764-a032-37706506c6ce";"0cb50c40-a579-469f-abd4-ac2ce3d60d67"
"b_autre_equipe_servie";"b517a3ea-0ec4-4b74-968d-0d78cacc8372";"home";"5038ad91-0112-4061-9a23-a30e8043b7f8";"Soccer B F D4";"Coll. Jésus-Marie de Sillery";"Coll. Jésus-Marie de Sillery";"fb865b9d-09b5-4600-8de9-2308bcabddb6";"7f60f746-0b5f-4f14-a4e6-8626187f8233";"46f415d9-6238-431c-81d5-93288ab6dec7";"7f60f746-0b5f-4f14-a4e6-8626187f8233"
"b_autre_equipe_servie";"b517a3ea-0ec4-4b74-968d-0d78cacc8372";"visitor";"5038ad91-0112-4061-9a23-a30e8043b7f8";"Soccer B F D4";"Benoit-Vachon";"Benoit-Vachon";"18a03a58-c486-4cf7-8113-e18caa2957c8";"679428eb-e803-4aca-b482-671d21c4820d";"e32cff2a-3e6e-4e84-b95f-266d15136adc";"679428eb-e803-4aca-b482-671d21c4820d"
"b_autre_equipe_servie";"b54f1056-efff-4d2a-92a4-c93552a2b0ef";"visitor";"3231a28c-09d8-4f44-9162-6281f80a5d98";"Flag football J Garçons D3 Fall B";"St. Thomas";"St. Thomas";"10031fbc-739d-47f5-a8bf-30ae4822c5cf";"7eb78569-f713-45dd-be90-325aa31e4fdb";"0f464fed-4180-420c-865c-a10acb99e18f";"7eb78569-f713-45dd-be90-325aa31e4fdb"
"b_autre_equipe_servie";"b55b896e-5b36-458d-b9af-9fe657e8267d";"home";"f2efc527-6c2c-4e36-bbc4-366de195e7b5";"Flag football J M D3";"Collège St-Jean-Vianney";"Collège St-Jean-Vianney";"77b09d75-350c-45aa-9b0f-7b8be7193c7d";"aa80b959-a4cd-4f1d-9d63-aa0fcc39beef";"35df4f7a-344f-430e-b40f-cbff6a23bce1";"aa80b959-a4cd-4f1d-9d63-aa0fcc39beef"
"b_autre_equipe_servie";"b56efd73-a70a-4543-af8d-8992fa70d7e0";"home";"b789e576-5b1d-4329-97fe-ab104ecdf3e2";"Volleyball C Garçons D3";"Position 1-LOY";"Loyola";"b313784c-ba77-4c54-af66-8b2cf916473c";"149a1cec-b797-4551-854a-d6fa0ab35979";"89d68e71-0f2c-4754-bf54-d5201d785aa4";"149a1cec-b797-4551-854a-d6fa0ab35979"
"b_autre_equipe_servie";"b59b6485-f53f-4e85-9305-a4790e18f6f8";"visitor";"b730d3da-73b0-4c9f-9260-45eb62d978d5";"Flag football C M D3";"Chavigny";"Chavigny";"26e5f1cf-d481-4d53-bf42-323be2909a4f";"ce7c5792-1006-452a-9c28-18c1fff39649";"8135c065-0bb7-4fc7-8559-927d983996f7";"ce7c5792-1006-452a-9c28-18c1fff39649"
"b_autre_equipe_servie";"b5a783ad-e737-4d2c-a78a-3138eaa4f09f";"visitor";"30d31b57-eca1-4565-90bd-8dbd85df8084";"Soccer C Garçons D3 A";"Collège Sainte-Anne";"Collège Sainte-Anne";"e2f9ab5e-3c60-45a6-a3e6-d1792ca5fc6f";"43f59393-bcd5-4281-bed7-5d3f9b460f85";"f9aa0101-4a96-4528-a1d4-7f248e9c60b4";"43f59393-bcd5-4281-bed7-5d3f9b460f85"
"b_autre_equipe_servie";"b62b2934-ea5b-43a9-b843-26760fd7e85c";"home";"94773379-e84e-4724-86c5-0308be16cb2d";"Flag football J F D4 Niveau 1 Automne Rouge";"Jean-Baptiste-Meilleur";"Jean-Baptiste-Meilleur";"83f7b9db-96ff-4150-b4f4-bb96f8892a7c";"d6db6f2e-def0-40cf-9edc-003c3c445331";"5b74a422-f064-444f-b36c-3973512d70f6";"d6db6f2e-def0-40cf-9edc-003c3c445331"
"b_autre_equipe_servie";"b6643ba0-0fb8-4c64-82ce-ce4fb65db4cf";"visitor";"4341c747-c22d-47a7-964f-e8d62ff8505c";"Soccer C M D3";"Aubier";"Aubier";"83ea51a5-6b47-466d-8896-3f272dbac111";"ebfb0d5c-27c5-4b69-9826-6592e4715f01";"44d3e1b8-b2f7-4484-aa2b-26d30a34cc98";"ebfb0d5c-27c5-4b69-9826-6592e4715f01"
"b_autre_equipe_servie";"b66d2590-bb67-47e4-80cd-11cc60b971ea";"home";"4c5e504d-1475-41ea-bf7b-116e8790d5ea";"Flag football B F D4 Niveau 1 Printemps Noire";"Antoine-Manseau";"Antoine-Manseau";"7f0c4641-4321-46b3-bbca-e43b805f114c";"a64e3a00-a713-4609-85c8-232792f8cc9d";"80f1044a-86a7-4aa6-b49d-e953dba27525";"a64e3a00-a713-4609-85c8-232792f8cc9d"
"b_autre_equipe_servie";"b6b80633-510d-486b-a246-ac4510f646d1";"visitor";"b157dc07-1796-4d9d-b0e0-069b14121ec1";"Flag football C M D3";"Collège Mont-St-Louis";"Collège Mont-St-Louis";"016073a6-aa19-4f89-8cd8-eaa776f45147";"ada720bc-1dd4-49c8-b5cb-60715f7a5e36";"3bb264fd-cede-4eea-ab1a-97149688f61e";"ada720bc-1dd4-49c8-b5cb-60715f7a5e36"
"b_autre_equipe_servie";"b6c62dee-7038-4867-be66-f1efdb980aea";"visitor";"a17de343-58a9-4611-9148-d4f7bb15f4f6";"Flag football J F D3";"Jean-Nicolet";"Jean-Nicolet";"fce377df-7ccf-48fe-95e4-8c495beb78f7";"8fb67088-d17d-49ca-b77a-0ef8b88a67ca";"a8d1a4df-bc95-4634-9558-77b153932a2f";"8fb67088-d17d-49ca-b77a-0ef8b88a67ca"
"b_autre_equipe_servie";"b6f44840-a104-4c9d-838d-b125c44929be";"home";"5ca6aee9-cd3b-454d-81cc-5e6445246782";"Volleyball C Garçons D3";"Loyola";"Loyola";"b313784c-ba77-4c54-af66-8b2cf916473c";"149a1cec-b797-4551-854a-d6fa0ab35979";"89d68e71-0f2c-4754-bf54-d5201d785aa4";"149a1cec-b797-4551-854a-d6fa0ab35979"
"b_autre_equipe_servie";"b72f6169-f872-456a-a6e6-bf5a62e54fd5";"home";"e4065437-a02a-44c4-8b5c-f21622805e8f";"Flag football B M D3 AUTOMNE";"ÉS Père-Marquette";"ÉS Père-Marquette";"f1bdd2d7-40a0-438a-a483-53431dad157a";"9cef1809-1ff1-4253-ac75-bb6513c614a1";"4880bc60-0cad-45e4-bca1-dab618962df8";"9cef1809-1ff1-4253-ac75-bb6513c614a1"
"b_autre_equipe_servie";"b7b870e5-8a71-4a70-a12f-2a98fff4f94b";"home";"88023e90-04f5-42f8-a85f-ca739e93d5ce";"Flag football C F D3";"Les Estacades";"Les Estacades";"e8695dd7-dc30-4704-9683-162383b62317";"121fae32-ff6a-4238-8a3d-1cf2d33b258c";"90df9427-f91a-4497-adf9-df1a900d40d5";"121fae32-ff6a-4238-8a3d-1cf2d33b258c"
"b_autre_equipe_servie";"b82c12c1-635d-4b3a-ac40-a4ae27c0adc7";"visitor";"8cc16389-1405-4db1-b294-39224f9ce8fb";"Football B M D4";"Porte-du-Nord";"Porte-du-Nord";"9c80495e-2e9c-48ad-aa99-ab10b7bececd";"5c8af65d-39a6-431c-9b6d-4d713e0fd021";"1f8aa7f6-de8e-402c-998a-889e1393816b";"5c8af65d-39a6-431c-9b6d-4d713e0fd021"
"b_autre_equipe_servie";"b84c421a-aa2f-435d-97be-33228296529a";"home";"d5e93f1f-415c-4416-b76d-6c41717f0710";"Soccer C Garçons D3 A";"Loyola";"Loyola";"3a2c0cec-ba6e-4068-975d-59895d2798a4";"1945d4bf-bd04-46cb-8b28-ecc70b29e924";"4b25f1ee-34f7-4cd5-896f-055a2f426a97";"1945d4bf-bd04-46cb-8b28-ecc70b29e924"
"b_autre_equipe_servie";"b85accc4-42b1-4773-bb82-ecb3bcc84d54";"home";"29d4af6c-8f49-4539-8ebf-dbce63ecb0a6";"Soccer B M D3";"Coll. des Compagnons";"Coll. des Compagnons";"64af9bca-84d3-4a20-b956-3f2c3c8946a2";"b639c6b0-18d7-432d-9e84-d3644e91f12d";"cb38e65e-7c7b-4e56-83f2-d709402163c1";"b639c6b0-18d7-432d-9e84-d3644e91f12d"
"b_autre_equipe_servie";"b85accc4-42b1-4773-bb82-ecb3bcc84d54";"visitor";"29d4af6c-8f49-4539-8ebf-dbce63ecb0a6";"Soccer B M D3";"Coll. Jésus-Marie de Sillery";"Coll. Jésus-Marie de Sillery";"09a925ae-8850-4196-9ff1-69d77aec6647";"07eef12a-4cc0-4f83-bcdc-de98358a7d1e";"5ed7f1f0-d273-4ff7-858a-30a1b0047d5d";"07eef12a-4cc0-4f83-bcdc-de98358a7d1e"
"b_autre_equipe_servie";"b8f63484-4fd2-4d18-9aa9-5ade694dabb5";"home";"c1c57328-93cb-4930-b3a5-636578a4e5b8";"Flag football C M D3";"Collège Mont-St-Louis";"Collège Mont-St-Louis";"016073a6-aa19-4f89-8cd8-eaa776f45147";"ada720bc-1dd4-49c8-b5cb-60715f7a5e36";"3bb264fd-cede-4eea-ab1a-97149688f61e";"ada720bc-1dd4-49c8-b5cb-60715f7a5e36"
"b_autre_equipe_servie";"b8f63484-4fd2-4d18-9aa9-5ade694dabb5";"visitor";"c1c57328-93cb-4930-b3a5-636578a4e5b8";"Flag football C M D3";"Collège Reine-Marie";"Collège Reine-Marie";"3b213a03-c477-40c6-8eec-c512cd2c2094";"540f4ea6-00c9-4c48-88de-0108a93a76cc";"9c102b7b-15d9-407f-98d6-3ee73d29ab5a";"540f4ea6-00c9-4c48-88de-0108a93a76cc"
"b_autre_equipe_servie";"b901a4fe-67bd-422f-b7af-a196dd1441bf";"home";"6093eb09-d807-45c2-8d5f-4ba91517ebc4";"Soccer J M D3";"La Seigneurie";"La Seigneurie";"da10e633-b8f8-4088-8ce9-8e52421f52f9";"af09c5d4-2b4f-4718-a8de-ea6f63ee34ec";"b5d64381-0a41-42dc-b97a-54513f625fb0";"af09c5d4-2b4f-4718-a8de-ea6f63ee34ec"
"b_autre_equipe_servie";"b901a4fe-67bd-422f-b7af-a196dd1441bf";"visitor";"6093eb09-d807-45c2-8d5f-4ba91517ebc4";"Soccer J M D3";"Acad. Saint-Louis";"Acad. Saint-Louis";"3490fa45-d2be-4f4f-aeaf-60c795ee9cdd";"61779947-c82b-46b7-aa40-91824f364561";"9642311d-1337-4558-9cd4-2bb457cfadc2";"61779947-c82b-46b7-aa40-91824f364561"
"b_autre_equipe_servie";"b90f6d16-1700-4349-a5f9-0654bc33c53c";"visitor";"c13dfa31-4131-4286-8733-a8877af80578";"Flag football J F D3";"De la Croisée";"De la Croisée";"713aba27-67a8-4250-a9ba-36d6dce2f844";"238b0163-b062-43ca-a3cd-17bf253936cc";"e777a3e8-b4c1-4531-869e-d0ddca28a64c";"238b0163-b062-43ca-a3cd-17bf253936cc"
"b_autre_equipe_servie";"b91c9a22-0c6e-417e-9f85-e27f1e4ef458";"home";"8c1c98ab-563d-4c77-a798-f76d1f9abb35";"Football B M D4";"Quatre-Vents";"Quatre-Vents";"7998eb28-c4f5-429d-a8a2-3bc3474efda1";"4f9f21cf-a8e6-4f48-8b1d-58cd452f4ef5";"fe1bbe92-d89b-4a10-80da-b6cb7f304758";"4f9f21cf-a8e6-4f48-8b1d-58cd452f4ef5"
"b_autre_equipe_servie";"b91c9a22-0c6e-417e-9f85-e27f1e4ef458";"visitor";"8c1c98ab-563d-4c77-a798-f76d1f9abb35";"Football B M D4";"Porte-du-Nord";"Porte-du-Nord";"9c80495e-2e9c-48ad-aa99-ab10b7bececd";"5c8af65d-39a6-431c-9b6d-4d713e0fd021";"1f8aa7f6-de8e-402c-998a-889e1393816b";"5c8af65d-39a6-431c-9b6d-4d713e0fd021"
"b_autre_equipe_servie";"b928d90e-8fc2-4856-96a2-6f0330764353";"home";"08c9ecc9-cecc-4cd1-ab92-3285f27d4a48";"Rugby J F D4";"Coll. Trinité";"Coll. Trinité";"6246a329-6361-495d-a79b-0429863b3953";"3513f3a9-c6c8-4a8e-ab14-98e3b1a20811";"0686efc1-92d7-4719-86f0-f350b5f8ae14";"3513f3a9-c6c8-4a8e-ab14-98e3b1a20811"
"b_autre_equipe_servie";"b928d90e-8fc2-4856-96a2-6f0330764353";"visitor";"08c9ecc9-cecc-4cd1-ab92-3285f27d4a48";"Rugby J F D4";"Cité-des-Jeunes";"Cité-des-Jeunes";"02c60b9a-fd03-4a97-a42e-93671e5a1095";"1406338c-e857-49f7-bdf2-6c489c0d9fbf";"e2396918-2ccc-48e3-bc81-bcade52e58e7";"1406338c-e857-49f7-bdf2-6c489c0d9fbf"
"b_autre_equipe_servie";"b964232f-cc6e-4238-909b-02045a17407f";"home";"3ea68ba7-b627-4d05-8472-8462fe3ef5e4";"Flag football J F D4 Niveau 1 Printemps Blanche";"Oka";"Oka";"fa8bd3ec-613c-41a3-964a-8ea83df0b52b";"6793f849-718d-423b-a1f4-e06387fc2916";"be5cd12b-d4de-43ee-a2df-fa13b7a5acc2";"6793f849-718d-423b-a1f4-e06387fc2916"
"b_autre_equipe_servie";"b964232f-cc6e-4238-909b-02045a17407f";"visitor";"3ea68ba7-b627-4d05-8472-8462fe3ef5e4";"Flag football J F D4 Niveau 1 Printemps Blanche";"Académie Ste-Thérèse";"Académie Ste-Thérèse";"7094824e-81d6-4bdb-aec2-f53eed1b86bd";"2ca64219-3aea-4ae5-8b29-07aa982bec41";"e09dcbb4-6ff4-47d2-8542-8040cd37b77b";"2ca64219-3aea-4ae5-8b29-07aa982bec41"
"b_autre_equipe_servie";"b968a4b5-812f-44b8-a667-4954f2620ccd";"home";"d9d67866-536c-4600-b8f2-e501859c99d6";"Flag football J F D3";"Letendre";"Letendre";"f7bb60ef-d707-4be0-91cd-5aeb72f01159";"9dc3fff7-feea-45bf-b4e9-275be3464259";"a9d2827e-8a68-4253-bc45-2f0cab85ba99";"9dc3fff7-feea-45bf-b4e9-275be3464259"
"b_autre_equipe_servie";"b968a4b5-812f-44b8-a667-4954f2620ccd";"visitor";"d9d67866-536c-4600-b8f2-e501859c99d6";"Flag football J F D3";"Curé-Antoine-Labelle";"Curé-Antoine-Labelle";"76f3e1ba-694a-45d8-b73b-be5d9053754e";"5b2bccf9-96e8-41dd-b277-72ae4ede2548";"e9147c31-d7f9-4e53-a542-c12c12d7843e";"5b2bccf9-96e8-41dd-b277-72ae4ede2548"
"b_autre_equipe_servie";"b9e7e1c0-280a-46c9-9dee-e7dffdf91fc4";"home";"a85d4ea9-7933-4124-9523-35cd3172a211";"Soccer C Garçons D3 A";"Vincent Massey";"Vincent Massey";"72bf5301-b901-4f17-bac9-8da2c7eba2ae";"7c166bde-ea46-4afa-8dd3-992793757254";"552eb8e1-8996-4d2e-8385-398e84773a39";"7c166bde-ea46-4afa-8dd3-992793757254"
"b_autre_equipe_servie";"ba110e8f-39ab-4d20-98c8-26bf4f301d42";"visitor";"0a128677-1976-44e6-8020-46f41fd79bd8";"Soccer J M D3";"St-Ch.Garnier";"St-Ch.Garnier";"bcad0356-6dda-4bad-8204-7620ace98a0a";"dafb4803-9d3a-4a89-be48-f677732db26d";"fb03e430-2527-4824-bad4-ddebd803f8cf";"dafb4803-9d3a-4a89-be48-f677732db26d"
"b_autre_equipe_servie";"ba4b4bf5-4ccf-47ac-80a1-494baed66c13";"visitor";"8ddf0eb0-0f85-454e-9fa0-165bcba3429a";"Flag football J F D4";"Poly La Samare";"Poly La Samare";"7f320590-4edf-4999-b3b0-1ba2d5df377c";"9dfab3f5-bbef-43e0-a48a-8a4516095e01";"99bca96f-8725-4d0a-94ac-dc97dbcf3d37";"9dfab3f5-bbef-43e0-a48a-8a4516095e01"
"b_autre_equipe_servie";"ba91ee07-dc78-4f51-950c-860c95da79b7";"visitor";"2c8d5210-3688-433e-a938-99c5d14faa73";"Flag football B F D3";"Collège Laval";"Collège Laval";"80538262-7b15-4ff5-9b73-a5b24ec25183";"9e17cfb8-3d75-40c0-b7eb-7c108e115244";"c83aa582-e3ad-4444-80ce-ded3386a4b47";"9e17cfb8-3d75-40c0-b7eb-7c108e115244"
"b_autre_equipe_servie";"bb3474af-cce3-4306-9b24-aae2eefc75a8";"home";"3b1b907f-b366-4815-8a87-40659e5a17a9";"Flag football J F D4 Niveau 1 Printemps Blanche";"Des Patriotes";"Des Patriotes";"9274efd7-3130-491b-8f37-680544650fc8";"8df911c0-dc7f-48f6-8b2d-b46221296a03";"5a500f5f-8d18-4880-aeab-05392b0699b8";"8df911c0-dc7f-48f6-8b2d-b46221296a03"
"b_autre_equipe_servie";"bb3474af-cce3-4306-9b24-aae2eefc75a8";"visitor";"3b1b907f-b366-4815-8a87-40659e5a17a9";"Flag football J F D4 Niveau 1 Printemps Blanche";"Académie Ste-Thérèse";"Académie Ste-Thérèse";"7094824e-81d6-4bdb-aec2-f53eed1b86bd";"2ca64219-3aea-4ae5-8b29-07aa982bec41";"e09dcbb4-6ff4-47d2-8542-8040cd37b77b";"2ca64219-3aea-4ae5-8b29-07aa982bec41"
"b_autre_equipe_servie";"bb5ca370-b409-4bb6-aaee-10dafe606b90";"home";"837f84c4-508f-4e79-be07-a7a7539c3bf1";"Rugby J F D4";"Coll. Trinité";"Coll. Trinité";"6246a329-6361-495d-a79b-0429863b3953";"3513f3a9-c6c8-4a8e-ab14-98e3b1a20811";"0686efc1-92d7-4719-86f0-f350b5f8ae14";"3513f3a9-c6c8-4a8e-ab14-98e3b1a20811"
"b_autre_equipe_servie";"bb5ca370-b409-4bb6-aaee-10dafe606b90";"visitor";"837f84c4-508f-4e79-be07-a7a7539c3bf1";"Rugby J F D4";"Collège Sainte-Anne";"Collège Sainte-Anne";"b665eb86-4ab6-4d36-a5f7-58f256e1ee32";"8089b76c-0095-4dce-bc13-43f0b65de51f";"eb986db5-f276-43ba-bc4a-a3bbcc32dd8f";"8089b76c-0095-4dce-bc13-43f0b65de51f"
"b_autre_equipe_servie";"bb8f04ae-2227-447c-a25a-43fa68d396c5";"visitor";"c7678b30-d2a7-4568-88df-1d931f4cec29";"Flag football C M D3";"Collège St-Jean-Vianney";"Collège St-Jean-Vianney";"30f7d148-24d6-4d48-920d-da55128051bf";"6806bef5-c01c-4b16-992f-cc0bf74bb04b";"cba3c9b3-4223-4e38-aa19-92e9942e2268";"6806bef5-c01c-4b16-992f-cc0bf74bb04b"
"b_autre_equipe_servie";"bba2e8ff-1b15-4f9d-946d-6849731cc911";"visitor";"40aeb994-88a5-4b3d-ac12-faae46faad79";"Flag football J F D4 Niveau 1 Printemps Blanche";"Des Patriotes";"Des Patriotes";"9274efd7-3130-491b-8f37-680544650fc8";"8df911c0-dc7f-48f6-8b2d-b46221296a03";"5a500f5f-8d18-4880-aeab-05392b0699b8";"8df911c0-dc7f-48f6-8b2d-b46221296a03"
"b_autre_equipe_servie";"bbc5cf1d-734f-4641-9071-587720178a7c";"visitor";"fcab8770-c63c-4d91-95a2-7ac9539c42be";"Soccer C Garçons D3 A";"Vincent Massey";"Vincent Massey";"72bf5301-b901-4f17-bac9-8da2c7eba2ae";"7c166bde-ea46-4afa-8dd3-992793757254";"552eb8e1-8996-4d2e-8385-398e84773a39";"7c166bde-ea46-4afa-8dd3-992793757254"
"b_autre_equipe_servie";"bbd0148e-396a-46de-97e6-a2c60dfb4323";"visitor";"028bd323-ee36-4d92-b1a3-20c13787d71c";"Flag football J F D4 Niveau 1 Printemps Blanche";"Oka";"Oka";"fa8bd3ec-613c-41a3-964a-8ea83df0b52b";"6793f849-718d-423b-a1f4-e06387fc2916";"be5cd12b-d4de-43ee-a2df-fa13b7a5acc2";"6793f849-718d-423b-a1f4-e06387fc2916"
"b_autre_equipe_servie";"bbe7b045-ef25-4241-87c4-54883b8fe0f9";"home";"b7a66394-6d5c-474f-a490-57d99a29ed22";"Volleyball B Filles D3 A";"St. Thomas";"St. Thomas";"841c6565-ea95-45aa-a0b0-e7465a916640";"d6b599af-b8c0-4d9d-9dc9-d1287b6cf144";"5c8070d8-51f0-450a-a39f-d438ff2e64e6";"d6b599af-b8c0-4d9d-9dc9-d1287b6cf144"
"b_autre_equipe_servie";"bbe7b045-ef25-4241-87c4-54883b8fe0f9";"visitor";"b7a66394-6d5c-474f-a490-57d99a29ed22";"Volleyball B Filles D3 A";"Loyola";"Loyola";"7038b42c-8d94-4174-a20e-6ffee617c1e9";"c1bdd457-9b1a-4832-91f7-9c6aea3ff4b4";"6880efdb-b62d-4261-9b65-3792d035ad34";"c1bdd457-9b1a-4832-91f7-9c6aea3ff4b4"
"b_autre_equipe_servie";"bbff2a99-81d2-486d-9665-20d26a2e3d90";"visitor";"291b8148-2276-440b-983c-b89bf8e96f17";"Soccer C Garçons D3 A";"Vincent Massey";"Vincent Massey";"72bf5301-b901-4f17-bac9-8da2c7eba2ae";"7c166bde-ea46-4afa-8dd3-992793757254";"552eb8e1-8996-4d2e-8385-398e84773a39";"7c166bde-ea46-4afa-8dd3-992793757254"
"b_autre_equipe_servie";"bc01fdcd-891f-4f69-a6bf-9288332439ca";"home";"ddfc6687-5251-4c02-b3ad-5b83745cf9fb";"Soccer B M D3";"Coll. Jésus-Marie de Sillery";"Coll. Jésus-Marie de Sillery";"09a925ae-8850-4196-9ff1-69d77aec6647";"07eef12a-4cc0-4f83-bcdc-de98358a7d1e";"5ed7f1f0-d273-4ff7-858a-30a1b0047d5d";"07eef12a-4cc0-4f83-bcdc-de98358a7d1e"
"b_autre_equipe_servie";"bc01fdcd-891f-4f69-a6bf-9288332439ca";"visitor";"ddfc6687-5251-4c02-b3ad-5b83745cf9fb";"Soccer B M D3";"Samuel-Champlain";"Samuel-Champlain";"1f320599-51b0-4d25-ad96-2244ec46f8c0";"70c59170-b063-4311-b5ab-70f4ee342e82";"aa0a5b89-d9aa-4be4-8906-863dad14ef19";"70c59170-b063-4311-b5ab-70f4ee342e82"
"b_autre_equipe_servie";"bc0dbb63-95c7-4a73-814b-2f84a2747703";"home";"d52abcab-692f-4869-8b8f-a07c9fa03d71";"Volleyball J Garçons D4 B";"Vincent Massey";"Vincent Massey";"23bdc81b-896e-4d84-a507-a58d93f51cce";"6e635f0a-1702-440e-b1f9-b8d60b47c488";"a234eed2-c9be-489a-9c6b-4081adb0e1af";"6e635f0a-1702-440e-b1f9-b8d60b47c488"
"b_autre_equipe_servie";"bc20693d-89d1-4c07-b791-4f45fae8bba1";"home";"7e2eb755-3a50-4608-b6e3-bca97362d931";"Flag football J F D4";"Poly La Samare";"Poly La Samare";"7f320590-4edf-4999-b3b0-1ba2d5df377c";"9dfab3f5-bbef-43e0-a48a-8a4516095e01";"99bca96f-8725-4d0a-94ac-dc97dbcf3d37";"9dfab3f5-bbef-43e0-a48a-8a4516095e01"
"b_autre_equipe_servie";"bc32c23d-1b5a-4a3f-8484-a0ca108a2d5f";"home";"cfed7ebc-fd0f-4c84-995c-ce95649a6d7d";"Flag football J F D3";"Les Estacades";"Les Estacades";"82ff7714-b9e0-41f6-8bc4-afe70ff9cb02";"a9fb5ad5-e146-4af5-b7a7-5e3a05e31d97";"314fdb41-3f82-4d4f-90f6-248a584bbdbc";"a9fb5ad5-e146-4af5-b7a7-5e3a05e31d97"
"b_autre_equipe_servie";"bc32c23d-1b5a-4a3f-8484-a0ca108a2d5f";"visitor";"cfed7ebc-fd0f-4c84-995c-ce95649a6d7d";"Flag football J F D3";"Keranna";"Keranna";"0e6c2bb5-4044-4bff-a922-0fc57bcfb1c1";"c602e2a7-7bc1-42ab-b810-03046bc4fde0";"f266dcd6-fa98-44c7-a0e6-d2fd4af4c461";"c602e2a7-7bc1-42ab-b810-03046bc4fde0"
"b_autre_equipe_servie";"bc7ae379-1f06-43a2-ace9-09a750b0d14c";"visitor";"5284a881-099c-4093-a169-4905ac5b951d";"Flag football B F D4 Niveau 1 Printemps Noire";"Antoine-Manseau";"Antoine-Manseau";"7f0c4641-4321-46b3-bbca-e43b805f114c";"a64e3a00-a713-4609-85c8-232792f8cc9d";"80f1044a-86a7-4aa6-b49d-e953dba27525";"a64e3a00-a713-4609-85c8-232792f8cc9d"
"b_autre_equipe_servie";"bd5d13d9-0319-4fa8-af94-afa6a957acdc";"home";"51230431-bfc1-4a5e-9c0c-2ea445c23adb";"Soccer B Garçons D3 A";"St. Thomas";"St. Thomas";"62c72c2a-ee52-4ba9-b1a4-c4e18bad43b6";"b86fcec9-2409-4899-955d-453d4eb5ee21";"54d8de2e-fb28-46a2-9680-cab4a17159cc";"b86fcec9-2409-4899-955d-453d4eb5ee21"
"b_autre_equipe_servie";"bd7a0b9e-be6a-4955-84aa-7e1003072627";"home";"b887e7da-3a55-465a-9387-7469f83337be";"Volleyball J Filles D3 B";"Vincent Massey";"Vincent Massey";"61ae54c9-926c-4590-9b56-8f0d2624f05d";"35dd97ed-493b-4b1b-af7b-0a6be4d7b7ab";"ffae5407-e3df-4d29-bf55-f7976dd39cc7";"35dd97ed-493b-4b1b-af7b-0a6be4d7b7ab"
"b_autre_equipe_servie";"bd8f67b0-0b7b-4589-9117-ca2778015867";"home";"9d7807fc-81ec-4a8e-86da-319224d66b23";"Football B U D3 9 vs 9";"Hormisdas-Gamelin";"Hormisdas-Gamelin";"4f4e5c3e-4da0-4add-a098-7c1cc10c4122";"82674dc5-eb09-4eb0-bd7b-6af9d1823629";"dc5202f4-8d52-43c9-a661-3183075bf657";"82674dc5-eb09-4eb0-bd7b-6af9d1823629"
"b_autre_equipe_servie";"bd8f67b0-0b7b-4589-9117-ca2778015867";"visitor";"9d7807fc-81ec-4a8e-86da-319224d66b23";"Football B U D3 9 vs 9";"Cité étudiante Haute-Gatineau";"Cité étudiante Haute-Gatineau";"5c639737-3fa2-4463-acd4-5f0bb22001d5";"6016e2a2-acc9-494d-a292-daa805a89ef1";"fcb4f994-62a1-42b5-ab35-c0c4622777d4";"6016e2a2-acc9-494d-a292-daa805a89ef1"
"b_autre_equipe_servie";"bd9417b3-d932-47dc-bf80-6f49102cc861";"visitor";"74c9c63a-e8a0-49a7-b098-79a711925930";"Flag football J F D4 Niveau 2";"Le Tremplin";"Le Tremplin";"f2d48f42-2df5-4efa-aed9-7d95cc43a6f3";"ce97c7bd-9952-42f5-bce5-c936984466a7";"2b7f3e45-53ca-4de4-8d21-9d6f8aa64ece";"ce97c7bd-9952-42f5-bce5-c936984466a7"
"b_autre_equipe_servie";"bdf8a296-4c3c-454a-90f1-3cd4fb71b20f";"visitor";"ddf05c5b-cb1f-43f8-a2e4-7fc0ee0eb68f";"Soccer C F D3";"St-Ch.Garnier";"St-Ch.Garnier";"f65c9dbf-101a-45cd-8048-927badcc9781";"deda4093-014d-4928-9902-d72301a80ad3";"5503e4e9-66f8-4c1e-b84a-7cd3b9ae93be";"deda4093-014d-4928-9902-d72301a80ad3"
"b_autre_equipe_servie";"be2a4331-1a69-4d7e-a9bc-ea00c0951a46";"home";"a49fe7ca-c745-43e9-87f4-5f2f634ce74b";"Rugby J F D4";"Coll. Trinité";"Coll. Trinité";"6246a329-6361-495d-a79b-0429863b3953";"3513f3a9-c6c8-4a8e-ab14-98e3b1a20811";"0686efc1-92d7-4719-86f0-f350b5f8ae14";"3513f3a9-c6c8-4a8e-ab14-98e3b1a20811"
"b_autre_equipe_servie";"be40cace-c038-4883-8e28-f50e41654a4c";"home";"8afc8c1f-9ac6-4bf7-ae5b-d0a136bca6b1";"Flag football B F D3";"Letendre";"Letendre";"659b343c-3c43-4ce3-95de-06f00e334dce";"cda7148e-0fa9-4859-86d7-3a1eca7414c9";"6f52d32c-3716-4c58-8e2a-1e503ae6d709";"cda7148e-0fa9-4859-86d7-3a1eca7414c9"
"b_autre_equipe_servie";"be531ee9-2614-4e01-8f14-3d18c643f06f";"visitor";"1765fcaa-f6ad-4438-8d61-31613bd30bf5";"Flag football J F D4 Niveau 1 Printemps Blanche";"Des Patriotes";"Des Patriotes";"9274efd7-3130-491b-8f37-680544650fc8";"8df911c0-dc7f-48f6-8b2d-b46221296a03";"5a500f5f-8d18-4880-aeab-05392b0699b8";"8df911c0-dc7f-48f6-8b2d-b46221296a03"
"b_autre_equipe_servie";"be5fbc84-1e94-4bad-bdcb-998a12e0a68e";"home";"c42d37ce-ea5a-4848-8186-751be8498702";"Soccer C Filles D3 A";"John-Rennie";"John-Rennie";"7169f79d-d8d0-4a0f-a69e-a464a57342d0";"9c1298bb-bde8-444c-8e02-23109bb09ca8";"f477afcc-de09-4017-bdb4-ca7f5299cc1d";"9c1298bb-bde8-444c-8e02-23109bb09ca8"
"b_autre_equipe_servie";"be5fbc84-1e94-4bad-bdcb-998a12e0a68e";"visitor";"c42d37ce-ea5a-4848-8186-751be8498702";"Soccer C Filles D3 A";"Collège Sainte-Anne";"Collège Sainte-Anne";"c23cf5a4-d0ab-477b-9824-9e1728497dc3";"73b827b0-a204-46e1-a745-a810cf6f2867";"27446482-ff82-4074-ab0a-02ce5149be6b";"73b827b0-a204-46e1-a745-a810cf6f2867"
"b_autre_equipe_servie";"bed8eb49-b858-4d30-8bae-39bf4f3e8441";"home";"8c830d52-0867-41c0-b9d7-fdd27ab380a4";"Soccer C M D4";"Acad. Saint-Louis";"Acad. Saint-Louis";"a6ac4e8f-2af8-44ff-b0c5-69a2bbd611c7";"d6fbad25-27e0-4202-a99f-642f85202c6e";"ddac2475-988c-4617-b729-9f86249bff1a";"d6fbad25-27e0-4202-a99f-642f85202c6e"
"b_autre_equipe_servie";"bee60ab4-6b41-4c49-891c-e365cffae314";"home";"755dc6fd-038b-4226-baf9-9273f7323cbf";"Flag football B F D4 Niveau 1 Printemps Bleue";"Cap-Jeunesse";"Cap-Jeunesse";"9b13b2cf-8f31-4c50-aac5-5db4d320a5e2";"e9534fcc-742a-46dd-9873-eabaaa614303";"f1955764-b492-4ae3-a10c-ff92d41c8c68";"e9534fcc-742a-46dd-9873-eabaaa614303"
"b_autre_equipe_servie";"bf916e32-ffbd-4005-9364-23cad8272025";"home";"4ab4707c-c53c-4c1c-aac5-18965d8f4dea";"Soccer C Garçons D3 A";"2nd Place Section B - Loyola";"Loyola";"3a2c0cec-ba6e-4068-975d-59895d2798a4";"1945d4bf-bd04-46cb-8b28-ecc70b29e924";"4b25f1ee-34f7-4cd5-896f-055a2f426a97";"1945d4bf-bd04-46cb-8b28-ecc70b29e924"
"b_autre_equipe_servie";"bf916e32-ffbd-4005-9364-23cad8272025";"visitor";"4ab4707c-c53c-4c1c-aac5-18965d8f4dea";"Soccer C Garçons D3 A";"3rd Place Section A- College Jean de Brebeuf ";"Collège Jean-de-Brébeuf";"de0e10c3-09de-4d06-81c5-cc2c2c6dfcbc";"0b44e927-d042-4583-b6af-55176f302738";"6a3a8e8a-5e82-4dc9-aa50-66742df41010";"0b44e927-d042-4583-b6af-55176f302738"
"b_autre_equipe_servie";"bff75ea8-caed-4488-a3c3-24070b749296";"home";"c79e83eb-eb1a-429c-9667-c7451f611be6";"Flag football C F D3";"De la Croisée";"De la Croisée";"a1d1609f-3210-4e69-872b-4a0f9b265765";"e952c549-f77a-47b5-b248-68d266b18fcc";"bf124b17-6ac5-44ed-a736-9d4a72e04f85";"e952c549-f77a-47b5-b248-68d266b18fcc"
"b_autre_equipe_servie";"bff75ea8-caed-4488-a3c3-24070b749296";"visitor";"c79e83eb-eb1a-429c-9667-c7451f611be6";"Flag football C F D3";"Letendre";"Letendre";"2ac2df35-879a-4efd-949d-93481e4959e5";"b987573f-adff-452d-8a4c-9310702efd42";"e999b557-0e17-4f14-ab75-b0173610b59c";"b987573f-adff-452d-8a4c-9310702efd42"
"b_autre_equipe_servie";"c02a5612-6288-48ec-be0e-9a56b78b358b";"home";"11bb7a1c-b05b-47fb-9220-46b32d3911cb";"Flag football J F D4 Niveau 1";"Champagnat";"Champagnat";"3559e2fe-abe2-42ca-851c-86a76b03a9ff";"55cb6875-9b41-446c-914c-50d3de95583c";"2d38ae3d-e2f2-4b82-977a-375b6440e906";"55cb6875-9b41-446c-914c-50d3de95583c"
"b_autre_equipe_servie";"c02a5612-6288-48ec-be0e-9a56b78b358b";"visitor";"11bb7a1c-b05b-47fb-9220-46b32d3911cb";"Flag football J F D4 Niveau 1";"Du Rocher";"Du Rocher";"e0bb38a1-e65f-4561-985d-9a26a313d562";"a936ba2c-57fb-4e40-bfc0-3311506e89ae";"bcacb355-5dc5-4c15-93e7-614db59a38fa";"a936ba2c-57fb-4e40-bfc0-3311506e89ae"
"b_autre_equipe_servie";"c0569708-1e29-4910-904f-65fb7236f9ea";"home";"31b85624-6a31-4a06-a6fc-b4627b0a5d80";"Soccer J M D4 Niveau 2";"Pionniers";"Pionniers";"e7196785-a1bb-4221-8df8-cefa1611142c";"f014c7cc-1d60-4d03-9ec2-a428bec87de7";"1b8a6c0a-a39d-4592-9900-a4868c66c9cf";"f014c7cc-1d60-4d03-9ec2-a428bec87de7"
"b_autre_equipe_servie";"c0569708-1e29-4910-904f-65fb7236f9ea";"visitor";"31b85624-6a31-4a06-a6fc-b4627b0a5d80";"Soccer J M D4 Niveau 2";"Louis-Jobin";"Louis-Jobin";"df631f47-7d86-4814-8a93-8394b341a8f3";"61a63aeb-b7c5-4e0f-8eba-79649148dfbf";"90da7b99-cc36-4cc9-88f1-579731f84a65";"61a63aeb-b7c5-4e0f-8eba-79649148dfbf"
"b_autre_equipe_servie";"c0c0d76d-f96e-454c-af5b-812e9bbc4ac5";"visitor";"b95d6751-ff67-49f7-9b2b-07da97b5e0e0";"Volleyball C Filles D4 Niveau 1 A";"St. Thomas";"St. Thomas";"b35f766c-78ab-482a-9aee-e0a62235e41c";"edceb2bd-43e5-4ab6-8582-61cd932c6df0";"71d19fd0-8d99-4efe-907b-ea1e9f749b62";"edceb2bd-43e5-4ab6-8582-61cd932c6df0"
"b_autre_equipe_servie";"c10dd413-a5ef-495b-be64-0a82b61305e4";"home";"7abda3b7-10a9-4a29-acaf-206d6495e9b2";"Flag football J Garçons D3 Fall B";"St. Thomas";"St. Thomas";"10031fbc-739d-47f5-a8bf-30ae4822c5cf";"7eb78569-f713-45dd-be90-325aa31e4fdb";"0f464fed-4180-420c-865c-a10acb99e18f";"7eb78569-f713-45dd-be90-325aa31e4fdb"
"b_autre_equipe_servie";"c18c1e3d-e86f-448c-b91e-37bfcd29a0b8";"visitor";"eab8390b-6281-48f2-ab16-b1f6c13866d7";"Soccer C Garçons D3 A";"Gagnant SE-24-CJB";"Collège Jean-de-Brébeuf";"de0e10c3-09de-4d06-81c5-cc2c2c6dfcbc";"0b44e927-d042-4583-b6af-55176f302738";"6a3a8e8a-5e82-4dc9-aa50-66742df41010";"0b44e927-d042-4583-b6af-55176f302738"
"b_autre_equipe_servie";"c19eaa79-0c20-4b1f-bc61-32e99fcc6bee";"visitor";"3626dd4b-264e-4684-8b20-6e3fe4c32f06";"Volleyball B Filles D3 A";"Loyola";"Loyola";"7038b42c-8d94-4174-a20e-6ffee617c1e9";"c1bdd457-9b1a-4832-91f7-9c6aea3ff4b4";"6880efdb-b62d-4261-9b65-3792d035ad34";"c1bdd457-9b1a-4832-91f7-9c6aea3ff4b4"
"b_autre_equipe_servie";"c1f0e392-9018-4833-bfff-fdcfb9109bcb";"visitor";"886d9752-8fd4-41a5-aa99-9dd1748e95df";"Flag football C F D4 Niveau 1 Automne Noire";"Thérèse-Martin";"Thérèse-Martin";"539f3f92-e1b2-4c2f-b8c7-0305f27280ab";"bc0d4aba-ce7c-4ccd-833e-7a6457b9abb1";"f5347bb5-d398-4c01-a0d5-62a7c94979c8";"bc0d4aba-ce7c-4ccd-833e-7a6457b9abb1"
"b_autre_equipe_servie";"c22a8f2f-3d15-4b5c-a2c4-8cc484fd6cec";"home";"1ec495de-8e09-47af-a7b0-84fc087ed651";"Flag football J F D4 Niveau 1 Printemps Blanche";"Horizon";"Horizon";"9e24b148-2228-41dc-a140-146b9ccc45fa";"14bbaefa-164f-47dc-b8a0-4c130a5d0d15";"67fd1af7-a728-435b-a7f7-e6ffb127bdc4";"14bbaefa-164f-47dc-b8a0-4c130a5d0d15"
"b_autre_equipe_servie";"c22c91bc-da45-4495-bd37-7fa9d1e268bb";"home";"64a6a412-0e79-4f65-9a4d-d5554608855c";"Volleyball J Filles D3 A";"Position 1 B-CDN";"Collège Notre-Dame";"340e1e9c-592a-463e-915d-fc44c2edf786";"8696dcb4-9c7d-4a8d-8c6e-b2b5fce72fd8";"aeb7b60a-ad42-4a0a-a30e-f1a297263d23";"8696dcb4-9c7d-4a8d-8c6e-b2b5fce72fd8"
"b_autre_equipe_servie";"c277799b-4e94-41cb-9d1f-52d92c1b0fa0";"home";"0674d70a-98dc-4e04-937a-e533dade6e57";"Soccer J M D4 Niveau 2";"Pionniers";"Pionniers";"e7196785-a1bb-4221-8df8-cefa1611142c";"f014c7cc-1d60-4d03-9ec2-a428bec87de7";"1b8a6c0a-a39d-4592-9900-a4868c66c9cf";"f014c7cc-1d60-4d03-9ec2-a428bec87de7"
"b_autre_equipe_servie";"c277799b-4e94-41cb-9d1f-52d92c1b0fa0";"visitor";"0674d70a-98dc-4e04-937a-e533dade6e57";"Soccer J M D4 Niveau 2";"Coll. Champigny";"Coll. Champigny";"2e07e2fd-4e39-495d-ba0a-a07cb40c200d";"f85cc63b-f5f8-43b6-95a3-8eff2db0821a";"2daf695d-befa-47a3-8ca8-ffebb9823de0";"f85cc63b-f5f8-43b6-95a3-8eff2db0821a"
"b_autre_equipe_servie";"c2e56f8c-8645-4960-8a38-44ebd5034e36";"visitor";"c0afdda1-9683-4ca3-b5f3-1c570fbc6be7";"Volleyball C Filles D3 A";"John-Rennie";"John-Rennie";"ee9e77c1-58c7-4afe-a05d-029b50c9591c";"55f90e35-a7e0-4f7c-ab28-9cff54d91bd0";"40257dd1-fce5-4bac-98f7-259a15747354";"55f90e35-a7e0-4f7c-ab28-9cff54d91bd0"
"b_autre_equipe_servie";"c34bf936-2d68-4358-88c6-65ac20d309c8";"visitor";"8ae83ca2-f048-466b-82ac-a762cee6c103";"Flag football C F D4 Niveau 1 Printemps Noire";"Antoine-Manseau";"Antoine-Manseau";"bfe30218-1e3f-4033-bac0-8894d692d4e5";"a92c5a4e-b2e3-42a8-b384-bad6b6d11f36";"0781aee3-3abf-4383-8be8-2e64da510655";"a92c5a4e-b2e3-42a8-b384-bad6b6d11f36"
"b_autre_equipe_servie";"c3507a04-c914-49f8-a5d6-126c171d811e";"visitor";"bcee09ba-8eab-49f6-900f-5f9e16685d72";"Soccer B M D4 Niveau 1";"Samuel-Champlain";"Samuel-Champlain";"c9a5b768-f239-4207-90c2-93f4fc18a4c2";"01a19d6a-3ea2-4665-a5d5-ede3eee89439";"ba03109c-7726-4db7-b348-87bce8f32bfb";"01a19d6a-3ea2-4665-a5d5-ede3eee89439"
"b_autre_equipe_servie";"c383b467-d775-4f62-8da1-f7a5f5c551e2";"home";"2c3c2be1-3f3d-425c-a562-8db155d0ee9f";"Volleyball C Filles D3 A";"John-Rennie";"John-Rennie";"ee9e77c1-58c7-4afe-a05d-029b50c9591c";"55f90e35-a7e0-4f7c-ab28-9cff54d91bd0";"40257dd1-fce5-4bac-98f7-259a15747354";"55f90e35-a7e0-4f7c-ab28-9cff54d91bd0"
"b_autre_equipe_servie";"c3b376f7-849f-4444-bc31-241c23c01c0c";"home";"5ec23c08-a034-4f85-a89a-aed2d210a03e";"Flag football C F D4 Niveau 2 Printemps Bleue";"Évolution";"Évolution";"ac00dc0c-10d5-4b2e-aa58-7773796ef511";"09556a57-bc60-48a1-8650-75b57ba62f6b";"8d71b383-7f30-4873-86ca-f462ebbcbe68";"09556a57-bc60-48a1-8650-75b57ba62f6b"
"b_autre_equipe_servie";"c3c832ec-ace4-456d-9f9a-d32265f2811b";"home";"8d715607-5750-4ad7-b219-c41e9ad5a641";"Soccer C M D4";"Acad. Saint-Louis";"Acad. Saint-Louis";"a6ac4e8f-2af8-44ff-b0c5-69a2bbd611c7";"d6fbad25-27e0-4202-a99f-642f85202c6e";"ddac2475-988c-4617-b729-9f86249bff1a";"d6fbad25-27e0-4202-a99f-642f85202c6e"
"b_autre_equipe_servie";"c3eb262f-8623-4daa-91d8-ac8f1a42802a";"home";"d6e214a5-ee48-4113-802f-ed141d8df62e";"Flag football C M D3";"Keranna";"Keranna";"8e4c4a18-20a4-434b-873b-5a57894acc16";"48bd2869-cbbd-44e7-b505-15264e6b359a";"92b7dded-5766-468d-a09f-f78ca4db7422";"48bd2869-cbbd-44e7-b505-15264e6b359a"
"b_autre_equipe_servie";"c4096ad0-909d-44dc-9df9-717f3e414ab7";"home";"1c9957b6-5820-4e7a-a377-8cb69e27b79d";"Football B U D3 9 vs 9";"Nicolas-Gatineau";"Nicolas-Gatineau";"cda37289-fb16-4cbb-8c7b-991f7cd061dc";"34fd3959-e76d-4408-a5eb-f4e8e63345f4";"5563f7a2-ef59-440d-bb22-32a2195b69a7";"34fd3959-e76d-4408-a5eb-f4e8e63345f4"
"b_autre_equipe_servie";"c4096ad0-909d-44dc-9df9-717f3e414ab7";"visitor";"1c9957b6-5820-4e7a-a377-8cb69e27b79d";"Football B U D3 9 vs 9";"Hormisdas-Gamelin";"Hormisdas-Gamelin";"4f4e5c3e-4da0-4add-a098-7c1cc10c4122";"82674dc5-eb09-4eb0-bd7b-6af9d1823629";"dc5202f4-8d52-43c9-a661-3183075bf657";"82674dc5-eb09-4eb0-bd7b-6af9d1823629"
"b_autre_equipe_servie";"c451aded-09c6-4603-86c3-687040d622e3";"home";"3c0a71bb-cf0a-424b-a9e4-97a5c2866eff";"Soccer B M D3";"Samuel-Champlain";"Samuel-Champlain";"1f320599-51b0-4d25-ad96-2244ec46f8c0";"70c59170-b063-4311-b5ab-70f4ee342e82";"aa0a5b89-d9aa-4be4-8906-863dad14ef19";"70c59170-b063-4311-b5ab-70f4ee342e82"
"b_autre_equipe_servie";"c451aded-09c6-4603-86c3-687040d622e3";"visitor";"3c0a71bb-cf0a-424b-a9e4-97a5c2866eff";"Soccer B M D3";"Coll. des Compagnons";"Coll. des Compagnons";"64af9bca-84d3-4a20-b956-3f2c3c8946a2";"b639c6b0-18d7-432d-9e84-d3644e91f12d";"cb38e65e-7c7b-4e56-83f2-d709402163c1";"b639c6b0-18d7-432d-9e84-d3644e91f12d"
"b_autre_equipe_servie";"c49d81e8-2ed1-4217-83bc-1134a218e202";"visitor";"4d69807d-e726-400a-84b9-60b1b20d9b9f";"Football J M D4";"Porte-du-Nord";"Porte-du-Nord";"0095b948-554e-4800-80f6-7039ab27e2f7";"6cf105f1-bcfb-4172-a914-872f116a7f39";"8660d029-021c-40f5-9354-464d5d80f536";"6cf105f1-bcfb-4172-a914-872f116a7f39"
"b_autre_equipe_servie";"c4c1de48-5cae-432b-b9d8-fa19cd026ba6";"home";"aafcefd9-9e05-4d27-aebc-91b66b2ce277";"Flag football B F D4 Niveau 1 Printemps Bleue";"Académie Ste-Thérèse";"Académie Ste-Thérèse";"41d65b2d-0b58-4c60-9bfc-e9f0d4906b10";"c1064f2d-19e4-4ef9-a736-e9048c774c58";"8bda15b7-d54a-4921-a545-9191c9386bcd";"c1064f2d-19e4-4ef9-a736-e9048c774c58"
"b_autre_equipe_servie";"c50d69e7-e0bf-4e9d-8723-7d74d1943208";"home";"0d6a5c18-19bb-4d28-990f-6fcb11702089";"Flag football B F D4 Niveau 1 Printemps Bleue";"Horizon";"Horizon";"e4f77e52-dcc3-4b6f-a4f7-b83790f89147";"ef86f420-9c85-4459-85a9-ce2854c6d139";"8e54ae62-5b1f-4fb1-bd97-69416ba9c57f";"ef86f420-9c85-4459-85a9-ce2854c6d139"
"b_autre_equipe_servie";"c60bc091-778c-4d14-88b7-f8827546d1cb";"home";"4bed7842-4b36-40b1-b740-00714e4ecdb8";"Volleyball B Filles D3 A";"St. Thomas";"St. Thomas";"841c6565-ea95-45aa-a0b0-e7465a916640";"d6b599af-b8c0-4d9d-9dc9-d1287b6cf144";"5c8070d8-51f0-450a-a39f-d438ff2e64e6";"d6b599af-b8c0-4d9d-9dc9-d1287b6cf144"
"b_autre_equipe_servie";"c60bc091-778c-4d14-88b7-f8827546d1cb";"visitor";"4bed7842-4b36-40b1-b740-00714e4ecdb8";"Volleyball B Filles D3 A";"Loyola";"Loyola";"7038b42c-8d94-4174-a20e-6ffee617c1e9";"c1bdd457-9b1a-4832-91f7-9c6aea3ff4b4";"6880efdb-b62d-4261-9b65-3792d035ad34";"c1bdd457-9b1a-4832-91f7-9c6aea3ff4b4"
"b_autre_equipe_servie";"c703fa5d-0ddd-4b81-89b1-540806a9dd3f";"visitor";"3ead9559-bec1-42a2-a4ad-fed310932e27";"Flag football C F D4 Niveau 2 Printemps Bleue";"Évolution";"Évolution";"ac00dc0c-10d5-4b2e-aa58-7773796ef511";"09556a57-bc60-48a1-8650-75b57ba62f6b";"8d71b383-7f30-4873-86ca-f462ebbcbe68";"09556a57-bc60-48a1-8650-75b57ba62f6b"
"b_autre_equipe_servie";"c74fbb20-c9eb-4482-8705-56b48d2544cf";"home";"51a35aec-34ef-4d74-825f-6537222fac46";"Rugby J F D3";"Pontiac";"Pontiac";"a8ae97c2-a677-451c-ab20-044722830f1b";"c6a9fa3a-c94f-4a9a-954d-068b3d64e36e";"14abf13f-a35f-44af-85ab-27bf377df80c";"c6a9fa3a-c94f-4a9a-954d-068b3d64e36e"
"b_autre_equipe_servie";"c77d777f-54a7-4125-a1f2-b63fdd264bd6";"visitor";"0eafcbbe-2504-4bd7-b282-89239013cedd";"Flag football C F D4 Niveau 2 Printemps Blanche";"Poly. Deux-Montagnes";"Poly. Deux-Montagnes";"44ffdced-16d2-49b2-884b-f2c698584a11";"7ecf3af6-2c62-48e5-a67b-a8b0aeacec21";"da3c67ea-cb62-475b-830a-c43ba2e20b9f";"7ecf3af6-2c62-48e5-a67b-a8b0aeacec21"
"b_autre_equipe_servie";"c79d0808-cf2a-4e9a-a5ee-53f615f2e183";"visitor";"ed65d726-d0dd-454f-ad50-52069e46a8ec";"Soccer B Filles D3 A";"Collège Sainte-Anne";"Collège Sainte-Anne";"73e3e5d3-6ccc-48c9-a3bc-1f524556e51e";"687d9f70-e233-4f30-bab4-6fde3ea78d85";"8ed287bc-e79f-4fd8-9160-06ae00ab63c1";"687d9f70-e233-4f30-bab4-6fde3ea78d85"
"b_autre_equipe_servie";"c7c147a7-ad99-436a-ac60-ae620890fddd";"home";"7c9e0e69-d13b-445b-b85b-9e938ae191d3";"Flag football J F D3";"Des Pionniers";"Des Pionniers";"ff75e7d6-d39a-46ad-a5d3-38bfa287ee7d";"c28d50f0-72bf-4b77-9297-53af1bae2597";"8fd9ff1f-e30a-4df7-bee2-593225647626";"c28d50f0-72bf-4b77-9297-53af1bae2597"
"b_autre_equipe_servie";"c7c147a7-ad99-436a-ac60-ae620890fddd";"visitor";"7c9e0e69-d13b-445b-b85b-9e938ae191d3";"Flag football J F D3";"Les Estacades";"Les Estacades";"82ff7714-b9e0-41f6-8bc4-afe70ff9cb02";"a9fb5ad5-e146-4af5-b7a7-5e3a05e31d97";"314fdb41-3f82-4d4f-90f6-248a584bbdbc";"a9fb5ad5-e146-4af5-b7a7-5e3a05e31d97"
"b_autre_equipe_servie";"c7d46602-6062-4626-9bf7-bab9695a68e3";"home";"6c56b5ba-7bb8-4d87-b264-18028745b758";"Rugby J F D4";"Ozias-Leduc";"Ozias-Leduc";"7ef4a932-107a-438b-b2fd-5ddedf0cac28";"ceab6414-a407-4514-a60f-46447d52d349";"75929bcf-ff75-4d90-beba-067966ee42a6";"ceab6414-a407-4514-a60f-46447d52d349"
"b_autre_equipe_servie";"c7d46602-6062-4626-9bf7-bab9695a68e3";"visitor";"6c56b5ba-7bb8-4d87-b264-18028745b758";"Rugby J F D4";"Louis-Philippe-Paré";"Louis-Philippe-Paré";"387ce7de-f19b-44b7-8ce5-39a08d414327";"1cb260ec-3ae9-4ff4-99cf-c58c2a9fbb4a";"12665e0c-61e5-4d08-bc20-0e5cf8c33736";"1cb260ec-3ae9-4ff4-99cf-c58c2a9fbb4a"
"b_autre_equipe_servie";"c8269401-4614-4858-88b5-2ba1deab7991";"visitor";"28672b82-f04c-44cd-a2e2-2fff91629e7d";"Flag football J F D4 Niveau 2";"Les Seigneuries";"Les Seigneuries";"3d8f3e17-67d7-4b67-90fb-4f6b303c5135";"84e9deb5-de91-40f5-b8c8-44eaf2fe6e53";"d31cbb64-fa7d-4169-a8dd-f3979dbee616";"84e9deb5-de91-40f5-b8c8-44eaf2fe6e53"
"b_autre_equipe_servie";"c8464b3f-9ab3-4937-8a1d-8c8f5430eb1d";"visitor";"4aba90a9-692e-45cf-b82f-a3e3237a657a";"Soccer B Filles D3 A";"St. Thomas";"St. Thomas";"5294a97a-8468-4d4e-8b1d-dd89eec1fdf7";"bd94806d-9326-448f-988c-e8e0965c434f";"a1ce89f9-bf76-4d8e-8279-257fe96d1969";"bd94806d-9326-448f-988c-e8e0965c434f"
"b_autre_equipe_servie";"c8610ad2-5711-4e2d-87dc-5c708d31b5fa";"home";"41e1eda4-efce-414e-8d38-ca25411883b3";"Flag football C M D3";"Keranna";"Keranna";"8e4c4a18-20a4-434b-873b-5a57894acc16";"48bd2869-cbbd-44e7-b505-15264e6b359a";"92b7dded-5766-468d-a09f-f78ca4db7422";"48bd2869-cbbd-44e7-b505-15264e6b359a"
"b_autre_equipe_servie";"c887c334-1866-444c-94bb-13b44f55f8ff";"home";"604f38e9-6252-4754-a2f5-4a8708f8c88e";"Flag football J M D4 Niveau 2 SECTION 2";"ÉS Père-Marquette";"ÉS Père-Marquette";"e25b5591-03f4-47ca-a560-34de311ac035";"59f59f9b-d7c1-45ee-8b26-d7f25c4fe4f0";"e2cc3eae-31c4-458a-9ace-200b8f404925";"59f59f9b-d7c1-45ee-8b26-d7f25c4fe4f0"
"b_autre_equipe_servie";"c8ba30e6-f34b-4399-b947-58282aad9cbe";"home";"63548219-c182-475e-ae17-de1bb518a30e";"Flag football C F D3";"Curé-Antoine-Labelle";"Curé-Antoine-Labelle";"9b8d8c74-5b02-4eea-b55a-6b74a52c6a07";"756b1ac6-c36f-4d51-9b16-b3070e474e5d";"d1fa5dda-b79e-4d03-8282-8aadf746d5ad";"756b1ac6-c36f-4d51-9b16-b3070e474e5d"
"b_autre_equipe_servie";"c8f30700-20b3-411d-9170-e4e5a190b9b6";"home";"1cab1073-83c5-4021-9a78-b22b8bf04c65";"Rugby J F D4";"Ozias-Leduc";"Ozias-Leduc";"7ef4a932-107a-438b-b2fd-5ddedf0cac28";"ceab6414-a407-4514-a60f-46447d52d349";"75929bcf-ff75-4d90-beba-067966ee42a6";"ceab6414-a407-4514-a60f-46447d52d349"
"b_autre_equipe_servie";"c8f30700-20b3-411d-9170-e4e5a190b9b6";"visitor";"1cab1073-83c5-4021-9a78-b22b8bf04c65";"Rugby J F D4";"Collège Sainte-Anne";"Collège Sainte-Anne";"b665eb86-4ab6-4d36-a5f7-58f256e1ee32";"8089b76c-0095-4dce-bc13-43f0b65de51f";"eb986db5-f276-43ba-bc4a-a3bbcc32dd8f";"8089b76c-0095-4dce-bc13-43f0b65de51f"
"b_autre_equipe_servie";"c8f5ebb0-73c3-449c-a6f6-52baba270582";"visitor";"9e917ae6-cd15-4e01-832b-4a540f388716";"Flag football J Garçons D3 Fall A";"winner of P2-STT";"St. Thomas";"10031fbc-739d-47f5-a8bf-30ae4822c5cf";"7eb78569-f713-45dd-be90-325aa31e4fdb";"0f464fed-4180-420c-865c-a10acb99e18f";"7eb78569-f713-45dd-be90-325aa31e4fdb"
"b_autre_equipe_servie";"c8fd660a-b8e0-4c84-b4b4-5e6d6091ef0c";"home";"8d3dc98d-007a-4281-8465-0a7699e8f112";"Soccer C Garçons D3 A";"Collège St-Jean-Vianney";"Collège St-Jean-Vianney";"7b96aaab-f3b8-4a68-ad39-23b339aded0d";"d8d75aa6-31c9-46e1-8d72-2bb712f0f4e5";"c5b472ff-c9f4-43fc-baee-e70fd43bb00a";"d8d75aa6-31c9-46e1-8d72-2bb712f0f4e5"
"b_autre_equipe_servie";"c8fd660a-b8e0-4c84-b4b4-5e6d6091ef0c";"visitor";"8d3dc98d-007a-4281-8465-0a7699e8f112";"Soccer C Garçons D3 A";"Collège Jean-de-Brébeuf";"Collège Jean-de-Brébeuf";"de0e10c3-09de-4d06-81c5-cc2c2c6dfcbc";"0b44e927-d042-4583-b6af-55176f302738";"6a3a8e8a-5e82-4dc9-aa50-66742df41010";"0b44e927-d042-4583-b6af-55176f302738"
"b_autre_equipe_servie";"c90ad380-eb44-4edd-94d6-e89c17c816f9";"visitor";"887125bb-0143-42c3-86ae-8d293ba3a76a";"Flag football J F D4 Niveau 1";"La Découverte";"La Découverte";"2d36d17e-d5f7-47fd-b995-345e8b32a12b";"0fde9abe-8079-4938-96b4-6b414dcf06db";"7d0f9003-dcb6-414c-9506-a48de6c4a937";"0fde9abe-8079-4938-96b4-6b414dcf06db"
"b_autre_equipe_servie";"c998a67d-41dc-475b-aa5e-2c66ac7b9aeb";"visitor";"205fdc4b-d90f-4556-bfb9-4a1465c52889";"Volleyball J Filles D3 A";"St. Thomas";"St. Thomas";"965eaded-5ed7-4569-a8e3-e7416469ce98";"faea7178-3fe6-47af-ad56-4cca73d1c736";"873e45c8-3720-4b7c-b1ab-14ddd4ecc054";"faea7178-3fe6-47af-ad56-4cca73d1c736"
"b_autre_equipe_servie";"c9d48cfa-7a5c-43a2-b018-1fc20b36d963";"home";"1cf20498-ae56-4827-93e4-12cf81ee79da";"Soccer J M D3";"La Seigneurie";"La Seigneurie";"da10e633-b8f8-4088-8ce9-8e52421f52f9";"af09c5d4-2b4f-4718-a8de-ea6f63ee34ec";"b5d64381-0a41-42dc-b97a-54513f625fb0";"af09c5d4-2b4f-4718-a8de-ea6f63ee34ec"
"b_autre_equipe_servie";"c9d48cfa-7a5c-43a2-b018-1fc20b36d963";"visitor";"1cf20498-ae56-4827-93e4-12cf81ee79da";"Soccer J M D3";"St-Ch.Garnier";"St-Ch.Garnier";"bcad0356-6dda-4bad-8204-7620ace98a0a";"dafb4803-9d3a-4a89-be48-f677732db26d";"fb03e430-2527-4824-bad4-ddebd803f8cf";"dafb4803-9d3a-4a89-be48-f677732db26d"
"b_autre_equipe_servie";"ca01efab-8c40-42ec-88c2-51a4b9ef3e9c";"home";"aefedc78-3005-4ac4-a145-e766bc5e48b5";"Flag football J F D4 Niveau 2 Printemps";"Henri-Dunant";"Henri-Dunant";"560c3cd7-ae6a-4bde-a20b-8ed73262097f";"5514e385-5703-41b9-b568-4e2c49051a34";"599f73f5-c6c1-412f-9d6a-3770b5502b06";"5514e385-5703-41b9-b568-4e2c49051a34"
"b_autre_equipe_servie";"ca0f7a99-7b16-42a5-bd6e-1dbfbeb7295f";"visitor";"9e7685a9-7aca-47aa-8339-68c684938f80";"Flag football J M D3";"Collège St-Jean-Vianney";"Collège St-Jean-Vianney";"77b09d75-350c-45aa-9b0f-7b8be7193c7d";"aa80b959-a4cd-4f1d-9d63-aa0fcc39beef";"35df4f7a-344f-430e-b40f-cbff6a23bce1";"aa80b959-a4cd-4f1d-9d63-aa0fcc39beef"
"b_autre_equipe_servie";"ca69588b-564e-4571-9242-9fd78414b76f";"home";"b9a613f4-a561-416a-8401-d1eee3d9e688";"Flag football C F D3";"Keranna";"Keranna";"64ee8121-29e1-4b74-80b6-28eb7e980dd5";"f9d1057a-08b8-4c87-b074-9379a8de248a";"51825efe-6158-463f-910a-733c1b16cbe7";"f9d1057a-08b8-4c87-b074-9379a8de248a"
"b_autre_equipe_servie";"ca954591-4752-4d23-8d22-6cdba77a2771";"visitor";"56f3c80b-abde-458f-8bf5-5eee49ef4e7a";"Volleyball B Garçons D3 B";"Collège Notre-Dame";"Collège Notre-Dame";"aaa6ba91-8840-4726-81fc-2cbfe9df2379";"dbb0de18-c040-4d86-a0c7-7f85e0ca6eef";"6b4eb500-abcc-4655-8e71-cbfc8f9f1bd9";"dbb0de18-c040-4d86-a0c7-7f85e0ca6eef"
"b_autre_equipe_servie";"cac18e33-fa66-4519-ad1a-451389e7fe32";"home";"91ae3c32-8ecb-4ef6-aa97-777e6028431a";"Flag football C M D4";"Jean-Nicolet";"Jean-Nicolet";"0c55e091-7a8a-4279-aeed-7fef1fe3d3a4";"f0bd5efa-3fa1-4ebf-9e59-94b35bf60b39";"da1d244d-8f96-4854-9f29-1fd38c534858";"f0bd5efa-3fa1-4ebf-9e59-94b35bf60b39"
"b_autre_equipe_servie";"cac18e33-fa66-4519-ad1a-451389e7fe32";"visitor";"91ae3c32-8ecb-4ef6-aa97-777e6028431a";"Flag football C M D4";"L'Escale";"L'Escale";"01500a13-b182-4c6d-a966-ebe03ef6bc2b";"53bd5bef-8454-4a1e-8b1d-5bcdb28ce176";"c529e448-a991-4fcc-98bd-becd1a6b7316";"53bd5bef-8454-4a1e-8b1d-5bcdb28ce176"
"b_autre_equipe_servie";"cb562a87-4714-49cc-b830-2666361e0986";"home";"bf7a2659-d791-4a02-ac52-e29a07af0ec6";"Flag football B F D3";"Curé-Antoine-Labelle";"Curé-Antoine-Labelle";"fdb5bcc1-1659-455a-9604-b8b32fefc1a3";"cd0a4f18-f80f-4de6-9e41-a531c761a2ae";"e8eae32e-2ce1-4bea-b15a-3b3aecc6a6cf";"cd0a4f18-f80f-4de6-9e41-a531c761a2ae"
"b_autre_equipe_servie";"cb574751-02c2-495c-ad27-92474ab8a440";"visitor";"484301c8-e2e4-4794-9f0b-4f00bd1a956e";"Soccer J Garçons D3 C";"Collège Sainte-Anne";"Collège Sainte-Anne";"ebf8cb23-c51e-4ba1-9d55-23078cf09f0d";"cda673b2-8a38-4656-aedb-ddf403d429b8";"089cf689-2453-4d65-80f0-0f908bbe53e4";"cda673b2-8a38-4656-aedb-ddf403d429b8"
"b_autre_equipe_servie";"cbaef4b0-38ec-4b82-aab2-9e45e568eba3";"visitor";"9609eb33-e1d0-4bb4-9a10-1fd9b03f2b52";"Soccer B F D3";"Acad. Saint-Louis";"Acad. Saint-Louis";"37db89e7-cf71-49e8-b4f9-de5dddfcbe1d";"2eb14599-f10a-456a-b587-d8c9894762c2";"f693cc3e-ea74-49a2-b727-4a4e563e5a32";"2eb14599-f10a-456a-b587-d8c9894762c2"
"b_autre_equipe_servie";"cbc17c2f-35ca-4fab-9532-6f75614a20d5";"home";"2eb54361-ac2d-4c61-ac2c-04fd64dcc732";"Football B M D4";"Porte-du-Nord";"Porte-du-Nord";"9c80495e-2e9c-48ad-aa99-ab10b7bececd";"5c8af65d-39a6-431c-9b6d-4d713e0fd021";"1f8aa7f6-de8e-402c-998a-889e1393816b";"5c8af65d-39a6-431c-9b6d-4d713e0fd021"
"b_autre_equipe_servie";"cc8c4cb9-74ef-4c0b-a8aa-46bde911bc5c";"home";"18b03b25-34f4-480e-8878-1873b89476cd";"Flag football C M D3";"Keranna";"Keranna";"8e4c4a18-20a4-434b-873b-5a57894acc16";"48bd2869-cbbd-44e7-b505-15264e6b359a";"92b7dded-5766-468d-a09f-f78ca4db7422";"48bd2869-cbbd-44e7-b505-15264e6b359a"
"b_autre_equipe_servie";"ccaef426-549a-4ccd-b260-d6fe3c2b8d3b";"visitor";"6b17a9d8-7a79-4331-9e9f-302e3718d799";"Soccer B M D4 Niveau 1";"Poly. Black-Lake";"Poly. Black-Lake";"69ecbba0-33d5-4e94-a564-150a9767f528";"0b4fdb84-c1df-4c2c-8815-5fd3b3634c7f";"0dd006a2-b3aa-43b0-aef6-a9fb0d81ec02";"0b4fdb84-c1df-4c2c-8815-5fd3b3634c7f"
"b_autre_equipe_servie";"cd608f60-3564-4764-931c-75420902dbb2";"home";"de4beb7c-4c65-4a14-89e0-83cdf9622e7e";"Flag football C F D4 Niveau 1 Automne Bleue";"Thérèse-Martin";"Thérèse-Martin";"539f3f92-e1b2-4c2f-b8c7-0305f27280ab";"bc0d4aba-ce7c-4ccd-833e-7a6457b9abb1";"f5347bb5-d398-4c01-a0d5-62a7c94979c8";"bc0d4aba-ce7c-4ccd-833e-7a6457b9abb1"
"b_autre_equipe_servie";"cd7283e0-0b73-4470-b0f9-1836b0f610d2";"home";"6a5e8c46-0357-43c6-95dc-5e8bd4c81c92";"Flag football J F D4 Niveau 2";"Keranna";"Keranna";"fe618731-fb76-403b-a160-eac9a75825f1";"3fb96c84-8649-4be4-a75b-feb9e791c399";"a2c44904-c8e2-47b6-aa8d-af1de83fddd1";"3fb96c84-8649-4be4-a75b-feb9e791c399"
"b_autre_equipe_servie";"cd7283e0-0b73-4470-b0f9-1836b0f610d2";"visitor";"6a5e8c46-0357-43c6-95dc-5e8bd4c81c92";"Flag football J F D4 Niveau 2";"Val-Mauricie";"Val-Mauricie";"5649dccc-5ba7-4032-bdc0-1f09da83aa8c";"79162e04-d6ea-4f8e-9b8b-a9249a7a8e87";"ec6f3b9f-0940-48c8-9685-9ea39fd265fb";"79162e04-d6ea-4f8e-9b8b-a9249a7a8e87"
"b_autre_equipe_servie";"cd8c2c7d-09ae-497c-8bfa-3829a715fe50";"home";"af41b48d-969c-44b6-a02f-874a5ee03969";"Flag football B F D3";"De la Croisée";"De la Croisée";"8c279071-828c-4ff6-ab74-a6838d63a7ef";"3b31a1ac-09dc-4083-9788-e4a90d896c96";"886b3172-e0d7-47a6-b93d-d0a24dae0ff4";"3b31a1ac-09dc-4083-9788-e4a90d896c96"
"b_autre_equipe_servie";"cd8c2c7d-09ae-497c-8bfa-3829a715fe50";"visitor";"af41b48d-969c-44b6-a02f-874a5ee03969";"Flag football B F D3";"Curé-Antoine-Labelle";"Curé-Antoine-Labelle";"fdb5bcc1-1659-455a-9604-b8b32fefc1a3";"cd0a4f18-f80f-4de6-9e41-a531c761a2ae";"e8eae32e-2ce1-4bea-b15a-3b3aecc6a6cf";"cd0a4f18-f80f-4de6-9e41-a531c761a2ae"
"b_autre_equipe_servie";"cd9369e1-000d-4265-b1f3-4b9cb431f0de";"visitor";"b28fa79f-9e46-44b7-bbe3-2041ca4c6670";"Soccer J Garçons D3 A";"Classé 5e- College Sainte Anne";"Collège Sainte-Anne";"ebf8cb23-c51e-4ba1-9d55-23078cf09f0d";"cda673b2-8a38-4656-aedb-ddf403d429b8";"089cf689-2453-4d65-80f0-0f908bbe53e4";"cda673b2-8a38-4656-aedb-ddf403d429b8"
"b_autre_equipe_servie";"cd9b4780-4f58-41e5-938d-6a9e80646160";"home";"44d742aa-2a6f-4485-906b-009e28d5040c";"Volleyball C Filles D4 Niveau 1 A";"St. Thomas";"St. Thomas";"b35f766c-78ab-482a-9aee-e0a62235e41c";"edceb2bd-43e5-4ab6-8582-61cd932c6df0";"71d19fd0-8d99-4efe-907b-ea1e9f749b62";"edceb2bd-43e5-4ab6-8582-61cd932c6df0"
"b_autre_equipe_servie";"ce323dd9-a655-4506-8c3e-31a75f863439";"visitor";"a3680e66-1a6c-43e0-a996-6b75d3ca7e0b";"Flag football B F D3";"Collège Laval";"Collège Laval";"80538262-7b15-4ff5-9b73-a5b24ec25183";"9e17cfb8-3d75-40c0-b7eb-7c108e115244";"c83aa582-e3ad-4444-80ce-ded3386a4b47";"9e17cfb8-3d75-40c0-b7eb-7c108e115244"
"b_autre_equipe_servie";"ce7d205c-d71a-4746-add7-9d48b3cee2ce";"visitor";"c5430025-c17d-4741-97b9-d2676e68829f";"Soccer B F D3";"Acad. Saint-Louis";"Acad. Saint-Louis";"37db89e7-cf71-49e8-b4f9-de5dddfcbe1d";"2eb14599-f10a-456a-b587-d8c9894762c2";"f693cc3e-ea74-49a2-b727-4a4e563e5a32";"2eb14599-f10a-456a-b587-d8c9894762c2"
"b_autre_equipe_servie";"ce9c6ad6-a77b-4088-a51a-fb95e5d3aa45";"visitor";"f97d8eba-d4db-4085-8e1b-2f2dbea7cad9";"Flag football B M D3";"Collège Reine-Marie";"Collège Reine-Marie";"20eadcaf-4913-441a-bda8-fb62ada925c6";"1d0c69c4-bfb1-45ac-90ae-ae0fcc4818c4";"36af98ef-b4b5-4453-bcad-4fae819c37f4";"1d0c69c4-bfb1-45ac-90ae-ae0fcc4818c4"
"b_autre_equipe_servie";"cf22bdb0-f661-401e-99a2-d61619d33b31";"home";"e3508651-d064-492f-a9fc-bc3c58a9acdb";"Volleyball J Filles D3 B";"Vincent Massey";"Vincent Massey";"61ae54c9-926c-4590-9b56-8f0d2624f05d";"35dd97ed-493b-4b1b-af7b-0a6be4d7b7ab";"ffae5407-e3df-4d29-bf55-f7976dd39cc7";"35dd97ed-493b-4b1b-af7b-0a6be4d7b7ab"
"b_autre_equipe_servie";"cf97daad-2b31-43be-a7f2-4114ad316e7f";"visitor";"c34dbeed-4a28-45dd-8163-a43c55936a22";"Flag football J F D4 AUTOMNE Est";"Académie Dunton";"Académie Dunton";"5dc79710-f838-41ae-9172-e44834ab1c03";"8dcff620-53ec-4463-83f4-c6eacff3be25";"ed56fe8c-12ab-4353-bc90-f27d1962542a";"8dcff620-53ec-4463-83f4-c6eacff3be25"
"b_autre_equipe_servie";"cfb5b56e-9a98-4c3f-a054-2ab49f2ad8b3";"home";"ecb92326-d018-419d-bb0c-0cf3b63d1833";"Flag football B Garçons D3";"Loyola";"Loyola";"d0eec0f1-f967-4a59-822f-68c69f286c32";"88afd489-5965-432f-98e3-694e9baaa7b8";"a46ce3cc-47a0-43d8-892f-37cf8105a310";"88afd489-5965-432f-98e3-694e9baaa7b8"
"b_autre_equipe_servie";"cfc50cf9-4f20-4482-b51c-6dc695deec82";"visitor";"d41fe03c-32ba-406a-b500-ecc75404040d";"Flag football C F D3";"De la Croisée";"De la Croisée";"a1d1609f-3210-4e69-872b-4a0f9b265765";"e952c549-f77a-47b5-b248-68d266b18fcc";"bf124b17-6ac5-44ed-a736-9d4a72e04f85";"e952c549-f77a-47b5-b248-68d266b18fcc"
"b_autre_equipe_servie";"d012258c-85fb-42ad-afb4-1b685c60ec16";"visitor";"3eda14c7-7c40-45cc-99cd-e976dffa9edd";"Volleyball B Garçons D3 B";"Collège Notre-Dame";"Collège Notre-Dame";"aaa6ba91-8840-4726-81fc-2cbfe9df2379";"dbb0de18-c040-4d86-a0c7-7f85e0ca6eef";"6b4eb500-abcc-4655-8e71-cbfc8f9f1bd9";"dbb0de18-c040-4d86-a0c7-7f85e0ca6eef"
"b_autre_equipe_servie";"d01766a6-339f-47ef-8719-f9c4efbedf78";"home";"186d72f0-e461-4806-933a-857429e87374";"Rugby J F D4";"Louis-Philippe-Paré";"Louis-Philippe-Paré";"387ce7de-f19b-44b7-8ce5-39a08d414327";"1cb260ec-3ae9-4ff4-99cf-c58c2a9fbb4a";"12665e0c-61e5-4d08-bc20-0e5cf8c33736";"1cb260ec-3ae9-4ff4-99cf-c58c2a9fbb4a"
"b_autre_equipe_servie";"d01766a6-339f-47ef-8719-f9c4efbedf78";"visitor";"186d72f0-e461-4806-933a-857429e87374";"Rugby J F D4";"Coll. Trinité";"Coll. Trinité";"6246a329-6361-495d-a79b-0429863b3953";"3513f3a9-c6c8-4a8e-ab14-98e3b1a20811";"0686efc1-92d7-4719-86f0-f350b5f8ae14";"3513f3a9-c6c8-4a8e-ab14-98e3b1a20811"
"b_autre_equipe_servie";"d039bcfd-e0ea-4d3e-a80b-d99078de7631";"visitor";"25a6f196-2418-4d88-92a5-da98a01c1d5b";"Flag football C F D3";"De la Croisée";"De la Croisée";"a1d1609f-3210-4e69-872b-4a0f9b265765";"e952c549-f77a-47b5-b248-68d266b18fcc";"bf124b17-6ac5-44ed-a736-9d4a72e04f85";"e952c549-f77a-47b5-b248-68d266b18fcc"
"b_autre_equipe_servie";"d0483696-4199-4668-8cd9-f8c959318719";"home";"8f41b171-27a3-4dde-8a38-7f538a044bfd";"Football J M D4";"Odyssée";"Odyssée";"6da9a54a-9e1b-4d2a-9a8b-f819c0f1893d";"b351d04d-11d0-4116-b152-30cc2783962f";"c4c12334-5011-4d35-ac04-d791fb6eb43a";"b351d04d-11d0-4116-b152-30cc2783962f"
"b_autre_equipe_servie";"d0483696-4199-4668-8cd9-f8c959318719";"visitor";"8f41b171-27a3-4dde-8a38-7f538a044bfd";"Football J M D4";"Quatre-Vents";"Quatre-Vents";"536932f9-df83-4033-91de-350ad3d77998";"1a7549f9-bd1e-4849-8d11-1589f1eff42e";"30a99e79-3d60-4edc-bbfd-09b3436b9f7c";"1a7549f9-bd1e-4849-8d11-1589f1eff42e"
"b_autre_equipe_servie";"d060514d-0026-4304-bf96-fe6d5889134b";"home";"52c040b1-07e2-4b70-9ee0-16fddf0d1165";"Flag football B F D3";"Letendre";"Letendre";"659b343c-3c43-4ce3-95de-06f00e334dce";"cda7148e-0fa9-4859-86d7-3a1eca7414c9";"6f52d32c-3716-4c58-8e2a-1e503ae6d709";"cda7148e-0fa9-4859-86d7-3a1eca7414c9"
"b_autre_equipe_servie";"d07e2a9e-8834-47ec-9031-aa724a99a419";"home";"03ae8389-347e-473d-a006-f187c543294f";"Volleyball C Garçons D3";"Loyola";"Loyola";"b313784c-ba77-4c54-af66-8b2cf916473c";"149a1cec-b797-4551-854a-d6fa0ab35979";"89d68e71-0f2c-4754-bf54-d5201d785aa4";"149a1cec-b797-4551-854a-d6fa0ab35979"
"b_autre_equipe_servie";"d08dbcd1-badb-46b9-8220-0f11ae6b36ab";"home";"1dfa7542-ffee-469b-9950-e457cc563ee8";"Flag football C F D3";"Letendre";"Letendre";"2ac2df35-879a-4efd-949d-93481e4959e5";"b987573f-adff-452d-8a4c-9310702efd42";"e999b557-0e17-4f14-ab75-b0173610b59c";"b987573f-adff-452d-8a4c-9310702efd42"
"b_autre_equipe_servie";"d08dbcd1-badb-46b9-8220-0f11ae6b36ab";"visitor";"1dfa7542-ffee-469b-9950-e457cc563ee8";"Flag football C F D3";"Collège Laval";"Collège Laval";"7c85cb28-97a3-45ba-837d-5102ae60e136";"67d06c20-9fa7-44f0-9a78-9e09b8060e7a";"48858e5a-4e54-4604-acf0-a1665be482b0";"67d06c20-9fa7-44f0-9a78-9e09b8060e7a"
"b_autre_equipe_servie";"d0996181-6a5d-488d-82d8-f2a2b698445c";"visitor";"3031d0d1-59fc-41d6-a23e-e260c4701cf9";"Soccer B M D4 Niveau 1";"Poly. Black-Lake";"Poly. Black-Lake";"69ecbba0-33d5-4e94-a564-150a9767f528";"0b4fdb84-c1df-4c2c-8815-5fd3b3634c7f";"0dd006a2-b3aa-43b0-aef6-a9fb0d81ec02";"0b4fdb84-c1df-4c2c-8815-5fd3b3634c7f"
"b_autre_equipe_servie";"d09e6028-e7ca-4fff-adcc-b7f8e219be28";"home";"b8968eb4-4fab-4eac-8034-43d8891de343";"Soccer J M D4 Niveau 2";"Pionniers";"Pionniers";"e7196785-a1bb-4221-8df8-cefa1611142c";"f014c7cc-1d60-4d03-9ec2-a428bec87de7";"1b8a6c0a-a39d-4592-9900-a4868c66c9cf";"f014c7cc-1d60-4d03-9ec2-a428bec87de7"
"b_autre_equipe_servie";"d0a2ad43-6679-4ef3-a482-358297a29a90";"home";"19b7082b-95c5-41ad-a1ca-cbf2e7bb093e";"Flag football C M D4";"Les Seigneuries";"Les Seigneuries";"ee96df69-70e4-437d-abcc-cbc38e2c8266";"d9fd05f3-aaa7-4c3a-85b8-e9ca0c1b32cc";"8ae637de-dfb1-4580-a462-f8c00bd88fbc";"d9fd05f3-aaa7-4c3a-85b8-e9ca0c1b32cc"
"b_autre_equipe_servie";"d0a2ad43-6679-4ef3-a482-358297a29a90";"visitor";"19b7082b-95c5-41ad-a1ca-cbf2e7bb093e";"Flag football C M D4";"Du Rocher";"Du Rocher";"843096cc-8175-4aa6-9c2c-a7b9a5fd55b2";"df47c926-4ab5-4495-bf4f-58dab581fc74";"a15da282-40e2-4c17-93f6-209ef5af4e8c";"df47c926-4ab5-4495-bf4f-58dab581fc74"
"b_autre_equipe_servie";"d0c439f3-a04f-4c82-81f4-1f3f35a5668e";"visitor";"6ec98a9a-1c09-4df0-99d1-a7d2313c115e";"Flag football J M D4 Niveau 3";"Collège d'Anjou";"Collège d'Anjou";"d50baa17-df67-47a4-ae5d-f87ef68850ac";"1c2ded8a-c1c2-465a-9442-2398c8d96f0e";"0ef55900-0c81-495b-a9f5-47d53d820962";"1c2ded8a-c1c2-465a-9442-2398c8d96f0e"
"b_autre_equipe_servie";"d12a59b9-e412-4cd8-be4d-25c4e4815015";"home";"9e35cc11-6bc5-4e35-be45-8bfff2fe470b";"Volleyball J Garçons D4 B";"Vincent Massey";"Vincent Massey";"23bdc81b-896e-4d84-a507-a58d93f51cce";"6e635f0a-1702-440e-b1f9-b8d60b47c488";"a234eed2-c9be-489a-9c6b-4081adb0e1af";"6e635f0a-1702-440e-b1f9-b8d60b47c488"
"b_autre_equipe_servie";"d2677cc4-75d2-43fe-86e0-7f321680f486";"visitor";"97e4ef01-37f6-4abc-8526-5d43910d204a";"Volleyball B Filles D3 A";"Loyola";"Loyola";"7038b42c-8d94-4174-a20e-6ffee617c1e9";"c1bdd457-9b1a-4832-91f7-9c6aea3ff4b4";"6880efdb-b62d-4261-9b65-3792d035ad34";"c1bdd457-9b1a-4832-91f7-9c6aea3ff4b4"
"b_autre_equipe_servie";"d26d6570-2849-4848-b550-c946ad19049f";"visitor";"9aa85c74-b039-4125-a034-b9d9a5b5ee2e";"Flag football C M D4";"Du Rocher";"Du Rocher";"843096cc-8175-4aa6-9c2c-a7b9a5fd55b2";"df47c926-4ab5-4495-bf4f-58dab581fc74";"a15da282-40e2-4c17-93f6-209ef5af4e8c";"df47c926-4ab5-4495-bf4f-58dab581fc74"
"b_autre_equipe_servie";"d2af01c3-baed-49ce-a798-1ae722af23b8";"home";"1808e3b5-7b39-4e09-b619-ee6363d0e06b";"Soccer B Filles D3 A";"St. Thomas";"St. Thomas";"5294a97a-8468-4d4e-8b1d-dd89eec1fdf7";"bd94806d-9326-448f-988c-e8e0965c434f";"a1ce89f9-bf76-4d8e-8279-257fe96d1969";"bd94806d-9326-448f-988c-e8e0965c434f"
"b_autre_equipe_servie";"d2dd7496-9b71-4c67-b0d1-2d4d4957bbbb";"home";"fc6590e1-abe7-4e63-9a21-92594c9764c1";"Soccer J Filles D3 A";"Position 1-A- John Rennie";"John-Rennie";"72769c16-52c5-4f5a-93d1-d77c516fbdc5";"2acb0446-bb4a-4d77-91f5-5b4ed18aa6d5";"00300778-0c3f-46de-91f8-11b3a6f5d02a";"2acb0446-bb4a-4d77-91f5-5b4ed18aa6d5"
"b_autre_equipe_servie";"d30e52b2-bc1f-4ae9-a8ec-67e2f466e5da";"visitor";"9f182d6c-cfa3-488c-a0c9-0a4c2e01fdf3";"Flag football J F D4 Niveau 1 Printemps Blanche";"Des Patriotes";"Des Patriotes";"9274efd7-3130-491b-8f37-680544650fc8";"8df911c0-dc7f-48f6-8b2d-b46221296a03";"5a500f5f-8d18-4880-aeab-05392b0699b8";"8df911c0-dc7f-48f6-8b2d-b46221296a03"
"b_autre_equipe_servie";"d3958071-df08-4bf3-8da9-333852d6da27";"home";"d1ea9d27-e152-469b-8be7-1b29300f9548";"Flag football J F D4 Niveau 2";"Val-Mauricie";"Val-Mauricie";"5649dccc-5ba7-4032-bdc0-1f09da83aa8c";"79162e04-d6ea-4f8e-9b8b-a9249a7a8e87";"ec6f3b9f-0940-48c8-9685-9ea39fd265fb";"79162e04-d6ea-4f8e-9b8b-a9249a7a8e87"
"b_autre_equipe_servie";"d3d8ab7b-7268-4580-a25a-2464b222104c";"visitor";"afd4374e-630e-417b-9b0e-d796c0f5e8c0";"Volleyball B Filles D3 A";"St. Thomas";"St. Thomas";"841c6565-ea95-45aa-a0b0-e7465a916640";"d6b599af-b8c0-4d9d-9dc9-d1287b6cf144";"5c8070d8-51f0-450a-a39f-d438ff2e64e6";"d6b599af-b8c0-4d9d-9dc9-d1287b6cf144"
"b_autre_equipe_servie";"d40a92c0-12b1-44a7-b0e5-4057c213f201";"visitor";"7b6feb0a-f1ae-4baf-9365-e226303546ec";"Flag football J F D3 AUTOMNE";"Collège St-Jean-Vianney";"Collège St-Jean-Vianney";"b20244af-f266-4072-95f0-3c38da5ff194";"41ac6d11-dfb6-48b3-a95c-44fb7210987a";"6e464732-eda7-47bc-a1bb-0ddeb63c6163";"41ac6d11-dfb6-48b3-a95c-44fb7210987a"
"b_autre_equipe_servie";"d41caa28-20ab-4aee-b774-26bb29795687";"home";"dfca81a8-6eb5-454c-978b-b1170f392c43";"Volleyball B Filles D3 A";"St. Thomas";"St. Thomas";"841c6565-ea95-45aa-a0b0-e7465a916640";"d6b599af-b8c0-4d9d-9dc9-d1287b6cf144";"5c8070d8-51f0-450a-a39f-d438ff2e64e6";"d6b599af-b8c0-4d9d-9dc9-d1287b6cf144"
"b_autre_equipe_servie";"d4335494-7b37-4f67-a423-0304fd9cc2b2";"visitor";"af5e74c1-9731-4ff9-9a87-fbe135d7779c";"Flag football C M D3";"Collège Reine-Marie";"Collège Reine-Marie";"3b213a03-c477-40c6-8eec-c512cd2c2094";"540f4ea6-00c9-4c48-88de-0108a93a76cc";"9c102b7b-15d9-407f-98d6-3ee73d29ab5a";"540f4ea6-00c9-4c48-88de-0108a93a76cc"
"b_autre_equipe_servie";"d444d2aa-8153-4092-94f6-8fd7fd45f74d";"home";"ee0d0dd9-b8b8-43a9-9795-a5b676ed02d6";"Flag football J F D3";"Keranna";"Keranna";"0e6c2bb5-4044-4bff-a922-0fc57bcfb1c1";"c602e2a7-7bc1-42ab-b810-03046bc4fde0";"f266dcd6-fa98-44c7-a0e6-d2fd4af4c461";"c602e2a7-7bc1-42ab-b810-03046bc4fde0"
"b_autre_equipe_servie";"d444d2aa-8153-4092-94f6-8fd7fd45f74d";"visitor";"ee0d0dd9-b8b8-43a9-9795-a5b676ed02d6";"Flag football J F D3";"Des Pionniers";"Des Pionniers";"ff75e7d6-d39a-46ad-a5d3-38bfa287ee7d";"c28d50f0-72bf-4b77-9297-53af1bae2597";"8fd9ff1f-e30a-4df7-bee2-593225647626";"c28d50f0-72bf-4b77-9297-53af1bae2597"
"b_autre_equipe_servie";"d45a4ecc-6498-48a3-847e-3c0315adff7d";"visitor";"d62e9a5e-10e3-4aee-aafe-6f36c0d2a6a9";"Flag football J F D4 Niveau 1 Printemps Blanche";"Oka";"Oka";"fa8bd3ec-613c-41a3-964a-8ea83df0b52b";"6793f849-718d-423b-a1f4-e06387fc2916";"be5cd12b-d4de-43ee-a2df-fa13b7a5acc2";"6793f849-718d-423b-a1f4-e06387fc2916"
"b_autre_equipe_servie";"d46db007-e0b4-47af-b0c0-8f95864e6f57";"home";"43df9538-f5cc-430e-9ff3-5ca6c59d37e0";"Football B M D4";"Porte-du-Nord";"Porte-du-Nord";"9c80495e-2e9c-48ad-aa99-ab10b7bececd";"5c8af65d-39a6-431c-9b6d-4d713e0fd021";"1f8aa7f6-de8e-402c-998a-889e1393816b";"5c8af65d-39a6-431c-9b6d-4d713e0fd021"
"b_autre_equipe_servie";"d4d9e9f4-6234-4f00-aeb2-915f90d4a197";"visitor";"2a92a1ad-2e52-433e-bbd3-b5df18e6bbf6";"Flag football B Garçons D3";"St. Thomas";"St. Thomas";"1275fac4-0dfa-4472-b847-16f59607814c";"85e323cf-7804-4c94-a8bc-b68b210fb6b6";"f29603cc-8dfe-48eb-ab1d-955fdb4c1c69";"85e323cf-7804-4c94-a8bc-b68b210fb6b6"
"b_autre_equipe_servie";"d558494c-27e0-4098-8c55-fc0f17743b1f";"home";"167c6ef1-80bf-4cb3-b5dc-d096734a997e";"Soccer B M D3";"Aubier";"Aubier";"ad300fce-10db-4fa5-a2ef-d8f809168433";"5f057c5d-387f-4ba4-a213-a51bb1a14704";"1cb04277-7aad-46b1-99aa-4629297795d2";"5f057c5d-387f-4ba4-a213-a51bb1a14704"
"b_autre_equipe_servie";"d558494c-27e0-4098-8c55-fc0f17743b1f";"visitor";"167c6ef1-80bf-4cb3-b5dc-d096734a997e";"Soccer B M D3";"Coll. des Compagnons";"Coll. des Compagnons";"64af9bca-84d3-4a20-b956-3f2c3c8946a2";"b639c6b0-18d7-432d-9e84-d3644e91f12d";"cb38e65e-7c7b-4e56-83f2-d709402163c1";"b639c6b0-18d7-432d-9e84-d3644e91f12d"
"b_autre_equipe_servie";"d5712663-08ff-4988-bfa0-dde91c714ff2";"home";"e5f93738-198a-499b-9b01-536a443c2f31";"Soccer J Garçons D3 A";"Collège Sainte-Anne";"Collège Sainte-Anne";"ebf8cb23-c51e-4ba1-9d55-23078cf09f0d";"cda673b2-8a38-4656-aedb-ddf403d429b8";"089cf689-2453-4d65-80f0-0f908bbe53e4";"cda673b2-8a38-4656-aedb-ddf403d429b8"
"b_autre_equipe_servie";"d5712663-08ff-4988-bfa0-dde91c714ff2";"visitor";"e5f93738-198a-499b-9b01-536a443c2f31";"Soccer J Garçons D3 A";"John-Rennie";"John-Rennie";"e0581212-8a5f-42ff-90c3-9a26d15aa8f7";"a9b97733-4ad1-4c5e-80f5-8c445fe4ebe7";"bb5f542e-a8c1-4da6-a2d7-be164d9c2874";"a9b97733-4ad1-4c5e-80f5-8c445fe4ebe7"
"b_autre_equipe_servie";"d5767610-8117-4e70-8b1b-f53387ffefc3";"home";"9fde324d-39e9-410e-8008-eba23a9ed20f";"Volleyball B Filles D3 B";"Vincent Massey";"Vincent Massey";"04a1a220-e9f5-4a63-b3bc-e62d22b0a912";"0cb50c40-a579-469f-abd4-ac2ce3d60d67";"2c4b35e9-c397-4764-a032-37706506c6ce";"0cb50c40-a579-469f-abd4-ac2ce3d60d67"
"b_autre_equipe_servie";"d594abbe-2e5e-4e6e-a924-57fea69f3f3c";"visitor";"3e46750a-c067-4b62-95e8-1ff9f57e0555";"Flag football B F D4 Niveau 1 Printemps Bleue";"Académie Ste-Thérèse";"Académie Ste-Thérèse";"41d65b2d-0b58-4c60-9bfc-e9f0d4906b10";"c1064f2d-19e4-4ef9-a736-e9048c774c58";"8bda15b7-d54a-4921-a545-9191c9386bcd";"c1064f2d-19e4-4ef9-a736-e9048c774c58"
"b_autre_equipe_servie";"d5d28e70-f755-4640-9913-8dd4e1d54c4d";"home";"f2c4db71-fe5c-4dc3-8f45-26ba4e7452ec";"Flag football J F D3 AUTOMNE";"Collège Notre-Dame";"Collège Notre-Dame";"099c0446-4eb6-42c4-b9d3-5e2a8d97db9b";"51304192-0336-4a08-bd8b-f767da22a202";"dab3d5b4-94ee-4ee6-9727-b69ff813dc03";"51304192-0336-4a08-bd8b-f767da22a202"
"b_autre_equipe_servie";"d6296743-04ab-419b-9b89-f0e781aa8490";"home";"455ede71-f6cf-4214-a850-3c3211619be9";"Flag football B F D3";"Collège Mont-St-Louis";"Collège Mont-St-Louis";"f31fd5dc-bfcc-41a1-a9f2-60ce3187b1dc";"decb9c40-49e9-42b0-8ca5-d97c37d96b2a";"76ba448a-6219-481b-bbb3-d9f3e233bc25";"decb9c40-49e9-42b0-8ca5-d97c37d96b2a"
"b_autre_equipe_servie";"d6296743-04ab-419b-9b89-f0e781aa8490";"visitor";"455ede71-f6cf-4214-a850-3c3211619be9";"Flag football B F D3";"Collège Notre-Dame";"Collège Notre-Dame";"5a3db3ba-d32d-47fb-928a-de1f6910f51d";"2fb0c17b-9a09-4294-8511-1de6b8a82163";"d91cc894-9c54-443f-baf4-491cee77e80f";"2fb0c17b-9a09-4294-8511-1de6b8a82163"
"b_autre_equipe_servie";"d6324c66-f3ca-4521-a923-af4489969cdb";"home";"ff687b7b-46e8-4c13-b227-f76d921e0ea0";"Volleyball C Filles D3 B";"Loyola";"Loyola";"e725e9c1-f50c-4c16-8c9f-6d2da76f22fe";"2e1510cb-e48c-46b3-8d98-e007aa3fc848";"eda3b035-b965-4606-a704-f36f2afb1b35";"2e1510cb-e48c-46b3-8d98-e007aa3fc848"
"b_autre_equipe_servie";"d6741d1f-ccc5-4bfa-9e68-7ae40454562b";"home";"85ec4320-af72-4f87-9d49-a78795775f87";"Volleyball J Filles D3 A";"Position 2 A-STT";"St. Thomas";"965eaded-5ed7-4569-a8e3-e7416469ce98";"faea7178-3fe6-47af-ad56-4cca73d1c736";"873e45c8-3720-4b7c-b1ab-14ddd4ecc054";"faea7178-3fe6-47af-ad56-4cca73d1c736"
"b_autre_equipe_servie";"d693a5bb-008c-46df-a9d9-db2b0fdba525";"home";"aae9e9e5-367e-4bae-b149-f5ec0eff122a";"Flag football J F D4 Niveau 1 Automne Bleue";"Jean-Baptiste-Meilleur";"Jean-Baptiste-Meilleur";"83f7b9db-96ff-4150-b4f4-bb96f8892a7c";"d6db6f2e-def0-40cf-9edc-003c3c445331";"5b74a422-f064-444f-b36c-3973512d70f6";"d6db6f2e-def0-40cf-9edc-003c3c445331"
"b_autre_equipe_servie";"d6b89deb-db54-49e5-aa4a-ffa8bb2f1a75";"home";"8fd49540-c90f-4be4-9582-f85319e16d43";"Volleyball J Filles D3 B";"Vincent Massey";"Vincent Massey";"61ae54c9-926c-4590-9b56-8f0d2624f05d";"35dd97ed-493b-4b1b-af7b-0a6be4d7b7ab";"ffae5407-e3df-4d29-bf55-f7976dd39cc7";"35dd97ed-493b-4b1b-af7b-0a6be4d7b7ab"
"b_autre_equipe_servie";"d6e2c877-bec7-493c-ba4e-9847c36352e7";"visitor";"c79c9696-4c86-4b74-85c9-135e9323c7df";"Rugby J F D3";"Pontiac";"Pontiac";"a8ae97c2-a677-451c-ab20-044722830f1b";"c6a9fa3a-c94f-4a9a-954d-068b3d64e36e";"14abf13f-a35f-44af-85ab-27bf377df80c";"c6a9fa3a-c94f-4a9a-954d-068b3d64e36e"
"b_autre_equipe_servie";"d7274952-d9bb-4e75-8c7b-eb4674e648eb";"home";"6ccb6783-8626-4fb9-8e82-283c507336c2";"Flag football B F D4 Niveau 1 Printemps Rouge";"Horizon";"Horizon";"e4f77e52-dcc3-4b6f-a4f7-b83790f89147";"ef86f420-9c85-4459-85a9-ce2854c6d139";"8e54ae62-5b1f-4fb1-bd97-69416ba9c57f";"ef86f420-9c85-4459-85a9-ce2854c6d139"
"b_autre_equipe_servie";"d74b6066-3e84-40e1-8daf-51ec57f96343";"home";"b32afcc3-9c4a-4f6d-ace4-f8af1b26c0fd";"Soccer J Filles D3 A";"John-Rennie";"John-Rennie";"72769c16-52c5-4f5a-93d1-d77c516fbdc5";"2acb0446-bb4a-4d77-91f5-5b4ed18aa6d5";"00300778-0c3f-46de-91f8-11b3a6f5d02a";"2acb0446-bb4a-4d77-91f5-5b4ed18aa6d5"
"b_autre_equipe_servie";"d75283e1-88b0-4c5e-92a4-3330b4e84349";"home";"4c1c2fde-ecb1-47a8-bea5-53cc3cd15cf3";"Flag football J F D4 Niveau 2";"Val-Mauricie";"Val-Mauricie";"5649dccc-5ba7-4032-bdc0-1f09da83aa8c";"79162e04-d6ea-4f8e-9b8b-a9249a7a8e87";"ec6f3b9f-0940-48c8-9685-9ea39fd265fb";"79162e04-d6ea-4f8e-9b8b-a9249a7a8e87"
"b_autre_equipe_servie";"d75283e1-88b0-4c5e-92a4-3330b4e84349";"visitor";"4c1c2fde-ecb1-47a8-bea5-53cc3cd15cf3";"Flag football J F D4 Niveau 2";"Des Pionniers";"Des Pionniers";"06e7274f-9d23-4d48-87ea-2123b537ff6c";"eca74e7a-6b9f-4d09-b691-fdfdd973336a";"840c291e-92e1-4927-9539-a909143c2915";"eca74e7a-6b9f-4d09-b691-fdfdd973336a"
"b_autre_equipe_servie";"d7679f67-5808-4920-adfe-9d983c511d2d";"visitor";"def6debf-0fe9-4d01-80d2-eabb63c2d4ba";"Flag football J F D4 Niveau 1";"La Découverte";"La Découverte";"2d36d17e-d5f7-47fd-b995-345e8b32a12b";"0fde9abe-8079-4938-96b4-6b414dcf06db";"7d0f9003-dcb6-414c-9506-a48de6c4a937";"0fde9abe-8079-4938-96b4-6b414dcf06db"
"b_autre_equipe_servie";"d76dc1dd-048f-4374-aa47-6376f5794578";"home";"96d9f871-10e2-4769-9c21-58c41cf94224";"Flag football J F D4 Niveau 1";"La Découverte";"La Découverte";"2d36d17e-d5f7-47fd-b995-345e8b32a12b";"0fde9abe-8079-4938-96b4-6b414dcf06db";"7d0f9003-dcb6-414c-9506-a48de6c4a937";"0fde9abe-8079-4938-96b4-6b414dcf06db"
"b_autre_equipe_servie";"d76dc1dd-048f-4374-aa47-6376f5794578";"visitor";"96d9f871-10e2-4769-9c21-58c41cf94224";"Flag football J F D4 Niveau 1";"Jean-Nicolet";"Jean-Nicolet";"e920723c-ad6c-4954-80b9-6b60de1130a0";"d4bdd2c3-feca-42d3-8ad8-fbcadb22a6bc";"8b5e17a1-40e5-4581-bcd8-a8698dafcaf4";"d4bdd2c3-feca-42d3-8ad8-fbcadb22a6bc"
"b_autre_equipe_servie";"d7748f1f-657e-482f-8ca8-dfeb7d71a76c";"home";"3e8e2c25-58b8-4817-a6a7-96bbc537e936";"Flag football J F D3";"Des Pionniers";"Des Pionniers";"ff75e7d6-d39a-46ad-a5d3-38bfa287ee7d";"c28d50f0-72bf-4b77-9297-53af1bae2597";"8fd9ff1f-e30a-4df7-bee2-593225647626";"c28d50f0-72bf-4b77-9297-53af1bae2597"
"b_autre_equipe_servie";"d7ac0df5-6135-4039-beda-92fd016043a1";"visitor";"86fb67dc-ed69-48a3-ad16-4649858c3b64";"Soccer J F D4 Niveau 2";"St-Marc";"St-Marc";"662bce4c-d6ff-4221-a1e9-00e88bc53a8b";"24064fca-97a5-430e-8a2f-0a456ba8cfab";"e1ba37c4-c7b3-42ec-9441-32c137786b4f";"24064fca-97a5-430e-8a2f-0a456ba8cfab"
"b_autre_equipe_servie";"d7d6e313-db26-49ac-8cc5-0722e52c4d71";"home";"76fb932a-4aad-44aa-824e-9316dd1bb0ab";"Volleyball B Filles D3 A";"St. Thomas";"St. Thomas";"841c6565-ea95-45aa-a0b0-e7465a916640";"d6b599af-b8c0-4d9d-9dc9-d1287b6cf144";"5c8070d8-51f0-450a-a39f-d438ff2e64e6";"d6b599af-b8c0-4d9d-9dc9-d1287b6cf144"
"b_autre_equipe_servie";"d7faeb1d-4723-4a51-9b69-894147c1c7bf";"home";"b197de01-78fb-4239-9c3a-fe0fae0c0a38";"Volleyball J Filles D3 B";"Vincent Massey";"Vincent Massey";"61ae54c9-926c-4590-9b56-8f0d2624f05d";"35dd97ed-493b-4b1b-af7b-0a6be4d7b7ab";"ffae5407-e3df-4d29-bf55-f7976dd39cc7";"35dd97ed-493b-4b1b-af7b-0a6be4d7b7ab"
"b_autre_equipe_servie";"d84dc5ac-f649-477b-9545-8ab6ad769b35";"visitor";"d0999010-a978-457c-a37c-0cffe1e93ec1";"Flag football C M D4";"Jean-Nicolet";"Jean-Nicolet";"0c55e091-7a8a-4279-aeed-7fef1fe3d3a4";"f0bd5efa-3fa1-4ebf-9e59-94b35bf60b39";"da1d244d-8f96-4854-9f29-1fd38c534858";"f0bd5efa-3fa1-4ebf-9e59-94b35bf60b39"
"b_autre_equipe_servie";"d84f30de-8a6f-4238-8862-30719435bbbe";"home";"f88fdc56-185a-4150-a58e-47885126c45d";"Flag football J F D4 Niveau 1";"La Découverte";"La Découverte";"2d36d17e-d5f7-47fd-b995-345e8b32a12b";"0fde9abe-8079-4938-96b4-6b414dcf06db";"7d0f9003-dcb6-414c-9506-a48de6c4a937";"0fde9abe-8079-4938-96b4-6b414dcf06db"
"b_autre_equipe_servie";"d84f30de-8a6f-4238-8862-30719435bbbe";"visitor";"f88fdc56-185a-4150-a58e-47885126c45d";"Flag football J F D4 Niveau 1";"Champagnat";"Champagnat";"3559e2fe-abe2-42ca-851c-86a76b03a9ff";"55cb6875-9b41-446c-914c-50d3de95583c";"2d38ae3d-e2f2-4b82-977a-375b6440e906";"55cb6875-9b41-446c-914c-50d3de95583c"
"b_autre_equipe_servie";"d87168a7-2f5e-41a6-b1f5-d4675f351b5d";"home";"74abf940-9515-4806-83ba-e42be073f925";"Flag football C F D3";"Curé-Antoine-Labelle";"Curé-Antoine-Labelle";"9b8d8c74-5b02-4eea-b55a-6b74a52c6a07";"756b1ac6-c36f-4d51-9b16-b3070e474e5d";"d1fa5dda-b79e-4d03-8282-8aadf746d5ad";"756b1ac6-c36f-4d51-9b16-b3070e474e5d"
"b_autre_equipe_servie";"d8868b5e-d0da-48ba-be51-b241a9296b4e";"visitor";"33504aca-0125-4d7c-b6ff-336473a0e183";"Soccer C Garçons D3 A";"Loyola";"Loyola";"3a2c0cec-ba6e-4068-975d-59895d2798a4";"1945d4bf-bd04-46cb-8b28-ecc70b29e924";"4b25f1ee-34f7-4cd5-896f-055a2f426a97";"1945d4bf-bd04-46cb-8b28-ecc70b29e924"
"b_autre_equipe_servie";"d8887fa9-c75b-475f-ac61-b97c49dc660a";"home";"6929af45-892c-4a60-9753-0d358f81ba2c";"Flag football J F D4 Niveau 1";"Jean-Nicolet";"Jean-Nicolet";"e920723c-ad6c-4954-80b9-6b60de1130a0";"d4bdd2c3-feca-42d3-8ad8-fbcadb22a6bc";"8b5e17a1-40e5-4581-bcd8-a8698dafcaf4";"d4bdd2c3-feca-42d3-8ad8-fbcadb22a6bc"
"b_autre_equipe_servie";"d8887fa9-c75b-475f-ac61-b97c49dc660a";"visitor";"6929af45-892c-4a60-9753-0d358f81ba2c";"Flag football J F D4 Niveau 1";"Du Rocher";"Du Rocher";"e0bb38a1-e65f-4561-985d-9a26a313d562";"a936ba2c-57fb-4e40-bfc0-3311506e89ae";"bcacb355-5dc5-4c15-93e7-614db59a38fa";"a936ba2c-57fb-4e40-bfc0-3311506e89ae"
"b_autre_equipe_servie";"d8dd02fa-1927-462d-bd49-0948da216fb2";"home";"5b89b1ed-4c6c-4377-8ff2-ff644cfdbbb4";"Soccer C Garçons D3 A";"Collège Jean-de-Brébeuf";"Collège Jean-de-Brébeuf";"de0e10c3-09de-4d06-81c5-cc2c2c6dfcbc";"0b44e927-d042-4583-b6af-55176f302738";"6a3a8e8a-5e82-4dc9-aa50-66742df41010";"0b44e927-d042-4583-b6af-55176f302738"
"b_autre_equipe_servie";"d8dd02fa-1927-462d-bd49-0948da216fb2";"visitor";"5b89b1ed-4c6c-4377-8ff2-ff644cfdbbb4";"Soccer C Garçons D3 A";"Collège Sainte-Anne";"Collège Sainte-Anne";"e2f9ab5e-3c60-45a6-a3e6-d1792ca5fc6f";"43f59393-bcd5-4281-bed7-5d3f9b460f85";"f9aa0101-4a96-4528-a1d4-7f248e9c60b4";"43f59393-bcd5-4281-bed7-5d3f9b460f85"
"b_autre_equipe_servie";"d8ea2eae-c8db-4310-a54b-7f7714073c62";"home";"5125c12e-8587-4c22-8c44-d6d2f61eaf79";"Flag football C M D4";"L'Escale";"L'Escale";"01500a13-b182-4c6d-a966-ebe03ef6bc2b";"53bd5bef-8454-4a1e-8b1d-5bcdb28ce176";"c529e448-a991-4fcc-98bd-becd1a6b7316";"53bd5bef-8454-4a1e-8b1d-5bcdb28ce176"
"b_autre_equipe_servie";"d8ec8d70-784e-4ff5-b927-2e8cd0a21c11";"visitor";"726602da-da31-460a-b3dc-2be6d0902979";"Flag football B F D4 Niveau 1 Printemps Bleue";"Académie Ste-Thérèse";"Académie Ste-Thérèse";"41d65b2d-0b58-4c60-9bfc-e9f0d4906b10";"c1064f2d-19e4-4ef9-a736-e9048c774c58";"8bda15b7-d54a-4921-a545-9191c9386bcd";"c1064f2d-19e4-4ef9-a736-e9048c774c58"
"b_autre_equipe_servie";"d9a93b6f-3d95-46db-b47d-71b2df7bdcb8";"home";"dfeb078a-44db-482e-a3b8-71bdbba2d36f";"Flag football B F D4 Niveau 1 Printemps Bleue";"Cap-Jeunesse";"Cap-Jeunesse";"9b13b2cf-8f31-4c50-aac5-5db4d320a5e2";"e9534fcc-742a-46dd-9873-eabaaa614303";"f1955764-b492-4ae3-a10c-ff92d41c8c68";"e9534fcc-742a-46dd-9873-eabaaa614303"
"b_autre_equipe_servie";"d9bdb4e7-8458-4603-a09b-325486b34301";"home";"72249f8b-3a20-4e64-b284-e2bb3f1a031d";"Rugby J F D4";"Cité-des-Jeunes";"Cité-des-Jeunes";"02c60b9a-fd03-4a97-a42e-93671e5a1095";"1406338c-e857-49f7-bdf2-6c489c0d9fbf";"e2396918-2ccc-48e3-bc81-bcade52e58e7";"1406338c-e857-49f7-bdf2-6c489c0d9fbf"
"b_autre_equipe_servie";"d9bdb4e7-8458-4603-a09b-325486b34301";"visitor";"72249f8b-3a20-4e64-b284-e2bb3f1a031d";"Rugby J F D4";"Polybel";"Polybel";"bab310a9-acb9-4465-8850-452b6b540bf4";"bfb487ff-8bcf-4ab5-bf4e-411e54d5f792";"4cac9a6a-f48b-4131-a39c-1d512e755ae4";"bfb487ff-8bcf-4ab5-bf4e-411e54d5f792"
"b_autre_equipe_servie";"d9d9f793-299e-422e-8e11-a66dbe300ce2";"visitor";"d151753e-ea42-4890-bc62-42bc8e53f108";"Volleyball B Garçons D3 B";"Collège Notre-Dame";"Collège Notre-Dame";"aaa6ba91-8840-4726-81fc-2cbfe9df2379";"dbb0de18-c040-4d86-a0c7-7f85e0ca6eef";"6b4eb500-abcc-4655-8e71-cbfc8f9f1bd9";"dbb0de18-c040-4d86-a0c7-7f85e0ca6eef"
"b_autre_equipe_servie";"da043e8f-edf2-41ba-ac83-dc0d0d9f8c8d";"home";"3289a38a-1ab0-4c31-86e5-067ef19cd542";"Flag football B M D3 AUTOMNE";"Collège St-Jean-Vianney";"Collège St-Jean-Vianney";"5bb84857-fd94-4f99-adc5-91b4dda142bb";"c7a0d819-46af-453a-acb3-faeda1be571c";"b9dde348-6a7e-400d-8653-710516392237";"c7a0d819-46af-453a-acb3-faeda1be571c"
"b_autre_equipe_servie";"da65a2be-b285-4f52-9b43-c91c2613a16b";"home";"b3d02f44-537d-4da3-9b9d-d79f866576f6";"Football B U D3 9 vs 9";"Nouvelles Frontières";"Nouvelles Frontières";"288b69f9-33cc-4882-ae58-f241b2f93355";"d346d2a5-6784-48b8-acd9-e6144e693ca5";"0c2dbb00-88cb-4c3e-8f9b-98c19a79c042";"d346d2a5-6784-48b8-acd9-e6144e693ca5"
"b_autre_equipe_servie";"da65a2be-b285-4f52-9b43-c91c2613a16b";"visitor";"b3d02f44-537d-4da3-9b9d-d79f866576f6";"Football B U D3 9 vs 9";"Cité étudiante Haute-Gatineau";"Cité étudiante Haute-Gatineau";"5c639737-3fa2-4463-acd4-5f0bb22001d5";"6016e2a2-acc9-494d-a292-daa805a89ef1";"fcb4f994-62a1-42b5-ab35-c0c4622777d4";"6016e2a2-acc9-494d-a292-daa805a89ef1"
"b_autre_equipe_servie";"da9574a4-b822-4257-981b-44d7b13d61fe";"visitor";"596ac491-3b2d-4070-9208-b16695e88cb9";"Flag football B M D3 AUTOMNE";"ÉS Père-Marquette";"ÉS Père-Marquette";"f1bdd2d7-40a0-438a-a483-53431dad157a";"9cef1809-1ff1-4253-ac75-bb6513c614a1";"4880bc60-0cad-45e4-bca1-dab618962df8";"9cef1809-1ff1-4253-ac75-bb6513c614a1"
"b_autre_equipe_servie";"daad00ba-17a1-4fad-b746-fffdea9a96ab";"home";"4a63e45e-d483-4add-8fbf-f295b380e33e";"Football B U D3 9 vs 9";"Nicolas-Gatineau";"Nicolas-Gatineau";"cda37289-fb16-4cbb-8c7b-991f7cd061dc";"34fd3959-e76d-4408-a5eb-f4e8e63345f4";"5563f7a2-ef59-440d-bb22-32a2195b69a7";"34fd3959-e76d-4408-a5eb-f4e8e63345f4"
"b_autre_equipe_servie";"daad00ba-17a1-4fad-b746-fffdea9a96ab";"visitor";"4a63e45e-d483-4add-8fbf-f295b380e33e";"Football B U D3 9 vs 9";"Cité étudiante Haute-Gatineau";"Cité étudiante Haute-Gatineau";"5c639737-3fa2-4463-acd4-5f0bb22001d5";"6016e2a2-acc9-494d-a292-daa805a89ef1";"fcb4f994-62a1-42b5-ab35-c0c4622777d4";"6016e2a2-acc9-494d-a292-daa805a89ef1"
"b_autre_equipe_servie";"dabfe661-1b0a-4c8a-a686-797fefa4c56e";"home";"496dd657-ec40-47ce-be58-72cd11d0d7b0";"Football B U D3 9 vs 9";"Cité étudiante Haute-Gatineau";"Cité étudiante Haute-Gatineau";"5c639737-3fa2-4463-acd4-5f0bb22001d5";"6016e2a2-acc9-494d-a292-daa805a89ef1";"fcb4f994-62a1-42b5-ab35-c0c4622777d4";"6016e2a2-acc9-494d-a292-daa805a89ef1"
"b_autre_equipe_servie";"dabfe661-1b0a-4c8a-a686-797fefa4c56e";"visitor";"496dd657-ec40-47ce-be58-72cd11d0d7b0";"Football B U D3 9 vs 9";"Collège Saint-Alexandre";"Collège Saint-Alexandre";"9377e0cb-79e4-4bc8-b6da-19d8437929db";"e02b6ece-c480-45ee-aa6d-c964c5bbea28";"33e89322-7be3-446b-aae1-1a8462e40829";"e02b6ece-c480-45ee-aa6d-c964c5bbea28"
"b_autre_equipe_servie";"db175844-b020-4631-b099-cc157a811ee1";"home";"937f2c45-a69b-4504-a557-d0d2bcd6a447";"Flag football J M D3";"Collège St-Jean-Vianney";"Collège St-Jean-Vianney";"77b09d75-350c-45aa-9b0f-7b8be7193c7d";"aa80b959-a4cd-4f1d-9d63-aa0fcc39beef";"35df4f7a-344f-430e-b40f-cbff6a23bce1";"aa80b959-a4cd-4f1d-9d63-aa0fcc39beef"
"b_autre_equipe_servie";"db175844-b020-4631-b099-cc157a811ee1";"visitor";"937f2c45-a69b-4504-a557-d0d2bcd6a447";"Flag football J M D3";"Collège Mont-St-Louis";"Collège Mont-St-Louis";"7f8dc406-ada5-4702-baec-283b7123abcb";"68688c39-470a-4717-80c2-f049d9b214ba";"3862c17c-0d53-4661-a479-f6919183a412";"68688c39-470a-4717-80c2-f049d9b214ba"
"b_autre_equipe_servie";"db24d7bc-949c-4cd3-98e3-0778e7508ed6";"home";"fc9780cc-0507-48e6-8d23-cd938f0e913b";"Flag football C M D4";"Le Tremplin";"Le Tremplin";"1a351f3e-a171-4200-8d6b-7f78d860189d";"b4806885-e39f-43c3-b441-b2755d7544fd";"eb067125-a9a7-4a65-a802-0ebf186b7ac6";"b4806885-e39f-43c3-b441-b2755d7544fd"
"b_autre_equipe_servie";"db8d5953-e7bd-40ec-a9a0-916be1e1278e";"visitor";"9f3ce93f-8f09-403d-a889-2637f4f6bfe1";"Flag football J F D4 Niveau 1 Automne Rouge";"Jean-Baptiste-Meilleur";"Jean-Baptiste-Meilleur";"83f7b9db-96ff-4150-b4f4-bb96f8892a7c";"d6db6f2e-def0-40cf-9edc-003c3c445331";"5b74a422-f064-444f-b36c-3973512d70f6";"d6db6f2e-def0-40cf-9edc-003c3c445331"
"b_autre_equipe_servie";"dba2e243-c161-40b3-8587-4dee9503e792";"home";"98edfc34-014f-4101-8365-9a2f64492db8";"Flag football J M D4 Niveau 2 SECTION 2";"ÉS Père-Marquette";"ÉS Père-Marquette";"e25b5591-03f4-47ca-a560-34de311ac035";"59f59f9b-d7c1-45ee-8b26-d7f25c4fe4f0";"e2cc3eae-31c4-458a-9ace-200b8f404925";"59f59f9b-d7c1-45ee-8b26-d7f25c4fe4f0"
"b_autre_equipe_servie";"dba2e243-c161-40b3-8587-4dee9503e792";"visitor";"98edfc34-014f-4101-8365-9a2f64492db8";"Flag football J M D4 Niveau 2 SECTION 2";"ÉS Marguerite-De Lajemmerais";"ÉS Marguerite-De Lajemmerais";"89c5c17c-e806-41c9-88c6-c2568977a640";"df139f3a-4155-4480-95bc-b2880b899120";"4036c6c0-7c89-4ae3-92ca-ff09f97eecc4";"df139f3a-4155-4480-95bc-b2880b899120"
"b_autre_equipe_servie";"dbf9a4d8-e2fc-4ad4-ba75-d5a3ff0b5e1a";"home";"58f76265-1f0f-4a83-8c8c-582f5fc911d1";"Volleyball C Filles D3 A";"John-Rennie";"John-Rennie";"ee9e77c1-58c7-4afe-a05d-029b50c9591c";"55f90e35-a7e0-4f7c-ab28-9cff54d91bd0";"40257dd1-fce5-4bac-98f7-259a15747354";"55f90e35-a7e0-4f7c-ab28-9cff54d91bd0"
"b_autre_equipe_servie";"dc26f5cb-2342-4d70-a1de-4d5b50c374e0";"visitor";"85cf1081-7a84-478f-b2f4-d04aa78bc804";"Flag football J F D4 Niveau 1 Printemps Noire";"Antoine-Manseau";"Antoine-Manseau";"d2451207-dc7e-4af8-b809-9f568c9c6573";"804a49cc-dae0-4194-8d2c-2397806cc168";"09b19983-8a9a-4fea-902b-2a02a3158ab1";"804a49cc-dae0-4194-8d2c-2397806cc168"
"b_autre_equipe_servie";"dc2b901f-eb6b-4be1-8b2b-74ec749c3fbc";"visitor";"9b09cbd9-aeca-47b9-9a59-56c785f223ef";"Flag football B M D3 AUTOMNE";"Collège Ville-Marie";"Collège Ville-Marie";"ad358ed9-50f2-4cf0-b6c0-cd9abf187e55";"f892a9e2-e19c-4620-94fc-e05e8f904330";"f958d15a-f2d3-4b21-94d5-6accf420b61a";"f892a9e2-e19c-4620-94fc-e05e8f904330"
"b_autre_equipe_servie";"dc7d6d7b-8269-4d38-a63a-726ae91bb9ca";"home";"12189211-7627-4a0e-bde5-53603736f56d";"Football J M D4";"Porte-du-Nord";"Porte-du-Nord";"0095b948-554e-4800-80f6-7039ab27e2f7";"6cf105f1-bcfb-4172-a914-872f116a7f39";"8660d029-021c-40f5-9354-464d5d80f536";"6cf105f1-bcfb-4172-a914-872f116a7f39"
"b_autre_equipe_servie";"dc7d6d7b-8269-4d38-a63a-726ae91bb9ca";"visitor";"12189211-7627-4a0e-bde5-53603736f56d";"Football J M D4";"Odyssée";"Odyssée";"6da9a54a-9e1b-4d2a-9a8b-f819c0f1893d";"b351d04d-11d0-4116-b152-30cc2783962f";"c4c12334-5011-4d35-ac04-d791fb6eb43a";"b351d04d-11d0-4116-b152-30cc2783962f"
"b_autre_equipe_servie";"dcb087db-f279-42c6-afe4-15f9f0bb5773";"home";"91285c4f-89a0-423a-94f2-a181b0b37323";"Flag football J F D3";"Les Estacades";"Les Estacades";"82ff7714-b9e0-41f6-8bc4-afe70ff9cb02";"a9fb5ad5-e146-4af5-b7a7-5e3a05e31d97";"314fdb41-3f82-4d4f-90f6-248a584bbdbc";"a9fb5ad5-e146-4af5-b7a7-5e3a05e31d97"
"b_autre_equipe_servie";"dcb087db-f279-42c6-afe4-15f9f0bb5773";"visitor";"91285c4f-89a0-423a-94f2-a181b0b37323";"Flag football J F D3";"Jean-Nicolet";"Jean-Nicolet";"fce377df-7ccf-48fe-95e4-8c495beb78f7";"8fb67088-d17d-49ca-b77a-0ef8b88a67ca";"a8d1a4df-bc95-4634-9558-77b153932a2f";"8fb67088-d17d-49ca-b77a-0ef8b88a67ca"
"b_autre_equipe_servie";"dcbc745f-75f5-49f5-9629-1e65b771796c";"home";"76836f3c-8866-4587-8611-8165d3556c73";"Flag football B Garçons D3";"St. Thomas";"St. Thomas";"1275fac4-0dfa-4472-b847-16f59607814c";"85e323cf-7804-4c94-a8bc-b68b210fb6b6";"f29603cc-8dfe-48eb-ab1d-955fdb4c1c69";"85e323cf-7804-4c94-a8bc-b68b210fb6b6"
"b_autre_equipe_servie";"dd1a4d47-6c5c-4b97-b084-fdecd556d173";"home";"9d32cc70-646c-44c4-84ad-0964bd3c2b64";"Flag football J F D3";"Des Pionniers";"Des Pionniers";"ff75e7d6-d39a-46ad-a5d3-38bfa287ee7d";"c28d50f0-72bf-4b77-9297-53af1bae2597";"8fd9ff1f-e30a-4df7-bee2-593225647626";"c28d50f0-72bf-4b77-9297-53af1bae2597"
"b_autre_equipe_servie";"dd1a4d47-6c5c-4b97-b084-fdecd556d173";"visitor";"9d32cc70-646c-44c4-84ad-0964bd3c2b64";"Flag football J F D3";"Les Estacades";"Les Estacades";"82ff7714-b9e0-41f6-8bc4-afe70ff9cb02";"a9fb5ad5-e146-4af5-b7a7-5e3a05e31d97";"314fdb41-3f82-4d4f-90f6-248a584bbdbc";"a9fb5ad5-e146-4af5-b7a7-5e3a05e31d97"
"b_autre_equipe_servie";"dd5a89e1-75bd-49c2-b7ee-da324075a8c1";"visitor";"41570951-fc7b-4076-a0d9-a0e426634f52";"Flag football J F D4";"É.S. Monique Proulx";"É.S. Monique Proulx";"b6c9a680-49a4-41a1-a890-74e6171f73db";"48ef6f8f-293c-442d-a89f-58418d22b72f";"fe2dd27e-d57d-40c9-a0ad-1bc2ac669685";"48ef6f8f-293c-442d-a89f-58418d22b72f"
"b_autre_equipe_servie";"dd8a8497-b6c8-487f-a6e5-fcb67e329bfd";"visitor";"1dc5428c-06ce-46ab-ad08-6bf3fbe3e306";"Rugby J F D4";"Cité-des-Jeunes";"Cité-des-Jeunes";"02c60b9a-fd03-4a97-a42e-93671e5a1095";"1406338c-e857-49f7-bdf2-6c489c0d9fbf";"e2396918-2ccc-48e3-bc81-bcade52e58e7";"1406338c-e857-49f7-bdf2-6c489c0d9fbf"
"b_autre_equipe_servie";"ddd39eb1-1e2a-478d-8c31-9150aa86b90b";"visitor";"9198dc57-3bdd-4947-b528-fc2a19a17dda";"Soccer B F D4";"Coll. Jésus-Marie de Sillery";"Coll. Jésus-Marie de Sillery";"fb865b9d-09b5-4600-8de9-2308bcabddb6";"7f60f746-0b5f-4f14-a4e6-8626187f8233";"46f415d9-6238-431c-81d5-93288ab6dec7";"7f60f746-0b5f-4f14-a4e6-8626187f8233"
"b_autre_equipe_servie";"de11c40d-b6a4-42c5-b4eb-a12b12bdfae1";"home";"7627aa3b-b511-43a4-a418-45dbd86a60a7";"Flag football C F D4 Niveau 2 Printemps Bleue";"Curé-Mercure";"Curé-Mercure";"bfd5a0ab-e341-4e60-b492-0288daf04150";"49f55647-1858-4af3-b791-2dcb7b4e8976";"217043ab-eeda-42da-8b85-ee90bfac8e09";"49f55647-1858-4af3-b791-2dcb7b4e8976"
"b_autre_equipe_servie";"de12357c-053e-4029-8305-931e13f357be";"home";"d862aca9-76e4-4b0c-87a3-90cc11eee42f";"Soccer B M D3";"Acad. Saint-Louis";"Acad. Saint-Louis";"fa3b684f-0a82-4084-a13d-9cf558127c50";"c0637643-0fe8-40d7-b8eb-deb4616705e5";"0f19d38a-b5c2-4910-9cf9-fc10499ceca4";"c0637643-0fe8-40d7-b8eb-deb4616705e5"
"b_autre_equipe_servie";"de12357c-053e-4029-8305-931e13f357be";"visitor";"d862aca9-76e4-4b0c-87a3-90cc11eee42f";"Soccer B M D3";"Aubier";"Aubier";"ad300fce-10db-4fa5-a2ef-d8f809168433";"5f057c5d-387f-4ba4-a213-a51bb1a14704";"1cb04277-7aad-46b1-99aa-4629297795d2";"5f057c5d-387f-4ba4-a213-a51bb1a14704"
"b_autre_equipe_servie";"de17ec23-e6f4-4467-91be-9086230b6576";"home";"27191c64-9c9f-48ef-9953-20029389616b";"Flag football C F D3";"Curé-Antoine-Labelle";"Curé-Antoine-Labelle";"9b8d8c74-5b02-4eea-b55a-6b74a52c6a07";"756b1ac6-c36f-4d51-9b16-b3070e474e5d";"d1fa5dda-b79e-4d03-8282-8aadf746d5ad";"756b1ac6-c36f-4d51-9b16-b3070e474e5d"
"b_autre_equipe_servie";"de7b3b54-4d68-4139-822e-0a9a72f365e4";"home";"23f2b854-358b-4b65-bec3-8256b59bdfee";"Flag football C F D3";"Keranna";"Keranna";"64ee8121-29e1-4b74-80b6-28eb7e980dd5";"f9d1057a-08b8-4c87-b074-9379a8de248a";"51825efe-6158-463f-910a-733c1b16cbe7";"f9d1057a-08b8-4c87-b074-9379a8de248a"
"b_autre_equipe_servie";"de7b3b54-4d68-4139-822e-0a9a72f365e4";"visitor";"23f2b854-358b-4b65-bec3-8256b59bdfee";"Flag football C F D3";"Les Estacades";"Les Estacades";"e8695dd7-dc30-4704-9683-162383b62317";"121fae32-ff6a-4238-8a3d-1cf2d33b258c";"90df9427-f91a-4497-adf9-df1a900d40d5";"121fae32-ff6a-4238-8a3d-1cf2d33b258c"
"b_autre_equipe_servie";"de8cfe15-b5e0-4a47-8f4f-fc455a1edcc9";"visitor";"1164c269-de9b-4c7f-87d1-65bbd7cc230f";"Rugby J F D4";"Louis-Philippe-Paré";"Louis-Philippe-Paré";"387ce7de-f19b-44b7-8ce5-39a08d414327";"1cb260ec-3ae9-4ff4-99cf-c58c2a9fbb4a";"12665e0c-61e5-4d08-bc20-0e5cf8c33736";"1cb260ec-3ae9-4ff4-99cf-c58c2a9fbb4a"
"b_autre_equipe_servie";"de8dfb23-6d36-4b77-9c1d-26e2321e3475";"visitor";"84a40c00-8d81-4f7c-a630-02325ee85ef6";"Football B M D4";"Quatre-Vents";"Quatre-Vents";"7998eb28-c4f5-429d-a8a2-3bc3474efda1";"4f9f21cf-a8e6-4f48-8b1d-58cd452f4ef5";"fe1bbe92-d89b-4a10-80da-b6cb7f304758";"4f9f21cf-a8e6-4f48-8b1d-58cd452f4ef5"
"b_autre_equipe_servie";"deee0c2e-87ea-4588-a3a3-5a022e01e6c0";"home";"9c5a79b7-2d11-45ee-9483-13f9b246e9fc";"Football B U D3 9 vs 9";"Collège Saint-Alexandre";"Collège Saint-Alexandre";"9377e0cb-79e4-4bc8-b6da-19d8437929db";"e02b6ece-c480-45ee-aa6d-c964c5bbea28";"33e89322-7be3-446b-aae1-1a8462e40829";"e02b6ece-c480-45ee-aa6d-c964c5bbea28"
"b_autre_equipe_servie";"deee0c2e-87ea-4588-a3a3-5a022e01e6c0";"visitor";"9c5a79b7-2d11-45ee-9483-13f9b246e9fc";"Football B U D3 9 vs 9";"Cité étudiante Haute-Gatineau";"Cité étudiante Haute-Gatineau";"5c639737-3fa2-4463-acd4-5f0bb22001d5";"6016e2a2-acc9-494d-a292-daa805a89ef1";"fcb4f994-62a1-42b5-ab35-c0c4622777d4";"6016e2a2-acc9-494d-a292-daa805a89ef1"
"b_autre_equipe_servie";"df03b8ed-3ca9-450f-8072-1c6e2d03e65f";"home";"35d9c637-1537-4145-a451-ae22d6221f4e";"Soccer B Garçons D3 A";"Loyola";"Loyola";"a43970ec-24bc-4c8f-a621-c9ba57bb18b6";"f7dae16e-360c-43ef-ba53-8f6b1184af96";"cbb2fe47-9daf-4242-baba-d314eab310e8";"f7dae16e-360c-43ef-ba53-8f6b1184af96"
"b_autre_equipe_servie";"df1ee5b8-3ce6-40b5-aab1-3d345d7b6379";"visitor";"270d81c1-7885-4486-8d70-e8c44a3832b5";"Football J M D4";"Odyssée";"Odyssée";"6da9a54a-9e1b-4d2a-9a8b-f819c0f1893d";"b351d04d-11d0-4116-b152-30cc2783962f";"c4c12334-5011-4d35-ac04-d791fb6eb43a";"b351d04d-11d0-4116-b152-30cc2783962f"
"b_autre_equipe_servie";"df30d2be-85e6-4bff-83b7-0545b107555b";"home";"8a36e3e5-a293-43f0-9c0a-ca4a7a9f9c36";"Football J M D4";"Odyssée";"Odyssée";"6da9a54a-9e1b-4d2a-9a8b-f819c0f1893d";"b351d04d-11d0-4116-b152-30cc2783962f";"c4c12334-5011-4d35-ac04-d791fb6eb43a";"b351d04d-11d0-4116-b152-30cc2783962f"
"b_autre_equipe_servie";"df49b81e-4e76-4584-90bd-02cdd6ed36c9";"home";"e82cf19e-bf21-4703-a1c0-5af580f4f7d3";"Soccer B F D3";"Acad. Saint-Louis";"Acad. Saint-Louis";"37db89e7-cf71-49e8-b4f9-de5dddfcbe1d";"2eb14599-f10a-456a-b587-d8c9894762c2";"f693cc3e-ea74-49a2-b727-4a4e563e5a32";"2eb14599-f10a-456a-b587-d8c9894762c2"
"b_autre_equipe_servie";"df6bdb4f-37bd-4233-a7a4-69e861427ab6";"home";"56f195d3-2cb0-46e9-94d5-d5e209ac26f2";"Volleyball J Filles D3 B";"Vincent Massey";"Vincent Massey";"61ae54c9-926c-4590-9b56-8f0d2624f05d";"35dd97ed-493b-4b1b-af7b-0a6be4d7b7ab";"ffae5407-e3df-4d29-bf55-f7976dd39cc7";"35dd97ed-493b-4b1b-af7b-0a6be4d7b7ab"
"b_autre_equipe_servie";"df6bdb4f-37bd-4233-a7a4-69e861427ab6";"visitor";"56f195d3-2cb0-46e9-94d5-d5e209ac26f2";"Volleyball J Filles D3 B";"Collège Notre-Dame";"Collège Notre-Dame";"340e1e9c-592a-463e-915d-fc44c2edf786";"8696dcb4-9c7d-4a8d-8c6e-b2b5fce72fd8";"aeb7b60a-ad42-4a0a-a30e-f1a297263d23";"8696dcb4-9c7d-4a8d-8c6e-b2b5fce72fd8"
"b_autre_equipe_servie";"df86cc45-4df6-4c5f-9c54-6586a4eb7bbf";"visitor";"6e25a58f-9fb0-45d1-a3d4-451efa9f6668";"Volleyball J Filles D3 B";"Collège Notre-Dame";"Collège Notre-Dame";"340e1e9c-592a-463e-915d-fc44c2edf786";"8696dcb4-9c7d-4a8d-8c6e-b2b5fce72fd8";"aeb7b60a-ad42-4a0a-a30e-f1a297263d23";"8696dcb4-9c7d-4a8d-8c6e-b2b5fce72fd8"
"b_autre_equipe_servie";"dfb050ad-03ea-4d8a-9106-2e6c3f9d021e";"home";"85e2c88a-8bed-48db-8013-8151774c34ab";"Flag football C M D4";"L'Escale";"L'Escale";"01500a13-b182-4c6d-a966-ebe03ef6bc2b";"53bd5bef-8454-4a1e-8b1d-5bcdb28ce176";"c529e448-a991-4fcc-98bd-becd1a6b7316";"53bd5bef-8454-4a1e-8b1d-5bcdb28ce176"
"b_autre_equipe_servie";"e008a00c-a469-47af-88af-1bda8c59c9b6";"home";"c50a128d-427d-4998-9504-bc958d8350c6";"Football J M D4";"Odyssée";"Odyssée";"6da9a54a-9e1b-4d2a-9a8b-f819c0f1893d";"b351d04d-11d0-4116-b152-30cc2783962f";"c4c12334-5011-4d35-ac04-d791fb6eb43a";"b351d04d-11d0-4116-b152-30cc2783962f"
"b_autre_equipe_servie";"e01e630c-ae6b-47f8-8c25-faf9dc0e8986";"home";"20a3ca10-90ad-40ba-8b3c-2e1612a7b6dc";"Soccer C Filles D3 A";"John-Rennie";"John-Rennie";"7169f79d-d8d0-4a0f-a69e-a464a57342d0";"9c1298bb-bde8-444c-8e02-23109bb09ca8";"f477afcc-de09-4017-bdb4-ca7f5299cc1d";"9c1298bb-bde8-444c-8e02-23109bb09ca8"
"b_autre_equipe_servie";"e01e630c-ae6b-47f8-8c25-faf9dc0e8986";"visitor";"20a3ca10-90ad-40ba-8b3c-2e1612a7b6dc";"Soccer C Filles D3 A";"Loyola";"Loyola";"dcd0a98a-fe5c-411c-bcb8-181fa7499535";"ebbd2646-9b30-40f0-95e9-e22dfbe9f22c";"da021e3c-d0e2-4606-b3b0-f9e04def93eb";"ebbd2646-9b30-40f0-95e9-e22dfbe9f22c"
"b_autre_equipe_servie";"e0471f24-f01c-4b19-9650-7cca8106da9f";"home";"4b1ac54c-0044-493d-8f98-4a1143813310";"Flag football B F D4 Niveau 2 Printemps Noire";"Amitié";"Amitié";"ff2f31f7-6794-4d33-a1a1-b33f757c2094";"031b6af5-9f8e-472b-a7a2-e599992fefc0";"6fcdc16f-a623-45c0-9e64-fdfe47fc7fce";"031b6af5-9f8e-472b-a7a2-e599992fefc0"
"b_autre_equipe_servie";"e0471f24-f01c-4b19-9650-7cca8106da9f";"visitor";"4b1ac54c-0044-493d-8f98-4a1143813310";"Flag football B F D4 Niveau 2 Printemps Noire";"du Havre-Jeunesse";"du Havre-Jeunesse";"69010f74-9e9d-4353-badc-6a16a14fa0b6";"6ac85b32-1d65-4cc2-a092-e71a6a057a49";"0fa2705e-d5f0-4729-b990-616a2c883e06";"6ac85b32-1d65-4cc2-a092-e71a6a057a49"
"b_autre_equipe_servie";"e054ee15-6977-4848-8885-4b4a8c97b87e";"home";"5be7675a-7495-40e8-8b23-e3dd3276f795";"Flag football C M D4";"Keranna F";"Keranna F";"7d091d97-24a2-4f1b-a8c0-46daed1e0135";"c96da4c1-d23d-487a-9091-73a9750ad66d";"036fc191-51a7-4b17-bd78-9795ad5b980d";"c96da4c1-d23d-487a-9091-73a9750ad66d"
"b_autre_equipe_servie";"e06c1d28-130c-42d0-b0cf-8c07d9f596e0";"visitor";"50745c67-8c3b-4d62-8ed6-2f4792971f74";"Flag football J F D3";"Des Pionniers";"Des Pionniers";"ff75e7d6-d39a-46ad-a5d3-38bfa287ee7d";"c28d50f0-72bf-4b77-9297-53af1bae2597";"8fd9ff1f-e30a-4df7-bee2-593225647626";"c28d50f0-72bf-4b77-9297-53af1bae2597"
"b_autre_equipe_servie";"e09a0598-5bb1-4136-ad7a-5763d338912a";"home";"ca317f93-b92b-4da3-a6dd-3f90d9b99073";"Soccer J M D3";"Acad. Saint-Louis";"Acad. Saint-Louis";"3490fa45-d2be-4f4f-aeaf-60c795ee9cdd";"61779947-c82b-46b7-aa40-91824f364561";"9642311d-1337-4558-9cd4-2bb457cfadc2";"61779947-c82b-46b7-aa40-91824f364561"
"b_autre_equipe_servie";"e09d3ac1-db94-4242-98c2-fbdd58ffb650";"home";"c6cb466b-ffcb-4440-a351-eab0c75e5ef5";"Soccer J Garçons D3 A";"John-Rennie";"John-Rennie";"e0581212-8a5f-42ff-90c3-9a26d15aa8f7";"a9b97733-4ad1-4c5e-80f5-8c445fe4ebe7";"bb5f542e-a8c1-4da6-a2d7-be164d9c2874";"a9b97733-4ad1-4c5e-80f5-8c445fe4ebe7"
"b_autre_equipe_servie";"e0b96228-08bc-494c-a04e-43c8ae513b7a";"home";"f26696f3-d783-47ec-96e7-aef423bdd37b";"Flag football J F D3 AUTOMNE";"Collège Notre-Dame";"Collège Notre-Dame";"099c0446-4eb6-42c4-b9d3-5e2a8d97db9b";"51304192-0336-4a08-bd8b-f767da22a202";"dab3d5b4-94ee-4ee6-9727-b69ff813dc03";"51304192-0336-4a08-bd8b-f767da22a202"
"b_autre_equipe_servie";"e0b96228-08bc-494c-a04e-43c8ae513b7a";"visitor";"f26696f3-d783-47ec-96e7-aef423bdd37b";"Flag football J F D3 AUTOMNE";"Collège St-Jean-Vianney";"Collège St-Jean-Vianney";"b20244af-f266-4072-95f0-3c38da5ff194";"41ac6d11-dfb6-48b3-a95c-44fb7210987a";"6e464732-eda7-47bc-a1bb-0ddeb63c6163";"41ac6d11-dfb6-48b3-a95c-44fb7210987a"
"b_autre_equipe_servie";"e0b9bb3f-8550-488a-92e4-7bef63b5d767";"visitor";"09309f23-f426-4b1f-8fa7-61e7f1c6a4e1";"Rugby J F D3";"Philemon Wright";"Philemon Wright";"dfdaf91f-367d-417e-935b-b98392d7bce9";"ae69bf34-f967-4557-864d-81e8e7edb903";"7cdf6d8f-2307-41de-8e72-7dd686b81d53";"ae69bf34-f967-4557-864d-81e8e7edb903"
"b_autre_equipe_servie";"e12f4068-e722-4d4a-8a22-1e126357f4aa";"home";"99a8ed0e-261a-4535-82f6-4c3691954bc5";"Flag football C F D3";"Collège Laval";"Collège Laval";"7c85cb28-97a3-45ba-837d-5102ae60e136";"67d06c20-9fa7-44f0-9a78-9e09b8060e7a";"48858e5a-4e54-4604-acf0-a1665be482b0";"67d06c20-9fa7-44f0-9a78-9e09b8060e7a"
"b_autre_equipe_servie";"e145d20a-1c56-4ed8-903b-7767c87c1d18";"visitor";"e3028c2e-efb7-4e6c-ae5c-cfb9b3ddbbab";"Volleyball C Garçons D3";"Loyola";"Loyola";"b313784c-ba77-4c54-af66-8b2cf916473c";"149a1cec-b797-4551-854a-d6fa0ab35979";"89d68e71-0f2c-4754-bf54-d5201d785aa4";"149a1cec-b797-4551-854a-d6fa0ab35979"
"b_autre_equipe_servie";"e1466c58-7d42-4321-b443-43d369b55401";"home";"048c194e-cb81-4d7e-9a4e-dd6a4697e2b7";"Rugby C F D4";"Saint-Joseph";"Saint-Joseph";"6a7cc135-bc23-431d-9386-748719185ebc";"7464715c-45a8-49df-a194-811ebd82b6bf";"f241ee42-83f9-4afa-b264-7a454d389ee8";"7464715c-45a8-49df-a194-811ebd82b6bf"
"b_autre_equipe_servie";"e179dfaf-8c34-4413-8dc8-b01a3998b4af";"visitor";"330f8769-ba87-4552-883d-2c618037ff13";"Soccer J M D4 Niveau 2";"Coll. Champigny";"Coll. Champigny";"2e07e2fd-4e39-495d-ba0a-a07cb40c200d";"f85cc63b-f5f8-43b6-95a3-8eff2db0821a";"2daf695d-befa-47a3-8ca8-ffebb9823de0";"a5db1686-a035-410c-bb6d-ec0ea3bc516a"
"b_autre_equipe_servie";"e1a4a4d8-b9ee-4936-8563-569f6b08b5e5";"home";"4f7cf9d8-fd2f-4601-acb2-86149d6f16b6";"Rugby J F D4";"Louis-Philippe-Paré";"Louis-Philippe-Paré";"387ce7de-f19b-44b7-8ce5-39a08d414327";"1cb260ec-3ae9-4ff4-99cf-c58c2a9fbb4a";"12665e0c-61e5-4d08-bc20-0e5cf8c33736";"1cb260ec-3ae9-4ff4-99cf-c58c2a9fbb4a"
"b_autre_equipe_servie";"e1a4a4d8-b9ee-4936-8563-569f6b08b5e5";"visitor";"4f7cf9d8-fd2f-4601-acb2-86149d6f16b6";"Rugby J F D4";"Ozias-Leduc";"Ozias-Leduc";"7ef4a932-107a-438b-b2fd-5ddedf0cac28";"ceab6414-a407-4514-a60f-46447d52d349";"75929bcf-ff75-4d90-beba-067966ee42a6";"ceab6414-a407-4514-a60f-46447d52d349"
"b_autre_equipe_servie";"e232e700-42ab-4126-8808-f50af222371f";"visitor";"4deb2a9a-d201-494e-a4e6-b08913cd1d22";"Flag football C F D3";"Les Estacades";"Les Estacades";"e8695dd7-dc30-4704-9683-162383b62317";"121fae32-ff6a-4238-8a3d-1cf2d33b258c";"90df9427-f91a-4497-adf9-df1a900d40d5";"121fae32-ff6a-4238-8a3d-1cf2d33b258c"
"b_autre_equipe_servie";"e2acb468-1ee2-4dd7-92ed-892d73394774";"visitor";"acbff3db-54fa-4d9a-8cb8-dec5f11fcbff";"Soccer J F D4 Niveau 2";"St-Marc";"St-Marc";"662bce4c-d6ff-4221-a1e9-00e88bc53a8b";"24064fca-97a5-430e-8a2f-0a456ba8cfab";"e1ba37c4-c7b3-42ec-9441-32c137786b4f";"24064fca-97a5-430e-8a2f-0a456ba8cfab"
"b_autre_equipe_servie";"e2c2b283-b055-4d67-a161-e539ce8b6d6a";"home";"0eeb0e97-9bd6-4216-a7fb-c01998f6473f";"Flag football J M D3";"Collège Mont-St-Louis";"Collège Mont-St-Louis";"7f8dc406-ada5-4702-baec-283b7123abcb";"68688c39-470a-4717-80c2-f049d9b214ba";"3862c17c-0d53-4661-a479-f6919183a412";"68688c39-470a-4717-80c2-f049d9b214ba"
"b_autre_equipe_servie";"e31338ef-0c74-4513-af2d-5f13888a43c5";"home";"4f21c6d9-dc11-4263-b039-68bc990c4481";"Flag football J F D3";"Jean-Nicolet";"Jean-Nicolet";"fce377df-7ccf-48fe-95e4-8c495beb78f7";"8fb67088-d17d-49ca-b77a-0ef8b88a67ca";"a8d1a4df-bc95-4634-9558-77b153932a2f";"8fb67088-d17d-49ca-b77a-0ef8b88a67ca"
"b_autre_equipe_servie";"e320915a-b3fc-4397-93da-b4bd1ad8564c";"home";"c531218d-82bf-43b2-9e1f-1ed87ac90dbc";"Rugby J F D4";"Coll. Trinité";"Coll. Trinité";"6246a329-6361-495d-a79b-0429863b3953";"3513f3a9-c6c8-4a8e-ab14-98e3b1a20811";"0686efc1-92d7-4719-86f0-f350b5f8ae14";"3513f3a9-c6c8-4a8e-ab14-98e3b1a20811"
"b_autre_equipe_servie";"e320915a-b3fc-4397-93da-b4bd1ad8564c";"visitor";"c531218d-82bf-43b2-9e1f-1ed87ac90dbc";"Rugby J F D4";"Polybel";"Polybel";"bab310a9-acb9-4465-8850-452b6b540bf4";"bfb487ff-8bcf-4ab5-bf4e-411e54d5f792";"4cac9a6a-f48b-4131-a39c-1d512e755ae4";"bfb487ff-8bcf-4ab5-bf4e-411e54d5f792"
"b_autre_equipe_servie";"e3600c05-dd20-4992-be05-5a6ff11d6a93";"home";"dd9efe2a-9360-4af1-8f30-74028b345dcb";"Flag football C M D3";"D'Arcy McGee";"D'Arcy McGee";"3df7cc0b-59f6-42f0-89c9-d2000e62980a";"37f82d0a-778b-4185-8aea-a43a8d233858";"74c0f897-74d9-4004-a0a1-59f94728fae3";"37f82d0a-778b-4185-8aea-a43a8d233858"
"b_autre_equipe_servie";"e3d420b2-d709-4534-b077-b528f9242766";"visitor";"ebe393b5-6844-4153-a0f8-c637eb066b69";"Rugby C F D4";"Louis-Philippe-Paré";"Louis-Philippe-Paré";"7eaaf529-41c4-4de4-880a-f0e4d841562e";"a9bd364c-fa1e-4db1-962a-88e99dec3b5e";"9126dac8-6056-4ea4-8675-3323ba716855";"a9bd364c-fa1e-4db1-962a-88e99dec3b5e"
"b_autre_equipe_servie";"e3fb533b-cd1f-4c76-9bbd-cd60857e8e15";"home";"394c8b43-9675-4153-aaac-b524c56ad334";"Flag football C M D4";"La Découverte";"La Découverte";"03447e48-a804-49e0-b2b9-d82e928ab996";"6befc759-5ec1-4b59-a105-3e8d706ddc34";"5bfaa963-9f5b-4869-b85c-24d4e65de989";"6befc759-5ec1-4b59-a105-3e8d706ddc34"
"b_autre_equipe_servie";"e40b7c0b-3280-44d6-adcc-0c258dd2c88a";"home";"c0b33f1e-48a2-454b-a6b6-414346985343";"Volleyball C Filles D4 Niveau 1 A";"St. Thomas";"St. Thomas";"b35f766c-78ab-482a-9aee-e0a62235e41c";"edceb2bd-43e5-4ab6-8582-61cd932c6df0";"71d19fd0-8d99-4efe-907b-ea1e9f749b62";"edceb2bd-43e5-4ab6-8582-61cd932c6df0"
"b_autre_equipe_servie";"e40ee0d4-2a72-4a26-b081-67b56a47613b";"visitor";"7f497774-2721-47fc-8614-392413a8c902";"Flag football B F D3";"Letendre";"Letendre";"659b343c-3c43-4ce3-95de-06f00e334dce";"cda7148e-0fa9-4859-86d7-3a1eca7414c9";"6f52d32c-3716-4c58-8e2a-1e503ae6d709";"cda7148e-0fa9-4859-86d7-3a1eca7414c9"
"b_autre_equipe_servie";"e44ce6d1-f0db-4cd5-8784-d650a0b7210d";"visitor";"c115f1d6-8ad3-4131-b4dc-f7aaab2d4ef4";"Flag football B F D3";"Curé-Antoine-Labelle";"Curé-Antoine-Labelle";"fdb5bcc1-1659-455a-9604-b8b32fefc1a3";"cd0a4f18-f80f-4de6-9e41-a531c761a2ae";"e8eae32e-2ce1-4bea-b15a-3b3aecc6a6cf";"cd0a4f18-f80f-4de6-9e41-a531c761a2ae"
"b_autre_equipe_servie";"e4834017-eeb0-494e-9cb2-0c20c31e3959";"visitor";"15a81db6-89d3-4e45-80f7-b5f8e3c4f5d2";"Volleyball J Filles D3 A";"St. Thomas";"St. Thomas";"965eaded-5ed7-4569-a8e3-e7416469ce98";"faea7178-3fe6-47af-ad56-4cca73d1c736";"873e45c8-3720-4b7c-b1ab-14ddd4ecc054";"faea7178-3fe6-47af-ad56-4cca73d1c736"
"b_autre_equipe_servie";"e49efc41-985d-43ce-9962-aa583dcc5cde";"home";"b8f75f40-44b0-448d-be5e-740b6a5143b3";"Flag football C F D3";"Collège Laval";"Collège Laval";"7c85cb28-97a3-45ba-837d-5102ae60e136";"67d06c20-9fa7-44f0-9a78-9e09b8060e7a";"48858e5a-4e54-4604-acf0-a1665be482b0";"67d06c20-9fa7-44f0-9a78-9e09b8060e7a"
"b_autre_equipe_servie";"e609d391-5db0-4684-990d-dee098905865";"visitor";"3d0cc476-59b7-40d7-adb6-38f093e6b734";"Flag football J F D4 Niveau 1";"Jean-Nicolet";"Jean-Nicolet";"e920723c-ad6c-4954-80b9-6b60de1130a0";"d4bdd2c3-feca-42d3-8ad8-fbcadb22a6bc";"8b5e17a1-40e5-4581-bcd8-a8698dafcaf4";"d4bdd2c3-feca-42d3-8ad8-fbcadb22a6bc"
"b_autre_equipe_servie";"e669208e-bcea-4a87-9917-94c9d70b53b5";"visitor";"db2a1c29-3adf-4af2-94db-bc8a2bd304c8";"Flag football J F D4 Niveau 2";"Keranna";"Keranna";"fe618731-fb76-403b-a160-eac9a75825f1";"3fb96c84-8649-4be4-a75b-feb9e791c399";"a2c44904-c8e2-47b6-aa8d-af1de83fddd1";"3fb96c84-8649-4be4-a75b-feb9e791c399"
"b_autre_equipe_servie";"e670a225-7642-4e08-96a9-13578067f98a";"home";"82489b5a-76b3-430b-b954-34e38cde721c";"Rugby J F D4";"Ozias-Leduc";"Ozias-Leduc";"7ef4a932-107a-438b-b2fd-5ddedf0cac28";"ceab6414-a407-4514-a60f-46447d52d349";"75929bcf-ff75-4d90-beba-067966ee42a6";"ceab6414-a407-4514-a60f-46447d52d349"
"b_autre_equipe_servie";"e670a225-7642-4e08-96a9-13578067f98a";"visitor";"82489b5a-76b3-430b-b954-34e38cde721c";"Rugby J F D4";"Coll. Trinité";"Coll. Trinité";"6246a329-6361-495d-a79b-0429863b3953";"3513f3a9-c6c8-4a8e-ab14-98e3b1a20811";"0686efc1-92d7-4719-86f0-f350b5f8ae14";"3513f3a9-c6c8-4a8e-ab14-98e3b1a20811"
"b_autre_equipe_servie";"e68a1a00-42d7-4fdf-897d-b1c5f5d1fe0d";"visitor";"72753481-b592-48c1-988e-7a070c4cfeaa";"Flag football J F D3 AUTOMNE";"Collège Notre-Dame";"Collège Notre-Dame";"099c0446-4eb6-42c4-b9d3-5e2a8d97db9b";"51304192-0336-4a08-bd8b-f767da22a202";"dab3d5b4-94ee-4ee6-9727-b69ff813dc03";"51304192-0336-4a08-bd8b-f767da22a202"
"b_autre_equipe_servie";"e6ae8fa8-2a85-4bf9-b4b0-6f6cd1185422";"home";"5fa2c57b-8889-4583-aa3d-1ee168c25e61";"Soccer C M D3";"Acad. Saint-Louis";"Acad. Saint-Louis";"688697a0-f47a-466d-9dac-68260b0ba3bb";"d79ef77e-b1e0-4c38-9887-69033fc3dbda";"9be97f39-aba3-4ee6-bdf4-220ec07e3913";"d79ef77e-b1e0-4c38-9887-69033fc3dbda"
"b_autre_equipe_servie";"e6d0e685-e6fb-4882-ab83-9fed4d5b4e8f";"visitor";"b71d992e-0f1c-4f61-b1fc-2a5b42cd059a";"Flag football B F D3";"Curé-Antoine-Labelle";"Curé-Antoine-Labelle";"fdb5bcc1-1659-455a-9604-b8b32fefc1a3";"cd0a4f18-f80f-4de6-9e41-a531c761a2ae";"e8eae32e-2ce1-4bea-b15a-3b3aecc6a6cf";"cd0a4f18-f80f-4de6-9e41-a531c761a2ae"
"b_autre_equipe_servie";"e7185bf3-8f9e-445c-b5a8-a02fabd5b738";"home";"095fba90-f80b-4134-be26-e937939ca959";"Volleyball C Filles D3 B";"Loyola";"Loyola";"e725e9c1-f50c-4c16-8c9f-6d2da76f22fe";"2e1510cb-e48c-46b3-8d98-e007aa3fc848";"eda3b035-b965-4606-a704-f36f2afb1b35";"2e1510cb-e48c-46b3-8d98-e007aa3fc848"
"b_autre_equipe_servie";"e7278b4f-2233-4959-951c-91ad6763f3cb";"home";"2cedf89e-cbf7-4beb-b56f-4c23f8bd85d4";"Football J M D4";"Quatre-Vents";"Quatre-Vents";"536932f9-df83-4033-91de-350ad3d77998";"1a7549f9-bd1e-4849-8d11-1589f1eff42e";"30a99e79-3d60-4edc-bbfd-09b3436b9f7c";"1a7549f9-bd1e-4849-8d11-1589f1eff42e"
"b_autre_equipe_servie";"e7816cba-c3ca-4e8e-a7cb-6085819f39a9";"home";"3053d118-ae6c-4eba-9888-eb39a8df0dff";"Volleyball B Filles D3 A";"St. Thomas";"St. Thomas";"841c6565-ea95-45aa-a0b0-e7465a916640";"d6b599af-b8c0-4d9d-9dc9-d1287b6cf144";"5c8070d8-51f0-450a-a39f-d438ff2e64e6";"d6b599af-b8c0-4d9d-9dc9-d1287b6cf144"
"b_autre_equipe_servie";"e7816cba-c3ca-4e8e-a7cb-6085819f39a9";"visitor";"3053d118-ae6c-4eba-9888-eb39a8df0dff";"Volleyball B Filles D3 A";"Loyola";"Loyola";"7038b42c-8d94-4174-a20e-6ffee617c1e9";"c1bdd457-9b1a-4832-91f7-9c6aea3ff4b4";"6880efdb-b62d-4261-9b65-3792d035ad34";"c1bdd457-9b1a-4832-91f7-9c6aea3ff4b4"
"b_autre_equipe_servie";"e7b04738-58c6-4422-8308-0ca08aeb7dfa";"visitor";"5ac914f3-7f12-46a2-b4de-1868e1fec4e7";"Soccer C M D4";"Acad. Saint-Louis";"Acad. Saint-Louis";"a6ac4e8f-2af8-44ff-b0c5-69a2bbd611c7";"d6fbad25-27e0-4202-a99f-642f85202c6e";"ddac2475-988c-4617-b729-9f86249bff1a";"d6fbad25-27e0-4202-a99f-642f85202c6e"
"b_autre_equipe_servie";"e7c601d0-d004-4173-a99b-8c4ea06a079d";"home";"1ec13cc4-ee72-49fb-8f3d-b9cb865bd2e9";"Soccer B M D3";"Samuel-Champlain";"Samuel-Champlain";"1f320599-51b0-4d25-ad96-2244ec46f8c0";"70c59170-b063-4311-b5ab-70f4ee342e82";"aa0a5b89-d9aa-4be4-8906-863dad14ef19";"70c59170-b063-4311-b5ab-70f4ee342e82"
"b_autre_equipe_servie";"e7c601d0-d004-4173-a99b-8c4ea06a079d";"visitor";"1ec13cc4-ee72-49fb-8f3d-b9cb865bd2e9";"Soccer B M D3";"Aubier";"Aubier";"ad300fce-10db-4fa5-a2ef-d8f809168433";"5f057c5d-387f-4ba4-a213-a51bb1a14704";"1cb04277-7aad-46b1-99aa-4629297795d2";"5f057c5d-387f-4ba4-a213-a51bb1a14704"
"b_autre_equipe_servie";"e8234e1d-484b-46f1-83f6-9b8988158d06";"home";"9c469e4c-160c-4373-887e-bb5f4ebc5929";"Flag football J F D4 Niveau 1 Printemps Rouge";"Du Havre";"Du Havre";"5e91c2b2-76f4-4bf3-960d-a3550310c147";"24df857e-aba1-4284-857d-e4acca46266a";"fda820a7-d603-45c4-b953-3d26fe305940";"24df857e-aba1-4284-857d-e4acca46266a"
"b_autre_equipe_servie";"e826111c-ddc1-4cff-8ef3-63e1859fb09f";"home";"eba94976-aaee-41a2-8183-106ff2730164";"Flag football B F D4 Niveau 1 Printemps Rouge";"Horizon";"Horizon";"e4f77e52-dcc3-4b6f-a4f7-b83790f89147";"ef86f420-9c85-4459-85a9-ce2854c6d139";"8e54ae62-5b1f-4fb1-bd97-69416ba9c57f";"ef86f420-9c85-4459-85a9-ce2854c6d139"
"b_autre_equipe_servie";"e82dc243-f801-437e-bc76-1fbb200a05f8";"visitor";"da662a3b-db2a-4c8f-b70d-4550af9b3f8b";"Soccer C Garçons D4 Niveau 1 A";"St. Thomas";"St. Thomas";"225cd842-236e-4e6f-8791-7c2d3df441eb";"1a2aeadc-90d0-4b30-a839-1c7a93ec6f91";"6dd2557c-f6a9-4234-8dfd-81921b6b7f41";"1a2aeadc-90d0-4b30-a839-1c7a93ec6f91"
"b_autre_equipe_servie";"e8425eed-2e45-407f-b3ec-e1206a513aba";"visitor";"e39593e4-b44f-4270-8550-4b381deaddff";"Flag football J F D4 Niveau 2";"Keranna";"Keranna";"fe618731-fb76-403b-a160-eac9a75825f1";"3fb96c84-8649-4be4-a75b-feb9e791c399";"a2c44904-c8e2-47b6-aa8d-af1de83fddd1";"3fb96c84-8649-4be4-a75b-feb9e791c399"
"b_autre_equipe_servie";"e892cb32-8e46-412f-8462-13b9ea44f6ea";"home";"ff64a6e3-b9c4-4e4f-91c1-7e6be204c359";"Soccer B M D4 Niveau 3";"Coll. Champigny";"Coll. Champigny";"8c0c206a-64b1-4979-9ddc-603c0fba8701";"91cecef8-5eb9-4953-b0a7-e66e85a75b73";"ae941847-6edf-408e-b088-89002766c39b";"91cecef8-5eb9-4953-b0a7-e66e85a75b73"
"b_autre_equipe_servie";"e8afef9e-2439-4a3f-9a7c-783116f72da6";"home";"06ca0e38-4ed1-4e3b-bb6b-f0b0acb2d66c";"Flag football J F D4 Niveau 1 Printemps Rouge";"Horizon";"Horizon";"9e24b148-2228-41dc-a140-146b9ccc45fa";"14bbaefa-164f-47dc-b8a0-4c130a5d0d15";"67fd1af7-a728-435b-a7f7-e6ffb127bdc4";"14bbaefa-164f-47dc-b8a0-4c130a5d0d15"
"b_autre_equipe_servie";"e8e59673-a9f6-491f-8706-05c22b8fd6da";"visitor";"29eb3bae-43e5-423b-8dde-d3c8f03e7962";"Flag football J F D4 Niveau 2";"Val-Mauricie";"Val-Mauricie";"5649dccc-5ba7-4032-bdc0-1f09da83aa8c";"79162e04-d6ea-4f8e-9b8b-a9249a7a8e87";"ec6f3b9f-0940-48c8-9685-9ea39fd265fb";"79162e04-d6ea-4f8e-9b8b-a9249a7a8e87"
"b_autre_equipe_servie";"e8ffbf5f-19ff-432f-af09-2ae7b37c1e4f";"visitor";"d1161854-eb84-473a-90c9-e67d0e34d6c0";"Flag football C F D4 Niveau 2 Printemps Bleue";"Curé-Mercure";"Curé-Mercure";"bfd5a0ab-e341-4e60-b492-0288daf04150";"49f55647-1858-4af3-b791-2dcb7b4e8976";"217043ab-eeda-42da-8b85-ee90bfac8e09";"49f55647-1858-4af3-b791-2dcb7b4e8976"
"b_autre_equipe_servie";"e9144aa3-518f-410e-88fa-4090d78077fa";"visitor";"609bc783-3e33-4236-9936-fe643a33dcd5";"Flag football B F D4 Niveau 1 Printemps Rouge";"Des Rives";"Des Rives";"c60943c4-0b26-4bec-9b21-f7e6d32c85b4";"bbec00fb-b43b-4f6d-9406-531815a606c3";"d5c85f39-972e-47d3-ac90-064dd822afbb";"bbec00fb-b43b-4f6d-9406-531815a606c3"
"b_autre_equipe_servie";"e92c59a0-bdbb-4e82-a656-53def8a08acc";"home";"efee5101-ea43-411c-a0e3-0cf278cf0405";"Flag football B M D3 AUTOMNE";"Collège Ville-Marie";"Collège Ville-Marie";"ad358ed9-50f2-4cf0-b6c0-cd9abf187e55";"f892a9e2-e19c-4620-94fc-e05e8f904330";"f958d15a-f2d3-4b21-94d5-6accf420b61a";"f892a9e2-e19c-4620-94fc-e05e8f904330"
"b_autre_equipe_servie";"e92c59a0-bdbb-4e82-a656-53def8a08acc";"visitor";"efee5101-ea43-411c-a0e3-0cf278cf0405";"Flag football B M D3 AUTOMNE";"Collège St-Jean-Vianney";"Collège St-Jean-Vianney";"5bb84857-fd94-4f99-adc5-91b4dda142bb";"c7a0d819-46af-453a-acb3-faeda1be571c";"b9dde348-6a7e-400d-8653-710516392237";"c7a0d819-46af-453a-acb3-faeda1be571c"
"b_autre_equipe_servie";"e9b70dfb-ddc3-45e5-a2db-4b1da4e5a237";"home";"7e605e25-868d-4bcf-82a6-afda12b9eab2";"Soccer C Garçons D3 A";"Collège Jean-de-Brébeuf";"Collège Jean-de-Brébeuf";"de0e10c3-09de-4d06-81c5-cc2c2c6dfcbc";"0b44e927-d042-4583-b6af-55176f302738";"6a3a8e8a-5e82-4dc9-aa50-66742df41010";"0b44e927-d042-4583-b6af-55176f302738"
"b_autre_equipe_servie";"e9b8d36f-8e62-464e-9967-3b07ef5d2a34";"visitor";"928b2f78-c885-4632-a52e-ea0d202d6c36";"Soccer J Garçons D3 A";"Collège Sainte-Anne";"Collège Sainte-Anne";"ebf8cb23-c51e-4ba1-9d55-23078cf09f0d";"cda673b2-8a38-4656-aedb-ddf403d429b8";"089cf689-2453-4d65-80f0-0f908bbe53e4";"cda673b2-8a38-4656-aedb-ddf403d429b8"
"b_autre_equipe_servie";"ea1443e9-6000-4a25-abed-a25aac097dc0";"visitor";"4564987b-5c9c-4090-b116-0d2852db703f";"Flag football C M D4";"Les Seigneuries";"Les Seigneuries";"ee96df69-70e4-437d-abcc-cbc38e2c8266";"d9fd05f3-aaa7-4c3a-85b8-e9ca0c1b32cc";"8ae637de-dfb1-4580-a462-f8c00bd88fbc";"d9fd05f3-aaa7-4c3a-85b8-e9ca0c1b32cc"
"b_autre_equipe_servie";"ea353fd9-16bd-4f7b-8832-f6fe20a40ace";"home";"68494b56-90a7-40e5-8695-6314d5487738";"Football B U D3 9 vs 9";"Collège Saint-Alexandre";"Collège Saint-Alexandre";"9377e0cb-79e4-4bc8-b6da-19d8437929db";"e02b6ece-c480-45ee-aa6d-c964c5bbea28";"33e89322-7be3-446b-aae1-1a8462e40829";"e02b6ece-c480-45ee-aa6d-c964c5bbea28"
"b_autre_equipe_servie";"ea353fd9-16bd-4f7b-8832-f6fe20a40ace";"visitor";"68494b56-90a7-40e5-8695-6314d5487738";"Football B U D3 9 vs 9";"Nouvelles Frontières";"Nouvelles Frontières";"288b69f9-33cc-4882-ae58-f241b2f93355";"d346d2a5-6784-48b8-acd9-e6144e693ca5";"0c2dbb00-88cb-4c3e-8f9b-98c19a79c042";"d346d2a5-6784-48b8-acd9-e6144e693ca5"
"b_autre_equipe_servie";"eaab37eb-b965-4b88-9600-bce5050c6ddc";"visitor";"ec0e5b7d-8735-47da-9dcb-47e9252071e3";"Soccer B Filles D3 A";"St. Thomas";"St. Thomas";"5294a97a-8468-4d4e-8b1d-dd89eec1fdf7";"bd94806d-9326-448f-988c-e8e0965c434f";"a1ce89f9-bf76-4d8e-8279-257fe96d1969";"bd94806d-9326-448f-988c-e8e0965c434f"
"b_autre_equipe_servie";"eb23701b-8bc8-4b95-b481-e51d950c0f84";"visitor";"d8b4588b-415f-4d89-808f-b96d4f908aa5";"Flag football J F D3";"Jean-Nicolet";"Jean-Nicolet";"fce377df-7ccf-48fe-95e4-8c495beb78f7";"8fb67088-d17d-49ca-b77a-0ef8b88a67ca";"a8d1a4df-bc95-4634-9558-77b153932a2f";"8fb67088-d17d-49ca-b77a-0ef8b88a67ca"
"b_autre_equipe_servie";"eb4dfc81-e115-47ee-90ca-1365300b5ef2";"home";"1a8da527-a5df-45a8-b11c-b38cda2d7d0c";"Flag football J F D4 Niveau 1";"Champagnat";"Champagnat";"3559e2fe-abe2-42ca-851c-86a76b03a9ff";"55cb6875-9b41-446c-914c-50d3de95583c";"2d38ae3d-e2f2-4b82-977a-375b6440e906";"55cb6875-9b41-446c-914c-50d3de95583c"
"b_autre_equipe_servie";"eb6c70d2-e3d8-44b0-8075-21664dc2fdf3";"home";"7d966976-2352-4a03-9c20-b3dce6b7594f";"Volleyball J Filles D3 A";"Collège Notre-Dame";"Collège Notre-Dame";"340e1e9c-592a-463e-915d-fc44c2edf786";"8696dcb4-9c7d-4a8d-8c6e-b2b5fce72fd8";"aeb7b60a-ad42-4a0a-a30e-f1a297263d23";"8696dcb4-9c7d-4a8d-8c6e-b2b5fce72fd8"
"b_autre_equipe_servie";"eb6f7021-579a-4cdb-b133-0a2e19c08d44";"home";"2f9a69ac-3722-4cfc-8fd9-fdf07ce794e1";"Soccer B M D4 Niveau 3";"Coll. Champigny";"Coll. Champigny";"8c0c206a-64b1-4979-9ddc-603c0fba8701";"91cecef8-5eb9-4953-b0a7-e66e85a75b73";"ae941847-6edf-408e-b088-89002766c39b";"91cecef8-5eb9-4953-b0a7-e66e85a75b73"
"b_autre_equipe_servie";"eb7877a0-f0ff-4592-aa51-cfa9ba115746";"home";"6a47c030-f799-4385-aaff-9a185a01695d";"Soccer J M D3";"La Seigneurie";"La Seigneurie";"da10e633-b8f8-4088-8ce9-8e52421f52f9";"af09c5d4-2b4f-4718-a8de-ea6f63ee34ec";"b5d64381-0a41-42dc-b97a-54513f625fb0";"af09c5d4-2b4f-4718-a8de-ea6f63ee34ec"
"b_autre_equipe_servie";"eb98400d-1faf-4a0a-ae97-108041ab6682";"home";"28041379-5532-42bd-bbff-6f9f138556d4";"Flag football C M D3";"Érablière";"Érablière";"4fb39697-c93d-4515-ae3b-4eff4f97c4e6";"7abcfd74-cfdb-4367-9aa9-55f470356830";"7847ba1a-3820-411d-9d20-3b3cfd2745aa";"7abcfd74-cfdb-4367-9aa9-55f470356830"
"b_autre_equipe_servie";"eb9c716e-30c6-4266-8942-01d875e2a879";"home";"5459b89c-5d04-4763-a2eb-9e84f2eaa60a";"Soccer J M D4 Niveau 2";"Coll. Champigny";"Coll. Champigny";"2e07e2fd-4e39-495d-ba0a-a07cb40c200d";"f85cc63b-f5f8-43b6-95a3-8eff2db0821a";"2daf695d-befa-47a3-8ca8-ffebb9823de0";"f85cc63b-f5f8-43b6-95a3-8eff2db0821a"
"b_autre_equipe_servie";"eb9c716e-30c6-4266-8942-01d875e2a879";"visitor";"5459b89c-5d04-4763-a2eb-9e84f2eaa60a";"Soccer J M D4 Niveau 2";"Louis-Jobin";"Louis-Jobin";"df631f47-7d86-4814-8a93-8394b341a8f3";"61a63aeb-b7c5-4e0f-8eba-79649148dfbf";"90da7b99-cc36-4cc9-88f1-579731f84a65";"61a63aeb-b7c5-4e0f-8eba-79649148dfbf"
"b_autre_equipe_servie";"ecd317ef-78dd-4c92-be0c-f84e7e9ab076";"visitor";"554a3667-f267-4482-bf2b-003e5c397014";"Volleyball J Filles D3 B";"Collège Notre-Dame";"Collège Notre-Dame";"340e1e9c-592a-463e-915d-fc44c2edf786";"8696dcb4-9c7d-4a8d-8c6e-b2b5fce72fd8";"aeb7b60a-ad42-4a0a-a30e-f1a297263d23";"8696dcb4-9c7d-4a8d-8c6e-b2b5fce72fd8"
"b_autre_equipe_servie";"ecd9e67d-1787-4bea-83ff-7f38a6ebcb10";"home";"8c8e35d7-41b0-4569-82f3-ea3c481954b9";"Volleyball C Filles D4 Niveau 1 A";"St. Thomas";"St. Thomas";"b35f766c-78ab-482a-9aee-e0a62235e41c";"edceb2bd-43e5-4ab6-8582-61cd932c6df0";"71d19fd0-8d99-4efe-907b-ea1e9f749b62";"edceb2bd-43e5-4ab6-8582-61cd932c6df0"
"b_autre_equipe_servie";"ed22a9c2-3374-42a1-8f62-5dfea87ca3ef";"visitor";"12122b29-24e1-4628-b38c-419d046cce87";"Flag football B F D4 Niveau 1 Automne Bleue";"Félix-Leclerc";"Félix-Leclerc";"d03ed9de-a04a-418a-80a4-7602ba961d89";"92cc4b9c-0030-455b-ac3f-d9bfd037341d";"1ee1ceca-caa4-401d-be46-afbf207d6577";"92cc4b9c-0030-455b-ac3f-d9bfd037341d"
"b_autre_equipe_servie";"ed31508e-2ec4-4f59-b333-beea96e143d1";"home";"5a49b762-1879-4d98-963e-188e745c1cf0";"Flag football J F D3";"Keranna";"Keranna";"0e6c2bb5-4044-4bff-a922-0fc57bcfb1c1";"c602e2a7-7bc1-42ab-b810-03046bc4fde0";"f266dcd6-fa98-44c7-a0e6-d2fd4af4c461";"c602e2a7-7bc1-42ab-b810-03046bc4fde0"
"b_autre_equipe_servie";"ed700b8d-1e78-41de-8ab2-a90871bb2202";"visitor";"a2ec4e4a-9cba-4c56-9d57-e2fa52b25732";"Soccer J Filles D3 A";"John-Rennie";"John-Rennie";"72769c16-52c5-4f5a-93d1-d77c516fbdc5";"2acb0446-bb4a-4d77-91f5-5b4ed18aa6d5";"00300778-0c3f-46de-91f8-11b3a6f5d02a";"2acb0446-bb4a-4d77-91f5-5b4ed18aa6d5"
"b_autre_equipe_servie";"edc59cc4-f29e-40e6-8983-9a8f5ac4349e";"home";"9adacc9f-126c-4017-9dba-0fc788c200f0";"Soccer B Filles D3 A";"St. Thomas";"St. Thomas";"5294a97a-8468-4d4e-8b1d-dd89eec1fdf7";"bd94806d-9326-448f-988c-e8e0965c434f";"a1ce89f9-bf76-4d8e-8279-257fe96d1969";"bd94806d-9326-448f-988c-e8e0965c434f"
"b_autre_equipe_servie";"edda5a94-38bc-40da-9aa7-599bc43abce7";"home";"c093c875-fae5-47ec-9060-d1c8c615fe42";"Soccer B M D3";"Coll. des Compagnons";"Coll. des Compagnons";"64af9bca-84d3-4a20-b956-3f2c3c8946a2";"b639c6b0-18d7-432d-9e84-d3644e91f12d";"cb38e65e-7c7b-4e56-83f2-d709402163c1";"b639c6b0-18d7-432d-9e84-d3644e91f12d"
"b_autre_equipe_servie";"ee22d048-f4f3-4932-a5a6-136920747376";"home";"2aa107df-e554-4a49-b80c-13e5c5fb8299";"Soccer C Garçons D3 A";"College Sainte Anne ";"Collège Sainte-Anne";"e2f9ab5e-3c60-45a6-a3e6-d1792ca5fc6f";"43f59393-bcd5-4281-bed7-5d3f9b460f85";"f9aa0101-4a96-4528-a1d4-7f248e9c60b4";"43f59393-bcd5-4281-bed7-5d3f9b460f85"
"b_autre_equipe_servie";"ee733944-09a4-49c3-be21-3cf1a5344c0d";"visitor";"8069c1a6-5cdc-4eea-84f5-2e7bf4469c24";"Rugby C F D4";"Louis-Philippe-Paré";"Louis-Philippe-Paré";"7eaaf529-41c4-4de4-880a-f0e4d841562e";"a9bd364c-fa1e-4db1-962a-88e99dec3b5e";"9126dac8-6056-4ea4-8675-3323ba716855";"a9bd364c-fa1e-4db1-962a-88e99dec3b5e"
"b_autre_equipe_servie";"ef3c7f50-d7d6-4a6f-91fb-63dbd338aa0f";"home";"4dd9a3f2-0b92-4020-a9a8-24403a06b7a0";"Flag football B F D4 Niveau 2 Printemps Noire";"du Havre-Jeunesse";"du Havre-Jeunesse";"69010f74-9e9d-4353-badc-6a16a14fa0b6";"6ac85b32-1d65-4cc2-a092-e71a6a057a49";"0fa2705e-d5f0-4729-b990-616a2c883e06";"6ac85b32-1d65-4cc2-a092-e71a6a057a49"
"b_autre_equipe_servie";"ef44e583-5f05-48f7-be74-6f15905457e6";"home";"f9999649-bce3-49db-ae8f-0c1afd2415b7";"Flag football J M D3";"Collège Mont-St-Louis";"Collège Mont-St-Louis";"7f8dc406-ada5-4702-baec-283b7123abcb";"68688c39-470a-4717-80c2-f049d9b214ba";"3862c17c-0d53-4661-a479-f6919183a412";"68688c39-470a-4717-80c2-f049d9b214ba"
"b_autre_equipe_servie";"ef85e8c3-7267-4c70-8835-d9b9b6d73d54";"visitor";"74e8ddae-c429-4a53-9bdd-329e3a76f1d8";"Soccer J F D3";"Sém. St-François";"Sém. St-François";"0c361f10-7462-4d3a-a945-160f4c023997";"0b03232b-1696-4760-bcb5-6762964a15a0";"b91eb083-dd03-4a92-a57d-a094ec0bd85e";"0b03232b-1696-4760-bcb5-6762964a15a0"
"b_autre_equipe_servie";"ef88c0fe-85b6-44e4-a153-e1d7b5d990a2";"visitor";"c4b5a384-6cf4-470d-8e53-1de0652f962c";"Flag football C M D4";"La Découverte";"La Découverte";"03447e48-a804-49e0-b2b9-d82e928ab996";"6befc759-5ec1-4b59-a105-3e8d706ddc34";"5bfaa963-9f5b-4869-b85c-24d4e65de989";"6befc759-5ec1-4b59-a105-3e8d706ddc34"
"b_autre_equipe_servie";"efa9e1a5-2393-4b98-836a-a4194b505ffb";"visitor";"434fa64c-0907-411f-92e1-3582532bbf65";"Flag football C F D4 Niveau 2 Printemps Bleue";"Évolution";"Évolution";"ac00dc0c-10d5-4b2e-aa58-7773796ef511";"09556a57-bc60-48a1-8650-75b57ba62f6b";"8d71b383-7f30-4873-86ca-f462ebbcbe68";"09556a57-bc60-48a1-8650-75b57ba62f6b"
"b_autre_equipe_servie";"efb9f53e-9caa-450e-8592-34cc5bfe30f8";"home";"325fac8f-f136-4646-ba28-39b9b2811a8d";"Flag football J F D4 Niveau 1";"La Découverte";"La Découverte";"2d36d17e-d5f7-47fd-b995-345e8b32a12b";"0fde9abe-8079-4938-96b4-6b414dcf06db";"7d0f9003-dcb6-414c-9506-a48de6c4a937";"0fde9abe-8079-4938-96b4-6b414dcf06db"
"b_autre_equipe_servie";"efb9f53e-9caa-450e-8592-34cc5bfe30f8";"visitor";"325fac8f-f136-4646-ba28-39b9b2811a8d";"Flag football J F D4 Niveau 1";"Champagnat";"Champagnat";"3559e2fe-abe2-42ca-851c-86a76b03a9ff";"55cb6875-9b41-446c-914c-50d3de95583c";"2d38ae3d-e2f2-4b82-977a-375b6440e906";"55cb6875-9b41-446c-914c-50d3de95583c"
"b_autre_equipe_servie";"efc90fce-7e7b-4753-be39-6fbc0b0e1776";"home";"e6657fbb-30d0-4027-bc51-f25f7f159627";"Volleyball C Filles D4 Niveau 1 A";"St. Thomas";"St. Thomas";"b35f766c-78ab-482a-9aee-e0a62235e41c";"edceb2bd-43e5-4ab6-8582-61cd932c6df0";"71d19fd0-8d99-4efe-907b-ea1e9f749b62";"edceb2bd-43e5-4ab6-8582-61cd932c6df0"
"b_autre_equipe_servie";"effa5d1e-634e-4dc0-b24b-26fe82c2744b";"home";"802bf862-387a-44d4-ba16-ac5fa4812708";"Flag football J F D4 Niveau 1";"Jean-Nicolet";"Jean-Nicolet";"e920723c-ad6c-4954-80b9-6b60de1130a0";"d4bdd2c3-feca-42d3-8ad8-fbcadb22a6bc";"8b5e17a1-40e5-4581-bcd8-a8698dafcaf4";"d4bdd2c3-feca-42d3-8ad8-fbcadb22a6bc"
"b_autre_equipe_servie";"f00bd8ee-3612-48e0-8f40-cf2ffedf513e";"home";"4f742d6a-ce77-44d9-8489-86b47aa372ea";"Soccer B F D4";"Coll. Jésus-Marie de Sillery";"Coll. Jésus-Marie de Sillery";"fb865b9d-09b5-4600-8de9-2308bcabddb6";"7f60f746-0b5f-4f14-a4e6-8626187f8233";"46f415d9-6238-431c-81d5-93288ab6dec7";"7f60f746-0b5f-4f14-a4e6-8626187f8233"
"b_autre_equipe_servie";"f00ced21-1b38-4db3-b42c-16fc8d551602";"home";"bd443fef-d406-4444-8498-31a40d827c57";"Soccer B M D4 Niveau 1";"Poly. Black-Lake";"Poly. Black-Lake";"69ecbba0-33d5-4e94-a564-150a9767f528";"0b4fdb84-c1df-4c2c-8815-5fd3b3634c7f";"0dd006a2-b3aa-43b0-aef6-a9fb0d81ec02";"0b4fdb84-c1df-4c2c-8815-5fd3b3634c7f"
"b_autre_equipe_servie";"f064e783-2e18-4a6f-babf-5208e51ee68a";"home";"a7c4e553-73f9-4b15-a005-d33e193db3fc";"Soccer C M D3";"Aubier";"Aubier";"83ea51a5-6b47-466d-8896-3f272dbac111";"ebfb0d5c-27c5-4b69-9826-6592e4715f01";"44d3e1b8-b2f7-4484-aa2b-26d30a34cc98";"ebfb0d5c-27c5-4b69-9826-6592e4715f01"
"b_autre_equipe_servie";"f064e783-2e18-4a6f-babf-5208e51ee68a";"visitor";"a7c4e553-73f9-4b15-a005-d33e193db3fc";"Soccer C M D3";"Coll. des Compagnons";"Coll. des Compagnons";"3dc8c9ac-1de6-4418-8a4d-662471c42efe";"fd0dd869-d8d6-4b6a-9554-38d34f31fad2";"e898d8d7-6d74-4ba0-89cf-c714822388ab";"fd0dd869-d8d6-4b6a-9554-38d34f31fad2"
"b_autre_equipe_servie";"f0d73a4a-a405-4412-a79c-a4459db66bb2";"home";"3b016510-b225-4e9c-a9fe-0c83a4976317";"Rugby J F D4";"Louis-Philippe-Paré";"Louis-Philippe-Paré";"387ce7de-f19b-44b7-8ce5-39a08d414327";"1cb260ec-3ae9-4ff4-99cf-c58c2a9fbb4a";"12665e0c-61e5-4d08-bc20-0e5cf8c33736";"1cb260ec-3ae9-4ff4-99cf-c58c2a9fbb4a"
"b_autre_equipe_servie";"f10fd9cb-c89d-48b2-8a3f-b0d66a2dc0e3";"visitor";"5b42b6f2-4656-430d-8054-0617aa27e541";"Flag football C M D4";"Les Seigneuries";"Les Seigneuries";"ee96df69-70e4-437d-abcc-cbc38e2c8266";"d9fd05f3-aaa7-4c3a-85b8-e9ca0c1b32cc";"8ae637de-dfb1-4580-a462-f8c00bd88fbc";"d9fd05f3-aaa7-4c3a-85b8-e9ca0c1b32cc"
"b_autre_equipe_servie";"f1208ea7-3499-4344-bf1e-478756f5732a";"home";"89830b33-f313-4e2e-b379-94d84f1590f5";"Flag football J M D3";"Collège St-Jean-Vianney";"Collège St-Jean-Vianney";"77b09d75-350c-45aa-9b0f-7b8be7193c7d";"aa80b959-a4cd-4f1d-9d63-aa0fcc39beef";"35df4f7a-344f-430e-b40f-cbff6a23bce1";"aa80b959-a4cd-4f1d-9d63-aa0fcc39beef"
"b_autre_equipe_servie";"f1208ea7-3499-4344-bf1e-478756f5732a";"visitor";"89830b33-f313-4e2e-b379-94d84f1590f5";"Flag football J M D3";"Collège Mont-St-Louis";"Collège Mont-St-Louis";"7f8dc406-ada5-4702-baec-283b7123abcb";"68688c39-470a-4717-80c2-f049d9b214ba";"3862c17c-0d53-4661-a479-f6919183a412";"68688c39-470a-4717-80c2-f049d9b214ba"
"b_autre_equipe_servie";"f13c32c5-8d4c-4856-a556-482287d1b6aa";"visitor";"5cb50f93-4d80-4415-bab3-ac4b34c0450e";"Flag football J F D4 Niveau 2";"Les Seigneuries";"Les Seigneuries";"3d8f3e17-67d7-4b67-90fb-4f6b303c5135";"84e9deb5-de91-40f5-b8c8-44eaf2fe6e53";"d31cbb64-fa7d-4169-a8dd-f3979dbee616";"84e9deb5-de91-40f5-b8c8-44eaf2fe6e53"
"b_autre_equipe_servie";"f1e4eefc-3926-431a-83ff-e4877a8dc02c";"home";"edc01a40-bd17-4a19-8a79-2b5e2deeed54";"Soccer B M D3";"Coll. des Compagnons";"Coll. des Compagnons";"64af9bca-84d3-4a20-b956-3f2c3c8946a2";"b639c6b0-18d7-432d-9e84-d3644e91f12d";"cb38e65e-7c7b-4e56-83f2-d709402163c1";"b639c6b0-18d7-432d-9e84-d3644e91f12d"
"b_autre_equipe_servie";"f1e4eefc-3926-431a-83ff-e4877a8dc02c";"visitor";"edc01a40-bd17-4a19-8a79-2b5e2deeed54";"Soccer B M D3";"Acad. Saint-Louis";"Acad. Saint-Louis";"fa3b684f-0a82-4084-a13d-9cf558127c50";"c0637643-0fe8-40d7-b8eb-deb4616705e5";"0f19d38a-b5c2-4910-9cf9-fc10499ceca4";"c0637643-0fe8-40d7-b8eb-deb4616705e5"
"b_autre_equipe_servie";"f1eb4b05-4b0c-45a6-9fce-ae7ecf29027c";"home";"97a210af-4dd1-48f9-b798-7368bf4e902a";"Flag football C M D3";"Chavigny";"Chavigny";"26e5f1cf-d481-4d53-bf42-323be2909a4f";"ce7c5792-1006-452a-9c28-18c1fff39649";"8135c065-0bb7-4fc7-8559-927d983996f7";"ce7c5792-1006-452a-9c28-18c1fff39649"
"b_autre_equipe_servie";"f2897a14-0797-48df-b925-a01ac079c751";"visitor";"b546aaf4-50b4-47c3-b689-b7a712cb406d";"Flag football J F D4 Niveau 1";"Champagnat";"Champagnat";"3559e2fe-abe2-42ca-851c-86a76b03a9ff";"55cb6875-9b41-446c-914c-50d3de95583c";"2d38ae3d-e2f2-4b82-977a-375b6440e906";"55cb6875-9b41-446c-914c-50d3de95583c"
"b_autre_equipe_servie";"f28dccab-2938-4783-88bf-18ca7ca9e811";"visitor";"4532f8b7-21da-4a2a-a79f-28d049a17aca";"Volleyball C Filles D3 A";"John-Rennie";"John-Rennie";"ee9e77c1-58c7-4afe-a05d-029b50c9591c";"55f90e35-a7e0-4f7c-ab28-9cff54d91bd0";"40257dd1-fce5-4bac-98f7-259a15747354";"55f90e35-a7e0-4f7c-ab28-9cff54d91bd0"
"b_autre_equipe_servie";"f37a6c8e-0f55-4c9c-aeef-03536d064bc2";"visitor";"e088113e-ce5e-4154-91a6-57a66318d0c9";"Flag football C F D4 Niveau 2 Printemps Blanche";"Poly. Deux-Montagnes";"Poly. Deux-Montagnes";"44ffdced-16d2-49b2-884b-f2c698584a11";"7ecf3af6-2c62-48e5-a67b-a8b0aeacec21";"da3c67ea-cb62-475b-830a-c43ba2e20b9f";"7ecf3af6-2c62-48e5-a67b-a8b0aeacec21"
"b_autre_equipe_servie";"f3880bb6-0a75-4bc5-966c-4a7bee542b0b";"home";"122979c0-7a99-4131-885f-14c601073006";"Rugby J F D4";"Coll. Trinité";"Coll. Trinité";"6246a329-6361-495d-a79b-0429863b3953";"3513f3a9-c6c8-4a8e-ab14-98e3b1a20811";"0686efc1-92d7-4719-86f0-f350b5f8ae14";"3513f3a9-c6c8-4a8e-ab14-98e3b1a20811"
"b_autre_equipe_servie";"f3880bb6-0a75-4bc5-966c-4a7bee542b0b";"visitor";"122979c0-7a99-4131-885f-14c601073006";"Rugby J F D4";"Marcellin-Champagnat";"Marcellin-Champagnat";"c1dbfc29-478b-4a48-877e-6015f7b52bd1";"52149486-c23a-4412-af24-c92632b1e54a";"950da248-7ef5-4354-bbab-26eb1e37d10f";"52149486-c23a-4412-af24-c92632b1e54a"
"b_autre_equipe_servie";"f51a504a-d8a4-4aa1-bb7a-f4dc4e2334aa";"home";"d030aa8e-650d-4e8d-8372-79d7aafb2d07";"Flag football J F D3";"Georges-Vanier";"Georges-Vanier";"a83a9df4-1a0a-42f8-800f-817051bf0e88";"2216d2d5-4812-42ed-a01b-7f48ed8b4b38";"ec1c2e6e-5d63-4027-9f67-f6c62669085c";"2216d2d5-4812-42ed-a01b-7f48ed8b4b38"
"b_autre_equipe_servie";"f55974a4-cec4-4607-a4c8-c127f1f39e08";"home";"fc79ef1f-c4fd-4105-8db4-3dda406ef60d";"Soccer B Garçons D3 A";"St. Thomas";"St. Thomas";"62c72c2a-ee52-4ba9-b1a4-c4e18bad43b6";"b86fcec9-2409-4899-955d-453d4eb5ee21";"54d8de2e-fb28-46a2-9680-cab4a17159cc";"b86fcec9-2409-4899-955d-453d4eb5ee21"
"b_autre_equipe_servie";"f55974a4-cec4-4607-a4c8-c127f1f39e08";"visitor";"fc79ef1f-c4fd-4105-8db4-3dda406ef60d";"Soccer B Garçons D3 A";"Loyola";"Loyola";"a43970ec-24bc-4c8f-a621-c9ba57bb18b6";"f7dae16e-360c-43ef-ba53-8f6b1184af96";"cbb2fe47-9daf-4242-baba-d314eab310e8";"f7dae16e-360c-43ef-ba53-8f6b1184af96"
"b_autre_equipe_servie";"f559eb61-9381-4a17-99be-80606b03e4da";"visitor";"3035cb28-efc6-40e8-8c5a-4b08f032d77e";"Flag football B F D4 Niveau 1 Printemps Rouge";"Des Rives";"Des Rives";"c60943c4-0b26-4bec-9b21-f7e6d32c85b4";"bbec00fb-b43b-4f6d-9406-531815a606c3";"d5c85f39-972e-47d3-ac90-064dd822afbb";"bbec00fb-b43b-4f6d-9406-531815a606c3"
"b_autre_equipe_servie";"f5ba1ab4-b8c8-47d0-995a-a8f615364d0b";"home";"28b856a6-2370-43d8-8a6a-4cac66a2f72b";"Soccer J M D4 Niveau 2";"Louis-Jobin";"Louis-Jobin";"df631f47-7d86-4814-8a93-8394b341a8f3";"61a63aeb-b7c5-4e0f-8eba-79649148dfbf";"90da7b99-cc36-4cc9-88f1-579731f84a65";"61a63aeb-b7c5-4e0f-8eba-79649148dfbf"
"b_autre_equipe_servie";"f5d9ba5f-47c4-4c23-abc5-94701815bbeb";"visitor";"fb55b944-43f6-4fe0-9cec-b681bcc8ce23";"Flag football C M D3";"Chavigny";"Chavigny";"26e5f1cf-d481-4d53-bf42-323be2909a4f";"ce7c5792-1006-452a-9c28-18c1fff39649";"8135c065-0bb7-4fc7-8559-927d983996f7";"ce7c5792-1006-452a-9c28-18c1fff39649"
"b_autre_equipe_servie";"f6158d5f-ecf9-4e94-bb22-87cf20c6096b";"visitor";"dd3cd86f-da20-4e34-91ba-c0ad96a8159c";"Baseball J U D3 Baseball";"Mont-Bleu - GRIS";"Mont-Bleu - GRIS";"7d4b7993-8413-4433-a1bd-1094ca1c7c15";"f005f217-49ad-43b4-8bed-a6684d2b10c8";"58a97283-edc5-4b8c-a6a9-056b249cb850";"f005f217-49ad-43b4-8bed-a6684d2b10c8"
"b_autre_equipe_servie";"f6402b89-4bc6-44d6-b15c-6ca47e3f2031";"home";"e694037e-2657-4088-8d9a-fff2ce5d44d3";"Flag football B F D4 Niveau 1 Automne Noire";"Barthélemy-Joliette";"Barthélemy-Joliette";"9f493149-6512-47a3-9ae7-01a86e67b90c";"64dc66d7-f8d6-48c0-8c58-47a2b16be284";"27b30554-3ba1-4925-bfb4-58b4d4130832";"64dc66d7-f8d6-48c0-8c58-47a2b16be284"
"b_autre_equipe_servie";"f64b0dba-93af-4c2a-9128-44d124ed5baf";"home";"e6340acd-6595-4b86-8f9f-3e007e9bd1af";"Flag football B F D4 Niveau 1 Automne Bleue";"Barthélemy-Joliette";"Barthélemy-Joliette";"9f493149-6512-47a3-9ae7-01a86e67b90c";"64dc66d7-f8d6-48c0-8c58-47a2b16be284";"27b30554-3ba1-4925-bfb4-58b4d4130832";"64dc66d7-f8d6-48c0-8c58-47a2b16be284"
"b_autre_equipe_servie";"f666f8a5-def2-428c-af81-77c4a2014607";"home";"21ae07b1-2648-474b-a7e1-378d3f70383d";"Flag football J F D4";"É.S. Monique Proulx";"É.S. Monique Proulx";"b6c9a680-49a4-41a1-a890-74e6171f73db";"48ef6f8f-293c-442d-a89f-58418d22b72f";"fe2dd27e-d57d-40c9-a0ad-1bc2ac669685";"48ef6f8f-293c-442d-a89f-58418d22b72f"
"b_autre_equipe_servie";"f6b4b051-05d0-4f4c-a34b-8a36092d9fdb";"visitor";"38951d89-58e1-40a7-8621-039fc7f117ed";"Flag football J F D4 AUTOMNE Est";"Académie Dunton";"Académie Dunton";"5dc79710-f838-41ae-9172-e44834ab1c03";"8dcff620-53ec-4463-83f4-c6eacff3be25";"ed56fe8c-12ab-4353-bc90-f27d1962542a";"8dcff620-53ec-4463-83f4-c6eacff3be25"
"b_autre_equipe_servie";"f6ea0a7c-c271-45f1-9f34-a9062fd1f861";"home";"2b03b00a-fec1-4490-b9ee-facd4d3bf814";"Soccer J F D3";"Sém. St-François";"Sém. St-François";"0c361f10-7462-4d3a-a945-160f4c023997";"0b03232b-1696-4760-bcb5-6762964a15a0";"b91eb083-dd03-4a92-a57d-a094ec0bd85e";"0b03232b-1696-4760-bcb5-6762964a15a0"
"b_autre_equipe_servie";"f6ea0a7c-c271-45f1-9f34-a9062fd1f861";"visitor";"2b03b00a-fec1-4490-b9ee-facd4d3bf814";"Soccer J F D3";"Acad. Saint-Louis";"Acad. Saint-Louis";"b1b00ba1-ba59-47ca-977d-94da486df8d8";"38e6ded8-385a-42fa-bcda-317121bf97f9";"a8e4e0cd-1e79-4e60-9321-f0024ad740c0";"38e6ded8-385a-42fa-bcda-317121bf97f9"
"b_autre_equipe_servie";"f79c23fa-bf9a-4d3d-9f6e-06d931b8c84a";"visitor";"bdc65559-e4b0-4d77-9bc5-412722a73917";"Flag football B F D4 Niveau 1 Printemps Rouge";"Des Rives";"Des Rives";"c60943c4-0b26-4bec-9b21-f7e6d32c85b4";"bbec00fb-b43b-4f6d-9406-531815a606c3";"d5c85f39-972e-47d3-ac90-064dd822afbb";"bbec00fb-b43b-4f6d-9406-531815a606c3"
"b_autre_equipe_servie";"f8357369-cc4d-4c16-acab-9baccc51e3e8";"home";"e7b05641-7deb-4906-9e9a-470b4179c53c";"Football B U D3 9 vs 9";"Cité étudiante Haute-Gatineau";"Cité étudiante Haute-Gatineau";"5c639737-3fa2-4463-acd4-5f0bb22001d5";"6016e2a2-acc9-494d-a292-daa805a89ef1";"fcb4f994-62a1-42b5-ab35-c0c4622777d4";"6016e2a2-acc9-494d-a292-daa805a89ef1"
"b_autre_equipe_servie";"f8357369-cc4d-4c16-acab-9baccc51e3e8";"visitor";"e7b05641-7deb-4906-9e9a-470b4179c53c";"Football B U D3 9 vs 9";"Nouvelles Frontières";"Nouvelles Frontières";"288b69f9-33cc-4882-ae58-f241b2f93355";"d346d2a5-6784-48b8-acd9-e6144e693ca5";"0c2dbb00-88cb-4c3e-8f9b-98c19a79c042";"d346d2a5-6784-48b8-acd9-e6144e693ca5"
"b_autre_equipe_servie";"f848e2ff-51b0-4fee-98c4-a8b4f3fc071f";"home";"b53e2a0c-a888-4454-9fa6-2ea558629e9f";"Volleyball J Filles D3 B";"Vincent Massey";"Vincent Massey";"61ae54c9-926c-4590-9b56-8f0d2624f05d";"35dd97ed-493b-4b1b-af7b-0a6be4d7b7ab";"ffae5407-e3df-4d29-bf55-f7976dd39cc7";"35dd97ed-493b-4b1b-af7b-0a6be4d7b7ab"
"b_autre_equipe_servie";"f8502ed3-7649-4d6c-a240-1248762b7d84";"home";"e69af9b0-0ffe-4645-842a-67142aa435d4";"Rugby J F D4";"Polybel";"Polybel";"bab310a9-acb9-4465-8850-452b6b540bf4";"bfb487ff-8bcf-4ab5-bf4e-411e54d5f792";"4cac9a6a-f48b-4131-a39c-1d512e755ae4";"bfb487ff-8bcf-4ab5-bf4e-411e54d5f792"
"b_autre_equipe_servie";"f8502ed3-7649-4d6c-a240-1248762b7d84";"visitor";"e69af9b0-0ffe-4645-842a-67142aa435d4";"Rugby J F D4";"Ozias-Leduc";"Ozias-Leduc";"7ef4a932-107a-438b-b2fd-5ddedf0cac28";"ceab6414-a407-4514-a60f-46447d52d349";"75929bcf-ff75-4d90-beba-067966ee42a6";"ceab6414-a407-4514-a60f-46447d52d349"
"b_autre_equipe_servie";"f8523eb4-5ba1-4168-bd84-d98a2cdb6e99";"visitor";"211ee972-3469-4bcd-ac91-fec710db4eb7";"Flag football J M D4 Niveau 2 SECTION 2";"ÉS Père-Marquette";"ÉS Père-Marquette";"e25b5591-03f4-47ca-a560-34de311ac035";"59f59f9b-d7c1-45ee-8b26-d7f25c4fe4f0";"e2cc3eae-31c4-458a-9ace-200b8f404925";"59f59f9b-d7c1-45ee-8b26-d7f25c4fe4f0"
"b_autre_equipe_servie";"f854db66-eb54-4ee8-aff4-e17b7bb7a72d";"home";"6d7379c4-a670-4af0-ab24-e3ab34453f29";"Rugby J F D3";"Philemon Wright";"Philemon Wright";"dfdaf91f-367d-417e-935b-b98392d7bce9";"ae69bf34-f967-4557-864d-81e8e7edb903";"7cdf6d8f-2307-41de-8e72-7dd686b81d53";"ae69bf34-f967-4557-864d-81e8e7edb903"
"b_autre_equipe_servie";"f854db66-eb54-4ee8-aff4-e17b7bb7a72d";"visitor";"6d7379c4-a670-4af0-ab24-e3ab34453f29";"Rugby J F D3";"Pontiac";"Pontiac";"a8ae97c2-a677-451c-ab20-044722830f1b";"c6a9fa3a-c94f-4a9a-954d-068b3d64e36e";"14abf13f-a35f-44af-85ab-27bf377df80c";"c6a9fa3a-c94f-4a9a-954d-068b3d64e36e"
"b_autre_equipe_servie";"f862597f-bca8-4a3a-8a5f-d86c7841d915";"visitor";"daf054ec-16af-4598-b536-28434a616192";"Soccer B Garçons D3 A";"Loyola";"Loyola";"a43970ec-24bc-4c8f-a621-c9ba57bb18b6";"f7dae16e-360c-43ef-ba53-8f6b1184af96";"cbb2fe47-9daf-4242-baba-d314eab310e8";"f7dae16e-360c-43ef-ba53-8f6b1184af96"
"b_autre_equipe_servie";"f8cb846c-4487-4148-bd28-af57daf05911";"home";"878095c2-2a55-4a19-9ee4-97ebd08efefc";"Flag football C M D3";"Chavigny";"Chavigny";"26e5f1cf-d481-4d53-bf42-323be2909a4f";"ce7c5792-1006-452a-9c28-18c1fff39649";"8135c065-0bb7-4fc7-8559-927d983996f7";"ce7c5792-1006-452a-9c28-18c1fff39649"
"b_autre_equipe_servie";"f8d964a9-e5bc-465d-a88d-e3964f5ae51d";"visitor";"f5214ff9-659e-4579-830e-501494d8b570";"Flag football J F D4 Niveau 2 Printemps";"Henri-Dunant";"Henri-Dunant";"560c3cd7-ae6a-4bde-a20b-8ed73262097f";"5514e385-5703-41b9-b568-4e2c49051a34";"599f73f5-c6c1-412f-9d6a-3770b5502b06";"5514e385-5703-41b9-b568-4e2c49051a34"
"b_autre_equipe_servie";"f9a572b5-0d8b-4c66-b84c-17c46d04c8e6";"home";"9431a899-e1c3-4dd1-b9b5-6ef9ad7244d0";"Flag football J M D3";"Collège Mont-St-Louis";"Collège Mont-St-Louis";"7f8dc406-ada5-4702-baec-283b7123abcb";"68688c39-470a-4717-80c2-f049d9b214ba";"3862c17c-0d53-4661-a479-f6919183a412";"68688c39-470a-4717-80c2-f049d9b214ba"
"b_autre_equipe_servie";"f9a572b5-0d8b-4c66-b84c-17c46d04c8e6";"visitor";"9431a899-e1c3-4dd1-b9b5-6ef9ad7244d0";"Flag football J M D3";"Collège St-Jean-Vianney";"Collège St-Jean-Vianney";"77b09d75-350c-45aa-9b0f-7b8be7193c7d";"aa80b959-a4cd-4f1d-9d63-aa0fcc39beef";"35df4f7a-344f-430e-b40f-cbff6a23bce1";"aa80b959-a4cd-4f1d-9d63-aa0fcc39beef"
"b_autre_equipe_servie";"f9f049ae-6a86-434a-a1ab-57ee727898fa";"home";"dfb86d1f-09a8-4b51-aad4-9645fdf01466";"Rugby J F D4";"Collège Sainte-Anne";"Collège Sainte-Anne";"b665eb86-4ab6-4d36-a5f7-58f256e1ee32";"8089b76c-0095-4dce-bc13-43f0b65de51f";"eb986db5-f276-43ba-bc4a-a3bbcc32dd8f";"8089b76c-0095-4dce-bc13-43f0b65de51f"
"b_autre_equipe_servie";"f9f049ae-6a86-434a-a1ab-57ee727898fa";"visitor";"dfb86d1f-09a8-4b51-aad4-9645fdf01466";"Rugby J F D4";"Louis-Philippe-Paré";"Louis-Philippe-Paré";"387ce7de-f19b-44b7-8ce5-39a08d414327";"1cb260ec-3ae9-4ff4-99cf-c58c2a9fbb4a";"12665e0c-61e5-4d08-bc20-0e5cf8c33736";"1cb260ec-3ae9-4ff4-99cf-c58c2a9fbb4a"
"b_autre_equipe_servie";"f9ff8a66-4e85-46cc-b724-d2004da6e270";"visitor";"2e4a1522-b7e8-478d-97c5-0cba5697c92a";"Flag football J F D4 Niveau 2 Printemps";"Henri-Dunant";"Henri-Dunant";"560c3cd7-ae6a-4bde-a20b-8ed73262097f";"5514e385-5703-41b9-b568-4e2c49051a34";"599f73f5-c6c1-412f-9d6a-3770b5502b06";"5514e385-5703-41b9-b568-4e2c49051a34"
"b_autre_equipe_servie";"fa2af6c0-02a4-4936-b496-4a63f543f9d8";"home";"4531d0ef-1378-4b25-85f9-334932b75000";"Soccer C M D4";"Benoit-Vachon";"Benoit-Vachon";"d7fd05f7-4b8c-4d81-813b-77667864fbe8";"7e533e00-edac-43a8-8f23-fb6cf384475e";"e99b72f4-2492-4dfc-88c6-4dffa743b176";"7e533e00-edac-43a8-8f23-fb6cf384475e"
"b_autre_equipe_servie";"fa2af6c0-02a4-4936-b496-4a63f543f9d8";"visitor";"4531d0ef-1378-4b25-85f9-334932b75000";"Soccer C M D4";"Acad. Saint-Louis";"Acad. Saint-Louis";"a6ac4e8f-2af8-44ff-b0c5-69a2bbd611c7";"d6fbad25-27e0-4202-a99f-642f85202c6e";"ddac2475-988c-4617-b729-9f86249bff1a";"d6fbad25-27e0-4202-a99f-642f85202c6e"
"b_autre_equipe_servie";"fa780a11-8dc3-42a7-89f4-1ad6d39a125d";"home";"77c6fbe4-5fd2-4918-8054-7cbc584f4eb0";"Soccer J M D3";"Acad. Saint-Louis";"Acad. Saint-Louis";"3490fa45-d2be-4f4f-aeaf-60c795ee9cdd";"61779947-c82b-46b7-aa40-91824f364561";"9642311d-1337-4558-9cd4-2bb457cfadc2";"61779947-c82b-46b7-aa40-91824f364561"
"b_autre_equipe_servie";"faf56f3c-9ffa-4a41-85cf-d8567d73b549";"visitor";"84a6234f-b1a3-42fe-86b8-dfb7e8fe5032";"Volleyball B Garçons D3 B";"Collège Notre-Dame";"Collège Notre-Dame";"aaa6ba91-8840-4726-81fc-2cbfe9df2379";"dbb0de18-c040-4d86-a0c7-7f85e0ca6eef";"6b4eb500-abcc-4655-8e71-cbfc8f9f1bd9";"dbb0de18-c040-4d86-a0c7-7f85e0ca6eef"
"b_autre_equipe_servie";"fb216931-7338-44ad-bcef-6e2b09884064";"visitor";"a8c269c4-4589-4ff7-9da7-7f13c4fc3af0";"Flag football J M D4 Niveau 2 SECTION 2";"ÉS Père-Marquette";"ÉS Père-Marquette";"e25b5591-03f4-47ca-a560-34de311ac035";"59f59f9b-d7c1-45ee-8b26-d7f25c4fe4f0";"e2cc3eae-31c4-458a-9ace-200b8f404925";"59f59f9b-d7c1-45ee-8b26-d7f25c4fe4f0"
"b_autre_equipe_servie";"fb402443-da40-4aa7-82ae-daf3f4d50c6d";"home";"875f6921-0963-4131-9d28-fb101181573e";"Soccer B M D3";"Samuel-Champlain";"Samuel-Champlain";"1f320599-51b0-4d25-ad96-2244ec46f8c0";"70c59170-b063-4311-b5ab-70f4ee342e82";"aa0a5b89-d9aa-4be4-8906-863dad14ef19";"70c59170-b063-4311-b5ab-70f4ee342e82"
"b_autre_equipe_servie";"fb402443-da40-4aa7-82ae-daf3f4d50c6d";"visitor";"875f6921-0963-4131-9d28-fb101181573e";"Soccer B M D3";"Coll. des Compagnons";"Coll. des Compagnons";"64af9bca-84d3-4a20-b956-3f2c3c8946a2";"b639c6b0-18d7-432d-9e84-d3644e91f12d";"cb38e65e-7c7b-4e56-83f2-d709402163c1";"b639c6b0-18d7-432d-9e84-d3644e91f12d"
"b_autre_equipe_servie";"fb905718-4de7-4324-8ef4-e8bf7454d27f";"home";"4ba2adc7-adab-4535-8d04-cf9e06e07b76";"Flag football B F D3";"Collège Mont-St-Louis";"Collège Mont-St-Louis";"f31fd5dc-bfcc-41a1-a9f2-60ce3187b1dc";"decb9c40-49e9-42b0-8ca5-d97c37d96b2a";"76ba448a-6219-481b-bbb3-d9f3e233bc25";"decb9c40-49e9-42b0-8ca5-d97c37d96b2a"
"b_autre_equipe_servie";"fb92e6a5-27e6-4877-88ba-9e2b36e230f1";"home";"7598d232-ed65-4470-991e-cf070ed99186";"Flag football J Garçons D3 Fall A";"1B-STT";"St. Thomas";"10031fbc-739d-47f5-a8bf-30ae4822c5cf";"7eb78569-f713-45dd-be90-325aa31e4fdb";"0f464fed-4180-420c-865c-a10acb99e18f";"7eb78569-f713-45dd-be90-325aa31e4fdb"
"b_autre_equipe_servie";"fba44eac-93ac-4b57-bb81-659037a5df0d";"home";"31370c16-e3e2-4527-b3e9-48a831e81172";"Soccer B M D3";"Aubier";"Aubier";"ad300fce-10db-4fa5-a2ef-d8f809168433";"5f057c5d-387f-4ba4-a213-a51bb1a14704";"1cb04277-7aad-46b1-99aa-4629297795d2";"5f057c5d-387f-4ba4-a213-a51bb1a14704"
"b_autre_equipe_servie";"fba44eac-93ac-4b57-bb81-659037a5df0d";"visitor";"31370c16-e3e2-4527-b3e9-48a831e81172";"Soccer B M D3";"Coll. Jésus-Marie de Sillery";"Coll. Jésus-Marie de Sillery";"09a925ae-8850-4196-9ff1-69d77aec6647";"07eef12a-4cc0-4f83-bcdc-de98358a7d1e";"5ed7f1f0-d273-4ff7-858a-30a1b0047d5d";"07eef12a-4cc0-4f83-bcdc-de98358a7d1e"
"b_autre_equipe_servie";"fbbee037-33d4-4626-a910-845b55740fba";"home";"fa2cab3c-35f5-40d7-a0ec-52e4a4449bfa";"Flag football J F D4 Niveau 1 Printemps Blanche";"Horizon";"Horizon";"9e24b148-2228-41dc-a140-146b9ccc45fa";"14bbaefa-164f-47dc-b8a0-4c130a5d0d15";"67fd1af7-a728-435b-a7f7-e6ffb127bdc4";"14bbaefa-164f-47dc-b8a0-4c130a5d0d15"
"b_autre_equipe_servie";"fbd92dc0-4d46-4ae6-bc66-ee331be64694";"visitor";"3a9719a5-9374-48f1-9239-bc2ace2a870b";"Soccer C M D4";"Benoit-Vachon";"Benoit-Vachon";"d7fd05f7-4b8c-4d81-813b-77667864fbe8";"7e533e00-edac-43a8-8f23-fb6cf384475e";"e99b72f4-2492-4dfc-88c6-4dffa743b176";"7e533e00-edac-43a8-8f23-fb6cf384475e"
"b_autre_equipe_servie";"fc7c5f2a-e3b2-46ff-8573-d2fcf9302f56";"visitor";"bb4e0e7c-4db3-4417-b7f5-98383e6b59c4";"Flag football J F D4 Niveau 2";"Des Pionniers";"Des Pionniers";"06e7274f-9d23-4d48-87ea-2123b537ff6c";"eca74e7a-6b9f-4d09-b691-fdfdd973336a";"840c291e-92e1-4927-9539-a909143c2915";"eca74e7a-6b9f-4d09-b691-fdfdd973336a"
"b_autre_equipe_servie";"fcb5f442-c1bf-4e4a-804d-6dc4521a67f0";"home";"3cf425fb-b06c-4051-9da4-0ceb356c10a1";"Flag football J F D4 Niveau 1 Automne Bleue";"Jean-Baptiste-Meilleur";"Jean-Baptiste-Meilleur";"83f7b9db-96ff-4150-b4f4-bb96f8892a7c";"d6db6f2e-def0-40cf-9edc-003c3c445331";"5b74a422-f064-444f-b36c-3973512d70f6";"d6db6f2e-def0-40cf-9edc-003c3c445331"
"b_autre_equipe_servie";"fcc27903-4c67-473b-915d-a85d3f5daea5";"visitor";"a4788aaa-8491-4925-974c-235fbd228875";"Volleyball C Filles D3 A";"John-Rennie";"John-Rennie";"ee9e77c1-58c7-4afe-a05d-029b50c9591c";"55f90e35-a7e0-4f7c-ab28-9cff54d91bd0";"40257dd1-fce5-4bac-98f7-259a15747354";"55f90e35-a7e0-4f7c-ab28-9cff54d91bd0"
"b_autre_equipe_servie";"fda33b7c-ef76-4dfd-ab09-1ad323963450";"home";"01ea01ad-046c-4121-bd97-707037f9d3aa";"Rugby J F D4";"Polybel";"Polybel";"bab310a9-acb9-4465-8850-452b6b540bf4";"bfb487ff-8bcf-4ab5-bf4e-411e54d5f792";"4cac9a6a-f48b-4131-a39c-1d512e755ae4";"bfb487ff-8bcf-4ab5-bf4e-411e54d5f792"
"b_autre_equipe_servie";"fdafd70f-bda2-42b6-a162-2c86c813c96d";"visitor";"6353772e-8208-4c1b-9acf-0d2bc3b4a6a0";"Soccer J Garçons D3 C";"Collège Sainte-Anne";"Collège Sainte-Anne";"ebf8cb23-c51e-4ba1-9d55-23078cf09f0d";"cda673b2-8a38-4656-aedb-ddf403d429b8";"089cf689-2453-4d65-80f0-0f908bbe53e4";"cda673b2-8a38-4656-aedb-ddf403d429b8"
"b_autre_equipe_servie";"fe067173-3fde-4a96-8dbe-376d89f57f48";"visitor";"d2aebadd-bac6-4e2b-a913-ef3828cf37bb";"Rugby J F D4";"Ozias-Leduc";"Ozias-Leduc";"7ef4a932-107a-438b-b2fd-5ddedf0cac28";"ceab6414-a407-4514-a60f-46447d52d349";"75929bcf-ff75-4d90-beba-067966ee42a6";"ceab6414-a407-4514-a60f-46447d52d349"
"b_autre_equipe_servie";"fe24685c-bec8-4f76-b1a8-e9365a0fff57";"home";"92578a7d-6174-4e34-9771-0b01b3db2f98";"Soccer C Filles D3 A";"St. Thomas";"St. Thomas";"a3b937e6-6d30-43d4-be4d-efec40cae414";"a139cfa0-9d9f-4e88-80da-768f75178cae";"4f50e790-7caf-4e8f-bef3-1914790b11bc";"a139cfa0-9d9f-4e88-80da-768f75178cae"
"b_autre_equipe_servie";"fe24685c-bec8-4f76-b1a8-e9365a0fff57";"visitor";"92578a7d-6174-4e34-9771-0b01b3db2f98";"Soccer C Filles D3 A";"Collège Sainte-Anne";"Collège Sainte-Anne";"c23cf5a4-d0ab-477b-9824-9e1728497dc3";"73b827b0-a204-46e1-a745-a810cf6f2867";"27446482-ff82-4074-ab0a-02ce5149be6b";"73b827b0-a204-46e1-a745-a810cf6f2867"
"b_autre_equipe_servie";"fe742e4a-e768-40c6-9f49-f3d8a8388eb4";"visitor";"ce834a03-1e46-468a-90c6-aa38a0fdfd4f";"Soccer C Filles D3 A";"Loyola";"Loyola";"dcd0a98a-fe5c-411c-bcb8-181fa7499535";"ebbd2646-9b30-40f0-95e9-e22dfbe9f22c";"da021e3c-d0e2-4606-b3b0-f9e04def93eb";"ebbd2646-9b30-40f0-95e9-e22dfbe9f22c"
"b_autre_equipe_servie";"ff61765b-1c45-47c1-b95f-819fd121a080";"visitor";"5dc18987-6e96-4423-b0eb-d7858aadcc9e";"Soccer C F D3";"St-Ch.Garnier";"St-Ch.Garnier";"f65c9dbf-101a-45cd-8048-927badcc9781";"deda4093-014d-4928-9902-d72301a80ad3";"5503e4e9-66f8-4c1e-b84a-7cd3b9ae93be";"deda4093-014d-4928-9902-d72301a80ad3"
"b_autre_equipe_servie";"ff861adc-95d2-47c4-9d5f-290cb0a13091";"visitor";"30785f31-7e08-44d9-bfda-9bdce1363aaa";"Soccer C M D3";"Aubier";"Aubier";"83ea51a5-6b47-466d-8896-3f272dbac111";"ebfb0d5c-27c5-4b69-9826-6592e4715f01";"44d3e1b8-b2f7-4484-aa2b-26d30a34cc98";"ebfb0d5c-27c5-4b69-9826-6592e4715f01"
"b_autre_equipe_servie";"fff04bf4-2049-4663-983c-0ca873984eab";"visitor";"5d116d3c-3b49-4d2a-9810-ed56291ae6b1";"Soccer J M D3";"St-Ch.Garnier";"St-Ch.Garnier";"bcad0356-6dda-4bad-8204-7620ace98a0a";"dafb4803-9d3a-4a89-be48-f677732db26d";"fb03e430-2527-4824-bad4-ddebd803f8cf";"dafb4803-9d3a-4a89-be48-f677732db26d"
"b_autre_equipe_servie";"fffdc459-2586-487f-8040-587d38ad4754";"home";"53a8243c-43e1-4bb7-b447-f3de0ffcdf58";"Flag football J F D4";"É.S. Monique Proulx";"É.S. Monique Proulx";"b6c9a680-49a4-41a1-a890-74e6171f73db";"48ef6f8f-293c-442d-a89f-58418d22b72f";"fe2dd27e-d57d-40c9-a0ad-1bc2ac669685";"48ef6f8f-293c-442d-a89f-58418d22b72f"
